operator,dataset_id,rows,batch_size,k,temperature,seed,backend,degree,block_size,items_per_thread,phase,source_file,retention_ratio,samples,median_ms,p25_ms,p75_ms,speedup_vs_air,paper_selected,paper_global_selected
gradient-compression,773ccccc257597721840d373c9f3e73e670a8d255c39e3a3e354a1d2571356c3,589824,1,32,0.0,0,air-topk,1,512,0,download,/home/jirka/research/2024/bits-knn-jpdc2024/data/application-scaling/bw01-35760924/gradient-compression-small.csv,5.425347222222222e-05,30,0.00797,0.0078225,0.007997500000000001,1.0,True,True
gradient-compression,773ccccc257597721840d373c9f3e73e670a8d255c39e3a3e354a1d2571356c3,589824,1,32,0.0,0,air-topk,1,512,0,operator,/home/jirka/research/2024/bits-knn-jpdc2024/data/application-scaling/bw01-35760924/gradient-compression-small.csv,5.425347222222222e-05,30,0.0361795,0.035829,0.03683725,1.0,True,True
gradient-compression,773ccccc257597721840d373c9f3e73e670a8d255c39e3a3e354a1d2571356c3,589824,1,32,0.0,0,air-topk,1,512,0,output_isolated,/home/jirka/research/2024/bits-knn-jpdc2024/data/application-scaling/bw01-35760924/gradient-compression-small.csv,5.425347222222222e-05,30,0.00807,0.008012499999999999,0.008155,1.0,True,True
gradient-compression,773ccccc257597721840d373c9f3e73e670a8d255c39e3a3e354a1d2571356c3,589824,1,32,0.0,0,air-topk,1,512,0,selection_isolated,/home/jirka/research/2024/bits-knn-jpdc2024/data/application-scaling/bw01-35760924/gradient-compression-small.csv,5.425347222222222e-05,30,0.0264545,0.0262725,0.02659725,1.0,True,True
gradient-compression,773ccccc257597721840d373c9f3e73e670a8d255c39e3a3e354a1d2571356c3,589824,1,32,0.0,0,air-topk,1,512,0,transform_isolated,/home/jirka/research/2024/bits-knn-jpdc2024/data/application-scaling/bw01-35760924/gradient-compression-small.csv,5.425347222222222e-05,30,0.0091245,0.009062500000000001,0.009215,1.0,True,True
gradient-compression,773ccccc257597721840d373c9f3e73e670a8d255c39e3a3e354a1d2571356c3,589824,1,32,0.0,0,air-topk,1,512,0,upload_shared,/home/jirka/research/2024/bits-knn-jpdc2024/data/application-scaling/bw01-35760924/gradient-compression-small.csv,5.425347222222222e-05,1,0.18418800000000002,0.18418800000000002,0.18418800000000002,1.0,True,True
gradient-compression,773ccccc257597721840d373c9f3e73e670a8d255c39e3a3e354a1d2571356c3,589824,1,32,0.0,0,bits-prefetch,1,128,4,download,/home/jirka/research/2024/bits-knn-jpdc2024/data/application-scaling/bw01-35760924/gradient-compression-small.csv,5.425347222222222e-05,30,0.0086845,0.0084875,0.008879999999999999,0.9177269848580805,False,False
gradient-compression,773ccccc257597721840d373c9f3e73e670a8d255c39e3a3e354a1d2571356c3,589824,1,32,0.0,0,bits-prefetch,1,128,4,operator,/home/jirka/research/2024/bits-knn-jpdc2024/data/application-scaling/bw01-35760924/gradient-compression-small.csv,5.425347222222222e-05,30,0.45886,0.4587225,0.459195,0.07884648912522339,False,False
gradient-compression,773ccccc257597721840d373c9f3e73e670a8d255c39e3a3e354a1d2571356c3,589824,1,32,0.0,0,bits-prefetch,1,128,4,output_isolated,/home/jirka/research/2024/bits-knn-jpdc2024/data/application-scaling/bw01-35760924/gradient-compression-small.csv,5.425347222222222e-05,30,0.0083295,0.00819,0.008495,0.9688456690077436,False,False
gradient-compression,773ccccc257597721840d373c9f3e73e670a8d255c39e3a3e354a1d2571356c3,589824,1,32,0.0,0,bits-prefetch,1,128,4,selection_isolated,/home/jirka/research/2024/bits-knn-jpdc2024/data/application-scaling/bw01-35760924/gradient-compression-small.csv,5.425347222222222e-05,30,0.449415,0.4492325,0.44972999999999996,0.0588643013695582,False,False
gradient-compression,773ccccc257597721840d373c9f3e73e670a8d255c39e3a3e354a1d2571356c3,589824,1,32,0.0,0,bits-prefetch,1,128,4,transform_isolated,/home/jirka/research/2024/bits-knn-jpdc2024/data/application-scaling/bw01-35760924/gradient-compression-small.csv,5.425347222222222e-05,30,0.009120000000000001,0.009072499999999999,0.00919725,1.0004934210526315,False,False
gradient-compression,773ccccc257597721840d373c9f3e73e670a8d255c39e3a3e354a1d2571356c3,589824,1,32,0.0,0,bits-prefetch,1,128,4,upload_shared,/home/jirka/research/2024/bits-knn-jpdc2024/data/application-scaling/bw01-35760924/gradient-compression-small.csv,5.425347222222222e-05,1,0.14815799999999998,0.14815799999999998,0.14815799999999998,1.243186328109181,False,False
gradient-compression,773ccccc257597721840d373c9f3e73e670a8d255c39e3a3e354a1d2571356c3,589824,1,32,0.0,0,bits-prefetch,1,128,7,download,/home/jirka/research/2024/bits-knn-jpdc2024/data/application-scaling/bw01-35760924/gradient-compression-small.csv,5.425347222222222e-05,30,0.0088155,0.0086425,0.00885,0.9040893880097555,False,False
gradient-compression,773ccccc257597721840d373c9f3e73e670a8d255c39e3a3e354a1d2571356c3,589824,1,32,0.0,0,bits-prefetch,1,128,7,operator,/home/jirka/research/2024/bits-knn-jpdc2024/data/application-scaling/bw01-35760924/gradient-compression-small.csv,5.425347222222222e-05,30,0.3666655,0.366546,0.36687099999999995,0.09867167759170144,False,False
gradient-compression,773ccccc257597721840d373c9f3e73e670a8d255c39e3a3e354a1d2571356c3,589824,1,32,0.0,0,bits-prefetch,1,128,7,output_isolated,/home/jirka/research/2024/bits-knn-jpdc2024/data/application-scaling/bw01-35760924/gradient-compression-small.csv,5.425347222222222e-05,30,0.008324499999999999,0.00822425,0.008439249999999999,0.9694275932488441,False,False
gradient-compression,773ccccc257597721840d373c9f3e73e670a8d255c39e3a3e354a1d2571356c3,589824,1,32,0.0,0,bits-prefetch,1,128,7,selection_isolated,/home/jirka/research/2024/bits-knn-jpdc2024/data/application-scaling/bw01-35760924/gradient-compression-small.csv,5.425347222222222e-05,30,0.35742599999999997,0.35726425,0.35765925000000004,0.07401392176282644,False,False
gradient-compression,773ccccc257597721840d373c9f3e73e670a8d255c39e3a3e354a1d2571356c3,589824,1,32,0.0,0,bits-prefetch,1,128,7,transform_isolated,/home/jirka/research/2024/bits-knn-jpdc2024/data/application-scaling/bw01-35760924/gradient-compression-small.csv,5.425347222222222e-05,30,0.00915,0.009094999999999999,0.0092275,0.9972131147540985,False,False
gradient-compression,773ccccc257597721840d373c9f3e73e670a8d255c39e3a3e354a1d2571356c3,589824,1,32,0.0,0,bits-prefetch,1,128,7,upload_shared,/home/jirka/research/2024/bits-knn-jpdc2024/data/application-scaling/bw01-35760924/gradient-compression-small.csv,5.425347222222222e-05,1,0.14810800000000002,0.14810800000000002,0.14810800000000002,1.2436060172306695,False,False
gradient-compression,773ccccc257597721840d373c9f3e73e670a8d255c39e3a3e354a1d2571356c3,589824,1,32,0.0,0,bits-prefetch,1,128,8,download,/home/jirka/research/2024/bits-knn-jpdc2024/data/application-scaling/bw01-35760924/gradient-compression-small.csv,5.425347222222222e-05,30,0.00866,0.007984999999999999,0.00883,0.920323325635104,False,False
gradient-compression,773ccccc257597721840d373c9f3e73e670a8d255c39e3a3e354a1d2571356c3,589824,1,32,0.0,0,bits-prefetch,1,128,8,operator,/home/jirka/research/2024/bits-knn-jpdc2024/data/application-scaling/bw01-35760924/gradient-compression-small.csv,5.425347222222222e-05,30,0.33370600000000006,0.333522,0.33426425000000004,0.10841728947037212,False,False
gradient-compression,773ccccc257597721840d373c9f3e73e670a8d255c39e3a3e354a1d2571356c3,589824,1,32,0.0,0,bits-prefetch,1,128,8,output_isolated,/home/jirka/research/2024/bits-knn-jpdc2024/data/application-scaling/bw01-35760924/gradient-compression-small.csv,5.425347222222222e-05,30,0.008374999999999999,0.008255,0.0085275,0.963582089552239,False,False
gradient-compression,773ccccc257597721840d373c9f3e73e670a8d255c39e3a3e354a1d2571356c3,589824,1,32,0.0,0,bits-prefetch,1,128,8,selection_isolated,/home/jirka/research/2024/bits-knn-jpdc2024/data/application-scaling/bw01-35760924/gradient-compression-small.csv,5.425347222222222e-05,30,0.324421,0.32417875,0.32461875,0.08154373483837359,False,False
gradient-compression,773ccccc257597721840d373c9f3e73e670a8d255c39e3a3e354a1d2571356c3,589824,1,32,0.0,0,bits-prefetch,1,128,8,transform_isolated,/home/jirka/research/2024/bits-knn-jpdc2024/data/application-scaling/bw01-35760924/gradient-compression-small.csv,5.425347222222222e-05,30,0.0091695,0.0091125,0.009269999999999999,0.9950924259774252,False,False
gradient-compression,773ccccc257597721840d373c9f3e73e670a8d255c39e3a3e354a1d2571356c3,589824,1,32,0.0,0,bits-prefetch,1,128,8,upload_shared,/home/jirka/research/2024/bits-knn-jpdc2024/data/application-scaling/bw01-35760924/gradient-compression-small.csv,5.425347222222222e-05,1,0.14580800000000002,0.14580800000000002,0.14580800000000002,1.2632228684297158,False,False
gradient-compression,773ccccc257597721840d373c9f3e73e670a8d255c39e3a3e354a1d2571356c3,589824,1,32,0.0,0,bits-prefetch,1,128,13,download,/home/jirka/research/2024/bits-knn-jpdc2024/data/application-scaling/bw01-35760924/gradient-compression-small.csv,5.425347222222222e-05,30,0.008655,0.0080775,0.00883775,0.9208549971114962,False,False
gradient-compression,773ccccc257597721840d373c9f3e73e670a8d255c39e3a3e354a1d2571356c3,589824,1,32,0.0,0,bits-prefetch,1,128,13,operator,/home/jirka/research/2024/bits-knn-jpdc2024/data/application-scaling/bw01-35760924/gradient-compression-small.csv,5.425347222222222e-05,30,0.273272,0.273177,0.27341699999999997,0.13239373225211512,False,False
gradient-compression,773ccccc257597721840d373c9f3e73e670a8d255c39e3a3e354a1d2571356c3,589824,1,32,0.0,0,bits-prefetch,1,128,13,output_isolated,/home/jirka/research/2024/bits-knn-jpdc2024/data/application-scaling/bw01-35760924/gradient-compression-small.csv,5.425347222222222e-05,30,0.008255,0.008175,0.00836,0.9775893397940643,False,False
gradient-compression,773ccccc257597721840d373c9f3e73e670a8d255c39e3a3e354a1d2571356c3,589824,1,32,0.0,0,bits-prefetch,1,128,13,selection_isolated,/home/jirka/research/2024/bits-knn-jpdc2024/data/application-scaling/bw01-35760924/gradient-compression-small.csv,5.425347222222222e-05,30,0.2640225,0.263772,0.2642095,0.10019789980020642,False,False
gradient-compression,773ccccc257597721840d373c9f3e73e670a8d255c39e3a3e354a1d2571356c3,589824,1,32,0.0,0,bits-prefetch,1,128,13,transform_isolated,/home/jirka/research/2024/bits-knn-jpdc2024/data/application-scaling/bw01-35760924/gradient-compression-small.csv,5.425347222222222e-05,30,0.009145,0.00907,0.00921,0.9977583378895571,False,False
gradient-compression,773ccccc257597721840d373c9f3e73e670a8d255c39e3a3e354a1d2571356c3,589824,1,32,0.0,0,bits-prefetch,1,128,13,upload_shared,/home/jirka/research/2024/bits-knn-jpdc2024/data/application-scaling/bw01-35760924/gradient-compression-small.csv,5.425347222222222e-05,1,0.152078,0.152078,0.152078,1.2111416509948845,False,False
gradient-compression,773ccccc257597721840d373c9f3e73e670a8d255c39e3a3e354a1d2571356c3,589824,1,32,0.0,0,bits-prefetch,1,128,16,download,/home/jirka/research/2024/bits-knn-jpdc2024/data/application-scaling/bw01-35760924/gradient-compression-small.csv,5.425347222222222e-05,30,0.008795,0.00862425,0.008919999999999999,0.9061967026719726,False,False
gradient-compression,773ccccc257597721840d373c9f3e73e670a8d255c39e3a3e354a1d2571356c3,589824,1,32,0.0,0,bits-prefetch,1,128,16,operator,/home/jirka/research/2024/bits-knn-jpdc2024/data/application-scaling/bw01-35760924/gradient-compression-small.csv,5.425347222222222e-05,30,0.273747,0.27351949999999997,0.27391449999999995,0.13216400545028803,False,False
gradient-compression,773ccccc257597721840d373c9f3e73e670a8d255c39e3a3e354a1d2571356c3,589824,1,32,0.0,0,bits-prefetch,1,128,16,output_isolated,/home/jirka/research/2024/bits-knn-jpdc2024/data/application-scaling/bw01-35760924/gradient-compression-small.csv,5.425347222222222e-05,30,0.00825,0.008135,0.008427500000000001,0.9781818181818183,False,False
gradient-compression,773ccccc257597721840d373c9f3e73e670a8d255c39e3a3e354a1d2571356c3,589824,1,32,0.0,0,bits-prefetch,1,128,16,selection_isolated,/home/jirka/research/2024/bits-knn-jpdc2024/data/application-scaling/bw01-35760924/gradient-compression-small.csv,5.425347222222222e-05,30,0.264457,0.26434225,0.264627,0.10003327573102622,False,False
gradient-compression,773ccccc257597721840d373c9f3e73e670a8d255c39e3a3e354a1d2571356c3,589824,1,32,0.0,0,bits-prefetch,1,128,16,transform_isolated,/home/jirka/research/2024/bits-knn-jpdc2024/data/application-scaling/bw01-35760924/gradient-compression-small.csv,5.425347222222222e-05,30,0.009135500000000001,0.00909025,0.009235,0.9987959060806743,False,False
gradient-compression,773ccccc257597721840d373c9f3e73e670a8d255c39e3a3e354a1d2571356c3,589824,1,32,0.0,0,bits-prefetch,1,128,16,upload_shared,/home/jirka/research/2024/bits-knn-jpdc2024/data/application-scaling/bw01-35760924/gradient-compression-small.csv,5.425347222222222e-05,1,0.145888,0.145888,0.145888,1.2625301601228343,False,False
gradient-compression,773ccccc257597721840d373c9f3e73e670a8d255c39e3a3e354a1d2571356c3,589824,1,32,0.0,0,bits-prefetch,1,256,4,download,/home/jirka/research/2024/bits-knn-jpdc2024/data/application-scaling/bw01-35760924/gradient-compression-small.csv,5.425347222222222e-05,30,0.0087,0.008105,0.008879999999999999,0.9160919540229885,False,False
gradient-compression,773ccccc257597721840d373c9f3e73e670a8d255c39e3a3e354a1d2571356c3,589824,1,32,0.0,0,bits-prefetch,1,256,4,operator,/home/jirka/research/2024/bits-knn-jpdc2024/data/application-scaling/bw01-35760924/gradient-compression-small.csv,5.425347222222222e-05,30,0.279642,0.279367,0.279737,0.12937791891060715,False,False
gradient-compression,773ccccc257597721840d373c9f3e73e670a8d255c39e3a3e354a1d2571356c3,589824,1,32,0.0,0,bits-prefetch,1,256,4,output_isolated,/home/jirka/research/2024/bits-knn-jpdc2024/data/application-scaling/bw01-35760924/gradient-compression-small.csv,5.425347222222222e-05,30,0.008335,0.0081725,0.0084575,0.9682063587282544,False,False
gradient-compression,773ccccc257597721840d373c9f3e73e670a8d255c39e3a3e354a1d2571356c3,589824,1,32,0.0,0,bits-prefetch,1,256,4,selection_isolated,/home/jirka/research/2024/bits-knn-jpdc2024/data/application-scaling/bw01-35760924/gradient-compression-small.csv,5.425347222222222e-05,30,0.270332,0.2701395,0.27045949999999996,0.09785929893612298,False,False
gradient-compression,773ccccc257597721840d373c9f3e73e670a8d255c39e3a3e354a1d2571356c3,589824,1,32,0.0,0,bits-prefetch,1,256,4,transform_isolated,/home/jirka/research/2024/bits-knn-jpdc2024/data/application-scaling/bw01-35760924/gradient-compression-small.csv,5.425347222222222e-05,30,0.009149500000000001,0.0090275,0.0092175,0.9972676102519262,False,False
gradient-compression,773ccccc257597721840d373c9f3e73e670a8d255c39e3a3e354a1d2571356c3,589824,1,32,0.0,0,bits-prefetch,1,256,4,upload_shared,/home/jirka/research/2024/bits-knn-jpdc2024/data/application-scaling/bw01-35760924/gradient-compression-small.csv,5.425347222222222e-05,1,0.149318,0.149318,0.149318,1.2335284426525939,False,False
gradient-compression,773ccccc257597721840d373c9f3e73e670a8d255c39e3a3e354a1d2571356c3,589824,1,32,0.0,0,bits-prefetch,1,256,7,download,/home/jirka/research/2024/bits-knn-jpdc2024/data/application-scaling/bw01-35760924/gradient-compression-small.csv,5.425347222222222e-05,30,0.00867,0.007877499999999999,0.00887075,0.9192618223760092,False,False
gradient-compression,773ccccc257597721840d373c9f3e73e670a8d255c39e3a3e354a1d2571356c3,589824,1,32,0.0,0,bits-prefetch,1,256,7,operator,/home/jirka/research/2024/bits-knn-jpdc2024/data/application-scaling/bw01-35760924/gradient-compression-small.csv,5.425347222222222e-05,30,0.22707699999999997,0.2267845,0.227257,0.1593270124230988,False,False
gradient-compression,773ccccc257597721840d373c9f3e73e670a8d255c39e3a3e354a1d2571356c3,589824,1,32,0.0,0,bits-prefetch,1,256,7,output_isolated,/home/jirka/research/2024/bits-knn-jpdc2024/data/application-scaling/bw01-35760924/gradient-compression-small.csv,5.425347222222222e-05,30,0.008199999999999999,0.007865,0.008275000000000001,0.9841463414634148,False,False
gradient-compression,773ccccc257597721840d373c9f3e73e670a8d255c39e3a3e354a1d2571356c3,589824,1,32,0.0,0,bits-prefetch,1,256,7,selection_isolated,/home/jirka/research/2024/bits-knn-jpdc2024/data/application-scaling/bw01-35760924/gradient-compression-small.csv,5.425347222222222e-05,30,0.217558,0.2171555,0.21797725,0.12159745906838636,False,False
gradient-compression,773ccccc257597721840d373c9f3e73e670a8d255c39e3a3e354a1d2571356c3,589824,1,32,0.0,0,bits-prefetch,1,256,7,transform_isolated,/home/jirka/research/2024/bits-knn-jpdc2024/data/application-scaling/bw01-35760924/gradient-compression-small.csv,5.425347222222222e-05,30,0.00908,0.00855225,0.0092575,1.0049008810572688,False,False
gradient-compression,773ccccc257597721840d373c9f3e73e670a8d255c39e3a3e354a1d2571356c3,589824,1,32,0.0,0,bits-prefetch,1,256,7,upload_shared,/home/jirka/research/2024/bits-knn-jpdc2024/data/application-scaling/bw01-35760924/gradient-compression-small.csv,5.425347222222222e-05,1,0.148859,0.148859,0.148859,1.237331971865994,False,False
gradient-compression,773ccccc257597721840d373c9f3e73e670a8d255c39e3a3e354a1d2571356c3,589824,1,32,0.0,0,bits-prefetch,1,256,8,download,/home/jirka/research/2024/bits-knn-jpdc2024/data/application-scaling/bw01-35760924/gradient-compression-small.csv,5.425347222222222e-05,30,0.0088495,0.00867,0.008899,0.900615854003051,False,False
gradient-compression,773ccccc257597721840d373c9f3e73e670a8d255c39e3a3e354a1d2571356c3,589824,1,32,0.0,0,bits-prefetch,1,256,8,operator,/home/jirka/research/2024/bits-knn-jpdc2024/data/application-scaling/bw01-35760924/gradient-compression-small.csv,5.425347222222222e-05,30,0.226008,0.22591725000000001,0.22627475,0.16008061661534106,False,False
gradient-compression,773ccccc257597721840d373c9f3e73e670a8d255c39e3a3e354a1d2571356c3,589824,1,32,0.0,0,bits-prefetch,1,256,8,output_isolated,/home/jirka/research/2024/bits-knn-jpdc2024/data/application-scaling/bw01-35760924/gradient-compression-small.csv,5.425347222222222e-05,30,0.00826,0.0081425,0.0083425,0.976997578692494,False,False
gradient-compression,773ccccc257597721840d373c9f3e73e670a8d255c39e3a3e354a1d2571356c3,589824,1,32,0.0,0,bits-prefetch,1,256,8,selection_isolated,/home/jirka/research/2024/bits-knn-jpdc2024/data/application-scaling/bw01-35760924/gradient-compression-small.csv,5.425347222222222e-05,30,0.2168425,0.21661975,0.21693475,0.12199868568200421,False,False
gradient-compression,773ccccc257597721840d373c9f3e73e670a8d255c39e3a3e354a1d2571356c3,589824,1,32,0.0,0,bits-prefetch,1,256,8,transform_isolated,/home/jirka/research/2024/bits-knn-jpdc2024/data/application-scaling/bw01-35760924/gradient-compression-small.csv,5.425347222222222e-05,30,0.00908,0.0090225,0.00915,1.0049008810572688,False,False
gradient-compression,773ccccc257597721840d373c9f3e73e670a8d255c39e3a3e354a1d2571356c3,589824,1,32,0.0,0,bits-prefetch,1,256,8,upload_shared,/home/jirka/research/2024/bits-knn-jpdc2024/data/application-scaling/bw01-35760924/gradient-compression-small.csv,5.425347222222222e-05,1,0.15004800000000001,0.15004800000000001,0.15004800000000001,1.2275271912987844,False,False
gradient-compression,773ccccc257597721840d373c9f3e73e670a8d255c39e3a3e354a1d2571356c3,589824,1,32,0.0,0,bits-prefetch,1,256,13,download,/home/jirka/research/2024/bits-knn-jpdc2024/data/application-scaling/bw01-35760924/gradient-compression-small.csv,5.425347222222222e-05,30,0.008655,0.0080625,0.0088325,0.9208549971114962,False,False
gradient-compression,773ccccc257597721840d373c9f3e73e670a8d255c39e3a3e354a1d2571356c3,589824,1,32,0.0,0,bits-prefetch,1,256,13,operator,/home/jirka/research/2024/bits-knn-jpdc2024/data/application-scaling/bw01-35760924/gradient-compression-small.csv,5.425347222222222e-05,30,0.18825799999999998,0.18789299999999998,0.18855525,0.192180411987804,False,False
gradient-compression,773ccccc257597721840d373c9f3e73e670a8d255c39e3a3e354a1d2571356c3,589824,1,32,0.0,0,bits-prefetch,1,256,13,output_isolated,/home/jirka/research/2024/bits-knn-jpdc2024/data/application-scaling/bw01-35760924/gradient-compression-small.csv,5.425347222222222e-05,30,0.00826,0.00819425,0.008317499999999999,0.976997578692494,False,False
gradient-compression,773ccccc257597721840d373c9f3e73e670a8d255c39e3a3e354a1d2571356c3,589824,1,32,0.0,0,bits-prefetch,1,256,13,selection_isolated,/home/jirka/research/2024/bits-knn-jpdc2024/data/application-scaling/bw01-35760924/gradient-compression-small.csv,5.425347222222222e-05,30,0.178848,0.17870025,0.1790155,0.1479161075326534,False,False
gradient-compression,773ccccc257597721840d373c9f3e73e670a8d255c39e3a3e354a1d2571356c3,589824,1,32,0.0,0,bits-prefetch,1,256,13,transform_isolated,/home/jirka/research/2024/bits-knn-jpdc2024/data/application-scaling/bw01-35760924/gradient-compression-small.csv,5.425347222222222e-05,30,0.009094999999999999,0.00903225,0.009239750000000001,1.0032435404068172,False,False
gradient-compression,773ccccc257597721840d373c9f3e73e670a8d255c39e3a3e354a1d2571356c3,589824,1,32,0.0,0,bits-prefetch,1,256,13,upload_shared,/home/jirka/research/2024/bits-knn-jpdc2024/data/application-scaling/bw01-35760924/gradient-compression-small.csv,5.425347222222222e-05,1,0.149389,0.149389,0.149389,1.2329421844981894,False,False
gradient-compression,773ccccc257597721840d373c9f3e73e670a8d255c39e3a3e354a1d2571356c3,589824,1,32,0.0,0,bits-prefetch,1,256,16,download,/home/jirka/research/2024/bits-knn-jpdc2024/data/application-scaling/bw01-35760924/gradient-compression-small.csv,5.425347222222222e-05,30,0.0086955,0.007965,0.00884,0.9165660399056983,False,False
gradient-compression,773ccccc257597721840d373c9f3e73e670a8d255c39e3a3e354a1d2571356c3,589824,1,32,0.0,0,bits-prefetch,1,256,16,operator,/home/jirka/research/2024/bits-knn-jpdc2024/data/application-scaling/bw01-35760924/gradient-compression-small.csv,5.425347222222222e-05,30,0.18128299999999997,0.18098050000000002,0.18152325,0.19957469812392784,False,False
gradient-compression,773ccccc257597721840d373c9f3e73e670a8d255c39e3a3e354a1d2571356c3,589824,1,32,0.0,0,bits-prefetch,1,256,16,output_isolated,/home/jirka/research/2024/bits-knn-jpdc2024/data/application-scaling/bw01-35760924/gradient-compression-small.csv,5.425347222222222e-05,30,0.00816,0.00806,0.0082975,0.9889705882352942,False,False
gradient-compression,773ccccc257597721840d373c9f3e73e670a8d255c39e3a3e354a1d2571356c3,589824,1,32,0.0,0,bits-prefetch,1,256,16,selection_isolated,/home/jirka/research/2024/bits-knn-jpdc2024/data/application-scaling/bw01-35760924/gradient-compression-small.csv,5.425347222222222e-05,30,0.171853,0.17166299999999998,0.17199325000000001,0.15393679481882772,False,False
gradient-compression,773ccccc257597721840d373c9f3e73e670a8d255c39e3a3e354a1d2571356c3,589824,1,32,0.0,0,bits-prefetch,1,256,16,transform_isolated,/home/jirka/research/2024/bits-knn-jpdc2024/data/application-scaling/bw01-35760924/gradient-compression-small.csv,5.425347222222222e-05,30,0.009089999999999999,0.00903,0.0092275,1.003795379537954,False,False
gradient-compression,773ccccc257597721840d373c9f3e73e670a8d255c39e3a3e354a1d2571356c3,589824,1,32,0.0,0,bits-prefetch,1,256,16,upload_shared,/home/jirka/research/2024/bits-knn-jpdc2024/data/application-scaling/bw01-35760924/gradient-compression-small.csv,5.425347222222222e-05,1,0.14904900000000001,0.14904900000000001,0.14904900000000001,1.2357546847010044,False,False
gradient-compression,773ccccc257597721840d373c9f3e73e670a8d255c39e3a3e354a1d2571356c3,589824,1,32,0.0,0,bits-prefetch,1,512,4,download,/home/jirka/research/2024/bits-knn-jpdc2024/data/application-scaling/bw01-35760924/gradient-compression-small.csv,5.425347222222222e-05,30,0.0087,0.00868,0.00888675,0.9160919540229885,False,False
gradient-compression,773ccccc257597721840d373c9f3e73e670a8d255c39e3a3e354a1d2571356c3,589824,1,32,0.0,0,bits-prefetch,1,512,4,operator,/home/jirka/research/2024/bits-knn-jpdc2024/data/application-scaling/bw01-35760924/gradient-compression-small.csv,5.425347222222222e-05,30,0.188573,0.1883955,0.18869725000000004,0.19185938602026803,False,False
gradient-compression,773ccccc257597721840d373c9f3e73e670a8d255c39e3a3e354a1d2571356c3,589824,1,32,0.0,0,bits-prefetch,1,512,4,output_isolated,/home/jirka/research/2024/bits-knn-jpdc2024/data/application-scaling/bw01-35760924/gradient-compression-small.csv,5.425347222222222e-05,30,0.008165,0.008075,0.008309750000000001,0.9883649724433559,False,False
gradient-compression,773ccccc257597721840d373c9f3e73e670a8d255c39e3a3e354a1d2571356c3,589824,1,32,0.0,0,bits-prefetch,1,512,4,selection_isolated,/home/jirka/research/2024/bits-knn-jpdc2024/data/application-scaling/bw01-35760924/gradient-compression-small.csv,5.425347222222222e-05,30,0.179283,0.179173,0.1794405,0.14755721401359861,False,False
gradient-compression,773ccccc257597721840d373c9f3e73e670a8d255c39e3a3e354a1d2571356c3,589824,1,32,0.0,0,bits-prefetch,1,512,4,transform_isolated,/home/jirka/research/2024/bits-knn-jpdc2024/data/application-scaling/bw01-35760924/gradient-compression-small.csv,5.425347222222222e-05,30,0.00911,0.009072499999999999,0.0092275,1.0015916575192096,False,False
gradient-compression,773ccccc257597721840d373c9f3e73e670a8d255c39e3a3e354a1d2571356c3,589824,1,32,0.0,0,bits-prefetch,1,512,4,upload_shared,/home/jirka/research/2024/bits-knn-jpdc2024/data/application-scaling/bw01-35760924/gradient-compression-small.csv,5.425347222222222e-05,1,0.14740799999999998,0.14740799999999998,0.14740799999999998,1.249511559752524,False,False
gradient-compression,773ccccc257597721840d373c9f3e73e670a8d255c39e3a3e354a1d2571356c3,589824,1,32,0.0,0,bits-prefetch,1,512,7,download,/home/jirka/research/2024/bits-knn-jpdc2024/data/application-scaling/bw01-35760924/gradient-compression-small.csv,5.425347222222222e-05,30,0.008785000000000001,0.00865225,0.008895,0.9072282299373932,False,False
gradient-compression,773ccccc257597721840d373c9f3e73e670a8d255c39e3a3e354a1d2571356c3,589824,1,32,0.0,0,bits-prefetch,1,512,7,operator,/home/jirka/research/2024/bits-knn-jpdc2024/data/application-scaling/bw01-35760924/gradient-compression-small.csv,5.425347222222222e-05,30,0.16660799999999998,0.166523,0.16681049999999997,0.21715343801017964,False,False
gradient-compression,773ccccc257597721840d373c9f3e73e670a8d255c39e3a3e354a1d2571356c3,589824,1,32,0.0,0,bits-prefetch,1,512,7,output_isolated,/home/jirka/research/2024/bits-knn-jpdc2024/data/application-scaling/bw01-35760924/gradient-compression-small.csv,5.425347222222222e-05,30,0.008225,0.008142499999999999,0.008347499999999999,0.9811550151975685,False,False
gradient-compression,773ccccc257597721840d373c9f3e73e670a8d255c39e3a3e354a1d2571356c3,589824,1,32,0.0,0,bits-prefetch,1,512,7,selection_isolated,/home/jirka/research/2024/bits-knn-jpdc2024/data/application-scaling/bw01-35760924/gradient-compression-small.csv,5.425347222222222e-05,30,0.15731299999999998,0.1572055,0.15767299999999998,0.16816474162974454,False,False
gradient-compression,773ccccc257597721840d373c9f3e73e670a8d255c39e3a3e354a1d2571356c3,589824,1,32,0.0,0,bits-prefetch,1,512,7,transform_isolated,/home/jirka/research/2024/bits-knn-jpdc2024/data/application-scaling/bw01-35760924/gradient-compression-small.csv,5.425347222222222e-05,30,0.00911,0.009033999999999999,0.009177500000000002,1.0015916575192096,False,False
gradient-compression,773ccccc257597721840d373c9f3e73e670a8d255c39e3a3e354a1d2571356c3,589824,1,32,0.0,0,bits-prefetch,1,512,7,upload_shared,/home/jirka/research/2024/bits-knn-jpdc2024/data/application-scaling/bw01-35760924/gradient-compression-small.csv,5.425347222222222e-05,1,0.145128,0.145128,0.145128,1.2691417231685134,False,False
gradient-compression,773ccccc257597721840d373c9f3e73e670a8d255c39e3a3e354a1d2571356c3,589824,1,32,0.0,0,bits-prefetch,1,512,8,download,/home/jirka/research/2024/bits-knn-jpdc2024/data/application-scaling/bw01-35760924/gradient-compression-small.csv,5.425347222222222e-05,30,0.008834999999999999,0.008075,0.00893,0.9020939445387663,False,False
gradient-compression,773ccccc257597721840d373c9f3e73e670a8d255c39e3a3e354a1d2571356c3,589824,1,32,0.0,0,bits-prefetch,1,512,8,operator,/home/jirka/research/2024/bits-knn-jpdc2024/data/application-scaling/bw01-35760924/gradient-compression-small.csv,5.425347222222222e-05,30,0.1612135,0.161083,0.16140300000000002,0.2244197911465231,False,False
gradient-compression,773ccccc257597721840d373c9f3e73e670a8d255c39e3a3e354a1d2571356c3,589824,1,32,0.0,0,bits-prefetch,1,512,8,output_isolated,/home/jirka/research/2024/bits-knn-jpdc2024/data/application-scaling/bw01-35760924/gradient-compression-small.csv,5.425347222222222e-05,30,0.008204999999999999,0.008112500000000002,0.00831,0.9835466179159051,False,False
gradient-compression,773ccccc257597721840d373c9f3e73e670a8d255c39e3a3e354a1d2571356c3,589824,1,32,0.0,0,bits-prefetch,1,512,8,selection_isolated,/home/jirka/research/2024/bits-knn-jpdc2024/data/application-scaling/bw01-35760924/gradient-compression-small.csv,5.425347222222222e-05,30,0.1518135,0.1516205,0.152008,0.17425657138528525,False,False
gradient-compression,773ccccc257597721840d373c9f3e73e670a8d255c39e3a3e354a1d2571356c3,589824,1,32,0.0,0,bits-prefetch,1,512,8,transform_isolated,/home/jirka/research/2024/bits-knn-jpdc2024/data/application-scaling/bw01-35760924/gradient-compression-small.csv,5.425347222222222e-05,30,0.009125000000000001,0.0090615,0.009294750000000001,0.999945205479452,False,False
gradient-compression,773ccccc257597721840d373c9f3e73e670a8d255c39e3a3e354a1d2571356c3,589824,1,32,0.0,0,bits-prefetch,1,512,8,upload_shared,/home/jirka/research/2024/bits-knn-jpdc2024/data/application-scaling/bw01-35760924/gradient-compression-small.csv,5.425347222222222e-05,1,0.147499,0.147499,0.147499,1.2487406694282674,False,False
gradient-compression,773ccccc257597721840d373c9f3e73e670a8d255c39e3a3e354a1d2571356c3,589824,1,32,0.0,0,bits-prefetch,1,512,13,download,/home/jirka/research/2024/bits-knn-jpdc2024/data/application-scaling/bw01-35760924/gradient-compression-small.csv,5.425347222222222e-05,30,0.008865,0.00867,0.0089175,0.8990411731528483,False,False
gradient-compression,773ccccc257597721840d373c9f3e73e670a8d255c39e3a3e354a1d2571356c3,589824,1,32,0.0,0,bits-prefetch,1,512,13,operator,/home/jirka/research/2024/bits-knn-jpdc2024/data/application-scaling/bw01-35760924/gradient-compression-small.csv,5.425347222222222e-05,30,0.15199849999999998,0.15170050000000002,0.15214625,0.2380253752504137,False,False
gradient-compression,773ccccc257597721840d373c9f3e73e670a8d255c39e3a3e354a1d2571356c3,589824,1,32,0.0,0,bits-prefetch,1,512,13,output_isolated,/home/jirka/research/2024/bits-knn-jpdc2024/data/application-scaling/bw01-35760924/gradient-compression-small.csv,5.425347222222222e-05,30,0.008264500000000001,0.008199999999999999,0.0083275,0.9764656059047734,False,False
gradient-compression,773ccccc257597721840d373c9f3e73e670a8d255c39e3a3e354a1d2571356c3,589824,1,32,0.0,0,bits-prefetch,1,512,13,selection_isolated,/home/jirka/research/2024/bits-knn-jpdc2024/data/application-scaling/bw01-35760924/gradient-compression-small.csv,5.425347222222222e-05,30,0.142469,0.14230875,0.14262625,0.18568600888614362,False,False
gradient-compression,773ccccc257597721840d373c9f3e73e670a8d255c39e3a3e354a1d2571356c3,589824,1,32,0.0,0,bits-prefetch,1,512,13,transform_isolated,/home/jirka/research/2024/bits-knn-jpdc2024/data/application-scaling/bw01-35760924/gradient-compression-small.csv,5.425347222222222e-05,30,0.009104500000000001,0.00902,0.009215,1.002196715909715,False,False
gradient-compression,773ccccc257597721840d373c9f3e73e670a8d255c39e3a3e354a1d2571356c3,589824,1,32,0.0,0,bits-prefetch,1,512,13,upload_shared,/home/jirka/research/2024/bits-knn-jpdc2024/data/application-scaling/bw01-35760924/gradient-compression-small.csv,5.425347222222222e-05,1,0.144449,0.144449,0.144449,1.2751074773795597,False,False
gradient-compression,773ccccc257597721840d373c9f3e73e670a8d255c39e3a3e354a1d2571356c3,589824,1,32,0.0,0,bits-prefetch,1,512,16,download,/home/jirka/research/2024/bits-knn-jpdc2024/data/application-scaling/bw01-35760924/gradient-compression-small.csv,5.425347222222222e-05,30,0.008695,0.0080625,0.00887,0.9166187464059804,True,False
gradient-compression,773ccccc257597721840d373c9f3e73e670a8d255c39e3a3e354a1d2571356c3,589824,1,32,0.0,0,bits-prefetch,1,512,16,operator,/home/jirka/research/2024/bits-knn-jpdc2024/data/application-scaling/bw01-35760924/gradient-compression-small.csv,5.425347222222222e-05,30,0.1356335,0.13536325000000002,0.1358665,0.2667445726903752,True,False
gradient-compression,773ccccc257597721840d373c9f3e73e670a8d255c39e3a3e354a1d2571356c3,589824,1,32,0.0,0,bits-prefetch,1,512,16,output_isolated,/home/jirka/research/2024/bits-knn-jpdc2024/data/application-scaling/bw01-35760924/gradient-compression-small.csv,5.425347222222222e-05,30,0.008144499999999999,0.0080525,0.00823275,0.9908527226962983,True,False
gradient-compression,773ccccc257597721840d373c9f3e73e670a8d255c39e3a3e354a1d2571356c3,589824,1,32,0.0,0,bits-prefetch,1,512,16,selection_isolated,/home/jirka/research/2024/bits-knn-jpdc2024/data/application-scaling/bw01-35760924/gradient-compression-small.csv,5.425347222222222e-05,30,0.126339,0.126209,0.126463,0.2093929823728223,True,False
gradient-compression,773ccccc257597721840d373c9f3e73e670a8d255c39e3a3e354a1d2571356c3,589824,1,32,0.0,0,bits-prefetch,1,512,16,transform_isolated,/home/jirka/research/2024/bits-knn-jpdc2024/data/application-scaling/bw01-35760924/gradient-compression-small.csv,5.425347222222222e-05,30,0.009084499999999999,0.009032499999999999,0.009195,1.0044031041884531,True,False
gradient-compression,773ccccc257597721840d373c9f3e73e670a8d255c39e3a3e354a1d2571356c3,589824,1,32,0.0,0,bits-prefetch,1,512,16,upload_shared,/home/jirka/research/2024/bits-knn-jpdc2024/data/application-scaling/bw01-35760924/gradient-compression-small.csv,5.425347222222222e-05,1,0.18418800000000002,0.18418800000000002,0.18418800000000002,1.0,True,False
gradient-compression,773ccccc257597721840d373c9f3e73e670a8d255c39e3a3e354a1d2571356c3,589824,1,32,0.0,0,bits-sq,8,128,4,download,/home/jirka/research/2024/bits-knn-jpdc2024/data/application-scaling/bw01-35760924/gradient-compression-small.csv,5.425347222222222e-05,30,0.008115,0.00809,0.00867,0.9821318545902649,False,False
gradient-compression,773ccccc257597721840d373c9f3e73e670a8d255c39e3a3e354a1d2571356c3,589824,1,32,0.0,0,bits-sq,8,128,4,operator,/home/jirka/research/2024/bits-knn-jpdc2024/data/application-scaling/bw01-35760924/gradient-compression-small.csv,5.425347222222222e-05,30,0.100629,0.100509,0.10079725,0.3595335340706954,False,False
gradient-compression,773ccccc257597721840d373c9f3e73e670a8d255c39e3a3e354a1d2571356c3,589824,1,32,0.0,0,bits-sq,8,128,4,output_isolated,/home/jirka/research/2024/bits-knn-jpdc2024/data/application-scaling/bw01-35760924/gradient-compression-small.csv,5.425347222222222e-05,30,0.008175,0.008112500000000002,0.008199999999999999,0.9871559633027523,False,False
gradient-compression,773ccccc257597721840d373c9f3e73e670a8d255c39e3a3e354a1d2571356c3,589824,1,32,0.0,0,bits-sq,8,128,4,selection_isolated,/home/jirka/research/2024/bits-knn-jpdc2024/data/application-scaling/bw01-35760924/gradient-compression-small.csv,5.425347222222222e-05,30,0.091309,0.0911715,0.091444,0.2897249997262044,False,False
gradient-compression,773ccccc257597721840d373c9f3e73e670a8d255c39e3a3e354a1d2571356c3,589824,1,32,0.0,0,bits-sq,8,128,4,transform_isolated,/home/jirka/research/2024/bits-knn-jpdc2024/data/application-scaling/bw01-35760924/gradient-compression-small.csv,5.425347222222222e-05,30,0.009159500000000001,0.00903,0.009300000000000001,0.9961788307222009,False,False
gradient-compression,773ccccc257597721840d373c9f3e73e670a8d255c39e3a3e354a1d2571356c3,589824,1,32,0.0,0,bits-sq,8,128,4,upload_shared,/home/jirka/research/2024/bits-knn-jpdc2024/data/application-scaling/bw01-35760924/gradient-compression-small.csv,5.425347222222222e-05,1,0.14815799999999998,0.14815799999999998,0.14815799999999998,1.243186328109181,False,False
gradient-compression,773ccccc257597721840d373c9f3e73e670a8d255c39e3a3e354a1d2571356c3,589824,1,32,0.0,0,bits-sq,8,128,7,download,/home/jirka/research/2024/bits-knn-jpdc2024/data/application-scaling/bw01-35760924/gradient-compression-small.csv,5.425347222222222e-05,30,0.008685,0.00864,0.00883,0.9176741508347726,False,False
gradient-compression,773ccccc257597721840d373c9f3e73e670a8d255c39e3a3e354a1d2571356c3,589824,1,32,0.0,0,bits-sq,8,128,7,operator,/home/jirka/research/2024/bits-knn-jpdc2024/data/application-scaling/bw01-35760924/gradient-compression-small.csv,5.425347222222222e-05,30,0.08749399999999999,0.0873065,0.0876515,0.413508354858619,False,False
gradient-compression,773ccccc257597721840d373c9f3e73e670a8d255c39e3a3e354a1d2571356c3,589824,1,32,0.0,0,bits-sq,8,128,7,output_isolated,/home/jirka/research/2024/bits-knn-jpdc2024/data/application-scaling/bw01-35760924/gradient-compression-small.csv,5.425347222222222e-05,30,0.00829,0.008234,0.008361750000000001,0.9734620024125453,False,False
gradient-compression,773ccccc257597721840d373c9f3e73e670a8d255c39e3a3e354a1d2571356c3,589824,1,32,0.0,0,bits-sq,8,128,7,selection_isolated,/home/jirka/research/2024/bits-knn-jpdc2024/data/application-scaling/bw01-35760924/gradient-compression-small.csv,5.425347222222222e-05,30,0.07821900000000001,0.078044,0.07826724999999998,0.3382106649279586,False,False
gradient-compression,773ccccc257597721840d373c9f3e73e670a8d255c39e3a3e354a1d2571356c3,589824,1,32,0.0,0,bits-sq,8,128,7,transform_isolated,/home/jirka/research/2024/bits-knn-jpdc2024/data/application-scaling/bw01-35760924/gradient-compression-small.csv,5.425347222222222e-05,30,0.009264999999999999,0.00915,0.00937,0.9848354020507287,False,False
gradient-compression,773ccccc257597721840d373c9f3e73e670a8d255c39e3a3e354a1d2571356c3,589824,1,32,0.0,0,bits-sq,8,128,7,upload_shared,/home/jirka/research/2024/bits-knn-jpdc2024/data/application-scaling/bw01-35760924/gradient-compression-small.csv,5.425347222222222e-05,1,0.14810800000000002,0.14810800000000002,0.14810800000000002,1.2436060172306695,False,False
gradient-compression,773ccccc257597721840d373c9f3e73e670a8d255c39e3a3e354a1d2571356c3,589824,1,32,0.0,0,bits-sq,8,128,8,download,/home/jirka/research/2024/bits-knn-jpdc2024/data/application-scaling/bw01-35760924/gradient-compression-small.csv,5.425347222222222e-05,30,0.00866,0.00855,0.0088375,0.920323325635104,False,False
gradient-compression,773ccccc257597721840d373c9f3e73e670a8d255c39e3a3e354a1d2571356c3,589824,1,32,0.0,0,bits-sq,8,128,8,operator,/home/jirka/research/2024/bits-knn-jpdc2024/data/application-scaling/bw01-35760924/gradient-compression-small.csv,5.425347222222222e-05,30,0.083939,0.0837665,0.08406975000000001,0.4310213369232419,False,False
gradient-compression,773ccccc257597721840d373c9f3e73e670a8d255c39e3a3e354a1d2571356c3,589824,1,32,0.0,0,bits-sq,8,128,8,output_isolated,/home/jirka/research/2024/bits-knn-jpdc2024/data/application-scaling/bw01-35760924/gradient-compression-small.csv,5.425347222222222e-05,30,0.00817,0.0081225,0.0082775,0.9877600979192167,False,False
gradient-compression,773ccccc257597721840d373c9f3e73e670a8d255c39e3a3e354a1d2571356c3,589824,1,32,0.0,0,bits-sq,8,128,8,selection_isolated,/home/jirka/research/2024/bits-knn-jpdc2024/data/application-scaling/bw01-35760924/gradient-compression-small.csv,5.425347222222222e-05,30,0.074544,0.07451150000000001,0.074619,0.3548843635973385,False,False
gradient-compression,773ccccc257597721840d373c9f3e73e670a8d255c39e3a3e354a1d2571356c3,589824,1,32,0.0,0,bits-sq,8,128,8,transform_isolated,/home/jirka/research/2024/bits-knn-jpdc2024/data/application-scaling/bw01-35760924/gradient-compression-small.csv,5.425347222222222e-05,30,0.00923,0.009142500000000001,0.009345000000000001,0.988569880823402,False,False
gradient-compression,773ccccc257597721840d373c9f3e73e670a8d255c39e3a3e354a1d2571356c3,589824,1,32,0.0,0,bits-sq,8,128,8,upload_shared,/home/jirka/research/2024/bits-knn-jpdc2024/data/application-scaling/bw01-35760924/gradient-compression-small.csv,5.425347222222222e-05,1,0.14580800000000002,0.14580800000000002,0.14580800000000002,1.2632228684297158,False,False
gradient-compression,773ccccc257597721840d373c9f3e73e670a8d255c39e3a3e354a1d2571356c3,589824,1,32,0.0,0,bits-sq,8,128,13,download,/home/jirka/research/2024/bits-knn-jpdc2024/data/application-scaling/bw01-35760924/gradient-compression-small.csv,5.425347222222222e-05,30,0.008645,0.007869999999999999,0.0088275,0.9219201850780798,False,False
gradient-compression,773ccccc257597721840d373c9f3e73e670a8d255c39e3a3e354a1d2571356c3,589824,1,32,0.0,0,bits-sq,8,128,13,operator,/home/jirka/research/2024/bits-knn-jpdc2024/data/application-scaling/bw01-35760924/gradient-compression-small.csv,5.425347222222222e-05,30,0.080644,0.08047925,0.080814,0.44863226030454845,False,False
gradient-compression,773ccccc257597721840d373c9f3e73e670a8d255c39e3a3e354a1d2571356c3,589824,1,32,0.0,0,bits-sq,8,128,13,output_isolated,/home/jirka/research/2024/bits-knn-jpdc2024/data/application-scaling/bw01-35760924/gradient-compression-small.csv,5.425347222222222e-05,30,0.008245,0.008151499999999999,0.0083425,0.9787750151607035,False,False
gradient-compression,773ccccc257597721840d373c9f3e73e670a8d255c39e3a3e354a1d2571356c3,589824,1,32,0.0,0,bits-sq,8,128,13,selection_isolated,/home/jirka/research/2024/bits-knn-jpdc2024/data/application-scaling/bw01-35760924/gradient-compression-small.csv,5.425347222222222e-05,30,0.0713545,0.07122925,0.071479,0.3707474651213308,False,False
gradient-compression,773ccccc257597721840d373c9f3e73e670a8d255c39e3a3e354a1d2571356c3,589824,1,32,0.0,0,bits-sq,8,128,13,transform_isolated,/home/jirka/research/2024/bits-knn-jpdc2024/data/application-scaling/bw01-35760924/gradient-compression-small.csv,5.425347222222222e-05,30,0.00916,0.009089999999999999,0.00931,0.9961244541484717,False,False
gradient-compression,773ccccc257597721840d373c9f3e73e670a8d255c39e3a3e354a1d2571356c3,589824,1,32,0.0,0,bits-sq,8,128,13,upload_shared,/home/jirka/research/2024/bits-knn-jpdc2024/data/application-scaling/bw01-35760924/gradient-compression-small.csv,5.425347222222222e-05,1,0.152078,0.152078,0.152078,1.2111416509948845,False,False
gradient-compression,773ccccc257597721840d373c9f3e73e670a8d255c39e3a3e354a1d2571356c3,589824,1,32,0.0,0,bits-sq,8,128,16,download,/home/jirka/research/2024/bits-knn-jpdc2024/data/application-scaling/bw01-35760924/gradient-compression-small.csv,5.425347222222222e-05,30,0.008830000000000001,0.008692499999999999,0.00889725,0.9026047565118911,False,False
gradient-compression,773ccccc257597721840d373c9f3e73e670a8d255c39e3a3e354a1d2571356c3,589824,1,32,0.0,0,bits-sq,8,128,16,operator,/home/jirka/research/2024/bits-knn-jpdc2024/data/application-scaling/bw01-35760924/gradient-compression-small.csv,5.425347222222222e-05,30,0.07972950000000001,0.0795515,0.07994675000000001,0.45377808715720025,False,False
gradient-compression,773ccccc257597721840d373c9f3e73e670a8d255c39e3a3e354a1d2571356c3,589824,1,32,0.0,0,bits-sq,8,128,16,output_isolated,/home/jirka/research/2024/bits-knn-jpdc2024/data/application-scaling/bw01-35760924/gradient-compression-small.csv,5.425347222222222e-05,30,0.008195,0.008142499999999999,0.00825775,0.9847467968273339,False,False
gradient-compression,773ccccc257597721840d373c9f3e73e670a8d255c39e3a3e354a1d2571356c3,589824,1,32,0.0,0,bits-sq,8,128,16,selection_isolated,/home/jirka/research/2024/bits-knn-jpdc2024/data/application-scaling/bw01-35760924/gradient-compression-small.csv,5.425347222222222e-05,30,0.07024899999999999,0.07018174999999999,0.07030675,0.3765818730515737,False,False
gradient-compression,773ccccc257597721840d373c9f3e73e670a8d255c39e3a3e354a1d2571356c3,589824,1,32,0.0,0,bits-sq,8,128,16,transform_isolated,/home/jirka/research/2024/bits-knn-jpdc2024/data/application-scaling/bw01-35760924/gradient-compression-small.csv,5.425347222222222e-05,30,0.009229999999999999,0.00915,0.009307500000000002,0.9885698808234021,False,False
gradient-compression,773ccccc257597721840d373c9f3e73e670a8d255c39e3a3e354a1d2571356c3,589824,1,32,0.0,0,bits-sq,8,128,16,upload_shared,/home/jirka/research/2024/bits-knn-jpdc2024/data/application-scaling/bw01-35760924/gradient-compression-small.csv,5.425347222222222e-05,1,0.145888,0.145888,0.145888,1.2625301601228343,False,False
gradient-compression,773ccccc257597721840d373c9f3e73e670a8d255c39e3a3e354a1d2571356c3,589824,1,32,0.0,0,bits-sq,8,256,4,download,/home/jirka/research/2024/bits-knn-jpdc2024/data/application-scaling/bw01-35760924/gradient-compression-small.csv,5.425347222222222e-05,30,0.0084595,0.00803175,0.00887725,0.9421360600508304,False,False
gradient-compression,773ccccc257597721840d373c9f3e73e670a8d255c39e3a3e354a1d2571356c3,589824,1,32,0.0,0,bits-sq,8,256,4,operator,/home/jirka/research/2024/bits-knn-jpdc2024/data/application-scaling/bw01-35760924/gradient-compression-small.csv,5.425347222222222e-05,30,0.0673545,0.06722675,0.06751475,0.5371504502297546,False,False
gradient-compression,773ccccc257597721840d373c9f3e73e670a8d255c39e3a3e354a1d2571356c3,589824,1,32,0.0,0,bits-sq,8,256,4,output_isolated,/home/jirka/research/2024/bits-knn-jpdc2024/data/application-scaling/bw01-35760924/gradient-compression-small.csv,5.425347222222222e-05,30,0.008185,0.0081,0.0082675,0.9859499083689678,False,False
gradient-compression,773ccccc257597721840d373c9f3e73e670a8d255c39e3a3e354a1d2571356c3,589824,1,32,0.0,0,bits-sq,8,256,4,selection_isolated,/home/jirka/research/2024/bits-knn-jpdc2024/data/application-scaling/bw01-35760924/gradient-compression-small.csv,5.425347222222222e-05,30,0.057989,0.05787725,0.05809,0.45619858938764246,False,False
gradient-compression,773ccccc257597721840d373c9f3e73e670a8d255c39e3a3e354a1d2571356c3,589824,1,32,0.0,0,bits-sq,8,256,4,transform_isolated,/home/jirka/research/2024/bits-knn-jpdc2024/data/application-scaling/bw01-35760924/gradient-compression-small.csv,5.425347222222222e-05,30,0.009170000000000001,0.009092499999999998,0.009307500000000002,0.9950381679389313,False,False
gradient-compression,773ccccc257597721840d373c9f3e73e670a8d255c39e3a3e354a1d2571356c3,589824,1,32,0.0,0,bits-sq,8,256,4,upload_shared,/home/jirka/research/2024/bits-knn-jpdc2024/data/application-scaling/bw01-35760924/gradient-compression-small.csv,5.425347222222222e-05,1,0.149318,0.149318,0.149318,1.2335284426525939,False,False
gradient-compression,773ccccc257597721840d373c9f3e73e670a8d255c39e3a3e354a1d2571356c3,589824,1,32,0.0,0,bits-sq,8,256,7,download,/home/jirka/research/2024/bits-knn-jpdc2024/data/application-scaling/bw01-35760924/gradient-compression-small.csv,5.425347222222222e-05,30,0.0088595,0.00866,0.008879999999999999,0.8995993001862408,False,False
gradient-compression,773ccccc257597721840d373c9f3e73e670a8d255c39e3a3e354a1d2571356c3,589824,1,32,0.0,0,bits-sq,8,256,7,operator,/home/jirka/research/2024/bits-knn-jpdc2024/data/application-scaling/bw01-35760924/gradient-compression-small.csv,5.425347222222222e-05,30,0.062734,0.06258725,0.06282,0.576712787324258,False,False
gradient-compression,773ccccc257597721840d373c9f3e73e670a8d255c39e3a3e354a1d2571356c3,589824,1,32,0.0,0,bits-sq,8,256,7,output_isolated,/home/jirka/research/2024/bits-knn-jpdc2024/data/application-scaling/bw01-35760924/gradient-compression-small.csv,5.425347222222222e-05,30,0.00825,0.008105,0.008287500000000001,0.9781818181818183,False,False
gradient-compression,773ccccc257597721840d373c9f3e73e670a8d255c39e3a3e354a1d2571356c3,589824,1,32,0.0,0,bits-sq,8,256,7,selection_isolated,/home/jirka/research/2024/bits-knn-jpdc2024/data/application-scaling/bw01-35760924/gradient-compression-small.csv,5.425347222222222e-05,30,0.0533995,0.05328225,0.053524,0.4954072603676064,False,False
gradient-compression,773ccccc257597721840d373c9f3e73e670a8d255c39e3a3e354a1d2571356c3,589824,1,32,0.0,0,bits-sq,8,256,7,transform_isolated,/home/jirka/research/2024/bits-knn-jpdc2024/data/application-scaling/bw01-35760924/gradient-compression-small.csv,5.425347222222222e-05,30,0.009145,0.00902725,0.00927475,0.9977583378895571,False,False
gradient-compression,773ccccc257597721840d373c9f3e73e670a8d255c39e3a3e354a1d2571356c3,589824,1,32,0.0,0,bits-sq,8,256,7,upload_shared,/home/jirka/research/2024/bits-knn-jpdc2024/data/application-scaling/bw01-35760924/gradient-compression-small.csv,5.425347222222222e-05,1,0.148859,0.148859,0.148859,1.237331971865994,False,False
gradient-compression,773ccccc257597721840d373c9f3e73e670a8d255c39e3a3e354a1d2571356c3,589824,1,32,0.0,0,bits-sq,8,256,8,download,/home/jirka/research/2024/bits-knn-jpdc2024/data/application-scaling/bw01-35760924/gradient-compression-small.csv,5.425347222222222e-05,30,0.0088705,0.008735,0.0089,0.8984837382334705,False,False
gradient-compression,773ccccc257597721840d373c9f3e73e670a8d255c39e3a3e354a1d2571356c3,589824,1,32,0.0,0,bits-sq,8,256,8,operator,/home/jirka/research/2024/bits-knn-jpdc2024/data/application-scaling/bw01-35760924/gradient-compression-small.csv,5.425347222222222e-05,30,0.0626395,0.06252400000000001,0.06274675,0.57758283511203,False,False
gradient-compression,773ccccc257597721840d373c9f3e73e670a8d255c39e3a3e354a1d2571356c3,589824,1,32,0.0,0,bits-sq,8,256,8,output_isolated,/home/jirka/research/2024/bits-knn-jpdc2024/data/application-scaling/bw01-35760924/gradient-compression-small.csv,5.425347222222222e-05,30,0.00816,0.008112500000000002,0.008317499999999999,0.9889705882352942,False,False
gradient-compression,773ccccc257597721840d373c9f3e73e670a8d255c39e3a3e354a1d2571356c3,589824,1,32,0.0,0,bits-sq,8,256,8,selection_isolated,/home/jirka/research/2024/bits-knn-jpdc2024/data/application-scaling/bw01-35760924/gradient-compression-small.csv,5.425347222222222e-05,30,0.053254499999999996,0.0532215,0.05330650000000001,0.49675614267338913,False,False
gradient-compression,773ccccc257597721840d373c9f3e73e670a8d255c39e3a3e354a1d2571356c3,589824,1,32,0.0,0,bits-sq,8,256,8,transform_isolated,/home/jirka/research/2024/bits-knn-jpdc2024/data/application-scaling/bw01-35760924/gradient-compression-small.csv,5.425347222222222e-05,30,0.009175,0.00907,0.009347500000000002,0.9944959128065395,False,False
gradient-compression,773ccccc257597721840d373c9f3e73e670a8d255c39e3a3e354a1d2571356c3,589824,1,32,0.0,0,bits-sq,8,256,8,upload_shared,/home/jirka/research/2024/bits-knn-jpdc2024/data/application-scaling/bw01-35760924/gradient-compression-small.csv,5.425347222222222e-05,1,0.15004800000000001,0.15004800000000001,0.15004800000000001,1.2275271912987844,False,False
gradient-compression,773ccccc257597721840d373c9f3e73e670a8d255c39e3a3e354a1d2571356c3,589824,1,32,0.0,0,bits-sq,8,256,13,download,/home/jirka/research/2024/bits-knn-jpdc2024/data/application-scaling/bw01-35760924/gradient-compression-small.csv,5.425347222222222e-05,30,0.008435,0.008012499999999999,0.008847500000000001,0.944872554831061,False,False
gradient-compression,773ccccc257597721840d373c9f3e73e670a8d255c39e3a3e354a1d2571356c3,589824,1,32,0.0,0,bits-sq,8,256,13,operator,/home/jirka/research/2024/bits-knn-jpdc2024/data/application-scaling/bw01-35760924/gradient-compression-small.csv,5.425347222222222e-05,30,0.058394,0.05822725,0.05852,0.6195756413330137,False,False
gradient-compression,773ccccc257597721840d373c9f3e73e670a8d255c39e3a3e354a1d2571356c3,589824,1,32,0.0,0,bits-sq,8,256,13,output_isolated,/home/jirka/research/2024/bits-knn-jpdc2024/data/application-scaling/bw01-35760924/gradient-compression-small.csv,5.425347222222222e-05,30,0.00817,0.0080825,0.008230000000000001,0.9877600979192167,False,False
gradient-compression,773ccccc257597721840d373c9f3e73e670a8d255c39e3a3e354a1d2571356c3,589824,1,32,0.0,0,bits-sq,8,256,13,selection_isolated,/home/jirka/research/2024/bits-knn-jpdc2024/data/application-scaling/bw01-35760924/gradient-compression-small.csv,5.425347222222222e-05,30,0.0490795,0.04893725,0.04915675,0.5390132336311495,False,False
gradient-compression,773ccccc257597721840d373c9f3e73e670a8d255c39e3a3e354a1d2571356c3,589824,1,32,0.0,0,bits-sq,8,256,13,transform_isolated,/home/jirka/research/2024/bits-knn-jpdc2024/data/application-scaling/bw01-35760924/gradient-compression-small.csv,5.425347222222222e-05,30,0.009165,0.009054999999999999,0.0092575,0.995581014729951,False,False
gradient-compression,773ccccc257597721840d373c9f3e73e670a8d255c39e3a3e354a1d2571356c3,589824,1,32,0.0,0,bits-sq,8,256,13,upload_shared,/home/jirka/research/2024/bits-knn-jpdc2024/data/application-scaling/bw01-35760924/gradient-compression-small.csv,5.425347222222222e-05,1,0.149389,0.149389,0.149389,1.2329421844981894,False,False
gradient-compression,773ccccc257597721840d373c9f3e73e670a8d255c39e3a3e354a1d2571356c3,589824,1,32,0.0,0,bits-sq,8,256,16,download,/home/jirka/research/2024/bits-knn-jpdc2024/data/application-scaling/bw01-35760924/gradient-compression-small.csv,5.425347222222222e-05,30,0.008705,0.008252500000000001,0.008847500000000001,0.9155657668006894,False,False
gradient-compression,773ccccc257597721840d373c9f3e73e670a8d255c39e3a3e354a1d2571356c3,589824,1,32,0.0,0,bits-sq,8,256,16,operator,/home/jirka/research/2024/bits-knn-jpdc2024/data/application-scaling/bw01-35760924/gradient-compression-small.csv,5.425347222222222e-05,30,0.059654,0.059466500000000005,0.05983175,0.6064890870687633,False,False
gradient-compression,773ccccc257597721840d373c9f3e73e670a8d255c39e3a3e354a1d2571356c3,589824,1,32,0.0,0,bits-sq,8,256,16,output_isolated,/home/jirka/research/2024/bits-knn-jpdc2024/data/application-scaling/bw01-35760924/gradient-compression-small.csv,5.425347222222222e-05,30,0.008099499999999999,0.00801,0.008209999999999999,0.9963577998641894,False,False
gradient-compression,773ccccc257597721840d373c9f3e73e670a8d255c39e3a3e354a1d2571356c3,589824,1,32,0.0,0,bits-sq,8,256,16,selection_isolated,/home/jirka/research/2024/bits-knn-jpdc2024/data/application-scaling/bw01-35760924/gradient-compression-small.csv,5.425347222222222e-05,30,0.0503095,0.050192499999999994,0.050354249999999996,0.5258350808495413,False,False
gradient-compression,773ccccc257597721840d373c9f3e73e670a8d255c39e3a3e354a1d2571356c3,589824,1,32,0.0,0,bits-sq,8,256,16,transform_isolated,/home/jirka/research/2024/bits-knn-jpdc2024/data/application-scaling/bw01-35760924/gradient-compression-small.csv,5.425347222222222e-05,30,0.0091,0.008972500000000001,0.00921,1.0026923076923078,False,False
gradient-compression,773ccccc257597721840d373c9f3e73e670a8d255c39e3a3e354a1d2571356c3,589824,1,32,0.0,0,bits-sq,8,256,16,upload_shared,/home/jirka/research/2024/bits-knn-jpdc2024/data/application-scaling/bw01-35760924/gradient-compression-small.csv,5.425347222222222e-05,1,0.14904900000000001,0.14904900000000001,0.14904900000000001,1.2357546847010044,False,False
gradient-compression,773ccccc257597721840d373c9f3e73e670a8d255c39e3a3e354a1d2571356c3,589824,1,32,0.0,0,bits-sq,8,512,4,download,/home/jirka/research/2024/bits-knn-jpdc2024/data/application-scaling/bw01-35760924/gradient-compression-small.csv,5.425347222222222e-05,30,0.0087145,0.00869,0.0089,0.9145676745653795,False,False
gradient-compression,773ccccc257597721840d373c9f3e73e670a8d255c39e3a3e354a1d2571356c3,589824,1,32,0.0,0,bits-sq,8,512,4,operator,/home/jirka/research/2024/bits-knn-jpdc2024/data/application-scaling/bw01-35760924/gradient-compression-small.csv,5.425347222222222e-05,30,0.0587945,0.058733999999999995,0.058964,0.6153551777802346,False,False
gradient-compression,773ccccc257597721840d373c9f3e73e670a8d255c39e3a3e354a1d2571356c3,589824,1,32,0.0,0,bits-sq,8,512,4,output_isolated,/home/jirka/research/2024/bits-knn-jpdc2024/data/application-scaling/bw01-35760924/gradient-compression-small.csv,5.425347222222222e-05,30,0.008175,0.00812,0.00831475,0.9871559633027523,False,False
gradient-compression,773ccccc257597721840d373c9f3e73e670a8d255c39e3a3e354a1d2571356c3,589824,1,32,0.0,0,bits-sq,8,512,4,selection_isolated,/home/jirka/research/2024/bits-knn-jpdc2024/data/application-scaling/bw01-35760924/gradient-compression-small.csv,5.425347222222222e-05,30,0.049579,0.0494115,0.0496475,0.533582766897275,False,False
gradient-compression,773ccccc257597721840d373c9f3e73e670a8d255c39e3a3e354a1d2571356c3,589824,1,32,0.0,0,bits-sq,8,512,4,transform_isolated,/home/jirka/research/2024/bits-knn-jpdc2024/data/application-scaling/bw01-35760924/gradient-compression-small.csv,5.425347222222222e-05,30,0.00919,0.009125000000000001,0.009335000000000001,0.9928726877040261,False,False
gradient-compression,773ccccc257597721840d373c9f3e73e670a8d255c39e3a3e354a1d2571356c3,589824,1,32,0.0,0,bits-sq,8,512,4,upload_shared,/home/jirka/research/2024/bits-knn-jpdc2024/data/application-scaling/bw01-35760924/gradient-compression-small.csv,5.425347222222222e-05,1,0.14740799999999998,0.14740799999999998,0.14740799999999998,1.249511559752524,False,False
gradient-compression,773ccccc257597721840d373c9f3e73e670a8d255c39e3a3e354a1d2571356c3,589824,1,32,0.0,0,bits-sq,8,512,7,download,/home/jirka/research/2024/bits-knn-jpdc2024/data/application-scaling/bw01-35760924/gradient-compression-small.csv,5.425347222222222e-05,30,0.0088545,0.008682249999999999,0.00888675,0.9001072900784912,False,False
gradient-compression,773ccccc257597721840d373c9f3e73e670a8d255c39e3a3e354a1d2571356c3,589824,1,32,0.0,0,bits-sq,8,512,7,operator,/home/jirka/research/2024/bits-knn-jpdc2024/data/application-scaling/bw01-35760924/gradient-compression-small.csv,5.425347222222222e-05,30,0.056004,0.05588975,0.05614725,0.6460163559745733,False,False
gradient-compression,773ccccc257597721840d373c9f3e73e670a8d255c39e3a3e354a1d2571356c3,589824,1,32,0.0,0,bits-sq,8,512,7,output_isolated,/home/jirka/research/2024/bits-knn-jpdc2024/data/application-scaling/bw01-35760924/gradient-compression-small.csv,5.425347222222222e-05,30,0.008154999999999999,0.0081025,0.008261750000000002,0.9895769466584919,False,False
gradient-compression,773ccccc257597721840d373c9f3e73e670a8d255c39e3a3e354a1d2571356c3,589824,1,32,0.0,0,bits-sq,8,512,7,selection_isolated,/home/jirka/research/2024/bits-knn-jpdc2024/data/application-scaling/bw01-35760924/gradient-compression-small.csv,5.425347222222222e-05,30,0.0466595,0.04657,0.04673725,0.5669692131291592,False,False
gradient-compression,773ccccc257597721840d373c9f3e73e670a8d255c39e3a3e354a1d2571356c3,589824,1,32,0.0,0,bits-sq,8,512,7,transform_isolated,/home/jirka/research/2024/bits-knn-jpdc2024/data/application-scaling/bw01-35760924/gradient-compression-small.csv,5.425347222222222e-05,30,0.009155,0.0091025,0.009302500000000002,0.9966684871654834,False,False
gradient-compression,773ccccc257597721840d373c9f3e73e670a8d255c39e3a3e354a1d2571356c3,589824,1,32,0.0,0,bits-sq,8,512,7,upload_shared,/home/jirka/research/2024/bits-knn-jpdc2024/data/application-scaling/bw01-35760924/gradient-compression-small.csv,5.425347222222222e-05,1,0.145128,0.145128,0.145128,1.2691417231685134,False,False
gradient-compression,773ccccc257597721840d373c9f3e73e670a8d255c39e3a3e354a1d2571356c3,589824,1,32,0.0,0,bits-sq,8,512,8,download,/home/jirka/research/2024/bits-knn-jpdc2024/data/application-scaling/bw01-35760924/gradient-compression-small.csv,5.425347222222222e-05,30,0.00883,0.00866,0.0088575,0.9026047565118913,False,False
gradient-compression,773ccccc257597721840d373c9f3e73e670a8d255c39e3a3e354a1d2571356c3,589824,1,32,0.0,0,bits-sq,8,512,8,operator,/home/jirka/research/2024/bits-knn-jpdc2024/data/application-scaling/bw01-35760924/gradient-compression-small.csv,5.425347222222222e-05,30,0.055818999999999994,0.05565175,0.05593725,0.6481574374316991,False,False
gradient-compression,773ccccc257597721840d373c9f3e73e670a8d255c39e3a3e354a1d2571356c3,589824,1,32,0.0,0,bits-sq,8,512,8,output_isolated,/home/jirka/research/2024/bits-knn-jpdc2024/data/application-scaling/bw01-35760924/gradient-compression-small.csv,5.425347222222222e-05,30,0.00815,0.00809,0.0082525,0.9901840490797548,False,False
gradient-compression,773ccccc257597721840d373c9f3e73e670a8d255c39e3a3e354a1d2571356c3,589824,1,32,0.0,0,bits-sq,8,512,8,selection_isolated,/home/jirka/research/2024/bits-knn-jpdc2024/data/application-scaling/bw01-35760924/gradient-compression-small.csv,5.425347222222222e-05,30,0.04635450000000001,0.0462915,0.0464075,0.5706997163166466,False,False
gradient-compression,773ccccc257597721840d373c9f3e73e670a8d255c39e3a3e354a1d2571356c3,589824,1,32,0.0,0,bits-sq,8,512,8,transform_isolated,/home/jirka/research/2024/bits-knn-jpdc2024/data/application-scaling/bw01-35760924/gradient-compression-small.csv,5.425347222222222e-05,30,0.0092,0.009069750000000001,0.00932,0.9917934782608696,False,False
gradient-compression,773ccccc257597721840d373c9f3e73e670a8d255c39e3a3e354a1d2571356c3,589824,1,32,0.0,0,bits-sq,8,512,8,upload_shared,/home/jirka/research/2024/bits-knn-jpdc2024/data/application-scaling/bw01-35760924/gradient-compression-small.csv,5.425347222222222e-05,1,0.147499,0.147499,0.147499,1.2487406694282674,False,False
gradient-compression,773ccccc257597721840d373c9f3e73e670a8d255c39e3a3e354a1d2571356c3,589824,1,32,0.0,0,bits-sq,8,512,13,download,/home/jirka/research/2024/bits-knn-jpdc2024/data/application-scaling/bw01-35760924/gradient-compression-small.csv,5.425347222222222e-05,30,0.00886,0.00822825,0.008897500000000001,0.8995485327313769,False,False
gradient-compression,773ccccc257597721840d373c9f3e73e670a8d255c39e3a3e354a1d2571356c3,589824,1,32,0.0,0,bits-sq,8,512,13,operator,/home/jirka/research/2024/bits-knn-jpdc2024/data/application-scaling/bw01-35760924/gradient-compression-small.csv,5.425347222222222e-05,30,0.0577945,0.057604,0.057877250000000005,0.6260024742838852,False,False
gradient-compression,773ccccc257597721840d373c9f3e73e670a8d255c39e3a3e354a1d2571356c3,589824,1,32,0.0,0,bits-sq,8,512,13,output_isolated,/home/jirka/research/2024/bits-knn-jpdc2024/data/application-scaling/bw01-35760924/gradient-compression-small.csv,5.425347222222222e-05,30,0.008199999999999999,0.008125,0.008261750000000002,0.9841463414634148,False,False
gradient-compression,773ccccc257597721840d373c9f3e73e670a8d255c39e3a3e354a1d2571356c3,589824,1,32,0.0,0,bits-sq,8,512,13,selection_isolated,/home/jirka/research/2024/bits-knn-jpdc2024/data/application-scaling/bw01-35760924/gradient-compression-small.csv,5.425347222222222e-05,30,0.0483295,0.04823474999999999,0.04846425,0.5473778954882629,False,False
gradient-compression,773ccccc257597721840d373c9f3e73e670a8d255c39e3a3e354a1d2571356c3,589824,1,32,0.0,0,bits-sq,8,512,13,transform_isolated,/home/jirka/research/2024/bits-knn-jpdc2024/data/application-scaling/bw01-35760924/gradient-compression-small.csv,5.425347222222222e-05,30,0.009215,0.009105,0.0093275,0.9901790558871407,False,False
gradient-compression,773ccccc257597721840d373c9f3e73e670a8d255c39e3a3e354a1d2571356c3,589824,1,32,0.0,0,bits-sq,8,512,13,upload_shared,/home/jirka/research/2024/bits-knn-jpdc2024/data/application-scaling/bw01-35760924/gradient-compression-small.csv,5.425347222222222e-05,1,0.144449,0.144449,0.144449,1.2751074773795597,False,False
gradient-compression,773ccccc257597721840d373c9f3e73e670a8d255c39e3a3e354a1d2571356c3,589824,1,32,0.0,0,bits-sq,8,512,16,download,/home/jirka/research/2024/bits-knn-jpdc2024/data/application-scaling/bw01-35760924/gradient-compression-small.csv,5.425347222222222e-05,30,0.008675,0.008125,0.0087875,0.9187319884726224,False,False
gradient-compression,773ccccc257597721840d373c9f3e73e670a8d255c39e3a3e354a1d2571356c3,589824,1,32,0.0,0,bits-sq,8,512,16,operator,/home/jirka/research/2024/bits-knn-jpdc2024/data/application-scaling/bw01-35760924/gradient-compression-small.csv,5.425347222222222e-05,30,0.054284,0.05419425,0.054439,0.6664855205953873,False,False
gradient-compression,773ccccc257597721840d373c9f3e73e670a8d255c39e3a3e354a1d2571356c3,589824,1,32,0.0,0,bits-sq,8,512,16,output_isolated,/home/jirka/research/2024/bits-knn-jpdc2024/data/application-scaling/bw01-35760924/gradient-compression-small.csv,5.425347222222222e-05,30,0.008165,0.008092499999999999,0.008235000000000001,0.9883649724433559,False,False
gradient-compression,773ccccc257597721840d373c9f3e73e670a8d255c39e3a3e354a1d2571356c3,589824,1,32,0.0,0,bits-sq,8,512,16,selection_isolated,/home/jirka/research/2024/bits-knn-jpdc2024/data/application-scaling/bw01-35760924/gradient-compression-small.csv,5.425347222222222e-05,30,0.0447895,0.04472175,0.044896500000000006,0.5906406635483762,False,False
gradient-compression,773ccccc257597721840d373c9f3e73e670a8d255c39e3a3e354a1d2571356c3,589824,1,32,0.0,0,bits-sq,8,512,16,transform_isolated,/home/jirka/research/2024/bits-knn-jpdc2024/data/application-scaling/bw01-35760924/gradient-compression-small.csv,5.425347222222222e-05,30,0.009070499999999999,0.00902,0.0092,1.0059533653051103,False,False
gradient-compression,773ccccc257597721840d373c9f3e73e670a8d255c39e3a3e354a1d2571356c3,589824,1,32,0.0,0,bits-sq,8,512,16,upload_shared,/home/jirka/research/2024/bits-knn-jpdc2024/data/application-scaling/bw01-35760924/gradient-compression-small.csv,5.425347222222222e-05,1,0.18418800000000002,0.18418800000000002,0.18418800000000002,1.0,False,False
gradient-compression,773ccccc257597721840d373c9f3e73e670a8d255c39e3a3e354a1d2571356c3,589824,1,32,0.0,0,bits-sq,32,128,4,download,/home/jirka/research/2024/bits-knn-jpdc2024/data/application-scaling/bw01-35760924/gradient-compression-small.csv,5.425347222222222e-05,30,0.008735,0.00867925,0.00886,0.9124212936462507,False,False
gradient-compression,773ccccc257597721840d373c9f3e73e670a8d255c39e3a3e354a1d2571356c3,589824,1,32,0.0,0,bits-sq,32,128,4,operator,/home/jirka/research/2024/bits-knn-jpdc2024/data/application-scaling/bw01-35760924/gradient-compression-small.csv,5.425347222222222e-05,30,0.052735000000000004,0.05257225,0.05283675,0.6860623874087418,False,False
gradient-compression,773ccccc257597721840d373c9f3e73e670a8d255c39e3a3e354a1d2571356c3,589824,1,32,0.0,0,bits-sq,32,128,4,output_isolated,/home/jirka/research/2024/bits-knn-jpdc2024/data/application-scaling/bw01-35760924/gradient-compression-small.csv,5.425347222222222e-05,30,0.00826,0.008189249999999999,0.0083,0.976997578692494,False,False
gradient-compression,773ccccc257597721840d373c9f3e73e670a8d255c39e3a3e354a1d2571356c3,589824,1,32,0.0,0,bits-sq,32,128,4,selection_isolated,/home/jirka/research/2024/bits-knn-jpdc2024/data/application-scaling/bw01-35760924/gradient-compression-small.csv,5.425347222222222e-05,30,0.04334500000000001,0.043222250000000004,0.043546749999999995,0.6103241434998268,False,False
gradient-compression,773ccccc257597721840d373c9f3e73e670a8d255c39e3a3e354a1d2571356c3,589824,1,32,0.0,0,bits-sq,32,128,4,transform_isolated,/home/jirka/research/2024/bits-knn-jpdc2024/data/application-scaling/bw01-35760924/gradient-compression-small.csv,5.425347222222222e-05,30,0.00925,0.009170000000000001,0.009385,0.9864324324324325,False,False
gradient-compression,773ccccc257597721840d373c9f3e73e670a8d255c39e3a3e354a1d2571356c3,589824,1,32,0.0,0,bits-sq,32,128,4,upload_shared,/home/jirka/research/2024/bits-knn-jpdc2024/data/application-scaling/bw01-35760924/gradient-compression-small.csv,5.425347222222222e-05,1,0.157549,0.157549,0.157549,1.1690839040552465,False,False
gradient-compression,773ccccc257597721840d373c9f3e73e670a8d255c39e3a3e354a1d2571356c3,589824,1,32,0.0,0,bits-sq,32,128,7,download,/home/jirka/research/2024/bits-knn-jpdc2024/data/application-scaling/bw01-35760924/gradient-compression-small.csv,5.425347222222222e-05,30,0.00866,0.00810225,0.00888425,0.920323325635104,False,False
gradient-compression,773ccccc257597721840d373c9f3e73e670a8d255c39e3a3e354a1d2571356c3,589824,1,32,0.0,0,bits-sq,32,128,7,operator,/home/jirka/research/2024/bits-knn-jpdc2024/data/application-scaling/bw01-35760924/gradient-compression-small.csv,5.425347222222222e-05,30,0.0502245,0.05008925,0.050335000000000005,0.720355603340999,False,False
gradient-compression,773ccccc257597721840d373c9f3e73e670a8d255c39e3a3e354a1d2571356c3,589824,1,32,0.0,0,bits-sq,32,128,7,output_isolated,/home/jirka/research/2024/bits-knn-jpdc2024/data/application-scaling/bw01-35760924/gradient-compression-small.csv,5.425347222222222e-05,30,0.00824,0.008189249999999999,0.008326749999999999,0.9793689320388349,False,False
gradient-compression,773ccccc257597721840d373c9f3e73e670a8d255c39e3a3e354a1d2571356c3,589824,1,32,0.0,0,bits-sq,32,128,7,selection_isolated,/home/jirka/research/2024/bits-knn-jpdc2024/data/application-scaling/bw01-35760924/gradient-compression-small.csv,5.425347222222222e-05,30,0.04084,0.040778999999999996,0.040937249999999994,0.6477595494613124,False,False
gradient-compression,773ccccc257597721840d373c9f3e73e670a8d255c39e3a3e354a1d2571356c3,589824,1,32,0.0,0,bits-sq,32,128,7,transform_isolated,/home/jirka/research/2024/bits-knn-jpdc2024/data/application-scaling/bw01-35760924/gradient-compression-small.csv,5.425347222222222e-05,30,0.00921,0.0091025,0.009324250000000001,0.9907166123778502,False,False
gradient-compression,773ccccc257597721840d373c9f3e73e670a8d255c39e3a3e354a1d2571356c3,589824,1,32,0.0,0,bits-sq,32,128,7,upload_shared,/home/jirka/research/2024/bits-knn-jpdc2024/data/application-scaling/bw01-35760924/gradient-compression-small.csv,5.425347222222222e-05,1,0.147149,0.147149,0.147149,1.2517108509062245,False,False
gradient-compression,773ccccc257597721840d373c9f3e73e670a8d255c39e3a3e354a1d2571356c3,589824,1,32,0.0,0,bits-sq,32,128,8,download,/home/jirka/research/2024/bits-knn-jpdc2024/data/application-scaling/bw01-35760924/gradient-compression-small.csv,5.425347222222222e-05,30,0.008825,0.00865225,0.00884,0.9031161473087819,False,False
gradient-compression,773ccccc257597721840d373c9f3e73e670a8d255c39e3a3e354a1d2571356c3,589824,1,32,0.0,0,bits-sq,32,128,8,operator,/home/jirka/research/2024/bits-knn-jpdc2024/data/application-scaling/bw01-35760924/gradient-compression-small.csv,5.425347222222222e-05,30,0.0504145,0.05030475,0.050524,0.7176407581152249,False,False
gradient-compression,773ccccc257597721840d373c9f3e73e670a8d255c39e3a3e354a1d2571356c3,589824,1,32,0.0,0,bits-sq,32,128,8,output_isolated,/home/jirka/research/2024/bits-knn-jpdc2024/data/application-scaling/bw01-35760924/gradient-compression-small.csv,5.425347222222222e-05,30,0.0082495,0.00817925,0.00836,0.9782411055215469,False,False
gradient-compression,773ccccc257597721840d373c9f3e73e670a8d255c39e3a3e354a1d2571356c3,589824,1,32,0.0,0,bits-sq,32,128,8,selection_isolated,/home/jirka/research/2024/bits-knn-jpdc2024/data/application-scaling/bw01-35760924/gradient-compression-small.csv,5.425347222222222e-05,30,0.041009500000000004,0.04092925,0.04111425,0.6450822370426363,False,False
gradient-compression,773ccccc257597721840d373c9f3e73e670a8d255c39e3a3e354a1d2571356c3,589824,1,32,0.0,0,bits-sq,32,128,8,transform_isolated,/home/jirka/research/2024/bits-knn-jpdc2024/data/application-scaling/bw01-35760924/gradient-compression-small.csv,5.425347222222222e-05,30,0.009135500000000001,0.009049999999999999,0.009237500000000001,0.9987959060806743,False,False
gradient-compression,773ccccc257597721840d373c9f3e73e670a8d255c39e3a3e354a1d2571356c3,589824,1,32,0.0,0,bits-sq,32,128,8,upload_shared,/home/jirka/research/2024/bits-knn-jpdc2024/data/application-scaling/bw01-35760924/gradient-compression-small.csv,5.425347222222222e-05,1,0.146488,0.146488,0.146488,1.2573589645568237,False,False
gradient-compression,773ccccc257597721840d373c9f3e73e670a8d255c39e3a3e354a1d2571356c3,589824,1,32,0.0,0,bits-sq,32,128,13,download,/home/jirka/research/2024/bits-knn-jpdc2024/data/application-scaling/bw01-35760924/gradient-compression-small.csv,5.425347222222222e-05,30,0.008869499999999999,0.00869,0.0088875,0.8985850386154801,False,False
gradient-compression,773ccccc257597721840d373c9f3e73e670a8d255c39e3a3e354a1d2571356c3,589824,1,32,0.0,0,bits-sq,32,128,13,operator,/home/jirka/research/2024/bits-knn-jpdc2024/data/application-scaling/bw01-35760924/gradient-compression-small.csv,5.425347222222222e-05,30,0.0507595,0.050609999999999995,0.050902249999999996,0.7127631280843981,False,False
gradient-compression,773ccccc257597721840d373c9f3e73e670a8d255c39e3a3e354a1d2571356c3,589824,1,32,0.0,0,bits-sq,32,128,13,output_isolated,/home/jirka/research/2024/bits-knn-jpdc2024/data/application-scaling/bw01-35760924/gradient-compression-small.csv,5.425347222222222e-05,30,0.00835,0.008262499999999999,0.008442500000000002,0.9664670658682636,False,False
gradient-compression,773ccccc257597721840d373c9f3e73e670a8d255c39e3a3e354a1d2571356c3,589824,1,32,0.0,0,bits-sq,32,128,13,selection_isolated,/home/jirka/research/2024/bits-knn-jpdc2024/data/application-scaling/bw01-35760924/gradient-compression-small.csv,5.425347222222222e-05,30,0.041319499999999995,0.04127225,0.04147475,0.6402425005142851,False,False
gradient-compression,773ccccc257597721840d373c9f3e73e670a8d255c39e3a3e354a1d2571356c3,589824,1,32,0.0,0,bits-sq,32,128,13,transform_isolated,/home/jirka/research/2024/bits-knn-jpdc2024/data/application-scaling/bw01-35760924/gradient-compression-small.csv,5.425347222222222e-05,30,0.00919,0.009075,0.00924825,0.9928726877040261,False,False
gradient-compression,773ccccc257597721840d373c9f3e73e670a8d255c39e3a3e354a1d2571356c3,589824,1,32,0.0,0,bits-sq,32,128,13,upload_shared,/home/jirka/research/2024/bits-knn-jpdc2024/data/application-scaling/bw01-35760924/gradient-compression-small.csv,5.425347222222222e-05,1,0.13861900000000002,0.13861900000000002,0.13861900000000002,1.328735599016008,False,False
gradient-compression,773ccccc257597721840d373c9f3e73e670a8d255c39e3a3e354a1d2571356c3,589824,1,32,0.0,0,bits-sq,32,128,16,download,/home/jirka/research/2024/bits-knn-jpdc2024/data/application-scaling/bw01-35760924/gradient-compression-small.csv,5.425347222222222e-05,30,0.008834,0.008653000000000001,0.008850750000000001,0.9021960606746661,False,False
gradient-compression,773ccccc257597721840d373c9f3e73e670a8d255c39e3a3e354a1d2571356c3,589824,1,32,0.0,0,bits-sq,32,128,16,operator,/home/jirka/research/2024/bits-knn-jpdc2024/data/application-scaling/bw01-35760924/gradient-compression-small.csv,5.425347222222222e-05,30,0.052184999999999995,0.0521115,0.052345,0.6932930918846413,False,False
gradient-compression,773ccccc257597721840d373c9f3e73e670a8d255c39e3a3e354a1d2571356c3,589824,1,32,0.0,0,bits-sq,32,128,16,output_isolated,/home/jirka/research/2024/bits-knn-jpdc2024/data/application-scaling/bw01-35760924/gradient-compression-small.csv,5.425347222222222e-05,30,0.00824,0.0081525,0.0083275,0.9793689320388349,False,False
gradient-compression,773ccccc257597721840d373c9f3e73e670a8d255c39e3a3e354a1d2571356c3,589824,1,32,0.0,0,bits-sq,32,128,16,selection_isolated,/home/jirka/research/2024/bits-knn-jpdc2024/data/application-scaling/bw01-35760924/gradient-compression-small.csv,5.425347222222222e-05,30,0.042829,0.04274,0.04286,0.6176772747437483,False,False
gradient-compression,773ccccc257597721840d373c9f3e73e670a8d255c39e3a3e354a1d2571356c3,589824,1,32,0.0,0,bits-sq,32,128,16,transform_isolated,/home/jirka/research/2024/bits-knn-jpdc2024/data/application-scaling/bw01-35760924/gradient-compression-small.csv,5.425347222222222e-05,30,0.00919,0.009099999999999999,0.009345000000000001,0.9928726877040261,False,False
gradient-compression,773ccccc257597721840d373c9f3e73e670a8d255c39e3a3e354a1d2571356c3,589824,1,32,0.0,0,bits-sq,32,128,16,upload_shared,/home/jirka/research/2024/bits-knn-jpdc2024/data/application-scaling/bw01-35760924/gradient-compression-small.csv,5.425347222222222e-05,1,0.150428,0.150428,0.150428,1.224426303613689,False,False
gradient-compression,773ccccc257597721840d373c9f3e73e670a8d255c39e3a3e354a1d2571356c3,589824,1,32,0.0,0,bits-sq,32,256,4,download,/home/jirka/research/2024/bits-knn-jpdc2024/data/application-scaling/bw01-35760924/gradient-compression-small.csv,5.425347222222222e-05,30,0.008150000000000001,0.00793025,0.00887,0.9779141104294476,False,False
gradient-compression,773ccccc257597721840d373c9f3e73e670a8d255c39e3a3e354a1d2571356c3,589824,1,32,0.0,0,bits-sq,32,256,4,operator,/home/jirka/research/2024/bits-knn-jpdc2024/data/application-scaling/bw01-35760924/gradient-compression-small.csv,5.425347222222222e-05,30,0.0436195,0.04354,0.043739999999999994,0.8294340833801397,False,False
gradient-compression,773ccccc257597721840d373c9f3e73e670a8d255c39e3a3e354a1d2571356c3,589824,1,32,0.0,0,bits-sq,32,256,4,output_isolated,/home/jirka/research/2024/bits-knn-jpdc2024/data/application-scaling/bw01-35760924/gradient-compression-small.csv,5.425347222222222e-05,30,0.008204999999999999,0.00815,0.00824525,0.9835466179159051,False,False
gradient-compression,773ccccc257597721840d373c9f3e73e670a8d255c39e3a3e354a1d2571356c3,589824,1,32,0.0,0,bits-sq,32,256,4,selection_isolated,/home/jirka/research/2024/bits-knn-jpdc2024/data/application-scaling/bw01-35760924/gradient-compression-small.csv,5.425347222222222e-05,30,0.0341945,0.03411249999999999,0.03429725,0.7736478088581497,False,False
gradient-compression,773ccccc257597721840d373c9f3e73e670a8d255c39e3a3e354a1d2571356c3,589824,1,32,0.0,0,bits-sq,32,256,4,transform_isolated,/home/jirka/research/2024/bits-knn-jpdc2024/data/application-scaling/bw01-35760924/gradient-compression-small.csv,5.425347222222222e-05,30,0.00914,0.0090825,0.009325,0.9983041575492342,False,False
gradient-compression,773ccccc257597721840d373c9f3e73e670a8d255c39e3a3e354a1d2571356c3,589824,1,32,0.0,0,bits-sq,32,256,4,upload_shared,/home/jirka/research/2024/bits-knn-jpdc2024/data/application-scaling/bw01-35760924/gradient-compression-small.csv,5.425347222222222e-05,1,0.144858,0.144858,0.144858,1.2715072691877565,False,False
gradient-compression,773ccccc257597721840d373c9f3e73e670a8d255c39e3a3e354a1d2571356c3,589824,1,32,0.0,0,bits-sq,32,256,7,download,/home/jirka/research/2024/bits-knn-jpdc2024/data/application-scaling/bw01-35760924/gradient-compression-small.csv,5.425347222222222e-05,30,0.0086845,0.00866,0.00889425,0.9177269848580805,False,False
gradient-compression,773ccccc257597721840d373c9f3e73e670a8d255c39e3a3e354a1d2571356c3,589824,1,32,0.0,0,bits-sq,32,256,7,operator,/home/jirka/research/2024/bits-knn-jpdc2024/data/application-scaling/bw01-35760924/gradient-compression-small.csv,5.425347222222222e-05,30,0.041819499999999996,0.04159225,0.04210225,0.8651346859718554,False,False
gradient-compression,773ccccc257597721840d373c9f3e73e670a8d255c39e3a3e354a1d2571356c3,589824,1,32,0.0,0,bits-sq,32,256,7,output_isolated,/home/jirka/research/2024/bits-knn-jpdc2024/data/application-scaling/bw01-35760924/gradient-compression-small.csv,5.425347222222222e-05,30,0.008245,0.008199250000000002,0.008362499999999998,0.9787750151607035,False,False
gradient-compression,773ccccc257597721840d373c9f3e73e670a8d255c39e3a3e354a1d2571356c3,589824,1,32,0.0,0,bits-sq,32,256,7,selection_isolated,/home/jirka/research/2024/bits-knn-jpdc2024/data/application-scaling/bw01-35760924/gradient-compression-small.csv,5.425347222222222e-05,30,0.032415,0.0323615,0.03254,0.8161190806725281,False,False
gradient-compression,773ccccc257597721840d373c9f3e73e670a8d255c39e3a3e354a1d2571356c3,589824,1,32,0.0,0,bits-sq,32,256,7,transform_isolated,/home/jirka/research/2024/bits-knn-jpdc2024/data/application-scaling/bw01-35760924/gradient-compression-small.csv,5.425347222222222e-05,30,0.00919,0.00903,0.009287250000000002,0.9928726877040261,False,False
gradient-compression,773ccccc257597721840d373c9f3e73e670a8d255c39e3a3e354a1d2571356c3,589824,1,32,0.0,0,bits-sq,32,256,7,upload_shared,/home/jirka/research/2024/bits-knn-jpdc2024/data/application-scaling/bw01-35760924/gradient-compression-small.csv,5.425347222222222e-05,1,0.14673799999999998,0.14673799999999998,0.14673799999999998,1.2552167809292756,False,False
gradient-compression,773ccccc257597721840d373c9f3e73e670a8d255c39e3a3e354a1d2571356c3,589824,1,32,0.0,0,bits-sq,32,256,8,download,/home/jirka/research/2024/bits-knn-jpdc2024/data/application-scaling/bw01-35760924/gradient-compression-small.csv,5.425347222222222e-05,30,0.008795,0.00823,0.008897500000000001,0.9061967026719726,False,False
gradient-compression,773ccccc257597721840d373c9f3e73e670a8d255c39e3a3e354a1d2571356c3,589824,1,32,0.0,0,bits-sq,32,256,8,operator,/home/jirka/research/2024/bits-knn-jpdc2024/data/application-scaling/bw01-35760924/gradient-compression-small.csv,5.425347222222222e-05,30,0.0430845,0.04268725,0.04332,0.8397335468672029,False,False
gradient-compression,773ccccc257597721840d373c9f3e73e670a8d255c39e3a3e354a1d2571356c3,589824,1,32,0.0,0,bits-sq,32,256,8,output_isolated,/home/jirka/research/2024/bits-knn-jpdc2024/data/application-scaling/bw01-35760924/gradient-compression-small.csv,5.425347222222222e-05,30,0.008215,0.0081175,0.0083,0.982349360925137,False,False
gradient-compression,773ccccc257597721840d373c9f3e73e670a8d255c39e3a3e354a1d2571356c3,589824,1,32,0.0,0,bits-sq,32,256,8,selection_isolated,/home/jirka/research/2024/bits-knn-jpdc2024/data/application-scaling/bw01-35760924/gradient-compression-small.csv,5.425347222222222e-05,30,0.033784,0.03294925,0.03388675,0.7830481884915936,False,False
gradient-compression,773ccccc257597721840d373c9f3e73e670a8d255c39e3a3e354a1d2571356c3,589824,1,32,0.0,0,bits-sq,32,256,8,transform_isolated,/home/jirka/research/2024/bits-knn-jpdc2024/data/application-scaling/bw01-35760924/gradient-compression-small.csv,5.425347222222222e-05,30,0.00915,0.0089975,0.00925,0.9972131147540985,False,False
gradient-compression,773ccccc257597721840d373c9f3e73e670a8d255c39e3a3e354a1d2571356c3,589824,1,32,0.0,0,bits-sq,32,256,8,upload_shared,/home/jirka/research/2024/bits-knn-jpdc2024/data/application-scaling/bw01-35760924/gradient-compression-small.csv,5.425347222222222e-05,1,0.14448799999999998,0.14448799999999998,0.14448799999999998,1.274763302142739,False,False
gradient-compression,773ccccc257597721840d373c9f3e73e670a8d255c39e3a3e354a1d2571356c3,589824,1,32,0.0,0,bits-sq,32,256,13,download,/home/jirka/research/2024/bits-knn-jpdc2024/data/application-scaling/bw01-35760924/gradient-compression-small.csv,5.425347222222222e-05,30,0.008400000000000001,0.008067500000000002,0.0088225,0.9488095238095237,False,False
gradient-compression,773ccccc257597721840d373c9f3e73e670a8d255c39e3a3e354a1d2571356c3,589824,1,32,0.0,0,bits-sq,32,256,13,operator,/home/jirka/research/2024/bits-knn-jpdc2024/data/application-scaling/bw01-35760924/gradient-compression-small.csv,5.425347222222222e-05,30,0.043745,0.0436215,0.04394725,0.8270545205166305,False,False
gradient-compression,773ccccc257597721840d373c9f3e73e670a8d255c39e3a3e354a1d2571356c3,589824,1,32,0.0,0,bits-sq,32,256,13,output_isolated,/home/jirka/research/2024/bits-knn-jpdc2024/data/application-scaling/bw01-35760924/gradient-compression-small.csv,5.425347222222222e-05,30,0.0082495,0.008192499999999998,0.008352499999999999,0.9782411055215469,False,False
gradient-compression,773ccccc257597721840d373c9f3e73e670a8d255c39e3a3e354a1d2571356c3,589824,1,32,0.0,0,bits-sq,32,256,13,selection_isolated,/home/jirka/research/2024/bits-knn-jpdc2024/data/application-scaling/bw01-35760924/gradient-compression-small.csv,5.425347222222222e-05,30,0.0343895,0.03431225,0.03448999999999999,0.7692609662833131,False,False
gradient-compression,773ccccc257597721840d373c9f3e73e670a8d255c39e3a3e354a1d2571356c3,589824,1,32,0.0,0,bits-sq,32,256,13,transform_isolated,/home/jirka/research/2024/bits-knn-jpdc2024/data/application-scaling/bw01-35760924/gradient-compression-small.csv,5.425347222222222e-05,30,0.009159500000000001,0.009065,0.0093125,0.9961788307222009,False,False
gradient-compression,773ccccc257597721840d373c9f3e73e670a8d255c39e3a3e354a1d2571356c3,589824,1,32,0.0,0,bits-sq,32,256,13,upload_shared,/home/jirka/research/2024/bits-knn-jpdc2024/data/application-scaling/bw01-35760924/gradient-compression-small.csv,5.425347222222222e-05,1,0.146398,0.146398,0.146398,1.2581319416931926,False,False
gradient-compression,773ccccc257597721840d373c9f3e73e670a8d255c39e3a3e354a1d2571356c3,589824,1,32,0.0,0,bits-sq,32,256,16,download,/home/jirka/research/2024/bits-knn-jpdc2024/data/application-scaling/bw01-35760924/gradient-compression-small.csv,5.425347222222222e-05,30,0.008164999999999999,0.0075625,0.0088425,0.9761175750153094,False,False
gradient-compression,773ccccc257597721840d373c9f3e73e670a8d255c39e3a3e354a1d2571356c3,589824,1,32,0.0,0,bits-sq,32,256,16,operator,/home/jirka/research/2024/bits-knn-jpdc2024/data/application-scaling/bw01-35760924/gradient-compression-small.csv,5.425347222222222e-05,30,0.04654950000000001,0.04566175,0.0467565,0.7772263934091665,False,False
gradient-compression,773ccccc257597721840d373c9f3e73e670a8d255c39e3a3e354a1d2571356c3,589824,1,32,0.0,0,bits-sq,32,256,16,output_isolated,/home/jirka/research/2024/bits-knn-jpdc2024/data/application-scaling/bw01-35760924/gradient-compression-small.csv,5.425347222222222e-05,30,0.00816,0.008040249999999999,0.0082775,0.9889705882352942,False,False
gradient-compression,773ccccc257597721840d373c9f3e73e670a8d255c39e3a3e354a1d2571356c3,589824,1,32,0.0,0,bits-sq,32,256,16,selection_isolated,/home/jirka/research/2024/bits-knn-jpdc2024/data/application-scaling/bw01-35760924/gradient-compression-small.csv,5.425347222222222e-05,30,0.037334000000000006,0.03718225,0.03738725,0.7085900251781216,False,False
gradient-compression,773ccccc257597721840d373c9f3e73e670a8d255c39e3a3e354a1d2571356c3,589824,1,32,0.0,0,bits-sq,32,256,16,transform_isolated,/home/jirka/research/2024/bits-knn-jpdc2024/data/application-scaling/bw01-35760924/gradient-compression-small.csv,5.425347222222222e-05,30,0.009099999999999999,0.0089675,0.00919675,1.002692307692308,False,False
gradient-compression,773ccccc257597721840d373c9f3e73e670a8d255c39e3a3e354a1d2571356c3,589824,1,32,0.0,0,bits-sq,32,256,16,upload_shared,/home/jirka/research/2024/bits-knn-jpdc2024/data/application-scaling/bw01-35760924/gradient-compression-small.csv,5.425347222222222e-05,1,0.147708,0.147708,0.147708,1.2469737590381023,False,False
gradient-compression,773ccccc257597721840d373c9f3e73e670a8d255c39e3a3e354a1d2571356c3,589824,1,32,0.0,0,bits-sq,32,512,4,download,/home/jirka/research/2024/bits-knn-jpdc2024/data/application-scaling/bw01-35760924/gradient-compression-small.csv,5.425347222222222e-05,30,0.0088445,0.00868,0.00888975,0.9011249929334615,False,True
gradient-compression,773ccccc257597721840d373c9f3e73e670a8d255c39e3a3e354a1d2571356c3,589824,1,32,0.0,0,bits-sq,32,512,4,operator,/home/jirka/research/2024/bits-knn-jpdc2024/data/application-scaling/bw01-35760924/gradient-compression-small.csv,5.425347222222222e-05,30,0.0433145,0.04320725,0.04345675,0.8352745616364036,False,True
gradient-compression,773ccccc257597721840d373c9f3e73e670a8d255c39e3a3e354a1d2571356c3,589824,1,32,0.0,0,bits-sq,32,512,4,output_isolated,/home/jirka/research/2024/bits-knn-jpdc2024/data/application-scaling/bw01-35760924/gradient-compression-small.csv,5.425347222222222e-05,30,0.008285,0.00816,0.0083075,0.9740494870247435,False,True
gradient-compression,773ccccc257597721840d373c9f3e73e670a8d255c39e3a3e354a1d2571356c3,589824,1,32,0.0,0,bits-sq,32,512,4,selection_isolated,/home/jirka/research/2024/bits-knn-jpdc2024/data/application-scaling/bw01-35760924/gradient-compression-small.csv,5.425347222222222e-05,30,0.03396,0.03389225,0.034149250000000006,0.7789899882214371,False,True
gradient-compression,773ccccc257597721840d373c9f3e73e670a8d255c39e3a3e354a1d2571356c3,589824,1,32,0.0,0,bits-sq,32,512,4,transform_isolated,/home/jirka/research/2024/bits-knn-jpdc2024/data/application-scaling/bw01-35760924/gradient-compression-small.csv,5.425347222222222e-05,30,0.009165,0.0090525,0.0092875,0.995581014729951,False,True
gradient-compression,773ccccc257597721840d373c9f3e73e670a8d255c39e3a3e354a1d2571356c3,589824,1,32,0.0,0,bits-sq,32,512,4,upload_shared,/home/jirka/research/2024/bits-knn-jpdc2024/data/application-scaling/bw01-35760924/gradient-compression-small.csv,5.425347222222222e-05,1,0.153798,0.153798,0.153798,1.1975968478133658,False,True
gradient-compression,773ccccc257597721840d373c9f3e73e670a8d255c39e3a3e354a1d2571356c3,589824,1,32,0.0,0,bits-sq,32,512,7,download,/home/jirka/research/2024/bits-knn-jpdc2024/data/application-scaling/bw01-35760924/gradient-compression-small.csv,5.425347222222222e-05,30,0.008864499999999999,0.00869,0.008899750000000001,0.8990918833549552,False,False
gradient-compression,773ccccc257597721840d373c9f3e73e670a8d255c39e3a3e354a1d2571356c3,589824,1,32,0.0,0,bits-sq,32,512,7,operator,/home/jirka/research/2024/bits-knn-jpdc2024/data/application-scaling/bw01-35760924/gradient-compression-small.csv,5.425347222222222e-05,30,0.043195,0.04308175,0.043366749999999996,0.8375853686769303,False,False
gradient-compression,773ccccc257597721840d373c9f3e73e670a8d255c39e3a3e354a1d2571356c3,589824,1,32,0.0,0,bits-sq,32,512,7,output_isolated,/home/jirka/research/2024/bits-knn-jpdc2024/data/application-scaling/bw01-35760924/gradient-compression-small.csv,5.425347222222222e-05,30,0.0081905,0.0081225,0.00824675,0.9852878334656004,False,False
gradient-compression,773ccccc257597721840d373c9f3e73e670a8d255c39e3a3e354a1d2571356c3,589824,1,32,0.0,0,bits-sq,32,512,7,selection_isolated,/home/jirka/research/2024/bits-knn-jpdc2024/data/application-scaling/bw01-35760924/gradient-compression-small.csv,5.425347222222222e-05,30,0.033754,0.033702249999999996,0.03382,0.7837441488416188,False,False
gradient-compression,773ccccc257597721840d373c9f3e73e670a8d255c39e3a3e354a1d2571356c3,589824,1,32,0.0,0,bits-sq,32,512,7,transform_isolated,/home/jirka/research/2024/bits-knn-jpdc2024/data/application-scaling/bw01-35760924/gradient-compression-small.csv,5.425347222222222e-05,30,0.009120000000000001,0.009049249999999998,0.0092975,1.0004934210526315,False,False
gradient-compression,773ccccc257597721840d373c9f3e73e670a8d255c39e3a3e354a1d2571356c3,589824,1,32,0.0,0,bits-sq,32,512,7,upload_shared,/home/jirka/research/2024/bits-knn-jpdc2024/data/application-scaling/bw01-35760924/gradient-compression-small.csv,5.425347222222222e-05,1,0.142259,0.142259,0.142259,1.294737064087334,False,False
gradient-compression,773ccccc257597721840d373c9f3e73e670a8d255c39e3a3e354a1d2571356c3,589824,1,32,0.0,0,bits-sq,32,512,8,download,/home/jirka/research/2024/bits-knn-jpdc2024/data/application-scaling/bw01-35760924/gradient-compression-small.csv,5.425347222222222e-05,30,0.0088745,0.0086825,0.00889775,0.898078765000845,False,False
gradient-compression,773ccccc257597721840d373c9f3e73e670a8d255c39e3a3e354a1d2571356c3,589824,1,32,0.0,0,bits-sq,32,512,8,operator,/home/jirka/research/2024/bits-knn-jpdc2024/data/application-scaling/bw01-35760924/gradient-compression-small.csv,5.425347222222222e-05,30,0.04696500000000001,0.046884,0.047146499999999994,0.7703502608325348,False,False
gradient-compression,773ccccc257597721840d373c9f3e73e670a8d255c39e3a3e354a1d2571356c3,589824,1,32,0.0,0,bits-sq,32,512,8,output_isolated,/home/jirka/research/2024/bits-knn-jpdc2024/data/application-scaling/bw01-35760924/gradient-compression-small.csv,5.425347222222222e-05,30,0.0082345,0.00818225,0.00830675,0.9800230736535309,False,False
gradient-compression,773ccccc257597721840d373c9f3e73e670a8d255c39e3a3e354a1d2571356c3,589824,1,32,0.0,0,bits-sq,32,512,8,selection_isolated,/home/jirka/research/2024/bits-knn-jpdc2024/data/application-scaling/bw01-35760924/gradient-compression-small.csv,5.425347222222222e-05,30,0.03764,0.037599249999999994,0.03775725,0.7028294367693942,False,False
gradient-compression,773ccccc257597721840d373c9f3e73e670a8d255c39e3a3e354a1d2571356c3,589824,1,32,0.0,0,bits-sq,32,512,8,transform_isolated,/home/jirka/research/2024/bits-knn-jpdc2024/data/application-scaling/bw01-35760924/gradient-compression-small.csv,5.425347222222222e-05,30,0.00914,0.00906,0.009295000000000001,0.9983041575492342,False,False
gradient-compression,773ccccc257597721840d373c9f3e73e670a8d255c39e3a3e354a1d2571356c3,589824,1,32,0.0,0,bits-sq,32,512,8,upload_shared,/home/jirka/research/2024/bits-knn-jpdc2024/data/application-scaling/bw01-35760924/gradient-compression-small.csv,5.425347222222222e-05,1,0.143808,0.143808,0.143808,1.280791054739653,False,False
gradient-compression,773ccccc257597721840d373c9f3e73e670a8d255c39e3a3e354a1d2571356c3,589824,1,32,0.0,0,bits-sq,32,512,13,download,/home/jirka/research/2024/bits-knn-jpdc2024/data/application-scaling/bw01-35760924/gradient-compression-small.csv,5.425347222222222e-05,30,0.00884,0.00867225,0.00887,0.9015837104072397,False,False
gradient-compression,773ccccc257597721840d373c9f3e73e670a8d255c39e3a3e354a1d2571356c3,589824,1,32,0.0,0,bits-sq,32,512,13,operator,/home/jirka/research/2024/bits-knn-jpdc2024/data/application-scaling/bw01-35760924/gradient-compression-small.csv,5.425347222222222e-05,30,0.047335,0.0472915,0.0475165,0.7643287208196895,False,False
gradient-compression,773ccccc257597721840d373c9f3e73e670a8d255c39e3a3e354a1d2571356c3,589824,1,32,0.0,0,bits-sq,32,512,13,output_isolated,/home/jirka/research/2024/bits-knn-jpdc2024/data/application-scaling/bw01-35760924/gradient-compression-small.csv,5.425347222222222e-05,30,0.00818,0.0080825,0.00823075,0.9865525672371639,False,False
gradient-compression,773ccccc257597721840d373c9f3e73e670a8d255c39e3a3e354a1d2571356c3,589824,1,32,0.0,0,bits-sq,32,512,13,selection_isolated,/home/jirka/research/2024/bits-knn-jpdc2024/data/application-scaling/bw01-35760924/gradient-compression-small.csv,5.425347222222222e-05,30,0.0379595,0.037919,0.038014250000000006,0.6969138160407803,False,False
gradient-compression,773ccccc257597721840d373c9f3e73e670a8d255c39e3a3e354a1d2571356c3,589824,1,32,0.0,0,bits-sq,32,512,13,transform_isolated,/home/jirka/research/2024/bits-knn-jpdc2024/data/application-scaling/bw01-35760924/gradient-compression-small.csv,5.425347222222222e-05,30,0.009159500000000001,0.00905225,0.009289249999999999,0.9961788307222009,False,False
gradient-compression,773ccccc257597721840d373c9f3e73e670a8d255c39e3a3e354a1d2571356c3,589824,1,32,0.0,0,bits-sq,32,512,13,upload_shared,/home/jirka/research/2024/bits-knn-jpdc2024/data/application-scaling/bw01-35760924/gradient-compression-small.csv,5.425347222222222e-05,1,0.161218,0.161218,0.161218,1.1424778870845689,False,False
gradient-compression,773ccccc257597721840d373c9f3e73e670a8d255c39e3a3e354a1d2571356c3,589824,1,32,0.0,0,bits-sq,32,512,16,download,/home/jirka/research/2024/bits-knn-jpdc2024/data/application-scaling/bw01-35760924/gradient-compression-small.csv,5.425347222222222e-05,30,0.008815,0.0086425,0.00884,0.9041406693136699,False,False
gradient-compression,773ccccc257597721840d373c9f3e73e670a8d255c39e3a3e354a1d2571356c3,589824,1,32,0.0,0,bits-sq,32,512,16,operator,/home/jirka/research/2024/bits-knn-jpdc2024/data/application-scaling/bw01-35760924/gradient-compression-small.csv,5.425347222222222e-05,30,0.05134,0.05131175,0.051432250000000006,0.7047039345539542,False,False
gradient-compression,773ccccc257597721840d373c9f3e73e670a8d255c39e3a3e354a1d2571356c3,589824,1,32,0.0,0,bits-sq,32,512,16,output_isolated,/home/jirka/research/2024/bits-knn-jpdc2024/data/application-scaling/bw01-35760924/gradient-compression-small.csv,5.425347222222222e-05,30,0.008209999999999999,0.0081725,0.008280000000000001,0.9829476248477469,False,False
gradient-compression,773ccccc257597721840d373c9f3e73e670a8d255c39e3a3e354a1d2571356c3,589824,1,32,0.0,0,bits-sq,32,512,16,selection_isolated,/home/jirka/research/2024/bits-knn-jpdc2024/data/application-scaling/bw01-35760924/gradient-compression-small.csv,5.425347222222222e-05,30,0.0420095,0.04192,0.042096499999999995,0.6297266094573847,False,False
gradient-compression,773ccccc257597721840d373c9f3e73e670a8d255c39e3a3e354a1d2571356c3,589824,1,32,0.0,0,bits-sq,32,512,16,transform_isolated,/home/jirka/research/2024/bits-knn-jpdc2024/data/application-scaling/bw01-35760924/gradient-compression-small.csv,5.425347222222222e-05,30,0.009089999999999999,0.009029249999999999,0.00918,1.003795379537954,False,False
gradient-compression,773ccccc257597721840d373c9f3e73e670a8d255c39e3a3e354a1d2571356c3,589824,1,32,0.0,0,bits-sq,32,512,16,upload_shared,/home/jirka/research/2024/bits-knn-jpdc2024/data/application-scaling/bw01-35760924/gradient-compression-small.csv,5.425347222222222e-05,1,0.14180900000000002,0.14180900000000002,0.14180900000000002,1.2988456303901728,False,False
gradient-compression,773ccccc257597721840d373c9f3e73e670a8d255c39e3a3e354a1d2571356c3,589824,1,32,0.0,0,bits-sq,128,128,4,download,/home/jirka/research/2024/bits-knn-jpdc2024/data/application-scaling/bw01-35760924/gradient-compression-small.csv,5.425347222222222e-05,30,0.008685,0.00864,0.00886,0.9176741508347726,False,False
gradient-compression,773ccccc257597721840d373c9f3e73e670a8d255c39e3a3e354a1d2571356c3,589824,1,32,0.0,0,bits-sq,128,128,4,operator,/home/jirka/research/2024/bits-knn-jpdc2024/data/application-scaling/bw01-35760924/gradient-compression-small.csv,5.425347222222222e-05,30,0.0405895,0.04051,0.040736749999999995,0.8913512115202208,False,False
gradient-compression,773ccccc257597721840d373c9f3e73e670a8d255c39e3a3e354a1d2571356c3,589824,1,32,0.0,0,bits-sq,128,128,4,output_isolated,/home/jirka/research/2024/bits-knn-jpdc2024/data/application-scaling/bw01-35760924/gradient-compression-small.csv,5.425347222222222e-05,30,0.0082045,0.00814,0.008295,0.9836065573770493,False,False
gradient-compression,773ccccc257597721840d373c9f3e73e670a8d255c39e3a3e354a1d2571356c3,589824,1,32,0.0,0,bits-sq,128,128,4,selection_isolated,/home/jirka/research/2024/bits-knn-jpdc2024/data/application-scaling/bw01-35760924/gradient-compression-small.csv,5.425347222222222e-05,30,0.0312595,0.0311225,0.031304,0.8462867288344342,False,False
gradient-compression,773ccccc257597721840d373c9f3e73e670a8d255c39e3a3e354a1d2571356c3,589824,1,32,0.0,0,bits-sq,128,128,4,transform_isolated,/home/jirka/research/2024/bits-knn-jpdc2024/data/application-scaling/bw01-35760924/gradient-compression-small.csv,5.425347222222222e-05,30,0.0091345,0.00903,0.0092875,0.9989052493294652,False,False
gradient-compression,773ccccc257597721840d373c9f3e73e670a8d255c39e3a3e354a1d2571356c3,589824,1,32,0.0,0,bits-sq,128,128,4,upload_shared,/home/jirka/research/2024/bits-knn-jpdc2024/data/application-scaling/bw01-35760924/gradient-compression-small.csv,5.425347222222222e-05,1,0.14595799999999998,0.14595799999999998,0.14595799999999998,1.2619246632592942,False,False
gradient-compression,773ccccc257597721840d373c9f3e73e670a8d255c39e3a3e354a1d2571356c3,589824,1,32,0.0,0,bits-sq,128,128,7,download,/home/jirka/research/2024/bits-knn-jpdc2024/data/application-scaling/bw01-35760924/gradient-compression-small.csv,5.425347222222222e-05,30,0.008695,0.008647249999999999,0.0089,0.9166187464059804,False,False
gradient-compression,773ccccc257597721840d373c9f3e73e670a8d255c39e3a3e354a1d2571356c3,589824,1,32,0.0,0,bits-sq,128,128,7,operator,/home/jirka/research/2024/bits-knn-jpdc2024/data/application-scaling/bw01-35760924/gradient-compression-small.csv,5.425347222222222e-05,30,0.039834499999999995,0.03975475,0.040015,0.9082453651985091,False,False
gradient-compression,773ccccc257597721840d373c9f3e73e670a8d255c39e3a3e354a1d2571356c3,589824,1,32,0.0,0,bits-sq,128,128,7,output_isolated,/home/jirka/research/2024/bits-knn-jpdc2024/data/application-scaling/bw01-35760924/gradient-compression-small.csv,5.425347222222222e-05,30,0.008185,0.00814,0.008280000000000001,0.9859499083689678,False,False
gradient-compression,773ccccc257597721840d373c9f3e73e670a8d255c39e3a3e354a1d2571356c3,589824,1,32,0.0,0,bits-sq,128,128,7,selection_isolated,/home/jirka/research/2024/bits-knn-jpdc2024/data/application-scaling/bw01-35760924/gradient-compression-small.csv,5.425347222222222e-05,30,0.030528999999999997,0.0304475,0.030575000000000005,0.8665367355629074,False,False
gradient-compression,773ccccc257597721840d373c9f3e73e670a8d255c39e3a3e354a1d2571356c3,589824,1,32,0.0,0,bits-sq,128,128,7,transform_isolated,/home/jirka/research/2024/bits-knn-jpdc2024/data/application-scaling/bw01-35760924/gradient-compression-small.csv,5.425347222222222e-05,30,0.009155,0.009062500000000001,0.0093025,0.9966684871654834,False,False
gradient-compression,773ccccc257597721840d373c9f3e73e670a8d255c39e3a3e354a1d2571356c3,589824,1,32,0.0,0,bits-sq,128,128,7,upload_shared,/home/jirka/research/2024/bits-knn-jpdc2024/data/application-scaling/bw01-35760924/gradient-compression-small.csv,5.425347222222222e-05,1,0.151108,0.151108,0.151108,1.2189162718055961,False,False
gradient-compression,773ccccc257597721840d373c9f3e73e670a8d255c39e3a3e354a1d2571356c3,589824,1,32,0.0,0,bits-sq,128,128,8,download,/home/jirka/research/2024/bits-knn-jpdc2024/data/application-scaling/bw01-35760924/gradient-compression-small.csv,5.425347222222222e-05,30,0.00841,0.008033249999999999,0.00887,0.947681331747919,True,False
gradient-compression,773ccccc257597721840d373c9f3e73e670a8d255c39e3a3e354a1d2571356c3,589824,1,32,0.0,0,bits-sq,128,128,8,operator,/home/jirka/research/2024/bits-knn-jpdc2024/data/application-scaling/bw01-35760924/gradient-compression-small.csv,5.425347222222222e-05,30,0.038289500000000004,0.03748,0.038554000000000005,0.9448935086642553,True,False
gradient-compression,773ccccc257597721840d373c9f3e73e670a8d255c39e3a3e354a1d2571356c3,589824,1,32,0.0,0,bits-sq,128,128,8,output_isolated,/home/jirka/research/2024/bits-knn-jpdc2024/data/application-scaling/bw01-35760924/gradient-compression-small.csv,5.425347222222222e-05,30,0.008195,0.008154999999999999,0.00826,0.9847467968273339,True,False
gradient-compression,773ccccc257597721840d373c9f3e73e670a8d255c39e3a3e354a1d2571356c3,589824,1,32,0.0,0,bits-sq,128,128,8,selection_isolated,/home/jirka/research/2024/bits-knn-jpdc2024/data/application-scaling/bw01-35760924/gradient-compression-small.csv,5.425347222222222e-05,30,0.029070000000000002,0.02894725,0.029159,0.9100275197798416,True,False
gradient-compression,773ccccc257597721840d373c9f3e73e670a8d255c39e3a3e354a1d2571356c3,589824,1,32,0.0,0,bits-sq,128,128,8,transform_isolated,/home/jirka/research/2024/bits-knn-jpdc2024/data/application-scaling/bw01-35760924/gradient-compression-small.csv,5.425347222222222e-05,30,0.009089,0.009032499999999999,0.0092525,1.0039058202222468,True,False
gradient-compression,773ccccc257597721840d373c9f3e73e670a8d255c39e3a3e354a1d2571356c3,589824,1,32,0.0,0,bits-sq,128,128,8,upload_shared,/home/jirka/research/2024/bits-knn-jpdc2024/data/application-scaling/bw01-35760924/gradient-compression-small.csv,5.425347222222222e-05,1,0.150908,0.150908,0.150908,1.2205317146870944,True,False
gradient-compression,773ccccc257597721840d373c9f3e73e670a8d255c39e3a3e354a1d2571356c3,589824,1,32,0.0,0,bits-sq,128,128,13,download,/home/jirka/research/2024/bits-knn-jpdc2024/data/application-scaling/bw01-35760924/gradient-compression-small.csv,5.425347222222222e-05,30,0.008865,0.0086825,0.0089,0.8990411731528483,False,False
gradient-compression,773ccccc257597721840d373c9f3e73e670a8d255c39e3a3e354a1d2571356c3,589824,1,32,0.0,0,bits-sq,128,128,13,operator,/home/jirka/research/2024/bits-knn-jpdc2024/data/application-scaling/bw01-35760924/gradient-compression-small.csv,5.425347222222222e-05,30,0.0417345,0.0416275,0.04185675,0.8668966921851227,False,False
gradient-compression,773ccccc257597721840d373c9f3e73e670a8d255c39e3a3e354a1d2571356c3,589824,1,32,0.0,0,bits-sq,128,128,13,output_isolated,/home/jirka/research/2024/bits-knn-jpdc2024/data/application-scaling/bw01-35760924/gradient-compression-small.csv,5.425347222222222e-05,30,0.00826,0.00818,0.0083,0.976997578692494,False,False
gradient-compression,773ccccc257597721840d373c9f3e73e670a8d255c39e3a3e354a1d2571356c3,589824,1,32,0.0,0,bits-sq,128,128,13,selection_isolated,/home/jirka/research/2024/bits-knn-jpdc2024/data/application-scaling/bw01-35760924/gradient-compression-small.csv,5.425347222222222e-05,30,0.032355,0.032298999999999994,0.032440000000000004,0.8176325142945449,False,False
gradient-compression,773ccccc257597721840d373c9f3e73e670a8d255c39e3a3e354a1d2571356c3,589824,1,32,0.0,0,bits-sq,128,128,13,transform_isolated,/home/jirka/research/2024/bits-knn-jpdc2024/data/application-scaling/bw01-35760924/gradient-compression-small.csv,5.425347222222222e-05,30,0.0091995,0.009099999999999999,0.009305,0.9918473830099463,False,False
gradient-compression,773ccccc257597721840d373c9f3e73e670a8d255c39e3a3e354a1d2571356c3,589824,1,32,0.0,0,bits-sq,128,128,13,upload_shared,/home/jirka/research/2024/bits-knn-jpdc2024/data/application-scaling/bw01-35760924/gradient-compression-small.csv,5.425347222222222e-05,1,0.146629,0.146629,0.146629,1.256149874854224,False,False
gradient-compression,773ccccc257597721840d373c9f3e73e670a8d255c39e3a3e354a1d2571356c3,589824,1,32,0.0,0,bits-sq,128,128,16,download,/home/jirka/research/2024/bits-knn-jpdc2024/data/application-scaling/bw01-35760924/gradient-compression-small.csv,5.425347222222222e-05,30,0.00869,0.00865225,0.0088575,0.9171461449942463,False,False
gradient-compression,773ccccc257597721840d373c9f3e73e670a8d255c39e3a3e354a1d2571356c3,589824,1,32,0.0,0,bits-sq,128,128,16,operator,/home/jirka/research/2024/bits-knn-jpdc2024/data/application-scaling/bw01-35760924/gradient-compression-small.csv,5.425347222222222e-05,30,0.043815,0.043699,0.043975,0.8257331963939291,False,False
gradient-compression,773ccccc257597721840d373c9f3e73e670a8d255c39e3a3e354a1d2571356c3,589824,1,32,0.0,0,bits-sq,128,128,16,output_isolated,/home/jirka/research/2024/bits-knn-jpdc2024/data/application-scaling/bw01-35760924/gradient-compression-small.csv,5.425347222222222e-05,30,0.008269499999999999,0.008230000000000001,0.00833675,0.9758752040631238,False,False
gradient-compression,773ccccc257597721840d373c9f3e73e670a8d255c39e3a3e354a1d2571356c3,589824,1,32,0.0,0,bits-sq,128,128,16,selection_isolated,/home/jirka/research/2024/bits-knn-jpdc2024/data/application-scaling/bw01-35760924/gradient-compression-small.csv,5.425347222222222e-05,30,0.034339499999999995,0.03425175,0.03439725,0.7703810480641827,False,False
gradient-compression,773ccccc257597721840d373c9f3e73e670a8d255c39e3a3e354a1d2571356c3,589824,1,32,0.0,0,bits-sq,128,128,16,transform_isolated,/home/jirka/research/2024/bits-knn-jpdc2024/data/application-scaling/bw01-35760924/gradient-compression-small.csv,5.425347222222222e-05,30,0.009089999999999999,0.0090025,0.00925075,1.003795379537954,False,False
gradient-compression,773ccccc257597721840d373c9f3e73e670a8d255c39e3a3e354a1d2571356c3,589824,1,32,0.0,0,bits-sq,128,128,16,upload_shared,/home/jirka/research/2024/bits-knn-jpdc2024/data/application-scaling/bw01-35760924/gradient-compression-small.csv,5.425347222222222e-05,1,0.147379,0.147379,0.147379,1.2497574281274808,False,False
gradient-compression,773ccccc257597721840d373c9f3e73e670a8d255c39e3a3e354a1d2571356c3,589824,1,32,0.0,0,bits-sq,128,256,4,download,/home/jirka/research/2024/bits-knn-jpdc2024/data/application-scaling/bw01-35760924/gradient-compression-small.csv,5.425347222222222e-05,30,0.008695,0.00781,0.00889,0.9166187464059804,False,False
gradient-compression,773ccccc257597721840d373c9f3e73e670a8d255c39e3a3e354a1d2571356c3,589824,1,32,0.0,0,bits-sq,128,256,4,operator,/home/jirka/research/2024/bits-knn-jpdc2024/data/application-scaling/bw01-35760924/gradient-compression-small.csv,5.425347222222222e-05,30,0.03831949999999999,0.03765675,0.038574,0.9441537598350712,False,False
gradient-compression,773ccccc257597721840d373c9f3e73e670a8d255c39e3a3e354a1d2571356c3,589824,1,32,0.0,0,bits-sq,128,256,4,output_isolated,/home/jirka/research/2024/bits-knn-jpdc2024/data/application-scaling/bw01-35760924/gradient-compression-small.csv,5.425347222222222e-05,30,0.008135,0.008077500000000001,0.00817675,0.9920098340503997,False,False
gradient-compression,773ccccc257597721840d373c9f3e73e670a8d255c39e3a3e354a1d2571356c3,589824,1,32,0.0,0,bits-sq,128,256,4,selection_isolated,/home/jirka/research/2024/bits-knn-jpdc2024/data/application-scaling/bw01-35760924/gradient-compression-small.csv,5.425347222222222e-05,30,0.02896,0.0287715,0.029046500000000003,0.9134841160220994,False,False
gradient-compression,773ccccc257597721840d373c9f3e73e670a8d255c39e3a3e354a1d2571356c3,589824,1,32,0.0,0,bits-sq,128,256,4,transform_isolated,/home/jirka/research/2024/bits-knn-jpdc2024/data/application-scaling/bw01-35760924/gradient-compression-small.csv,5.425347222222222e-05,30,0.00914,0.0090525,0.00924425,0.9983041575492342,False,False
gradient-compression,773ccccc257597721840d373c9f3e73e670a8d255c39e3a3e354a1d2571356c3,589824,1,32,0.0,0,bits-sq,128,256,4,upload_shared,/home/jirka/research/2024/bits-knn-jpdc2024/data/application-scaling/bw01-35760924/gradient-compression-small.csv,5.425347222222222e-05,1,0.159579,0.159579,0.159579,1.1542120203786215,False,False
gradient-compression,773ccccc257597721840d373c9f3e73e670a8d255c39e3a3e354a1d2571356c3,589824,1,32,0.0,0,bits-sq,128,256,7,download,/home/jirka/research/2024/bits-knn-jpdc2024/data/application-scaling/bw01-35760924/gradient-compression-small.csv,5.425347222222222e-05,30,0.0087395,0.0081975,0.00885675,0.9119514846387092,False,False
gradient-compression,773ccccc257597721840d373c9f3e73e670a8d255c39e3a3e354a1d2571356c3,589824,1,32,0.0,0,bits-sq,128,256,7,operator,/home/jirka/research/2024/bits-knn-jpdc2024/data/application-scaling/bw01-35760924/gradient-compression-small.csv,5.425347222222222e-05,30,0.040194999999999995,0.040049,0.04031475,0.9000995148650331,False,False
gradient-compression,773ccccc257597721840d373c9f3e73e670a8d255c39e3a3e354a1d2571356c3,589824,1,32,0.0,0,bits-sq,128,256,7,output_isolated,/home/jirka/research/2024/bits-knn-jpdc2024/data/application-scaling/bw01-35760924/gradient-compression-small.csv,5.425347222222222e-05,30,0.008285,0.008230000000000001,0.0083575,0.9740494870247435,False,False
gradient-compression,773ccccc257597721840d373c9f3e73e670a8d255c39e3a3e354a1d2571356c3,589824,1,32,0.0,0,bits-sq,128,256,7,selection_isolated,/home/jirka/research/2024/bits-knn-jpdc2024/data/application-scaling/bw01-35760924/gradient-compression-small.csv,5.425347222222222e-05,30,0.030769499999999998,0.030689249999999998,0.03085675,0.8597637270673881,False,False
gradient-compression,773ccccc257597721840d373c9f3e73e670a8d255c39e3a3e354a1d2571356c3,589824,1,32,0.0,0,bits-sq,128,256,7,transform_isolated,/home/jirka/research/2024/bits-knn-jpdc2024/data/application-scaling/bw01-35760924/gradient-compression-small.csv,5.425347222222222e-05,30,0.00918,0.009132500000000002,0.009315,0.9939542483660131,False,False
gradient-compression,773ccccc257597721840d373c9f3e73e670a8d255c39e3a3e354a1d2571356c3,589824,1,32,0.0,0,bits-sq,128,256,7,upload_shared,/home/jirka/research/2024/bits-knn-jpdc2024/data/application-scaling/bw01-35760924/gradient-compression-small.csv,5.425347222222222e-05,1,0.15693900000000002,0.15693900000000002,0.15693900000000002,1.1736279701030337,False,False
gradient-compression,773ccccc257597721840d373c9f3e73e670a8d255c39e3a3e354a1d2571356c3,589824,1,32,0.0,0,bits-sq,128,256,8,download,/home/jirka/research/2024/bits-knn-jpdc2024/data/application-scaling/bw01-35760924/gradient-compression-small.csv,5.425347222222222e-05,30,0.00867,0.00864925,0.00885,0.9192618223760092,False,False
gradient-compression,773ccccc257597721840d373c9f3e73e670a8d255c39e3a3e354a1d2571356c3,589824,1,32,0.0,0,bits-sq,128,256,8,operator,/home/jirka/research/2024/bits-knn-jpdc2024/data/application-scaling/bw01-35760924/gradient-compression-small.csv,5.425347222222222e-05,30,0.040279499999999996,0.040219250000000005,0.04043,0.8982112488983232,False,False
gradient-compression,773ccccc257597721840d373c9f3e73e670a8d255c39e3a3e354a1d2571356c3,589824,1,32,0.0,0,bits-sq,128,256,8,output_isolated,/home/jirka/research/2024/bits-knn-jpdc2024/data/application-scaling/bw01-35760924/gradient-compression-small.csv,5.425347222222222e-05,30,0.00836,0.00824225,0.00839,0.9653110047846891,False,False
gradient-compression,773ccccc257597721840d373c9f3e73e670a8d255c39e3a3e354a1d2571356c3,589824,1,32,0.0,0,bits-sq,128,256,8,selection_isolated,/home/jirka/research/2024/bits-knn-jpdc2024/data/application-scaling/bw01-35760924/gradient-compression-small.csv,5.425347222222222e-05,30,0.030799,0.030715,0.03085,0.8589402253319912,False,False
gradient-compression,773ccccc257597721840d373c9f3e73e670a8d255c39e3a3e354a1d2571356c3,589824,1,32,0.0,0,bits-sq,128,256,8,transform_isolated,/home/jirka/research/2024/bits-knn-jpdc2024/data/application-scaling/bw01-35760924/gradient-compression-small.csv,5.425347222222222e-05,30,0.009229999999999999,0.009092499999999998,0.009307500000000002,0.9885698808234021,False,False
gradient-compression,773ccccc257597721840d373c9f3e73e670a8d255c39e3a3e354a1d2571356c3,589824,1,32,0.0,0,bits-sq,128,256,8,upload_shared,/home/jirka/research/2024/bits-knn-jpdc2024/data/application-scaling/bw01-35760924/gradient-compression-small.csv,5.425347222222222e-05,1,0.146368,0.146368,0.146368,1.258389811980761,False,False
gradient-compression,773ccccc257597721840d373c9f3e73e670a8d255c39e3a3e354a1d2571356c3,589824,1,32,0.0,0,bits-sq,128,256,13,download,/home/jirka/research/2024/bits-knn-jpdc2024/data/application-scaling/bw01-35760924/gradient-compression-small.csv,5.425347222222222e-05,30,0.008655,0.00790225,0.0087925,0.9208549971114962,False,False
gradient-compression,773ccccc257597721840d373c9f3e73e670a8d255c39e3a3e354a1d2571356c3,589824,1,32,0.0,0,bits-sq,128,256,13,operator,/home/jirka/research/2024/bits-knn-jpdc2024/data/application-scaling/bw01-35760924/gradient-compression-small.csv,5.425347222222222e-05,30,0.0460145,0.045912499999999995,0.04627675,0.7862630257853503,False,False
gradient-compression,773ccccc257597721840d373c9f3e73e670a8d255c39e3a3e354a1d2571356c3,589824,1,32,0.0,0,bits-sq,128,256,13,output_isolated,/home/jirka/research/2024/bits-knn-jpdc2024/data/application-scaling/bw01-35760924/gradient-compression-small.csv,5.425347222222222e-05,30,0.008189,0.008117500000000001,0.00824975,0.9854683111491025,False,False
gradient-compression,773ccccc257597721840d373c9f3e73e670a8d255c39e3a3e354a1d2571356c3,589824,1,32,0.0,0,bits-sq,128,256,13,selection_isolated,/home/jirka/research/2024/bits-knn-jpdc2024/data/application-scaling/bw01-35760924/gradient-compression-small.csv,5.425347222222222e-05,30,0.036685,0.036546749999999996,0.036769750000000004,0.7211258007359955,False,False
gradient-compression,773ccccc257597721840d373c9f3e73e670a8d255c39e3a3e354a1d2571356c3,589824,1,32,0.0,0,bits-sq,128,256,13,transform_isolated,/home/jirka/research/2024/bits-knn-jpdc2024/data/application-scaling/bw01-35760924/gradient-compression-small.csv,5.425347222222222e-05,30,0.009099000000000001,0.009017500000000001,0.00916975,1.0028025057698648,False,False
gradient-compression,773ccccc257597721840d373c9f3e73e670a8d255c39e3a3e354a1d2571356c3,589824,1,32,0.0,0,bits-sq,128,256,13,upload_shared,/home/jirka/research/2024/bits-knn-jpdc2024/data/application-scaling/bw01-35760924/gradient-compression-small.csv,5.425347222222222e-05,1,0.14851799999999998,0.14851799999999998,0.14851799999999998,1.2401729083343436,False,False
gradient-compression,773ccccc257597721840d373c9f3e73e670a8d255c39e3a3e354a1d2571356c3,589824,1,32,0.0,0,bits-sq,128,256,16,download,/home/jirka/research/2024/bits-knn-jpdc2024/data/application-scaling/bw01-35760924/gradient-compression-small.csv,5.425347222222222e-05,30,0.008664999999999999,0.00863925,0.008839,0.919792267743797,False,False
gradient-compression,773ccccc257597721840d373c9f3e73e670a8d255c39e3a3e354a1d2571356c3,589824,1,32,0.0,0,bits-sq,128,256,16,operator,/home/jirka/research/2024/bits-knn-jpdc2024/data/application-scaling/bw01-35760924/gradient-compression-small.csv,5.425347222222222e-05,30,0.049228999999999995,0.049131499999999995,0.04944175,0.7349225050275245,False,False
gradient-compression,773ccccc257597721840d373c9f3e73e670a8d255c39e3a3e354a1d2571356c3,589824,1,32,0.0,0,bits-sq,128,256,16,output_isolated,/home/jirka/research/2024/bits-knn-jpdc2024/data/application-scaling/bw01-35760924/gradient-compression-small.csv,5.425347222222222e-05,30,0.0084,0.0083025,0.0085,0.9607142857142859,False,False
gradient-compression,773ccccc257597721840d373c9f3e73e670a8d255c39e3a3e354a1d2571356c3,589824,1,32,0.0,0,bits-sq,128,256,16,selection_isolated,/home/jirka/research/2024/bits-knn-jpdc2024/data/application-scaling/bw01-35760924/gradient-compression-small.csv,5.425347222222222e-05,30,0.0397095,0.03964725,0.039807499999999996,0.6662007831879021,False,False
gradient-compression,773ccccc257597721840d373c9f3e73e670a8d255c39e3a3e354a1d2571356c3,589824,1,32,0.0,0,bits-sq,128,256,16,transform_isolated,/home/jirka/research/2024/bits-knn-jpdc2024/data/application-scaling/bw01-35760924/gradient-compression-small.csv,5.425347222222222e-05,30,0.0093545,0.009215,0.00949,0.9754129028809665,False,False
gradient-compression,773ccccc257597721840d373c9f3e73e670a8d255c39e3a3e354a1d2571356c3,589824,1,32,0.0,0,bits-sq,128,256,16,upload_shared,/home/jirka/research/2024/bits-knn-jpdc2024/data/application-scaling/bw01-35760924/gradient-compression-small.csv,5.425347222222222e-05,1,0.147259,0.147259,0.147259,1.2507758439212544,False,False
gradient-compression,773ccccc257597721840d373c9f3e73e670a8d255c39e3a3e354a1d2571356c3,589824,1,32,0.0,0,bits-sq,128,512,4,download,/home/jirka/research/2024/bits-knn-jpdc2024/data/application-scaling/bw01-35760924/gradient-compression-small.csv,5.425347222222222e-05,30,0.008664499999999999,0.00799,0.00884,0.9198453459518727,False,False
gradient-compression,773ccccc257597721840d373c9f3e73e670a8d255c39e3a3e354a1d2571356c3,589824,1,32,0.0,0,bits-sq,128,512,4,operator,/home/jirka/research/2024/bits-knn-jpdc2024/data/application-scaling/bw01-35760924/gradient-compression-small.csv,5.425347222222222e-05,30,0.039764999999999995,0.03960225,0.039825,0.9098327675091162,False,False
gradient-compression,773ccccc257597721840d373c9f3e73e670a8d255c39e3a3e354a1d2571356c3,589824,1,32,0.0,0,bits-sq,128,512,4,output_isolated,/home/jirka/research/2024/bits-knn-jpdc2024/data/application-scaling/bw01-35760924/gradient-compression-small.csv,5.425347222222222e-05,30,0.008225,0.00815175,0.00832,0.9811550151975685,False,False
gradient-compression,773ccccc257597721840d373c9f3e73e670a8d255c39e3a3e354a1d2571356c3,589824,1,32,0.0,0,bits-sq,128,512,4,selection_isolated,/home/jirka/research/2024/bits-knn-jpdc2024/data/application-scaling/bw01-35760924/gradient-compression-small.csv,5.425347222222222e-05,30,0.03036,0.03025975,0.03046675,0.8713603425559946,False,False
gradient-compression,773ccccc257597721840d373c9f3e73e670a8d255c39e3a3e354a1d2571356c3,589824,1,32,0.0,0,bits-sq,128,512,4,transform_isolated,/home/jirka/research/2024/bits-knn-jpdc2024/data/application-scaling/bw01-35760924/gradient-compression-small.csv,5.425347222222222e-05,30,0.0091845,0.009109250000000001,0.00932675,0.9934672546137515,False,False
gradient-compression,773ccccc257597721840d373c9f3e73e670a8d255c39e3a3e354a1d2571356c3,589824,1,32,0.0,0,bits-sq,128,512,4,upload_shared,/home/jirka/research/2024/bits-knn-jpdc2024/data/application-scaling/bw01-35760924/gradient-compression-small.csv,5.425347222222222e-05,1,0.147938,0.147938,0.147938,1.245035082264192,False,False
gradient-compression,773ccccc257597721840d373c9f3e73e670a8d255c39e3a3e354a1d2571356c3,589824,1,32,0.0,0,bits-sq,128,512,7,download,/home/jirka/research/2024/bits-knn-jpdc2024/data/application-scaling/bw01-35760924/gradient-compression-small.csv,5.425347222222222e-05,30,0.00882,0.00867,0.00887,0.9036281179138322,False,False
gradient-compression,773ccccc257597721840d373c9f3e73e670a8d255c39e3a3e354a1d2571356c3,589824,1,32,0.0,0,bits-sq,128,512,7,operator,/home/jirka/research/2024/bits-knn-jpdc2024/data/application-scaling/bw01-35760924/gradient-compression-small.csv,5.425347222222222e-05,30,0.040134500000000004,0.0400125,0.04031425,0.9014563530129938,False,False
gradient-compression,773ccccc257597721840d373c9f3e73e670a8d255c39e3a3e354a1d2571356c3,589824,1,32,0.0,0,bits-sq,128,512,7,output_isolated,/home/jirka/research/2024/bits-knn-jpdc2024/data/application-scaling/bw01-35760924/gradient-compression-small.csv,5.425347222222222e-05,30,0.00819,0.008112250000000001,0.0082275,0.9853479853479855,False,False
gradient-compression,773ccccc257597721840d373c9f3e73e670a8d255c39e3a3e354a1d2571356c3,589824,1,32,0.0,0,bits-sq,128,512,7,selection_isolated,/home/jirka/research/2024/bits-knn-jpdc2024/data/application-scaling/bw01-35760924/gradient-compression-small.csv,5.425347222222222e-05,30,0.0307195,0.030645,0.03079975,0.8611631048682432,False,False
gradient-compression,773ccccc257597721840d373c9f3e73e670a8d255c39e3a3e354a1d2571356c3,589824,1,32,0.0,0,bits-sq,128,512,7,transform_isolated,/home/jirka/research/2024/bits-knn-jpdc2024/data/application-scaling/bw01-35760924/gradient-compression-small.csv,5.425347222222222e-05,30,0.009114500000000001,0.00904,0.009267499999999998,1.0010971528882548,False,False
gradient-compression,773ccccc257597721840d373c9f3e73e670a8d255c39e3a3e354a1d2571356c3,589824,1,32,0.0,0,bits-sq,128,512,7,upload_shared,/home/jirka/research/2024/bits-knn-jpdc2024/data/application-scaling/bw01-35760924/gradient-compression-small.csv,5.425347222222222e-05,1,0.146548,0.146548,0.146548,1.2568441739225373,False,False
gradient-compression,773ccccc257597721840d373c9f3e73e670a8d255c39e3a3e354a1d2571356c3,589824,1,32,0.0,0,bits-sq,128,512,8,download,/home/jirka/research/2024/bits-knn-jpdc2024/data/application-scaling/bw01-35760924/gradient-compression-small.csv,5.425347222222222e-05,30,0.008675,0.008212500000000001,0.00885,0.9187319884726224,False,False
gradient-compression,773ccccc257597721840d373c9f3e73e670a8d255c39e3a3e354a1d2571356c3,589824,1,32,0.0,0,bits-sq,128,512,8,operator,/home/jirka/research/2024/bits-knn-jpdc2024/data/application-scaling/bw01-35760924/gradient-compression-small.csv,5.425347222222222e-05,30,0.042859999999999995,0.04132225,0.04297,0.8441320578628093,False,False
gradient-compression,773ccccc257597721840d373c9f3e73e670a8d255c39e3a3e354a1d2571356c3,589824,1,32,0.0,0,bits-sq,128,512,8,output_isolated,/home/jirka/research/2024/bits-knn-jpdc2024/data/application-scaling/bw01-35760924/gradient-compression-small.csv,5.425347222222222e-05,30,0.008225,0.008077500000000001,0.008315,0.9811550151975685,False,False
gradient-compression,773ccccc257597721840d373c9f3e73e670a8d255c39e3a3e354a1d2571356c3,589824,1,32,0.0,0,bits-sq,128,512,8,selection_isolated,/home/jirka/research/2024/bits-knn-jpdc2024/data/application-scaling/bw01-35760924/gradient-compression-small.csv,5.425347222222222e-05,30,0.033504,0.032877500000000004,0.03362675,0.7895922874880611,False,False
gradient-compression,773ccccc257597721840d373c9f3e73e670a8d255c39e3a3e354a1d2571356c3,589824,1,32,0.0,0,bits-sq,128,512,8,transform_isolated,/home/jirka/research/2024/bits-knn-jpdc2024/data/application-scaling/bw01-35760924/gradient-compression-small.csv,5.425347222222222e-05,30,0.0090895,0.008427750000000001,0.0092,1.0038505968425107,False,False
gradient-compression,773ccccc257597721840d373c9f3e73e670a8d255c39e3a3e354a1d2571356c3,589824,1,32,0.0,0,bits-sq,128,512,8,upload_shared,/home/jirka/research/2024/bits-knn-jpdc2024/data/application-scaling/bw01-35760924/gradient-compression-small.csv,5.425347222222222e-05,1,0.146308,0.146308,0.146308,1.2589058698088964,False,False
gradient-compression,773ccccc257597721840d373c9f3e73e670a8d255c39e3a3e354a1d2571356c3,589824,1,32,0.0,0,bits-sq,128,512,13,download,/home/jirka/research/2024/bits-knn-jpdc2024/data/application-scaling/bw01-35760924/gradient-compression-small.csv,5.425347222222222e-05,30,0.00869,0.008085,0.00888975,0.9171461449942463,False,False
gradient-compression,773ccccc257597721840d373c9f3e73e670a8d255c39e3a3e354a1d2571356c3,589824,1,32,0.0,0,bits-sq,128,512,13,operator,/home/jirka/research/2024/bits-knn-jpdc2024/data/application-scaling/bw01-35760924/gradient-compression-small.csv,5.425347222222222e-05,30,0.044024499999999994,0.04394,0.04416975000000001,0.8218037683562563,False,False
gradient-compression,773ccccc257597721840d373c9f3e73e670a8d255c39e3a3e354a1d2571356c3,589824,1,32,0.0,0,bits-sq,128,512,13,output_isolated,/home/jirka/research/2024/bits-knn-jpdc2024/data/application-scaling/bw01-35760924/gradient-compression-small.csv,5.425347222222222e-05,30,0.0082595,0.00816425,0.00829775,0.9770567225618986,False,False
gradient-compression,773ccccc257597721840d373c9f3e73e670a8d255c39e3a3e354a1d2571356c3,589824,1,32,0.0,0,bits-sq,128,512,13,selection_isolated,/home/jirka/research/2024/bits-knn-jpdc2024/data/application-scaling/bw01-35760924/gradient-compression-small.csv,5.425347222222222e-05,30,0.034709500000000004,0.034643999999999994,0.03476725,0.7621688586698165,False,False
gradient-compression,773ccccc257597721840d373c9f3e73e670a8d255c39e3a3e354a1d2571356c3,589824,1,32,0.0,0,bits-sq,128,512,13,transform_isolated,/home/jirka/research/2024/bits-knn-jpdc2024/data/application-scaling/bw01-35760924/gradient-compression-small.csv,5.425347222222222e-05,30,0.009195,0.0091225,0.009345000000000001,0.9923327895595433,False,False
gradient-compression,773ccccc257597721840d373c9f3e73e670a8d255c39e3a3e354a1d2571356c3,589824,1,32,0.0,0,bits-sq,128,512,13,upload_shared,/home/jirka/research/2024/bits-knn-jpdc2024/data/application-scaling/bw01-35760924/gradient-compression-small.csv,5.425347222222222e-05,1,0.144719,0.144719,0.144719,1.2727285290804942,False,False
gradient-compression,773ccccc257597721840d373c9f3e73e670a8d255c39e3a3e354a1d2571356c3,589824,1,32,0.0,0,bits-sq,128,512,16,download,/home/jirka/research/2024/bits-knn-jpdc2024/data/application-scaling/bw01-35760924/gradient-compression-small.csv,5.425347222222222e-05,30,0.00886,0.00866925,0.00888675,0.8995485327313769,False,False
gradient-compression,773ccccc257597721840d373c9f3e73e670a8d255c39e3a3e354a1d2571356c3,589824,1,32,0.0,0,bits-sq,128,512,16,operator,/home/jirka/research/2024/bits-knn-jpdc2024/data/application-scaling/bw01-35760924/gradient-compression-small.csv,5.425347222222222e-05,30,0.0441245,0.04405,0.044257250000000005,0.8199413024510194,False,False
gradient-compression,773ccccc257597721840d373c9f3e73e670a8d255c39e3a3e354a1d2571356c3,589824,1,32,0.0,0,bits-sq,128,512,16,output_isolated,/home/jirka/research/2024/bits-knn-jpdc2024/data/application-scaling/bw01-35760924/gradient-compression-small.csv,5.425347222222222e-05,30,0.00824,0.00815,0.008305,0.9793689320388349,False,False
gradient-compression,773ccccc257597721840d373c9f3e73e670a8d255c39e3a3e354a1d2571356c3,589824,1,32,0.0,0,bits-sq,128,512,16,selection_isolated,/home/jirka/research/2024/bits-knn-jpdc2024/data/application-scaling/bw01-35760924/gradient-compression-small.csv,5.425347222222222e-05,30,0.034894999999999995,0.03475974999999999,0.0349725,0.7581172087691647,False,False
gradient-compression,773ccccc257597721840d373c9f3e73e670a8d255c39e3a3e354a1d2571356c3,589824,1,32,0.0,0,bits-sq,128,512,16,transform_isolated,/home/jirka/research/2024/bits-knn-jpdc2024/data/application-scaling/bw01-35760924/gradient-compression-small.csv,5.425347222222222e-05,30,0.009115000000000002,0.009045,0.00915,1.0010422380691166,False,False
gradient-compression,773ccccc257597721840d373c9f3e73e670a8d255c39e3a3e354a1d2571356c3,589824,1,32,0.0,0,bits-sq,128,512,16,upload_shared,/home/jirka/research/2024/bits-knn-jpdc2024/data/application-scaling/bw01-35760924/gradient-compression-small.csv,5.425347222222222e-05,1,0.146269,0.146269,0.146269,1.2592415344331336,False,False
gradient-compression,773ccccc257597721840d373c9f3e73e670a8d255c39e3a3e354a1d2571356c3,589824,1,32,0.0,0,bits-sq,512,128,4,download,/home/jirka/research/2024/bits-knn-jpdc2024/data/application-scaling/bw01-35760924/gradient-compression-small.csv,5.425347222222222e-05,30,0.0087095,0.0086425,0.008875,0.9150927148515987,False,False
gradient-compression,773ccccc257597721840d373c9f3e73e670a8d255c39e3a3e354a1d2571356c3,589824,1,32,0.0,0,bits-sq,512,128,4,operator,/home/jirka/research/2024/bits-knn-jpdc2024/data/application-scaling/bw01-35760924/gradient-compression-small.csv,5.425347222222222e-05,30,0.0469595,0.04679225,0.04710424999999999,0.7704404859506596,False,False
gradient-compression,773ccccc257597721840d373c9f3e73e670a8d255c39e3a3e354a1d2571356c3,589824,1,32,0.0,0,bits-sq,512,128,4,output_isolated,/home/jirka/research/2024/bits-knn-jpdc2024/data/application-scaling/bw01-35760924/gradient-compression-small.csv,5.425347222222222e-05,30,0.00814,0.0080525,0.008255,0.9914004914004916,False,False
gradient-compression,773ccccc257597721840d373c9f3e73e670a8d255c39e3a3e354a1d2571356c3,589824,1,32,0.0,0,bits-sq,512,128,4,selection_isolated,/home/jirka/research/2024/bits-knn-jpdc2024/data/application-scaling/bw01-35760924/gradient-compression-small.csv,5.425347222222222e-05,30,0.0375045,0.03745175,0.03759475,0.7053686890906423,False,False
gradient-compression,773ccccc257597721840d373c9f3e73e670a8d255c39e3a3e354a1d2571356c3,589824,1,32,0.0,0,bits-sq,512,128,4,transform_isolated,/home/jirka/research/2024/bits-knn-jpdc2024/data/application-scaling/bw01-35760924/gradient-compression-small.csv,5.425347222222222e-05,30,0.009105,0.00903225,0.009245,1.002141680395387,False,False
gradient-compression,773ccccc257597721840d373c9f3e73e670a8d255c39e3a3e354a1d2571356c3,589824,1,32,0.0,0,bits-sq,512,128,4,upload_shared,/home/jirka/research/2024/bits-knn-jpdc2024/data/application-scaling/bw01-35760924/gradient-compression-small.csv,5.425347222222222e-05,1,0.147558,0.147558,0.147558,1.2482413694953851,False,False
gradient-compression,773ccccc257597721840d373c9f3e73e670a8d255c39e3a3e354a1d2571356c3,589824,1,32,0.0,0,bits-sq,512,128,7,download,/home/jirka/research/2024/bits-knn-jpdc2024/data/application-scaling/bw01-35760924/gradient-compression-small.csv,5.425347222222222e-05,30,0.008815,0.00808,0.0088575,0.9041406693136699,False,False
gradient-compression,773ccccc257597721840d373c9f3e73e670a8d255c39e3a3e354a1d2571356c3,589824,1,32,0.0,0,bits-sq,512,128,7,operator,/home/jirka/research/2024/bits-knn-jpdc2024/data/application-scaling/bw01-35760924/gradient-compression-small.csv,5.425347222222222e-05,30,0.047624,0.047529,0.047759,0.7596904921888125,False,False
gradient-compression,773ccccc257597721840d373c9f3e73e670a8d255c39e3a3e354a1d2571356c3,589824,1,32,0.0,0,bits-sq,512,128,7,output_isolated,/home/jirka/research/2024/bits-knn-jpdc2024/data/application-scaling/bw01-35760924/gradient-compression-small.csv,5.425347222222222e-05,30,0.008195,0.008125,0.00827425,0.9847467968273339,False,False
gradient-compression,773ccccc257597721840d373c9f3e73e670a8d255c39e3a3e354a1d2571356c3,589824,1,32,0.0,0,bits-sq,512,128,7,selection_isolated,/home/jirka/research/2024/bits-knn-jpdc2024/data/application-scaling/bw01-35760924/gradient-compression-small.csv,5.425347222222222e-05,30,0.03827,0.03823,0.03831675,0.6912594721714136,False,False
gradient-compression,773ccccc257597721840d373c9f3e73e670a8d255c39e3a3e354a1d2571356c3,589824,1,32,0.0,0,bits-sq,512,128,7,transform_isolated,/home/jirka/research/2024/bits-knn-jpdc2024/data/application-scaling/bw01-35760924/gradient-compression-small.csv,5.425347222222222e-05,30,0.0091655,0.009042499999999998,0.009305,0.9955267033986145,False,False
gradient-compression,773ccccc257597721840d373c9f3e73e670a8d255c39e3a3e354a1d2571356c3,589824,1,32,0.0,0,bits-sq,512,128,7,upload_shared,/home/jirka/research/2024/bits-knn-jpdc2024/data/application-scaling/bw01-35760924/gradient-compression-small.csv,5.425347222222222e-05,1,0.14308800000000002,0.14308800000000002,0.14308800000000002,1.2872358269037236,False,False
gradient-compression,773ccccc257597721840d373c9f3e73e670a8d255c39e3a3e354a1d2571356c3,589824,1,32,0.0,0,bits-sq,512,128,8,download,/home/jirka/research/2024/bits-knn-jpdc2024/data/application-scaling/bw01-35760924/gradient-compression-small.csv,5.425347222222222e-05,30,0.008845,0.00866,0.008879,0.9010740531373657,False,False
gradient-compression,773ccccc257597721840d373c9f3e73e670a8d255c39e3a3e354a1d2571356c3,589824,1,32,0.0,0,bits-sq,512,128,8,operator,/home/jirka/research/2024/bits-knn-jpdc2024/data/application-scaling/bw01-35760924/gradient-compression-small.csv,5.425347222222222e-05,30,0.0458595,0.04574175,0.045976500000000003,0.7889205072013433,False,False
gradient-compression,773ccccc257597721840d373c9f3e73e670a8d255c39e3a3e354a1d2571356c3,589824,1,32,0.0,0,bits-sq,512,128,8,output_isolated,/home/jirka/research/2024/bits-knn-jpdc2024/data/application-scaling/bw01-35760924/gradient-compression-small.csv,5.425347222222222e-05,30,0.008230500000000002,0.0081525,0.0083,0.9804993621286676,False,False
gradient-compression,773ccccc257597721840d373c9f3e73e670a8d255c39e3a3e354a1d2571356c3,589824,1,32,0.0,0,bits-sq,512,128,8,selection_isolated,/home/jirka/research/2024/bits-knn-jpdc2024/data/application-scaling/bw01-35760924/gradient-compression-small.csv,5.425347222222222e-05,30,0.036504499999999995,0.03642225,0.03662750000000001,0.7246914763933214,False,False
gradient-compression,773ccccc257597721840d373c9f3e73e670a8d255c39e3a3e354a1d2571356c3,589824,1,32,0.0,0,bits-sq,512,128,8,transform_isolated,/home/jirka/research/2024/bits-knn-jpdc2024/data/application-scaling/bw01-35760924/gradient-compression-small.csv,5.425347222222222e-05,30,0.00918,0.009042499999999998,0.009290000000000001,0.9939542483660131,False,False
gradient-compression,773ccccc257597721840d373c9f3e73e670a8d255c39e3a3e354a1d2571356c3,589824,1,32,0.0,0,bits-sq,512,128,8,upload_shared,/home/jirka/research/2024/bits-knn-jpdc2024/data/application-scaling/bw01-35760924/gradient-compression-small.csv,5.425347222222222e-05,1,0.145598,0.145598,0.145598,1.2650448495171638,False,False
gradient-compression,773ccccc257597721840d373c9f3e73e670a8d255c39e3a3e354a1d2571356c3,589824,1,32,0.0,0,bits-sq,512,128,13,download,/home/jirka/research/2024/bits-knn-jpdc2024/data/application-scaling/bw01-35760924/gradient-compression-small.csv,5.425347222222222e-05,30,0.008235,0.00776225,0.00885975,0.9678202792956891,False,False
gradient-compression,773ccccc257597721840d373c9f3e73e670a8d255c39e3a3e354a1d2571356c3,589824,1,32,0.0,0,bits-sq,512,128,13,operator,/home/jirka/research/2024/bits-knn-jpdc2024/data/application-scaling/bw01-35760924/gradient-compression-small.csv,5.425347222222222e-05,30,0.0482345,0.047511750000000005,0.04839975,0.7500751536763106,False,False
gradient-compression,773ccccc257597721840d373c9f3e73e670a8d255c39e3a3e354a1d2571356c3,589824,1,32,0.0,0,bits-sq,512,128,13,output_isolated,/home/jirka/research/2024/bits-knn-jpdc2024/data/application-scaling/bw01-35760924/gradient-compression-small.csv,5.425347222222222e-05,30,0.00822,0.00811925,0.0083275,0.9817518248175183,False,False
gradient-compression,773ccccc257597721840d373c9f3e73e670a8d255c39e3a3e354a1d2571356c3,589824,1,32,0.0,0,bits-sq,512,128,13,selection_isolated,/home/jirka/research/2024/bits-knn-jpdc2024/data/application-scaling/bw01-35760924/gradient-compression-small.csv,5.425347222222222e-05,30,0.03887399999999999,0.038671500000000004,0.03896424999999999,0.6805191130318466,False,False
gradient-compression,773ccccc257597721840d373c9f3e73e670a8d255c39e3a3e354a1d2571356c3,589824,1,32,0.0,0,bits-sq,512,128,13,transform_isolated,/home/jirka/research/2024/bits-knn-jpdc2024/data/application-scaling/bw01-35760924/gradient-compression-small.csv,5.425347222222222e-05,30,0.0091245,0.00900925,0.009235,1.0,False,False
gradient-compression,773ccccc257597721840d373c9f3e73e670a8d255c39e3a3e354a1d2571356c3,589824,1,32,0.0,0,bits-sq,512,128,13,upload_shared,/home/jirka/research/2024/bits-knn-jpdc2024/data/application-scaling/bw01-35760924/gradient-compression-small.csv,5.425347222222222e-05,1,0.150259,0.150259,0.150259,1.2258034460498208,False,False
gradient-compression,773ccccc257597721840d373c9f3e73e670a8d255c39e3a3e354a1d2571356c3,589824,1,32,0.0,0,bits-sq,512,128,16,download,/home/jirka/research/2024/bits-knn-jpdc2024/data/application-scaling/bw01-35760924/gradient-compression-small.csv,5.425347222222222e-05,30,0.0088255,0.00866,0.0088575,0.9030649821539856,False,False
gradient-compression,773ccccc257597721840d373c9f3e73e670a8d255c39e3a3e354a1d2571356c3,589824,1,32,0.0,0,bits-sq,512,128,16,operator,/home/jirka/research/2024/bits-knn-jpdc2024/data/application-scaling/bw01-35760924/gradient-compression-small.csv,5.425347222222222e-05,30,0.052608999999999996,0.052456499999999996,0.05265424999999999,0.6877055256705128,False,False
gradient-compression,773ccccc257597721840d373c9f3e73e670a8d255c39e3a3e354a1d2571356c3,589824,1,32,0.0,0,bits-sq,512,128,16,output_isolated,/home/jirka/research/2024/bits-knn-jpdc2024/data/application-scaling/bw01-35760924/gradient-compression-small.csv,5.425347222222222e-05,30,0.00825,0.0081725,0.0083475,0.9781818181818183,False,False
gradient-compression,773ccccc257597721840d373c9f3e73e670a8d255c39e3a3e354a1d2571356c3,589824,1,32,0.0,0,bits-sq,512,128,16,selection_isolated,/home/jirka/research/2024/bits-knn-jpdc2024/data/application-scaling/bw01-35760924/gradient-compression-small.csv,5.425347222222222e-05,30,0.043095,0.043029,0.04315,0.6138647174846269,False,False
gradient-compression,773ccccc257597721840d373c9f3e73e670a8d255c39e3a3e354a1d2571356c3,589824,1,32,0.0,0,bits-sq,512,128,16,transform_isolated,/home/jirka/research/2024/bits-knn-jpdc2024/data/application-scaling/bw01-35760924/gradient-compression-small.csv,5.425347222222222e-05,30,0.0091795,0.009092499999999998,0.0093375,0.994008388256441,False,False
gradient-compression,773ccccc257597721840d373c9f3e73e670a8d255c39e3a3e354a1d2571356c3,589824,1,32,0.0,0,bits-sq,512,128,16,upload_shared,/home/jirka/research/2024/bits-knn-jpdc2024/data/application-scaling/bw01-35760924/gradient-compression-small.csv,5.425347222222222e-05,1,0.14223799999999998,0.14223799999999998,0.14223799999999998,1.294928218900716,False,False
gradient-compression,773ccccc257597721840d373c9f3e73e670a8d255c39e3a3e354a1d2571356c3,589824,1,32,0.0,0,bits-sq,512,256,4,download,/home/jirka/research/2024/bits-knn-jpdc2024/data/application-scaling/bw01-35760924/gradient-compression-small.csv,5.425347222222222e-05,30,0.008655,0.00813675,0.00886,0.9208549971114962,False,False
gradient-compression,773ccccc257597721840d373c9f3e73e670a8d255c39e3a3e354a1d2571356c3,589824,1,32,0.0,0,bits-sq,512,256,4,operator,/home/jirka/research/2024/bits-knn-jpdc2024/data/application-scaling/bw01-35760924/gradient-compression-small.csv,5.425347222222222e-05,30,0.045854500000000006,0.04577150000000001,0.046026750000000005,0.7890065315290756,False,False
gradient-compression,773ccccc257597721840d373c9f3e73e670a8d255c39e3a3e354a1d2571356c3,589824,1,32,0.0,0,bits-sq,512,256,4,output_isolated,/home/jirka/research/2024/bits-knn-jpdc2024/data/application-scaling/bw01-35760924/gradient-compression-small.csv,5.425347222222222e-05,30,0.008204999999999999,0.0081525,0.00826,0.9835466179159051,False,False
gradient-compression,773ccccc257597721840d373c9f3e73e670a8d255c39e3a3e354a1d2571356c3,589824,1,32,0.0,0,bits-sq,512,256,4,selection_isolated,/home/jirka/research/2024/bits-knn-jpdc2024/data/application-scaling/bw01-35760924/gradient-compression-small.csv,5.425347222222222e-05,30,0.036485000000000004,0.03641725,0.03659175,0.7250787995066464,False,False
gradient-compression,773ccccc257597721840d373c9f3e73e670a8d255c39e3a3e354a1d2571356c3,589824,1,32,0.0,0,bits-sq,512,256,4,transform_isolated,/home/jirka/research/2024/bits-knn-jpdc2024/data/application-scaling/bw01-35760924/gradient-compression-small.csv,5.425347222222222e-05,30,0.009165,0.0090825,0.009275,0.995581014729951,False,False
gradient-compression,773ccccc257597721840d373c9f3e73e670a8d255c39e3a3e354a1d2571356c3,589824,1,32,0.0,0,bits-sq,512,256,4,upload_shared,/home/jirka/research/2024/bits-knn-jpdc2024/data/application-scaling/bw01-35760924/gradient-compression-small.csv,5.425347222222222e-05,1,0.15045799999999998,0.15045799999999998,0.15045799999999998,1.2241821637932184,False,False
gradient-compression,773ccccc257597721840d373c9f3e73e670a8d255c39e3a3e354a1d2571356c3,589824,1,32,0.0,0,bits-sq,512,256,7,download,/home/jirka/research/2024/bits-knn-jpdc2024/data/application-scaling/bw01-35760924/gradient-compression-small.csv,5.425347222222222e-05,30,0.008689500000000001,0.008659,0.00884975,0.9171989182346508,False,False
gradient-compression,773ccccc257597721840d373c9f3e73e670a8d255c39e3a3e354a1d2571356c3,589824,1,32,0.0,0,bits-sq,512,256,7,operator,/home/jirka/research/2024/bits-knn-jpdc2024/data/application-scaling/bw01-35760924/gradient-compression-small.csv,5.425347222222222e-05,30,0.042134,0.04200675,0.04225725,0.8586770778943372,False,False
gradient-compression,773ccccc257597721840d373c9f3e73e670a8d255c39e3a3e354a1d2571356c3,589824,1,32,0.0,0,bits-sq,512,256,7,output_isolated,/home/jirka/research/2024/bits-knn-jpdc2024/data/application-scaling/bw01-35760924/gradient-compression-small.csv,5.425347222222222e-05,30,0.00825,0.008202499999999998,0.008365,0.9781818181818183,False,False
gradient-compression,773ccccc257597721840d373c9f3e73e670a8d255c39e3a3e354a1d2571356c3,589824,1,32,0.0,0,bits-sq,512,256,7,selection_isolated,/home/jirka/research/2024/bits-knn-jpdc2024/data/application-scaling/bw01-35760924/gradient-compression-small.csv,5.425347222222222e-05,30,0.0328195,0.03274225,0.03297675,0.8060604213958165,False,False
gradient-compression,773ccccc257597721840d373c9f3e73e670a8d255c39e3a3e354a1d2571356c3,589824,1,32,0.0,0,bits-sq,512,256,7,transform_isolated,/home/jirka/research/2024/bits-knn-jpdc2024/data/application-scaling/bw01-35760924/gradient-compression-small.csv,5.425347222222222e-05,30,0.009145,0.009072499999999999,0.009300000000000001,0.9977583378895571,False,False
gradient-compression,773ccccc257597721840d373c9f3e73e670a8d255c39e3a3e354a1d2571356c3,589824,1,32,0.0,0,bits-sq,512,256,7,upload_shared,/home/jirka/research/2024/bits-knn-jpdc2024/data/application-scaling/bw01-35760924/gradient-compression-small.csv,5.425347222222222e-05,1,0.14148899999999998,0.14148899999999998,0.14148899999999998,1.30178317749083,False,False
gradient-compression,773ccccc257597721840d373c9f3e73e670a8d255c39e3a3e354a1d2571356c3,589824,1,32,0.0,0,bits-sq,512,256,8,download,/home/jirka/research/2024/bits-knn-jpdc2024/data/application-scaling/bw01-35760924/gradient-compression-small.csv,5.425347222222222e-05,30,0.0086895,0.00867,0.00884425,0.917198918234651,False,False
gradient-compression,773ccccc257597721840d373c9f3e73e670a8d255c39e3a3e354a1d2571356c3,589824,1,32,0.0,0,bits-sq,512,256,8,operator,/home/jirka/research/2024/bits-knn-jpdc2024/data/application-scaling/bw01-35760924/gradient-compression-small.csv,5.425347222222222e-05,30,0.0442595,0.044105,0.04435975,0.8174403235463573,False,False
gradient-compression,773ccccc257597721840d373c9f3e73e670a8d255c39e3a3e354a1d2571356c3,589824,1,32,0.0,0,bits-sq,512,256,8,output_isolated,/home/jirka/research/2024/bits-knn-jpdc2024/data/application-scaling/bw01-35760924/gradient-compression-small.csv,5.425347222222222e-05,30,0.008199999999999999,0.00817,0.008262499999999999,0.9841463414634148,False,False
gradient-compression,773ccccc257597721840d373c9f3e73e670a8d255c39e3a3e354a1d2571356c3,589824,1,32,0.0,0,bits-sq,512,256,8,selection_isolated,/home/jirka/research/2024/bits-knn-jpdc2024/data/application-scaling/bw01-35760924/gradient-compression-small.csv,5.425347222222222e-05,30,0.0348595,0.03482225,0.03496975,0.7588892554396935,False,False
gradient-compression,773ccccc257597721840d373c9f3e73e670a8d255c39e3a3e354a1d2571356c3,589824,1,32,0.0,0,bits-sq,512,256,8,transform_isolated,/home/jirka/research/2024/bits-knn-jpdc2024/data/application-scaling/bw01-35760924/gradient-compression-small.csv,5.425347222222222e-05,30,0.009125000000000001,0.009072499999999999,0.00935825,0.999945205479452,False,False
gradient-compression,773ccccc257597721840d373c9f3e73e670a8d255c39e3a3e354a1d2571356c3,589824,1,32,0.0,0,bits-sq,512,256,8,upload_shared,/home/jirka/research/2024/bits-knn-jpdc2024/data/application-scaling/bw01-35760924/gradient-compression-small.csv,5.425347222222222e-05,1,0.14805800000000002,0.14805800000000002,0.14805800000000002,1.2440259898148023,False,False
gradient-compression,773ccccc257597721840d373c9f3e73e670a8d255c39e3a3e354a1d2571356c3,589824,1,32,0.0,0,bits-sq,512,256,13,download,/home/jirka/research/2024/bits-knn-jpdc2024/data/application-scaling/bw01-35760924/gradient-compression-small.csv,5.425347222222222e-05,30,0.008879999999999999,0.0086825,0.0089,0.8975225225225226,False,False
gradient-compression,773ccccc257597721840d373c9f3e73e670a8d255c39e3a3e354a1d2571356c3,589824,1,32,0.0,0,bits-sq,512,256,13,operator,/home/jirka/research/2024/bits-knn-jpdc2024/data/application-scaling/bw01-35760924/gradient-compression-small.csv,5.425347222222222e-05,30,0.044054499999999996,0.043949249999999995,0.04424425,0.8212441407801702,False,False
gradient-compression,773ccccc257597721840d373c9f3e73e670a8d255c39e3a3e354a1d2571356c3,589824,1,32,0.0,0,bits-sq,512,256,13,output_isolated,/home/jirka/research/2024/bits-knn-jpdc2024/data/application-scaling/bw01-35760924/gradient-compression-small.csv,5.425347222222222e-05,30,0.00826,0.008202499999999998,0.008379999999999999,0.976997578692494,False,False
gradient-compression,773ccccc257597721840d373c9f3e73e670a8d255c39e3a3e354a1d2571356c3,589824,1,32,0.0,0,bits-sq,512,256,13,selection_isolated,/home/jirka/research/2024/bits-knn-jpdc2024/data/application-scaling/bw01-35760924/gradient-compression-small.csv,5.425347222222222e-05,30,0.034629,0.034579250000000006,0.03484725,0.7639406277975107,False,False
gradient-compression,773ccccc257597721840d373c9f3e73e670a8d255c39e3a3e354a1d2571356c3,589824,1,32,0.0,0,bits-sq,512,256,13,transform_isolated,/home/jirka/research/2024/bits-knn-jpdc2024/data/application-scaling/bw01-35760924/gradient-compression-small.csv,5.425347222222222e-05,30,0.0091905,0.0090525,0.0093175,0.992818671454219,False,False
gradient-compression,773ccccc257597721840d373c9f3e73e670a8d255c39e3a3e354a1d2571356c3,589824,1,32,0.0,0,bits-sq,512,256,13,upload_shared,/home/jirka/research/2024/bits-knn-jpdc2024/data/application-scaling/bw01-35760924/gradient-compression-small.csv,5.425347222222222e-05,1,0.14712899999999998,0.14712899999999998,0.14712899999999998,1.251881002385662,False,False
gradient-compression,773ccccc257597721840d373c9f3e73e670a8d255c39e3a3e354a1d2571356c3,589824,1,32,0.0,0,bits-sq,512,256,16,download,/home/jirka/research/2024/bits-knn-jpdc2024/data/application-scaling/bw01-35760924/gradient-compression-small.csv,5.425347222222222e-05,30,0.008705000000000001,0.00866,0.00888825,0.9155657668006891,False,False
gradient-compression,773ccccc257597721840d373c9f3e73e670a8d255c39e3a3e354a1d2571356c3,589824,1,32,0.0,0,bits-sq,512,256,16,operator,/home/jirka/research/2024/bits-knn-jpdc2024/data/application-scaling/bw01-35760924/gradient-compression-small.csv,5.425347222222222e-05,30,0.044245,0.044089249999999996,0.0443625,0.817708215617584,False,False
gradient-compression,773ccccc257597721840d373c9f3e73e670a8d255c39e3a3e354a1d2571356c3,589824,1,32,0.0,0,bits-sq,512,256,16,output_isolated,/home/jirka/research/2024/bits-knn-jpdc2024/data/application-scaling/bw01-35760924/gradient-compression-small.csv,5.425347222222222e-05,30,0.00826,0.00818,0.00833,0.976997578692494,False,False
gradient-compression,773ccccc257597721840d373c9f3e73e670a8d255c39e3a3e354a1d2571356c3,589824,1,32,0.0,0,bits-sq,512,256,16,selection_isolated,/home/jirka/research/2024/bits-knn-jpdc2024/data/application-scaling/bw01-35760924/gradient-compression-small.csv,5.425347222222222e-05,30,0.034759,0.03465925,0.034847500000000003,0.7610834603987456,False,False
gradient-compression,773ccccc257597721840d373c9f3e73e670a8d255c39e3a3e354a1d2571356c3,589824,1,32,0.0,0,bits-sq,512,256,16,transform_isolated,/home/jirka/research/2024/bits-knn-jpdc2024/data/application-scaling/bw01-35760924/gradient-compression-small.csv,5.425347222222222e-05,30,0.00914,0.009042499999999998,0.0092575,0.9983041575492342,False,False
gradient-compression,773ccccc257597721840d373c9f3e73e670a8d255c39e3a3e354a1d2571356c3,589824,1,32,0.0,0,bits-sq,512,256,16,upload_shared,/home/jirka/research/2024/bits-knn-jpdc2024/data/application-scaling/bw01-35760924/gradient-compression-small.csv,5.425347222222222e-05,1,0.15154900000000002,0.15154900000000002,0.15154900000000002,1.2153692865013956,False,False
gradient-compression,773ccccc257597721840d373c9f3e73e670a8d255c39e3a3e354a1d2571356c3,589824,1,32,0.0,0,bits-sq,512,512,4,download,/home/jirka/research/2024/bits-knn-jpdc2024/data/application-scaling/bw01-35760924/gradient-compression-small.csv,5.425347222222222e-05,30,0.0088545,0.008662749999999999,0.008905,0.9001072900784912,False,False
gradient-compression,773ccccc257597721840d373c9f3e73e670a8d255c39e3a3e354a1d2571356c3,589824,1,32,0.0,0,bits-sq,512,512,4,operator,/home/jirka/research/2024/bits-knn-jpdc2024/data/application-scaling/bw01-35760924/gradient-compression-small.csv,5.425347222222222e-05,30,0.0494845,0.04932,0.04974225,0.7311279289474483,False,False
gradient-compression,773ccccc257597721840d373c9f3e73e670a8d255c39e3a3e354a1d2571356c3,589824,1,32,0.0,0,bits-sq,512,512,4,output_isolated,/home/jirka/research/2024/bits-knn-jpdc2024/data/application-scaling/bw01-35760924/gradient-compression-small.csv,5.425347222222222e-05,30,0.00824,0.008142499999999999,0.0083475,0.9793689320388349,False,False
gradient-compression,773ccccc257597721840d373c9f3e73e670a8d255c39e3a3e354a1d2571356c3,589824,1,32,0.0,0,bits-sq,512,512,4,selection_isolated,/home/jirka/research/2024/bits-knn-jpdc2024/data/application-scaling/bw01-35760924/gradient-compression-small.csv,5.425347222222222e-05,30,0.040024500000000005,0.0399525,0.0401,0.6609576634311484,False,False
gradient-compression,773ccccc257597721840d373c9f3e73e670a8d255c39e3a3e354a1d2571356c3,589824,1,32,0.0,0,bits-sq,512,512,4,transform_isolated,/home/jirka/research/2024/bits-knn-jpdc2024/data/application-scaling/bw01-35760924/gradient-compression-small.csv,5.425347222222222e-05,30,0.00912,0.009034249999999999,0.009325,1.0004934210526317,False,False
gradient-compression,773ccccc257597721840d373c9f3e73e670a8d255c39e3a3e354a1d2571356c3,589824,1,32,0.0,0,bits-sq,512,512,4,upload_shared,/home/jirka/research/2024/bits-knn-jpdc2024/data/application-scaling/bw01-35760924/gradient-compression-small.csv,5.425347222222222e-05,1,0.148028,0.148028,0.148028,1.2442781095468427,False,False
gradient-compression,773ccccc257597721840d373c9f3e73e670a8d255c39e3a3e354a1d2571356c3,589824,1,32,0.0,0,bits-sq,512,512,7,download,/home/jirka/research/2024/bits-knn-jpdc2024/data/application-scaling/bw01-35760924/gradient-compression-small.csv,5.425347222222222e-05,30,0.00886,0.00868,0.008907499999999999,0.8995485327313769,False,False
gradient-compression,773ccccc257597721840d373c9f3e73e670a8d255c39e3a3e354a1d2571356c3,589824,1,32,0.0,0,bits-sq,512,512,7,operator,/home/jirka/research/2024/bits-knn-jpdc2024/data/application-scaling/bw01-35760924/gradient-compression-small.csv,5.425347222222222e-05,30,0.049519,0.049388999999999995,0.04963725,0.7306185504553808,False,False
gradient-compression,773ccccc257597721840d373c9f3e73e670a8d255c39e3a3e354a1d2571356c3,589824,1,32,0.0,0,bits-sq,512,512,7,output_isolated,/home/jirka/research/2024/bits-knn-jpdc2024/data/application-scaling/bw01-35760924/gradient-compression-small.csv,5.425347222222222e-05,30,0.00831,0.008204999999999999,0.008355,0.9711191335740074,False,False
gradient-compression,773ccccc257597721840d373c9f3e73e670a8d255c39e3a3e354a1d2571356c3,589824,1,32,0.0,0,bits-sq,512,512,7,selection_isolated,/home/jirka/research/2024/bits-knn-jpdc2024/data/application-scaling/bw01-35760924/gradient-compression-small.csv,5.425347222222222e-05,30,0.040259,0.04013150000000001,0.04035725,0.6571077274646662,False,False
gradient-compression,773ccccc257597721840d373c9f3e73e670a8d255c39e3a3e354a1d2571356c3,589824,1,32,0.0,0,bits-sq,512,512,7,transform_isolated,/home/jirka/research/2024/bits-knn-jpdc2024/data/application-scaling/bw01-35760924/gradient-compression-small.csv,5.425347222222222e-05,30,0.009155,0.0090525,0.00930425,0.9966684871654834,False,False
gradient-compression,773ccccc257597721840d373c9f3e73e670a8d255c39e3a3e354a1d2571356c3,589824,1,32,0.0,0,bits-sq,512,512,7,upload_shared,/home/jirka/research/2024/bits-knn-jpdc2024/data/application-scaling/bw01-35760924/gradient-compression-small.csv,5.425347222222222e-05,1,0.146429,0.146429,0.146429,1.2578655867348683,False,False
gradient-compression,773ccccc257597721840d373c9f3e73e670a8d255c39e3a3e354a1d2571356c3,589824,1,32,0.0,0,bits-sq,512,512,8,download,/home/jirka/research/2024/bits-knn-jpdc2024/data/application-scaling/bw01-35760924/gradient-compression-small.csv,5.425347222222222e-05,30,0.00884,0.008669,0.00885975,0.9015837104072397,False,False
gradient-compression,773ccccc257597721840d373c9f3e73e670a8d255c39e3a3e354a1d2571356c3,589824,1,32,0.0,0,bits-sq,512,512,8,operator,/home/jirka/research/2024/bits-knn-jpdc2024/data/application-scaling/bw01-35760924/gradient-compression-small.csv,5.425347222222222e-05,30,0.049549499999999996,0.0493915,0.049669,0.7301688210779121,False,False
gradient-compression,773ccccc257597721840d373c9f3e73e670a8d255c39e3a3e354a1d2571356c3,589824,1,32,0.0,0,bits-sq,512,512,8,output_isolated,/home/jirka/research/2024/bits-knn-jpdc2024/data/application-scaling/bw01-35760924/gradient-compression-small.csv,5.425347222222222e-05,30,0.008279499999999999,0.008204999999999999,0.0083475,0.9746965396461141,False,False
gradient-compression,773ccccc257597721840d373c9f3e73e670a8d255c39e3a3e354a1d2571356c3,589824,1,32,0.0,0,bits-sq,512,512,8,selection_isolated,/home/jirka/research/2024/bits-knn-jpdc2024/data/application-scaling/bw01-35760924/gradient-compression-small.csv,5.425347222222222e-05,30,0.040085,0.04000925,0.04018649999999999,0.659960084819758,False,False
gradient-compression,773ccccc257597721840d373c9f3e73e670a8d255c39e3a3e354a1d2571356c3,589824,1,32,0.0,0,bits-sq,512,512,8,transform_isolated,/home/jirka/research/2024/bits-knn-jpdc2024/data/application-scaling/bw01-35760924/gradient-compression-small.csv,5.425347222222222e-05,30,0.00921,0.00915,0.009275,0.9907166123778502,False,False
gradient-compression,773ccccc257597721840d373c9f3e73e670a8d255c39e3a3e354a1d2571356c3,589824,1,32,0.0,0,bits-sq,512,512,8,upload_shared,/home/jirka/research/2024/bits-knn-jpdc2024/data/application-scaling/bw01-35760924/gradient-compression-small.csv,5.425347222222222e-05,1,0.15282800000000002,0.15282800000000002,0.15282800000000002,1.2051980003664249,False,False
gradient-compression,773ccccc257597721840d373c9f3e73e670a8d255c39e3a3e354a1d2571356c3,589824,1,32,0.0,0,bits-sq,512,512,13,download,/home/jirka/research/2024/bits-knn-jpdc2024/data/application-scaling/bw01-35760924/gradient-compression-small.csv,5.425347222222222e-05,30,0.008875,0.008315,0.008907499999999999,0.8980281690140846,False,False
gradient-compression,773ccccc257597721840d373c9f3e73e670a8d255c39e3a3e354a1d2571356c3,589824,1,32,0.0,0,bits-sq,512,512,13,operator,/home/jirka/research/2024/bits-knn-jpdc2024/data/application-scaling/bw01-35760924/gradient-compression-small.csv,5.425347222222222e-05,30,0.0545045,0.05438725,0.0547175,0.663789228412333,False,False
gradient-compression,773ccccc257597721840d373c9f3e73e670a8d255c39e3a3e354a1d2571356c3,589824,1,32,0.0,0,bits-sq,512,512,13,output_isolated,/home/jirka/research/2024/bits-knn-jpdc2024/data/application-scaling/bw01-35760924/gradient-compression-small.csv,5.425347222222222e-05,30,0.0082995,0.008202499999999998,0.008385,0.9723477317910719,False,False
gradient-compression,773ccccc257597721840d373c9f3e73e670a8d255c39e3a3e354a1d2571356c3,589824,1,32,0.0,0,bits-sq,512,512,13,selection_isolated,/home/jirka/research/2024/bits-knn-jpdc2024/data/application-scaling/bw01-35760924/gradient-compression-small.csv,5.425347222222222e-05,30,0.045114,0.04500925,0.045156749999999996,0.5863922507425633,False,False
gradient-compression,773ccccc257597721840d373c9f3e73e670a8d255c39e3a3e354a1d2571356c3,589824,1,32,0.0,0,bits-sq,512,512,13,transform_isolated,/home/jirka/research/2024/bits-knn-jpdc2024/data/application-scaling/bw01-35760924/gradient-compression-small.csv,5.425347222222222e-05,30,0.0091795,0.009092499999999998,0.009345000000000001,0.994008388256441,False,False
gradient-compression,773ccccc257597721840d373c9f3e73e670a8d255c39e3a3e354a1d2571356c3,589824,1,32,0.0,0,bits-sq,512,512,13,upload_shared,/home/jirka/research/2024/bits-knn-jpdc2024/data/application-scaling/bw01-35760924/gradient-compression-small.csv,5.425347222222222e-05,1,0.147418,0.147418,0.147418,1.2494267999837199,False,False
gradient-compression,773ccccc257597721840d373c9f3e73e670a8d255c39e3a3e354a1d2571356c3,589824,1,32,0.0,0,bits-sq,512,512,16,download,/home/jirka/research/2024/bits-knn-jpdc2024/data/application-scaling/bw01-35760924/gradient-compression-small.csv,5.425347222222222e-05,30,0.00887,0.00866925,0.008919999999999999,0.8985343855693348,False,False
gradient-compression,773ccccc257597721840d373c9f3e73e670a8d255c39e3a3e354a1d2571356c3,589824,1,32,0.0,0,bits-sq,512,512,16,operator,/home/jirka/research/2024/bits-knn-jpdc2024/data/application-scaling/bw01-35760924/gradient-compression-small.csv,5.425347222222222e-05,30,0.05394,0.05382725,0.05402675,0.6707360029662588,False,False
gradient-compression,773ccccc257597721840d373c9f3e73e670a8d255c39e3a3e354a1d2571356c3,589824,1,32,0.0,0,bits-sq,512,512,16,output_isolated,/home/jirka/research/2024/bits-knn-jpdc2024/data/application-scaling/bw01-35760924/gradient-compression-small.csv,5.425347222222222e-05,30,0.008175,0.008092499999999999,0.00824,0.9871559633027523,False,False
gradient-compression,773ccccc257597721840d373c9f3e73e670a8d255c39e3a3e354a1d2571356c3,589824,1,32,0.0,0,bits-sq,512,512,16,selection_isolated,/home/jirka/research/2024/bits-knn-jpdc2024/data/application-scaling/bw01-35760924/gradient-compression-small.csv,5.425347222222222e-05,30,0.0445845,0.04448725,0.0447025,0.5933564355325281,False,False
gradient-compression,773ccccc257597721840d373c9f3e73e670a8d255c39e3a3e354a1d2571356c3,589824,1,32,0.0,0,bits-sq,512,512,16,transform_isolated,/home/jirka/research/2024/bits-knn-jpdc2024/data/application-scaling/bw01-35760924/gradient-compression-small.csv,5.425347222222222e-05,30,0.00906,0.008987499999999999,0.00914575,1.0071192052980134,False,False
gradient-compression,773ccccc257597721840d373c9f3e73e670a8d255c39e3a3e354a1d2571356c3,589824,1,32,0.0,0,bits-sq,512,512,16,upload_shared,/home/jirka/research/2024/bits-knn-jpdc2024/data/application-scaling/bw01-35760924/gradient-compression-small.csv,5.425347222222222e-05,1,0.148488,0.148488,0.148488,1.2404234685631164,False,False
gradient-compression,773ccccc257597721840d373c9f3e73e670a8d255c39e3a3e354a1d2571356c3,589824,1,32,0.0,0,block-select,1,128,2,download,/home/jirka/research/2024/bits-knn-jpdc2024/data/application-scaling/bw01-35760924/gradient-compression-small.csv,5.425347222222222e-05,30,0.008695,0.00814975,0.0088775,0.9166187464059804,False,False
gradient-compression,773ccccc257597721840d373c9f3e73e670a8d255c39e3a3e354a1d2571356c3,589824,1,32,0.0,0,block-select,1,128,2,operator,/home/jirka/research/2024/bits-knn-jpdc2024/data/application-scaling/bw01-35760924/gradient-compression-small.csv,5.425347222222222e-05,30,0.883985,0.8832825,0.8842402500000001,0.040927730674163026,False,False
gradient-compression,773ccccc257597721840d373c9f3e73e670a8d255c39e3a3e354a1d2571356c3,589824,1,32,0.0,0,block-select,1,128,2,output_isolated,/home/jirka/research/2024/bits-knn-jpdc2024/data/application-scaling/bw01-35760924/gradient-compression-small.csv,5.425347222222222e-05,30,0.008440000000000001,0.008204999999999999,0.0085875,0.9561611374407583,False,False
gradient-compression,773ccccc257597721840d373c9f3e73e670a8d255c39e3a3e354a1d2571356c3,589824,1,32,0.0,0,block-select,1,128,2,selection_isolated,/home/jirka/research/2024/bits-knn-jpdc2024/data/application-scaling/bw01-35760924/gradient-compression-small.csv,5.425347222222222e-05,30,0.87384,0.87346275,0.87451025,0.030273848759498307,False,False
gradient-compression,773ccccc257597721840d373c9f3e73e670a8d255c39e3a3e354a1d2571356c3,589824,1,32,0.0,0,block-select,1,128,2,transform_isolated,/home/jirka/research/2024/bits-knn-jpdc2024/data/application-scaling/bw01-35760924/gradient-compression-small.csv,5.425347222222222e-05,30,0.009135,0.00904,0.009242499999999999,0.9988505747126437,False,False
gradient-compression,773ccccc257597721840d373c9f3e73e670a8d255c39e3a3e354a1d2571356c3,589824,1,32,0.0,0,block-select,1,128,2,upload_shared,/home/jirka/research/2024/bits-knn-jpdc2024/data/application-scaling/bw01-35760924/gradient-compression-small.csv,5.425347222222222e-05,1,0.18418800000000002,0.18418800000000002,0.18418800000000002,1.0,False,False
gradient-compression,773ccccc257597721840d373c9f3e73e670a8d255c39e3a3e354a1d2571356c3,589824,1,32,0.0,0,grid-select,1,0,0,download,/home/jirka/research/2024/bits-knn-jpdc2024/data/application-scaling/bw01-35760924/gradient-compression-small.csv,5.425347222222222e-05,30,0.007984999999999999,0.00781,0.008039999999999999,0.9981214777708204,True,True
gradient-compression,773ccccc257597721840d373c9f3e73e670a8d255c39e3a3e354a1d2571356c3,589824,1,32,0.0,0,grid-select,1,0,0,operator,/home/jirka/research/2024/bits-knn-jpdc2024/data/application-scaling/bw01-35760924/gradient-compression-small.csv,5.425347222222222e-05,30,0.033349500000000004,0.0331525,0.0342425,1.0848588434609214,True,True
gradient-compression,773ccccc257597721840d373c9f3e73e670a8d255c39e3a3e354a1d2571356c3,589824,1,32,0.0,0,grid-select,1,0,0,output_isolated,/home/jirka/research/2024/bits-knn-jpdc2024/data/application-scaling/bw01-35760924/gradient-compression-small.csv,5.425347222222222e-05,30,0.008125,0.00807,0.008189749999999999,0.9932307692307693,True,True
gradient-compression,773ccccc257597721840d373c9f3e73e670a8d255c39e3a3e354a1d2571356c3,589824,1,32,0.0,0,grid-select,1,0,0,selection_isolated,/home/jirka/research/2024/bits-knn-jpdc2024/data/application-scaling/bw01-35760924/gradient-compression-small.csv,5.425347222222222e-05,30,0.02482,0.0247225,0.02490975,1.0658541498791299,True,True
gradient-compression,773ccccc257597721840d373c9f3e73e670a8d255c39e3a3e354a1d2571356c3,589824,1,32,0.0,0,grid-select,1,0,0,transform_isolated,/home/jirka/research/2024/bits-knn-jpdc2024/data/application-scaling/bw01-35760924/gradient-compression-small.csv,5.425347222222222e-05,30,0.0090995,0.009072499999999999,0.009235,1.0027474037035002,True,True
gradient-compression,773ccccc257597721840d373c9f3e73e670a8d255c39e3a3e354a1d2571356c3,589824,1,32,0.0,0,grid-select,1,0,0,upload_shared,/home/jirka/research/2024/bits-knn-jpdc2024/data/application-scaling/bw01-35760924/gradient-compression-small.csv,5.425347222222222e-05,1,0.18418800000000002,0.18418800000000002,0.18418800000000002,1.0,True,True
gradient-compression,773ccccc257597721840d373c9f3e73e670a8d255c39e3a3e354a1d2571356c3,589824,1,64,0.0,0,air-topk,1,512,0,download,/home/jirka/research/2024/bits-knn-jpdc2024/data/application-scaling/bw01-35760924/gradient-compression-small.csv,0.00010850694444444444,30,0.0080155,0.00797,0.008104,1.0,True,True
gradient-compression,773ccccc257597721840d373c9f3e73e670a8d255c39e3a3e354a1d2571356c3,589824,1,64,0.0,0,air-topk,1,512,0,operator,/home/jirka/research/2024/bits-knn-jpdc2024/data/application-scaling/bw01-35760924/gradient-compression-small.csv,0.00010850694444444444,30,0.036945000000000006,0.03623,0.03813925,1.0,True,True
gradient-compression,773ccccc257597721840d373c9f3e73e670a8d255c39e3a3e354a1d2571356c3,589824,1,64,0.0,0,air-topk,1,512,0,output_isolated,/home/jirka/research/2024/bits-knn-jpdc2024/data/application-scaling/bw01-35760924/gradient-compression-small.csv,0.00010850694444444444,30,0.0081995,0.00814225,0.008247500000000001,1.0,True,True
gradient-compression,773ccccc257597721840d373c9f3e73e670a8d255c39e3a3e354a1d2571356c3,589824,1,64,0.0,0,air-topk,1,512,0,selection_isolated,/home/jirka/research/2024/bits-knn-jpdc2024/data/application-scaling/bw01-35760924/gradient-compression-small.csv,0.00010850694444444444,30,0.02702,0.026911499999999998,0.027084000000000004,1.0,True,True
gradient-compression,773ccccc257597721840d373c9f3e73e670a8d255c39e3a3e354a1d2571356c3,589824,1,64,0.0,0,air-topk,1,512,0,transform_isolated,/home/jirka/research/2024/bits-knn-jpdc2024/data/application-scaling/bw01-35760924/gradient-compression-small.csv,0.00010850694444444444,30,0.009125000000000001,0.009067500000000001,0.00923,1.0,True,True
gradient-compression,773ccccc257597721840d373c9f3e73e670a8d255c39e3a3e354a1d2571356c3,589824,1,64,0.0,0,air-topk,1,512,0,upload_shared,/home/jirka/research/2024/bits-knn-jpdc2024/data/application-scaling/bw01-35760924/gradient-compression-small.csv,0.00010850694444444444,1,0.186807,0.186807,0.186807,1.0,True,True
gradient-compression,773ccccc257597721840d373c9f3e73e670a8d255c39e3a3e354a1d2571356c3,589824,1,64,0.0,0,bits-prefetch,1,128,4,download,/home/jirka/research/2024/bits-knn-jpdc2024/data/application-scaling/bw01-35760924/gradient-compression-small.csv,0.00010850694444444444,30,0.008875,0.008427500000000001,0.0090225,0.9031549295774649,False,False
gradient-compression,773ccccc257597721840d373c9f3e73e670a8d255c39e3a3e354a1d2571356c3,589824,1,64,0.0,0,bits-prefetch,1,128,4,operator,/home/jirka/research/2024/bits-knn-jpdc2024/data/application-scaling/bw01-35760924/gradient-compression-small.csv,0.00010850694444444444,30,0.4636,0.4633275,0.46392,0.07969154443485764,False,False
gradient-compression,773ccccc257597721840d373c9f3e73e670a8d255c39e3a3e354a1d2571356c3,589824,1,64,0.0,0,bits-prefetch,1,128,4,output_isolated,/home/jirka/research/2024/bits-knn-jpdc2024/data/application-scaling/bw01-35760924/gradient-compression-small.csv,0.00010850694444444444,30,0.008324999999999999,0.008209999999999999,0.008532499999999998,0.984924924924925,False,False
gradient-compression,773ccccc257597721840d373c9f3e73e670a8d255c39e3a3e354a1d2571356c3,589824,1,64,0.0,0,bits-prefetch,1,128,4,selection_isolated,/home/jirka/research/2024/bits-knn-jpdc2024/data/application-scaling/bw01-35760924/gradient-compression-small.csv,0.00010850694444444444,30,0.454295,0.4541375,0.45449,0.05947677170120736,False,False
gradient-compression,773ccccc257597721840d373c9f3e73e670a8d255c39e3a3e354a1d2571356c3,589824,1,64,0.0,0,bits-prefetch,1,128,4,transform_isolated,/home/jirka/research/2024/bits-knn-jpdc2024/data/application-scaling/bw01-35760924/gradient-compression-small.csv,0.00010850694444444444,30,0.009135,0.009045,0.009232250000000001,0.9989053092501369,False,False
gradient-compression,773ccccc257597721840d373c9f3e73e670a8d255c39e3a3e354a1d2571356c3,589824,1,64,0.0,0,bits-prefetch,1,128,4,upload_shared,/home/jirka/research/2024/bits-knn-jpdc2024/data/application-scaling/bw01-35760924/gradient-compression-small.csv,0.00010850694444444444,1,0.143108,0.143108,0.143108,1.3053567934706654,False,False
gradient-compression,773ccccc257597721840d373c9f3e73e670a8d255c39e3a3e354a1d2571356c3,589824,1,64,0.0,0,bits-prefetch,1,128,7,download,/home/jirka/research/2024/bits-knn-jpdc2024/data/application-scaling/bw01-35760924/gradient-compression-small.csv,0.00010850694444444444,30,0.008875,0.00875925,0.0089575,0.9031549295774649,False,False
gradient-compression,773ccccc257597721840d373c9f3e73e670a8d255c39e3a3e354a1d2571356c3,589824,1,64,0.0,0,bits-prefetch,1,128,7,operator,/home/jirka/research/2024/bits-knn-jpdc2024/data/application-scaling/bw01-35760924/gradient-compression-small.csv,0.00010850694444444444,30,0.371341,0.3710135,0.37167599999999995,0.0994907645533351,False,False
gradient-compression,773ccccc257597721840d373c9f3e73e670a8d255c39e3a3e354a1d2571356c3,589824,1,64,0.0,0,bits-prefetch,1,128,7,output_isolated,/home/jirka/research/2024/bits-knn-jpdc2024/data/application-scaling/bw01-35760924/gradient-compression-small.csv,0.00010850694444444444,30,0.0083295,0.008209999999999999,0.008427500000000001,0.9843928206975209,False,False
gradient-compression,773ccccc257597721840d373c9f3e73e670a8d255c39e3a3e354a1d2571356c3,589824,1,64,0.0,0,bits-prefetch,1,128,7,selection_isolated,/home/jirka/research/2024/bits-knn-jpdc2024/data/application-scaling/bw01-35760924/gradient-compression-small.csv,0.00010850694444444444,30,0.362136,0.36199349999999997,0.362361,0.07461285262995117,False,False
gradient-compression,773ccccc257597721840d373c9f3e73e670a8d255c39e3a3e354a1d2571356c3,589824,1,64,0.0,0,bits-prefetch,1,128,7,transform_isolated,/home/jirka/research/2024/bits-knn-jpdc2024/data/application-scaling/bw01-35760924/gradient-compression-small.csv,0.00010850694444444444,30,0.0091255,0.009042499999999998,0.00924,0.9999452084817272,False,False
gradient-compression,773ccccc257597721840d373c9f3e73e670a8d255c39e3a3e354a1d2571356c3,589824,1,64,0.0,0,bits-prefetch,1,128,7,upload_shared,/home/jirka/research/2024/bits-knn-jpdc2024/data/application-scaling/bw01-35760924/gradient-compression-small.csv,0.00010850694444444444,1,0.14995899999999998,0.14995899999999998,0.14995899999999998,1.2457204969358293,False,False
gradient-compression,773ccccc257597721840d373c9f3e73e670a8d255c39e3a3e354a1d2571356c3,589824,1,64,0.0,0,bits-prefetch,1,128,8,download,/home/jirka/research/2024/bits-knn-jpdc2024/data/application-scaling/bw01-35760924/gradient-compression-small.csv,0.00010850694444444444,30,0.008834999999999999,0.008135,0.00887,0.9072439162422186,False,False
gradient-compression,773ccccc257597721840d373c9f3e73e670a8d255c39e3a3e354a1d2571356c3,589824,1,64,0.0,0,bits-prefetch,1,128,8,operator,/home/jirka/research/2024/bits-knn-jpdc2024/data/application-scaling/bw01-35760924/gradient-compression-small.csv,0.00010850694444444444,30,0.3401765,0.33992875,0.34036599999999995,0.10860538573358244,False,False
gradient-compression,773ccccc257597721840d373c9f3e73e670a8d255c39e3a3e354a1d2571356c3,589824,1,64,0.0,0,bits-prefetch,1,128,8,output_isolated,/home/jirka/research/2024/bits-knn-jpdc2024/data/application-scaling/bw01-35760924/gradient-compression-small.csv,0.00010850694444444444,30,0.008335,0.008247500000000001,0.0084875,0.9837432513497301,False,False
gradient-compression,773ccccc257597721840d373c9f3e73e670a8d255c39e3a3e354a1d2571356c3,589824,1,64,0.0,0,bits-prefetch,1,128,8,selection_isolated,/home/jirka/research/2024/bits-knn-jpdc2024/data/application-scaling/bw01-35760924/gradient-compression-small.csv,0.00010850694444444444,30,0.330816,0.33070925,0.33095374999999994,0.08167682337009093,False,False
gradient-compression,773ccccc257597721840d373c9f3e73e670a8d255c39e3a3e354a1d2571356c3,589824,1,64,0.0,0,bits-prefetch,1,128,8,transform_isolated,/home/jirka/research/2024/bits-knn-jpdc2024/data/application-scaling/bw01-35760924/gradient-compression-small.csv,0.00010850694444444444,30,0.0091305,0.00907475,0.009219999999999999,0.9993976233503096,False,False
gradient-compression,773ccccc257597721840d373c9f3e73e670a8d255c39e3a3e354a1d2571356c3,589824,1,64,0.0,0,bits-prefetch,1,128,8,upload_shared,/home/jirka/research/2024/bits-knn-jpdc2024/data/application-scaling/bw01-35760924/gradient-compression-small.csv,0.00010850694444444444,1,0.147269,0.147269,0.147269,1.2684746959645274,False,False
gradient-compression,773ccccc257597721840d373c9f3e73e670a8d255c39e3a3e354a1d2571356c3,589824,1,64,0.0,0,bits-prefetch,1,128,13,download,/home/jirka/research/2024/bits-knn-jpdc2024/data/application-scaling/bw01-35760924/gradient-compression-small.csv,0.00010850694444444444,30,0.008695,0.008067500000000002,0.0088225,0.9218516388729155,False,False
gradient-compression,773ccccc257597721840d373c9f3e73e670a8d255c39e3a3e354a1d2571356c3,589824,1,64,0.0,0,bits-prefetch,1,128,13,operator,/home/jirka/research/2024/bits-knn-jpdc2024/data/application-scaling/bw01-35760924/gradient-compression-small.csv,0.00010850694444444444,30,0.283547,0.28325625,0.28377425,0.13029585924026707,False,False
gradient-compression,773ccccc257597721840d373c9f3e73e670a8d255c39e3a3e354a1d2571356c3,589824,1,64,0.0,0,bits-prefetch,1,128,13,output_isolated,/home/jirka/research/2024/bits-knn-jpdc2024/data/application-scaling/bw01-35760924/gradient-compression-small.csv,0.00010850694444444444,30,0.008355,0.0082425,0.008440000000000001,0.9813883901855177,False,False
gradient-compression,773ccccc257597721840d373c9f3e73e670a8d255c39e3a3e354a1d2571356c3,589824,1,64,0.0,0,bits-prefetch,1,128,13,selection_isolated,/home/jirka/research/2024/bits-knn-jpdc2024/data/application-scaling/bw01-35760924/gradient-compression-small.csv,0.00010850694444444444,30,0.2740775,0.2738795,0.2742145,0.09858525417080935,False,False
gradient-compression,773ccccc257597721840d373c9f3e73e670a8d255c39e3a3e354a1d2571356c3,589824,1,64,0.0,0,bits-prefetch,1,128,13,transform_isolated,/home/jirka/research/2024/bits-knn-jpdc2024/data/application-scaling/bw01-35760924/gradient-compression-small.csv,0.00010850694444444444,30,0.009155,0.0091125,0.00921675,0.9967231021299837,False,False
gradient-compression,773ccccc257597721840d373c9f3e73e670a8d255c39e3a3e354a1d2571356c3,589824,1,64,0.0,0,bits-prefetch,1,128,13,upload_shared,/home/jirka/research/2024/bits-knn-jpdc2024/data/application-scaling/bw01-35760924/gradient-compression-small.csv,0.00010850694444444444,1,0.150589,0.150589,0.150589,1.240508934915565,False,False
gradient-compression,773ccccc257597721840d373c9f3e73e670a8d255c39e3a3e354a1d2571356c3,589824,1,64,0.0,0,bits-prefetch,1,128,16,download,/home/jirka/research/2024/bits-knn-jpdc2024/data/application-scaling/bw01-35760924/gradient-compression-small.csv,0.00010850694444444444,30,0.008764999999999998,0.00817,0.00889,0.9144894466628638,False,False
gradient-compression,773ccccc257597721840d373c9f3e73e670a8d255c39e3a3e354a1d2571356c3,589824,1,64,0.0,0,bits-prefetch,1,128,16,operator,/home/jirka/research/2024/bits-knn-jpdc2024/data/application-scaling/bw01-35760924/gradient-compression-small.csv,0.00010850694444444444,30,0.28436700000000004,0.284007,0.28459375000000003,0.12992013841268502,False,False
gradient-compression,773ccccc257597721840d373c9f3e73e670a8d255c39e3a3e354a1d2571356c3,589824,1,64,0.0,0,bits-prefetch,1,128,16,output_isolated,/home/jirka/research/2024/bits-knn-jpdc2024/data/application-scaling/bw01-35760924/gradient-compression-small.csv,0.00010850694444444444,30,0.008230000000000001,0.008085,0.008295,0.9962940461725394,False,False
gradient-compression,773ccccc257597721840d373c9f3e73e670a8d255c39e3a3e354a1d2571356c3,589824,1,64,0.0,0,bits-prefetch,1,128,16,selection_isolated,/home/jirka/research/2024/bits-knn-jpdc2024/data/application-scaling/bw01-35760924/gradient-compression-small.csv,0.00010850694444444444,30,0.274652,0.27444525000000003,0.2749845,0.09837903965745744,False,False
gradient-compression,773ccccc257597721840d373c9f3e73e670a8d255c39e3a3e354a1d2571356c3,589824,1,64,0.0,0,bits-prefetch,1,128,16,transform_isolated,/home/jirka/research/2024/bits-knn-jpdc2024/data/application-scaling/bw01-35760924/gradient-compression-small.csv,0.00010850694444444444,30,0.009059999999999999,0.008995,0.00918,1.0071743929359827,False,False
gradient-compression,773ccccc257597721840d373c9f3e73e670a8d255c39e3a3e354a1d2571356c3,589824,1,64,0.0,0,bits-prefetch,1,128,16,upload_shared,/home/jirka/research/2024/bits-knn-jpdc2024/data/application-scaling/bw01-35760924/gradient-compression-small.csv,0.00010850694444444444,1,0.13766799999999998,0.13766799999999998,0.13766799999999998,1.3569384315890405,False,False
gradient-compression,773ccccc257597721840d373c9f3e73e670a8d255c39e3a3e354a1d2571356c3,589824,1,64,0.0,0,bits-prefetch,1,256,4,download,/home/jirka/research/2024/bits-knn-jpdc2024/data/application-scaling/bw01-35760924/gradient-compression-small.csv,0.00010850694444444444,30,0.008825,0.00801925,0.00886925,0.9082719546742211,False,False
gradient-compression,773ccccc257597721840d373c9f3e73e670a8d255c39e3a3e354a1d2571356c3,589824,1,64,0.0,0,bits-prefetch,1,256,4,operator,/home/jirka/research/2024/bits-knn-jpdc2024/data/application-scaling/bw01-35760924/gradient-compression-small.csv,0.00010850694444444444,30,0.28566199999999997,0.2853395,0.28589624999999996,0.1293311676036715,False,False
gradient-compression,773ccccc257597721840d373c9f3e73e670a8d255c39e3a3e354a1d2571356c3,589824,1,64,0.0,0,bits-prefetch,1,256,4,output_isolated,/home/jirka/research/2024/bits-knn-jpdc2024/data/application-scaling/bw01-35760924/gradient-compression-small.csv,0.00010850694444444444,30,0.00833,0.0082225,0.008455,0.9843337334933973,False,False
gradient-compression,773ccccc257597721840d373c9f3e73e670a8d255c39e3a3e354a1d2571356c3,589824,1,64,0.0,0,bits-prefetch,1,256,4,selection_isolated,/home/jirka/research/2024/bits-knn-jpdc2024/data/application-scaling/bw01-35760924/gradient-compression-small.csv,0.00010850694444444444,30,0.276302,0.27619950000000004,0.2764645,0.09779154693053253,False,False
gradient-compression,773ccccc257597721840d373c9f3e73e670a8d255c39e3a3e354a1d2571356c3,589824,1,64,0.0,0,bits-prefetch,1,256,4,transform_isolated,/home/jirka/research/2024/bits-knn-jpdc2024/data/application-scaling/bw01-35760924/gradient-compression-small.csv,0.00010850694444444444,30,0.00911,0.00903025,0.00916425,1.0016465422612515,False,False
gradient-compression,773ccccc257597721840d373c9f3e73e670a8d255c39e3a3e354a1d2571356c3,589824,1,64,0.0,0,bits-prefetch,1,256,4,upload_shared,/home/jirka/research/2024/bits-knn-jpdc2024/data/application-scaling/bw01-35760924/gradient-compression-small.csv,0.00010850694444444444,1,0.151868,0.151868,0.151868,1.230061632470303,False,False
gradient-compression,773ccccc257597721840d373c9f3e73e670a8d255c39e3a3e354a1d2571356c3,589824,1,64,0.0,0,bits-prefetch,1,256,7,download,/home/jirka/research/2024/bits-knn-jpdc2024/data/application-scaling/bw01-35760924/gradient-compression-small.csv,0.00010850694444444444,30,0.00887,0.008045,0.0089,0.903664036076663,False,False
gradient-compression,773ccccc257597721840d373c9f3e73e670a8d255c39e3a3e354a1d2571356c3,589824,1,64,0.0,0,bits-prefetch,1,256,7,operator,/home/jirka/research/2024/bits-knn-jpdc2024/data/application-scaling/bw01-35760924/gradient-compression-small.csv,0.00010850694444444444,30,0.23059200000000002,0.23019699999999998,0.23116725000000002,0.16021804746044963,False,False
gradient-compression,773ccccc257597721840d373c9f3e73e670a8d255c39e3a3e354a1d2571356c3,589824,1,64,0.0,0,bits-prefetch,1,256,7,output_isolated,/home/jirka/research/2024/bits-knn-jpdc2024/data/application-scaling/bw01-35760924/gradient-compression-small.csv,0.00010850694444444444,30,0.008265499999999999,0.008182499999999999,0.008385,0.9920150021172345,False,False
gradient-compression,773ccccc257597721840d373c9f3e73e670a8d255c39e3a3e354a1d2571356c3,589824,1,64,0.0,0,bits-prefetch,1,256,7,selection_isolated,/home/jirka/research/2024/bits-knn-jpdc2024/data/application-scaling/bw01-35760924/gradient-compression-small.csv,0.00010850694444444444,30,0.2212525,0.22072225,0.2226255,0.12212291386538006,False,False
gradient-compression,773ccccc257597721840d373c9f3e73e670a8d255c39e3a3e354a1d2571356c3,589824,1,64,0.0,0,bits-prefetch,1,256,7,transform_isolated,/home/jirka/research/2024/bits-knn-jpdc2024/data/application-scaling/bw01-35760924/gradient-compression-small.csv,0.00010850694444444444,30,0.0091845,0.0090825,0.009302500000000002,0.993521694158637,False,False
gradient-compression,773ccccc257597721840d373c9f3e73e670a8d255c39e3a3e354a1d2571356c3,589824,1,64,0.0,0,bits-prefetch,1,256,7,upload_shared,/home/jirka/research/2024/bits-knn-jpdc2024/data/application-scaling/bw01-35760924/gradient-compression-small.csv,0.00010850694444444444,1,0.157578,0.157578,0.157578,1.1854890911167804,False,False
gradient-compression,773ccccc257597721840d373c9f3e73e670a8d255c39e3a3e354a1d2571356c3,589824,1,64,0.0,0,bits-prefetch,1,256,8,download,/home/jirka/research/2024/bits-knn-jpdc2024/data/application-scaling/bw01-35760924/gradient-compression-small.csv,0.00010850694444444444,30,0.008875,0.0081875,0.008907499999999999,0.9031549295774649,False,False
gradient-compression,773ccccc257597721840d373c9f3e73e670a8d255c39e3a3e354a1d2571356c3,589824,1,64,0.0,0,bits-prefetch,1,256,8,operator,/home/jirka/research/2024/bits-knn-jpdc2024/data/application-scaling/bw01-35760924/gradient-compression-small.csv,0.00010850694444444444,30,0.23066199999999998,0.2304745,0.23083775,0.16016942539299933,False,False
gradient-compression,773ccccc257597721840d373c9f3e73e670a8d255c39e3a3e354a1d2571356c3,589824,1,64,0.0,0,bits-prefetch,1,256,8,output_isolated,/home/jirka/research/2024/bits-knn-jpdc2024/data/application-scaling/bw01-35760924/gradient-compression-small.csv,0.00010850694444444444,30,0.008265,0.00809725,0.00855275,0.992075015124017,False,False
gradient-compression,773ccccc257597721840d373c9f3e73e670a8d255c39e3a3e354a1d2571356c3,589824,1,64,0.0,0,bits-prefetch,1,256,8,selection_isolated,/home/jirka/research/2024/bits-knn-jpdc2024/data/application-scaling/bw01-35760924/gradient-compression-small.csv,0.00010850694444444444,30,0.2211825,0.21968300000000002,0.22147475,0.12216156341482712,False,False
gradient-compression,773ccccc257597721840d373c9f3e73e670a8d255c39e3a3e354a1d2571356c3,589824,1,64,0.0,0,bits-prefetch,1,256,8,transform_isolated,/home/jirka/research/2024/bits-knn-jpdc2024/data/application-scaling/bw01-35760924/gradient-compression-small.csv,0.00010850694444444444,30,0.00915,0.009042499999999998,0.0091975,0.9972677595628416,False,False
gradient-compression,773ccccc257597721840d373c9f3e73e670a8d255c39e3a3e354a1d2571356c3,589824,1,64,0.0,0,bits-prefetch,1,256,8,upload_shared,/home/jirka/research/2024/bits-knn-jpdc2024/data/application-scaling/bw01-35760924/gradient-compression-small.csv,0.00010850694444444444,1,0.144019,0.144019,0.144019,1.2970996882355799,False,False
gradient-compression,773ccccc257597721840d373c9f3e73e670a8d255c39e3a3e354a1d2571356c3,589824,1,64,0.0,0,bits-prefetch,1,256,13,download,/home/jirka/research/2024/bits-knn-jpdc2024/data/application-scaling/bw01-35760924/gradient-compression-small.csv,0.00010850694444444444,30,0.008775,0.008067500000000002,0.0088875,0.9134472934472935,False,False
gradient-compression,773ccccc257597721840d373c9f3e73e670a8d255c39e3a3e354a1d2571356c3,589824,1,64,0.0,0,bits-prefetch,1,256,13,operator,/home/jirka/research/2024/bits-knn-jpdc2024/data/application-scaling/bw01-35760924/gradient-compression-small.csv,0.00010850694444444444,30,0.194623,0.1942905,0.19491799999999998,0.18982854030613036,False,False
gradient-compression,773ccccc257597721840d373c9f3e73e670a8d255c39e3a3e354a1d2571356c3,589824,1,64,0.0,0,bits-prefetch,1,256,13,output_isolated,/home/jirka/research/2024/bits-knn-jpdc2024/data/application-scaling/bw01-35760924/gradient-compression-small.csv,0.00010850694444444444,30,0.008245,0.008117500000000001,0.008369999999999999,0.9944815039417828,False,False
gradient-compression,773ccccc257597721840d373c9f3e73e670a8d255c39e3a3e354a1d2571356c3,589824,1,64,0.0,0,bits-prefetch,1,256,13,selection_isolated,/home/jirka/research/2024/bits-knn-jpdc2024/data/application-scaling/bw01-35760924/gradient-compression-small.csv,0.00010850694444444444,30,0.18524800000000002,0.18507800000000002,0.1853755,0.14585852478839176,False,False
gradient-compression,773ccccc257597721840d373c9f3e73e670a8d255c39e3a3e354a1d2571356c3,589824,1,64,0.0,0,bits-prefetch,1,256,13,transform_isolated,/home/jirka/research/2024/bits-knn-jpdc2024/data/application-scaling/bw01-35760924/gradient-compression-small.csv,0.00010850694444444444,30,0.009125000000000001,0.0090575,0.00917975,1.0,False,False
gradient-compression,773ccccc257597721840d373c9f3e73e670a8d255c39e3a3e354a1d2571356c3,589824,1,64,0.0,0,bits-prefetch,1,256,13,upload_shared,/home/jirka/research/2024/bits-knn-jpdc2024/data/application-scaling/bw01-35760924/gradient-compression-small.csv,0.00010850694444444444,1,0.141548,0.141548,0.141548,1.3197431260067256,False,False
gradient-compression,773ccccc257597721840d373c9f3e73e670a8d255c39e3a3e354a1d2571356c3,589824,1,64,0.0,0,bits-prefetch,1,256,16,download,/home/jirka/research/2024/bits-knn-jpdc2024/data/application-scaling/bw01-35760924/gradient-compression-small.csv,0.00010850694444444444,30,0.00881,0.008682249999999999,0.008836749999999999,0.9098183881952326,False,False
gradient-compression,773ccccc257597721840d373c9f3e73e670a8d255c39e3a3e354a1d2571356c3,589824,1,64,0.0,0,bits-prefetch,1,256,16,operator,/home/jirka/research/2024/bits-knn-jpdc2024/data/application-scaling/bw01-35760924/gradient-compression-small.csv,0.00010850694444444444,30,0.18754300000000002,0.1874405,0.1876805,0.19699482252070194,False,False
gradient-compression,773ccccc257597721840d373c9f3e73e670a8d255c39e3a3e354a1d2571356c3,589824,1,64,0.0,0,bits-prefetch,1,256,16,output_isolated,/home/jirka/research/2024/bits-knn-jpdc2024/data/application-scaling/bw01-35760924/gradient-compression-small.csv,0.00010850694444444444,30,0.00824,0.008209999999999999,0.0083,0.9950849514563106,False,False
gradient-compression,773ccccc257597721840d373c9f3e73e670a8d255c39e3a3e354a1d2571356c3,589824,1,64,0.0,0,bits-prefetch,1,256,16,selection_isolated,/home/jirka/research/2024/bits-knn-jpdc2024/data/application-scaling/bw01-35760924/gradient-compression-small.csv,0.00010850694444444444,30,0.177958,0.1778205,0.17818299999999998,0.15183357870958314,False,False
gradient-compression,773ccccc257597721840d373c9f3e73e670a8d255c39e3a3e354a1d2571356c3,589824,1,64,0.0,0,bits-prefetch,1,256,16,transform_isolated,/home/jirka/research/2024/bits-knn-jpdc2024/data/application-scaling/bw01-35760924/gradient-compression-small.csv,0.00010850694444444444,30,0.009085,0.0090225,0.0091675,1.0044028618602094,False,False
gradient-compression,773ccccc257597721840d373c9f3e73e670a8d255c39e3a3e354a1d2571356c3,589824,1,64,0.0,0,bits-prefetch,1,256,16,upload_shared,/home/jirka/research/2024/bits-knn-jpdc2024/data/application-scaling/bw01-35760924/gradient-compression-small.csv,0.00010850694444444444,1,0.154978,0.154978,0.154978,1.2053775374569293,False,False
gradient-compression,773ccccc257597721840d373c9f3e73e670a8d255c39e3a3e354a1d2571356c3,589824,1,64,0.0,0,bits-prefetch,1,512,4,download,/home/jirka/research/2024/bits-knn-jpdc2024/data/application-scaling/bw01-35760924/gradient-compression-small.csv,0.00010850694444444444,30,0.008865,0.00870675,0.0089525,0.9041737168640722,False,False
gradient-compression,773ccccc257597721840d373c9f3e73e670a8d255c39e3a3e354a1d2571356c3,589824,1,64,0.0,0,bits-prefetch,1,512,4,operator,/home/jirka/research/2024/bits-knn-jpdc2024/data/application-scaling/bw01-35760924/gradient-compression-small.csv,0.00010850694444444444,30,0.18884299999999998,0.18863049999999998,0.189113,0.19563870516778492,False,False
gradient-compression,773ccccc257597721840d373c9f3e73e670a8d255c39e3a3e354a1d2571356c3,589824,1,64,0.0,0,bits-prefetch,1,512,4,output_isolated,/home/jirka/research/2024/bits-knn-jpdc2024/data/application-scaling/bw01-35760924/gradient-compression-small.csv,0.00010850694444444444,30,0.008245,0.00816225,0.00833,0.9944815039417828,False,False
gradient-compression,773ccccc257597721840d373c9f3e73e670a8d255c39e3a3e354a1d2571356c3,589824,1,64,0.0,0,bits-prefetch,1,512,4,selection_isolated,/home/jirka/research/2024/bits-knn-jpdc2024/data/application-scaling/bw01-35760924/gradient-compression-small.csv,0.00010850694444444444,30,0.17933300000000002,0.179178,0.1795105,0.150669425036106,False,False
gradient-compression,773ccccc257597721840d373c9f3e73e670a8d255c39e3a3e354a1d2571356c3,589824,1,64,0.0,0,bits-prefetch,1,512,4,transform_isolated,/home/jirka/research/2024/bits-knn-jpdc2024/data/application-scaling/bw01-35760924/gradient-compression-small.csv,0.00010850694444444444,30,0.009145,0.00907,0.00923,0.9978130125751777,False,False
gradient-compression,773ccccc257597721840d373c9f3e73e670a8d255c39e3a3e354a1d2571356c3,589824,1,64,0.0,0,bits-prefetch,1,512,4,upload_shared,/home/jirka/research/2024/bits-knn-jpdc2024/data/application-scaling/bw01-35760924/gradient-compression-small.csv,0.00010850694444444444,1,0.147368,0.147368,0.147368,1.267622550350144,False,False
gradient-compression,773ccccc257597721840d373c9f3e73e670a8d255c39e3a3e354a1d2571356c3,589824,1,64,0.0,0,bits-prefetch,1,512,7,download,/home/jirka/research/2024/bits-knn-jpdc2024/data/application-scaling/bw01-35760924/gradient-compression-small.csv,0.00010850694444444444,30,0.00883,0.0082875,0.008879999999999999,0.9077576443941111,False,False
gradient-compression,773ccccc257597721840d373c9f3e73e670a8d255c39e3a3e354a1d2571356c3,589824,1,64,0.0,0,bits-prefetch,1,512,7,operator,/home/jirka/research/2024/bits-knn-jpdc2024/data/application-scaling/bw01-35760924/gradient-compression-small.csv,0.00010850694444444444,30,0.16694799999999999,0.16656550000000003,0.16721550000000002,0.22129645158971661,False,False
gradient-compression,773ccccc257597721840d373c9f3e73e670a8d255c39e3a3e354a1d2571356c3,589824,1,64,0.0,0,bits-prefetch,1,512,7,output_isolated,/home/jirka/research/2024/bits-knn-jpdc2024/data/application-scaling/bw01-35760924/gradient-compression-small.csv,0.00010850694444444444,30,0.0081805,0.00813,0.008315,1.0023225964183118,False,False
gradient-compression,773ccccc257597721840d373c9f3e73e670a8d255c39e3a3e354a1d2571356c3,589824,1,64,0.0,0,bits-prefetch,1,512,7,selection_isolated,/home/jirka/research/2024/bits-knn-jpdc2024/data/application-scaling/bw01-35760924/gradient-compression-small.csv,0.00010850694444444444,30,0.157663,0.15733625,0.15778124999999998,0.17137819272752644,False,False
gradient-compression,773ccccc257597721840d373c9f3e73e670a8d255c39e3a3e354a1d2571356c3,589824,1,64,0.0,0,bits-prefetch,1,512,7,transform_isolated,/home/jirka/research/2024/bits-knn-jpdc2024/data/application-scaling/bw01-35760924/gradient-compression-small.csv,0.00010850694444444444,30,0.0090995,0.009045,0.009202499999999999,1.0028023517775704,False,False
gradient-compression,773ccccc257597721840d373c9f3e73e670a8d255c39e3a3e354a1d2571356c3,589824,1,64,0.0,0,bits-prefetch,1,512,7,upload_shared,/home/jirka/research/2024/bits-knn-jpdc2024/data/application-scaling/bw01-35760924/gradient-compression-small.csv,0.00010850694444444444,1,0.14557900000000001,0.14557900000000001,0.14557900000000001,1.2832001868401348,False,False
gradient-compression,773ccccc257597721840d373c9f3e73e670a8d255c39e3a3e354a1d2571356c3,589824,1,64,0.0,0,bits-prefetch,1,512,8,download,/home/jirka/research/2024/bits-knn-jpdc2024/data/application-scaling/bw01-35760924/gradient-compression-small.csv,0.00010850694444444444,30,0.008699499999999999,0.0082765,0.008709999999999999,0.9213747916546929,False,False
gradient-compression,773ccccc257597721840d373c9f3e73e670a8d255c39e3a3e354a1d2571356c3,589824,1,64,0.0,0,bits-prefetch,1,512,8,operator,/home/jirka/research/2024/bits-knn-jpdc2024/data/application-scaling/bw01-35760924/gradient-compression-small.csv,0.00010850694444444444,30,0.161378,0.16117899999999996,0.16155550000000002,0.2289345511779797,False,False
gradient-compression,773ccccc257597721840d373c9f3e73e670a8d255c39e3a3e354a1d2571356c3,589824,1,64,0.0,0,bits-prefetch,1,512,8,output_isolated,/home/jirka/research/2024/bits-knn-jpdc2024/data/application-scaling/bw01-35760924/gradient-compression-small.csv,0.00010850694444444444,30,0.00829,0.00822925,0.008424500000000001,0.9890832328106152,False,False
gradient-compression,773ccccc257597721840d373c9f3e73e670a8d255c39e3a3e354a1d2571356c3,589824,1,64,0.0,0,bits-prefetch,1,512,8,selection_isolated,/home/jirka/research/2024/bits-knn-jpdc2024/data/application-scaling/bw01-35760924/gradient-compression-small.csv,0.00010850694444444444,30,0.1519835,0.15176825,0.15204875,0.17778245664825457,False,False
gradient-compression,773ccccc257597721840d373c9f3e73e670a8d255c39e3a3e354a1d2571356c3,589824,1,64,0.0,0,bits-prefetch,1,512,8,transform_isolated,/home/jirka/research/2024/bits-knn-jpdc2024/data/application-scaling/bw01-35760924/gradient-compression-small.csv,0.00010850694444444444,30,0.0091045,0.00904725,0.00914975,1.002251633807458,False,False
gradient-compression,773ccccc257597721840d373c9f3e73e670a8d255c39e3a3e354a1d2571356c3,589824,1,64,0.0,0,bits-prefetch,1,512,8,upload_shared,/home/jirka/research/2024/bits-knn-jpdc2024/data/application-scaling/bw01-35760924/gradient-compression-small.csv,0.00010850694444444444,1,0.14721800000000002,0.14721800000000002,0.14721800000000002,1.2689141273485578,False,False
gradient-compression,773ccccc257597721840d373c9f3e73e670a8d255c39e3a3e354a1d2571356c3,589824,1,64,0.0,0,bits-prefetch,1,512,13,download,/home/jirka/research/2024/bits-knn-jpdc2024/data/application-scaling/bw01-35760924/gradient-compression-small.csv,0.00010850694444444444,30,0.008865,0.0082625,0.0089,0.9041737168640722,False,False
gradient-compression,773ccccc257597721840d373c9f3e73e670a8d255c39e3a3e354a1d2571356c3,589824,1,64,0.0,0,bits-prefetch,1,512,13,operator,/home/jirka/research/2024/bits-knn-jpdc2024/data/application-scaling/bw01-35760924/gradient-compression-small.csv,0.00010850694444444444,30,0.15625299999999998,0.15599074999999998,0.15662575,0.2364434602855626,False,False
gradient-compression,773ccccc257597721840d373c9f3e73e670a8d255c39e3a3e354a1d2571356c3,589824,1,64,0.0,0,bits-prefetch,1,512,13,output_isolated,/home/jirka/research/2024/bits-knn-jpdc2024/data/application-scaling/bw01-35760924/gradient-compression-small.csv,0.00010850694444444444,30,0.00825,0.008192499999999998,0.0083475,0.9938787878787878,False,False
gradient-compression,773ccccc257597721840d373c9f3e73e670a8d255c39e3a3e354a1d2571356c3,589824,1,64,0.0,0,bits-prefetch,1,512,13,selection_isolated,/home/jirka/research/2024/bits-knn-jpdc2024/data/application-scaling/bw01-35760924/gradient-compression-small.csv,0.00010850694444444444,30,0.1467735,0.14657150000000002,0.146868,0.1840931775831468,False,False
gradient-compression,773ccccc257597721840d373c9f3e73e670a8d255c39e3a3e354a1d2571356c3,589824,1,64,0.0,0,bits-prefetch,1,512,13,transform_isolated,/home/jirka/research/2024/bits-knn-jpdc2024/data/application-scaling/bw01-35760924/gradient-compression-small.csv,0.00010850694444444444,30,0.009185,0.00911,0.009239750000000001,0.9934676102340774,False,False
gradient-compression,773ccccc257597721840d373c9f3e73e670a8d255c39e3a3e354a1d2571356c3,589824,1,64,0.0,0,bits-prefetch,1,512,13,upload_shared,/home/jirka/research/2024/bits-knn-jpdc2024/data/application-scaling/bw01-35760924/gradient-compression-small.csv,0.00010850694444444444,1,0.14638800000000002,0.14638800000000002,0.14638800000000002,1.2761086974342157,False,False
gradient-compression,773ccccc257597721840d373c9f3e73e670a8d255c39e3a3e354a1d2571356c3,589824,1,64,0.0,0,bits-prefetch,1,512,16,download,/home/jirka/research/2024/bits-knn-jpdc2024/data/application-scaling/bw01-35760924/gradient-compression-small.csv,0.00010850694444444444,30,0.00868,0.00865,0.008879999999999999,0.9234447004608295,True,False
gradient-compression,773ccccc257597721840d373c9f3e73e670a8d255c39e3a3e354a1d2571356c3,589824,1,64,0.0,0,bits-prefetch,1,512,16,operator,/home/jirka/research/2024/bits-knn-jpdc2024/data/application-scaling/bw01-35760924/gradient-compression-small.csv,0.00010850694444444444,30,0.1395185,0.13942075,0.13978325000000003,0.2648035923551358,True,False
gradient-compression,773ccccc257597721840d373c9f3e73e670a8d255c39e3a3e354a1d2571356c3,589824,1,64,0.0,0,bits-prefetch,1,512,16,output_isolated,/home/jirka/research/2024/bits-knn-jpdc2024/data/application-scaling/bw01-35760924/gradient-compression-small.csv,0.00010850694444444444,30,0.0082745,0.008182499999999999,0.00839,0.9909360082180192,True,False
gradient-compression,773ccccc257597721840d373c9f3e73e670a8d255c39e3a3e354a1d2571356c3,589824,1,64,0.0,0,bits-prefetch,1,512,16,selection_isolated,/home/jirka/research/2024/bits-knn-jpdc2024/data/application-scaling/bw01-35760924/gradient-compression-small.csv,0.00010850694444444444,30,0.130104,0.12998825,0.130264,0.20768000983828322,True,False
gradient-compression,773ccccc257597721840d373c9f3e73e670a8d255c39e3a3e354a1d2571356c3,589824,1,64,0.0,0,bits-prefetch,1,512,16,transform_isolated,/home/jirka/research/2024/bits-knn-jpdc2024/data/application-scaling/bw01-35760924/gradient-compression-small.csv,0.00010850694444444444,30,0.009119500000000001,0.009089999999999999,0.0092,1.0006031032403093,True,False
gradient-compression,773ccccc257597721840d373c9f3e73e670a8d255c39e3a3e354a1d2571356c3,589824,1,64,0.0,0,bits-prefetch,1,512,16,upload_shared,/home/jirka/research/2024/bits-knn-jpdc2024/data/application-scaling/bw01-35760924/gradient-compression-small.csv,0.00010850694444444444,1,0.186807,0.186807,0.186807,1.0,True,False
gradient-compression,773ccccc257597721840d373c9f3e73e670a8d255c39e3a3e354a1d2571356c3,589824,1,64,0.0,0,bits-sq,8,128,4,download,/home/jirka/research/2024/bits-knn-jpdc2024/data/application-scaling/bw01-35760924/gradient-compression-small.csv,0.00010850694444444444,30,0.00879,0.008145,0.0088775,0.9118885096700797,False,False
gradient-compression,773ccccc257597721840d373c9f3e73e670a8d255c39e3a3e354a1d2571356c3,589824,1,64,0.0,0,bits-sq,8,128,4,operator,/home/jirka/research/2024/bits-knn-jpdc2024/data/application-scaling/bw01-35760924/gradient-compression-small.csv,0.00010850694444444444,30,0.10672300000000001,0.1064915,0.106929,0.3461765505092623,False,False
gradient-compression,773ccccc257597721840d373c9f3e73e670a8d255c39e3a3e354a1d2571356c3,589824,1,64,0.0,0,bits-sq,8,128,4,output_isolated,/home/jirka/research/2024/bits-knn-jpdc2024/data/application-scaling/bw01-35760924/gradient-compression-small.csv,0.00010850694444444444,30,0.0082295,0.00817225,0.008287500000000001,0.9963545780424083,False,False
gradient-compression,773ccccc257597721840d373c9f3e73e670a8d255c39e3a3e354a1d2571356c3,589824,1,64,0.0,0,bits-sq,8,128,4,selection_isolated,/home/jirka/research/2024/bits-knn-jpdc2024/data/application-scaling/bw01-35760924/gradient-compression-small.csv,0.00010850694444444444,30,0.09734899999999999,0.0971815,0.09744649999999999,0.27755806428417346,False,False
gradient-compression,773ccccc257597721840d373c9f3e73e670a8d255c39e3a3e354a1d2571356c3,589824,1,64,0.0,0,bits-sq,8,128,4,transform_isolated,/home/jirka/research/2024/bits-knn-jpdc2024/data/application-scaling/bw01-35760924/gradient-compression-small.csv,0.00010850694444444444,30,0.0090945,0.009045,0.00915,1.0033536752982573,False,False
gradient-compression,773ccccc257597721840d373c9f3e73e670a8d255c39e3a3e354a1d2571356c3,589824,1,64,0.0,0,bits-sq,8,128,4,upload_shared,/home/jirka/research/2024/bits-knn-jpdc2024/data/application-scaling/bw01-35760924/gradient-compression-small.csv,0.00010850694444444444,1,0.143108,0.143108,0.143108,1.3053567934706654,False,False
gradient-compression,773ccccc257597721840d373c9f3e73e670a8d255c39e3a3e354a1d2571356c3,589824,1,64,0.0,0,bits-sq,8,128,7,download,/home/jirka/research/2024/bits-knn-jpdc2024/data/application-scaling/bw01-35760924/gradient-compression-small.csv,0.00010850694444444444,30,0.008465,0.00803225,0.0088875,0.9468989958653278,False,False
gradient-compression,773ccccc257597721840d373c9f3e73e670a8d255c39e3a3e354a1d2571356c3,589824,1,64,0.0,0,bits-sq,8,128,7,operator,/home/jirka/research/2024/bits-knn-jpdc2024/data/application-scaling/bw01-35760924/gradient-compression-small.csv,0.00010850694444444444,30,0.093329,0.0930415,0.09352650000000001,0.39585766482015244,False,False
gradient-compression,773ccccc257597721840d373c9f3e73e670a8d255c39e3a3e354a1d2571356c3,589824,1,64,0.0,0,bits-sq,8,128,7,output_isolated,/home/jirka/research/2024/bits-knn-jpdc2024/data/application-scaling/bw01-35760924/gradient-compression-small.csv,0.00010850694444444444,30,0.008285,0.0081525,0.0084225,0.9896801448400724,False,False
gradient-compression,773ccccc257597721840d373c9f3e73e670a8d255c39e3a3e354a1d2571356c3,589824,1,64,0.0,0,bits-sq,8,128,7,selection_isolated,/home/jirka/research/2024/bits-knn-jpdc2024/data/application-scaling/bw01-35760924/gradient-compression-small.csv,0.00010850694444444444,30,0.083924,0.0837315,0.08405400000000002,0.3219579619655879,False,False
gradient-compression,773ccccc257597721840d373c9f3e73e670a8d255c39e3a3e354a1d2571356c3,589824,1,64,0.0,0,bits-sq,8,128,7,transform_isolated,/home/jirka/research/2024/bits-knn-jpdc2024/data/application-scaling/bw01-35760924/gradient-compression-small.csv,0.00010850694444444444,30,0.0090795,0.009015,0.009176750000000001,1.0050112891679057,False,False
gradient-compression,773ccccc257597721840d373c9f3e73e670a8d255c39e3a3e354a1d2571356c3,589824,1,64,0.0,0,bits-sq,8,128,7,upload_shared,/home/jirka/research/2024/bits-knn-jpdc2024/data/application-scaling/bw01-35760924/gradient-compression-small.csv,0.00010850694444444444,1,0.14995899999999998,0.14995899999999998,0.14995899999999998,1.2457204969358293,False,False
gradient-compression,773ccccc257597721840d373c9f3e73e670a8d255c39e3a3e354a1d2571356c3,589824,1,64,0.0,0,bits-sq,8,128,8,download,/home/jirka/research/2024/bits-knn-jpdc2024/data/application-scaling/bw01-35760924/gradient-compression-small.csv,0.00010850694444444444,30,0.00887,0.0088525,0.00891,0.903664036076663,False,False
gradient-compression,773ccccc257597721840d373c9f3e73e670a8d255c39e3a3e354a1d2571356c3,589824,1,64,0.0,0,bits-sq,8,128,8,operator,/home/jirka/research/2024/bits-knn-jpdc2024/data/application-scaling/bw01-35760924/gradient-compression-small.csv,0.00010850694444444444,30,0.089999,0.0897715,0.090364,0.4105045611617908,False,False
gradient-compression,773ccccc257597721840d373c9f3e73e670a8d255c39e3a3e354a1d2571356c3,589824,1,64,0.0,0,bits-sq,8,128,8,output_isolated,/home/jirka/research/2024/bits-knn-jpdc2024/data/application-scaling/bw01-35760924/gradient-compression-small.csv,0.00010850694444444444,30,0.008245,0.008202499999999998,0.008348250000000002,0.9944815039417828,False,False
gradient-compression,773ccccc257597721840d373c9f3e73e670a8d255c39e3a3e354a1d2571356c3,589824,1,64,0.0,0,bits-sq,8,128,8,selection_isolated,/home/jirka/research/2024/bits-knn-jpdc2024/data/application-scaling/bw01-35760924/gradient-compression-small.csv,0.00010850694444444444,30,0.080609,0.0805425,0.0807615,0.33519830291902886,False,False
gradient-compression,773ccccc257597721840d373c9f3e73e670a8d255c39e3a3e354a1d2571356c3,589824,1,64,0.0,0,bits-sq,8,128,8,transform_isolated,/home/jirka/research/2024/bits-knn-jpdc2024/data/application-scaling/bw01-35760924/gradient-compression-small.csv,0.00010850694444444444,30,0.009135,0.00907475,0.009185,0.9989053092501369,False,False
gradient-compression,773ccccc257597721840d373c9f3e73e670a8d255c39e3a3e354a1d2571356c3,589824,1,64,0.0,0,bits-sq,8,128,8,upload_shared,/home/jirka/research/2024/bits-knn-jpdc2024/data/application-scaling/bw01-35760924/gradient-compression-small.csv,0.00010850694444444444,1,0.147269,0.147269,0.147269,1.2684746959645274,False,False
gradient-compression,773ccccc257597721840d373c9f3e73e670a8d255c39e3a3e354a1d2571356c3,589824,1,64,0.0,0,bits-sq,8,128,13,download,/home/jirka/research/2024/bits-knn-jpdc2024/data/application-scaling/bw01-35760924/gradient-compression-small.csv,0.00010850694444444444,30,0.008699499999999999,0.008135,0.0088675,0.9213747916546929,False,False
gradient-compression,773ccccc257597721840d373c9f3e73e670a8d255c39e3a3e354a1d2571356c3,589824,1,64,0.0,0,bits-sq,8,128,13,operator,/home/jirka/research/2024/bits-knn-jpdc2024/data/application-scaling/bw01-35760924/gradient-compression-small.csv,0.00010850694444444444,30,0.088864,0.0886615,0.089144,0.41574765934461655,False,False
gradient-compression,773ccccc257597721840d373c9f3e73e670a8d255c39e3a3e354a1d2571356c3,589824,1,64,0.0,0,bits-sq,8,128,13,output_isolated,/home/jirka/research/2024/bits-knn-jpdc2024/data/application-scaling/bw01-35760924/gradient-compression-small.csv,0.00010850694444444444,30,0.0082545,0.008209999999999999,0.0083275,0.99333696771458,False,False
gradient-compression,773ccccc257597721840d373c9f3e73e670a8d255c39e3a3e354a1d2571356c3,589824,1,64,0.0,0,bits-sq,8,128,13,selection_isolated,/home/jirka/research/2024/bits-knn-jpdc2024/data/application-scaling/bw01-35760924/gradient-compression-small.csv,0.00010850694444444444,30,0.079444,0.079349,0.079569,0.3401137908463823,False,False
gradient-compression,773ccccc257597721840d373c9f3e73e670a8d255c39e3a3e354a1d2571356c3,589824,1,64,0.0,0,bits-sq,8,128,13,transform_isolated,/home/jirka/research/2024/bits-knn-jpdc2024/data/application-scaling/bw01-35760924/gradient-compression-small.csv,0.00010850694444444444,30,0.0091555,0.009099999999999999,0.00920675,0.9966686691060019,False,False
gradient-compression,773ccccc257597721840d373c9f3e73e670a8d255c39e3a3e354a1d2571356c3,589824,1,64,0.0,0,bits-sq,8,128,13,upload_shared,/home/jirka/research/2024/bits-knn-jpdc2024/data/application-scaling/bw01-35760924/gradient-compression-small.csv,0.00010850694444444444,1,0.150589,0.150589,0.150589,1.240508934915565,False,False
gradient-compression,773ccccc257597721840d373c9f3e73e670a8d255c39e3a3e354a1d2571356c3,589824,1,64,0.0,0,bits-sq,8,128,16,download,/home/jirka/research/2024/bits-knn-jpdc2024/data/application-scaling/bw01-35760924/gradient-compression-small.csv,0.00010850694444444444,30,0.008879999999999999,0.008677500000000001,0.008945000000000002,0.9026463963963965,False,False
gradient-compression,773ccccc257597721840d373c9f3e73e670a8d255c39e3a3e354a1d2571356c3,589824,1,64,0.0,0,bits-sq,8,128,16,operator,/home/jirka/research/2024/bits-knn-jpdc2024/data/application-scaling/bw01-35760924/gradient-compression-small.csv,0.00010850694444444444,30,0.08834900000000001,0.0880165,0.088529,0.4181711168207903,False,False
gradient-compression,773ccccc257597721840d373c9f3e73e670a8d255c39e3a3e354a1d2571356c3,589824,1,64,0.0,0,bits-sq,8,128,16,output_isolated,/home/jirka/research/2024/bits-knn-jpdc2024/data/application-scaling/bw01-35760924/gradient-compression-small.csv,0.00010850694444444444,30,0.008199999999999999,0.0081375,0.0083275,0.9999390243902441,False,False
gradient-compression,773ccccc257597721840d373c9f3e73e670a8d255c39e3a3e354a1d2571356c3,589824,1,64,0.0,0,bits-sq,8,128,16,selection_isolated,/home/jirka/research/2024/bits-knn-jpdc2024/data/application-scaling/bw01-35760924/gradient-compression-small.csv,0.00010850694444444444,30,0.078829,0.07873175,0.078929,0.34276725570538763,False,False
gradient-compression,773ccccc257597721840d373c9f3e73e670a8d255c39e3a3e354a1d2571356c3,589824,1,64,0.0,0,bits-sq,8,128,16,transform_isolated,/home/jirka/research/2024/bits-knn-jpdc2024/data/application-scaling/bw01-35760924/gradient-compression-small.csv,0.00010850694444444444,30,0.00902,0.0089625,0.00908,1.0116407982261642,False,False
gradient-compression,773ccccc257597721840d373c9f3e73e670a8d255c39e3a3e354a1d2571356c3,589824,1,64,0.0,0,bits-sq,8,128,16,upload_shared,/home/jirka/research/2024/bits-knn-jpdc2024/data/application-scaling/bw01-35760924/gradient-compression-small.csv,0.00010850694444444444,1,0.13766799999999998,0.13766799999999998,0.13766799999999998,1.3569384315890405,False,False
gradient-compression,773ccccc257597721840d373c9f3e73e670a8d255c39e3a3e354a1d2571356c3,589824,1,64,0.0,0,bits-sq,8,256,4,download,/home/jirka/research/2024/bits-knn-jpdc2024/data/application-scaling/bw01-35760924/gradient-compression-small.csv,0.00010850694444444444,30,0.008824499999999999,0.0086825,0.00886,0.9083234177573801,False,False
gradient-compression,773ccccc257597721840d373c9f3e73e670a8d255c39e3a3e354a1d2571356c3,589824,1,64,0.0,0,bits-sq,8,256,4,operator,/home/jirka/research/2024/bits-knn-jpdc2024/data/application-scaling/bw01-35760924/gradient-compression-small.csv,0.00010850694444444444,30,0.070664,0.0702115,0.071359,0.5228263330691725,False,False
gradient-compression,773ccccc257597721840d373c9f3e73e670a8d255c39e3a3e354a1d2571356c3,589824,1,64,0.0,0,bits-sq,8,256,4,output_isolated,/home/jirka/research/2024/bits-knn-jpdc2024/data/application-scaling/bw01-35760924/gradient-compression-small.csv,0.00010850694444444444,30,0.0082045,0.00811925,0.0082975,0.9993905783411543,False,False
gradient-compression,773ccccc257597721840d373c9f3e73e670a8d255c39e3a3e354a1d2571356c3,589824,1,64,0.0,0,bits-sq,8,256,4,selection_isolated,/home/jirka/research/2024/bits-knn-jpdc2024/data/application-scaling/bw01-35760924/gradient-compression-small.csv,0.00010850694444444444,30,0.061149,0.06093149999999999,0.06194975,0.4418714942190387,False,False
gradient-compression,773ccccc257597721840d373c9f3e73e670a8d255c39e3a3e354a1d2571356c3,589824,1,64,0.0,0,bits-sq,8,256,4,transform_isolated,/home/jirka/research/2024/bits-knn-jpdc2024/data/application-scaling/bw01-35760924/gradient-compression-small.csv,0.00010850694444444444,30,0.009089999999999999,0.00906225,0.009147500000000001,1.003850385038504,False,False
gradient-compression,773ccccc257597721840d373c9f3e73e670a8d255c39e3a3e354a1d2571356c3,589824,1,64,0.0,0,bits-sq,8,256,4,upload_shared,/home/jirka/research/2024/bits-knn-jpdc2024/data/application-scaling/bw01-35760924/gradient-compression-small.csv,0.00010850694444444444,1,0.151868,0.151868,0.151868,1.230061632470303,False,False
gradient-compression,773ccccc257597721840d373c9f3e73e670a8d255c39e3a3e354a1d2571356c3,589824,1,64,0.0,0,bits-sq,8,256,7,download,/home/jirka/research/2024/bits-knn-jpdc2024/data/application-scaling/bw01-35760924/gradient-compression-small.csv,0.00010850694444444444,30,0.008885,0.008689249999999999,0.00894,0.9021384355655598,False,False
gradient-compression,773ccccc257597721840d373c9f3e73e670a8d255c39e3a3e354a1d2571356c3,589824,1,64,0.0,0,bits-sq,8,256,7,operator,/home/jirka/research/2024/bits-knn-jpdc2024/data/application-scaling/bw01-35760924/gradient-compression-small.csv,0.00010850694444444444,30,0.067109,0.06691475,0.06721425,0.5505222846414044,False,False
gradient-compression,773ccccc257597721840d373c9f3e73e670a8d255c39e3a3e354a1d2571356c3,589824,1,64,0.0,0,bits-sq,8,256,7,output_isolated,/home/jirka/research/2024/bits-knn-jpdc2024/data/application-scaling/bw01-35760924/gradient-compression-small.csv,0.00010850694444444444,30,0.00829,0.0082225,0.00836,0.9890832328106152,False,False
gradient-compression,773ccccc257597721840d373c9f3e73e670a8d255c39e3a3e354a1d2571356c3,589824,1,64,0.0,0,bits-sq,8,256,7,selection_isolated,/home/jirka/research/2024/bits-knn-jpdc2024/data/application-scaling/bw01-35760924/gradient-compression-small.csv,0.00010850694444444444,30,0.057514499999999996,0.0574,0.05761475,0.4697945735423241,False,False
gradient-compression,773ccccc257597721840d373c9f3e73e670a8d255c39e3a3e354a1d2571356c3,589824,1,64,0.0,0,bits-sq,8,256,7,transform_isolated,/home/jirka/research/2024/bits-knn-jpdc2024/data/application-scaling/bw01-35760924/gradient-compression-small.csv,0.00010850694444444444,30,0.0091845,0.009077499999999999,0.009302500000000002,0.993521694158637,False,False
gradient-compression,773ccccc257597721840d373c9f3e73e670a8d255c39e3a3e354a1d2571356c3,589824,1,64,0.0,0,bits-sq,8,256,7,upload_shared,/home/jirka/research/2024/bits-knn-jpdc2024/data/application-scaling/bw01-35760924/gradient-compression-small.csv,0.00010850694444444444,1,0.157578,0.157578,0.157578,1.1854890911167804,False,False
gradient-compression,773ccccc257597721840d373c9f3e73e670a8d255c39e3a3e354a1d2571356c3,589824,1,64,0.0,0,bits-sq,8,256,8,download,/home/jirka/research/2024/bits-knn-jpdc2024/data/application-scaling/bw01-35760924/gradient-compression-small.csv,0.00010850694444444444,30,0.008879999999999999,0.00885,0.00889775,0.9026463963963965,False,False
gradient-compression,773ccccc257597721840d373c9f3e73e670a8d255c39e3a3e354a1d2571356c3,589824,1,64,0.0,0,bits-sq,8,256,8,operator,/home/jirka/research/2024/bits-knn-jpdc2024/data/application-scaling/bw01-35760924/gradient-compression-small.csv,0.00010850694444444444,30,0.066529,0.0663815,0.06675475,0.5553217393918441,False,False
gradient-compression,773ccccc257597721840d373c9f3e73e670a8d255c39e3a3e354a1d2571356c3,589824,1,64,0.0,0,bits-sq,8,256,8,output_isolated,/home/jirka/research/2024/bits-knn-jpdc2024/data/application-scaling/bw01-35760924/gradient-compression-small.csv,0.00010850694444444444,30,0.00827,0.008167500000000001,0.0083275,0.9914752116082226,False,False
gradient-compression,773ccccc257597721840d373c9f3e73e670a8d255c39e3a3e354a1d2571356c3,589824,1,64,0.0,0,bits-sq,8,256,8,selection_isolated,/home/jirka/research/2024/bits-knn-jpdc2024/data/application-scaling/bw01-35760924/gradient-compression-small.csv,0.00010850694444444444,30,0.0570845,0.0569575,0.057214,0.47333339172630046,False,False
gradient-compression,773ccccc257597721840d373c9f3e73e670a8d255c39e3a3e354a1d2571356c3,589824,1,64,0.0,0,bits-sq,8,256,8,transform_isolated,/home/jirka/research/2024/bits-knn-jpdc2024/data/application-scaling/bw01-35760924/gradient-compression-small.csv,0.00010850694444444444,30,0.009174999999999999,0.00906175,0.009264999999999999,0.9945504087193463,False,False
gradient-compression,773ccccc257597721840d373c9f3e73e670a8d255c39e3a3e354a1d2571356c3,589824,1,64,0.0,0,bits-sq,8,256,8,upload_shared,/home/jirka/research/2024/bits-knn-jpdc2024/data/application-scaling/bw01-35760924/gradient-compression-small.csv,0.00010850694444444444,1,0.144019,0.144019,0.144019,1.2970996882355799,False,False
gradient-compression,773ccccc257597721840d373c9f3e73e670a8d255c39e3a3e354a1d2571356c3,589824,1,64,0.0,0,bits-sq,8,256,13,download,/home/jirka/research/2024/bits-knn-jpdc2024/data/application-scaling/bw01-35760924/gradient-compression-small.csv,0.00010850694444444444,30,0.008810000000000002,0.0085825,0.00887,0.9098183881952325,False,False
gradient-compression,773ccccc257597721840d373c9f3e73e670a8d255c39e3a3e354a1d2571356c3,589824,1,64,0.0,0,bits-sq,8,256,13,operator,/home/jirka/research/2024/bits-knn-jpdc2024/data/application-scaling/bw01-35760924/gradient-compression-small.csv,0.00010850694444444444,30,0.0655895,0.0653965,0.06589425,0.5632761341373239,False,False
gradient-compression,773ccccc257597721840d373c9f3e73e670a8d255c39e3a3e354a1d2571356c3,589824,1,64,0.0,0,bits-sq,8,256,13,output_isolated,/home/jirka/research/2024/bits-knn-jpdc2024/data/application-scaling/bw01-35760924/gradient-compression-small.csv,0.00010850694444444444,30,0.00816,0.0081015,0.00825,1.0048406862745098,False,False
gradient-compression,773ccccc257597721840d373c9f3e73e670a8d255c39e3a3e354a1d2571356c3,589824,1,64,0.0,0,bits-sq,8,256,13,selection_isolated,/home/jirka/research/2024/bits-knn-jpdc2024/data/application-scaling/bw01-35760924/gradient-compression-small.csv,0.00010850694444444444,30,0.056263999999999995,0.05620924999999999,0.056364,0.4802360301436087,False,False
gradient-compression,773ccccc257597721840d373c9f3e73e670a8d255c39e3a3e354a1d2571356c3,589824,1,64,0.0,0,bits-sq,8,256,13,transform_isolated,/home/jirka/research/2024/bits-knn-jpdc2024/data/application-scaling/bw01-35760924/gradient-compression-small.csv,0.00010850694444444444,30,0.009120000000000001,0.009005,0.0092175,1.000548245614035,False,False
gradient-compression,773ccccc257597721840d373c9f3e73e670a8d255c39e3a3e354a1d2571356c3,589824,1,64,0.0,0,bits-sq,8,256,13,upload_shared,/home/jirka/research/2024/bits-knn-jpdc2024/data/application-scaling/bw01-35760924/gradient-compression-small.csv,0.00010850694444444444,1,0.141548,0.141548,0.141548,1.3197431260067256,False,False
gradient-compression,773ccccc257597721840d373c9f3e73e670a8d255c39e3a3e354a1d2571356c3,589824,1,64,0.0,0,bits-sq,8,256,16,download,/home/jirka/research/2024/bits-knn-jpdc2024/data/application-scaling/bw01-35760924/gradient-compression-small.csv,0.00010850694444444444,30,0.008819500000000001,0.00868,0.00884675,0.9088383695220816,False,False
gradient-compression,773ccccc257597721840d373c9f3e73e670a8d255c39e3a3e354a1d2571356c3,589824,1,64,0.0,0,bits-sq,8,256,16,operator,/home/jirka/research/2024/bits-knn-jpdc2024/data/application-scaling/bw01-35760924/gradient-compression-small.csv,0.00010850694444444444,30,0.06763949999999999,0.0675715,0.0678315,0.5462045106779324,False,False
gradient-compression,773ccccc257597721840d373c9f3e73e670a8d255c39e3a3e354a1d2571356c3,589824,1,64,0.0,0,bits-sq,8,256,16,output_isolated,/home/jirka/research/2024/bits-knn-jpdc2024/data/application-scaling/bw01-35760924/gradient-compression-small.csv,0.00010850694444444444,30,0.0081595,0.00814,0.008247500000000001,1.0049022611679637,False,False
gradient-compression,773ccccc257597721840d373c9f3e73e670a8d255c39e3a3e354a1d2571356c3,589824,1,64,0.0,0,bits-sq,8,256,16,selection_isolated,/home/jirka/research/2024/bits-knn-jpdc2024/data/application-scaling/bw01-35760924/gradient-compression-small.csv,0.00010850694444444444,30,0.0583345,0.05819,0.05844724999999999,0.4631907361852763,False,False
gradient-compression,773ccccc257597721840d373c9f3e73e670a8d255c39e3a3e354a1d2571356c3,589824,1,64,0.0,0,bits-sq,8,256,16,transform_isolated,/home/jirka/research/2024/bits-knn-jpdc2024/data/application-scaling/bw01-35760924/gradient-compression-small.csv,0.00010850694444444444,30,0.0090545,0.00896925,0.009105,1.0077861836655808,False,False
gradient-compression,773ccccc257597721840d373c9f3e73e670a8d255c39e3a3e354a1d2571356c3,589824,1,64,0.0,0,bits-sq,8,256,16,upload_shared,/home/jirka/research/2024/bits-knn-jpdc2024/data/application-scaling/bw01-35760924/gradient-compression-small.csv,0.00010850694444444444,1,0.154978,0.154978,0.154978,1.2053775374569293,False,False
gradient-compression,773ccccc257597721840d373c9f3e73e670a8d255c39e3a3e354a1d2571356c3,589824,1,64,0.0,0,bits-sq,8,512,4,download,/home/jirka/research/2024/bits-knn-jpdc2024/data/application-scaling/bw01-35760924/gradient-compression-small.csv,0.00010850694444444444,30,0.0088345,0.00812925,0.0088875,0.907295262889807,False,False
gradient-compression,773ccccc257597721840d373c9f3e73e670a8d255c39e3a3e354a1d2571356c3,589824,1,64,0.0,0,bits-sq,8,512,4,operator,/home/jirka/research/2024/bits-knn-jpdc2024/data/application-scaling/bw01-35760924/gradient-compression-small.csv,0.00010850694444444444,30,0.059064000000000005,0.05878475,0.0592165,0.6255079236082893,False,False
gradient-compression,773ccccc257597721840d373c9f3e73e670a8d255c39e3a3e354a1d2571356c3,589824,1,64,0.0,0,bits-sq,8,512,4,output_isolated,/home/jirka/research/2024/bits-knn-jpdc2024/data/application-scaling/bw01-35760924/gradient-compression-small.csv,0.00010850694444444444,30,0.00827,0.008199999999999999,0.00832,0.9914752116082226,False,False
gradient-compression,773ccccc257597721840d373c9f3e73e670a8d255c39e3a3e354a1d2571356c3,589824,1,64,0.0,0,bits-sq,8,512,4,selection_isolated,/home/jirka/research/2024/bits-knn-jpdc2024/data/application-scaling/bw01-35760924/gradient-compression-small.csv,0.00010850694444444444,30,0.049665,0.049589,0.049755,0.5440451021846371,False,False
gradient-compression,773ccccc257597721840d373c9f3e73e670a8d255c39e3a3e354a1d2571356c3,589824,1,64,0.0,0,bits-sq,8,512,4,transform_isolated,/home/jirka/research/2024/bits-knn-jpdc2024/data/application-scaling/bw01-35760924/gradient-compression-small.csv,0.00010850694444444444,30,0.00911,0.0090475,0.0091675,1.0016465422612515,False,False
gradient-compression,773ccccc257597721840d373c9f3e73e670a8d255c39e3a3e354a1d2571356c3,589824,1,64,0.0,0,bits-sq,8,512,4,upload_shared,/home/jirka/research/2024/bits-knn-jpdc2024/data/application-scaling/bw01-35760924/gradient-compression-small.csv,0.00010850694444444444,1,0.147368,0.147368,0.147368,1.267622550350144,False,False
gradient-compression,773ccccc257597721840d373c9f3e73e670a8d255c39e3a3e354a1d2571356c3,589824,1,64,0.0,0,bits-sq,8,512,7,download,/home/jirka/research/2024/bits-knn-jpdc2024/data/application-scaling/bw01-35760924/gradient-compression-small.csv,0.00010850694444444444,30,0.00885,0.008355000000000001,0.008879999999999999,0.9057062146892655,False,False
gradient-compression,773ccccc257597721840d373c9f3e73e670a8d255c39e3a3e354a1d2571356c3,589824,1,64,0.0,0,bits-sq,8,512,7,operator,/home/jirka/research/2024/bits-knn-jpdc2024/data/application-scaling/bw01-35760924/gradient-compression-small.csv,0.00010850694444444444,30,0.0591145,0.0589775,0.059366499999999996,0.6249735682446778,False,False
gradient-compression,773ccccc257597721840d373c9f3e73e670a8d255c39e3a3e354a1d2571356c3,589824,1,64,0.0,0,bits-sq,8,512,7,output_isolated,/home/jirka/research/2024/bits-knn-jpdc2024/data/application-scaling/bw01-35760924/gradient-compression-small.csv,0.00010850694444444444,30,0.0082045,0.00816,0.008287500000000001,0.9993905783411543,False,False
gradient-compression,773ccccc257597721840d373c9f3e73e670a8d255c39e3a3e354a1d2571356c3,589824,1,64,0.0,0,bits-sq,8,512,7,selection_isolated,/home/jirka/research/2024/bits-knn-jpdc2024/data/application-scaling/bw01-35760924/gradient-compression-small.csv,0.00010850694444444444,30,0.04975,0.049682500000000004,0.04986725,0.5431155778894472,False,False
gradient-compression,773ccccc257597721840d373c9f3e73e670a8d255c39e3a3e354a1d2571356c3,589824,1,64,0.0,0,bits-sq,8,512,7,transform_isolated,/home/jirka/research/2024/bits-knn-jpdc2024/data/application-scaling/bw01-35760924/gradient-compression-small.csv,0.00010850694444444444,30,0.009069500000000001,0.009005,0.009125000000000001,1.0061194112134075,False,False
gradient-compression,773ccccc257597721840d373c9f3e73e670a8d255c39e3a3e354a1d2571356c3,589824,1,64,0.0,0,bits-sq,8,512,7,upload_shared,/home/jirka/research/2024/bits-knn-jpdc2024/data/application-scaling/bw01-35760924/gradient-compression-small.csv,0.00010850694444444444,1,0.14557900000000001,0.14557900000000001,0.14557900000000001,1.2832001868401348,False,False
gradient-compression,773ccccc257597721840d373c9f3e73e670a8d255c39e3a3e354a1d2571356c3,589824,1,64,0.0,0,bits-sq,8,512,8,download,/home/jirka/research/2024/bits-knn-jpdc2024/data/application-scaling/bw01-35760924/gradient-compression-small.csv,0.00010850694444444444,30,0.0087,0.00809,0.008897500000000001,0.9213218390804598,False,False
gradient-compression,773ccccc257597721840d373c9f3e73e670a8d255c39e3a3e354a1d2571356c3,589824,1,64,0.0,0,bits-sq,8,512,8,operator,/home/jirka/research/2024/bits-knn-jpdc2024/data/application-scaling/bw01-35760924/gradient-compression-small.csv,0.00010850694444444444,30,0.05588,0.055641750000000004,0.056016500000000004,0.6611488904795992,False,False
gradient-compression,773ccccc257597721840d373c9f3e73e670a8d255c39e3a3e354a1d2571356c3,589824,1,64,0.0,0,bits-sq,8,512,8,output_isolated,/home/jirka/research/2024/bits-knn-jpdc2024/data/application-scaling/bw01-35760924/gradient-compression-small.csv,0.00010850694444444444,30,0.008199999999999999,0.00811825,0.00827,0.9999390243902441,False,False
gradient-compression,773ccccc257597721840d373c9f3e73e670a8d255c39e3a3e354a1d2571356c3,589824,1,64,0.0,0,bits-sq,8,512,8,selection_isolated,/home/jirka/research/2024/bits-knn-jpdc2024/data/application-scaling/bw01-35760924/gradient-compression-small.csv,0.00010850694444444444,30,0.0464695,0.04636475,0.046566750000000004,0.5814566543646909,False,False
gradient-compression,773ccccc257597721840d373c9f3e73e670a8d255c39e3a3e354a1d2571356c3,589824,1,64,0.0,0,bits-sq,8,512,8,transform_isolated,/home/jirka/research/2024/bits-knn-jpdc2024/data/application-scaling/bw01-35760924/gradient-compression-small.csv,0.00010850694444444444,30,0.0090795,0.009012250000000001,0.00915675,1.0050112891679057,False,False
gradient-compression,773ccccc257597721840d373c9f3e73e670a8d255c39e3a3e354a1d2571356c3,589824,1,64,0.0,0,bits-sq,8,512,8,upload_shared,/home/jirka/research/2024/bits-knn-jpdc2024/data/application-scaling/bw01-35760924/gradient-compression-small.csv,0.00010850694444444444,1,0.14721800000000002,0.14721800000000002,0.14721800000000002,1.2689141273485578,False,False
gradient-compression,773ccccc257597721840d373c9f3e73e670a8d255c39e3a3e354a1d2571356c3,589824,1,64,0.0,0,bits-sq,8,512,13,download,/home/jirka/research/2024/bits-knn-jpdc2024/data/application-scaling/bw01-35760924/gradient-compression-small.csv,0.00010850694444444444,30,0.0087395,0.008052249999999999,0.0088825,0.9171577321357056,False,False
gradient-compression,773ccccc257597721840d373c9f3e73e670a8d255c39e3a3e354a1d2571356c3,589824,1,64,0.0,0,bits-sq,8,512,13,operator,/home/jirka/research/2024/bits-knn-jpdc2024/data/application-scaling/bw01-35760924/gradient-compression-small.csv,0.00010850694444444444,30,0.0582195,0.058104750000000004,0.060366750000000004,0.6345811970216165,False,False
gradient-compression,773ccccc257597721840d373c9f3e73e670a8d255c39e3a3e354a1d2571356c3,589824,1,64,0.0,0,bits-sq,8,512,13,output_isolated,/home/jirka/research/2024/bits-knn-jpdc2024/data/application-scaling/bw01-35760924/gradient-compression-small.csv,0.00010850694444444444,30,0.008199999999999999,0.00816925,0.0082675,0.9999390243902441,False,False
gradient-compression,773ccccc257597721840d373c9f3e73e670a8d255c39e3a3e354a1d2571356c3,589824,1,64,0.0,0,bits-sq,8,512,13,selection_isolated,/home/jirka/research/2024/bits-knn-jpdc2024/data/application-scaling/bw01-35760924/gradient-compression-small.csv,0.00010850694444444444,30,0.048594,0.04854925,0.0486775,0.5560357245750505,False,False
gradient-compression,773ccccc257597721840d373c9f3e73e670a8d255c39e3a3e354a1d2571356c3,589824,1,64,0.0,0,bits-sq,8,512,13,transform_isolated,/home/jirka/research/2024/bits-knn-jpdc2024/data/application-scaling/bw01-35760924/gradient-compression-small.csv,0.00010850694444444444,30,0.009159500000000001,0.00909225,0.009307500000000002,0.996233418854741,False,False
gradient-compression,773ccccc257597721840d373c9f3e73e670a8d255c39e3a3e354a1d2571356c3,589824,1,64,0.0,0,bits-sq,8,512,13,upload_shared,/home/jirka/research/2024/bits-knn-jpdc2024/data/application-scaling/bw01-35760924/gradient-compression-small.csv,0.00010850694444444444,1,0.14638800000000002,0.14638800000000002,0.14638800000000002,1.2761086974342157,False,False
gradient-compression,773ccccc257597721840d373c9f3e73e670a8d255c39e3a3e354a1d2571356c3,589824,1,64,0.0,0,bits-sq,8,512,16,download,/home/jirka/research/2024/bits-knn-jpdc2024/data/application-scaling/bw01-35760924/gradient-compression-small.csv,0.00010850694444444444,30,0.00864,0.008029999999999999,0.0088275,0.9277199074074074,False,False
gradient-compression,773ccccc257597721840d373c9f3e73e670a8d255c39e3a3e354a1d2571356c3,589824,1,64,0.0,0,bits-sq,8,512,16,operator,/home/jirka/research/2024/bits-knn-jpdc2024/data/application-scaling/bw01-35760924/gradient-compression-small.csv,0.00010850694444444444,30,0.057708999999999996,0.057609249999999994,0.0579275,0.6401947703131229,False,False
gradient-compression,773ccccc257597721840d373c9f3e73e670a8d255c39e3a3e354a1d2571356c3,589824,1,64,0.0,0,bits-sq,8,512,16,output_isolated,/home/jirka/research/2024/bits-knn-jpdc2024/data/application-scaling/bw01-35760924/gradient-compression-small.csv,0.00010850694444444444,30,0.00822,0.00819,0.008305,0.9975060827250609,False,False
gradient-compression,773ccccc257597721840d373c9f3e73e670a8d255c39e3a3e354a1d2571356c3,589824,1,64,0.0,0,bits-sq,8,512,16,selection_isolated,/home/jirka/research/2024/bits-knn-jpdc2024/data/application-scaling/bw01-35760924/gradient-compression-small.csv,0.00010850694444444444,30,0.0481945,0.048099,0.0483315,0.5606448868646837,False,False
gradient-compression,773ccccc257597721840d373c9f3e73e670a8d255c39e3a3e354a1d2571356c3,589824,1,64,0.0,0,bits-sq,8,512,16,transform_isolated,/home/jirka/research/2024/bits-knn-jpdc2024/data/application-scaling/bw01-35760924/gradient-compression-small.csv,0.00010850694444444444,30,0.009115000000000002,0.009072499999999999,0.00915,1.0010970927043334,False,False
gradient-compression,773ccccc257597721840d373c9f3e73e670a8d255c39e3a3e354a1d2571356c3,589824,1,64,0.0,0,bits-sq,8,512,16,upload_shared,/home/jirka/research/2024/bits-knn-jpdc2024/data/application-scaling/bw01-35760924/gradient-compression-small.csv,0.00010850694444444444,1,0.186807,0.186807,0.186807,1.0,False,False
gradient-compression,773ccccc257597721840d373c9f3e73e670a8d255c39e3a3e354a1d2571356c3,589824,1,64,0.0,0,bits-sq,32,128,4,download,/home/jirka/research/2024/bits-knn-jpdc2024/data/application-scaling/bw01-35760924/gradient-compression-small.csv,0.00010850694444444444,30,0.00889,0.008862249999999999,0.00891,0.9016310461192351,False,False
gradient-compression,773ccccc257597721840d373c9f3e73e670a8d255c39e3a3e354a1d2571356c3,589824,1,64,0.0,0,bits-sq,32,128,4,operator,/home/jirka/research/2024/bits-knn-jpdc2024/data/application-scaling/bw01-35760924/gradient-compression-small.csv,0.00010850694444444444,30,0.0601295,0.059896750000000006,0.06030225,0.6144238684838558,False,False
gradient-compression,773ccccc257597721840d373c9f3e73e670a8d255c39e3a3e354a1d2571356c3,589824,1,64,0.0,0,bits-sq,32,128,4,output_isolated,/home/jirka/research/2024/bits-knn-jpdc2024/data/application-scaling/bw01-35760924/gradient-compression-small.csv,0.00010850694444444444,30,0.008405,0.0083225,0.008535,0.9755502676977991,False,False
gradient-compression,773ccccc257597721840d373c9f3e73e670a8d255c39e3a3e354a1d2571356c3,589824,1,64,0.0,0,bits-sq,32,128,4,selection_isolated,/home/jirka/research/2024/bits-knn-jpdc2024/data/application-scaling/bw01-35760924/gradient-compression-small.csv,0.00010850694444444444,30,0.050514500000000004,0.05042925,0.05068675,0.5348959209731858,False,False
gradient-compression,773ccccc257597721840d373c9f3e73e670a8d255c39e3a3e354a1d2571356c3,589824,1,64,0.0,0,bits-sq,32,128,4,transform_isolated,/home/jirka/research/2024/bits-knn-jpdc2024/data/application-scaling/bw01-35760924/gradient-compression-small.csv,0.00010850694444444444,30,0.009264999999999999,0.0092325,0.00937,0.9848893685914736,False,False
gradient-compression,773ccccc257597721840d373c9f3e73e670a8d255c39e3a3e354a1d2571356c3,589824,1,64,0.0,0,bits-sq,32,128,4,upload_shared,/home/jirka/research/2024/bits-knn-jpdc2024/data/application-scaling/bw01-35760924/gradient-compression-small.csv,0.00010850694444444444,1,0.15135800000000002,0.15135800000000002,0.15135800000000002,1.2342063187938528,False,False
gradient-compression,773ccccc257597721840d373c9f3e73e670a8d255c39e3a3e354a1d2571356c3,589824,1,64,0.0,0,bits-sq,32,128,7,download,/home/jirka/research/2024/bits-knn-jpdc2024/data/application-scaling/bw01-35760924/gradient-compression-small.csv,0.00010850694444444444,30,0.008834999999999999,0.008317499999999999,0.00886,0.9072439162422186,False,False
gradient-compression,773ccccc257597721840d373c9f3e73e670a8d255c39e3a3e354a1d2571356c3,589824,1,64,0.0,0,bits-sq,32,128,7,operator,/home/jirka/research/2024/bits-knn-jpdc2024/data/application-scaling/bw01-35760924/gradient-compression-small.csv,0.00010850694444444444,30,0.057505,0.0569415,0.058187249999999996,0.6424658725328233,False,False
gradient-compression,773ccccc257597721840d373c9f3e73e670a8d255c39e3a3e354a1d2571356c3,589824,1,64,0.0,0,bits-sq,32,128,7,output_isolated,/home/jirka/research/2024/bits-knn-jpdc2024/data/application-scaling/bw01-35760924/gradient-compression-small.csv,0.00010850694444444444,30,0.00822,0.0081725,0.0082975,0.9975060827250609,False,False
gradient-compression,773ccccc257597721840d373c9f3e73e670a8d255c39e3a3e354a1d2571356c3,589824,1,64,0.0,0,bits-sq,32,128,7,selection_isolated,/home/jirka/research/2024/bits-knn-jpdc2024/data/application-scaling/bw01-35760924/gradient-compression-small.csv,0.00010850694444444444,30,0.04857500000000001,0.0475915,0.048771499999999995,0.5562532166752444,False,False
gradient-compression,773ccccc257597721840d373c9f3e73e670a8d255c39e3a3e354a1d2571356c3,589824,1,64,0.0,0,bits-sq,32,128,7,transform_isolated,/home/jirka/research/2024/bits-knn-jpdc2024/data/application-scaling/bw01-35760924/gradient-compression-small.csv,0.00010850694444444444,30,0.009125000000000001,0.00906,0.00922975,1.0,False,False
gradient-compression,773ccccc257597721840d373c9f3e73e670a8d255c39e3a3e354a1d2571356c3,589824,1,64,0.0,0,bits-sq,32,128,7,upload_shared,/home/jirka/research/2024/bits-knn-jpdc2024/data/application-scaling/bw01-35760924/gradient-compression-small.csv,0.00010850694444444444,1,0.149899,0.149899,0.149899,1.2462191208747222,False,False
gradient-compression,773ccccc257597721840d373c9f3e73e670a8d255c39e3a3e354a1d2571356c3,589824,1,64,0.0,0,bits-sq,32,128,8,download,/home/jirka/research/2024/bits-knn-jpdc2024/data/application-scaling/bw01-35760924/gradient-compression-small.csv,0.00010850694444444444,30,0.0088495,0.00883,0.00886,0.9057573874230183,False,False
gradient-compression,773ccccc257597721840d373c9f3e73e670a8d255c39e3a3e354a1d2571356c3,589824,1,64,0.0,0,bits-sq,32,128,8,operator,/home/jirka/research/2024/bits-knn-jpdc2024/data/application-scaling/bw01-35760924/gradient-compression-small.csv,0.00010850694444444444,30,0.0572395,0.056826499999999995,0.05786225,0.645445889639148,False,False
gradient-compression,773ccccc257597721840d373c9f3e73e670a8d255c39e3a3e354a1d2571356c3,589824,1,64,0.0,0,bits-sq,32,128,8,output_isolated,/home/jirka/research/2024/bits-knn-jpdc2024/data/application-scaling/bw01-35760924/gradient-compression-small.csv,0.00010850694444444444,30,0.00831,0.008199999999999999,0.00836325,0.9867027677496992,False,False
gradient-compression,773ccccc257597721840d373c9f3e73e670a8d255c39e3a3e354a1d2571356c3,589824,1,64,0.0,0,bits-sq,32,128,8,selection_isolated,/home/jirka/research/2024/bits-knn-jpdc2024/data/application-scaling/bw01-35760924/gradient-compression-small.csv,0.00010850694444444444,30,0.0474695,0.047404,0.0476865,0.5692075964566722,False,False
gradient-compression,773ccccc257597721840d373c9f3e73e670a8d255c39e3a3e354a1d2571356c3,589824,1,64,0.0,0,bits-sq,32,128,8,transform_isolated,/home/jirka/research/2024/bits-knn-jpdc2024/data/application-scaling/bw01-35760924/gradient-compression-small.csv,0.00010850694444444444,30,0.00914,0.009092499999999998,0.0092175,0.9983588621444202,False,False
gradient-compression,773ccccc257597721840d373c9f3e73e670a8d255c39e3a3e354a1d2571356c3,589824,1,64,0.0,0,bits-sq,32,128,8,upload_shared,/home/jirka/research/2024/bits-knn-jpdc2024/data/application-scaling/bw01-35760924/gradient-compression-small.csv,0.00010850694444444444,1,0.147629,0.147629,0.147629,1.2653814629916886,False,False
gradient-compression,773ccccc257597721840d373c9f3e73e670a8d255c39e3a3e354a1d2571356c3,589824,1,64,0.0,0,bits-sq,32,128,13,download,/home/jirka/research/2024/bits-knn-jpdc2024/data/application-scaling/bw01-35760924/gradient-compression-small.csv,0.00010850694444444444,30,0.0089,0.00877925,0.0089175,0.9006179775280899,False,False
gradient-compression,773ccccc257597721840d373c9f3e73e670a8d255c39e3a3e354a1d2571356c3,589824,1,64,0.0,0,bits-sq,32,128,13,operator,/home/jirka/research/2024/bits-knn-jpdc2024/data/application-scaling/bw01-35760924/gradient-compression-small.csv,0.00010850694444444444,30,0.062164,0.06194225000000001,0.062317500000000005,0.5943150376423655,False,False
gradient-compression,773ccccc257597721840d373c9f3e73e670a8d255c39e3a3e354a1d2571356c3,589824,1,64,0.0,0,bits-sq,32,128,13,output_isolated,/home/jirka/research/2024/bits-knn-jpdc2024/data/application-scaling/bw01-35760924/gradient-compression-small.csv,0.00010850694444444444,30,0.008215,0.008189249999999999,0.0083,0.9981132075471698,False,False
gradient-compression,773ccccc257597721840d373c9f3e73e670a8d255c39e3a3e354a1d2571356c3,589824,1,64,0.0,0,bits-sq,32,128,13,selection_isolated,/home/jirka/research/2024/bits-knn-jpdc2024/data/application-scaling/bw01-35760924/gradient-compression-small.csv,0.00010850694444444444,30,0.052664,0.05260000000000001,0.0527975,0.5130639526051951,False,False
gradient-compression,773ccccc257597721840d373c9f3e73e670a8d255c39e3a3e354a1d2571356c3,589824,1,64,0.0,0,bits-sq,32,128,13,transform_isolated,/home/jirka/research/2024/bits-knn-jpdc2024/data/application-scaling/bw01-35760924/gradient-compression-small.csv,0.00010850694444444444,30,0.0091295,0.00905925,0.0092,0.9995070923927927,False,False
gradient-compression,773ccccc257597721840d373c9f3e73e670a8d255c39e3a3e354a1d2571356c3,589824,1,64,0.0,0,bits-sq,32,128,13,upload_shared,/home/jirka/research/2024/bits-knn-jpdc2024/data/application-scaling/bw01-35760924/gradient-compression-small.csv,0.00010850694444444444,1,0.14615799999999998,0.14615799999999998,0.14615799999999998,1.278116832468972,False,False
gradient-compression,773ccccc257597721840d373c9f3e73e670a8d255c39e3a3e354a1d2571356c3,589824,1,64,0.0,0,bits-sq,32,128,16,download,/home/jirka/research/2024/bits-knn-jpdc2024/data/application-scaling/bw01-35760924/gradient-compression-small.csv,0.00010850694444444444,30,0.0088555,0.00883,0.0089175,0.9051436960081305,False,False
gradient-compression,773ccccc257597721840d373c9f3e73e670a8d255c39e3a3e354a1d2571356c3,589824,1,64,0.0,0,bits-sq,32,128,16,operator,/home/jirka/research/2024/bits-knn-jpdc2024/data/application-scaling/bw01-35760924/gradient-compression-small.csv,0.00010850694444444444,30,0.066665,0.066529,0.06681725000000001,0.5541888547213681,False,False
gradient-compression,773ccccc257597721840d373c9f3e73e670a8d255c39e3a3e354a1d2571356c3,589824,1,64,0.0,0,bits-sq,32,128,16,output_isolated,/home/jirka/research/2024/bits-knn-jpdc2024/data/application-scaling/bw01-35760924/gradient-compression-small.csv,0.00010850694444444444,30,0.00826,0.0081775,0.008399750000000001,0.9926755447941888,False,False
gradient-compression,773ccccc257597721840d373c9f3e73e670a8d255c39e3a3e354a1d2571356c3,589824,1,64,0.0,0,bits-sq,32,128,16,selection_isolated,/home/jirka/research/2024/bits-knn-jpdc2024/data/application-scaling/bw01-35760924/gradient-compression-small.csv,0.00010850694444444444,30,0.0572295,0.0571615,0.05729,0.4721341266304965,False,False
gradient-compression,773ccccc257597721840d373c9f3e73e670a8d255c39e3a3e354a1d2571356c3,589824,1,64,0.0,0,bits-sq,32,128,16,transform_isolated,/home/jirka/research/2024/bits-knn-jpdc2024/data/application-scaling/bw01-35760924/gradient-compression-small.csv,0.00010850694444444444,30,0.0090995,0.009079,0.009187500000000001,1.0028023517775704,False,False
gradient-compression,773ccccc257597721840d373c9f3e73e670a8d255c39e3a3e354a1d2571356c3,589824,1,64,0.0,0,bits-sq,32,128,16,upload_shared,/home/jirka/research/2024/bits-knn-jpdc2024/data/application-scaling/bw01-35760924/gradient-compression-small.csv,0.00010850694444444444,1,0.144618,0.144618,0.144618,1.2917271708915903,False,False
gradient-compression,773ccccc257597721840d373c9f3e73e670a8d255c39e3a3e354a1d2571356c3,589824,1,64,0.0,0,bits-sq,32,256,4,download,/home/jirka/research/2024/bits-knn-jpdc2024/data/application-scaling/bw01-35760924/gradient-compression-small.csv,0.00010850694444444444,30,0.008889500000000002,0.00887,0.00891,0.9016817593790425,False,False
gradient-compression,773ccccc257597721840d373c9f3e73e670a8d255c39e3a3e354a1d2571356c3,589824,1,64,0.0,0,bits-sq,32,256,4,operator,/home/jirka/research/2024/bits-knn-jpdc2024/data/application-scaling/bw01-35760924/gradient-compression-small.csv,0.00010850694444444444,30,0.046895,0.04664925,0.04719999999999999,0.7878238618189574,False,False
gradient-compression,773ccccc257597721840d373c9f3e73e670a8d255c39e3a3e354a1d2571356c3,589824,1,64,0.0,0,bits-sq,32,256,4,output_isolated,/home/jirka/research/2024/bits-knn-jpdc2024/data/application-scaling/bw01-35760924/gradient-compression-small.csv,0.00010850694444444444,30,0.00827,0.00818,0.008369999999999999,0.9914752116082226,False,False
gradient-compression,773ccccc257597721840d373c9f3e73e670a8d255c39e3a3e354a1d2571356c3,589824,1,64,0.0,0,bits-sq,32,256,4,selection_isolated,/home/jirka/research/2024/bits-knn-jpdc2024/data/application-scaling/bw01-35760924/gradient-compression-small.csv,0.00010850694444444444,30,0.0375345,0.03738925,0.038769250000000005,0.719871051965525,False,False
gradient-compression,773ccccc257597721840d373c9f3e73e670a8d255c39e3a3e354a1d2571356c3,589824,1,64,0.0,0,bits-sq,32,256,4,transform_isolated,/home/jirka/research/2024/bits-knn-jpdc2024/data/application-scaling/bw01-35760924/gradient-compression-small.csv,0.00010850694444444444,30,0.00914,0.00910225,0.009219749999999999,0.9983588621444202,False,False
gradient-compression,773ccccc257597721840d373c9f3e73e670a8d255c39e3a3e354a1d2571356c3,589824,1,64,0.0,0,bits-sq,32,256,4,upload_shared,/home/jirka/research/2024/bits-knn-jpdc2024/data/application-scaling/bw01-35760924/gradient-compression-small.csv,0.00010850694444444444,1,0.15088800000000002,0.15088800000000002,0.15088800000000002,1.2380507396214409,False,False
gradient-compression,773ccccc257597721840d373c9f3e73e670a8d255c39e3a3e354a1d2571356c3,589824,1,64,0.0,0,bits-sq,32,256,7,download,/home/jirka/research/2024/bits-knn-jpdc2024/data/application-scaling/bw01-35760924/gradient-compression-small.csv,0.00010850694444444444,30,0.00887,0.0088325,0.00891775,0.903664036076663,False,False
gradient-compression,773ccccc257597721840d373c9f3e73e670a8d255c39e3a3e354a1d2571356c3,589824,1,64,0.0,0,bits-sq,32,256,7,operator,/home/jirka/research/2024/bits-knn-jpdc2024/data/application-scaling/bw01-35760924/gradient-compression-small.csv,0.00010850694444444444,30,0.04994,0.04968175,0.05008725,0.7397877452943533,False,False
gradient-compression,773ccccc257597721840d373c9f3e73e670a8d255c39e3a3e354a1d2571356c3,589824,1,64,0.0,0,bits-sq,32,256,7,output_isolated,/home/jirka/research/2024/bits-knn-jpdc2024/data/application-scaling/bw01-35760924/gradient-compression-small.csv,0.00010850694444444444,30,0.0082345,0.00815825,0.00831,0.9957495901390491,False,False
gradient-compression,773ccccc257597721840d373c9f3e73e670a8d255c39e3a3e354a1d2571356c3,589824,1,64,0.0,0,bits-sq,32,256,7,selection_isolated,/home/jirka/research/2024/bits-knn-jpdc2024/data/application-scaling/bw01-35760924/gradient-compression-small.csv,0.00010850694444444444,30,0.040424,0.04028925,0.04049675,0.6684148030872749,False,False
gradient-compression,773ccccc257597721840d373c9f3e73e670a8d255c39e3a3e354a1d2571356c3,589824,1,64,0.0,0,bits-sq,32,256,7,transform_isolated,/home/jirka/research/2024/bits-knn-jpdc2024/data/application-scaling/bw01-35760924/gradient-compression-small.csv,0.00010850694444444444,30,0.00916,0.00910225,0.009225,0.9961790393013102,False,False
gradient-compression,773ccccc257597721840d373c9f3e73e670a8d255c39e3a3e354a1d2571356c3,589824,1,64,0.0,0,bits-sq,32,256,7,upload_shared,/home/jirka/research/2024/bits-knn-jpdc2024/data/application-scaling/bw01-35760924/gradient-compression-small.csv,0.00010850694444444444,1,0.145208,0.145208,0.145208,1.2864787064073604,False,False
gradient-compression,773ccccc257597721840d373c9f3e73e670a8d255c39e3a3e354a1d2571356c3,589824,1,64,0.0,0,bits-sq,32,256,8,download,/home/jirka/research/2024/bits-knn-jpdc2024/data/application-scaling/bw01-35760924/gradient-compression-small.csv,0.00010850694444444444,30,0.008879999999999999,0.0087125,0.0089,0.9026463963963965,False,False
gradient-compression,773ccccc257597721840d373c9f3e73e670a8d255c39e3a3e354a1d2571356c3,589824,1,64,0.0,0,bits-sq,32,256,8,operator,/home/jirka/research/2024/bits-knn-jpdc2024/data/application-scaling/bw01-35760924/gradient-compression-small.csv,0.00010850694444444444,30,0.0494895,0.049304749999999994,0.04960925000000001,0.7465219895129271,False,False
gradient-compression,773ccccc257597721840d373c9f3e73e670a8d255c39e3a3e354a1d2571356c3,589824,1,64,0.0,0,bits-sq,32,256,8,output_isolated,/home/jirka/research/2024/bits-knn-jpdc2024/data/application-scaling/bw01-35760924/gradient-compression-small.csv,0.00010850694444444444,30,0.008279,0.00824,0.0083675,0.99039739098925,False,False
gradient-compression,773ccccc257597721840d373c9f3e73e670a8d255c39e3a3e354a1d2571356c3,589824,1,64,0.0,0,bits-sq,32,256,8,selection_isolated,/home/jirka/research/2024/bits-knn-jpdc2024/data/application-scaling/bw01-35760924/gradient-compression-small.csv,0.00010850694444444444,30,0.0399695,0.0398815,0.040074,0.6760154617896146,False,False
gradient-compression,773ccccc257597721840d373c9f3e73e670a8d255c39e3a3e354a1d2571356c3,589824,1,64,0.0,0,bits-sq,32,256,8,transform_isolated,/home/jirka/research/2024/bits-knn-jpdc2024/data/application-scaling/bw01-35760924/gradient-compression-small.csv,0.00010850694444444444,30,0.009120000000000001,0.009062500000000001,0.0092175,1.000548245614035,False,False
gradient-compression,773ccccc257597721840d373c9f3e73e670a8d255c39e3a3e354a1d2571356c3,589824,1,64,0.0,0,bits-sq,32,256,8,upload_shared,/home/jirka/research/2024/bits-knn-jpdc2024/data/application-scaling/bw01-35760924/gradient-compression-small.csv,0.00010850694444444444,1,0.141458,0.141458,0.141458,1.3205827878239478,False,False
gradient-compression,773ccccc257597721840d373c9f3e73e670a8d255c39e3a3e354a1d2571356c3,589824,1,64,0.0,0,bits-sq,32,256,13,download,/home/jirka/research/2024/bits-knn-jpdc2024/data/application-scaling/bw01-35760924/gradient-compression-small.csv,0.00010850694444444444,30,0.00882,0.0087125,0.00885,0.9087868480725624,False,False
gradient-compression,773ccccc257597721840d373c9f3e73e670a8d255c39e3a3e354a1d2571356c3,589824,1,64,0.0,0,bits-sq,32,256,13,operator,/home/jirka/research/2024/bits-knn-jpdc2024/data/application-scaling/bw01-35760924/gradient-compression-small.csv,0.00010850694444444444,30,0.0517345,0.05165475,0.051984,0.7141269365703738,False,False
gradient-compression,773ccccc257597721840d373c9f3e73e670a8d255c39e3a3e354a1d2571356c3,589824,1,64,0.0,0,bits-sq,32,256,13,output_isolated,/home/jirka/research/2024/bits-knn-jpdc2024/data/application-scaling/bw01-35760924/gradient-compression-small.csv,0.00010850694444444444,30,0.00825,0.0082225,0.00832425,0.9938787878787878,False,False
gradient-compression,773ccccc257597721840d373c9f3e73e670a8d255c39e3a3e354a1d2571356c3,589824,1,64,0.0,0,bits-sq,32,256,13,selection_isolated,/home/jirka/research/2024/bits-knn-jpdc2024/data/application-scaling/bw01-35760924/gradient-compression-small.csv,0.00010850694444444444,30,0.04238449999999999,0.042321750000000005,0.04249975,0.6374971982682349,False,False
gradient-compression,773ccccc257597721840d373c9f3e73e670a8d255c39e3a3e354a1d2571356c3,589824,1,64,0.0,0,bits-sq,32,256,13,transform_isolated,/home/jirka/research/2024/bits-knn-jpdc2024/data/application-scaling/bw01-35760924/gradient-compression-small.csv,0.00010850694444444444,30,0.009099999999999999,0.00905325,0.009157499999999999,1.002747252747253,False,False
gradient-compression,773ccccc257597721840d373c9f3e73e670a8d255c39e3a3e354a1d2571356c3,589824,1,64,0.0,0,bits-sq,32,256,13,upload_shared,/home/jirka/research/2024/bits-knn-jpdc2024/data/application-scaling/bw01-35760924/gradient-compression-small.csv,0.00010850694444444444,1,0.141459,0.141459,0.141459,1.3205734523784276,False,False
gradient-compression,773ccccc257597721840d373c9f3e73e670a8d255c39e3a3e354a1d2571356c3,589824,1,64,0.0,0,bits-sq,32,256,16,download,/home/jirka/research/2024/bits-knn-jpdc2024/data/application-scaling/bw01-35760924/gradient-compression-small.csv,0.00010850694444444444,30,0.00885,0.007824999999999999,0.00887,0.9057062146892655,False,False
gradient-compression,773ccccc257597721840d373c9f3e73e670a8d255c39e3a3e354a1d2571356c3,589824,1,64,0.0,0,bits-sq,32,256,16,operator,/home/jirka/research/2024/bits-knn-jpdc2024/data/application-scaling/bw01-35760924/gradient-compression-small.csv,0.00010850694444444444,30,0.056079500000000004,0.055574,0.056388999999999995,0.6587968865628261,False,False
gradient-compression,773ccccc257597721840d373c9f3e73e670a8d255c39e3a3e354a1d2571356c3,589824,1,64,0.0,0,bits-sq,32,256,16,output_isolated,/home/jirka/research/2024/bits-knn-jpdc2024/data/application-scaling/bw01-35760924/gradient-compression-small.csv,0.00010850694444444444,30,0.008245,0.008125,0.0083225,0.9944815039417828,False,False
gradient-compression,773ccccc257597721840d373c9f3e73e670a8d255c39e3a3e354a1d2571356c3,589824,1,64,0.0,0,bits-sq,32,256,16,selection_isolated,/home/jirka/research/2024/bits-knn-jpdc2024/data/application-scaling/bw01-35760924/gradient-compression-small.csv,0.00010850694444444444,30,0.046759499999999996,0.04617925,0.04689750000000001,0.5778504902747036,False,False
gradient-compression,773ccccc257597721840d373c9f3e73e670a8d255c39e3a3e354a1d2571356c3,589824,1,64,0.0,0,bits-sq,32,256,16,transform_isolated,/home/jirka/research/2024/bits-knn-jpdc2024/data/application-scaling/bw01-35760924/gradient-compression-small.csv,0.00010850694444444444,30,0.0091495,0.009065,0.009242249999999999,0.997322258046888,False,False
gradient-compression,773ccccc257597721840d373c9f3e73e670a8d255c39e3a3e354a1d2571356c3,589824,1,64,0.0,0,bits-sq,32,256,16,upload_shared,/home/jirka/research/2024/bits-knn-jpdc2024/data/application-scaling/bw01-35760924/gradient-compression-small.csv,0.00010850694444444444,1,0.15318800000000002,0.15318800000000002,0.15318800000000002,1.219462359975977,False,False
gradient-compression,773ccccc257597721840d373c9f3e73e670a8d255c39e3a3e354a1d2571356c3,589824,1,64,0.0,0,bits-sq,32,512,4,download,/home/jirka/research/2024/bits-knn-jpdc2024/data/application-scaling/bw01-35760924/gradient-compression-small.csv,0.00010850694444444444,30,0.0088545,0.0087,0.008929749999999998,0.9052459201535943,False,True
gradient-compression,773ccccc257597721840d373c9f3e73e670a8d255c39e3a3e354a1d2571356c3,589824,1,64,0.0,0,bits-sq,32,512,4,operator,/home/jirka/research/2024/bits-knn-jpdc2024/data/application-scaling/bw01-35760924/gradient-compression-small.csv,0.00010850694444444444,30,0.046549999999999994,0.04408175,0.04669475,0.7936627282491946,False,True
gradient-compression,773ccccc257597721840d373c9f3e73e670a8d255c39e3a3e354a1d2571356c3,589824,1,64,0.0,0,bits-sq,32,512,4,output_isolated,/home/jirka/research/2024/bits-knn-jpdc2024/data/application-scaling/bw01-35760924/gradient-compression-small.csv,0.00010850694444444444,30,0.008185,0.008125,0.008261750000000002,1.0017715332926085,False,True
gradient-compression,773ccccc257597721840d373c9f3e73e670a8d255c39e3a3e354a1d2571356c3,589824,1,64,0.0,0,bits-sq,32,512,4,selection_isolated,/home/jirka/research/2024/bits-knn-jpdc2024/data/application-scaling/bw01-35760924/gradient-compression-small.csv,0.00010850694444444444,30,0.037309499999999995,0.036924,0.037410000000000006,0.7242123319797907,False,True
gradient-compression,773ccccc257597721840d373c9f3e73e670a8d255c39e3a3e354a1d2571356c3,589824,1,64,0.0,0,bits-sq,32,512,4,transform_isolated,/home/jirka/research/2024/bits-knn-jpdc2024/data/application-scaling/bw01-35760924/gradient-compression-small.csv,0.00010850694444444444,30,0.009099999999999999,0.00904,0.009165000000000001,1.002747252747253,False,True
gradient-compression,773ccccc257597721840d373c9f3e73e670a8d255c39e3a3e354a1d2571356c3,589824,1,64,0.0,0,bits-sq,32,512,4,upload_shared,/home/jirka/research/2024/bits-knn-jpdc2024/data/application-scaling/bw01-35760924/gradient-compression-small.csv,0.00010850694444444444,1,0.147459,0.147459,0.147459,1.2668402742457225,False,True
gradient-compression,773ccccc257597721840d373c9f3e73e670a8d255c39e3a3e354a1d2571356c3,589824,1,64,0.0,0,bits-sq,32,512,7,download,/home/jirka/research/2024/bits-knn-jpdc2024/data/application-scaling/bw01-35760924/gradient-compression-small.csv,0.00010850694444444444,30,0.00887,0.0086825,0.008907499999999999,0.903664036076663,False,False
gradient-compression,773ccccc257597721840d373c9f3e73e670a8d255c39e3a3e354a1d2571356c3,589824,1,64,0.0,0,bits-sq,32,512,7,operator,/home/jirka/research/2024/bits-knn-jpdc2024/data/application-scaling/bw01-35760924/gradient-compression-small.csv,0.00010850694444444444,30,0.0459345,0.04579225,0.04605225,0.8042974235052086,False,False
gradient-compression,773ccccc257597721840d373c9f3e73e670a8d255c39e3a3e354a1d2571356c3,589824,1,64,0.0,0,bits-sq,32,512,7,output_isolated,/home/jirka/research/2024/bits-knn-jpdc2024/data/application-scaling/bw01-35760924/gradient-compression-small.csv,0.00010850694444444444,30,0.008244999999999999,0.008182499999999999,0.0083675,0.994481503941783,False,False
gradient-compression,773ccccc257597721840d373c9f3e73e670a8d255c39e3a3e354a1d2571356c3,589824,1,64,0.0,0,bits-sq,32,512,7,selection_isolated,/home/jirka/research/2024/bits-knn-jpdc2024/data/application-scaling/bw01-35760924/gradient-compression-small.csv,0.00010850694444444444,30,0.0364695,0.036375000000000005,0.036539749999999996,0.7408930750353034,False,False
gradient-compression,773ccccc257597721840d373c9f3e73e670a8d255c39e3a3e354a1d2571356c3,589824,1,64,0.0,0,bits-sq,32,512,7,transform_isolated,/home/jirka/research/2024/bits-knn-jpdc2024/data/application-scaling/bw01-35760924/gradient-compression-small.csv,0.00010850694444444444,30,0.009120000000000001,0.00905225,0.0092175,1.000548245614035,False,False
gradient-compression,773ccccc257597721840d373c9f3e73e670a8d255c39e3a3e354a1d2571356c3,589824,1,64,0.0,0,bits-sq,32,512,7,upload_shared,/home/jirka/research/2024/bits-knn-jpdc2024/data/application-scaling/bw01-35760924/gradient-compression-small.csv,0.00010850694444444444,1,0.14805800000000002,0.14805800000000002,0.14805800000000002,1.261715003579678,False,False
gradient-compression,773ccccc257597721840d373c9f3e73e670a8d255c39e3a3e354a1d2571356c3,589824,1,64,0.0,0,bits-sq,32,512,8,download,/home/jirka/research/2024/bits-knn-jpdc2024/data/application-scaling/bw01-35760924/gradient-compression-small.csv,0.00010850694444444444,30,0.008060000000000001,0.0079925,0.00866225,0.9944789081885854,False,False
gradient-compression,773ccccc257597721840d373c9f3e73e670a8d255c39e3a3e354a1d2571356c3,589824,1,64,0.0,0,bits-sq,32,512,8,operator,/home/jirka/research/2024/bits-knn-jpdc2024/data/application-scaling/bw01-35760924/gradient-compression-small.csv,0.00010850694444444444,30,0.0473945,0.047240000000000004,0.047509749999999996,0.7795208304761102,False,False
gradient-compression,773ccccc257597721840d373c9f3e73e670a8d255c39e3a3e354a1d2571356c3,589824,1,64,0.0,0,bits-sq,32,512,8,output_isolated,/home/jirka/research/2024/bits-knn-jpdc2024/data/application-scaling/bw01-35760924/gradient-compression-small.csv,0.00010850694444444444,30,0.008265,0.00822,0.00836725,0.992075015124017,False,False
gradient-compression,773ccccc257597721840d373c9f3e73e670a8d255c39e3a3e354a1d2571356c3,589824,1,64,0.0,0,bits-sq,32,512,8,selection_isolated,/home/jirka/research/2024/bits-knn-jpdc2024/data/application-scaling/bw01-35760924/gradient-compression-small.csv,0.00010850694444444444,30,0.03782,0.037751749999999994,0.037904,0.7144368059227921,False,False
gradient-compression,773ccccc257597721840d373c9f3e73e670a8d255c39e3a3e354a1d2571356c3,589824,1,64,0.0,0,bits-sq,32,512,8,transform_isolated,/home/jirka/research/2024/bits-knn-jpdc2024/data/application-scaling/bw01-35760924/gradient-compression-small.csv,0.00010850694444444444,30,0.009165,0.00908225,0.00924675,0.9956355701036554,False,False
gradient-compression,773ccccc257597721840d373c9f3e73e670a8d255c39e3a3e354a1d2571356c3,589824,1,64,0.0,0,bits-sq,32,512,8,upload_shared,/home/jirka/research/2024/bits-knn-jpdc2024/data/application-scaling/bw01-35760924/gradient-compression-small.csv,0.00010850694444444444,1,0.14721800000000002,0.14721800000000002,0.14721800000000002,1.2689141273485578,False,False
gradient-compression,773ccccc257597721840d373c9f3e73e670a8d255c39e3a3e354a1d2571356c3,589824,1,64,0.0,0,bits-sq,32,512,13,download,/home/jirka/research/2024/bits-knn-jpdc2024/data/application-scaling/bw01-35760924/gradient-compression-small.csv,0.00010850694444444444,30,0.00891,0.008862499999999999,0.008929999999999999,0.8996071829405163,False,False
gradient-compression,773ccccc257597721840d373c9f3e73e670a8d255c39e3a3e354a1d2571356c3,589824,1,64,0.0,0,bits-sq,32,512,13,operator,/home/jirka/research/2024/bits-knn-jpdc2024/data/application-scaling/bw01-35760924/gradient-compression-small.csv,0.00010850694444444444,30,0.050964499999999996,0.050694,0.0511565,0.7249163633509601,False,False
gradient-compression,773ccccc257597721840d373c9f3e73e670a8d255c39e3a3e354a1d2571356c3,589824,1,64,0.0,0,bits-sq,32,512,13,output_isolated,/home/jirka/research/2024/bits-knn-jpdc2024/data/application-scaling/bw01-35760924/gradient-compression-small.csv,0.00010850694444444444,30,0.008295,0.008182499999999999,0.008355,0.9884870403857745,False,False
gradient-compression,773ccccc257597721840d373c9f3e73e670a8d255c39e3a3e354a1d2571356c3,589824,1,64,0.0,0,bits-sq,32,512,13,selection_isolated,/home/jirka/research/2024/bits-knn-jpdc2024/data/application-scaling/bw01-35760924/gradient-compression-small.csv,0.00010850694444444444,30,0.04145,0.041329,0.04156675,0.6518697225572979,False,False
gradient-compression,773ccccc257597721840d373c9f3e73e670a8d255c39e3a3e354a1d2571356c3,589824,1,64,0.0,0,bits-sq,32,512,13,transform_isolated,/home/jirka/research/2024/bits-knn-jpdc2024/data/application-scaling/bw01-35760924/gradient-compression-small.csv,0.00010850694444444444,30,0.0091405,0.009035,0.0091975,0.9983042503145344,False,False
gradient-compression,773ccccc257597721840d373c9f3e73e670a8d255c39e3a3e354a1d2571356c3,589824,1,64,0.0,0,bits-sq,32,512,13,upload_shared,/home/jirka/research/2024/bits-knn-jpdc2024/data/application-scaling/bw01-35760924/gradient-compression-small.csv,0.00010850694444444444,1,0.148629,0.148629,0.148629,1.2568677714308782,False,False
gradient-compression,773ccccc257597721840d373c9f3e73e670a8d255c39e3a3e354a1d2571356c3,589824,1,64,0.0,0,bits-sq,32,512,16,download,/home/jirka/research/2024/bits-knn-jpdc2024/data/application-scaling/bw01-35760924/gradient-compression-small.csv,0.00010850694444444444,30,0.00886,0.00885,0.00889,0.9046839729119639,False,False
gradient-compression,773ccccc257597721840d373c9f3e73e670a8d255c39e3a3e354a1d2571356c3,589824,1,64,0.0,0,bits-sq,32,512,16,operator,/home/jirka/research/2024/bits-knn-jpdc2024/data/application-scaling/bw01-35760924/gradient-compression-small.csv,0.00010850694444444444,30,0.054824,0.054675,0.055039,0.673883700569094,False,False
gradient-compression,773ccccc257597721840d373c9f3e73e670a8d255c39e3a3e354a1d2571356c3,589824,1,64,0.0,0,bits-sq,32,512,16,output_isolated,/home/jirka/research/2024/bits-knn-jpdc2024/data/application-scaling/bw01-35760924/gradient-compression-small.csv,0.00010850694444444444,30,0.00822,0.00816,0.00829975,0.9975060827250609,False,False
gradient-compression,773ccccc257597721840d373c9f3e73e670a8d255c39e3a3e354a1d2571356c3,589824,1,64,0.0,0,bits-sq,32,512,16,selection_isolated,/home/jirka/research/2024/bits-knn-jpdc2024/data/application-scaling/bw01-35760924/gradient-compression-small.csv,0.00010850694444444444,30,0.0454595,0.045340000000000005,0.045559999999999996,0.5943752131017719,False,False
gradient-compression,773ccccc257597721840d373c9f3e73e670a8d255c39e3a3e354a1d2571356c3,589824,1,64,0.0,0,bits-sq,32,512,16,transform_isolated,/home/jirka/research/2024/bits-knn-jpdc2024/data/application-scaling/bw01-35760924/gradient-compression-small.csv,0.00010850694444444444,30,0.0091345,0.0090525,0.009195,0.998959986862992,False,False
gradient-compression,773ccccc257597721840d373c9f3e73e670a8d255c39e3a3e354a1d2571356c3,589824,1,64,0.0,0,bits-sq,32,512,16,upload_shared,/home/jirka/research/2024/bits-knn-jpdc2024/data/application-scaling/bw01-35760924/gradient-compression-small.csv,0.00010850694444444444,1,0.14546900000000001,0.14546900000000001,0.14546900000000001,1.2841705105555135,False,False
gradient-compression,773ccccc257597721840d373c9f3e73e670a8d255c39e3a3e354a1d2571356c3,589824,1,64,0.0,0,bits-sq,128,128,4,download,/home/jirka/research/2024/bits-knn-jpdc2024/data/application-scaling/bw01-35760924/gradient-compression-small.csv,0.00010850694444444444,30,0.00885,0.008685,0.00889,0.9057062146892655,False,False
gradient-compression,773ccccc257597721840d373c9f3e73e670a8d255c39e3a3e354a1d2571356c3,589824,1,64,0.0,0,bits-sq,128,128,4,operator,/home/jirka/research/2024/bits-knn-jpdc2024/data/application-scaling/bw01-35760924/gradient-compression-small.csv,0.00010850694444444444,30,0.051449,0.05123225000000001,0.051536750000000006,0.7180897587902584,False,False
gradient-compression,773ccccc257597721840d373c9f3e73e670a8d255c39e3a3e354a1d2571356c3,589824,1,64,0.0,0,bits-sq,128,128,4,output_isolated,/home/jirka/research/2024/bits-knn-jpdc2024/data/application-scaling/bw01-35760924/gradient-compression-small.csv,0.00010850694444444444,30,0.008219500000000001,0.00812225,0.00832,0.9975667619684895,False,False
gradient-compression,773ccccc257597721840d373c9f3e73e670a8d255c39e3a3e354a1d2571356c3,589824,1,64,0.0,0,bits-sq,128,128,4,selection_isolated,/home/jirka/research/2024/bits-knn-jpdc2024/data/application-scaling/bw01-35760924/gradient-compression-small.csv,0.00010850694444444444,30,0.041935,0.041869250000000004,0.042009000000000005,0.6443305115059019,False,False
gradient-compression,773ccccc257597721840d373c9f3e73e670a8d255c39e3a3e354a1d2571356c3,589824,1,64,0.0,0,bits-sq,128,128,4,transform_isolated,/home/jirka/research/2024/bits-knn-jpdc2024/data/application-scaling/bw01-35760924/gradient-compression-small.csv,0.00010850694444444444,30,0.009094499999999998,0.00902,0.00914675,1.0033536752982575,False,False
gradient-compression,773ccccc257597721840d373c9f3e73e670a8d255c39e3a3e354a1d2571356c3,589824,1,64,0.0,0,bits-sq,128,128,4,upload_shared,/home/jirka/research/2024/bits-knn-jpdc2024/data/application-scaling/bw01-35760924/gradient-compression-small.csv,0.00010850694444444444,1,0.146178,0.146178,0.146178,1.2779419611706275,False,False
gradient-compression,773ccccc257597721840d373c9f3e73e670a8d255c39e3a3e354a1d2571356c3,589824,1,64,0.0,0,bits-sq,128,128,7,download,/home/jirka/research/2024/bits-knn-jpdc2024/data/application-scaling/bw01-35760924/gradient-compression-small.csv,0.00010850694444444444,30,0.00887,0.0081815,0.008919999999999999,0.903664036076663,False,False
gradient-compression,773ccccc257597721840d373c9f3e73e670a8d255c39e3a3e354a1d2571356c3,589824,1,64,0.0,0,bits-sq,128,128,7,operator,/home/jirka/research/2024/bits-knn-jpdc2024/data/application-scaling/bw01-35760924/gradient-compression-small.csv,0.00010850694444444444,30,0.053894,0.05376675,0.054110000000000005,0.685512301926003,False,False
gradient-compression,773ccccc257597721840d373c9f3e73e670a8d255c39e3a3e354a1d2571356c3,589824,1,64,0.0,0,bits-sq,128,128,7,output_isolated,/home/jirka/research/2024/bits-knn-jpdc2024/data/application-scaling/bw01-35760924/gradient-compression-small.csv,0.00010850694444444444,30,0.00822,0.00817,0.008345,0.9975060827250609,False,False
gradient-compression,773ccccc257597721840d373c9f3e73e670a8d255c39e3a3e354a1d2571356c3,589824,1,64,0.0,0,bits-sq,128,128,7,selection_isolated,/home/jirka/research/2024/bits-knn-jpdc2024/data/application-scaling/bw01-35760924/gradient-compression-small.csv,0.00010850694444444444,30,0.044425,0.044381500000000004,0.04447675,0.6082160945413618,False,False
gradient-compression,773ccccc257597721840d373c9f3e73e670a8d255c39e3a3e354a1d2571356c3,589824,1,64,0.0,0,bits-sq,128,128,7,transform_isolated,/home/jirka/research/2024/bits-knn-jpdc2024/data/application-scaling/bw01-35760924/gradient-compression-small.csv,0.00010850694444444444,30,0.0091545,0.00904,0.0092075,0.9967775411000056,False,False
gradient-compression,773ccccc257597721840d373c9f3e73e670a8d255c39e3a3e354a1d2571356c3,589824,1,64,0.0,0,bits-sq,128,128,7,upload_shared,/home/jirka/research/2024/bits-knn-jpdc2024/data/application-scaling/bw01-35760924/gradient-compression-small.csv,0.00010850694444444444,1,0.145438,0.145438,0.145438,1.284444230531223,False,False
gradient-compression,773ccccc257597721840d373c9f3e73e670a8d255c39e3a3e354a1d2571356c3,589824,1,64,0.0,0,bits-sq,128,128,8,download,/home/jirka/research/2024/bits-knn-jpdc2024/data/application-scaling/bw01-35760924/gradient-compression-small.csv,0.00010850694444444444,30,0.00887,0.00808425,0.008907499999999999,0.903664036076663,False,False
gradient-compression,773ccccc257597721840d373c9f3e73e670a8d255c39e3a3e354a1d2571356c3,589824,1,64,0.0,0,bits-sq,128,128,8,operator,/home/jirka/research/2024/bits-knn-jpdc2024/data/application-scaling/bw01-35760924/gradient-compression-small.csv,0.00010850694444444444,30,0.0531195,0.052878999999999995,0.053479,0.6955072995792506,False,False
gradient-compression,773ccccc257597721840d373c9f3e73e670a8d255c39e3a3e354a1d2571356c3,589824,1,64,0.0,0,bits-sq,128,128,8,output_isolated,/home/jirka/research/2024/bits-knn-jpdc2024/data/application-scaling/bw01-35760924/gradient-compression-small.csv,0.00010850694444444444,30,0.008225,0.0081375,0.00835,0.9968996960486323,False,False
gradient-compression,773ccccc257597721840d373c9f3e73e670a8d255c39e3a3e354a1d2571356c3,589824,1,64,0.0,0,bits-sq,128,128,8,selection_isolated,/home/jirka/research/2024/bits-knn-jpdc2024/data/application-scaling/bw01-35760924/gradient-compression-small.csv,0.00010850694444444444,30,0.043814500000000006,0.043631500000000004,0.04399725,0.6166908215316846,False,False
gradient-compression,773ccccc257597721840d373c9f3e73e670a8d255c39e3a3e354a1d2571356c3,589824,1,64,0.0,0,bits-sq,128,128,8,transform_isolated,/home/jirka/research/2024/bits-knn-jpdc2024/data/application-scaling/bw01-35760924/gradient-compression-small.csv,0.00010850694444444444,30,0.009075,0.009001499999999999,0.009130000000000001,1.0055096418732783,False,False
gradient-compression,773ccccc257597721840d373c9f3e73e670a8d255c39e3a3e354a1d2571356c3,589824,1,64,0.0,0,bits-sq,128,128,8,upload_shared,/home/jirka/research/2024/bits-knn-jpdc2024/data/application-scaling/bw01-35760924/gradient-compression-small.csv,0.00010850694444444444,1,0.149728,0.149728,0.149728,1.2476423915366532,False,False
gradient-compression,773ccccc257597721840d373c9f3e73e670a8d255c39e3a3e354a1d2571356c3,589824,1,64,0.0,0,bits-sq,128,128,13,download,/home/jirka/research/2024/bits-knn-jpdc2024/data/application-scaling/bw01-35760924/gradient-compression-small.csv,0.00010850694444444444,30,0.00878,0.0086075,0.008907499999999999,0.9129271070615035,False,False
gradient-compression,773ccccc257597721840d373c9f3e73e670a8d255c39e3a3e354a1d2571356c3,589824,1,64,0.0,0,bits-sq,128,128,13,operator,/home/jirka/research/2024/bits-knn-jpdc2024/data/application-scaling/bw01-35760924/gradient-compression-small.csv,0.00010850694444444444,30,0.058854500000000004,0.0587115,0.0590365,0.6277344977869153,False,False
gradient-compression,773ccccc257597721840d373c9f3e73e670a8d255c39e3a3e354a1d2571356c3,589824,1,64,0.0,0,bits-sq,128,128,13,output_isolated,/home/jirka/research/2024/bits-knn-jpdc2024/data/application-scaling/bw01-35760924/gradient-compression-small.csv,0.00010850694444444444,30,0.008309500000000001,0.008204999999999999,0.00837075,0.9867621397195979,False,False
gradient-compression,773ccccc257597721840d373c9f3e73e670a8d255c39e3a3e354a1d2571356c3,589824,1,64,0.0,0,bits-sq,128,128,13,selection_isolated,/home/jirka/research/2024/bits-knn-jpdc2024/data/application-scaling/bw01-35760924/gradient-compression-small.csv,0.00010850694444444444,30,0.049369500000000004,0.049289,0.049409,0.5473014715563252,False,False
gradient-compression,773ccccc257597721840d373c9f3e73e670a8d255c39e3a3e354a1d2571356c3,589824,1,64,0.0,0,bits-sq,128,128,13,transform_isolated,/home/jirka/research/2024/bits-knn-jpdc2024/data/application-scaling/bw01-35760924/gradient-compression-small.csv,0.00010850694444444444,30,0.009164499999999999,0.00913925,0.00924,0.9956898903377164,False,False
gradient-compression,773ccccc257597721840d373c9f3e73e670a8d255c39e3a3e354a1d2571356c3,589824,1,64,0.0,0,bits-sq,128,128,13,upload_shared,/home/jirka/research/2024/bits-knn-jpdc2024/data/application-scaling/bw01-35760924/gradient-compression-small.csv,0.00010850694444444444,1,0.145759,0.145759,0.145759,1.2816155434655836,False,False
gradient-compression,773ccccc257597721840d373c9f3e73e670a8d255c39e3a3e354a1d2571356c3,589824,1,64,0.0,0,bits-sq,128,128,16,download,/home/jirka/research/2024/bits-knn-jpdc2024/data/application-scaling/bw01-35760924/gradient-compression-small.csv,0.00010850694444444444,30,0.00884,0.00807475,0.00886975,0.9067307692307691,False,False
gradient-compression,773ccccc257597721840d373c9f3e73e670a8d255c39e3a3e354a1d2571356c3,589824,1,64,0.0,0,bits-sq,128,128,16,operator,/home/jirka/research/2024/bits-knn-jpdc2024/data/application-scaling/bw01-35760924/gradient-compression-small.csv,0.00010850694444444444,30,0.06480949999999999,0.06458925000000001,0.0650065,0.5700553159644807,False,False
gradient-compression,773ccccc257597721840d373c9f3e73e670a8d255c39e3a3e354a1d2571356c3,589824,1,64,0.0,0,bits-sq,128,128,16,output_isolated,/home/jirka/research/2024/bits-knn-jpdc2024/data/application-scaling/bw01-35760924/gradient-compression-small.csv,0.00010850694444444444,30,0.0082955,0.00816,0.0084,0.9884274606714483,False,False
gradient-compression,773ccccc257597721840d373c9f3e73e670a8d255c39e3a3e354a1d2571356c3,589824,1,64,0.0,0,bits-sq,128,128,16,selection_isolated,/home/jirka/research/2024/bits-knn-jpdc2024/data/application-scaling/bw01-35760924/gradient-compression-small.csv,0.00010850694444444444,30,0.055464,0.055394750000000006,0.0555615,0.48716284436751767,False,False
gradient-compression,773ccccc257597721840d373c9f3e73e670a8d255c39e3a3e354a1d2571356c3,589824,1,64,0.0,0,bits-sq,128,128,16,transform_isolated,/home/jirka/research/2024/bits-knn-jpdc2024/data/application-scaling/bw01-35760924/gradient-compression-small.csv,0.00010850694444444444,30,0.00908,0.0089925,0.009191749999999999,1.004955947136564,False,False
gradient-compression,773ccccc257597721840d373c9f3e73e670a8d255c39e3a3e354a1d2571356c3,589824,1,64,0.0,0,bits-sq,128,128,16,upload_shared,/home/jirka/research/2024/bits-knn-jpdc2024/data/application-scaling/bw01-35760924/gradient-compression-small.csv,0.00010850694444444444,1,0.147969,0.147969,0.147969,1.2624738965594147,False,False
gradient-compression,773ccccc257597721840d373c9f3e73e670a8d255c39e3a3e354a1d2571356c3,589824,1,64,0.0,0,bits-sq,128,256,4,download,/home/jirka/research/2024/bits-knn-jpdc2024/data/application-scaling/bw01-35760924/gradient-compression-small.csv,0.00010850694444444444,30,0.008879999999999999,0.00879475,0.0089,0.9026463963963965,False,False
gradient-compression,773ccccc257597721840d373c9f3e73e670a8d255c39e3a3e354a1d2571356c3,589824,1,64,0.0,0,bits-sq,128,256,4,operator,/home/jirka/research/2024/bits-knn-jpdc2024/data/application-scaling/bw01-35760924/gradient-compression-small.csv,0.00010850694444444444,30,0.042535,0.042414,0.042728999999999996,0.8685788174444575,False,False
gradient-compression,773ccccc257597721840d373c9f3e73e670a8d255c39e3a3e354a1d2571356c3,589824,1,64,0.0,0,bits-sq,128,256,4,output_isolated,/home/jirka/research/2024/bits-knn-jpdc2024/data/application-scaling/bw01-35760924/gradient-compression-small.csv,0.00010850694444444444,30,0.00825,0.008202499999999998,0.008355,0.9938787878787878,False,False
gradient-compression,773ccccc257597721840d373c9f3e73e670a8d255c39e3a3e354a1d2571356c3,589824,1,64,0.0,0,bits-sq,128,256,4,selection_isolated,/home/jirka/research/2024/bits-knn-jpdc2024/data/application-scaling/bw01-35760924/gradient-compression-small.csv,0.00010850694444444444,30,0.0332645,0.033179999999999994,0.03335,0.8122773527333944,False,False
gradient-compression,773ccccc257597721840d373c9f3e73e670a8d255c39e3a3e354a1d2571356c3,589824,1,64,0.0,0,bits-sq,128,256,4,transform_isolated,/home/jirka/research/2024/bits-knn-jpdc2024/data/application-scaling/bw01-35760924/gradient-compression-small.csv,0.00010850694444444444,30,0.0091645,0.0090825,0.00921,0.9956898903377163,False,False
gradient-compression,773ccccc257597721840d373c9f3e73e670a8d255c39e3a3e354a1d2571356c3,589824,1,64,0.0,0,bits-sq,128,256,4,upload_shared,/home/jirka/research/2024/bits-knn-jpdc2024/data/application-scaling/bw01-35760924/gradient-compression-small.csv,0.00010850694444444444,1,0.150139,0.150139,0.150139,1.2442270162982303,False,False
gradient-compression,773ccccc257597721840d373c9f3e73e670a8d255c39e3a3e354a1d2571356c3,589824,1,64,0.0,0,bits-sq,128,256,7,download,/home/jirka/research/2024/bits-knn-jpdc2024/data/application-scaling/bw01-35760924/gradient-compression-small.csv,0.00010850694444444444,30,0.0088945,0.008855,0.008919999999999999,0.9011748833548823,False,False
gradient-compression,773ccccc257597721840d373c9f3e73e670a8d255c39e3a3e354a1d2571356c3,589824,1,64,0.0,0,bits-sq,128,256,7,operator,/home/jirka/research/2024/bits-knn-jpdc2024/data/application-scaling/bw01-35760924/gradient-compression-small.csv,0.00010850694444444444,30,0.0436145,0.043539749999999995,0.04372975000000001,0.8470806727120569,False,False
gradient-compression,773ccccc257597721840d373c9f3e73e670a8d255c39e3a3e354a1d2571356c3,589824,1,64,0.0,0,bits-sq,128,256,7,output_isolated,/home/jirka/research/2024/bits-knn-jpdc2024/data/application-scaling/bw01-35760924/gradient-compression-small.csv,0.00010850694444444444,30,0.0083045,0.00825325,0.0084,0.9873562526341141,False,False
gradient-compression,773ccccc257597721840d373c9f3e73e670a8d255c39e3a3e354a1d2571356c3,589824,1,64,0.0,0,bits-sq,128,256,7,selection_isolated,/home/jirka/research/2024/bits-knn-jpdc2024/data/application-scaling/bw01-35760924/gradient-compression-small.csv,0.00010850694444444444,30,0.034074499999999994,0.033994750000000004,0.03421675,0.7929683487652057,False,False
gradient-compression,773ccccc257597721840d373c9f3e73e670a8d255c39e3a3e354a1d2571356c3,589824,1,64,0.0,0,bits-sq,128,256,7,transform_isolated,/home/jirka/research/2024/bits-knn-jpdc2024/data/application-scaling/bw01-35760924/gradient-compression-small.csv,0.00010850694444444444,30,0.009135,0.0090825,0.00918,0.9989053092501369,False,False
gradient-compression,773ccccc257597721840d373c9f3e73e670a8d255c39e3a3e354a1d2571356c3,589824,1,64,0.0,0,bits-sq,128,256,7,upload_shared,/home/jirka/research/2024/bits-knn-jpdc2024/data/application-scaling/bw01-35760924/gradient-compression-small.csv,0.00010850694444444444,1,0.143318,0.143318,0.143318,1.3034440893676997,False,False
gradient-compression,773ccccc257597721840d373c9f3e73e670a8d255c39e3a3e354a1d2571356c3,589824,1,64,0.0,0,bits-sq,128,256,8,download,/home/jirka/research/2024/bits-knn-jpdc2024/data/application-scaling/bw01-35760924/gradient-compression-small.csv,0.00010850694444444444,30,0.008869499999999999,0.008622250000000001,0.008919999999999999,0.9037149782964091,False,False
gradient-compression,773ccccc257597721840d373c9f3e73e670a8d255c39e3a3e354a1d2571356c3,589824,1,64,0.0,0,bits-sq,128,256,8,operator,/home/jirka/research/2024/bits-knn-jpdc2024/data/application-scaling/bw01-35760924/gradient-compression-small.csv,0.00010850694444444444,30,0.04352399999999999,0.04334475000000001,0.043764,0.8488420181968571,False,False
gradient-compression,773ccccc257597721840d373c9f3e73e670a8d255c39e3a3e354a1d2571356c3,589824,1,64,0.0,0,bits-sq,128,256,8,output_isolated,/home/jirka/research/2024/bits-knn-jpdc2024/data/application-scaling/bw01-35760924/gradient-compression-small.csv,0.00010850694444444444,30,0.00826,0.00817,0.0083075,0.9926755447941888,False,False
gradient-compression,773ccccc257597721840d373c9f3e73e670a8d255c39e3a3e354a1d2571356c3,589824,1,64,0.0,0,bits-sq,128,256,8,selection_isolated,/home/jirka/research/2024/bits-knn-jpdc2024/data/application-scaling/bw01-35760924/gradient-compression-small.csv,0.00010850694444444444,30,0.03418450000000001,0.03411,0.034249749999999995,0.7904167093273265,False,False
gradient-compression,773ccccc257597721840d373c9f3e73e670a8d255c39e3a3e354a1d2571356c3,589824,1,64,0.0,0,bits-sq,128,256,8,transform_isolated,/home/jirka/research/2024/bits-knn-jpdc2024/data/application-scaling/bw01-35760924/gradient-compression-small.csv,0.00010850694444444444,30,0.009120000000000001,0.00904,0.009212499999999998,1.000548245614035,False,False
gradient-compression,773ccccc257597721840d373c9f3e73e670a8d255c39e3a3e354a1d2571356c3,589824,1,64,0.0,0,bits-sq,128,256,8,upload_shared,/home/jirka/research/2024/bits-knn-jpdc2024/data/application-scaling/bw01-35760924/gradient-compression-small.csv,0.00010850694444444444,1,0.147798,0.147798,0.147798,1.2639345593309788,False,False
gradient-compression,773ccccc257597721840d373c9f3e73e670a8d255c39e3a3e354a1d2571356c3,589824,1,64,0.0,0,bits-sq,128,256,13,download,/home/jirka/research/2024/bits-knn-jpdc2024/data/application-scaling/bw01-35760924/gradient-compression-small.csv,0.00010850694444444444,30,0.008865,0.00885,0.00897425,0.9041737168640722,False,False
gradient-compression,773ccccc257597721840d373c9f3e73e670a8d255c39e3a3e354a1d2571356c3,589824,1,64,0.0,0,bits-sq,128,256,13,operator,/home/jirka/research/2024/bits-knn-jpdc2024/data/application-scaling/bw01-35760924/gradient-compression-small.csv,0.00010850694444444444,30,0.049214499999999994,0.04909925,0.049329750000000006,0.7506933932072867,False,False
gradient-compression,773ccccc257597721840d373c9f3e73e670a8d255c39e3a3e354a1d2571356c3,589824,1,64,0.0,0,bits-sq,128,256,13,output_isolated,/home/jirka/research/2024/bits-knn-jpdc2024/data/application-scaling/bw01-35760924/gradient-compression-small.csv,0.00010850694444444444,30,0.0082345,0.008145,0.00828975,0.9957495901390491,False,False
gradient-compression,773ccccc257597721840d373c9f3e73e670a8d255c39e3a3e354a1d2571356c3,589824,1,64,0.0,0,bits-sq,128,256,13,selection_isolated,/home/jirka/research/2024/bits-knn-jpdc2024/data/application-scaling/bw01-35760924/gradient-compression-small.csv,0.00010850694444444444,30,0.03987450000000001,0.03975225,0.039961500000000004,0.6776260517373257,False,False
gradient-compression,773ccccc257597721840d373c9f3e73e670a8d255c39e3a3e354a1d2571356c3,589824,1,64,0.0,0,bits-sq,128,256,13,transform_isolated,/home/jirka/research/2024/bits-knn-jpdc2024/data/application-scaling/bw01-35760924/gradient-compression-small.csv,0.00010850694444444444,30,0.00915,0.00902,0.009187500000000001,0.9972677595628416,False,False
gradient-compression,773ccccc257597721840d373c9f3e73e670a8d255c39e3a3e354a1d2571356c3,589824,1,64,0.0,0,bits-sq,128,256,13,upload_shared,/home/jirka/research/2024/bits-knn-jpdc2024/data/application-scaling/bw01-35760924/gradient-compression-small.csv,0.00010850694444444444,1,0.14852800000000002,0.14852800000000002,0.14852800000000002,1.257722449639125,False,False
gradient-compression,773ccccc257597721840d373c9f3e73e670a8d255c39e3a3e354a1d2571356c3,589824,1,64,0.0,0,bits-sq,128,256,16,download,/home/jirka/research/2024/bits-knn-jpdc2024/data/application-scaling/bw01-35760924/gradient-compression-small.csv,0.00010850694444444444,30,0.008879499999999999,0.00816975,0.00893725,0.9026972239427897,False,False
gradient-compression,773ccccc257597721840d373c9f3e73e670a8d255c39e3a3e354a1d2571356c3,589824,1,64,0.0,0,bits-sq,128,256,16,operator,/home/jirka/research/2024/bits-knn-jpdc2024/data/application-scaling/bw01-35760924/gradient-compression-small.csv,0.00010850694444444444,30,0.052409,0.05172975,0.05258975,0.7049361750844322,False,False
gradient-compression,773ccccc257597721840d373c9f3e73e670a8d255c39e3a3e354a1d2571356c3,589824,1,64,0.0,0,bits-sq,128,256,16,output_isolated,/home/jirka/research/2024/bits-knn-jpdc2024/data/application-scaling/bw01-35760924/gradient-compression-small.csv,0.00010850694444444444,30,0.008245,0.00813475,0.00834,0.9944815039417828,False,False
gradient-compression,773ccccc257597721840d373c9f3e73e670a8d255c39e3a3e354a1d2571356c3,589824,1,64,0.0,0,bits-sq,128,256,16,selection_isolated,/home/jirka/research/2024/bits-knn-jpdc2024/data/application-scaling/bw01-35760924/gradient-compression-small.csv,0.00010850694444444444,30,0.0430645,0.042979,0.04320175,0.6274309466033507,False,False
gradient-compression,773ccccc257597721840d373c9f3e73e670a8d255c39e3a3e354a1d2571356c3,589824,1,64,0.0,0,bits-sq,128,256,16,transform_isolated,/home/jirka/research/2024/bits-knn-jpdc2024/data/application-scaling/bw01-35760924/gradient-compression-small.csv,0.00010850694444444444,30,0.009135500000000001,0.0090525,0.009219999999999999,0.9988506376224618,False,False
gradient-compression,773ccccc257597721840d373c9f3e73e670a8d255c39e3a3e354a1d2571356c3,589824,1,64,0.0,0,bits-sq,128,256,16,upload_shared,/home/jirka/research/2024/bits-knn-jpdc2024/data/application-scaling/bw01-35760924/gradient-compression-small.csv,0.00010850694444444444,1,0.14855900000000002,0.14855900000000002,0.14855900000000002,1.2574599990576132,False,False
gradient-compression,773ccccc257597721840d373c9f3e73e670a8d255c39e3a3e354a1d2571356c3,589824,1,64,0.0,0,bits-sq,128,512,4,download,/home/jirka/research/2024/bits-knn-jpdc2024/data/application-scaling/bw01-35760924/gradient-compression-small.csv,0.00010850694444444444,30,0.0072595,0.0068525,0.00869675,1.1041394035401886,True,False
gradient-compression,773ccccc257597721840d373c9f3e73e670a8d255c39e3a3e354a1d2571356c3,589824,1,64,0.0,0,bits-sq,128,512,4,operator,/home/jirka/research/2024/bits-knn-jpdc2024/data/application-scaling/bw01-35760924/gradient-compression-small.csv,0.00010850694444444444,30,0.042138999999999996,0.04114,0.04469425,0.8767412610645722,True,False
gradient-compression,773ccccc257597721840d373c9f3e73e670a8d255c39e3a3e354a1d2571356c3,589824,1,64,0.0,0,bits-sq,128,512,4,output_isolated,/home/jirka/research/2024/bits-knn-jpdc2024/data/application-scaling/bw01-35760924/gradient-compression-small.csv,0.00010850694444444444,30,0.0072250000000000005,0.00641925,0.00818,1.134878892733564,True,False
gradient-compression,773ccccc257597721840d373c9f3e73e670a8d255c39e3a3e354a1d2571356c3,589824,1,64,0.0,0,bits-sq,128,512,4,selection_isolated,/home/jirka/research/2024/bits-knn-jpdc2024/data/application-scaling/bw01-35760924/gradient-compression-small.csv,0.00010850694444444444,30,0.034485,0.033405000000000004,0.03523725,0.7835290706104102,True,False
gradient-compression,773ccccc257597721840d373c9f3e73e670a8d255c39e3a3e354a1d2571356c3,589824,1,64,0.0,0,bits-sq,128,512,4,transform_isolated,/home/jirka/research/2024/bits-knn-jpdc2024/data/application-scaling/bw01-35760924/gradient-compression-small.csv,0.00010850694444444444,30,0.007624500000000001,0.00731325,0.0090025,1.1967997901501737,True,False
gradient-compression,773ccccc257597721840d373c9f3e73e670a8d255c39e3a3e354a1d2571356c3,589824,1,64,0.0,0,bits-sq,128,512,4,upload_shared,/home/jirka/research/2024/bits-knn-jpdc2024/data/application-scaling/bw01-35760924/gradient-compression-small.csv,0.00010850694444444444,1,0.155439,0.155439,0.155439,1.2018026364039913,True,False
gradient-compression,773ccccc257597721840d373c9f3e73e670a8d255c39e3a3e354a1d2571356c3,589824,1,64,0.0,0,bits-sq,128,512,7,download,/home/jirka/research/2024/bits-knn-jpdc2024/data/application-scaling/bw01-35760924/gradient-compression-small.csv,0.00010850694444444444,30,0.00887,0.008735000000000001,0.00890975,0.903664036076663,False,False
gradient-compression,773ccccc257597721840d373c9f3e73e670a8d255c39e3a3e354a1d2571356c3,589824,1,64,0.0,0,bits-sq,128,512,7,operator,/home/jirka/research/2024/bits-knn-jpdc2024/data/application-scaling/bw01-35760924/gradient-compression-small.csv,0.00010850694444444444,30,0.051754,0.05163224999999999,0.0520015,0.7138578660586622,False,False
gradient-compression,773ccccc257597721840d373c9f3e73e670a8d255c39e3a3e354a1d2571356c3,589824,1,64,0.0,0,bits-sq,128,512,7,output_isolated,/home/jirka/research/2024/bits-knn-jpdc2024/data/application-scaling/bw01-35760924/gradient-compression-small.csv,0.00010850694444444444,30,0.008209999999999999,0.0081625,0.0082975,0.9987210718635812,False,False
gradient-compression,773ccccc257597721840d373c9f3e73e670a8d255c39e3a3e354a1d2571356c3,589824,1,64,0.0,0,bits-sq,128,512,7,selection_isolated,/home/jirka/research/2024/bits-knn-jpdc2024/data/application-scaling/bw01-35760924/gradient-compression-small.csv,0.00010850694444444444,30,0.042474,0.042387499999999995,0.042582499999999995,0.6361538823751001,False,False
gradient-compression,773ccccc257597721840d373c9f3e73e670a8d255c39e3a3e354a1d2571356c3,589824,1,64,0.0,0,bits-sq,128,512,7,transform_isolated,/home/jirka/research/2024/bits-knn-jpdc2024/data/application-scaling/bw01-35760924/gradient-compression-small.csv,0.00010850694444444444,30,0.0090945,0.009025,0.0091375,1.0033536752982573,False,False
gradient-compression,773ccccc257597721840d373c9f3e73e670a8d255c39e3a3e354a1d2571356c3,589824,1,64,0.0,0,bits-sq,128,512,7,upload_shared,/home/jirka/research/2024/bits-knn-jpdc2024/data/application-scaling/bw01-35760924/gradient-compression-small.csv,0.00010850694444444444,1,0.144788,0.144788,0.144788,1.2902105146835374,False,False
gradient-compression,773ccccc257597721840d373c9f3e73e670a8d255c39e3a3e354a1d2571356c3,589824,1,64,0.0,0,bits-sq,128,512,8,download,/home/jirka/research/2024/bits-knn-jpdc2024/data/application-scaling/bw01-35760924/gradient-compression-small.csv,0.00010850694444444444,30,0.00885,0.00868,0.0088775,0.9057062146892655,False,False
gradient-compression,773ccccc257597721840d373c9f3e73e670a8d255c39e3a3e354a1d2571356c3,589824,1,64,0.0,0,bits-sq,128,512,8,operator,/home/jirka/research/2024/bits-knn-jpdc2024/data/application-scaling/bw01-35760924/gradient-compression-small.csv,0.00010850694444444444,30,0.050899,0.05079225,0.05115175,0.7258492308296824,False,False
gradient-compression,773ccccc257597721840d373c9f3e73e670a8d255c39e3a3e354a1d2571356c3,589824,1,64,0.0,0,bits-sq,128,512,8,output_isolated,/home/jirka/research/2024/bits-knn-jpdc2024/data/application-scaling/bw01-35760924/gradient-compression-small.csv,0.00010850694444444444,30,0.008295,0.00824,0.008371,0.9884870403857745,False,False
gradient-compression,773ccccc257597721840d373c9f3e73e670a8d255c39e3a3e354a1d2571356c3,589824,1,64,0.0,0,bits-sq,128,512,8,selection_isolated,/home/jirka/research/2024/bits-knn-jpdc2024/data/application-scaling/bw01-35760924/gradient-compression-small.csv,0.00010850694444444444,30,0.041645,0.04155225,0.04174724999999999,0.6488173850402209,False,False
gradient-compression,773ccccc257597721840d373c9f3e73e670a8d255c39e3a3e354a1d2571356c3,589824,1,64,0.0,0,bits-sq,128,512,8,transform_isolated,/home/jirka/research/2024/bits-knn-jpdc2024/data/application-scaling/bw01-35760924/gradient-compression-small.csv,0.00010850694444444444,30,0.0091295,0.0090225,0.009177500000000002,0.9995070923927927,False,False
gradient-compression,773ccccc257597721840d373c9f3e73e670a8d255c39e3a3e354a1d2571356c3,589824,1,64,0.0,0,bits-sq,128,512,8,upload_shared,/home/jirka/research/2024/bits-knn-jpdc2024/data/application-scaling/bw01-35760924/gradient-compression-small.csv,0.00010850694444444444,1,0.153138,0.153138,0.153138,1.2198605179641893,False,False
gradient-compression,773ccccc257597721840d373c9f3e73e670a8d255c39e3a3e354a1d2571356c3,589824,1,64,0.0,0,bits-sq,128,512,13,download,/home/jirka/research/2024/bits-knn-jpdc2024/data/application-scaling/bw01-35760924/gradient-compression-small.csv,0.00010850694444444444,30,0.0088655,0.0077150000000000005,0.00890975,0.9041227229146692,False,False
gradient-compression,773ccccc257597721840d373c9f3e73e670a8d255c39e3a3e354a1d2571356c3,589824,1,64,0.0,0,bits-sq,128,512,13,operator,/home/jirka/research/2024/bits-knn-jpdc2024/data/application-scaling/bw01-35760924/gradient-compression-small.csv,0.00010850694444444444,30,0.052499500000000004,0.05199925,0.052805,0.7037209878189317,False,False
gradient-compression,773ccccc257597721840d373c9f3e73e670a8d255c39e3a3e354a1d2571356c3,589824,1,64,0.0,0,bits-sq,128,512,13,output_isolated,/home/jirka/research/2024/bits-knn-jpdc2024/data/application-scaling/bw01-35760924/gradient-compression-small.csv,0.00010850694444444444,30,0.00822,0.0080625,0.00833,0.9975060827250609,False,False
gradient-compression,773ccccc257597721840d373c9f3e73e670a8d255c39e3a3e354a1d2571356c3,589824,1,64,0.0,0,bits-sq,128,512,13,selection_isolated,/home/jirka/research/2024/bits-knn-jpdc2024/data/application-scaling/bw01-35760924/gradient-compression-small.csv,0.00010850694444444444,30,0.0431945,0.04303475,0.043324249999999995,0.6255426038037251,False,False
gradient-compression,773ccccc257597721840d373c9f3e73e670a8d255c39e3a3e354a1d2571356c3,589824,1,64,0.0,0,bits-sq,128,512,13,transform_isolated,/home/jirka/research/2024/bits-knn-jpdc2024/data/application-scaling/bw01-35760924/gradient-compression-small.csv,0.00010850694444444444,30,0.009094999999999999,0.0090065,0.009157499999999999,1.0032985156679497,False,False
gradient-compression,773ccccc257597721840d373c9f3e73e670a8d255c39e3a3e354a1d2571356c3,589824,1,64,0.0,0,bits-sq,128,512,13,upload_shared,/home/jirka/research/2024/bits-knn-jpdc2024/data/application-scaling/bw01-35760924/gradient-compression-small.csv,0.00010850694444444444,1,0.146098,0.146098,0.146098,1.2786417336308504,False,False
gradient-compression,773ccccc257597721840d373c9f3e73e670a8d255c39e3a3e354a1d2571356c3,589824,1,64,0.0,0,bits-sq,128,512,16,download,/home/jirka/research/2024/bits-knn-jpdc2024/data/application-scaling/bw01-35760924/gradient-compression-small.csv,0.00010850694444444444,30,0.008875,0.008845,0.008907499999999999,0.9031549295774649,False,False
gradient-compression,773ccccc257597721840d373c9f3e73e670a8d255c39e3a3e354a1d2571356c3,589824,1,64,0.0,0,bits-sq,128,512,16,operator,/home/jirka/research/2024/bits-knn-jpdc2024/data/application-scaling/bw01-35760924/gradient-compression-small.csv,0.00010850694444444444,30,0.051674,0.051494,0.0518325,0.7149630375043544,False,False
gradient-compression,773ccccc257597721840d373c9f3e73e670a8d255c39e3a3e354a1d2571356c3,589824,1,64,0.0,0,bits-sq,128,512,16,output_isolated,/home/jirka/research/2024/bits-knn-jpdc2024/data/application-scaling/bw01-35760924/gradient-compression-small.csv,0.00010850694444444444,30,0.00824,0.008202499999999998,0.0083275,0.9950849514563106,False,False
gradient-compression,773ccccc257597721840d373c9f3e73e670a8d255c39e3a3e354a1d2571356c3,589824,1,64,0.0,0,bits-sq,128,512,16,selection_isolated,/home/jirka/research/2024/bits-knn-jpdc2024/data/application-scaling/bw01-35760924/gradient-compression-small.csv,0.00010850694444444444,30,0.0422945,0.042229249999999996,0.0423765,0.6388537516698388,False,False
gradient-compression,773ccccc257597721840d373c9f3e73e670a8d255c39e3a3e354a1d2571356c3,589824,1,64,0.0,0,bits-sq,128,512,16,transform_isolated,/home/jirka/research/2024/bits-knn-jpdc2024/data/application-scaling/bw01-35760924/gradient-compression-small.csv,0.00010850694444444444,30,0.00912,0.00908,0.00919725,1.0005482456140353,False,False
gradient-compression,773ccccc257597721840d373c9f3e73e670a8d255c39e3a3e354a1d2571356c3,589824,1,64,0.0,0,bits-sq,128,512,16,upload_shared,/home/jirka/research/2024/bits-knn-jpdc2024/data/application-scaling/bw01-35760924/gradient-compression-small.csv,0.00010850694444444444,1,0.143718,0.143718,0.143718,1.299816306934413,False,False
gradient-compression,773ccccc257597721840d373c9f3e73e670a8d255c39e3a3e354a1d2571356c3,589824,1,64,0.0,0,bits-sq,512,128,4,download,/home/jirka/research/2024/bits-knn-jpdc2024/data/application-scaling/bw01-35760924/gradient-compression-small.csv,0.00010850694444444444,30,0.00885,0.00882925,0.00887675,0.9057062146892655,False,False
gradient-compression,773ccccc257597721840d373c9f3e73e670a8d255c39e3a3e354a1d2571356c3,589824,1,64,0.0,0,bits-sq,512,128,4,operator,/home/jirka/research/2024/bits-knn-jpdc2024/data/application-scaling/bw01-35760924/gradient-compression-small.csv,0.00010850694444444444,30,0.06645399999999999,0.06634175,0.06667175,0.5559484756372831,False,False
gradient-compression,773ccccc257597721840d373c9f3e73e670a8d255c39e3a3e354a1d2571356c3,589824,1,64,0.0,0,bits-sq,512,128,4,output_isolated,/home/jirka/research/2024/bits-knn-jpdc2024/data/application-scaling/bw01-35760924/gradient-compression-small.csv,0.00010850694444444444,30,0.00826,0.00818225,0.00832,0.9926755447941888,False,False
gradient-compression,773ccccc257597721840d373c9f3e73e670a8d255c39e3a3e354a1d2571356c3,589824,1,64,0.0,0,bits-sq,512,128,4,selection_isolated,/home/jirka/research/2024/bits-knn-jpdc2024/data/application-scaling/bw01-35760924/gradient-compression-small.csv,0.00010850694444444444,30,0.05717,0.05708925,0.05731975,0.4726255028861291,False,False
gradient-compression,773ccccc257597721840d373c9f3e73e670a8d255c39e3a3e354a1d2571356c3,589824,1,64,0.0,0,bits-sq,512,128,4,transform_isolated,/home/jirka/research/2024/bits-knn-jpdc2024/data/application-scaling/bw01-35760924/gradient-compression-small.csv,0.00010850694444444444,30,0.00914,0.0091025,0.0092,0.9983588621444202,False,False
gradient-compression,773ccccc257597721840d373c9f3e73e670a8d255c39e3a3e354a1d2571356c3,589824,1,64,0.0,0,bits-sq,512,128,4,upload_shared,/home/jirka/research/2024/bits-knn-jpdc2024/data/application-scaling/bw01-35760924/gradient-compression-small.csv,0.00010850694444444444,1,0.148699,0.148699,0.148699,1.2562761013860215,False,False
gradient-compression,773ccccc257597721840d373c9f3e73e670a8d255c39e3a3e354a1d2571356c3,589824,1,64,0.0,0,bits-sq,512,128,7,download,/home/jirka/research/2024/bits-knn-jpdc2024/data/application-scaling/bw01-35760924/gradient-compression-small.csv,0.00010850694444444444,30,0.0088295,0.0086725,0.00886,0.9078090492100345,False,False
gradient-compression,773ccccc257597721840d373c9f3e73e670a8d255c39e3a3e354a1d2571356c3,589824,1,64,0.0,0,bits-sq,512,128,7,operator,/home/jirka/research/2024/bits-knn-jpdc2024/data/application-scaling/bw01-35760924/gradient-compression-small.csv,0.00010850694444444444,30,0.0660695,0.06600400000000001,0.06623400000000002,0.5591838896919153,False,False
gradient-compression,773ccccc257597721840d373c9f3e73e670a8d255c39e3a3e354a1d2571356c3,589824,1,64,0.0,0,bits-sq,512,128,7,output_isolated,/home/jirka/research/2024/bits-knn-jpdc2024/data/application-scaling/bw01-35760924/gradient-compression-small.csv,0.00010850694444444444,30,0.00814,0.008085,0.008247500000000001,1.0073095823095823,False,False
gradient-compression,773ccccc257597721840d373c9f3e73e670a8d255c39e3a3e354a1d2571356c3,589824,1,64,0.0,0,bits-sq,512,128,7,selection_isolated,/home/jirka/research/2024/bits-knn-jpdc2024/data/application-scaling/bw01-35760924/gradient-compression-small.csv,0.00010850694444444444,30,0.056815000000000004,0.0567165,0.056924,0.4755786324034145,False,False
gradient-compression,773ccccc257597721840d373c9f3e73e670a8d255c39e3a3e354a1d2571356c3,589824,1,64,0.0,0,bits-sq,512,128,7,transform_isolated,/home/jirka/research/2024/bits-knn-jpdc2024/data/application-scaling/bw01-35760924/gradient-compression-small.csv,0.00010850694444444444,30,0.00908,0.009022249999999999,0.009165000000000001,1.004955947136564,False,False
gradient-compression,773ccccc257597721840d373c9f3e73e670a8d255c39e3a3e354a1d2571356c3,589824,1,64,0.0,0,bits-sq,512,128,7,upload_shared,/home/jirka/research/2024/bits-knn-jpdc2024/data/application-scaling/bw01-35760924/gradient-compression-small.csv,0.00010850694444444444,1,0.150638,0.150638,0.150638,1.2401054182875504,False,False
gradient-compression,773ccccc257597721840d373c9f3e73e670a8d255c39e3a3e354a1d2571356c3,589824,1,64,0.0,0,bits-sq,512,128,8,download,/home/jirka/research/2024/bits-knn-jpdc2024/data/application-scaling/bw01-35760924/gradient-compression-small.csv,0.00010850694444444444,30,0.0088495,0.008150000000000001,0.00887,0.9057573874230183,False,False
gradient-compression,773ccccc257597721840d373c9f3e73e670a8d255c39e3a3e354a1d2571356c3,589824,1,64,0.0,0,bits-sq,512,128,8,operator,/home/jirka/research/2024/bits-knn-jpdc2024/data/application-scaling/bw01-35760924/gradient-compression-small.csv,0.00010850694444444444,30,0.0660345,0.0658015,0.0662065,0.5594802716761694,False,False
gradient-compression,773ccccc257597721840d373c9f3e73e670a8d255c39e3a3e354a1d2571356c3,589824,1,64,0.0,0,bits-sq,512,128,8,output_isolated,/home/jirka/research/2024/bits-knn-jpdc2024/data/application-scaling/bw01-35760924/gradient-compression-small.csv,0.00010850694444444444,30,0.00835,0.0083,0.00841975,0.9819760479041917,False,False
gradient-compression,773ccccc257597721840d373c9f3e73e670a8d255c39e3a3e354a1d2571356c3,589824,1,64,0.0,0,bits-sq,512,128,8,selection_isolated,/home/jirka/research/2024/bits-knn-jpdc2024/data/application-scaling/bw01-35760924/gradient-compression-small.csv,0.00010850694444444444,30,0.056579000000000004,0.05649149999999999,0.05668475,0.47756234645363116,False,False
gradient-compression,773ccccc257597721840d373c9f3e73e670a8d255c39e3a3e354a1d2571356c3,589824,1,64,0.0,0,bits-sq,512,128,8,transform_isolated,/home/jirka/research/2024/bits-knn-jpdc2024/data/application-scaling/bw01-35760924/gradient-compression-small.csv,0.00010850694444444444,30,0.009120000000000001,0.009089999999999999,0.0092,1.000548245614035,False,False
gradient-compression,773ccccc257597721840d373c9f3e73e670a8d255c39e3a3e354a1d2571356c3,589824,1,64,0.0,0,bits-sq,512,128,8,upload_shared,/home/jirka/research/2024/bits-knn-jpdc2024/data/application-scaling/bw01-35760924/gradient-compression-small.csv,0.00010850694444444444,1,0.14766900000000002,0.14766900000000002,0.14766900000000002,1.2650387014200677,False,False
gradient-compression,773ccccc257597721840d373c9f3e73e670a8d255c39e3a3e354a1d2571356c3,589824,1,64,0.0,0,bits-sq,512,128,13,download,/home/jirka/research/2024/bits-knn-jpdc2024/data/application-scaling/bw01-35760924/gradient-compression-small.csv,0.00010850694444444444,30,0.00889,0.008879999999999999,0.00891975,0.9016310461192351,False,False
gradient-compression,773ccccc257597721840d373c9f3e73e670a8d255c39e3a3e354a1d2571356c3,589824,1,64,0.0,0,bits-sq,512,128,13,operator,/home/jirka/research/2024/bits-knn-jpdc2024/data/application-scaling/bw01-35760924/gradient-compression-small.csv,0.00010850694444444444,30,0.070139,0.06998175,0.070259,0.5267397596201828,False,False
gradient-compression,773ccccc257597721840d373c9f3e73e670a8d255c39e3a3e354a1d2571356c3,589824,1,64,0.0,0,bits-sq,512,128,13,output_isolated,/home/jirka/research/2024/bits-knn-jpdc2024/data/application-scaling/bw01-35760924/gradient-compression-small.csv,0.00010850694444444444,30,0.008285,0.00822,0.008326749999999999,0.9896801448400724,False,False
gradient-compression,773ccccc257597721840d373c9f3e73e670a8d255c39e3a3e354a1d2571356c3,589824,1,64,0.0,0,bits-sq,512,128,13,selection_isolated,/home/jirka/research/2024/bits-knn-jpdc2024/data/application-scaling/bw01-35760924/gradient-compression-small.csv,0.00010850694444444444,30,0.060624,0.0605515,0.06070675,0.4456980733702824,False,False
gradient-compression,773ccccc257597721840d373c9f3e73e670a8d255c39e3a3e354a1d2571356c3,589824,1,64,0.0,0,bits-sq,512,128,13,transform_isolated,/home/jirka/research/2024/bits-knn-jpdc2024/data/application-scaling/bw01-35760924/gradient-compression-small.csv,0.00010850694444444444,30,0.00918,0.009120000000000001,0.0092675,0.99400871459695,False,False
gradient-compression,773ccccc257597721840d373c9f3e73e670a8d255c39e3a3e354a1d2571356c3,589824,1,64,0.0,0,bits-sq,512,128,13,upload_shared,/home/jirka/research/2024/bits-knn-jpdc2024/data/application-scaling/bw01-35760924/gradient-compression-small.csv,0.00010850694444444444,1,0.15289899999999998,0.15289899999999998,0.15289899999999998,1.2217673104467657,False,False
gradient-compression,773ccccc257597721840d373c9f3e73e670a8d255c39e3a3e354a1d2571356c3,589824,1,64,0.0,0,bits-sq,512,128,16,download,/home/jirka/research/2024/bits-knn-jpdc2024/data/application-scaling/bw01-35760924/gradient-compression-small.csv,0.00010850694444444444,30,0.008855,0.00883,0.00889,0.9051948051948052,False,False
gradient-compression,773ccccc257597721840d373c9f3e73e670a8d255c39e3a3e354a1d2571356c3,589824,1,64,0.0,0,bits-sq,512,128,16,operator,/home/jirka/research/2024/bits-knn-jpdc2024/data/application-scaling/bw01-35760924/gradient-compression-small.csv,0.00010850694444444444,30,0.076039,0.075899,0.076244,0.48586909349149787,False,False
gradient-compression,773ccccc257597721840d373c9f3e73e670a8d255c39e3a3e354a1d2571356c3,589824,1,64,0.0,0,bits-sq,512,128,16,output_isolated,/home/jirka/research/2024/bits-knn-jpdc2024/data/application-scaling/bw01-35760924/gradient-compression-small.csv,0.00010850694444444444,30,0.0083395,0.008247500000000001,0.008415,0.9832124228071228,False,False
gradient-compression,773ccccc257597721840d373c9f3e73e670a8d255c39e3a3e354a1d2571356c3,589824,1,64,0.0,0,bits-sq,512,128,16,selection_isolated,/home/jirka/research/2024/bits-knn-jpdc2024/data/application-scaling/bw01-35760924/gradient-compression-small.csv,0.00010850694444444444,30,0.066599,0.066539,0.06670175,0.40571179747443653,False,False
gradient-compression,773ccccc257597721840d373c9f3e73e670a8d255c39e3a3e354a1d2571356c3,589824,1,64,0.0,0,bits-sq,512,128,16,transform_isolated,/home/jirka/research/2024/bits-knn-jpdc2024/data/application-scaling/bw01-35760924/gradient-compression-small.csv,0.00010850694444444444,30,0.009120000000000001,0.00903475,0.00921,1.000548245614035,False,False
gradient-compression,773ccccc257597721840d373c9f3e73e670a8d255c39e3a3e354a1d2571356c3,589824,1,64,0.0,0,bits-sq,512,128,16,upload_shared,/home/jirka/research/2024/bits-knn-jpdc2024/data/application-scaling/bw01-35760924/gradient-compression-small.csv,0.00010850694444444444,1,0.14630900000000002,0.14630900000000002,0.14630900000000002,1.276797736297835,False,False
gradient-compression,773ccccc257597721840d373c9f3e73e670a8d255c39e3a3e354a1d2571356c3,589824,1,64,0.0,0,bits-sq,512,256,4,download,/home/jirka/research/2024/bits-knn-jpdc2024/data/application-scaling/bw01-35760924/gradient-compression-small.csv,0.00010850694444444444,30,0.00908,0.00865225,0.0091175,0.8827643171806168,False,False
gradient-compression,773ccccc257597721840d373c9f3e73e670a8d255c39e3a3e354a1d2571356c3,589824,1,64,0.0,0,bits-sq,512,256,4,operator,/home/jirka/research/2024/bits-knn-jpdc2024/data/application-scaling/bw01-35760924/gradient-compression-small.csv,0.00010850694444444444,30,0.056714,0.056509,0.05693725,0.6514264555488946,False,False
gradient-compression,773ccccc257597721840d373c9f3e73e670a8d255c39e3a3e354a1d2571356c3,589824,1,64,0.0,0,bits-sq,512,256,4,output_isolated,/home/jirka/research/2024/bits-knn-jpdc2024/data/application-scaling/bw01-35760924/gradient-compression-small.csv,0.00010850694444444444,30,0.00851,0.008205,0.008665,0.9635135135135136,False,False
gradient-compression,773ccccc257597721840d373c9f3e73e670a8d255c39e3a3e354a1d2571356c3,589824,1,64,0.0,0,bits-sq,512,256,4,selection_isolated,/home/jirka/research/2024/bits-knn-jpdc2024/data/application-scaling/bw01-35760924/gradient-compression-small.csv,0.00010850694444444444,30,0.0471445,0.04705,0.047294,0.5731315423856441,False,False
gradient-compression,773ccccc257597721840d373c9f3e73e670a8d255c39e3a3e354a1d2571356c3,589824,1,64,0.0,0,bits-sq,512,256,4,transform_isolated,/home/jirka/research/2024/bits-knn-jpdc2024/data/application-scaling/bw01-35760924/gradient-compression-small.csv,0.00010850694444444444,30,0.00948,0.0094225,0.00958975,0.9625527426160339,False,False
gradient-compression,773ccccc257597721840d373c9f3e73e670a8d255c39e3a3e354a1d2571356c3,589824,1,64,0.0,0,bits-sq,512,256,4,upload_shared,/home/jirka/research/2024/bits-knn-jpdc2024/data/application-scaling/bw01-35760924/gradient-compression-small.csv,0.00010850694444444444,1,0.14692899999999998,0.14692899999999998,0.14692899999999998,1.271410000748661,False,False
gradient-compression,773ccccc257597721840d373c9f3e73e670a8d255c39e3a3e354a1d2571356c3,589824,1,64,0.0,0,bits-sq,512,256,7,download,/home/jirka/research/2024/bits-knn-jpdc2024/data/application-scaling/bw01-35760924/gradient-compression-small.csv,0.00010850694444444444,30,0.008885,0.008692499999999999,0.00895425,0.9021384355655598,False,False
gradient-compression,773ccccc257597721840d373c9f3e73e670a8d255c39e3a3e354a1d2571356c3,589824,1,64,0.0,0,bits-sq,512,256,7,operator,/home/jirka/research/2024/bits-knn-jpdc2024/data/application-scaling/bw01-35760924/gradient-compression-small.csv,0.00010850694444444444,30,0.054869,0.05466225,0.05497425,0.6733310248045346,False,False
gradient-compression,773ccccc257597721840d373c9f3e73e670a8d255c39e3a3e354a1d2571356c3,589824,1,64,0.0,0,bits-sq,512,256,7,output_isolated,/home/jirka/research/2024/bits-knn-jpdc2024/data/application-scaling/bw01-35760924/gradient-compression-small.csv,0.00010850694444444444,30,0.00832,0.00827225,0.008405000000000001,0.9855168269230771,False,False
gradient-compression,773ccccc257597721840d373c9f3e73e670a8d255c39e3a3e354a1d2571356c3,589824,1,64,0.0,0,bits-sq,512,256,7,selection_isolated,/home/jirka/research/2024/bits-knn-jpdc2024/data/application-scaling/bw01-35760924/gradient-compression-small.csv,0.00010850694444444444,30,0.045314,0.045211749999999995,0.045445,0.5962837092289358,False,False
gradient-compression,773ccccc257597721840d373c9f3e73e670a8d255c39e3a3e354a1d2571356c3,589824,1,64,0.0,0,bits-sq,512,256,7,transform_isolated,/home/jirka/research/2024/bits-knn-jpdc2024/data/application-scaling/bw01-35760924/gradient-compression-small.csv,0.00010850694444444444,30,0.0091695,0.00912225,0.0092275,0.9951469545776761,False,False
gradient-compression,773ccccc257597721840d373c9f3e73e670a8d255c39e3a3e354a1d2571356c3,589824,1,64,0.0,0,bits-sq,512,256,7,upload_shared,/home/jirka/research/2024/bits-knn-jpdc2024/data/application-scaling/bw01-35760924/gradient-compression-small.csv,0.00010850694444444444,1,0.147448,0.147448,0.147448,1.266934783788183,False,False
gradient-compression,773ccccc257597721840d373c9f3e73e670a8d255c39e3a3e354a1d2571356c3,589824,1,64,0.0,0,bits-sq,512,256,8,download,/home/jirka/research/2024/bits-knn-jpdc2024/data/application-scaling/bw01-35760924/gradient-compression-small.csv,0.00010850694444444444,30,0.008895,0.008805,0.00894,0.901124227093873,False,False
gradient-compression,773ccccc257597721840d373c9f3e73e670a8d255c39e3a3e354a1d2571356c3,589824,1,64,0.0,0,bits-sq,512,256,8,operator,/home/jirka/research/2024/bits-knn-jpdc2024/data/application-scaling/bw01-35760924/gradient-compression-small.csv,0.00010850694444444444,30,0.0565295,0.056284,0.0567015,0.6535525698971334,False,False
gradient-compression,773ccccc257597721840d373c9f3e73e670a8d255c39e3a3e354a1d2571356c3,589824,1,64,0.0,0,bits-sq,512,256,8,output_isolated,/home/jirka/research/2024/bits-knn-jpdc2024/data/application-scaling/bw01-35760924/gradient-compression-small.csv,0.00010850694444444444,30,0.00829,0.0082325,0.00836,0.9890832328106152,False,False
gradient-compression,773ccccc257597721840d373c9f3e73e670a8d255c39e3a3e354a1d2571356c3,589824,1,64,0.0,0,bits-sq,512,256,8,selection_isolated,/home/jirka/research/2024/bits-knn-jpdc2024/data/application-scaling/bw01-35760924/gradient-compression-small.csv,0.00010850694444444444,30,0.0469595,0.046892500000000004,0.047119,0.5753894313184765,False,False
gradient-compression,773ccccc257597721840d373c9f3e73e670a8d255c39e3a3e354a1d2571356c3,589824,1,64,0.0,0,bits-sq,512,256,8,transform_isolated,/home/jirka/research/2024/bits-knn-jpdc2024/data/application-scaling/bw01-35760924/gradient-compression-small.csv,0.00010850694444444444,30,0.00914,0.00908925,0.00920675,0.9983588621444202,False,False
gradient-compression,773ccccc257597721840d373c9f3e73e670a8d255c39e3a3e354a1d2571356c3,589824,1,64,0.0,0,bits-sq,512,256,8,upload_shared,/home/jirka/research/2024/bits-knn-jpdc2024/data/application-scaling/bw01-35760924/gradient-compression-small.csv,0.00010850694444444444,1,0.144368,0.144368,0.144368,1.293964036351546,False,False
gradient-compression,773ccccc257597721840d373c9f3e73e670a8d255c39e3a3e354a1d2571356c3,589824,1,64,0.0,0,bits-sq,512,256,13,download,/home/jirka/research/2024/bits-knn-jpdc2024/data/application-scaling/bw01-35760924/gradient-compression-small.csv,0.00010850694444444444,30,0.00886,0.00884,0.00887,0.9046839729119639,False,False
gradient-compression,773ccccc257597721840d373c9f3e73e670a8d255c39e3a3e354a1d2571356c3,589824,1,64,0.0,0,bits-sq,512,256,13,operator,/home/jirka/research/2024/bits-knn-jpdc2024/data/application-scaling/bw01-35760924/gradient-compression-small.csv,0.00010850694444444444,30,0.0592295,0.05906725,0.059373999999999996,0.6237601195350291,False,False
gradient-compression,773ccccc257597721840d373c9f3e73e670a8d255c39e3a3e354a1d2571356c3,589824,1,64,0.0,0,bits-sq,512,256,13,output_isolated,/home/jirka/research/2024/bits-knn-jpdc2024/data/application-scaling/bw01-35760924/gradient-compression-small.csv,0.00010850694444444444,30,0.00833,0.008275,0.00837675,0.9843337334933973,False,False
gradient-compression,773ccccc257597721840d373c9f3e73e670a8d255c39e3a3e354a1d2571356c3,589824,1,64,0.0,0,bits-sq,512,256,13,selection_isolated,/home/jirka/research/2024/bits-knn-jpdc2024/data/application-scaling/bw01-35760924/gradient-compression-small.csv,0.00010850694444444444,30,0.04979,0.049734,0.0498775,0.5426792528620205,False,False
gradient-compression,773ccccc257597721840d373c9f3e73e670a8d255c39e3a3e354a1d2571356c3,589824,1,64,0.0,0,bits-sq,512,256,13,transform_isolated,/home/jirka/research/2024/bits-knn-jpdc2024/data/application-scaling/bw01-35760924/gradient-compression-small.csv,0.00010850694444444444,30,0.009170000000000001,0.0091025,0.009267499999999998,0.9950926935659761,False,False
gradient-compression,773ccccc257597721840d373c9f3e73e670a8d255c39e3a3e354a1d2571356c3,589824,1,64,0.0,0,bits-sq,512,256,13,upload_shared,/home/jirka/research/2024/bits-knn-jpdc2024/data/application-scaling/bw01-35760924/gradient-compression-small.csv,0.00010850694444444444,1,0.148589,0.148589,0.148589,1.257206118891708,False,False
gradient-compression,773ccccc257597721840d373c9f3e73e670a8d255c39e3a3e354a1d2571356c3,589824,1,64,0.0,0,bits-sq,512,256,16,download,/home/jirka/research/2024/bits-knn-jpdc2024/data/application-scaling/bw01-35760924/gradient-compression-small.csv,0.00010850694444444444,30,0.0088355,0.00869,0.00887725,0.9071925754060325,False,False
gradient-compression,773ccccc257597721840d373c9f3e73e670a8d255c39e3a3e354a1d2571356c3,589824,1,64,0.0,0,bits-sq,512,256,16,operator,/home/jirka/research/2024/bits-knn-jpdc2024/data/application-scaling/bw01-35760924/gradient-compression-small.csv,0.00010850694444444444,30,0.0627945,0.06264175,0.0630575,0.5883477056111602,False,False
gradient-compression,773ccccc257597721840d373c9f3e73e670a8d255c39e3a3e354a1d2571356c3,589824,1,64,0.0,0,bits-sq,512,256,16,output_isolated,/home/jirka/research/2024/bits-knn-jpdc2024/data/application-scaling/bw01-35760924/gradient-compression-small.csv,0.00010850694444444444,30,0.008250500000000001,0.00818,0.008379999999999999,0.993818556451124,False,False
gradient-compression,773ccccc257597721840d373c9f3e73e670a8d255c39e3a3e354a1d2571356c3,589824,1,64,0.0,0,bits-sq,512,256,16,selection_isolated,/home/jirka/research/2024/bits-knn-jpdc2024/data/application-scaling/bw01-35760924/gradient-compression-small.csv,0.00010850694444444444,30,0.05337,0.053244749999999993,0.0534365,0.5062769346074574,False,False
gradient-compression,773ccccc257597721840d373c9f3e73e670a8d255c39e3a3e354a1d2571356c3,589824,1,64,0.0,0,bits-sq,512,256,16,transform_isolated,/home/jirka/research/2024/bits-knn-jpdc2024/data/application-scaling/bw01-35760924/gradient-compression-small.csv,0.00010850694444444444,30,0.00914,0.00911,0.0092075,0.9983588621444202,False,False
gradient-compression,773ccccc257597721840d373c9f3e73e670a8d255c39e3a3e354a1d2571356c3,589824,1,64,0.0,0,bits-sq,512,256,16,upload_shared,/home/jirka/research/2024/bits-knn-jpdc2024/data/application-scaling/bw01-35760924/gradient-compression-small.csv,0.00010850694444444444,1,0.14580800000000002,0.14580800000000002,0.14580800000000002,1.281184845824646,False,False
gradient-compression,773ccccc257597721840d373c9f3e73e670a8d255c39e3a3e354a1d2571356c3,589824,1,64,0.0,0,bits-sq,512,512,4,download,/home/jirka/research/2024/bits-knn-jpdc2024/data/application-scaling/bw01-35760924/gradient-compression-small.csv,0.00010850694444444444,30,0.0088645,0.00834675,0.00890525,0.9042247165660781,False,False
gradient-compression,773ccccc257597721840d373c9f3e73e670a8d255c39e3a3e354a1d2571356c3,589824,1,64,0.0,0,bits-sq,512,512,4,operator,/home/jirka/research/2024/bits-knn-jpdc2024/data/application-scaling/bw01-35760924/gradient-compression-small.csv,0.00010850694444444444,30,0.061174,0.06089475,0.061324,0.6039330434498317,False,False
gradient-compression,773ccccc257597721840d373c9f3e73e670a8d255c39e3a3e354a1d2571356c3,589824,1,64,0.0,0,bits-sq,512,512,4,output_isolated,/home/jirka/research/2024/bits-knn-jpdc2024/data/application-scaling/bw01-35760924/gradient-compression-small.csv,0.00010850694444444444,30,0.008230000000000001,0.008182499999999999,0.008326749999999999,0.9962940461725394,False,False
gradient-compression,773ccccc257597721840d373c9f3e73e670a8d255c39e3a3e354a1d2571356c3,589824,1,64,0.0,0,bits-sq,512,512,4,selection_isolated,/home/jirka/research/2024/bits-knn-jpdc2024/data/application-scaling/bw01-35760924/gradient-compression-small.csv,0.00010850694444444444,30,0.051654500000000006,0.05155225,0.05172975,0.5230909214105256,False,False
gradient-compression,773ccccc257597721840d373c9f3e73e670a8d255c39e3a3e354a1d2571356c3,589824,1,64,0.0,0,bits-sq,512,512,4,transform_isolated,/home/jirka/research/2024/bits-knn-jpdc2024/data/application-scaling/bw01-35760924/gradient-compression-small.csv,0.00010850694444444444,30,0.009099999999999999,0.00905925,0.009225,1.002747252747253,False,False
gradient-compression,773ccccc257597721840d373c9f3e73e670a8d255c39e3a3e354a1d2571356c3,589824,1,64,0.0,0,bits-sq,512,512,4,upload_shared,/home/jirka/research/2024/bits-knn-jpdc2024/data/application-scaling/bw01-35760924/gradient-compression-small.csv,0.00010850694444444444,1,0.141948,0.141948,0.141948,1.3160241778679518,False,False
gradient-compression,773ccccc257597721840d373c9f3e73e670a8d255c39e3a3e354a1d2571356c3,589824,1,64,0.0,0,bits-sq,512,512,7,download,/home/jirka/research/2024/bits-knn-jpdc2024/data/application-scaling/bw01-35760924/gradient-compression-small.csv,0.00010850694444444444,30,0.008879999999999999,0.00875475,0.00889075,0.9026463963963965,False,False
gradient-compression,773ccccc257597721840d373c9f3e73e670a8d255c39e3a3e354a1d2571356c3,589824,1,64,0.0,0,bits-sq,512,512,7,operator,/home/jirka/research/2024/bits-knn-jpdc2024/data/application-scaling/bw01-35760924/gradient-compression-small.csv,0.00010850694444444444,30,0.060194,0.0580525,0.060459000000000006,0.6137654915772337,False,False
gradient-compression,773ccccc257597721840d373c9f3e73e670a8d255c39e3a3e354a1d2571356c3,589824,1,64,0.0,0,bits-sq,512,512,7,output_isolated,/home/jirka/research/2024/bits-knn-jpdc2024/data/application-scaling/bw01-35760924/gradient-compression-small.csv,0.00010850694444444444,30,0.0082595,0.00820725,0.008379999999999999,0.9927356377504692,False,False
gradient-compression,773ccccc257597721840d373c9f3e73e670a8d255c39e3a3e354a1d2571356c3,589824,1,64,0.0,0,bits-sq,512,512,7,selection_isolated,/home/jirka/research/2024/bits-knn-jpdc2024/data/application-scaling/bw01-35760924/gradient-compression-small.csv,0.00010850694444444444,30,0.0509245,0.0478115,0.051037250000000006,0.5305894019578002,False,False
gradient-compression,773ccccc257597721840d373c9f3e73e670a8d255c39e3a3e354a1d2571356c3,589824,1,64,0.0,0,bits-sq,512,512,7,transform_isolated,/home/jirka/research/2024/bits-knn-jpdc2024/data/application-scaling/bw01-35760924/gradient-compression-small.csv,0.00010850694444444444,30,0.00911,0.009062500000000001,0.00919,1.0016465422612515,False,False
gradient-compression,773ccccc257597721840d373c9f3e73e670a8d255c39e3a3e354a1d2571356c3,589824,1,64,0.0,0,bits-sq,512,512,7,upload_shared,/home/jirka/research/2024/bits-knn-jpdc2024/data/application-scaling/bw01-35760924/gradient-compression-small.csv,0.00010850694444444444,1,0.148459,0.148459,0.148459,1.2583070073218867,False,False
gradient-compression,773ccccc257597721840d373c9f3e73e670a8d255c39e3a3e354a1d2571356c3,589824,1,64,0.0,0,bits-sq,512,512,8,download,/home/jirka/research/2024/bits-knn-jpdc2024/data/application-scaling/bw01-35760924/gradient-compression-small.csv,0.00010850694444444444,30,0.008855,0.00883925,0.0088875,0.9051948051948052,False,False
gradient-compression,773ccccc257597721840d373c9f3e73e670a8d255c39e3a3e354a1d2571356c3,589824,1,64,0.0,0,bits-sq,512,512,8,operator,/home/jirka/research/2024/bits-knn-jpdc2024/data/application-scaling/bw01-35760924/gradient-compression-small.csv,0.00010850694444444444,30,0.061104000000000006,0.06104174999999999,0.061224,0.6046249018067558,False,False
gradient-compression,773ccccc257597721840d373c9f3e73e670a8d255c39e3a3e354a1d2571356c3,589824,1,64,0.0,0,bits-sq,512,512,8,output_isolated,/home/jirka/research/2024/bits-knn-jpdc2024/data/application-scaling/bw01-35760924/gradient-compression-small.csv,0.00010850694444444444,30,0.008414999999999999,0.008352499999999999,0.008532499999999998,0.9743909685086157,False,False
gradient-compression,773ccccc257597721840d373c9f3e73e670a8d255c39e3a3e354a1d2571356c3,589824,1,64,0.0,0,bits-sq,512,512,8,selection_isolated,/home/jirka/research/2024/bits-knn-jpdc2024/data/application-scaling/bw01-35760924/gradient-compression-small.csv,0.00010850694444444444,30,0.051405,0.051327250000000005,0.051527250000000004,0.5256298025483902,False,False
gradient-compression,773ccccc257597721840d373c9f3e73e670a8d255c39e3a3e354a1d2571356c3,589824,1,64,0.0,0,bits-sq,512,512,8,transform_isolated,/home/jirka/research/2024/bits-knn-jpdc2024/data/application-scaling/bw01-35760924/gradient-compression-small.csv,0.00010850694444444444,30,0.009340000000000001,0.0092375,0.00941675,0.9769807280513919,False,False
gradient-compression,773ccccc257597721840d373c9f3e73e670a8d255c39e3a3e354a1d2571356c3,589824,1,64,0.0,0,bits-sq,512,512,8,upload_shared,/home/jirka/research/2024/bits-knn-jpdc2024/data/application-scaling/bw01-35760924/gradient-compression-small.csv,0.00010850694444444444,1,0.139879,0.139879,0.139879,1.3354899591790046,False,False
gradient-compression,773ccccc257597721840d373c9f3e73e670a8d255c39e3a3e354a1d2571356c3,589824,1,64,0.0,0,bits-sq,512,512,13,download,/home/jirka/research/2024/bits-knn-jpdc2024/data/application-scaling/bw01-35760924/gradient-compression-small.csv,0.00010850694444444444,30,0.00891,0.0089,0.008919999999999999,0.8996071829405163,False,False
gradient-compression,773ccccc257597721840d373c9f3e73e670a8d255c39e3a3e354a1d2571356c3,589824,1,64,0.0,0,bits-sq,512,512,13,operator,/home/jirka/research/2024/bits-knn-jpdc2024/data/application-scaling/bw01-35760924/gradient-compression-small.csv,0.00010850694444444444,30,0.068884,0.068714,0.0690865,0.536336449683526,False,False
gradient-compression,773ccccc257597721840d373c9f3e73e670a8d255c39e3a3e354a1d2571356c3,589824,1,64,0.0,0,bits-sq,512,512,13,output_isolated,/home/jirka/research/2024/bits-knn-jpdc2024/data/application-scaling/bw01-35760924/gradient-compression-small.csv,0.00010850694444444444,30,0.00828,0.00823925,0.00838975,0.9902777777777779,False,False
gradient-compression,773ccccc257597721840d373c9f3e73e670a8d255c39e3a3e354a1d2571356c3,589824,1,64,0.0,0,bits-sq,512,512,13,selection_isolated,/home/jirka/research/2024/bits-knn-jpdc2024/data/application-scaling/bw01-35760924/gradient-compression-small.csv,0.00010850694444444444,30,0.059468999999999994,0.059362250000000005,0.05964725,0.45435436950343877,False,False
gradient-compression,773ccccc257597721840d373c9f3e73e670a8d255c39e3a3e354a1d2571356c3,589824,1,64,0.0,0,bits-sq,512,512,13,transform_isolated,/home/jirka/research/2024/bits-knn-jpdc2024/data/application-scaling/bw01-35760924/gradient-compression-small.csv,0.00010850694444444444,30,0.009175,0.0091225,0.00925675,0.9945504087193461,False,False
gradient-compression,773ccccc257597721840d373c9f3e73e670a8d255c39e3a3e354a1d2571356c3,589824,1,64,0.0,0,bits-sq,512,512,13,upload_shared,/home/jirka/research/2024/bits-knn-jpdc2024/data/application-scaling/bw01-35760924/gradient-compression-small.csv,0.00010850694444444444,1,0.143199,0.143199,0.143199,1.3045272662518594,False,False
gradient-compression,773ccccc257597721840d373c9f3e73e670a8d255c39e3a3e354a1d2571356c3,589824,1,64,0.0,0,bits-sq,512,512,16,download,/home/jirka/research/2024/bits-knn-jpdc2024/data/application-scaling/bw01-35760924/gradient-compression-small.csv,0.00010850694444444444,30,0.008205,0.0080125,0.00885725,0.9769043266301035,False,False
gradient-compression,773ccccc257597721840d373c9f3e73e670a8d255c39e3a3e354a1d2571356c3,589824,1,64,0.0,0,bits-sq,512,512,16,operator,/home/jirka/research/2024/bits-knn-jpdc2024/data/application-scaling/bw01-35760924/gradient-compression-small.csv,0.00010850694444444444,30,0.06809399999999999,0.0679715,0.06834975,0.5425588157546922,False,False
gradient-compression,773ccccc257597721840d373c9f3e73e670a8d255c39e3a3e354a1d2571356c3,589824,1,64,0.0,0,bits-sq,512,512,16,output_isolated,/home/jirka/research/2024/bits-knn-jpdc2024/data/application-scaling/bw01-35760924/gradient-compression-small.csv,0.00010850694444444444,30,0.00817,0.0080625,0.00825975,1.0036107711138311,False,False
gradient-compression,773ccccc257597721840d373c9f3e73e670a8d255c39e3a3e354a1d2571356c3,589824,1,64,0.0,0,bits-sq,512,512,16,selection_isolated,/home/jirka/research/2024/bits-knn-jpdc2024/data/application-scaling/bw01-35760924/gradient-compression-small.csv,0.00010850694444444444,30,0.058814000000000005,0.0586475,0.05892,0.45941442513687214,False,False
gradient-compression,773ccccc257597721840d373c9f3e73e670a8d255c39e3a3e354a1d2571356c3,589824,1,64,0.0,0,bits-sq,512,512,16,transform_isolated,/home/jirka/research/2024/bits-knn-jpdc2024/data/application-scaling/bw01-35760924/gradient-compression-small.csv,0.00010850694444444444,30,0.009039499999999999,0.00897175,0.0090975,1.0094584877482164,False,False
gradient-compression,773ccccc257597721840d373c9f3e73e670a8d255c39e3a3e354a1d2571356c3,589824,1,64,0.0,0,bits-sq,512,512,16,upload_shared,/home/jirka/research/2024/bits-knn-jpdc2024/data/application-scaling/bw01-35760924/gradient-compression-small.csv,0.00010850694444444444,1,0.150449,0.150449,0.150449,1.2416632878915779,False,False
gradient-compression,773ccccc257597721840d373c9f3e73e670a8d255c39e3a3e354a1d2571356c3,589824,1,64,0.0,0,block-select,1,128,3,download,/home/jirka/research/2024/bits-knn-jpdc2024/data/application-scaling/bw01-35760924/gradient-compression-small.csv,0.00010850694444444444,30,0.008764999999999998,0.008034999999999999,0.008897500000000001,0.9144894466628638,False,False
gradient-compression,773ccccc257597721840d373c9f3e73e670a8d255c39e3a3e354a1d2571356c3,589824,1,64,0.0,0,block-select,1,128,3,operator,/home/jirka/research/2024/bits-knn-jpdc2024/data/application-scaling/bw01-35760924/gradient-compression-small.csv,0.00010850694444444444,30,0.90263,0.9020349999999999,0.90313,0.040930392298062335,False,False
gradient-compression,773ccccc257597721840d373c9f3e73e670a8d255c39e3a3e354a1d2571356c3,589824,1,64,0.0,0,block-select,1,128,3,output_isolated,/home/jirka/research/2024/bits-knn-jpdc2024/data/application-scaling/bw01-35760924/gradient-compression-small.csv,0.00010850694444444444,30,0.00852,0.00833,0.00869,0.9623826291079812,False,False
gradient-compression,773ccccc257597721840d373c9f3e73e670a8d255c39e3a3e354a1d2571356c3,589824,1,64,0.0,0,block-select,1,128,3,selection_isolated,/home/jirka/research/2024/bits-knn-jpdc2024/data/application-scaling/bw01-35760924/gradient-compression-small.csv,0.00010850694444444444,30,0.89287,0.892415,0.8933825,0.030261964227715116,False,False
gradient-compression,773ccccc257597721840d373c9f3e73e670a8d255c39e3a3e354a1d2571356c3,589824,1,64,0.0,0,block-select,1,128,3,transform_isolated,/home/jirka/research/2024/bits-knn-jpdc2024/data/application-scaling/bw01-35760924/gradient-compression-small.csv,0.00010850694444444444,30,0.009159500000000001,0.00910225,0.009235,0.996233418854741,False,False
gradient-compression,773ccccc257597721840d373c9f3e73e670a8d255c39e3a3e354a1d2571356c3,589824,1,64,0.0,0,block-select,1,128,3,upload_shared,/home/jirka/research/2024/bits-knn-jpdc2024/data/application-scaling/bw01-35760924/gradient-compression-small.csv,0.00010850694444444444,1,0.186807,0.186807,0.186807,1.0,False,False
gradient-compression,773ccccc257597721840d373c9f3e73e670a8d255c39e3a3e354a1d2571356c3,589824,1,64,0.0,0,grid-select,1,0,0,download,/home/jirka/research/2024/bits-knn-jpdc2024/data/application-scaling/bw01-35760924/gradient-compression-small.csv,0.00010850694444444444,30,0.008005,0.007869999999999999,0.008087500000000001,1.0013116801998752,True,True
gradient-compression,773ccccc257597721840d373c9f3e73e670a8d255c39e3a3e354a1d2571356c3,589824,1,64,0.0,0,grid-select,1,0,0,operator,/home/jirka/research/2024/bits-knn-jpdc2024/data/application-scaling/bw01-35760924/gradient-compression-small.csv,0.00010850694444444444,30,0.0401595,0.0393525,0.040571499999999996,0.9199566727673404,True,True
gradient-compression,773ccccc257597721840d373c9f3e73e670a8d255c39e3a3e354a1d2571356c3,589824,1,64,0.0,0,grid-select,1,0,0,output_isolated,/home/jirka/research/2024/bits-knn-jpdc2024/data/application-scaling/bw01-35760924/gradient-compression-small.csv,0.00010850694444444444,30,0.008230000000000001,0.00817,0.00826675,0.9962940461725394,True,True
gradient-compression,773ccccc257597721840d373c9f3e73e670a8d255c39e3a3e354a1d2571356c3,589824,1,64,0.0,0,grid-select,1,0,0,selection_isolated,/home/jirka/research/2024/bits-knn-jpdc2024/data/application-scaling/bw01-35760924/gradient-compression-small.csv,0.00010850694444444444,30,0.0302395,0.030114000000000002,0.030346750000000002,0.8935332925478265,True,True
gradient-compression,773ccccc257597721840d373c9f3e73e670a8d255c39e3a3e354a1d2571356c3,589824,1,64,0.0,0,grid-select,1,0,0,transform_isolated,/home/jirka/research/2024/bits-knn-jpdc2024/data/application-scaling/bw01-35760924/gradient-compression-small.csv,0.00010850694444444444,30,0.009130000000000001,0.009072499999999999,0.009167250000000002,0.9994523548740416,True,True
gradient-compression,773ccccc257597721840d373c9f3e73e670a8d255c39e3a3e354a1d2571356c3,589824,1,64,0.0,0,grid-select,1,0,0,upload_shared,/home/jirka/research/2024/bits-knn-jpdc2024/data/application-scaling/bw01-35760924/gradient-compression-small.csv,0.00010850694444444444,1,0.186807,0.186807,0.186807,1.0,True,True
gradient-compression,773ccccc257597721840d373c9f3e73e670a8d255c39e3a3e354a1d2571356c3,589824,1,128,0.0,0,air-topk,1,512,0,download,/home/jirka/research/2024/bits-knn-jpdc2024/data/application-scaling/bw01-35760924/gradient-compression-small.csv,0.00021701388888888888,30,0.007880000000000002,0.00782225,0.00799025,1.0,True,True
gradient-compression,773ccccc257597721840d373c9f3e73e670a8d255c39e3a3e354a1d2571356c3,589824,1,128,0.0,0,air-topk,1,512,0,operator,/home/jirka/research/2024/bits-knn-jpdc2024/data/application-scaling/bw01-35760924/gradient-compression-small.csv,0.00021701388888888888,30,0.0372695,0.036749250000000004,0.03790975,1.0,True,True
gradient-compression,773ccccc257597721840d373c9f3e73e670a8d255c39e3a3e354a1d2571356c3,589824,1,128,0.0,0,air-topk,1,512,0,output_isolated,/home/jirka/research/2024/bits-knn-jpdc2024/data/application-scaling/bw01-35760924/gradient-compression-small.csv,0.00021701388888888888,30,0.0082045,0.00813,0.008257500000000001,1.0,True,True
gradient-compression,773ccccc257597721840d373c9f3e73e670a8d255c39e3a3e354a1d2571356c3,589824,1,128,0.0,0,air-topk,1,512,0,selection_isolated,/home/jirka/research/2024/bits-knn-jpdc2024/data/application-scaling/bw01-35760924/gradient-compression-small.csv,0.00021701388888888888,30,0.0270145,0.026842249999999998,0.02720975,1.0,True,True
gradient-compression,773ccccc257597721840d373c9f3e73e670a8d255c39e3a3e354a1d2571356c3,589824,1,128,0.0,0,air-topk,1,512,0,transform_isolated,/home/jirka/research/2024/bits-knn-jpdc2024/data/application-scaling/bw01-35760924/gradient-compression-small.csv,0.00021701388888888888,30,0.009099999999999999,0.00906,0.0091975,1.0,True,True
gradient-compression,773ccccc257597721840d373c9f3e73e670a8d255c39e3a3e354a1d2571356c3,589824,1,128,0.0,0,air-topk,1,512,0,upload_shared,/home/jirka/research/2024/bits-knn-jpdc2024/data/application-scaling/bw01-35760924/gradient-compression-small.csv,0.00021701388888888888,1,0.16385799999999998,0.16385799999999998,0.16385799999999998,1.0,True,True
gradient-compression,773ccccc257597721840d373c9f3e73e670a8d255c39e3a3e354a1d2571356c3,589824,1,128,0.0,0,bits-prefetch,1,128,4,download,/home/jirka/research/2024/bits-knn-jpdc2024/data/application-scaling/bw01-35760924/gradient-compression-small.csv,0.00021701388888888888,30,0.0088395,0.008805,0.0089175,0.8914531364896207,False,False
gradient-compression,773ccccc257597721840d373c9f3e73e670a8d255c39e3a3e354a1d2571356c3,589824,1,128,0.0,0,bits-prefetch,1,128,4,operator,/home/jirka/research/2024/bits-knn-jpdc2024/data/application-scaling/bw01-35760924/gradient-compression-small.csv,0.00021701388888888888,30,0.4745795,0.474425,0.47476975,0.07853162641875597,False,False
gradient-compression,773ccccc257597721840d373c9f3e73e670a8d255c39e3a3e354a1d2571356c3,589824,1,128,0.0,0,bits-prefetch,1,128,4,output_isolated,/home/jirka/research/2024/bits-knn-jpdc2024/data/application-scaling/bw01-35760924/gradient-compression-small.csv,0.00021701388888888888,30,0.0083395,0.008195000000000001,0.008601500000000002,0.9838119791354398,False,False
gradient-compression,773ccccc257597721840d373c9f3e73e670a8d255c39e3a3e354a1d2571356c3,589824,1,128,0.0,0,bits-prefetch,1,128,4,selection_isolated,/home/jirka/research/2024/bits-knn-jpdc2024/data/application-scaling/bw01-35760924/gradient-compression-small.csv,0.00021701388888888888,30,0.46519,0.46501249999999994,0.46556175,0.05807197059266107,False,False
gradient-compression,773ccccc257597721840d373c9f3e73e670a8d255c39e3a3e354a1d2571356c3,589824,1,128,0.0,0,bits-prefetch,1,128,4,transform_isolated,/home/jirka/research/2024/bits-knn-jpdc2024/data/application-scaling/bw01-35760924/gradient-compression-small.csv,0.00021701388888888888,30,0.00914,0.0090575,0.009259749999999999,0.9956236323851202,False,False
gradient-compression,773ccccc257597721840d373c9f3e73e670a8d255c39e3a3e354a1d2571356c3,589824,1,128,0.0,0,bits-prefetch,1,128,4,upload_shared,/home/jirka/research/2024/bits-knn-jpdc2024/data/application-scaling/bw01-35760924/gradient-compression-small.csv,0.00021701388888888888,1,0.148078,0.148078,0.148078,1.1065654587447156,False,False
gradient-compression,773ccccc257597721840d373c9f3e73e670a8d255c39e3a3e354a1d2571356c3,589824,1,128,0.0,0,bits-prefetch,1,128,7,download,/home/jirka/research/2024/bits-knn-jpdc2024/data/application-scaling/bw01-35760924/gradient-compression-small.csv,0.00021701388888888888,30,0.00883,0.00882,0.0088675,0.8924122310305779,False,False
gradient-compression,773ccccc257597721840d373c9f3e73e670a8d255c39e3a3e354a1d2571356c3,589824,1,128,0.0,0,bits-prefetch,1,128,7,operator,/home/jirka/research/2024/bits-knn-jpdc2024/data/application-scaling/bw01-35760924/gradient-compression-small.csv,0.00021701388888888888,30,0.385446,0.385211,0.38566525,0.09669188420686683,False,False
gradient-compression,773ccccc257597721840d373c9f3e73e670a8d255c39e3a3e354a1d2571356c3,589824,1,128,0.0,0,bits-prefetch,1,128,7,output_isolated,/home/jirka/research/2024/bits-knn-jpdc2024/data/application-scaling/bw01-35760924/gradient-compression-small.csv,0.00021701388888888888,30,0.008365,0.008275,0.008525,0.980812910938434,False,False
gradient-compression,773ccccc257597721840d373c9f3e73e670a8d255c39e3a3e354a1d2571356c3,589824,1,128,0.0,0,bits-prefetch,1,128,7,selection_isolated,/home/jirka/research/2024/bits-knn-jpdc2024/data/application-scaling/bw01-35760924/gradient-compression-small.csv,0.00021701388888888888,30,0.375911,0.3757585,0.37628324999999996,0.07186408484987138,False,False
gradient-compression,773ccccc257597721840d373c9f3e73e670a8d255c39e3a3e354a1d2571356c3,589824,1,128,0.0,0,bits-prefetch,1,128,7,transform_isolated,/home/jirka/research/2024/bits-knn-jpdc2024/data/application-scaling/bw01-35760924/gradient-compression-small.csv,0.00021701388888888888,30,0.0092245,0.0091075,0.009300000000000001,0.9865033335140114,False,False
gradient-compression,773ccccc257597721840d373c9f3e73e670a8d255c39e3a3e354a1d2571356c3,589824,1,128,0.0,0,bits-prefetch,1,128,7,upload_shared,/home/jirka/research/2024/bits-knn-jpdc2024/data/application-scaling/bw01-35760924/gradient-compression-small.csv,0.00021701388888888888,1,0.147559,0.147559,0.147559,1.1104575119104898,False,False
gradient-compression,773ccccc257597721840d373c9f3e73e670a8d255c39e3a3e354a1d2571356c3,589824,1,128,0.0,0,bits-prefetch,1,128,8,download,/home/jirka/research/2024/bits-knn-jpdc2024/data/application-scaling/bw01-35760924/gradient-compression-small.csv,0.00021701388888888888,30,0.00886,0.00882925,0.00901925,0.8893905191873591,False,False
gradient-compression,773ccccc257597721840d373c9f3e73e670a8d255c39e3a3e354a1d2571356c3,589824,1,128,0.0,0,bits-prefetch,1,128,8,operator,/home/jirka/research/2024/bits-knn-jpdc2024/data/application-scaling/bw01-35760924/gradient-compression-small.csv,0.00021701388888888888,30,0.3536905,0.35350175,0.3538735,0.10537320058073371,False,False
gradient-compression,773ccccc257597721840d373c9f3e73e670a8d255c39e3a3e354a1d2571356c3,589824,1,128,0.0,0,bits-prefetch,1,128,8,output_isolated,/home/jirka/research/2024/bits-knn-jpdc2024/data/application-scaling/bw01-35760924/gradient-compression-small.csv,0.00021701388888888888,30,0.0082995,0.00822,0.008379999999999999,0.9885535273209229,False,False
gradient-compression,773ccccc257597721840d373c9f3e73e670a8d255c39e3a3e354a1d2571356c3,589824,1,128,0.0,0,bits-prefetch,1,128,8,selection_isolated,/home/jirka/research/2024/bits-knn-jpdc2024/data/application-scaling/bw01-35760924/gradient-compression-small.csv,0.00021701388888888888,30,0.3442415,0.34406349999999997,0.344381,0.07847543076590127,False,False
gradient-compression,773ccccc257597721840d373c9f3e73e670a8d255c39e3a3e354a1d2571356c3,589824,1,128,0.0,0,bits-prefetch,1,128,8,transform_isolated,/home/jirka/research/2024/bits-knn-jpdc2024/data/application-scaling/bw01-35760924/gradient-compression-small.csv,0.00021701388888888888,30,0.009089999999999999,0.009045,0.0091675,1.001100110011001,False,False
gradient-compression,773ccccc257597721840d373c9f3e73e670a8d255c39e3a3e354a1d2571356c3,589824,1,128,0.0,0,bits-prefetch,1,128,8,upload_shared,/home/jirka/research/2024/bits-knn-jpdc2024/data/application-scaling/bw01-35760924/gradient-compression-small.csv,0.00021701388888888888,1,0.150248,0.150248,0.150248,1.0905835685000798,False,False
gradient-compression,773ccccc257597721840d373c9f3e73e670a8d255c39e3a3e354a1d2571356c3,589824,1,128,0.0,0,bits-prefetch,1,128,13,download,/home/jirka/research/2024/bits-knn-jpdc2024/data/application-scaling/bw01-35760924/gradient-compression-small.csv,0.00021701388888888888,30,0.00873,0.00804925,0.00883,0.9026345933562431,False,False
gradient-compression,773ccccc257597721840d373c9f3e73e670a8d255c39e3a3e354a1d2571356c3,589824,1,128,0.0,0,bits-prefetch,1,128,13,operator,/home/jirka/research/2024/bits-knn-jpdc2024/data/application-scaling/bw01-35760924/gradient-compression-small.csv,0.00021701388888888888,30,0.29846150000000005,0.29834700000000003,0.298797,0.1248720521742335,False,False
gradient-compression,773ccccc257597721840d373c9f3e73e670a8d255c39e3a3e354a1d2571356c3,589824,1,128,0.0,0,bits-prefetch,1,128,13,output_isolated,/home/jirka/research/2024/bits-knn-jpdc2024/data/application-scaling/bw01-35760924/gradient-compression-small.csv,0.00021701388888888888,30,0.008355,0.008275,0.0086075,0.9819868342309994,False,False
gradient-compression,773ccccc257597721840d373c9f3e73e670a8d255c39e3a3e354a1d2571356c3,589824,1,128,0.0,0,bits-prefetch,1,128,13,selection_isolated,/home/jirka/research/2024/bits-knn-jpdc2024/data/application-scaling/bw01-35760924/gradient-compression-small.csv,0.00021701388888888888,30,0.289022,0.28885700000000003,0.28922375000000006,0.09346866328514784,False,False
gradient-compression,773ccccc257597721840d373c9f3e73e670a8d255c39e3a3e354a1d2571356c3,589824,1,128,0.0,0,bits-prefetch,1,128,13,transform_isolated,/home/jirka/research/2024/bits-knn-jpdc2024/data/application-scaling/bw01-35760924/gradient-compression-small.csv,0.00021701388888888888,30,0.00918,0.009092499999999998,0.00926,0.9912854030501087,False,False
gradient-compression,773ccccc257597721840d373c9f3e73e670a8d255c39e3a3e354a1d2571356c3,589824,1,128,0.0,0,bits-prefetch,1,128,13,upload_shared,/home/jirka/research/2024/bits-knn-jpdc2024/data/application-scaling/bw01-35760924/gradient-compression-small.csv,0.00021701388888888888,1,0.148928,0.148928,0.148928,1.1002497851310697,False,False
gradient-compression,773ccccc257597721840d373c9f3e73e670a8d255c39e3a3e354a1d2571356c3,589824,1,128,0.0,0,bits-prefetch,1,128,16,download,/home/jirka/research/2024/bits-knn-jpdc2024/data/application-scaling/bw01-35760924/gradient-compression-small.csv,0.00021701388888888888,30,0.00873,0.0087,0.008850750000000001,0.9026345933562431,False,False
gradient-compression,773ccccc257597721840d373c9f3e73e670a8d255c39e3a3e354a1d2571356c3,589824,1,128,0.0,0,bits-prefetch,1,128,16,operator,/home/jirka/research/2024/bits-knn-jpdc2024/data/application-scaling/bw01-35760924/gradient-compression-small.csv,0.00021701388888888888,30,0.30325100000000005,0.3031435,0.3033845,0.12289984204503857,False,False
gradient-compression,773ccccc257597721840d373c9f3e73e670a8d255c39e3a3e354a1d2571356c3,589824,1,128,0.0,0,bits-prefetch,1,128,16,output_isolated,/home/jirka/research/2024/bits-knn-jpdc2024/data/application-scaling/bw01-35760924/gradient-compression-small.csv,0.00021701388888888888,30,0.0082495,0.00822175,0.008362499999999998,0.9945451239469059,False,False
gradient-compression,773ccccc257597721840d373c9f3e73e670a8d255c39e3a3e354a1d2571356c3,589824,1,128,0.0,0,bits-prefetch,1,128,16,selection_isolated,/home/jirka/research/2024/bits-knn-jpdc2024/data/application-scaling/bw01-35760924/gradient-compression-small.csv,0.00021701388888888888,30,0.293802,0.2935645,0.29401374999999996,0.09194797857060197,False,False
gradient-compression,773ccccc257597721840d373c9f3e73e670a8d255c39e3a3e354a1d2571356c3,589824,1,128,0.0,0,bits-prefetch,1,128,16,transform_isolated,/home/jirka/research/2024/bits-knn-jpdc2024/data/application-scaling/bw01-35760924/gradient-compression-small.csv,0.00021701388888888888,30,0.009120000000000001,0.009035,0.00919,0.9978070175438594,False,False
gradient-compression,773ccccc257597721840d373c9f3e73e670a8d255c39e3a3e354a1d2571356c3,589824,1,128,0.0,0,bits-prefetch,1,128,16,upload_shared,/home/jirka/research/2024/bits-knn-jpdc2024/data/application-scaling/bw01-35760924/gradient-compression-small.csv,0.00021701388888888888,1,0.152509,0.152509,0.152509,1.0744152804096805,False,False
gradient-compression,773ccccc257597721840d373c9f3e73e670a8d255c39e3a3e354a1d2571356c3,589824,1,128,0.0,0,bits-prefetch,1,256,4,download,/home/jirka/research/2024/bits-knn-jpdc2024/data/application-scaling/bw01-35760924/gradient-compression-small.csv,0.00021701388888888888,30,0.0087345,0.00850925,0.008862499999999999,0.9021695575018607,False,False
gradient-compression,773ccccc257597721840d373c9f3e73e670a8d255c39e3a3e354a1d2571356c3,589824,1,128,0.0,0,bits-prefetch,1,256,4,operator,/home/jirka/research/2024/bits-knn-jpdc2024/data/application-scaling/bw01-35760924/gradient-compression-small.csv,0.00021701388888888888,30,0.29313700000000004,0.292907,0.29338949999999997,0.12714021089115327,False,False
gradient-compression,773ccccc257597721840d373c9f3e73e670a8d255c39e3a3e354a1d2571356c3,589824,1,128,0.0,0,bits-prefetch,1,256,4,output_isolated,/home/jirka/research/2024/bits-knn-jpdc2024/data/application-scaling/bw01-35760924/gradient-compression-small.csv,0.00021701388888888888,30,0.008265,0.00819,0.0085025,0.992679975801573,False,False
gradient-compression,773ccccc257597721840d373c9f3e73e670a8d255c39e3a3e354a1d2571356c3,589824,1,128,0.0,0,bits-prefetch,1,256,4,selection_isolated,/home/jirka/research/2024/bits-knn-jpdc2024/data/application-scaling/bw01-35760924/gradient-compression-small.csv,0.00021701388888888888,30,0.283817,0.28350450000000005,0.28407699999999997,0.0951828114594968,False,False
gradient-compression,773ccccc257597721840d373c9f3e73e670a8d255c39e3a3e354a1d2571356c3,589824,1,128,0.0,0,bits-prefetch,1,256,4,transform_isolated,/home/jirka/research/2024/bits-knn-jpdc2024/data/application-scaling/bw01-35760924/gradient-compression-small.csv,0.00021701388888888888,30,0.009104999999999999,0.0090525,0.009177250000000001,0.99945085118067,False,False
gradient-compression,773ccccc257597721840d373c9f3e73e670a8d255c39e3a3e354a1d2571356c3,589824,1,128,0.0,0,bits-prefetch,1,256,4,upload_shared,/home/jirka/research/2024/bits-knn-jpdc2024/data/application-scaling/bw01-35760924/gradient-compression-small.csv,0.00021701388888888888,1,0.14386800000000002,0.14386800000000002,0.14386800000000002,1.1389468123557702,False,False
gradient-compression,773ccccc257597721840d373c9f3e73e670a8d255c39e3a3e354a1d2571356c3,589824,1,128,0.0,0,bits-prefetch,1,256,7,download,/home/jirka/research/2024/bits-knn-jpdc2024/data/application-scaling/bw01-35760924/gradient-compression-small.csv,0.00021701388888888888,30,0.00863,0.00789225,0.0086975,0.9130938586326769,False,False
gradient-compression,773ccccc257597721840d373c9f3e73e670a8d255c39e3a3e354a1d2571356c3,589824,1,128,0.0,0,bits-prefetch,1,256,7,operator,/home/jirka/research/2024/bits-knn-jpdc2024/data/application-scaling/bw01-35760924/gradient-compression-small.csv,0.00021701388888888888,30,0.23906249999999998,0.23868050000000002,0.23927725,0.15589856209150327,False,False
gradient-compression,773ccccc257597721840d373c9f3e73e670a8d255c39e3a3e354a1d2571356c3,589824,1,128,0.0,0,bits-prefetch,1,256,7,output_isolated,/home/jirka/research/2024/bits-knn-jpdc2024/data/application-scaling/bw01-35760924/gradient-compression-small.csv,0.00021701388888888888,30,0.008285,0.0081975,0.00841475,0.9902836451418224,False,False
gradient-compression,773ccccc257597721840d373c9f3e73e670a8d255c39e3a3e354a1d2571356c3,589824,1,128,0.0,0,bits-prefetch,1,256,7,selection_isolated,/home/jirka/research/2024/bits-knn-jpdc2024/data/application-scaling/bw01-35760924/gradient-compression-small.csv,0.00021701388888888888,30,0.229387,0.22921225,0.22950975,0.11776822574949757,False,False
gradient-compression,773ccccc257597721840d373c9f3e73e670a8d255c39e3a3e354a1d2571356c3,589824,1,128,0.0,0,bits-prefetch,1,256,7,transform_isolated,/home/jirka/research/2024/bits-knn-jpdc2024/data/application-scaling/bw01-35760924/gradient-compression-small.csv,0.00021701388888888888,30,0.009089999999999999,0.0090275,0.00919,1.001100110011001,False,False
gradient-compression,773ccccc257597721840d373c9f3e73e670a8d255c39e3a3e354a1d2571356c3,589824,1,128,0.0,0,bits-prefetch,1,256,7,upload_shared,/home/jirka/research/2024/bits-knn-jpdc2024/data/application-scaling/bw01-35760924/gradient-compression-small.csv,0.00021701388888888888,1,0.150889,0.150889,0.150889,1.0859505994472758,False,False
gradient-compression,773ccccc257597721840d373c9f3e73e670a8d255c39e3a3e354a1d2571356c3,589824,1,128,0.0,0,bits-prefetch,1,256,8,download,/home/jirka/research/2024/bits-knn-jpdc2024/data/application-scaling/bw01-35760924/gradient-compression-small.csv,0.00021701388888888888,30,0.0088295,0.008695,0.0088775,0.8924627668610908,False,False
gradient-compression,773ccccc257597721840d373c9f3e73e670a8d255c39e3a3e354a1d2571356c3,589824,1,128,0.0,0,bits-prefetch,1,256,8,operator,/home/jirka/research/2024/bits-knn-jpdc2024/data/application-scaling/bw01-35760924/gradient-compression-small.csv,0.00021701388888888888,30,0.237127,0.23681475000000002,0.2372345,0.1571710517992468,False,False
gradient-compression,773ccccc257597721840d373c9f3e73e670a8d255c39e3a3e354a1d2571356c3,589824,1,128,0.0,0,bits-prefetch,1,256,8,output_isolated,/home/jirka/research/2024/bits-knn-jpdc2024/data/application-scaling/bw01-35760924/gradient-compression-small.csv,0.00021701388888888888,30,0.0083195,0.00821325,0.008462500000000001,0.9861770539094897,False,False
gradient-compression,773ccccc257597721840d373c9f3e73e670a8d255c39e3a3e354a1d2571356c3,589824,1,128,0.0,0,bits-prefetch,1,256,8,selection_isolated,/home/jirka/research/2024/bits-knn-jpdc2024/data/application-scaling/bw01-35760924/gradient-compression-small.csv,0.00021701388888888888,30,0.2273975,0.227252,0.22763775,0.11879857957981069,False,False
gradient-compression,773ccccc257597721840d373c9f3e73e670a8d255c39e3a3e354a1d2571356c3,589824,1,128,0.0,0,bits-prefetch,1,256,8,transform_isolated,/home/jirka/research/2024/bits-knn-jpdc2024/data/application-scaling/bw01-35760924/gradient-compression-small.csv,0.00021701388888888888,30,0.009099999999999999,0.00901,0.009195,1.0,False,False
gradient-compression,773ccccc257597721840d373c9f3e73e670a8d255c39e3a3e354a1d2571356c3,589824,1,128,0.0,0,bits-prefetch,1,256,8,upload_shared,/home/jirka/research/2024/bits-knn-jpdc2024/data/application-scaling/bw01-35760924/gradient-compression-small.csv,0.00021701388888888888,1,0.142168,0.142168,0.142168,1.1525659782792188,False,False
gradient-compression,773ccccc257597721840d373c9f3e73e670a8d255c39e3a3e354a1d2571356c3,589824,1,128,0.0,0,bits-prefetch,1,256,13,download,/home/jirka/research/2024/bits-knn-jpdc2024/data/application-scaling/bw01-35760924/gradient-compression-small.csv,0.00021701388888888888,30,0.00868,0.00792925,0.0087,0.9078341013824887,False,False
gradient-compression,773ccccc257597721840d373c9f3e73e670a8d255c39e3a3e354a1d2571356c3,589824,1,128,0.0,0,bits-prefetch,1,256,13,operator,/home/jirka/research/2024/bits-knn-jpdc2024/data/application-scaling/bw01-35760924/gradient-compression-small.csv,0.00021701388888888888,30,0.205793,0.20569725,0.20592475,0.18110188393191215,False,False
gradient-compression,773ccccc257597721840d373c9f3e73e670a8d255c39e3a3e354a1d2571356c3,589824,1,128,0.0,0,bits-prefetch,1,256,13,output_isolated,/home/jirka/research/2024/bits-knn-jpdc2024/data/application-scaling/bw01-35760924/gradient-compression-small.csv,0.00021701388888888888,30,0.008264500000000001,0.0081625,0.008411749999999999,0.9927400326698529,False,False
gradient-compression,773ccccc257597721840d373c9f3e73e670a8d255c39e3a3e354a1d2571356c3,589824,1,128,0.0,0,bits-prefetch,1,256,13,selection_isolated,/home/jirka/research/2024/bits-knn-jpdc2024/data/application-scaling/bw01-35760924/gradient-compression-small.csv,0.00021701388888888888,30,0.19630799999999998,0.196143,0.196522,0.13761283289524626,False,False
gradient-compression,773ccccc257597721840d373c9f3e73e670a8d255c39e3a3e354a1d2571356c3,589824,1,128,0.0,0,bits-prefetch,1,256,13,transform_isolated,/home/jirka/research/2024/bits-knn-jpdc2024/data/application-scaling/bw01-35760924/gradient-compression-small.csv,0.00021701388888888888,30,0.009135,0.009042499999999998,0.009202499999999999,0.9961685823754787,False,False
gradient-compression,773ccccc257597721840d373c9f3e73e670a8d255c39e3a3e354a1d2571356c3,589824,1,128,0.0,0,bits-prefetch,1,256,13,upload_shared,/home/jirka/research/2024/bits-knn-jpdc2024/data/application-scaling/bw01-35760924/gradient-compression-small.csv,0.00021701388888888888,1,0.143178,0.143178,0.143178,1.1444355976476832,False,False
gradient-compression,773ccccc257597721840d373c9f3e73e670a8d255c39e3a3e354a1d2571356c3,589824,1,128,0.0,0,bits-prefetch,1,256,16,download,/home/jirka/research/2024/bits-knn-jpdc2024/data/application-scaling/bw01-35760924/gradient-compression-small.csv,0.00021701388888888888,30,0.0084245,0.0078325,0.0087075,0.9353670840999468,False,False
gradient-compression,773ccccc257597721840d373c9f3e73e670a8d255c39e3a3e354a1d2571356c3,589824,1,128,0.0,0,bits-prefetch,1,256,16,operator,/home/jirka/research/2024/bits-knn-jpdc2024/data/application-scaling/bw01-35760924/gradient-compression-small.csv,0.00021701388888888888,30,0.19981300000000002,0.19952050000000002,0.2000305,0.18652189797460622,False,False
gradient-compression,773ccccc257597721840d373c9f3e73e670a8d255c39e3a3e354a1d2571356c3,589824,1,128,0.0,0,bits-prefetch,1,256,16,output_isolated,/home/jirka/research/2024/bits-knn-jpdc2024/data/application-scaling/bw01-35760924/gradient-compression-small.csv,0.00021701388888888888,30,0.00827,0.00811,0.008365,0.9920798065296252,False,False
gradient-compression,773ccccc257597721840d373c9f3e73e670a8d255c39e3a3e354a1d2571356c3,589824,1,128,0.0,0,bits-prefetch,1,256,16,selection_isolated,/home/jirka/research/2024/bits-knn-jpdc2024/data/application-scaling/bw01-35760924/gradient-compression-small.csv,0.00021701388888888888,30,0.190198,0.1899555,0.190473,0.14203356502171421,False,False
gradient-compression,773ccccc257597721840d373c9f3e73e670a8d255c39e3a3e354a1d2571356c3,589824,1,128,0.0,0,bits-prefetch,1,256,16,transform_isolated,/home/jirka/research/2024/bits-knn-jpdc2024/data/application-scaling/bw01-35760924/gradient-compression-small.csv,0.00021701388888888888,30,0.009130000000000001,0.0090375,0.00919425,0.9967141292442495,False,False
gradient-compression,773ccccc257597721840d373c9f3e73e670a8d255c39e3a3e354a1d2571356c3,589824,1,128,0.0,0,bits-prefetch,1,256,16,upload_shared,/home/jirka/research/2024/bits-knn-jpdc2024/data/application-scaling/bw01-35760924/gradient-compression-small.csv,0.00021701388888888888,1,0.144379,0.144379,0.144379,1.1349157425941443,False,False
gradient-compression,773ccccc257597721840d373c9f3e73e670a8d255c39e3a3e354a1d2571356c3,589824,1,128,0.0,0,bits-prefetch,1,512,4,download,/home/jirka/research/2024/bits-knn-jpdc2024/data/application-scaling/bw01-35760924/gradient-compression-small.csv,0.00021701388888888888,30,0.0088305,0.00870225,0.00891,0.8923617009229378,False,False
gradient-compression,773ccccc257597721840d373c9f3e73e670a8d255c39e3a3e354a1d2571356c3,589824,1,128,0.0,0,bits-prefetch,1,512,4,operator,/home/jirka/research/2024/bits-knn-jpdc2024/data/application-scaling/bw01-35760924/gradient-compression-small.csv,0.00021701388888888888,30,0.19600250000000002,0.19578800000000002,0.19615549999999998,0.19014808484585652,False,False
gradient-compression,773ccccc257597721840d373c9f3e73e670a8d255c39e3a3e354a1d2571356c3,589824,1,128,0.0,0,bits-prefetch,1,512,4,output_isolated,/home/jirka/research/2024/bits-knn-jpdc2024/data/application-scaling/bw01-35760924/gradient-compression-small.csv,0.00021701388888888888,30,0.008255,0.00817025,0.008296749999999999,0.9938824954572986,False,False
gradient-compression,773ccccc257597721840d373c9f3e73e670a8d255c39e3a3e354a1d2571356c3,589824,1,128,0.0,0,bits-prefetch,1,512,4,selection_isolated,/home/jirka/research/2024/bits-knn-jpdc2024/data/application-scaling/bw01-35760924/gradient-compression-small.csv,0.00021701388888888888,30,0.186648,0.186498,0.186833,0.14473500921520724,False,False
gradient-compression,773ccccc257597721840d373c9f3e73e670a8d255c39e3a3e354a1d2571356c3,589824,1,128,0.0,0,bits-prefetch,1,512,4,transform_isolated,/home/jirka/research/2024/bits-knn-jpdc2024/data/application-scaling/bw01-35760924/gradient-compression-small.csv,0.00021701388888888888,30,0.0091295,0.00908,0.00916675,0.9967687167971957,False,False
gradient-compression,773ccccc257597721840d373c9f3e73e670a8d255c39e3a3e354a1d2571356c3,589824,1,128,0.0,0,bits-prefetch,1,512,4,upload_shared,/home/jirka/research/2024/bits-knn-jpdc2024/data/application-scaling/bw01-35760924/gradient-compression-small.csv,0.00021701388888888888,1,0.145788,0.145788,0.145788,1.1239471012703375,False,False
gradient-compression,773ccccc257597721840d373c9f3e73e670a8d255c39e3a3e354a1d2571356c3,589824,1,128,0.0,0,bits-prefetch,1,512,7,download,/home/jirka/research/2024/bits-knn-jpdc2024/data/application-scaling/bw01-35760924/gradient-compression-small.csv,0.00021701388888888888,30,0.00872,0.008692499999999999,0.008861749999999998,0.9036697247706423,False,False
gradient-compression,773ccccc257597721840d373c9f3e73e670a8d255c39e3a3e354a1d2571356c3,589824,1,128,0.0,0,bits-prefetch,1,512,7,operator,/home/jirka/research/2024/bits-knn-jpdc2024/data/application-scaling/bw01-35760924/gradient-compression-small.csv,0.00021701388888888888,30,0.1743185,0.1739955,0.174403,0.21380117428729595,False,False
gradient-compression,773ccccc257597721840d373c9f3e73e670a8d255c39e3a3e354a1d2571356c3,589824,1,128,0.0,0,bits-prefetch,1,512,7,output_isolated,/home/jirka/research/2024/bits-knn-jpdc2024/data/application-scaling/bw01-35760924/gradient-compression-small.csv,0.00021701388888888888,30,0.00829,0.008175,0.00832825,0.989686369119421,False,False
gradient-compression,773ccccc257597721840d373c9f3e73e670a8d255c39e3a3e354a1d2571356c3,589824,1,128,0.0,0,bits-prefetch,1,512,7,selection_isolated,/home/jirka/research/2024/bits-knn-jpdc2024/data/application-scaling/bw01-35760924/gradient-compression-small.csv,0.00021701388888888888,30,0.16464299999999998,0.164498,0.16478900000000002,0.16407925025661585,False,False
gradient-compression,773ccccc257597721840d373c9f3e73e670a8d255c39e3a3e354a1d2571356c3,589824,1,128,0.0,0,bits-prefetch,1,512,7,transform_isolated,/home/jirka/research/2024/bits-knn-jpdc2024/data/application-scaling/bw01-35760924/gradient-compression-small.csv,0.00021701388888888888,30,0.00915,0.00908,0.00918,0.9945355191256829,False,False
gradient-compression,773ccccc257597721840d373c9f3e73e670a8d255c39e3a3e354a1d2571356c3,589824,1,128,0.0,0,bits-prefetch,1,512,7,upload_shared,/home/jirka/research/2024/bits-knn-jpdc2024/data/application-scaling/bw01-35760924/gradient-compression-small.csv,0.00021701388888888888,1,0.148788,0.148788,0.148788,1.101285049869613,False,False
gradient-compression,773ccccc257597721840d373c9f3e73e670a8d255c39e3a3e354a1d2571356c3,589824,1,128,0.0,0,bits-prefetch,1,512,8,download,/home/jirka/research/2024/bits-knn-jpdc2024/data/application-scaling/bw01-35760924/gradient-compression-small.csv,0.00021701388888888888,30,0.00872,0.008119999999999999,0.0088775,0.9036697247706423,False,False
gradient-compression,773ccccc257597721840d373c9f3e73e670a8d255c39e3a3e354a1d2571356c3,589824,1,128,0.0,0,bits-prefetch,1,512,8,operator,/home/jirka/research/2024/bits-knn-jpdc2024/data/application-scaling/bw01-35760924/gradient-compression-small.csv,0.00021701388888888888,30,0.168538,0.16828825,0.1687555,0.2211341062549692,False,False
gradient-compression,773ccccc257597721840d373c9f3e73e670a8d255c39e3a3e354a1d2571356c3,589824,1,128,0.0,0,bits-prefetch,1,512,8,output_isolated,/home/jirka/research/2024/bits-knn-jpdc2024/data/application-scaling/bw01-35760924/gradient-compression-small.csv,0.00021701388888888888,30,0.008209999999999999,0.008096750000000002,0.00831,0.9993300852618759,False,False
gradient-compression,773ccccc257597721840d373c9f3e73e670a8d255c39e3a3e354a1d2571356c3,589824,1,128,0.0,0,bits-prefetch,1,512,8,selection_isolated,/home/jirka/research/2024/bits-knn-jpdc2024/data/application-scaling/bw01-35760924/gradient-compression-small.csv,0.00021701388888888888,30,0.1591185,0.1586155,0.15923625000000002,0.1697759845649626,False,False
gradient-compression,773ccccc257597721840d373c9f3e73e670a8d255c39e3a3e354a1d2571356c3,589824,1,128,0.0,0,bits-prefetch,1,512,8,transform_isolated,/home/jirka/research/2024/bits-knn-jpdc2024/data/application-scaling/bw01-35760924/gradient-compression-small.csv,0.00021701388888888888,30,0.009115000000000002,0.00904225,0.009211750000000001,0.9983543609434994,False,False
gradient-compression,773ccccc257597721840d373c9f3e73e670a8d255c39e3a3e354a1d2571356c3,589824,1,128,0.0,0,bits-prefetch,1,512,8,upload_shared,/home/jirka/research/2024/bits-knn-jpdc2024/data/application-scaling/bw01-35760924/gradient-compression-small.csv,0.00021701388888888888,1,0.153318,0.153318,0.153318,1.068746005035286,False,False
gradient-compression,773ccccc257597721840d373c9f3e73e670a8d255c39e3a3e354a1d2571356c3,589824,1,128,0.0,0,bits-prefetch,1,512,13,download,/home/jirka/research/2024/bits-knn-jpdc2024/data/application-scaling/bw01-35760924/gradient-compression-small.csv,0.00021701388888888888,30,0.00872,0.00869025,0.0088025,0.9036697247706423,False,False
gradient-compression,773ccccc257597721840d373c9f3e73e670a8d255c39e3a3e354a1d2571356c3,589824,1,128,0.0,0,bits-prefetch,1,512,13,operator,/home/jirka/research/2024/bits-knn-jpdc2024/data/application-scaling/bw01-35760924/gradient-compression-small.csv,0.00021701388888888888,30,0.16416799999999998,0.16400125,0.1644005,0.22702049120413237,False,False
gradient-compression,773ccccc257597721840d373c9f3e73e670a8d255c39e3a3e354a1d2571356c3,589824,1,128,0.0,0,bits-prefetch,1,512,13,output_isolated,/home/jirka/research/2024/bits-knn-jpdc2024/data/application-scaling/bw01-35760924/gradient-compression-small.csv,0.00021701388888888888,30,0.008355,0.00823925,0.0084875,0.9819868342309994,False,False
gradient-compression,773ccccc257597721840d373c9f3e73e670a8d255c39e3a3e354a1d2571356c3,589824,1,128,0.0,0,bits-prefetch,1,512,13,selection_isolated,/home/jirka/research/2024/bits-knn-jpdc2024/data/application-scaling/bw01-35760924/gradient-compression-small.csv,0.00021701388888888888,30,0.1546035,0.15445575,0.15517150000000002,0.17473407781841938,False,False
gradient-compression,773ccccc257597721840d373c9f3e73e670a8d255c39e3a3e354a1d2571356c3,589824,1,128,0.0,0,bits-prefetch,1,512,13,transform_isolated,/home/jirka/research/2024/bits-knn-jpdc2024/data/application-scaling/bw01-35760924/gradient-compression-small.csv,0.00021701388888888888,30,0.0091745,0.00909,0.0092575,0.9918796664668372,False,False
gradient-compression,773ccccc257597721840d373c9f3e73e670a8d255c39e3a3e354a1d2571356c3,589824,1,128,0.0,0,bits-prefetch,1,512,13,upload_shared,/home/jirka/research/2024/bits-knn-jpdc2024/data/application-scaling/bw01-35760924/gradient-compression-small.csv,0.00021701388888888888,1,0.145128,0.145128,0.145128,1.1290584863017472,False,False
gradient-compression,773ccccc257597721840d373c9f3e73e670a8d255c39e3a3e354a1d2571356c3,589824,1,128,0.0,0,bits-prefetch,1,512,16,download,/home/jirka/research/2024/bits-knn-jpdc2024/data/application-scaling/bw01-35760924/gradient-compression-small.csv,0.00021701388888888888,30,0.008685,0.007952500000000001,0.008709749999999999,0.9073114565342546,True,False
gradient-compression,773ccccc257597721840d373c9f3e73e670a8d255c39e3a3e354a1d2571356c3,589824,1,128,0.0,0,bits-prefetch,1,512,16,operator,/home/jirka/research/2024/bits-knn-jpdc2024/data/application-scaling/bw01-35760924/gradient-compression-small.csv,0.00021701388888888888,30,0.150838,0.15058075,0.15097549999999998,0.24708296317903974,True,False
gradient-compression,773ccccc257597721840d373c9f3e73e670a8d255c39e3a3e354a1d2571356c3,589824,1,128,0.0,0,bits-prefetch,1,512,16,output_isolated,/home/jirka/research/2024/bits-knn-jpdc2024/data/application-scaling/bw01-35760924/gradient-compression-small.csv,0.00021701388888888888,30,0.00826,0.008182499999999999,0.00841,0.9932808716707022,True,False
gradient-compression,773ccccc257597721840d373c9f3e73e670a8d255c39e3a3e354a1d2571356c3,589824,1,128,0.0,0,bits-prefetch,1,512,16,selection_isolated,/home/jirka/research/2024/bits-knn-jpdc2024/data/application-scaling/bw01-35760924/gradient-compression-small.csv,0.00021701388888888888,30,0.1412385,0.14114125000000002,0.1415065,0.19126866966160078,True,False
gradient-compression,773ccccc257597721840d373c9f3e73e670a8d255c39e3a3e354a1d2571356c3,589824,1,128,0.0,0,bits-prefetch,1,512,16,transform_isolated,/home/jirka/research/2024/bits-knn-jpdc2024/data/application-scaling/bw01-35760924/gradient-compression-small.csv,0.00021701388888888888,30,0.009104999999999999,0.009015,0.00918925,0.99945085118067,True,False
gradient-compression,773ccccc257597721840d373c9f3e73e670a8d255c39e3a3e354a1d2571356c3,589824,1,128,0.0,0,bits-prefetch,1,512,16,upload_shared,/home/jirka/research/2024/bits-knn-jpdc2024/data/application-scaling/bw01-35760924/gradient-compression-small.csv,0.00021701388888888888,1,0.16385799999999998,0.16385799999999998,0.16385799999999998,1.0,True,False
gradient-compression,773ccccc257597721840d373c9f3e73e670a8d255c39e3a3e354a1d2571356c3,589824,1,128,0.0,0,bits-sq,8,128,4,download,/home/jirka/research/2024/bits-knn-jpdc2024/data/application-scaling/bw01-35760924/gradient-compression-small.csv,0.00021701388888888888,30,0.00883,0.00882,0.008902499999999999,0.8924122310305779,False,False
gradient-compression,773ccccc257597721840d373c9f3e73e670a8d255c39e3a3e354a1d2571356c3,589824,1,128,0.0,0,bits-sq,8,128,4,operator,/home/jirka/research/2024/bits-knn-jpdc2024/data/application-scaling/bw01-35760924/gradient-compression-small.csv,0.00021701388888888888,30,0.1203835,0.12027375,0.12049575000000001,0.3095897693620803,False,False
gradient-compression,773ccccc257597721840d373c9f3e73e670a8d255c39e3a3e354a1d2571356c3,589824,1,128,0.0,0,bits-sq,8,128,4,output_isolated,/home/jirka/research/2024/bits-knn-jpdc2024/data/application-scaling/bw01-35760924/gradient-compression-small.csv,0.00021701388888888888,30,0.008205500000000001,0.008139249999999999,0.008337500000000001,0.9998781305222106,False,False
gradient-compression,773ccccc257597721840d373c9f3e73e670a8d255c39e3a3e354a1d2571356c3,589824,1,128,0.0,0,bits-sq,8,128,4,selection_isolated,/home/jirka/research/2024/bits-knn-jpdc2024/data/application-scaling/bw01-35760924/gradient-compression-small.csv,0.00021701388888888888,30,0.110944,0.11080125,0.11101400000000002,0.2434967190654745,False,False
gradient-compression,773ccccc257597721840d373c9f3e73e670a8d255c39e3a3e354a1d2571356c3,589824,1,128,0.0,0,bits-sq,8,128,4,transform_isolated,/home/jirka/research/2024/bits-knn-jpdc2024/data/application-scaling/bw01-35760924/gradient-compression-small.csv,0.00021701388888888888,30,0.009084499999999999,0.009032499999999999,0.0091925,1.0017062028730255,False,False
gradient-compression,773ccccc257597721840d373c9f3e73e670a8d255c39e3a3e354a1d2571356c3,589824,1,128,0.0,0,bits-sq,8,128,4,upload_shared,/home/jirka/research/2024/bits-knn-jpdc2024/data/application-scaling/bw01-35760924/gradient-compression-small.csv,0.00021701388888888888,1,0.148078,0.148078,0.148078,1.1065654587447156,False,False
gradient-compression,773ccccc257597721840d373c9f3e73e670a8d255c39e3a3e354a1d2571356c3,589824,1,128,0.0,0,bits-sq,8,128,7,download,/home/jirka/research/2024/bits-knn-jpdc2024/data/application-scaling/bw01-35760924/gradient-compression-small.csv,0.00021701388888888888,30,0.008825,0.0084295,0.008847500000000001,0.8929178470254959,False,False
gradient-compression,773ccccc257597721840d373c9f3e73e670a8d255c39e3a3e354a1d2571356c3,589824,1,128,0.0,0,bits-sq,8,128,7,operator,/home/jirka/research/2024/bits-knn-jpdc2024/data/application-scaling/bw01-35760924/gradient-compression-small.csv,0.00021701388888888888,30,0.109724,0.109599,0.1098555,0.3396658889577485,False,False
gradient-compression,773ccccc257597721840d373c9f3e73e670a8d255c39e3a3e354a1d2571356c3,589824,1,128,0.0,0,bits-sq,8,128,7,output_isolated,/home/jirka/research/2024/bits-knn-jpdc2024/data/application-scaling/bw01-35760924/gradient-compression-small.csv,0.00021701388888888888,30,0.0082655,0.008199250000000002,0.008385,0.992619926199262,False,False
gradient-compression,773ccccc257597721840d373c9f3e73e670a8d255c39e3a3e354a1d2571356c3,589824,1,128,0.0,0,bits-sq,8,128,7,selection_isolated,/home/jirka/research/2024/bits-knn-jpdc2024/data/application-scaling/bw01-35760924/gradient-compression-small.csv,0.00021701388888888888,30,0.10031399999999999,0.1001715,0.100399,0.26929939988436313,False,False
gradient-compression,773ccccc257597721840d373c9f3e73e670a8d255c39e3a3e354a1d2571356c3,589824,1,128,0.0,0,bits-sq,8,128,7,transform_isolated,/home/jirka/research/2024/bits-knn-jpdc2024/data/application-scaling/bw01-35760924/gradient-compression-small.csv,0.00021701388888888888,30,0.0091445,0.009075,0.009219749999999999,0.9951336869156322,False,False
gradient-compression,773ccccc257597721840d373c9f3e73e670a8d255c39e3a3e354a1d2571356c3,589824,1,128,0.0,0,bits-sq,8,128,7,upload_shared,/home/jirka/research/2024/bits-knn-jpdc2024/data/application-scaling/bw01-35760924/gradient-compression-small.csv,0.00021701388888888888,1,0.147559,0.147559,0.147559,1.1104575119104898,False,False
gradient-compression,773ccccc257597721840d373c9f3e73e670a8d255c39e3a3e354a1d2571356c3,589824,1,128,0.0,0,bits-sq,8,128,8,download,/home/jirka/research/2024/bits-knn-jpdc2024/data/application-scaling/bw01-35760924/gradient-compression-small.csv,0.00021701388888888888,30,0.0088095,0.008621750000000001,0.00884,0.8944889040240651,False,False
gradient-compression,773ccccc257597721840d373c9f3e73e670a8d255c39e3a3e354a1d2571356c3,589824,1,128,0.0,0,bits-sq,8,128,8,operator,/home/jirka/research/2024/bits-knn-jpdc2024/data/application-scaling/bw01-35760924/gradient-compression-small.csv,0.00021701388888888888,30,0.107279,0.10717375,0.1073365,0.34740722788243733,False,False
gradient-compression,773ccccc257597721840d373c9f3e73e670a8d255c39e3a3e354a1d2571356c3,589824,1,128,0.0,0,bits-sq,8,128,8,output_isolated,/home/jirka/research/2024/bits-knn-jpdc2024/data/application-scaling/bw01-35760924/gradient-compression-small.csv,0.00021701388888888888,30,0.008230000000000001,0.008175,0.008374999999999999,0.9969015795868771,False,False
gradient-compression,773ccccc257597721840d373c9f3e73e670a8d255c39e3a3e354a1d2571356c3,589824,1,128,0.0,0,bits-sq,8,128,8,selection_isolated,/home/jirka/research/2024/bits-knn-jpdc2024/data/application-scaling/bw01-35760924/gradient-compression-small.csv,0.00021701388888888888,30,0.097829,0.0977215,0.097949,0.27613999938668493,False,False
gradient-compression,773ccccc257597721840d373c9f3e73e670a8d255c39e3a3e354a1d2571356c3,589824,1,128,0.0,0,bits-sq,8,128,8,transform_isolated,/home/jirka/research/2024/bits-knn-jpdc2024/data/application-scaling/bw01-35760924/gradient-compression-small.csv,0.00021701388888888888,30,0.00911,0.00904225,0.009225,0.9989023051591656,False,False
gradient-compression,773ccccc257597721840d373c9f3e73e670a8d255c39e3a3e354a1d2571356c3,589824,1,128,0.0,0,bits-sq,8,128,8,upload_shared,/home/jirka/research/2024/bits-knn-jpdc2024/data/application-scaling/bw01-35760924/gradient-compression-small.csv,0.00021701388888888888,1,0.150248,0.150248,0.150248,1.0905835685000798,False,False
gradient-compression,773ccccc257597721840d373c9f3e73e670a8d255c39e3a3e354a1d2571356c3,589824,1,128,0.0,0,bits-sq,8,128,13,download,/home/jirka/research/2024/bits-knn-jpdc2024/data/application-scaling/bw01-35760924/gradient-compression-small.csv,0.00021701388888888888,30,0.008715,0.0086225,0.00882975,0.9041881812966152,False,False
gradient-compression,773ccccc257597721840d373c9f3e73e670a8d255c39e3a3e354a1d2571356c3,589824,1,128,0.0,0,bits-sq,8,128,13,operator,/home/jirka/research/2024/bits-knn-jpdc2024/data/application-scaling/bw01-35760924/gradient-compression-small.csv,0.00021701388888888888,30,0.1079735,0.10790125,0.10810650000000001,0.3451726581059241,False,False
gradient-compression,773ccccc257597721840d373c9f3e73e670a8d255c39e3a3e354a1d2571356c3,589824,1,128,0.0,0,bits-sq,8,128,13,output_isolated,/home/jirka/research/2024/bits-knn-jpdc2024/data/application-scaling/bw01-35760924/gradient-compression-small.csv,0.00021701388888888888,30,0.00836,0.00831,0.008417250000000001,0.9813995215311005,False,False
gradient-compression,773ccccc257597721840d373c9f3e73e670a8d255c39e3a3e354a1d2571356c3,589824,1,128,0.0,0,bits-sq,8,128,13,selection_isolated,/home/jirka/research/2024/bits-knn-jpdc2024/data/application-scaling/bw01-35760924/gradient-compression-small.csv,0.00021701388888888888,30,0.09849899999999999,0.09843824999999999,0.09865400000000002,0.2742616676311435,False,False
gradient-compression,773ccccc257597721840d373c9f3e73e670a8d255c39e3a3e354a1d2571356c3,589824,1,128,0.0,0,bits-sq,8,128,13,transform_isolated,/home/jirka/research/2024/bits-knn-jpdc2024/data/application-scaling/bw01-35760924/gradient-compression-small.csv,0.00021701388888888888,30,0.009165,0.009065,0.0092575,0.9929078014184396,False,False
gradient-compression,773ccccc257597721840d373c9f3e73e670a8d255c39e3a3e354a1d2571356c3,589824,1,128,0.0,0,bits-sq,8,128,13,upload_shared,/home/jirka/research/2024/bits-knn-jpdc2024/data/application-scaling/bw01-35760924/gradient-compression-small.csv,0.00021701388888888888,1,0.148928,0.148928,0.148928,1.1002497851310697,False,False
gradient-compression,773ccccc257597721840d373c9f3e73e670a8d255c39e3a3e354a1d2571356c3,589824,1,128,0.0,0,bits-sq,8,128,16,download,/home/jirka/research/2024/bits-knn-jpdc2024/data/application-scaling/bw01-35760924/gradient-compression-small.csv,0.00021701388888888888,30,0.008779499999999999,0.0087,0.0088575,0.8975454183040039,False,False
gradient-compression,773ccccc257597721840d373c9f3e73e670a8d255c39e3a3e354a1d2571356c3,589824,1,128,0.0,0,bits-sq,8,128,16,operator,/home/jirka/research/2024/bits-knn-jpdc2024/data/application-scaling/bw01-35760924/gradient-compression-small.csv,0.00021701388888888888,30,0.111209,0.11109125,0.11129800000000001,0.33513025024953014,False,False
gradient-compression,773ccccc257597721840d373c9f3e73e670a8d255c39e3a3e354a1d2571356c3,589824,1,128,0.0,0,bits-sq,8,128,16,output_isolated,/home/jirka/research/2024/bits-knn-jpdc2024/data/application-scaling/bw01-35760924/gradient-compression-small.csv,0.00021701388888888888,30,0.00824,0.008199999999999999,0.00836,0.9956917475728154,False,False
gradient-compression,773ccccc257597721840d373c9f3e73e670a8d255c39e3a3e354a1d2571356c3,589824,1,128,0.0,0,bits-sq,8,128,16,selection_isolated,/home/jirka/research/2024/bits-knn-jpdc2024/data/application-scaling/bw01-35760924/gradient-compression-small.csv,0.00021701388888888888,30,0.101704,0.10157150000000001,0.101829,0.2656188547156454,False,False
gradient-compression,773ccccc257597721840d373c9f3e73e670a8d255c39e3a3e354a1d2571356c3,589824,1,128,0.0,0,bits-sq,8,128,16,transform_isolated,/home/jirka/research/2024/bits-knn-jpdc2024/data/application-scaling/bw01-35760924/gradient-compression-small.csv,0.00021701388888888888,30,0.009065,0.00902,0.00914975,1.0038610038610036,False,False
gradient-compression,773ccccc257597721840d373c9f3e73e670a8d255c39e3a3e354a1d2571356c3,589824,1,128,0.0,0,bits-sq,8,128,16,upload_shared,/home/jirka/research/2024/bits-knn-jpdc2024/data/application-scaling/bw01-35760924/gradient-compression-small.csv,0.00021701388888888888,1,0.152509,0.152509,0.152509,1.0744152804096805,False,False
gradient-compression,773ccccc257597721840d373c9f3e73e670a8d255c39e3a3e354a1d2571356c3,589824,1,128,0.0,0,bits-sq,8,256,4,download,/home/jirka/research/2024/bits-knn-jpdc2024/data/application-scaling/bw01-35760924/gradient-compression-small.csv,0.00021701388888888888,30,0.008705,0.008689249999999999,0.00882,0.9052268811028148,False,False
gradient-compression,773ccccc257597721840d373c9f3e73e670a8d255c39e3a3e354a1d2571356c3,589824,1,128,0.0,0,bits-sq,8,256,4,operator,/home/jirka/research/2024/bits-knn-jpdc2024/data/application-scaling/bw01-35760924/gradient-compression-small.csv,0.00021701388888888888,30,0.07732449999999999,0.0770815,0.077404,0.48198824434687587,False,False
gradient-compression,773ccccc257597721840d373c9f3e73e670a8d255c39e3a3e354a1d2571356c3,589824,1,128,0.0,0,bits-sq,8,256,4,output_isolated,/home/jirka/research/2024/bits-knn-jpdc2024/data/application-scaling/bw01-35760924/gradient-compression-small.csv,0.00021701388888888888,30,0.00815,0.00809,0.008248249999999999,1.0066871165644173,False,False
gradient-compression,773ccccc257597721840d373c9f3e73e670a8d255c39e3a3e354a1d2571356c3,589824,1,128,0.0,0,bits-sq,8,256,4,selection_isolated,/home/jirka/research/2024/bits-knn-jpdc2024/data/application-scaling/bw01-35760924/gradient-compression-small.csv,0.00021701388888888888,30,0.067829,0.067774,0.06801175,0.39827359978770144,False,False
gradient-compression,773ccccc257597721840d373c9f3e73e670a8d255c39e3a3e354a1d2571356c3,589824,1,128,0.0,0,bits-sq,8,256,4,transform_isolated,/home/jirka/research/2024/bits-knn-jpdc2024/data/application-scaling/bw01-35760924/gradient-compression-small.csv,0.00021701388888888888,30,0.009075,0.00903,0.00914975,1.002754820936639,False,False
gradient-compression,773ccccc257597721840d373c9f3e73e670a8d255c39e3a3e354a1d2571356c3,589824,1,128,0.0,0,bits-sq,8,256,4,upload_shared,/home/jirka/research/2024/bits-knn-jpdc2024/data/application-scaling/bw01-35760924/gradient-compression-small.csv,0.00021701388888888888,1,0.14386800000000002,0.14386800000000002,0.14386800000000002,1.1389468123557702,False,False
gradient-compression,773ccccc257597721840d373c9f3e73e670a8d255c39e3a3e354a1d2571356c3,589824,1,128,0.0,0,bits-sq,8,256,7,download,/home/jirka/research/2024/bits-knn-jpdc2024/data/application-scaling/bw01-35760924/gradient-compression-small.csv,0.00021701388888888888,30,0.00867,0.00796,0.008885,0.9088811995386391,False,False
gradient-compression,773ccccc257597721840d373c9f3e73e670a8d255c39e3a3e354a1d2571356c3,589824,1,128,0.0,0,bits-sq,8,256,7,operator,/home/jirka/research/2024/bits-knn-jpdc2024/data/application-scaling/bw01-35760924/gradient-compression-small.csv,0.00021701388888888888,30,0.076014,0.07586425000000001,0.07608899999999999,0.4902978398716026,False,False
gradient-compression,773ccccc257597721840d373c9f3e73e670a8d255c39e3a3e354a1d2571356c3,589824,1,128,0.0,0,bits-sq,8,256,7,output_isolated,/home/jirka/research/2024/bits-knn-jpdc2024/data/application-scaling/bw01-35760924/gradient-compression-small.csv,0.00021701388888888888,30,0.0082695,0.008209999999999999,0.0083475,0.9921397907975088,False,False
gradient-compression,773ccccc257597721840d373c9f3e73e670a8d255c39e3a3e354a1d2571356c3,589824,1,128,0.0,0,bits-sq,8,256,7,selection_isolated,/home/jirka/research/2024/bits-knn-jpdc2024/data/application-scaling/bw01-35760924/gradient-compression-small.csv,0.00021701388888888888,30,0.06647,0.0664015,0.06659675,0.4064164284639687,False,False
gradient-compression,773ccccc257597721840d373c9f3e73e670a8d255c39e3a3e354a1d2571356c3,589824,1,128,0.0,0,bits-sq,8,256,7,transform_isolated,/home/jirka/research/2024/bits-knn-jpdc2024/data/application-scaling/bw01-35760924/gradient-compression-small.csv,0.00021701388888888888,30,0.009085,0.009007500000000002,0.0091675,1.0016510731975783,False,False
gradient-compression,773ccccc257597721840d373c9f3e73e670a8d255c39e3a3e354a1d2571356c3,589824,1,128,0.0,0,bits-sq,8,256,7,upload_shared,/home/jirka/research/2024/bits-knn-jpdc2024/data/application-scaling/bw01-35760924/gradient-compression-small.csv,0.00021701388888888888,1,0.150889,0.150889,0.150889,1.0859505994472758,False,False
gradient-compression,773ccccc257597721840d373c9f3e73e670a8d255c39e3a3e354a1d2571356c3,589824,1,128,0.0,0,bits-sq,8,256,8,download,/home/jirka/research/2024/bits-knn-jpdc2024/data/application-scaling/bw01-35760924/gradient-compression-small.csv,0.00021701388888888888,30,0.00882,0.008792500000000002,0.00886,0.8934240362811794,False,False
gradient-compression,773ccccc257597721840d373c9f3e73e670a8d255c39e3a3e354a1d2571356c3,589824,1,128,0.0,0,bits-sq,8,256,8,operator,/home/jirka/research/2024/bits-knn-jpdc2024/data/application-scaling/bw01-35760924/gradient-compression-small.csv,0.00021701388888888888,30,0.074844,0.07476474999999999,0.0750465,0.49796242851798406,False,False
gradient-compression,773ccccc257597721840d373c9f3e73e670a8d255c39e3a3e354a1d2571356c3,589824,1,128,0.0,0,bits-sq,8,256,8,output_isolated,/home/jirka/research/2024/bits-knn-jpdc2024/data/application-scaling/bw01-35760924/gradient-compression-small.csv,0.00021701388888888888,30,0.008255,0.0081725,0.0083275,0.9938824954572986,False,False
gradient-compression,773ccccc257597721840d373c9f3e73e670a8d255c39e3a3e354a1d2571356c3,589824,1,128,0.0,0,bits-sq,8,256,8,selection_isolated,/home/jirka/research/2024/bits-knn-jpdc2024/data/application-scaling/bw01-35760924/gradient-compression-small.csv,0.00021701388888888888,30,0.0653395,0.065239,0.06544725000000001,0.41344822044858015,False,False
gradient-compression,773ccccc257597721840d373c9f3e73e670a8d255c39e3a3e354a1d2571356c3,589824,1,128,0.0,0,bits-sq,8,256,8,transform_isolated,/home/jirka/research/2024/bits-knn-jpdc2024/data/application-scaling/bw01-35760924/gradient-compression-small.csv,0.00021701388888888888,30,0.0090905,0.00905925,0.009119750000000001,1.0010450470271162,False,False
gradient-compression,773ccccc257597721840d373c9f3e73e670a8d255c39e3a3e354a1d2571356c3,589824,1,128,0.0,0,bits-sq,8,256,8,upload_shared,/home/jirka/research/2024/bits-knn-jpdc2024/data/application-scaling/bw01-35760924/gradient-compression-small.csv,0.00021701388888888888,1,0.142168,0.142168,0.142168,1.1525659782792188,False,False
gradient-compression,773ccccc257597721840d373c9f3e73e670a8d255c39e3a3e354a1d2571356c3,589824,1,128,0.0,0,bits-sq,8,256,13,download,/home/jirka/research/2024/bits-knn-jpdc2024/data/application-scaling/bw01-35760924/gradient-compression-small.csv,0.00021701388888888888,30,0.00868,0.007977500000000002,0.00869,0.9078341013824887,False,False
gradient-compression,773ccccc257597721840d373c9f3e73e670a8d255c39e3a3e354a1d2571356c3,589824,1,128,0.0,0,bits-sq,8,256,13,operator,/home/jirka/research/2024/bits-knn-jpdc2024/data/application-scaling/bw01-35760924/gradient-compression-small.csv,0.00021701388888888888,30,0.0763395,0.07624425,0.07646724999999999,0.48820728456434737,False,False
gradient-compression,773ccccc257597721840d373c9f3e73e670a8d255c39e3a3e354a1d2571356c3,589824,1,128,0.0,0,bits-sq,8,256,13,output_isolated,/home/jirka/research/2024/bits-knn-jpdc2024/data/application-scaling/bw01-35760924/gradient-compression-small.csv,0.00021701388888888888,30,0.00831,0.008225,0.008374999999999999,0.9873044524669073,False,False
gradient-compression,773ccccc257597721840d373c9f3e73e670a8d255c39e3a3e354a1d2571356c3,589824,1,128,0.0,0,bits-sq,8,256,13,selection_isolated,/home/jirka/research/2024/bits-knn-jpdc2024/data/application-scaling/bw01-35760924/gradient-compression-small.csv,0.00021701388888888888,30,0.066834,0.06672225000000001,0.06695925,0.404202950594009,False,False
gradient-compression,773ccccc257597721840d373c9f3e73e670a8d255c39e3a3e354a1d2571356c3,589824,1,128,0.0,0,bits-sq,8,256,13,transform_isolated,/home/jirka/research/2024/bits-knn-jpdc2024/data/application-scaling/bw01-35760924/gradient-compression-small.csv,0.00021701388888888888,30,0.00911,0.009062500000000001,0.0091675,0.9989023051591656,False,False
gradient-compression,773ccccc257597721840d373c9f3e73e670a8d255c39e3a3e354a1d2571356c3,589824,1,128,0.0,0,bits-sq,8,256,13,upload_shared,/home/jirka/research/2024/bits-knn-jpdc2024/data/application-scaling/bw01-35760924/gradient-compression-small.csv,0.00021701388888888888,1,0.143178,0.143178,0.143178,1.1444355976476832,False,False
gradient-compression,773ccccc257597721840d373c9f3e73e670a8d255c39e3a3e354a1d2571356c3,589824,1,128,0.0,0,bits-sq,8,256,16,download,/home/jirka/research/2024/bits-knn-jpdc2024/data/application-scaling/bw01-35760924/gradient-compression-small.csv,0.00021701388888888888,30,0.008699499999999999,0.00808,0.008828250000000001,0.9057991838611418,False,False
gradient-compression,773ccccc257597721840d373c9f3e73e670a8d255c39e3a3e354a1d2571356c3,589824,1,128,0.0,0,bits-sq,8,256,16,operator,/home/jirka/research/2024/bits-knn-jpdc2024/data/application-scaling/bw01-35760924/gradient-compression-small.csv,0.00021701388888888888,30,0.08097399999999999,0.0807865,0.08110400000000001,0.4602650233408255,False,False
gradient-compression,773ccccc257597721840d373c9f3e73e670a8d255c39e3a3e354a1d2571356c3,589824,1,128,0.0,0,bits-sq,8,256,16,output_isolated,/home/jirka/research/2024/bits-knn-jpdc2024/data/application-scaling/bw01-35760924/gradient-compression-small.csv,0.00021701388888888888,30,0.008209999999999999,0.00814475,0.0082775,0.9993300852618759,False,False
gradient-compression,773ccccc257597721840d373c9f3e73e670a8d255c39e3a3e354a1d2571356c3,589824,1,128,0.0,0,bits-sq,8,256,16,selection_isolated,/home/jirka/research/2024/bits-knn-jpdc2024/data/application-scaling/bw01-35760924/gradient-compression-small.csv,0.00021701388888888888,30,0.07144400000000001,0.07135425,0.0716665,0.37812132579362856,False,False
gradient-compression,773ccccc257597721840d373c9f3e73e670a8d255c39e3a3e354a1d2571356c3,589824,1,128,0.0,0,bits-sq,8,256,16,transform_isolated,/home/jirka/research/2024/bits-knn-jpdc2024/data/application-scaling/bw01-35760924/gradient-compression-small.csv,0.00021701388888888888,30,0.00909,0.00900925,0.00917975,1.0011001100110009,False,False
gradient-compression,773ccccc257597721840d373c9f3e73e670a8d255c39e3a3e354a1d2571356c3,589824,1,128,0.0,0,bits-sq,8,256,16,upload_shared,/home/jirka/research/2024/bits-knn-jpdc2024/data/application-scaling/bw01-35760924/gradient-compression-small.csv,0.00021701388888888888,1,0.144379,0.144379,0.144379,1.1349157425941443,False,False
gradient-compression,773ccccc257597721840d373c9f3e73e670a8d255c39e3a3e354a1d2571356c3,589824,1,128,0.0,0,bits-sq,8,512,4,download,/home/jirka/research/2024/bits-knn-jpdc2024/data/application-scaling/bw01-35760924/gradient-compression-small.csv,0.00021701388888888888,30,0.00878,0.008689249999999999,0.00884,0.8974943052391802,False,False
gradient-compression,773ccccc257597721840d373c9f3e73e670a8d255c39e3a3e354a1d2571356c3,589824,1,128,0.0,0,bits-sq,8,512,4,operator,/home/jirka/research/2024/bits-knn-jpdc2024/data/application-scaling/bw01-35760924/gradient-compression-small.csv,0.00021701388888888888,30,0.0657495,0.06566250000000001,0.06586175,0.5668408124776614,False,False
gradient-compression,773ccccc257597721840d373c9f3e73e670a8d255c39e3a3e354a1d2571356c3,589824,1,128,0.0,0,bits-sq,8,512,4,output_isolated,/home/jirka/research/2024/bits-knn-jpdc2024/data/application-scaling/bw01-35760924/gradient-compression-small.csv,0.00021701388888888888,30,0.008209999999999999,0.008147499999999998,0.00834,0.9993300852618759,False,False
gradient-compression,773ccccc257597721840d373c9f3e73e670a8d255c39e3a3e354a1d2571356c3,589824,1,128,0.0,0,bits-sq,8,512,4,selection_isolated,/home/jirka/research/2024/bits-knn-jpdc2024/data/application-scaling/bw01-35760924/gradient-compression-small.csv,0.00021701388888888888,30,0.056348999999999996,0.0562125,0.05643425,0.4794140091217236,False,False
gradient-compression,773ccccc257597721840d373c9f3e73e670a8d255c39e3a3e354a1d2571356c3,589824,1,128,0.0,0,bits-sq,8,512,4,transform_isolated,/home/jirka/research/2024/bits-knn-jpdc2024/data/application-scaling/bw01-35760924/gradient-compression-small.csv,0.00021701388888888888,30,0.009099999999999999,0.00904,0.0092175,1.0,False,False
gradient-compression,773ccccc257597721840d373c9f3e73e670a8d255c39e3a3e354a1d2571356c3,589824,1,128,0.0,0,bits-sq,8,512,4,upload_shared,/home/jirka/research/2024/bits-knn-jpdc2024/data/application-scaling/bw01-35760924/gradient-compression-small.csv,0.00021701388888888888,1,0.145788,0.145788,0.145788,1.1239471012703375,False,False
gradient-compression,773ccccc257597721840d373c9f3e73e670a8d255c39e3a3e354a1d2571356c3,589824,1,128,0.0,0,bits-sq,8,512,7,download,/home/jirka/research/2024/bits-knn-jpdc2024/data/application-scaling/bw01-35760924/gradient-compression-small.csv,0.00021701388888888888,30,0.00878,0.0087,0.00884,0.8974943052391802,False,False
gradient-compression,773ccccc257597721840d373c9f3e73e670a8d255c39e3a3e354a1d2571356c3,589824,1,128,0.0,0,bits-sq,8,512,7,operator,/home/jirka/research/2024/bits-knn-jpdc2024/data/application-scaling/bw01-35760924/gradient-compression-small.csv,0.00021701388888888888,30,0.06375449999999999,0.06364225,0.0638165,0.5845783434894792,False,False
gradient-compression,773ccccc257597721840d373c9f3e73e670a8d255c39e3a3e354a1d2571356c3,589824,1,128,0.0,0,bits-sq,8,512,7,output_isolated,/home/jirka/research/2024/bits-knn-jpdc2024/data/application-scaling/bw01-35760924/gradient-compression-small.csv,0.00021701388888888888,30,0.008215,0.00817,0.0082875,0.9987218502738893,False,False
gradient-compression,773ccccc257597721840d373c9f3e73e670a8d255c39e3a3e354a1d2571356c3,589824,1,128,0.0,0,bits-sq,8,512,7,selection_isolated,/home/jirka/research/2024/bits-knn-jpdc2024/data/application-scaling/bw01-35760924/gradient-compression-small.csv,0.00021701388888888888,30,0.0542495,0.054183999999999996,0.05430975,0.4979677232048222,False,False
gradient-compression,773ccccc257597721840d373c9f3e73e670a8d255c39e3a3e354a1d2571356c3,589824,1,128,0.0,0,bits-sq,8,512,7,transform_isolated,/home/jirka/research/2024/bits-knn-jpdc2024/data/application-scaling/bw01-35760924/gradient-compression-small.csv,0.00021701388888888888,30,0.009104999999999999,0.009045,0.0091675,0.99945085118067,False,False
gradient-compression,773ccccc257597721840d373c9f3e73e670a8d255c39e3a3e354a1d2571356c3,589824,1,128,0.0,0,bits-sq,8,512,7,upload_shared,/home/jirka/research/2024/bits-knn-jpdc2024/data/application-scaling/bw01-35760924/gradient-compression-small.csv,0.00021701388888888888,1,0.148788,0.148788,0.148788,1.101285049869613,False,False
gradient-compression,773ccccc257597721840d373c9f3e73e670a8d255c39e3a3e354a1d2571356c3,589824,1,128,0.0,0,bits-sq,8,512,8,download,/home/jirka/research/2024/bits-knn-jpdc2024/data/application-scaling/bw01-35760924/gradient-compression-small.csv,0.00021701388888888888,30,0.008709999999999999,0.007965,0.0089,0.9047072330654423,False,False
gradient-compression,773ccccc257597721840d373c9f3e73e670a8d255c39e3a3e354a1d2571356c3,589824,1,128,0.0,0,bits-sq,8,512,8,operator,/home/jirka/research/2024/bits-knn-jpdc2024/data/application-scaling/bw01-35760924/gradient-compression-small.csv,0.00021701388888888888,30,0.0639145,0.06368399999999999,0.06403900000000001,0.5831149426186546,False,False
gradient-compression,773ccccc257597721840d373c9f3e73e670a8d255c39e3a3e354a1d2571356c3,589824,1,128,0.0,0,bits-sq,8,512,8,output_isolated,/home/jirka/research/2024/bits-knn-jpdc2024/data/application-scaling/bw01-35760924/gradient-compression-small.csv,0.00021701388888888888,30,0.008185,0.0080825,0.008347499999999999,1.0023824068417837,False,False
gradient-compression,773ccccc257597721840d373c9f3e73e670a8d255c39e3a3e354a1d2571356c3,589824,1,128,0.0,0,bits-sq,8,512,8,selection_isolated,/home/jirka/research/2024/bits-knn-jpdc2024/data/application-scaling/bw01-35760924/gradient-compression-small.csv,0.00021701388888888888,30,0.054345000000000004,0.054282500000000004,0.05444750000000001,0.4970926488177385,False,False
gradient-compression,773ccccc257597721840d373c9f3e73e670a8d255c39e3a3e354a1d2571356c3,589824,1,128,0.0,0,bits-sq,8,512,8,transform_isolated,/home/jirka/research/2024/bits-knn-jpdc2024/data/application-scaling/bw01-35760924/gradient-compression-small.csv,0.00021701388888888888,30,0.00904,0.008965,0.0091175,1.0066371681415929,False,False
gradient-compression,773ccccc257597721840d373c9f3e73e670a8d255c39e3a3e354a1d2571356c3,589824,1,128,0.0,0,bits-sq,8,512,8,upload_shared,/home/jirka/research/2024/bits-knn-jpdc2024/data/application-scaling/bw01-35760924/gradient-compression-small.csv,0.00021701388888888888,1,0.153318,0.153318,0.153318,1.068746005035286,False,False
gradient-compression,773ccccc257597721840d373c9f3e73e670a8d255c39e3a3e354a1d2571356c3,589824,1,128,0.0,0,bits-sq,8,512,13,download,/home/jirka/research/2024/bits-knn-jpdc2024/data/application-scaling/bw01-35760924/gradient-compression-small.csv,0.00021701388888888888,30,0.00872,0.00869,0.00885975,0.9036697247706423,False,False
gradient-compression,773ccccc257597721840d373c9f3e73e670a8d255c39e3a3e354a1d2571356c3,589824,1,128,0.0,0,bits-sq,8,512,13,operator,/home/jirka/research/2024/bits-knn-jpdc2024/data/application-scaling/bw01-35760924/gradient-compression-small.csv,0.00021701388888888888,30,0.069899,0.06666224999999999,0.07003675000000001,0.533190746648736,False,False
gradient-compression,773ccccc257597721840d373c9f3e73e670a8d255c39e3a3e354a1d2571356c3,589824,1,128,0.0,0,bits-sq,8,512,13,output_isolated,/home/jirka/research/2024/bits-knn-jpdc2024/data/application-scaling/bw01-35760924/gradient-compression-small.csv,0.00021701388888888888,30,0.0082445,0.00816,0.008335,0.9951482806719631,False,False
gradient-compression,773ccccc257597721840d373c9f3e73e670a8d255c39e3a3e354a1d2571356c3,589824,1,128,0.0,0,bits-sq,8,512,13,selection_isolated,/home/jirka/research/2024/bits-knn-jpdc2024/data/application-scaling/bw01-35760924/gradient-compression-small.csv,0.00021701388888888888,30,0.058024000000000006,0.057158999999999995,0.06051725,0.4655745898249,False,False
gradient-compression,773ccccc257597721840d373c9f3e73e670a8d255c39e3a3e354a1d2571356c3,589824,1,128,0.0,0,bits-sq,8,512,13,transform_isolated,/home/jirka/research/2024/bits-knn-jpdc2024/data/application-scaling/bw01-35760924/gradient-compression-small.csv,0.00021701388888888888,30,0.00914,0.009035,0.0091975,0.9956236323851202,False,False
gradient-compression,773ccccc257597721840d373c9f3e73e670a8d255c39e3a3e354a1d2571356c3,589824,1,128,0.0,0,bits-sq,8,512,13,upload_shared,/home/jirka/research/2024/bits-knn-jpdc2024/data/application-scaling/bw01-35760924/gradient-compression-small.csv,0.00021701388888888888,1,0.145128,0.145128,0.145128,1.1290584863017472,False,False
gradient-compression,773ccccc257597721840d373c9f3e73e670a8d255c39e3a3e354a1d2571356c3,589824,1,128,0.0,0,bits-sq,8,512,16,download,/home/jirka/research/2024/bits-knn-jpdc2024/data/application-scaling/bw01-35760924/gradient-compression-small.csv,0.00021701388888888888,30,0.008435,0.007907500000000001,0.00873,0.9342027267338473,False,False
gradient-compression,773ccccc257597721840d373c9f3e73e670a8d255c39e3a3e354a1d2571356c3,589824,1,128,0.0,0,bits-sq,8,512,16,operator,/home/jirka/research/2024/bits-knn-jpdc2024/data/application-scaling/bw01-35760924/gradient-compression-small.csv,0.00021701388888888888,30,0.06987399999999999,0.0697515,0.07006174999999999,0.5333815152989667,False,False
gradient-compression,773ccccc257597721840d373c9f3e73e670a8d255c39e3a3e354a1d2571356c3,589824,1,128,0.0,0,bits-sq,8,512,16,output_isolated,/home/jirka/research/2024/bits-knn-jpdc2024/data/application-scaling/bw01-35760924/gradient-compression-small.csv,0.00021701388888888888,30,0.00824,0.0081425,0.008415,0.9956917475728154,False,False
gradient-compression,773ccccc257597721840d373c9f3e73e670a8d255c39e3a3e354a1d2571356c3,589824,1,128,0.0,0,bits-sq,8,512,16,selection_isolated,/home/jirka/research/2024/bits-knn-jpdc2024/data/application-scaling/bw01-35760924/gradient-compression-small.csv,0.00021701388888888888,30,0.0603,0.060203999999999994,0.06036675,0.4480016583747927,False,False
gradient-compression,773ccccc257597721840d373c9f3e73e670a8d255c39e3a3e354a1d2571356c3,589824,1,128,0.0,0,bits-sq,8,512,16,transform_isolated,/home/jirka/research/2024/bits-knn-jpdc2024/data/application-scaling/bw01-35760924/gradient-compression-small.csv,0.00021701388888888888,30,0.0090995,0.00903,0.009147500000000001,1.00005494807407,False,False
gradient-compression,773ccccc257597721840d373c9f3e73e670a8d255c39e3a3e354a1d2571356c3,589824,1,128,0.0,0,bits-sq,8,512,16,upload_shared,/home/jirka/research/2024/bits-knn-jpdc2024/data/application-scaling/bw01-35760924/gradient-compression-small.csv,0.00021701388888888888,1,0.16385799999999998,0.16385799999999998,0.16385799999999998,1.0,False,False
gradient-compression,773ccccc257597721840d373c9f3e73e670a8d255c39e3a3e354a1d2571356c3,589824,1,128,0.0,0,bits-sq,32,128,4,download,/home/jirka/research/2024/bits-knn-jpdc2024/data/application-scaling/bw01-35760924/gradient-compression-small.csv,0.00021701388888888888,30,0.00883,0.00882,0.00885,0.8924122310305779,False,False
gradient-compression,773ccccc257597721840d373c9f3e73e670a8d255c39e3a3e354a1d2571356c3,589824,1,128,0.0,0,bits-sq,32,128,4,operator,/home/jirka/research/2024/bits-knn-jpdc2024/data/application-scaling/bw01-35760924/gradient-compression-small.csv,0.00021701388888888888,30,0.073149,0.073044,0.073269,0.5095011551764207,False,False
gradient-compression,773ccccc257597721840d373c9f3e73e670a8d255c39e3a3e354a1d2571356c3,589824,1,128,0.0,0,bits-sq,32,128,4,output_isolated,/home/jirka/research/2024/bits-knn-jpdc2024/data/application-scaling/bw01-35760924/gradient-compression-small.csv,0.00021701388888888888,30,0.008285,0.008175,0.008379999999999999,0.9902836451418224,False,False
gradient-compression,773ccccc257597721840d373c9f3e73e670a8d255c39e3a3e354a1d2571356c3,589824,1,128,0.0,0,bits-sq,32,128,4,selection_isolated,/home/jirka/research/2024/bits-knn-jpdc2024/data/application-scaling/bw01-35760924/gradient-compression-small.csv,0.00021701388888888888,30,0.063649,0.0635415,0.06375399999999999,0.42442929189775175,False,False
gradient-compression,773ccccc257597721840d373c9f3e73e670a8d255c39e3a3e354a1d2571356c3,589824,1,128,0.0,0,bits-sq,32,128,4,transform_isolated,/home/jirka/research/2024/bits-knn-jpdc2024/data/application-scaling/bw01-35760924/gradient-compression-small.csv,0.00021701388888888888,30,0.00907,0.0089925,0.009127500000000002,1.0033076074972436,False,False
gradient-compression,773ccccc257597721840d373c9f3e73e670a8d255c39e3a3e354a1d2571356c3,589824,1,128,0.0,0,bits-sq,32,128,4,upload_shared,/home/jirka/research/2024/bits-knn-jpdc2024/data/application-scaling/bw01-35760924/gradient-compression-small.csv,0.00021701388888888888,1,0.150968,0.150968,0.150968,1.0853823326797731,False,False
gradient-compression,773ccccc257597721840d373c9f3e73e670a8d255c39e3a3e354a1d2571356c3,589824,1,128,0.0,0,bits-sq,32,128,7,download,/home/jirka/research/2024/bits-knn-jpdc2024/data/application-scaling/bw01-35760924/gradient-compression-small.csv,0.00021701388888888888,30,0.008855,0.00884,0.008950749999999999,0.8898927159796727,False,False
gradient-compression,773ccccc257597721840d373c9f3e73e670a8d255c39e3a3e354a1d2571356c3,589824,1,128,0.0,0,bits-sq,32,128,7,operator,/home/jirka/research/2024/bits-knn-jpdc2024/data/application-scaling/bw01-35760924/gradient-compression-small.csv,0.00021701388888888888,30,0.0718045,0.07173225,0.0718765,0.519041285713291,False,False
gradient-compression,773ccccc257597721840d373c9f3e73e670a8d255c39e3a3e354a1d2571356c3,589824,1,128,0.0,0,bits-sq,32,128,7,output_isolated,/home/jirka/research/2024/bits-knn-jpdc2024/data/application-scaling/bw01-35760924/gradient-compression-small.csv,0.00021701388888888888,30,0.008425,0.00833425,0.0085,0.9738278931750741,False,False
gradient-compression,773ccccc257597721840d373c9f3e73e670a8d255c39e3a3e354a1d2571356c3,589824,1,128,0.0,0,bits-sq,32,128,7,selection_isolated,/home/jirka/research/2024/bits-knn-jpdc2024/data/application-scaling/bw01-35760924/gradient-compression-small.csv,0.00021701388888888888,30,0.0621245,0.062081750000000005,0.0622365,0.4348445460325637,False,False
gradient-compression,773ccccc257597721840d373c9f3e73e670a8d255c39e3a3e354a1d2571356c3,589824,1,128,0.0,0,bits-sq,32,128,7,transform_isolated,/home/jirka/research/2024/bits-knn-jpdc2024/data/application-scaling/bw01-35760924/gradient-compression-small.csv,0.00021701388888888888,30,0.00932,0.0092725,0.0094475,0.9763948497854076,False,False
gradient-compression,773ccccc257597721840d373c9f3e73e670a8d255c39e3a3e354a1d2571356c3,589824,1,128,0.0,0,bits-sq,32,128,7,upload_shared,/home/jirka/research/2024/bits-knn-jpdc2024/data/application-scaling/bw01-35760924/gradient-compression-small.csv,0.00021701388888888888,1,0.147438,0.147438,0.147438,1.1113688465660139,False,False
gradient-compression,773ccccc257597721840d373c9f3e73e670a8d255c39e3a3e354a1d2571356c3,589824,1,128,0.0,0,bits-sq,32,128,8,download,/home/jirka/research/2024/bits-knn-jpdc2024/data/application-scaling/bw01-35760924/gradient-compression-small.csv,0.00021701388888888888,30,0.00882,0.00872725,0.00884,0.8934240362811794,False,False
gradient-compression,773ccccc257597721840d373c9f3e73e670a8d255c39e3a3e354a1d2571356c3,589824,1,128,0.0,0,bits-sq,32,128,8,operator,/home/jirka/research/2024/bits-knn-jpdc2024/data/application-scaling/bw01-35760924/gradient-compression-small.csv,0.00021701388888888888,30,0.0708645,0.07068150000000001,0.07102175,0.5259262395134376,False,False
gradient-compression,773ccccc257597721840d373c9f3e73e670a8d255c39e3a3e354a1d2571356c3,589824,1,128,0.0,0,bits-sq,32,128,8,output_isolated,/home/jirka/research/2024/bits-knn-jpdc2024/data/application-scaling/bw01-35760924/gradient-compression-small.csv,0.00021701388888888888,30,0.008199999999999999,0.00809,0.00834975,1.000548780487805,False,False
gradient-compression,773ccccc257597721840d373c9f3e73e670a8d255c39e3a3e354a1d2571356c3,589824,1,128,0.0,0,bits-sq,32,128,8,selection_isolated,/home/jirka/research/2024/bits-knn-jpdc2024/data/application-scaling/bw01-35760924/gradient-compression-small.csv,0.00021701388888888888,30,0.061488999999999995,0.061366500000000004,0.06159675,0.4393387435151003,False,False
gradient-compression,773ccccc257597721840d373c9f3e73e670a8d255c39e3a3e354a1d2571356c3,589824,1,128,0.0,0,bits-sq,32,128,8,transform_isolated,/home/jirka/research/2024/bits-knn-jpdc2024/data/application-scaling/bw01-35760924/gradient-compression-small.csv,0.00021701388888888888,30,0.009089999999999999,0.00894225,0.00915775,1.001100110011001,False,False
gradient-compression,773ccccc257597721840d373c9f3e73e670a8d255c39e3a3e354a1d2571356c3,589824,1,128,0.0,0,bits-sq,32,128,8,upload_shared,/home/jirka/research/2024/bits-knn-jpdc2024/data/application-scaling/bw01-35760924/gradient-compression-small.csv,0.00021701388888888888,1,0.146039,0.146039,0.146039,1.1220153520634897,False,False
gradient-compression,773ccccc257597721840d373c9f3e73e670a8d255c39e3a3e354a1d2571356c3,589824,1,128,0.0,0,bits-sq,32,128,13,download,/home/jirka/research/2024/bits-knn-jpdc2024/data/application-scaling/bw01-35760924/gradient-compression-small.csv,0.00021701388888888888,30,0.008779499999999999,0.008625,0.00885,0.8975454183040039,False,False
gradient-compression,773ccccc257597721840d373c9f3e73e670a8d255c39e3a3e354a1d2571356c3,589824,1,128,0.0,0,bits-sq,32,128,13,operator,/home/jirka/research/2024/bits-knn-jpdc2024/data/application-scaling/bw01-35760924/gradient-compression-small.csv,0.00021701388888888888,30,0.079849,0.079754,0.079979,0.4667497401345038,False,False
gradient-compression,773ccccc257597721840d373c9f3e73e670a8d255c39e3a3e354a1d2571356c3,589824,1,128,0.0,0,bits-sq,32,128,13,output_isolated,/home/jirka/research/2024/bits-knn-jpdc2024/data/application-scaling/bw01-35760924/gradient-compression-small.csv,0.00021701388888888888,30,0.008255,0.00817325,0.008337500000000001,0.9938824954572986,False,False
gradient-compression,773ccccc257597721840d373c9f3e73e670a8d255c39e3a3e354a1d2571356c3,589824,1,128,0.0,0,bits-sq,32,128,13,selection_isolated,/home/jirka/research/2024/bits-knn-jpdc2024/data/application-scaling/bw01-35760924/gradient-compression-small.csv,0.00021701388888888888,30,0.070359,0.07020925,0.07046675,0.38395230176665385,False,False
gradient-compression,773ccccc257597721840d373c9f3e73e670a8d255c39e3a3e354a1d2571356c3,589824,1,128,0.0,0,bits-sq,32,128,13,transform_isolated,/home/jirka/research/2024/bits-knn-jpdc2024/data/application-scaling/bw01-35760924/gradient-compression-small.csv,0.00021701388888888888,30,0.009065,0.00899525,0.0091375,1.0038610038610036,False,False
gradient-compression,773ccccc257597721840d373c9f3e73e670a8d255c39e3a3e354a1d2571356c3,589824,1,128,0.0,0,bits-sq,32,128,13,upload_shared,/home/jirka/research/2024/bits-knn-jpdc2024/data/application-scaling/bw01-35760924/gradient-compression-small.csv,0.00021701388888888888,1,0.14568799999999998,0.14568799999999998,0.14568799999999998,1.1247185766844214,False,False
gradient-compression,773ccccc257597721840d373c9f3e73e670a8d255c39e3a3e354a1d2571356c3,589824,1,128,0.0,0,bits-sq,32,128,16,download,/home/jirka/research/2024/bits-knn-jpdc2024/data/application-scaling/bw01-35760924/gradient-compression-small.csv,0.00021701388888888888,30,0.00883,0.00882,0.008895,0.8924122310305779,False,False
gradient-compression,773ccccc257597721840d373c9f3e73e670a8d255c39e3a3e354a1d2571356c3,589824,1,128,0.0,0,bits-sq,32,128,16,operator,/home/jirka/research/2024/bits-knn-jpdc2024/data/application-scaling/bw01-35760924/gradient-compression-small.csv,0.00021701388888888888,30,0.086639,0.08651149999999999,0.08669650000000001,0.4301700158127402,False,False
gradient-compression,773ccccc257597721840d373c9f3e73e670a8d255c39e3a3e354a1d2571356c3,589824,1,128,0.0,0,bits-sq,32,128,16,output_isolated,/home/jirka/research/2024/bits-knn-jpdc2024/data/application-scaling/bw01-35760924/gradient-compression-small.csv,0.00021701388888888888,30,0.008285,0.0081775,0.008366750000000001,0.9902836451418224,False,False
gradient-compression,773ccccc257597721840d373c9f3e73e670a8d255c39e3a3e354a1d2571356c3,589824,1,128,0.0,0,bits-sq,32,128,16,selection_isolated,/home/jirka/research/2024/bits-knn-jpdc2024/data/application-scaling/bw01-35760924/gradient-compression-small.csv,0.00021701388888888888,30,0.07710449999999999,0.0769715,0.07718975,0.3503621708201208,False,False
gradient-compression,773ccccc257597721840d373c9f3e73e670a8d255c39e3a3e354a1d2571356c3,589824,1,128,0.0,0,bits-sq,32,128,16,transform_isolated,/home/jirka/research/2024/bits-knn-jpdc2024/data/application-scaling/bw01-35760924/gradient-compression-small.csv,0.00021701388888888888,30,0.009135,0.00907,0.00921,0.9961685823754787,False,False
gradient-compression,773ccccc257597721840d373c9f3e73e670a8d255c39e3a3e354a1d2571356c3,589824,1,128,0.0,0,bits-sq,32,128,16,upload_shared,/home/jirka/research/2024/bits-knn-jpdc2024/data/application-scaling/bw01-35760924/gradient-compression-small.csv,0.00021701388888888888,1,0.152098,0.152098,0.152098,1.0773185709213795,False,False
gradient-compression,773ccccc257597721840d373c9f3e73e670a8d255c39e3a3e354a1d2571356c3,589824,1,128,0.0,0,bits-sq,32,256,4,download,/home/jirka/research/2024/bits-knn-jpdc2024/data/application-scaling/bw01-35760924/gradient-compression-small.csv,0.00021701388888888888,30,0.00883,0.0087125,0.008865,0.8924122310305779,False,False
gradient-compression,773ccccc257597721840d373c9f3e73e670a8d255c39e3a3e354a1d2571356c3,589824,1,128,0.0,0,bits-sq,32,256,4,operator,/home/jirka/research/2024/bits-knn-jpdc2024/data/application-scaling/bw01-35760924/gradient-compression-small.csv,0.00021701388888888888,30,0.0556295,0.05552925,0.055779749999999996,0.6699592841927394,False,False
gradient-compression,773ccccc257597721840d373c9f3e73e670a8d255c39e3a3e354a1d2571356c3,589824,1,128,0.0,0,bits-sq,32,256,4,output_isolated,/home/jirka/research/2024/bits-knn-jpdc2024/data/application-scaling/bw01-35760924/gradient-compression-small.csv,0.00021701388888888888,30,0.008204999999999999,0.00817,0.00827975,0.9999390615478368,False,False
gradient-compression,773ccccc257597721840d373c9f3e73e670a8d255c39e3a3e354a1d2571356c3,589824,1,128,0.0,0,bits-sq,32,256,4,selection_isolated,/home/jirka/research/2024/bits-knn-jpdc2024/data/application-scaling/bw01-35760924/gradient-compression-small.csv,0.00021701388888888888,30,0.0461445,0.046002249999999995,0.0463215,0.5854327167918171,False,False
gradient-compression,773ccccc257597721840d373c9f3e73e670a8d255c39e3a3e354a1d2571356c3,589824,1,128,0.0,0,bits-sq,32,256,4,transform_isolated,/home/jirka/research/2024/bits-knn-jpdc2024/data/application-scaling/bw01-35760924/gradient-compression-small.csv,0.00021701388888888888,30,0.009055,0.00898,0.0090975,1.0049696300386526,False,False
gradient-compression,773ccccc257597721840d373c9f3e73e670a8d255c39e3a3e354a1d2571356c3,589824,1,128,0.0,0,bits-sq,32,256,4,upload_shared,/home/jirka/research/2024/bits-knn-jpdc2024/data/application-scaling/bw01-35760924/gradient-compression-small.csv,0.00021701388888888888,1,0.145919,0.145919,0.145919,1.1229380683804027,False,False
gradient-compression,773ccccc257597721840d373c9f3e73e670a8d255c39e3a3e354a1d2571356c3,589824,1,128,0.0,0,bits-sq,32,256,7,download,/home/jirka/research/2024/bits-knn-jpdc2024/data/application-scaling/bw01-35760924/gradient-compression-small.csv,0.00021701388888888888,30,0.00872,0.0087,0.0088375,0.9036697247706423,False,False
gradient-compression,773ccccc257597721840d373c9f3e73e670a8d255c39e3a3e354a1d2571356c3,589824,1,128,0.0,0,bits-sq,32,256,7,operator,/home/jirka/research/2024/bits-knn-jpdc2024/data/application-scaling/bw01-35760924/gradient-compression-small.csv,0.00021701388888888888,30,0.058614,0.058521500000000004,0.058717250000000006,0.6358463848227386,False,False
gradient-compression,773ccccc257597721840d373c9f3e73e670a8d255c39e3a3e354a1d2571356c3,589824,1,128,0.0,0,bits-sq,32,256,7,output_isolated,/home/jirka/research/2024/bits-knn-jpdc2024/data/application-scaling/bw01-35760924/gradient-compression-small.csv,0.00021701388888888888,30,0.0083,0.00822,0.008369999999999999,0.9884939759036144,False,False
gradient-compression,773ccccc257597721840d373c9f3e73e670a8d255c39e3a3e354a1d2571356c3,589824,1,128,0.0,0,bits-sq,32,256,7,selection_isolated,/home/jirka/research/2024/bits-knn-jpdc2024/data/application-scaling/bw01-35760924/gradient-compression-small.csv,0.00021701388888888888,30,0.049025,0.04895225,0.049107500000000005,0.5510351861295257,False,False
gradient-compression,773ccccc257597721840d373c9f3e73e670a8d255c39e3a3e354a1d2571356c3,589824,1,128,0.0,0,bits-sq,32,256,7,transform_isolated,/home/jirka/research/2024/bits-knn-jpdc2024/data/application-scaling/bw01-35760924/gradient-compression-small.csv,0.00021701388888888888,30,0.009115000000000002,0.009049999999999999,0.0092175,0.9983543609434994,False,False
gradient-compression,773ccccc257597721840d373c9f3e73e670a8d255c39e3a3e354a1d2571356c3,589824,1,128,0.0,0,bits-sq,32,256,7,upload_shared,/home/jirka/research/2024/bits-knn-jpdc2024/data/application-scaling/bw01-35760924/gradient-compression-small.csv,0.00021701388888888888,1,0.14349900000000002,0.14349900000000002,0.14349900000000002,1.1418755531397429,False,False
gradient-compression,773ccccc257597721840d373c9f3e73e670a8d255c39e3a3e354a1d2571356c3,589824,1,128,0.0,0,bits-sq,32,256,8,download,/home/jirka/research/2024/bits-knn-jpdc2024/data/application-scaling/bw01-35760924/gradient-compression-small.csv,0.00021701388888888888,30,0.008695,0.00868,0.0088375,0.9062679700977575,False,False
gradient-compression,773ccccc257597721840d373c9f3e73e670a8d255c39e3a3e354a1d2571356c3,589824,1,128,0.0,0,bits-sq,32,256,8,operator,/home/jirka/research/2024/bits-knn-jpdc2024/data/application-scaling/bw01-35760924/gradient-compression-small.csv,0.00021701388888888888,30,0.059969999999999996,0.059604000000000004,0.060274,0.621469067867267,False,False
gradient-compression,773ccccc257597721840d373c9f3e73e670a8d255c39e3a3e354a1d2571356c3,589824,1,128,0.0,0,bits-sq,32,256,8,output_isolated,/home/jirka/research/2024/bits-knn-jpdc2024/data/application-scaling/bw01-35760924/gradient-compression-small.csv,0.00021701388888888888,30,0.008285,0.00820175,0.00843,0.9902836451418224,False,False
gradient-compression,773ccccc257597721840d373c9f3e73e670a8d255c39e3a3e354a1d2571356c3,589824,1,128,0.0,0,bits-sq,32,256,8,selection_isolated,/home/jirka/research/2024/bits-knn-jpdc2024/data/application-scaling/bw01-35760924/gradient-compression-small.csv,0.00021701388888888888,30,0.0501945,0.049999249999999995,0.050759,0.5381964159419856,False,False
gradient-compression,773ccccc257597721840d373c9f3e73e670a8d255c39e3a3e354a1d2571356c3,589824,1,128,0.0,0,bits-sq,32,256,8,transform_isolated,/home/jirka/research/2024/bits-knn-jpdc2024/data/application-scaling/bw01-35760924/gradient-compression-small.csv,0.00021701388888888888,30,0.0090945,0.009007500000000002,0.00914,1.0006047611193576,False,False
gradient-compression,773ccccc257597721840d373c9f3e73e670a8d255c39e3a3e354a1d2571356c3,589824,1,128,0.0,0,bits-sq,32,256,8,upload_shared,/home/jirka/research/2024/bits-knn-jpdc2024/data/application-scaling/bw01-35760924/gradient-compression-small.csv,0.00021701388888888888,1,0.152798,0.152798,0.152798,1.0723831463762614,False,False
gradient-compression,773ccccc257597721840d373c9f3e73e670a8d255c39e3a3e354a1d2571356c3,589824,1,128,0.0,0,bits-sq,32,256,13,download,/home/jirka/research/2024/bits-knn-jpdc2024/data/application-scaling/bw01-35760924/gradient-compression-small.csv,0.00021701388888888888,30,0.00869,0.00867,0.0088025,0.9067894131185272,False,False
gradient-compression,773ccccc257597721840d373c9f3e73e670a8d255c39e3a3e354a1d2571356c3,589824,1,128,0.0,0,bits-sq,32,256,13,operator,/home/jirka/research/2024/bits-knn-jpdc2024/data/application-scaling/bw01-35760924/gradient-compression-small.csv,0.00021701388888888888,30,0.07183400000000001,0.07171649999999999,0.071949,0.5188281315254614,False,False
gradient-compression,773ccccc257597721840d373c9f3e73e670a8d255c39e3a3e354a1d2571356c3,589824,1,128,0.0,0,bits-sq,32,256,13,output_isolated,/home/jirka/research/2024/bits-knn-jpdc2024/data/application-scaling/bw01-35760924/gradient-compression-small.csv,0.00021701388888888888,30,0.00826,0.00820225,0.008365,0.9932808716707022,False,False
gradient-compression,773ccccc257597721840d373c9f3e73e670a8d255c39e3a3e354a1d2571356c3,589824,1,128,0.0,0,bits-sq,32,256,13,selection_isolated,/home/jirka/research/2024/bits-knn-jpdc2024/data/application-scaling/bw01-35760924/gradient-compression-small.csv,0.00021701388888888888,30,0.062304,0.0621815,0.062394000000000005,0.43359174370826914,False,False
gradient-compression,773ccccc257597721840d373c9f3e73e670a8d255c39e3a3e354a1d2571356c3,589824,1,128,0.0,0,bits-sq,32,256,13,transform_isolated,/home/jirka/research/2024/bits-knn-jpdc2024/data/application-scaling/bw01-35760924/gradient-compression-small.csv,0.00021701388888888888,30,0.009115000000000002,0.00900225,0.00918,0.9983543609434994,False,False
gradient-compression,773ccccc257597721840d373c9f3e73e670a8d255c39e3a3e354a1d2571356c3,589824,1,128,0.0,0,bits-sq,32,256,13,upload_shared,/home/jirka/research/2024/bits-knn-jpdc2024/data/application-scaling/bw01-35760924/gradient-compression-small.csv,0.00021701388888888888,1,0.13916800000000001,0.13916800000000001,0.13916800000000001,1.1774114739020463,False,False
gradient-compression,773ccccc257597721840d373c9f3e73e670a8d255c39e3a3e354a1d2571356c3,589824,1,128,0.0,0,bits-sq,32,256,16,download,/home/jirka/research/2024/bits-knn-jpdc2024/data/application-scaling/bw01-35760924/gradient-compression-small.csv,0.00021701388888888888,30,0.00882,0.0087125,0.00887,0.8934240362811794,False,False
gradient-compression,773ccccc257597721840d373c9f3e73e670a8d255c39e3a3e354a1d2571356c3,589824,1,128,0.0,0,bits-sq,32,256,16,operator,/home/jirka/research/2024/bits-knn-jpdc2024/data/application-scaling/bw01-35760924/gradient-compression-small.csv,0.00021701388888888888,30,0.076609,0.07653475000000001,0.07675425,0.486489838008589,False,False
gradient-compression,773ccccc257597721840d373c9f3e73e670a8d255c39e3a3e354a1d2571356c3,589824,1,128,0.0,0,bits-sq,32,256,16,output_isolated,/home/jirka/research/2024/bits-knn-jpdc2024/data/application-scaling/bw01-35760924/gradient-compression-small.csv,0.00021701388888888888,30,0.00822,0.008145,0.00837175,0.9981143552311436,False,False
gradient-compression,773ccccc257597721840d373c9f3e73e670a8d255c39e3a3e354a1d2571356c3,589824,1,128,0.0,0,bits-sq,32,256,16,selection_isolated,/home/jirka/research/2024/bits-knn-jpdc2024/data/application-scaling/bw01-35760924/gradient-compression-small.csv,0.00021701388888888888,30,0.067185,0.067049,0.06731424999999999,0.40209124060430157,False,False
gradient-compression,773ccccc257597721840d373c9f3e73e670a8d255c39e3a3e354a1d2571356c3,589824,1,128,0.0,0,bits-sq,32,256,16,transform_isolated,/home/jirka/research/2024/bits-knn-jpdc2024/data/application-scaling/bw01-35760924/gradient-compression-small.csv,0.00021701388888888888,30,0.009125000000000001,0.00909925,0.009205,0.9972602739726024,False,False
gradient-compression,773ccccc257597721840d373c9f3e73e670a8d255c39e3a3e354a1d2571356c3,589824,1,128,0.0,0,bits-sq,32,256,16,upload_shared,/home/jirka/research/2024/bits-knn-jpdc2024/data/application-scaling/bw01-35760924/gradient-compression-small.csv,0.00021701388888888888,1,0.139548,0.139548,0.139548,1.1742052913692778,False,False
gradient-compression,773ccccc257597721840d373c9f3e73e670a8d255c39e3a3e354a1d2571356c3,589824,1,128,0.0,0,bits-sq,32,512,4,download,/home/jirka/research/2024/bits-knn-jpdc2024/data/application-scaling/bw01-35760924/gradient-compression-small.csv,0.00021701388888888888,30,0.008685,0.008101750000000001,0.008859249999999999,0.9073114565342546,True,True
gradient-compression,773ccccc257597721840d373c9f3e73e670a8d255c39e3a3e354a1d2571356c3,589824,1,128,0.0,0,bits-sq,32,512,4,operator,/home/jirka/research/2024/bits-knn-jpdc2024/data/application-scaling/bw01-35760924/gradient-compression-small.csv,0.00021701388888888888,30,0.051125000000000004,0.05105725,0.05124975,0.7289877750611246,True,True
gradient-compression,773ccccc257597721840d373c9f3e73e670a8d255c39e3a3e354a1d2571356c3,589824,1,128,0.0,0,bits-sq,32,512,4,output_isolated,/home/jirka/research/2024/bits-knn-jpdc2024/data/application-scaling/bw01-35760924/gradient-compression-small.csv,0.00021701388888888888,30,0.008265,0.00822,0.008369999999999999,0.992679975801573,True,True
gradient-compression,773ccccc257597721840d373c9f3e73e670a8d255c39e3a3e354a1d2571356c3,589824,1,128,0.0,0,bits-sq,32,512,4,selection_isolated,/home/jirka/research/2024/bits-knn-jpdc2024/data/application-scaling/bw01-35760924/gradient-compression-small.csv,0.00021701388888888888,30,0.041609499999999994,0.04155925,0.04167,0.6492387555726458,True,True
gradient-compression,773ccccc257597721840d373c9f3e73e670a8d255c39e3a3e354a1d2571356c3,589824,1,128,0.0,0,bits-sq,32,512,4,transform_isolated,/home/jirka/research/2024/bits-knn-jpdc2024/data/application-scaling/bw01-35760924/gradient-compression-small.csv,0.00021701388888888888,30,0.009089999999999999,0.0089925,0.009170000000000001,1.001100110011001,True,True
gradient-compression,773ccccc257597721840d373c9f3e73e670a8d255c39e3a3e354a1d2571356c3,589824,1,128,0.0,0,bits-sq,32,512,4,upload_shared,/home/jirka/research/2024/bits-knn-jpdc2024/data/application-scaling/bw01-35760924/gradient-compression-small.csv,0.00021701388888888888,1,0.144019,0.144019,0.144019,1.1377526576354506,True,True
gradient-compression,773ccccc257597721840d373c9f3e73e670a8d255c39e3a3e354a1d2571356c3,589824,1,128,0.0,0,bits-sq,32,512,7,download,/home/jirka/research/2024/bits-knn-jpdc2024/data/application-scaling/bw01-35760924/gradient-compression-small.csv,0.00021701388888888888,30,0.008725,0.0087,0.008847500000000001,0.9031518624641836,False,False
gradient-compression,773ccccc257597721840d373c9f3e73e670a8d255c39e3a3e354a1d2571356c3,589824,1,128,0.0,0,bits-sq,32,512,7,operator,/home/jirka/research/2024/bits-knn-jpdc2024/data/application-scaling/bw01-35760924/gradient-compression-small.csv,0.00021701388888888888,30,0.057010000000000005,0.0569615,0.0570765,0.6537361866339237,False,False
gradient-compression,773ccccc257597721840d373c9f3e73e670a8d255c39e3a3e354a1d2571356c3,589824,1,128,0.0,0,bits-sq,32,512,7,output_isolated,/home/jirka/research/2024/bits-knn-jpdc2024/data/application-scaling/bw01-35760924/gradient-compression-small.csv,0.00021701388888888888,30,0.008324499999999999,0.0082275,0.00836,0.9855847198029913,False,False
gradient-compression,773ccccc257597721840d373c9f3e73e670a8d255c39e3a3e354a1d2571356c3,589824,1,128,0.0,0,bits-sq,32,512,7,selection_isolated,/home/jirka/research/2024/bits-knn-jpdc2024/data/application-scaling/bw01-35760924/gradient-compression-small.csv,0.00021701388888888888,30,0.0475195,0.04745925,0.047654249999999995,0.5684929344795294,False,False
gradient-compression,773ccccc257597721840d373c9f3e73e670a8d255c39e3a3e354a1d2571356c3,589824,1,128,0.0,0,bits-sq,32,512,7,transform_isolated,/home/jirka/research/2024/bits-knn-jpdc2024/data/application-scaling/bw01-35760924/gradient-compression-small.csv,0.00021701388888888888,30,0.009105,0.00899225,0.00918,0.9994508511806698,False,False
gradient-compression,773ccccc257597721840d373c9f3e73e670a8d255c39e3a3e354a1d2571356c3,589824,1,128,0.0,0,bits-sq,32,512,7,upload_shared,/home/jirka/research/2024/bits-knn-jpdc2024/data/application-scaling/bw01-35760924/gradient-compression-small.csv,0.00021701388888888888,1,0.149488,0.149488,0.149488,1.0961281173070745,False,False
gradient-compression,773ccccc257597721840d373c9f3e73e670a8d255c39e3a3e354a1d2571356c3,589824,1,128,0.0,0,bits-sq,32,512,8,download,/home/jirka/research/2024/bits-knn-jpdc2024/data/application-scaling/bw01-35760924/gradient-compression-small.csv,0.00021701388888888888,30,0.008494999999999999,0.007995,0.00883,0.9276044732195412,False,False
gradient-compression,773ccccc257597721840d373c9f3e73e670a8d255c39e3a3e354a1d2571356c3,589824,1,128,0.0,0,bits-sq,32,512,8,operator,/home/jirka/research/2024/bits-knn-jpdc2024/data/application-scaling/bw01-35760924/gradient-compression-small.csv,0.00021701388888888888,30,0.057719,0.057579,0.057834250000000004,0.645705920060985,False,False
gradient-compression,773ccccc257597721840d373c9f3e73e670a8d255c39e3a3e354a1d2571356c3,589824,1,128,0.0,0,bits-sq,32,512,8,output_isolated,/home/jirka/research/2024/bits-knn-jpdc2024/data/application-scaling/bw01-35760924/gradient-compression-small.csv,0.00021701388888888888,30,0.008289,0.008192499999999998,0.0083575,0.9898057666787309,False,False
gradient-compression,773ccccc257597721840d373c9f3e73e670a8d255c39e3a3e354a1d2571356c3,589824,1,128,0.0,0,bits-sq,32,512,8,selection_isolated,/home/jirka/research/2024/bits-knn-jpdc2024/data/application-scaling/bw01-35760924/gradient-compression-small.csv,0.00021701388888888888,30,0.048284499999999994,0.048134249999999996,0.048489750000000005,0.5594859634044053,False,False
gradient-compression,773ccccc257597721840d373c9f3e73e670a8d255c39e3a3e354a1d2571356c3,589824,1,128,0.0,0,bits-sq,32,512,8,transform_isolated,/home/jirka/research/2024/bits-knn-jpdc2024/data/application-scaling/bw01-35760924/gradient-compression-small.csv,0.00021701388888888888,30,0.009084499999999999,0.0089925,0.0091675,1.0017062028730255,False,False
gradient-compression,773ccccc257597721840d373c9f3e73e670a8d255c39e3a3e354a1d2571356c3,589824,1,128,0.0,0,bits-sq,32,512,8,upload_shared,/home/jirka/research/2024/bits-knn-jpdc2024/data/application-scaling/bw01-35760924/gradient-compression-small.csv,0.00021701388888888888,1,0.153748,0.153748,0.153748,1.065756952935973,False,False
gradient-compression,773ccccc257597721840d373c9f3e73e670a8d255c39e3a3e354a1d2571356c3,589824,1,128,0.0,0,bits-sq,32,512,13,download,/home/jirka/research/2024/bits-knn-jpdc2024/data/application-scaling/bw01-35760924/gradient-compression-small.csv,0.00021701388888888888,30,0.00869,0.0077599999999999995,0.0087175,0.9067894131185272,False,False
gradient-compression,773ccccc257597721840d373c9f3e73e670a8d255c39e3a3e354a1d2571356c3,589824,1,128,0.0,0,bits-sq,32,512,13,operator,/home/jirka/research/2024/bits-knn-jpdc2024/data/application-scaling/bw01-35760924/gradient-compression-small.csv,0.00021701388888888888,30,0.06476950000000001,0.06410400000000001,0.06491425,0.5754174418514886,False,False
gradient-compression,773ccccc257597721840d373c9f3e73e670a8d255c39e3a3e354a1d2571356c3,589824,1,128,0.0,0,bits-sq,32,512,13,output_isolated,/home/jirka/research/2024/bits-knn-jpdc2024/data/application-scaling/bw01-35760924/gradient-compression-small.csv,0.00021701388888888888,30,0.0082595,0.0081775,0.0083475,0.9933410012712635,False,False
gradient-compression,773ccccc257597721840d373c9f3e73e670a8d255c39e3a3e354a1d2571356c3,589824,1,128,0.0,0,bits-sq,32,512,13,selection_isolated,/home/jirka/research/2024/bits-knn-jpdc2024/data/application-scaling/bw01-35760924/gradient-compression-small.csv,0.00021701388888888888,30,0.0551995,0.054677250000000004,0.055301750000000004,0.4893975488908414,False,False
gradient-compression,773ccccc257597721840d373c9f3e73e670a8d255c39e3a3e354a1d2571356c3,589824,1,128,0.0,0,bits-sq,32,512,13,transform_isolated,/home/jirka/research/2024/bits-knn-jpdc2024/data/application-scaling/bw01-35760924/gradient-compression-small.csv,0.00021701388888888888,30,0.009115000000000002,0.0085,0.009197750000000001,0.9983543609434994,False,False
gradient-compression,773ccccc257597721840d373c9f3e73e670a8d255c39e3a3e354a1d2571356c3,589824,1,128,0.0,0,bits-sq,32,512,13,upload_shared,/home/jirka/research/2024/bits-knn-jpdc2024/data/application-scaling/bw01-35760924/gradient-compression-small.csv,0.00021701388888888888,1,0.146358,0.146358,0.146358,1.1195698219434536,False,False
gradient-compression,773ccccc257597721840d373c9f3e73e670a8d255c39e3a3e354a1d2571356c3,589824,1,128,0.0,0,bits-sq,32,512,16,download,/home/jirka/research/2024/bits-knn-jpdc2024/data/application-scaling/bw01-35760924/gradient-compression-small.csv,0.00021701388888888888,30,0.0086905,0.007745,0.00872675,0.906737241815776,False,False
gradient-compression,773ccccc257597721840d373c9f3e73e670a8d255c39e3a3e354a1d2571356c3,589824,1,128,0.0,0,bits-sq,32,512,16,operator,/home/jirka/research/2024/bits-knn-jpdc2024/data/application-scaling/bw01-35760924/gradient-compression-small.csv,0.00021701388888888888,30,0.06876950000000001,0.06822975,0.0689665,0.5419481019928891,False,False
gradient-compression,773ccccc257597721840d373c9f3e73e670a8d255c39e3a3e354a1d2571356c3,589824,1,128,0.0,0,bits-sq,32,512,16,output_isolated,/home/jirka/research/2024/bits-knn-jpdc2024/data/application-scaling/bw01-35760924/gradient-compression-small.csv,0.00021701388888888888,30,0.008285,0.0074,0.008355,0.9902836451418224,False,False
gradient-compression,773ccccc257597721840d373c9f3e73e670a8d255c39e3a3e354a1d2571356c3,589824,1,128,0.0,0,bits-sq,32,512,16,selection_isolated,/home/jirka/research/2024/bits-knn-jpdc2024/data/application-scaling/bw01-35760924/gradient-compression-small.csv,0.00021701388888888888,30,0.059299500000000005,0.0591815,0.05936975,0.4555603335609912,False,False
gradient-compression,773ccccc257597721840d373c9f3e73e670a8d255c39e3a3e354a1d2571356c3,589824,1,128,0.0,0,bits-sq,32,512,16,transform_isolated,/home/jirka/research/2024/bits-knn-jpdc2024/data/application-scaling/bw01-35760924/gradient-compression-small.csv,0.00021701388888888888,30,0.0091545,0.00903,0.00921075,0.9940466437271287,False,False
gradient-compression,773ccccc257597721840d373c9f3e73e670a8d255c39e3a3e354a1d2571356c3,589824,1,128,0.0,0,bits-sq,32,512,16,upload_shared,/home/jirka/research/2024/bits-knn-jpdc2024/data/application-scaling/bw01-35760924/gradient-compression-small.csv,0.00021701388888888888,1,0.140648,0.140648,0.140648,1.1650218986405778,False,False
gradient-compression,773ccccc257597721840d373c9f3e73e670a8d255c39e3a3e354a1d2571356c3,589824,1,128,0.0,0,bits-sq,128,128,4,download,/home/jirka/research/2024/bits-knn-jpdc2024/data/application-scaling/bw01-35760924/gradient-compression-small.csv,0.00021701388888888888,30,0.00869,0.00868,0.0088675,0.9067894131185272,False,False
gradient-compression,773ccccc257597721840d373c9f3e73e670a8d255c39e3a3e354a1d2571356c3,589824,1,128,0.0,0,bits-sq,128,128,4,operator,/home/jirka/research/2024/bits-knn-jpdc2024/data/application-scaling/bw01-35760924/gradient-compression-small.csv,0.00021701388888888888,30,0.070099,0.07002725,0.07018725,0.5316694959985164,False,False
gradient-compression,773ccccc257597721840d373c9f3e73e670a8d255c39e3a3e354a1d2571356c3,589824,1,128,0.0,0,bits-sq,128,128,4,output_isolated,/home/jirka/research/2024/bits-knn-jpdc2024/data/application-scaling/bw01-35760924/gradient-compression-small.csv,0.00021701388888888888,30,0.008235000000000001,0.0081,0.0083075,0.9962962962962961,False,False
gradient-compression,773ccccc257597721840d373c9f3e73e670a8d255c39e3a3e354a1d2571356c3,589824,1,128,0.0,0,bits-sq,128,128,4,selection_isolated,/home/jirka/research/2024/bits-knn-jpdc2024/data/application-scaling/bw01-35760924/gradient-compression-small.csv,0.00021701388888888888,30,0.0606845,0.06063925,0.0607765,0.44516309766085244,False,False
gradient-compression,773ccccc257597721840d373c9f3e73e670a8d255c39e3a3e354a1d2571356c3,589824,1,128,0.0,0,bits-sq,128,128,4,transform_isolated,/home/jirka/research/2024/bits-knn-jpdc2024/data/application-scaling/bw01-35760924/gradient-compression-small.csv,0.00021701388888888888,30,0.00907,0.00903,0.00916975,1.0033076074972436,False,False
gradient-compression,773ccccc257597721840d373c9f3e73e670a8d255c39e3a3e354a1d2571356c3,589824,1,128,0.0,0,bits-sq,128,128,4,upload_shared,/home/jirka/research/2024/bits-knn-jpdc2024/data/application-scaling/bw01-35760924/gradient-compression-small.csv,0.00021701388888888888,1,0.145829,0.145829,0.145829,1.123631102181322,False,False
gradient-compression,773ccccc257597721840d373c9f3e73e670a8d255c39e3a3e354a1d2571356c3,589824,1,128,0.0,0,bits-sq,128,128,7,download,/home/jirka/research/2024/bits-knn-jpdc2024/data/application-scaling/bw01-35760924/gradient-compression-small.csv,0.00021701388888888888,30,0.008905,0.00872,0.008985,0.8848961257720384,False,False
gradient-compression,773ccccc257597721840d373c9f3e73e670a8d255c39e3a3e354a1d2571356c3,589824,1,128,0.0,0,bits-sq,128,128,7,operator,/home/jirka/research/2024/bits-knn-jpdc2024/data/application-scaling/bw01-35760924/gradient-compression-small.csv,0.00021701388888888888,30,0.07173399999999999,0.071679,0.0718365,0.5195513982212061,False,False
gradient-compression,773ccccc257597721840d373c9f3e73e670a8d255c39e3a3e354a1d2571356c3,589824,1,128,0.0,0,bits-sq,128,128,7,output_isolated,/home/jirka/research/2024/bits-knn-jpdc2024/data/application-scaling/bw01-35760924/gradient-compression-small.csv,0.00021701388888888888,30,0.00818,0.00813,0.008247500000000001,1.0029951100244499,False,False
gradient-compression,773ccccc257597721840d373c9f3e73e670a8d255c39e3a3e354a1d2571356c3,589824,1,128,0.0,0,bits-sq,128,128,7,selection_isolated,/home/jirka/research/2024/bits-knn-jpdc2024/data/application-scaling/bw01-35760924/gradient-compression-small.csv,0.00021701388888888888,30,0.0623145,0.062249000000000006,0.06237149999999999,0.43351868345248695,False,False
gradient-compression,773ccccc257597721840d373c9f3e73e670a8d255c39e3a3e354a1d2571356c3,589824,1,128,0.0,0,bits-sq,128,128,7,transform_isolated,/home/jirka/research/2024/bits-knn-jpdc2024/data/application-scaling/bw01-35760924/gradient-compression-small.csv,0.00021701388888888888,30,0.00907,0.0090225,0.009165000000000001,1.0033076074972436,False,False
gradient-compression,773ccccc257597721840d373c9f3e73e670a8d255c39e3a3e354a1d2571356c3,589824,1,128,0.0,0,bits-sq,128,128,7,upload_shared,/home/jirka/research/2024/bits-knn-jpdc2024/data/application-scaling/bw01-35760924/gradient-compression-small.csv,0.00021701388888888888,1,0.142688,0.142688,0.142688,1.1483656649472973,False,False
gradient-compression,773ccccc257597721840d373c9f3e73e670a8d255c39e3a3e354a1d2571356c3,589824,1,128,0.0,0,bits-sq,128,128,8,download,/home/jirka/research/2024/bits-knn-jpdc2024/data/application-scaling/bw01-35760924/gradient-compression-small.csv,0.00021701388888888888,30,0.0087245,0.0087,0.008847500000000001,0.9032036219840681,False,False
gradient-compression,773ccccc257597721840d373c9f3e73e670a8d255c39e3a3e354a1d2571356c3,589824,1,128,0.0,0,bits-sq,128,128,8,operator,/home/jirka/research/2024/bits-knn-jpdc2024/data/application-scaling/bw01-35760924/gradient-compression-small.csv,0.00021701388888888888,30,0.072414,0.072309,0.0726415,0.51467257712597,False,False
gradient-compression,773ccccc257597721840d373c9f3e73e670a8d255c39e3a3e354a1d2571356c3,589824,1,128,0.0,0,bits-sq,128,128,8,output_isolated,/home/jirka/research/2024/bits-knn-jpdc2024/data/application-scaling/bw01-35760924/gradient-compression-small.csv,0.00021701388888888888,30,0.008305,0.008154999999999999,0.008442500000000002,0.9878988561107767,False,False
gradient-compression,773ccccc257597721840d373c9f3e73e670a8d255c39e3a3e354a1d2571356c3,589824,1,128,0.0,0,bits-sq,128,128,8,selection_isolated,/home/jirka/research/2024/bits-knn-jpdc2024/data/application-scaling/bw01-35760924/gradient-compression-small.csv,0.00021701388888888888,30,0.0629045,0.06284175,0.0630765,0.42945258288357746,False,False
gradient-compression,773ccccc257597721840d373c9f3e73e670a8d255c39e3a3e354a1d2571356c3,589824,1,128,0.0,0,bits-sq,128,128,8,transform_isolated,/home/jirka/research/2024/bits-knn-jpdc2024/data/application-scaling/bw01-35760924/gradient-compression-small.csv,0.00021701388888888888,30,0.009045,0.00897425,0.00910675,1.0060807075732447,False,False
gradient-compression,773ccccc257597721840d373c9f3e73e670a8d255c39e3a3e354a1d2571356c3,589824,1,128,0.0,0,bits-sq,128,128,8,upload_shared,/home/jirka/research/2024/bits-knn-jpdc2024/data/application-scaling/bw01-35760924/gradient-compression-small.csv,0.00021701388888888888,1,0.148169,0.148169,0.148169,1.1058858465670955,False,False
gradient-compression,773ccccc257597721840d373c9f3e73e670a8d255c39e3a3e354a1d2571356c3,589824,1,128,0.0,0,bits-sq,128,128,13,download,/home/jirka/research/2024/bits-knn-jpdc2024/data/application-scaling/bw01-35760924/gradient-compression-small.csv,0.00021701388888888888,30,0.008715500000000001,0.0087,0.008845750000000001,0.9041363088749929,False,False
gradient-compression,773ccccc257597721840d373c9f3e73e670a8d255c39e3a3e354a1d2571356c3,589824,1,128,0.0,0,bits-sq,128,128,13,operator,/home/jirka/research/2024/bits-knn-jpdc2024/data/application-scaling/bw01-35760924/gradient-compression-small.csv,0.00021701388888888888,30,0.07972399999999999,0.0796515,0.07980899999999999,0.4674815613867844,False,False
gradient-compression,773ccccc257597721840d373c9f3e73e670a8d255c39e3a3e354a1d2571356c3,589824,1,128,0.0,0,bits-sq,128,128,13,output_isolated,/home/jirka/research/2024/bits-knn-jpdc2024/data/application-scaling/bw01-35760924/gradient-compression-small.csv,0.00021701388888888888,30,0.008345,0.0082825,0.00842475,0.9831635710005991,False,False
gradient-compression,773ccccc257597721840d373c9f3e73e670a8d255c39e3a3e354a1d2571356c3,589824,1,128,0.0,0,bits-sq,128,128,13,selection_isolated,/home/jirka/research/2024/bits-knn-jpdc2024/data/application-scaling/bw01-35760924/gradient-compression-small.csv,0.00021701388888888888,30,0.070199,0.07012175000000001,0.07035,0.38482741919400565,False,False
gradient-compression,773ccccc257597721840d373c9f3e73e670a8d255c39e3a3e354a1d2571356c3,589824,1,128,0.0,0,bits-sq,128,128,13,transform_isolated,/home/jirka/research/2024/bits-knn-jpdc2024/data/application-scaling/bw01-35760924/gradient-compression-small.csv,0.00021701388888888888,30,0.009135500000000001,0.00908,0.00919725,0.9961140605330849,False,False
gradient-compression,773ccccc257597721840d373c9f3e73e670a8d255c39e3a3e354a1d2571356c3,589824,1,128,0.0,0,bits-sq,128,128,13,upload_shared,/home/jirka/research/2024/bits-knn-jpdc2024/data/application-scaling/bw01-35760924/gradient-compression-small.csv,0.00021701388888888888,1,0.143618,0.143618,0.143618,1.1409294099625393,False,False
gradient-compression,773ccccc257597721840d373c9f3e73e670a8d255c39e3a3e354a1d2571356c3,589824,1,128,0.0,0,bits-sq,128,128,16,download,/home/jirka/research/2024/bits-knn-jpdc2024/data/application-scaling/bw01-35760924/gradient-compression-small.csv,0.00021701388888888888,30,0.00884,0.008812500000000001,0.0088575,0.8914027149321269,False,False
gradient-compression,773ccccc257597721840d373c9f3e73e670a8d255c39e3a3e354a1d2571356c3,589824,1,128,0.0,0,bits-sq,128,128,16,operator,/home/jirka/research/2024/bits-knn-jpdc2024/data/application-scaling/bw01-35760924/gradient-compression-small.csv,0.00021701388888888888,30,0.0892645,0.08916400000000001,0.08934425,0.4175176021822785,False,False
gradient-compression,773ccccc257597721840d373c9f3e73e670a8d255c39e3a3e354a1d2571356c3,589824,1,128,0.0,0,bits-sq,128,128,16,output_isolated,/home/jirka/research/2024/bits-knn-jpdc2024/data/application-scaling/bw01-35760924/gradient-compression-small.csv,0.00021701388888888888,30,0.008324999999999999,0.008209999999999999,0.00840975,0.9855255255255256,False,False
gradient-compression,773ccccc257597721840d373c9f3e73e670a8d255c39e3a3e354a1d2571356c3,589824,1,128,0.0,0,bits-sq,128,128,16,selection_isolated,/home/jirka/research/2024/bits-knn-jpdc2024/data/application-scaling/bw01-35760924/gradient-compression-small.csv,0.00021701388888888888,30,0.0797895,0.0797215,0.079899,0.3385721178851854,False,False
gradient-compression,773ccccc257597721840d373c9f3e73e670a8d255c39e3a3e354a1d2571356c3,589824,1,128,0.0,0,bits-sq,128,128,16,transform_isolated,/home/jirka/research/2024/bits-knn-jpdc2024/data/application-scaling/bw01-35760924/gradient-compression-small.csv,0.00021701388888888888,30,0.009165,0.009120000000000001,0.009237,0.9929078014184396,False,False
gradient-compression,773ccccc257597721840d373c9f3e73e670a8d255c39e3a3e354a1d2571356c3,589824,1,128,0.0,0,bits-sq,128,128,16,upload_shared,/home/jirka/research/2024/bits-knn-jpdc2024/data/application-scaling/bw01-35760924/gradient-compression-small.csv,0.00021701388888888888,1,0.15557900000000002,0.15557900000000002,0.15557900000000002,1.0532141227286456,False,False
gradient-compression,773ccccc257597721840d373c9f3e73e670a8d255c39e3a3e354a1d2571356c3,589824,1,128,0.0,0,bits-sq,128,256,4,download,/home/jirka/research/2024/bits-knn-jpdc2024/data/application-scaling/bw01-35760924/gradient-compression-small.csv,0.00021701388888888888,30,0.0088095,0.0087,0.008847500000000001,0.8944889040240651,False,False
gradient-compression,773ccccc257597721840d373c9f3e73e670a8d255c39e3a3e354a1d2571356c3,589824,1,128,0.0,0,bits-sq,128,256,4,operator,/home/jirka/research/2024/bits-knn-jpdc2024/data/application-scaling/bw01-35760924/gradient-compression-small.csv,0.00021701388888888888,30,0.05613,0.056061749999999994,0.05630175,0.663985391056476,False,False
gradient-compression,773ccccc257597721840d373c9f3e73e670a8d255c39e3a3e354a1d2571356c3,589824,1,128,0.0,0,bits-sq,128,256,4,output_isolated,/home/jirka/research/2024/bits-knn-jpdc2024/data/application-scaling/bw01-35760924/gradient-compression-small.csv,0.00021701388888888888,30,0.008195,0.00812925,0.00834175,1.0011592434411227,False,False
gradient-compression,773ccccc257597721840d373c9f3e73e670a8d255c39e3a3e354a1d2571356c3,589824,1,128,0.0,0,bits-sq,128,256,4,selection_isolated,/home/jirka/research/2024/bits-knn-jpdc2024/data/application-scaling/bw01-35760924/gradient-compression-small.csv,0.00021701388888888888,30,0.046664,0.04660925,0.046726500000000004,0.5789152237270702,False,False
gradient-compression,773ccccc257597721840d373c9f3e73e670a8d255c39e3a3e354a1d2571356c3,589824,1,128,0.0,0,bits-sq,128,256,4,transform_isolated,/home/jirka/research/2024/bits-knn-jpdc2024/data/application-scaling/bw01-35760924/gradient-compression-small.csv,0.00021701388888888888,30,0.00911,0.00906,0.00915,0.9989023051591656,False,False
gradient-compression,773ccccc257597721840d373c9f3e73e670a8d255c39e3a3e354a1d2571356c3,589824,1,128,0.0,0,bits-sq,128,256,4,upload_shared,/home/jirka/research/2024/bits-knn-jpdc2024/data/application-scaling/bw01-35760924/gradient-compression-small.csv,0.00021701388888888888,1,0.152139,0.152139,0.152139,1.0770282439085308,False,False
gradient-compression,773ccccc257597721840d373c9f3e73e670a8d255c39e3a3e354a1d2571356c3,589824,1,128,0.0,0,bits-sq,128,256,7,download,/home/jirka/research/2024/bits-knn-jpdc2024/data/application-scaling/bw01-35760924/gradient-compression-small.csv,0.00021701388888888888,30,0.00883,0.00881,0.0088675,0.8924122310305779,False,False
gradient-compression,773ccccc257597721840d373c9f3e73e670a8d255c39e3a3e354a1d2571356c3,589824,1,128,0.0,0,bits-sq,128,256,7,operator,/home/jirka/research/2024/bits-knn-jpdc2024/data/application-scaling/bw01-35760924/gradient-compression-small.csv,0.00021701388888888888,30,0.059599,0.059529,0.05976175,0.6253376734508967,False,False
gradient-compression,773ccccc257597721840d373c9f3e73e670a8d255c39e3a3e354a1d2571356c3,589824,1,128,0.0,0,bits-sq,128,256,7,output_isolated,/home/jirka/research/2024/bits-knn-jpdc2024/data/application-scaling/bw01-35760924/gradient-compression-small.csv,0.00021701388888888888,30,0.0082945,0.0082225,0.00836,0.9891494363735005,False,False
gradient-compression,773ccccc257597721840d373c9f3e73e670a8d255c39e3a3e354a1d2571356c3,589824,1,128,0.0,0,bits-sq,128,256,7,selection_isolated,/home/jirka/research/2024/bits-knn-jpdc2024/data/application-scaling/bw01-35760924/gradient-compression-small.csv,0.00021701388888888888,30,0.050129,0.05002,0.05028975,0.5388996389315566,False,False
gradient-compression,773ccccc257597721840d373c9f3e73e670a8d255c39e3a3e354a1d2571356c3,589824,1,128,0.0,0,bits-sq,128,256,7,transform_isolated,/home/jirka/research/2024/bits-knn-jpdc2024/data/application-scaling/bw01-35760924/gradient-compression-small.csv,0.00021701388888888888,30,0.0091295,0.00908,0.00918425,0.9967687167971957,False,False
gradient-compression,773ccccc257597721840d373c9f3e73e670a8d255c39e3a3e354a1d2571356c3,589824,1,128,0.0,0,bits-sq,128,256,7,upload_shared,/home/jirka/research/2024/bits-knn-jpdc2024/data/application-scaling/bw01-35760924/gradient-compression-small.csv,0.00021701388888888888,1,0.15029900000000002,0.15029900000000002,0.15029900000000002,1.0902135077412356,False,False
gradient-compression,773ccccc257597721840d373c9f3e73e670a8d255c39e3a3e354a1d2571356c3,589824,1,128,0.0,0,bits-sq,128,256,8,download,/home/jirka/research/2024/bits-knn-jpdc2024/data/application-scaling/bw01-35760924/gradient-compression-small.csv,0.00021701388888888888,30,0.00882,0.0087,0.0088775,0.8934240362811794,False,False
gradient-compression,773ccccc257597721840d373c9f3e73e670a8d255c39e3a3e354a1d2571356c3,589824,1,128,0.0,0,bits-sq,128,256,8,operator,/home/jirka/research/2024/bits-knn-jpdc2024/data/application-scaling/bw01-35760924/gradient-compression-small.csv,0.00021701388888888888,30,0.062104,0.06201724999999999,0.062199000000000004,0.6001143243591395,False,False
gradient-compression,773ccccc257597721840d373c9f3e73e670a8d255c39e3a3e354a1d2571356c3,589824,1,128,0.0,0,bits-sq,128,256,8,output_isolated,/home/jirka/research/2024/bits-knn-jpdc2024/data/application-scaling/bw01-35760924/gradient-compression-small.csv,0.00021701388888888888,30,0.008280000000000001,0.008182499999999999,0.0083475,0.9908816425120772,False,False
gradient-compression,773ccccc257597721840d373c9f3e73e670a8d255c39e3a3e354a1d2571356c3,589824,1,128,0.0,0,bits-sq,128,256,8,selection_isolated,/home/jirka/research/2024/bits-knn-jpdc2024/data/application-scaling/bw01-35760924/gradient-compression-small.csv,0.00021701388888888888,30,0.0525295,0.05246225,0.05261,0.5142729323522973,False,False
gradient-compression,773ccccc257597721840d373c9f3e73e670a8d255c39e3a3e354a1d2571356c3,589824,1,128,0.0,0,bits-sq,128,256,8,transform_isolated,/home/jirka/research/2024/bits-knn-jpdc2024/data/application-scaling/bw01-35760924/gradient-compression-small.csv,0.00021701388888888888,30,0.00911,0.00904,0.009187250000000001,0.9989023051591656,False,False
gradient-compression,773ccccc257597721840d373c9f3e73e670a8d255c39e3a3e354a1d2571356c3,589824,1,128,0.0,0,bits-sq,128,256,8,upload_shared,/home/jirka/research/2024/bits-knn-jpdc2024/data/application-scaling/bw01-35760924/gradient-compression-small.csv,0.00021701388888888888,1,0.14943800000000002,0.14943800000000002,0.14943800000000002,1.0964948674366624,False,False
gradient-compression,773ccccc257597721840d373c9f3e73e670a8d255c39e3a3e354a1d2571356c3,589824,1,128,0.0,0,bits-sq,128,256,13,download,/home/jirka/research/2024/bits-knn-jpdc2024/data/application-scaling/bw01-35760924/gradient-compression-small.csv,0.00021701388888888888,30,0.00882,0.008709999999999999,0.008847500000000001,0.8934240362811794,False,False
gradient-compression,773ccccc257597721840d373c9f3e73e670a8d255c39e3a3e354a1d2571356c3,589824,1,128,0.0,0,bits-sq,128,256,13,operator,/home/jirka/research/2024/bits-knn-jpdc2024/data/application-scaling/bw01-35760924/gradient-compression-small.csv,0.00021701388888888888,30,0.071484,0.07142899999999999,0.07157975,0.5213684181075484,False,False
gradient-compression,773ccccc257597721840d373c9f3e73e670a8d255c39e3a3e354a1d2571356c3,589824,1,128,0.0,0,bits-sq,128,256,13,output_isolated,/home/jirka/research/2024/bits-knn-jpdc2024/data/application-scaling/bw01-35760924/gradient-compression-small.csv,0.00021701388888888888,30,0.0083505,0.0083,0.0083975,0.9825160170049697,False,False
gradient-compression,773ccccc257597721840d373c9f3e73e670a8d255c39e3a3e354a1d2571356c3,589824,1,128,0.0,0,bits-sq,128,256,13,selection_isolated,/home/jirka/research/2024/bits-knn-jpdc2024/data/application-scaling/bw01-35760924/gradient-compression-small.csv,0.00021701388888888888,30,0.061954499999999996,0.061832250000000005,0.06203175,0.4360377373717809,False,False
gradient-compression,773ccccc257597721840d373c9f3e73e670a8d255c39e3a3e354a1d2571356c3,589824,1,128,0.0,0,bits-sq,128,256,13,transform_isolated,/home/jirka/research/2024/bits-knn-jpdc2024/data/application-scaling/bw01-35760924/gradient-compression-small.csv,0.00021701388888888888,30,0.0091555,0.00911,0.009229,0.9939380700125605,False,False
gradient-compression,773ccccc257597721840d373c9f3e73e670a8d255c39e3a3e354a1d2571356c3,589824,1,128,0.0,0,bits-sq,128,256,13,upload_shared,/home/jirka/research/2024/bits-knn-jpdc2024/data/application-scaling/bw01-35760924/gradient-compression-small.csv,0.00021701388888888888,1,0.14765899999999998,0.14765899999999998,0.14765899999999998,1.1097054700356903,False,False
gradient-compression,773ccccc257597721840d373c9f3e73e670a8d255c39e3a3e354a1d2571356c3,589824,1,128,0.0,0,bits-sq,128,256,16,download,/home/jirka/research/2024/bits-knn-jpdc2024/data/application-scaling/bw01-35760924/gradient-compression-small.csv,0.00021701388888888888,30,0.008825,0.00881,0.0089,0.8929178470254959,False,False
gradient-compression,773ccccc257597721840d373c9f3e73e670a8d255c39e3a3e354a1d2571356c3,589824,1,128,0.0,0,bits-sq,128,256,16,operator,/home/jirka/research/2024/bits-knn-jpdc2024/data/application-scaling/bw01-35760924/gradient-compression-small.csv,0.00021701388888888888,30,0.0804695,0.080389,0.08059625000000001,0.4631506347125308,False,False
gradient-compression,773ccccc257597721840d373c9f3e73e670a8d255c39e3a3e354a1d2571356c3,589824,1,128,0.0,0,bits-sq,128,256,16,output_isolated,/home/jirka/research/2024/bits-knn-jpdc2024/data/application-scaling/bw01-35760924/gradient-compression-small.csv,0.00021701388888888888,30,0.008265,0.008202499999999998,0.008355,0.992679975801573,False,False
gradient-compression,773ccccc257597721840d373c9f3e73e670a8d255c39e3a3e354a1d2571356c3,589824,1,128,0.0,0,bits-sq,128,256,16,selection_isolated,/home/jirka/research/2024/bits-knn-jpdc2024/data/application-scaling/bw01-35760924/gradient-compression-small.csv,0.00021701388888888888,30,0.070979,0.07079725,0.0711065,0.3805984868764001,False,False
gradient-compression,773ccccc257597721840d373c9f3e73e670a8d255c39e3a3e354a1d2571356c3,589824,1,128,0.0,0,bits-sq,128,256,16,transform_isolated,/home/jirka/research/2024/bits-knn-jpdc2024/data/application-scaling/bw01-35760924/gradient-compression-small.csv,0.00021701388888888888,30,0.00915,0.00902,0.0092275,0.9945355191256829,False,False
gradient-compression,773ccccc257597721840d373c9f3e73e670a8d255c39e3a3e354a1d2571356c3,589824,1,128,0.0,0,bits-sq,128,256,16,upload_shared,/home/jirka/research/2024/bits-knn-jpdc2024/data/application-scaling/bw01-35760924/gradient-compression-small.csv,0.00021701388888888888,1,0.143669,0.143669,0.143669,1.1405243998357335,False,False
gradient-compression,773ccccc257597721840d373c9f3e73e670a8d255c39e3a3e354a1d2571356c3,589824,1,128,0.0,0,bits-sq,128,512,4,download,/home/jirka/research/2024/bits-knn-jpdc2024/data/application-scaling/bw01-35760924/gradient-compression-small.csv,0.00021701388888888888,30,0.008824499999999999,0.008692499999999999,0.00885,0.8929684401382517,False,False
gradient-compression,773ccccc257597721840d373c9f3e73e670a8d255c39e3a3e354a1d2571356c3,589824,1,128,0.0,0,bits-sq,128,512,4,operator,/home/jirka/research/2024/bits-knn-jpdc2024/data/application-scaling/bw01-35760924/gradient-compression-small.csv,0.00021701388888888888,30,0.053599499999999994,0.05346175,0.05366675,0.6953329788524147,False,False
gradient-compression,773ccccc257597721840d373c9f3e73e670a8d255c39e3a3e354a1d2571356c3,589824,1,128,0.0,0,bits-sq,128,512,4,output_isolated,/home/jirka/research/2024/bits-knn-jpdc2024/data/application-scaling/bw01-35760924/gradient-compression-small.csv,0.00021701388888888888,30,0.008315,0.00825025,0.008374999999999999,0.9867107636800962,False,False
gradient-compression,773ccccc257597721840d373c9f3e73e670a8d255c39e3a3e354a1d2571356c3,589824,1,128,0.0,0,bits-sq,128,512,4,selection_isolated,/home/jirka/research/2024/bits-knn-jpdc2024/data/application-scaling/bw01-35760924/gradient-compression-small.csv,0.00021701388888888888,30,0.0440445,0.043922499999999996,0.04410725,0.6133455936609565,False,False
gradient-compression,773ccccc257597721840d373c9f3e73e670a8d255c39e3a3e354a1d2571356c3,589824,1,128,0.0,0,bits-sq,128,512,4,transform_isolated,/home/jirka/research/2024/bits-knn-jpdc2024/data/application-scaling/bw01-35760924/gradient-compression-small.csv,0.00021701388888888888,30,0.0090745,0.009032499999999999,0.009125000000000001,1.0028100721802853,False,False
gradient-compression,773ccccc257597721840d373c9f3e73e670a8d255c39e3a3e354a1d2571356c3,589824,1,128,0.0,0,bits-sq,128,512,4,upload_shared,/home/jirka/research/2024/bits-knn-jpdc2024/data/application-scaling/bw01-35760924/gradient-compression-small.csv,0.00021701388888888888,1,0.140139,0.140139,0.140139,1.169253384140032,False,False
gradient-compression,773ccccc257597721840d373c9f3e73e670a8d255c39e3a3e354a1d2571356c3,589824,1,128,0.0,0,bits-sq,128,512,7,download,/home/jirka/research/2024/bits-knn-jpdc2024/data/application-scaling/bw01-35760924/gradient-compression-small.csv,0.00021701388888888888,30,0.00882,0.00806175,0.00885,0.8934240362811794,False,False
gradient-compression,773ccccc257597721840d373c9f3e73e670a8d255c39e3a3e354a1d2571356c3,589824,1,128,0.0,0,bits-sq,128,512,7,operator,/home/jirka/research/2024/bits-knn-jpdc2024/data/application-scaling/bw01-35760924/gradient-compression-small.csv,0.00021701388888888888,30,0.05734450000000001,0.057181499999999996,0.057521499999999996,0.649922834796711,False,False
gradient-compression,773ccccc257597721840d373c9f3e73e670a8d255c39e3a3e354a1d2571356c3,589824,1,128,0.0,0,bits-sq,128,512,7,output_isolated,/home/jirka/research/2024/bits-knn-jpdc2024/data/application-scaling/bw01-35760924/gradient-compression-small.csv,0.00021701388888888888,30,0.008355,0.008295750000000001,0.008446750000000001,0.9819868342309994,False,False
gradient-compression,773ccccc257597721840d373c9f3e73e670a8d255c39e3a3e354a1d2571356c3,589824,1,128,0.0,0,bits-sq,128,512,7,selection_isolated,/home/jirka/research/2024/bits-knn-jpdc2024/data/application-scaling/bw01-35760924/gradient-compression-small.csv,0.00021701388888888888,30,0.0477045,0.04763925,0.04775675,0.56628829565345,False,False
gradient-compression,773ccccc257597721840d373c9f3e73e670a8d255c39e3a3e354a1d2571356c3,589824,1,128,0.0,0,bits-sq,128,512,7,transform_isolated,/home/jirka/research/2024/bits-knn-jpdc2024/data/application-scaling/bw01-35760924/gradient-compression-small.csv,0.00021701388888888888,30,0.00912,0.00904,0.009170000000000001,0.9978070175438596,False,False
gradient-compression,773ccccc257597721840d373c9f3e73e670a8d255c39e3a3e354a1d2571356c3,589824,1,128,0.0,0,bits-sq,128,512,7,upload_shared,/home/jirka/research/2024/bits-knn-jpdc2024/data/application-scaling/bw01-35760924/gradient-compression-small.csv,0.00021701388888888888,1,0.144549,0.144549,0.144549,1.13358100021446,False,False
gradient-compression,773ccccc257597721840d373c9f3e73e670a8d255c39e3a3e354a1d2571356c3,589824,1,128,0.0,0,bits-sq,128,512,8,download,/home/jirka/research/2024/bits-knn-jpdc2024/data/application-scaling/bw01-35760924/gradient-compression-small.csv,0.00021701388888888888,30,0.00884,0.00882,0.00885,0.8914027149321269,False,False
gradient-compression,773ccccc257597721840d373c9f3e73e670a8d255c39e3a3e354a1d2571356c3,589824,1,128,0.0,0,bits-sq,128,512,8,operator,/home/jirka/research/2024/bits-knn-jpdc2024/data/application-scaling/bw01-35760924/gradient-compression-small.csv,0.00021701388888888888,30,0.0567645,0.056662250000000004,0.05688425,0.6565635212148437,False,False
gradient-compression,773ccccc257597721840d373c9f3e73e670a8d255c39e3a3e354a1d2571356c3,589824,1,128,0.0,0,bits-sq,128,512,8,output_isolated,/home/jirka/research/2024/bits-knn-jpdc2024/data/application-scaling/bw01-35760924/gradient-compression-small.csv,0.00021701388888888888,30,0.00835,0.0083125,0.008417500000000001,0.9825748502994012,False,False
gradient-compression,773ccccc257597721840d373c9f3e73e670a8d255c39e3a3e354a1d2571356c3,589824,1,128,0.0,0,bits-sq,128,512,8,selection_isolated,/home/jirka/research/2024/bits-knn-jpdc2024/data/application-scaling/bw01-35760924/gradient-compression-small.csv,0.00021701388888888888,30,0.0471595,0.047089000000000006,0.047269,0.5728326212109968,False,False
gradient-compression,773ccccc257597721840d373c9f3e73e670a8d255c39e3a3e354a1d2571356c3,589824,1,128,0.0,0,bits-sq,128,512,8,transform_isolated,/home/jirka/research/2024/bits-knn-jpdc2024/data/application-scaling/bw01-35760924/gradient-compression-small.csv,0.00021701388888888888,30,0.00908,0.00903025,0.0091325,1.002202643171806,False,False
gradient-compression,773ccccc257597721840d373c9f3e73e670a8d255c39e3a3e354a1d2571356c3,589824,1,128,0.0,0,bits-sq,128,512,8,upload_shared,/home/jirka/research/2024/bits-knn-jpdc2024/data/application-scaling/bw01-35760924/gradient-compression-small.csv,0.00021701388888888888,1,0.147308,0.147308,0.147308,1.1123496347788306,False,False
gradient-compression,773ccccc257597721840d373c9f3e73e670a8d255c39e3a3e354a1d2571356c3,589824,1,128,0.0,0,bits-sq,128,512,13,download,/home/jirka/research/2024/bits-knn-jpdc2024/data/application-scaling/bw01-35760924/gradient-compression-small.csv,0.00021701388888888888,30,0.00873,0.00869,0.008915,0.9026345933562431,False,False
gradient-compression,773ccccc257597721840d373c9f3e73e670a8d255c39e3a3e354a1d2571356c3,589824,1,128,0.0,0,bits-sq,128,512,13,operator,/home/jirka/research/2024/bits-knn-jpdc2024/data/application-scaling/bw01-35760924/gradient-compression-small.csv,0.00021701388888888888,30,0.061874,0.061801749999999996,0.061936500000000005,0.6023450884054692,False,False
gradient-compression,773ccccc257597721840d373c9f3e73e670a8d255c39e3a3e354a1d2571356c3,589824,1,128,0.0,0,bits-sq,128,512,13,output_isolated,/home/jirka/research/2024/bits-knn-jpdc2024/data/application-scaling/bw01-35760924/gradient-compression-small.csv,0.00021701388888888888,30,0.008440000000000001,0.008369999999999999,0.0085275,0.9720971563981041,False,False
gradient-compression,773ccccc257597721840d373c9f3e73e670a8d255c39e3a3e354a1d2571356c3,589824,1,128,0.0,0,bits-sq,128,512,13,selection_isolated,/home/jirka/research/2024/bits-knn-jpdc2024/data/application-scaling/bw01-35760924/gradient-compression-small.csv,0.00021701388888888888,30,0.052235000000000004,0.05208975,0.0523675,0.5171723939887048,False,False
gradient-compression,773ccccc257597721840d373c9f3e73e670a8d255c39e3a3e354a1d2571356c3,589824,1,128,0.0,0,bits-sq,128,512,13,transform_isolated,/home/jirka/research/2024/bits-knn-jpdc2024/data/application-scaling/bw01-35760924/gradient-compression-small.csv,0.00021701388888888888,30,0.00923,0.00918925,0.009337250000000002,0.9859154929577463,False,False
gradient-compression,773ccccc257597721840d373c9f3e73e670a8d255c39e3a3e354a1d2571356c3,589824,1,128,0.0,0,bits-sq,128,512,13,upload_shared,/home/jirka/research/2024/bits-knn-jpdc2024/data/application-scaling/bw01-35760924/gradient-compression-small.csv,0.00021701388888888888,1,0.145049,0.145049,0.145049,1.1296734207061059,False,False
gradient-compression,773ccccc257597721840d373c9f3e73e670a8d255c39e3a3e354a1d2571356c3,589824,1,128,0.0,0,bits-sq,128,512,16,download,/home/jirka/research/2024/bits-knn-jpdc2024/data/application-scaling/bw01-35760924/gradient-compression-small.csv,0.00021701388888888888,30,0.008875,0.00882,0.0089375,0.8878873239436622,False,False
gradient-compression,773ccccc257597721840d373c9f3e73e670a8d255c39e3a3e354a1d2571356c3,589824,1,128,0.0,0,bits-sq,128,512,16,operator,/home/jirka/research/2024/bits-knn-jpdc2024/data/application-scaling/bw01-35760924/gradient-compression-small.csv,0.00021701388888888888,30,0.060799,0.06071725,0.060864249999999995,0.6129952795276238,False,False
gradient-compression,773ccccc257597721840d373c9f3e73e670a8d255c39e3a3e354a1d2571356c3,589824,1,128,0.0,0,bits-sq,128,512,16,output_isolated,/home/jirka/research/2024/bits-knn-jpdc2024/data/application-scaling/bw01-35760924/gradient-compression-small.csv,0.00021701388888888888,30,0.008275000000000001,0.0082225,0.0083775,0.9914803625377642,False,False
gradient-compression,773ccccc257597721840d373c9f3e73e670a8d255c39e3a3e354a1d2571356c3,589824,1,128,0.0,0,bits-sq,128,512,16,selection_isolated,/home/jirka/research/2024/bits-knn-jpdc2024/data/application-scaling/bw01-35760924/gradient-compression-small.csv,0.00021701388888888888,30,0.051265000000000005,0.051131499999999996,0.05135725,0.5269579635228713,False,False
gradient-compression,773ccccc257597721840d373c9f3e73e670a8d255c39e3a3e354a1d2571356c3,589824,1,128,0.0,0,bits-sq,128,512,16,transform_isolated,/home/jirka/research/2024/bits-knn-jpdc2024/data/application-scaling/bw01-35760924/gradient-compression-small.csv,0.00021701388888888888,30,0.0091545,0.009109250000000001,0.009215,0.9940466437271287,False,False
gradient-compression,773ccccc257597721840d373c9f3e73e670a8d255c39e3a3e354a1d2571356c3,589824,1,128,0.0,0,bits-sq,128,512,16,upload_shared,/home/jirka/research/2024/bits-knn-jpdc2024/data/application-scaling/bw01-35760924/gradient-compression-small.csv,0.00021701388888888888,1,0.149949,0.149949,0.149949,1.0927582044561817,False,False
gradient-compression,773ccccc257597721840d373c9f3e73e670a8d255c39e3a3e354a1d2571356c3,589824,1,128,0.0,0,bits-sq,512,128,4,download,/home/jirka/research/2024/bits-knn-jpdc2024/data/application-scaling/bw01-35760924/gradient-compression-small.csv,0.00021701388888888888,30,0.00884,0.00883025,0.008895,0.8914027149321269,False,False
gradient-compression,773ccccc257597721840d373c9f3e73e670a8d255c39e3a3e354a1d2571356c3,589824,1,128,0.0,0,bits-sq,512,128,4,operator,/home/jirka/research/2024/bits-knn-jpdc2024/data/application-scaling/bw01-35760924/gradient-compression-small.csv,0.00021701388888888888,30,0.10352900000000001,0.1034215,0.10375899999999999,0.35999092041843345,False,False
gradient-compression,773ccccc257597721840d373c9f3e73e670a8d255c39e3a3e354a1d2571356c3,589824,1,128,0.0,0,bits-sq,512,128,4,output_isolated,/home/jirka/research/2024/bits-knn-jpdc2024/data/application-scaling/bw01-35760924/gradient-compression-small.csv,0.00021701388888888888,30,0.008264500000000001,0.008215249999999999,0.008379999999999999,0.9927400326698529,False,False
gradient-compression,773ccccc257597721840d373c9f3e73e670a8d255c39e3a3e354a1d2571356c3,589824,1,128,0.0,0,bits-sq,512,128,4,selection_isolated,/home/jirka/research/2024/bits-knn-jpdc2024/data/application-scaling/bw01-35760924/gradient-compression-small.csv,0.00021701388888888888,30,0.093994,0.09395125,0.0940965,0.28740664297721136,False,False
gradient-compression,773ccccc257597721840d373c9f3e73e670a8d255c39e3a3e354a1d2571356c3,589824,1,128,0.0,0,bits-sq,512,128,4,transform_isolated,/home/jirka/research/2024/bits-knn-jpdc2024/data/application-scaling/bw01-35760924/gradient-compression-small.csv,0.00021701388888888888,30,0.009155,0.00911,0.00921,0.9939923539049699,False,False
gradient-compression,773ccccc257597721840d373c9f3e73e670a8d255c39e3a3e354a1d2571356c3,589824,1,128,0.0,0,bits-sq,512,128,4,upload_shared,/home/jirka/research/2024/bits-knn-jpdc2024/data/application-scaling/bw01-35760924/gradient-compression-small.csv,0.00021701388888888888,1,0.15223799999999998,0.15223799999999998,0.15223799999999998,1.0763278550690365,False,False
gradient-compression,773ccccc257597721840d373c9f3e73e670a8d255c39e3a3e354a1d2571356c3,589824,1,128,0.0,0,bits-sq,512,128,7,download,/home/jirka/research/2024/bits-knn-jpdc2024/data/application-scaling/bw01-35760924/gradient-compression-small.csv,0.00021701388888888888,30,0.0087,0.0079325,0.00880475,0.9057471264367819,False,False
gradient-compression,773ccccc257597721840d373c9f3e73e670a8d255c39e3a3e354a1d2571356c3,589824,1,128,0.0,0,bits-sq,512,128,7,operator,/home/jirka/research/2024/bits-knn-jpdc2024/data/application-scaling/bw01-35760924/gradient-compression-small.csv,0.00021701388888888888,30,0.097279,0.09717425,0.0974265,0.38311968667441065,False,False
gradient-compression,773ccccc257597721840d373c9f3e73e670a8d255c39e3a3e354a1d2571356c3,589824,1,128,0.0,0,bits-sq,512,128,7,output_isolated,/home/jirka/research/2024/bits-knn-jpdc2024/data/application-scaling/bw01-35760924/gradient-compression-small.csv,0.00021701388888888888,30,0.008245,0.008199999999999999,0.00834675,0.9950879320800484,False,False
gradient-compression,773ccccc257597721840d373c9f3e73e670a8d255c39e3a3e354a1d2571356c3,589824,1,128,0.0,0,bits-sq,512,128,7,selection_isolated,/home/jirka/research/2024/bits-knn-jpdc2024/data/application-scaling/bw01-35760924/gradient-compression-small.csv,0.00021701388888888888,30,0.087834,0.08771224999999999,0.087939,0.3075631304506228,False,False
gradient-compression,773ccccc257597721840d373c9f3e73e670a8d255c39e3a3e354a1d2571356c3,589824,1,128,0.0,0,bits-sq,512,128,7,transform_isolated,/home/jirka/research/2024/bits-knn-jpdc2024/data/application-scaling/bw01-35760924/gradient-compression-small.csv,0.00021701388888888888,30,0.009094999999999999,0.00905025,0.009215,1.000549752611325,False,False
gradient-compression,773ccccc257597721840d373c9f3e73e670a8d255c39e3a3e354a1d2571356c3,589824,1,128,0.0,0,bits-sq,512,128,7,upload_shared,/home/jirka/research/2024/bits-knn-jpdc2024/data/application-scaling/bw01-35760924/gradient-compression-small.csv,0.00021701388888888888,1,0.145339,0.145339,0.145339,1.1274193437411844,False,False
gradient-compression,773ccccc257597721840d373c9f3e73e670a8d255c39e3a3e354a1d2571356c3,589824,1,128,0.0,0,bits-sq,512,128,8,download,/home/jirka/research/2024/bits-knn-jpdc2024/data/application-scaling/bw01-35760924/gradient-compression-small.csv,0.00021701388888888888,30,0.008699499999999999,0.0080425,0.00882,0.9057991838611418,False,False
gradient-compression,773ccccc257597721840d373c9f3e73e670a8d255c39e3a3e354a1d2571356c3,589824,1,128,0.0,0,bits-sq,512,128,8,operator,/home/jirka/research/2024/bits-knn-jpdc2024/data/application-scaling/bw01-35760924/gradient-compression-small.csv,0.00021701388888888888,30,0.0939585,0.093859,0.09413075,0.39665916335403395,False,False
gradient-compression,773ccccc257597721840d373c9f3e73e670a8d255c39e3a3e354a1d2571356c3,589824,1,128,0.0,0,bits-sq,512,128,8,output_isolated,/home/jirka/research/2024/bits-knn-jpdc2024/data/application-scaling/bw01-35760924/gradient-compression-small.csv,0.00021701388888888888,30,0.008215,0.00812,0.008312499999999999,0.9987218502738893,False,False
gradient-compression,773ccccc257597721840d373c9f3e73e670a8d255c39e3a3e354a1d2571356c3,589824,1,128,0.0,0,bits-sq,512,128,8,selection_isolated,/home/jirka/research/2024/bits-knn-jpdc2024/data/application-scaling/bw01-35760924/gradient-compression-small.csv,0.00021701388888888888,30,0.084484,0.084304,0.084579,0.31975877089152976,False,False
gradient-compression,773ccccc257597721840d373c9f3e73e670a8d255c39e3a3e354a1d2571356c3,589824,1,128,0.0,0,bits-sq,512,128,8,transform_isolated,/home/jirka/research/2024/bits-knn-jpdc2024/data/application-scaling/bw01-35760924/gradient-compression-small.csv,0.00021701388888888888,30,0.009075,0.0090275,0.009135,1.002754820936639,False,False
gradient-compression,773ccccc257597721840d373c9f3e73e670a8d255c39e3a3e354a1d2571356c3,589824,1,128,0.0,0,bits-sq,512,128,8,upload_shared,/home/jirka/research/2024/bits-knn-jpdc2024/data/application-scaling/bw01-35760924/gradient-compression-small.csv,0.00021701388888888888,1,0.146438,0.146438,0.146438,1.1189581939114162,False,False
gradient-compression,773ccccc257597721840d373c9f3e73e670a8d255c39e3a3e354a1d2571356c3,589824,1,128,0.0,0,bits-sq,512,128,13,download,/home/jirka/research/2024/bits-knn-jpdc2024/data/application-scaling/bw01-35760924/gradient-compression-small.csv,0.00021701388888888888,30,0.00883,0.00797225,0.0088575,0.8924122310305779,False,False
gradient-compression,773ccccc257597721840d373c9f3e73e670a8d255c39e3a3e354a1d2571356c3,589824,1,128,0.0,0,bits-sq,512,128,13,operator,/home/jirka/research/2024/bits-knn-jpdc2024/data/application-scaling/bw01-35760924/gradient-compression-small.csv,0.00021701388888888888,30,0.09309900000000002,0.09288875,0.09325900000000001,0.40032116349262603,False,False
gradient-compression,773ccccc257597721840d373c9f3e73e670a8d255c39e3a3e354a1d2571356c3,589824,1,128,0.0,0,bits-sq,512,128,13,output_isolated,/home/jirka/research/2024/bits-knn-jpdc2024/data/application-scaling/bw01-35760924/gradient-compression-small.csv,0.00021701388888888888,30,0.0082345,0.008165,0.00836,0.9963567915477564,False,False
gradient-compression,773ccccc257597721840d373c9f3e73e670a8d255c39e3a3e354a1d2571356c3,589824,1,128,0.0,0,bits-sq,512,128,13,selection_isolated,/home/jirka/research/2024/bits-knn-jpdc2024/data/application-scaling/bw01-35760924/gradient-compression-small.csv,0.00021701388888888888,30,0.08370899999999999,0.08361075,0.0837965,0.3227191819278692,False,False
gradient-compression,773ccccc257597721840d373c9f3e73e670a8d255c39e3a3e354a1d2571356c3,589824,1,128,0.0,0,bits-sq,512,128,13,transform_isolated,/home/jirka/research/2024/bits-knn-jpdc2024/data/application-scaling/bw01-35760924/gradient-compression-small.csv,0.00021701388888888888,30,0.0090595,0.008975,0.009157249999999999,1.0044704453888182,False,False
gradient-compression,773ccccc257597721840d373c9f3e73e670a8d255c39e3a3e354a1d2571356c3,589824,1,128,0.0,0,bits-sq,512,128,13,upload_shared,/home/jirka/research/2024/bits-knn-jpdc2024/data/application-scaling/bw01-35760924/gradient-compression-small.csv,0.00021701388888888888,1,0.146528,0.146528,0.146528,1.1182709106791875,False,False
gradient-compression,773ccccc257597721840d373c9f3e73e670a8d255c39e3a3e354a1d2571356c3,589824,1,128,0.0,0,bits-sq,512,128,16,download,/home/jirka/research/2024/bits-knn-jpdc2024/data/application-scaling/bw01-35760924/gradient-compression-small.csv,0.00021701388888888888,30,0.00872,0.008085000000000002,0.00888175,0.9036697247706423,False,False
gradient-compression,773ccccc257597721840d373c9f3e73e670a8d255c39e3a3e354a1d2571356c3,589824,1,128,0.0,0,bits-sq,512,128,16,operator,/home/jirka/research/2024/bits-knn-jpdc2024/data/application-scaling/bw01-35760924/gradient-compression-small.csv,0.00021701388888888888,30,0.100199,0.1001365,0.10036400000000001,0.37195480992824276,False,False
gradient-compression,773ccccc257597721840d373c9f3e73e670a8d255c39e3a3e354a1d2571356c3,589824,1,128,0.0,0,bits-sq,512,128,16,output_isolated,/home/jirka/research/2024/bits-knn-jpdc2024/data/application-scaling/bw01-35760924/gradient-compression-small.csv,0.00021701388888888888,30,0.00831,0.008202499999999998,0.0084,0.9873044524669073,False,False
gradient-compression,773ccccc257597721840d373c9f3e73e670a8d255c39e3a3e354a1d2571356c3,589824,1,128,0.0,0,bits-sq,512,128,16,selection_isolated,/home/jirka/research/2024/bits-knn-jpdc2024/data/application-scaling/bw01-35760924/gradient-compression-small.csv,0.00021701388888888888,30,0.09070399999999999,0.09058175,0.09083649999999999,0.29783140765567123,False,False
gradient-compression,773ccccc257597721840d373c9f3e73e670a8d255c39e3a3e354a1d2571356c3,589824,1,128,0.0,0,bits-sq,512,128,16,transform_isolated,/home/jirka/research/2024/bits-knn-jpdc2024/data/application-scaling/bw01-35760924/gradient-compression-small.csv,0.00021701388888888888,30,0.009104999999999999,0.009065,0.0091675,0.99945085118067,False,False
gradient-compression,773ccccc257597721840d373c9f3e73e670a8d255c39e3a3e354a1d2571356c3,589824,1,128,0.0,0,bits-sq,512,128,16,upload_shared,/home/jirka/research/2024/bits-knn-jpdc2024/data/application-scaling/bw01-35760924/gradient-compression-small.csv,0.00021701388888888888,1,0.14856799999999998,0.14856799999999998,0.14856799999999998,1.1029158365193044,False,False
gradient-compression,773ccccc257597721840d373c9f3e73e670a8d255c39e3a3e354a1d2571356c3,589824,1,128,0.0,0,bits-sq,512,256,4,download,/home/jirka/research/2024/bits-knn-jpdc2024/data/application-scaling/bw01-35760924/gradient-compression-small.csv,0.00021701388888888888,30,0.00882,0.008209999999999999,0.0089025,0.8934240362811794,False,False
gradient-compression,773ccccc257597721840d373c9f3e73e670a8d255c39e3a3e354a1d2571356c3,589824,1,128,0.0,0,bits-sq,512,256,4,operator,/home/jirka/research/2024/bits-knn-jpdc2024/data/application-scaling/bw01-35760924/gradient-compression-small.csv,0.00021701388888888888,30,0.082154,0.0820715,0.08224474999999999,0.4536541130072789,False,False
gradient-compression,773ccccc257597721840d373c9f3e73e670a8d255c39e3a3e354a1d2571356c3,589824,1,128,0.0,0,bits-sq,512,256,4,output_isolated,/home/jirka/research/2024/bits-knn-jpdc2024/data/application-scaling/bw01-35760924/gradient-compression-small.csv,0.00021701388888888888,30,0.00826,0.008202499999999998,0.008365,0.9932808716707022,False,False
gradient-compression,773ccccc257597721840d373c9f3e73e670a8d255c39e3a3e354a1d2571356c3,589824,1,128,0.0,0,bits-sq,512,256,4,selection_isolated,/home/jirka/research/2024/bits-knn-jpdc2024/data/application-scaling/bw01-35760924/gradient-compression-small.csv,0.00021701388888888888,30,0.072569,0.07247925,0.07260675,0.37225950474720615,False,False
gradient-compression,773ccccc257597721840d373c9f3e73e670a8d255c39e3a3e354a1d2571356c3,589824,1,128,0.0,0,bits-sq,512,256,4,transform_isolated,/home/jirka/research/2024/bits-knn-jpdc2024/data/application-scaling/bw01-35760924/gradient-compression-small.csv,0.00021701388888888888,30,0.009145,0.009054999999999999,0.00923,0.9950792782941497,False,False
gradient-compression,773ccccc257597721840d373c9f3e73e670a8d255c39e3a3e354a1d2571356c3,589824,1,128,0.0,0,bits-sq,512,256,4,upload_shared,/home/jirka/research/2024/bits-knn-jpdc2024/data/application-scaling/bw01-35760924/gradient-compression-small.csv,0.00021701388888888888,1,0.145859,0.145859,0.145859,1.1233999958864382,False,False
gradient-compression,773ccccc257597721840d373c9f3e73e670a8d255c39e3a3e354a1d2571356c3,589824,1,128,0.0,0,bits-sq,512,256,7,download,/home/jirka/research/2024/bits-knn-jpdc2024/data/application-scaling/bw01-35760924/gradient-compression-small.csv,0.00021701388888888888,30,0.008695,0.00857225,0.0088775,0.9062679700977575,False,False
gradient-compression,773ccccc257597721840d373c9f3e73e670a8d255c39e3a3e354a1d2571356c3,589824,1,128,0.0,0,bits-sq,512,256,7,operator,/home/jirka/research/2024/bits-knn-jpdc2024/data/application-scaling/bw01-35760924/gradient-compression-small.csv,0.00021701388888888888,30,0.078599,0.07846625,0.078824,0.4741726993982111,False,False
gradient-compression,773ccccc257597721840d373c9f3e73e670a8d255c39e3a3e354a1d2571356c3,589824,1,128,0.0,0,bits-sq,512,256,7,output_isolated,/home/jirka/research/2024/bits-knn-jpdc2024/data/application-scaling/bw01-35760924/gradient-compression-small.csv,0.00021701388888888888,30,0.008269499999999999,0.008199749999999999,0.008362499999999998,0.992139790797509,False,False
gradient-compression,773ccccc257597721840d373c9f3e73e670a8d255c39e3a3e354a1d2571356c3,589824,1,128,0.0,0,bits-sq,512,256,7,selection_isolated,/home/jirka/research/2024/bits-knn-jpdc2024/data/application-scaling/bw01-35760924/gradient-compression-small.csv,0.00021701388888888888,30,0.069084,0.0689675,0.069199,0.3910384459498581,False,False
gradient-compression,773ccccc257597721840d373c9f3e73e670a8d255c39e3a3e354a1d2571356c3,589824,1,128,0.0,0,bits-sq,512,256,7,transform_isolated,/home/jirka/research/2024/bits-knn-jpdc2024/data/application-scaling/bw01-35760924/gradient-compression-small.csv,0.00021701388888888888,30,0.00908,0.00901,0.0091175,1.002202643171806,False,False
gradient-compression,773ccccc257597721840d373c9f3e73e670a8d255c39e3a3e354a1d2571356c3,589824,1,128,0.0,0,bits-sq,512,256,7,upload_shared,/home/jirka/research/2024/bits-knn-jpdc2024/data/application-scaling/bw01-35760924/gradient-compression-small.csv,0.00021701388888888888,1,0.15193800000000002,0.15193800000000002,0.15193800000000002,1.078453053219076,False,False
gradient-compression,773ccccc257597721840d373c9f3e73e670a8d255c39e3a3e354a1d2571356c3,589824,1,128,0.0,0,bits-sq,512,256,8,download,/home/jirka/research/2024/bits-knn-jpdc2024/data/application-scaling/bw01-35760924/gradient-compression-small.csv,0.00021701388888888888,30,0.008765,0.00869,0.00887675,0.8990302338847691,False,False
gradient-compression,773ccccc257597721840d373c9f3e73e670a8d255c39e3a3e354a1d2571356c3,589824,1,128,0.0,0,bits-sq,512,256,8,operator,/home/jirka/research/2024/bits-knn-jpdc2024/data/application-scaling/bw01-35760924/gradient-compression-small.csv,0.00021701388888888888,30,0.080564,0.080539,0.08069649999999999,0.46260736805521074,False,False
gradient-compression,773ccccc257597721840d373c9f3e73e670a8d255c39e3a3e354a1d2571356c3,589824,1,128,0.0,0,bits-sq,512,256,8,output_isolated,/home/jirka/research/2024/bits-knn-jpdc2024/data/application-scaling/bw01-35760924/gradient-compression-small.csv,0.00021701388888888888,30,0.0083295,0.008293000000000002,0.008462500000000001,0.9849930968245393,False,False
gradient-compression,773ccccc257597721840d373c9f3e73e670a8d255c39e3a3e354a1d2571356c3,589824,1,128,0.0,0,bits-sq,512,256,8,selection_isolated,/home/jirka/research/2024/bits-knn-jpdc2024/data/application-scaling/bw01-35760924/gradient-compression-small.csv,0.00021701388888888888,30,0.0710745,0.0710115,0.07118225,0.3800870917136244,False,False
gradient-compression,773ccccc257597721840d373c9f3e73e670a8d255c39e3a3e354a1d2571356c3,589824,1,128,0.0,0,bits-sq,512,256,8,transform_isolated,/home/jirka/research/2024/bits-knn-jpdc2024/data/application-scaling/bw01-35760924/gradient-compression-small.csv,0.00021701388888888888,30,0.009130000000000001,0.009062500000000001,0.00918,0.9967141292442495,False,False
gradient-compression,773ccccc257597721840d373c9f3e73e670a8d255c39e3a3e354a1d2571356c3,589824,1,128,0.0,0,bits-sq,512,256,8,upload_shared,/home/jirka/research/2024/bits-knn-jpdc2024/data/application-scaling/bw01-35760924/gradient-compression-small.csv,0.00021701388888888888,1,0.150339,0.150339,0.150339,1.0899234396929605,False,False
gradient-compression,773ccccc257597721840d373c9f3e73e670a8d255c39e3a3e354a1d2571356c3,589824,1,128,0.0,0,bits-sq,512,256,13,download,/home/jirka/research/2024/bits-knn-jpdc2024/data/application-scaling/bw01-35760924/gradient-compression-small.csv,0.00021701388888888888,30,0.008834999999999999,0.008722500000000001,0.008924749999999999,0.8919071873231469,False,False
gradient-compression,773ccccc257597721840d373c9f3e73e670a8d255c39e3a3e354a1d2571356c3,589824,1,128,0.0,0,bits-sq,512,256,13,operator,/home/jirka/research/2024/bits-knn-jpdc2024/data/application-scaling/bw01-35760924/gradient-compression-small.csv,0.00021701388888888888,30,0.087329,0.08719225,0.08741399999999999,0.4267711756690217,False,False
gradient-compression,773ccccc257597721840d373c9f3e73e670a8d255c39e3a3e354a1d2571356c3,589824,1,128,0.0,0,bits-sq,512,256,13,output_isolated,/home/jirka/research/2024/bits-knn-jpdc2024/data/application-scaling/bw01-35760924/gradient-compression-small.csv,0.00021701388888888888,30,0.0082945,0.0082125,0.00845,0.9891494363735005,False,False
gradient-compression,773ccccc257597721840d373c9f3e73e670a8d255c39e3a3e354a1d2571356c3,589824,1,128,0.0,0,bits-sq,512,256,13,selection_isolated,/home/jirka/research/2024/bits-knn-jpdc2024/data/application-scaling/bw01-35760924/gradient-compression-small.csv,0.00021701388888888888,30,0.0778745,0.07769475,0.0779715,0.3468978934054151,False,False
gradient-compression,773ccccc257597721840d373c9f3e73e670a8d255c39e3a3e354a1d2571356c3,589824,1,128,0.0,0,bits-sq,512,256,13,transform_isolated,/home/jirka/research/2024/bits-knn-jpdc2024/data/application-scaling/bw01-35760924/gradient-compression-small.csv,0.00021701388888888888,30,0.0091245,0.009062500000000001,0.009219999999999999,0.9973149213655541,False,False
gradient-compression,773ccccc257597721840d373c9f3e73e670a8d255c39e3a3e354a1d2571356c3,589824,1,128,0.0,0,bits-sq,512,256,13,upload_shared,/home/jirka/research/2024/bits-knn-jpdc2024/data/application-scaling/bw01-35760924/gradient-compression-small.csv,0.00021701388888888888,1,0.14649800000000002,0.14649800000000002,0.14649800000000002,1.118499911261587,False,False
gradient-compression,773ccccc257597721840d373c9f3e73e670a8d255c39e3a3e354a1d2571356c3,589824,1,128,0.0,0,bits-sq,512,256,16,download,/home/jirka/research/2024/bits-knn-jpdc2024/data/application-scaling/bw01-35760924/gradient-compression-small.csv,0.00021701388888888888,30,0.0087095,0.00868,0.008855,0.9047591710201506,False,False
gradient-compression,773ccccc257597721840d373c9f3e73e670a8d255c39e3a3e354a1d2571356c3,589824,1,128,0.0,0,bits-sq,512,256,16,operator,/home/jirka/research/2024/bits-knn-jpdc2024/data/application-scaling/bw01-35760924/gradient-compression-small.csv,0.00021701388888888888,30,0.089584,0.0894365,0.089784,0.41602853188069294,False,False
gradient-compression,773ccccc257597721840d373c9f3e73e670a8d255c39e3a3e354a1d2571356c3,589824,1,128,0.0,0,bits-sq,512,256,16,output_isolated,/home/jirka/research/2024/bits-knn-jpdc2024/data/application-scaling/bw01-35760924/gradient-compression-small.csv,0.00021701388888888888,30,0.008355,0.008255,0.0084575,0.9819868342309994,False,False
gradient-compression,773ccccc257597721840d373c9f3e73e670a8d255c39e3a3e354a1d2571356c3,589824,1,128,0.0,0,bits-sq,512,256,16,selection_isolated,/home/jirka/research/2024/bits-knn-jpdc2024/data/application-scaling/bw01-35760924/gradient-compression-small.csv,0.00021701388888888888,30,0.080264,0.08006150000000001,0.08038,0.33657056712847605,False,False
gradient-compression,773ccccc257597721840d373c9f3e73e670a8d255c39e3a3e354a1d2571356c3,589824,1,128,0.0,0,bits-sq,512,256,16,transform_isolated,/home/jirka/research/2024/bits-knn-jpdc2024/data/application-scaling/bw01-35760924/gradient-compression-small.csv,0.00021701388888888888,30,0.009170000000000001,0.009132500000000002,0.009237500000000001,0.9923664122137402,False,False
gradient-compression,773ccccc257597721840d373c9f3e73e670a8d255c39e3a3e354a1d2571356c3,589824,1,128,0.0,0,bits-sq,512,256,16,upload_shared,/home/jirka/research/2024/bits-knn-jpdc2024/data/application-scaling/bw01-35760924/gradient-compression-small.csv,0.00021701388888888888,1,0.146898,0.146898,0.146898,1.1154542607795883,False,False
gradient-compression,773ccccc257597721840d373c9f3e73e670a8d255c39e3a3e354a1d2571356c3,589824,1,128,0.0,0,bits-sq,512,512,4,download,/home/jirka/research/2024/bits-knn-jpdc2024/data/application-scaling/bw01-35760924/gradient-compression-small.csv,0.00021701388888888888,30,0.00884,0.00883,0.00886,0.8914027149321269,False,False
gradient-compression,773ccccc257597721840d373c9f3e73e670a8d255c39e3a3e354a1d2571356c3,589824,1,128,0.0,0,bits-sq,512,512,4,operator,/home/jirka/research/2024/bits-knn-jpdc2024/data/application-scaling/bw01-35760924/gradient-compression-small.csv,0.00021701388888888888,30,0.07184950000000001,0.0716915,0.07196175,0.5187162054015685,False,False
gradient-compression,773ccccc257597721840d373c9f3e73e670a8d255c39e3a3e354a1d2571356c3,589824,1,128,0.0,0,bits-sq,512,512,4,output_isolated,/home/jirka/research/2024/bits-knn-jpdc2024/data/application-scaling/bw01-35760924/gradient-compression-small.csv,0.00021701388888888888,30,0.008225,0.00815,0.008280000000000001,0.9975075987841946,False,False
gradient-compression,773ccccc257597721840d373c9f3e73e670a8d255c39e3a3e354a1d2571356c3,589824,1,128,0.0,0,bits-sq,512,512,4,selection_isolated,/home/jirka/research/2024/bits-knn-jpdc2024/data/application-scaling/bw01-35760924/gradient-compression-small.csv,0.00021701388888888888,30,0.06226949999999999,0.062189249999999995,0.062477250000000005,0.4338319723138937,False,False
gradient-compression,773ccccc257597721840d373c9f3e73e670a8d255c39e3a3e354a1d2571356c3,589824,1,128,0.0,0,bits-sq,512,512,4,transform_isolated,/home/jirka/research/2024/bits-knn-jpdc2024/data/application-scaling/bw01-35760924/gradient-compression-small.csv,0.00021701388888888888,30,0.00904,0.008972500000000001,0.00911,1.0066371681415929,False,False
gradient-compression,773ccccc257597721840d373c9f3e73e670a8d255c39e3a3e354a1d2571356c3,589824,1,128,0.0,0,bits-sq,512,512,4,upload_shared,/home/jirka/research/2024/bits-knn-jpdc2024/data/application-scaling/bw01-35760924/gradient-compression-small.csv,0.00021701388888888888,1,0.146169,0.146169,0.146169,1.1210174524009877,False,False
gradient-compression,773ccccc257597721840d373c9f3e73e670a8d255c39e3a3e354a1d2571356c3,589824,1,128,0.0,0,bits-sq,512,512,7,download,/home/jirka/research/2024/bits-knn-jpdc2024/data/application-scaling/bw01-35760924/gradient-compression-small.csv,0.00021701388888888888,30,0.0088295,0.008722500000000001,0.00885975,0.8924627668610908,False,False
gradient-compression,773ccccc257597721840d373c9f3e73e670a8d255c39e3a3e354a1d2571356c3,589824,1,128,0.0,0,bits-sq,512,512,7,operator,/home/jirka/research/2024/bits-knn-jpdc2024/data/application-scaling/bw01-35760924/gradient-compression-small.csv,0.00021701388888888888,30,0.0733995,0.07325925,0.07355249999999999,0.5077623144571829,False,False
gradient-compression,773ccccc257597721840d373c9f3e73e670a8d255c39e3a3e354a1d2571356c3,589824,1,128,0.0,0,bits-sq,512,512,7,output_isolated,/home/jirka/research/2024/bits-knn-jpdc2024/data/application-scaling/bw01-35760924/gradient-compression-small.csv,0.00021701388888888888,30,0.0083345,0.008209999999999999,0.008405000000000001,0.9844021836942828,False,False
gradient-compression,773ccccc257597721840d373c9f3e73e670a8d255c39e3a3e354a1d2571356c3,589824,1,128,0.0,0,bits-sq,512,512,7,selection_isolated,/home/jirka/research/2024/bits-knn-jpdc2024/data/application-scaling/bw01-35760924/gradient-compression-small.csv,0.00021701388888888888,30,0.06387499999999999,0.063744,0.064,0.42292759295499033,False,False
gradient-compression,773ccccc257597721840d373c9f3e73e670a8d255c39e3a3e354a1d2571356c3,589824,1,128,0.0,0,bits-sq,512,512,7,transform_isolated,/home/jirka/research/2024/bits-knn-jpdc2024/data/application-scaling/bw01-35760924/gradient-compression-small.csv,0.00021701388888888888,30,0.009055500000000001,0.009000000000000001,0.00918675,1.0049141405775492,False,False
gradient-compression,773ccccc257597721840d373c9f3e73e670a8d255c39e3a3e354a1d2571356c3,589824,1,128,0.0,0,bits-sq,512,512,7,upload_shared,/home/jirka/research/2024/bits-knn-jpdc2024/data/application-scaling/bw01-35760924/gradient-compression-small.csv,0.00021701388888888888,1,0.147538,0.147538,0.147538,1.1106155702259755,False,False
gradient-compression,773ccccc257597721840d373c9f3e73e670a8d255c39e3a3e354a1d2571356c3,589824,1,128,0.0,0,bits-sq,512,512,8,download,/home/jirka/research/2024/bits-knn-jpdc2024/data/application-scaling/bw01-35760924/gradient-compression-small.csv,0.00021701388888888888,30,0.0086845,0.007997500000000001,0.0088525,0.9073636939374751,False,False
gradient-compression,773ccccc257597721840d373c9f3e73e670a8d255c39e3a3e354a1d2571356c3,589824,1,128,0.0,0,bits-sq,512,512,8,operator,/home/jirka/research/2024/bits-knn-jpdc2024/data/application-scaling/bw01-35760924/gradient-compression-small.csv,0.00021701388888888888,30,0.07295900000000001,0.0728415,0.073069,0.5108279992872709,False,False
gradient-compression,773ccccc257597721840d373c9f3e73e670a8d255c39e3a3e354a1d2571356c3,589824,1,128,0.0,0,bits-sq,512,512,8,output_isolated,/home/jirka/research/2024/bits-knn-jpdc2024/data/application-scaling/bw01-35760924/gradient-compression-small.csv,0.00021701388888888888,30,0.008314499999999999,0.0082725,0.008385,0.9867701004269651,False,False
gradient-compression,773ccccc257597721840d373c9f3e73e670a8d255c39e3a3e354a1d2571356c3,589824,1,128,0.0,0,bits-sq,512,512,8,selection_isolated,/home/jirka/research/2024/bits-knn-jpdc2024/data/application-scaling/bw01-35760924/gradient-compression-small.csv,0.00021701388888888888,30,0.063344,0.0632815,0.06350900000000001,0.42647290982571356,False,False
gradient-compression,773ccccc257597721840d373c9f3e73e670a8d255c39e3a3e354a1d2571356c3,589824,1,128,0.0,0,bits-sq,512,512,8,transform_isolated,/home/jirka/research/2024/bits-knn-jpdc2024/data/application-scaling/bw01-35760924/gradient-compression-small.csv,0.00021701388888888888,30,0.009130000000000001,0.009072499999999999,0.0091675,0.9967141292442495,False,False
gradient-compression,773ccccc257597721840d373c9f3e73e670a8d255c39e3a3e354a1d2571356c3,589824,1,128,0.0,0,bits-sq,512,512,8,upload_shared,/home/jirka/research/2024/bits-knn-jpdc2024/data/application-scaling/bw01-35760924/gradient-compression-small.csv,0.00021701388888888888,1,0.148498,0.148498,0.148498,1.1034357365082357,False,False
gradient-compression,773ccccc257597721840d373c9f3e73e670a8d255c39e3a3e354a1d2571356c3,589824,1,128,0.0,0,bits-sq,512,512,13,download,/home/jirka/research/2024/bits-knn-jpdc2024/data/application-scaling/bw01-35760924/gradient-compression-small.csv,0.00021701388888888888,30,0.00883,0.00880225,0.00886,0.8924122310305779,False,False
gradient-compression,773ccccc257597721840d373c9f3e73e670a8d255c39e3a3e354a1d2571356c3,589824,1,128,0.0,0,bits-sq,512,512,13,operator,/home/jirka/research/2024/bits-knn-jpdc2024/data/application-scaling/bw01-35760924/gradient-compression-small.csv,0.00021701388888888888,30,0.087769,0.0876615,0.0878875,0.4246317036766967,False,False
gradient-compression,773ccccc257597721840d373c9f3e73e670a8d255c39e3a3e354a1d2571356c3,589824,1,128,0.0,0,bits-sq,512,512,13,output_isolated,/home/jirka/research/2024/bits-knn-jpdc2024/data/application-scaling/bw01-35760924/gradient-compression-small.csv,0.00021701388888888888,30,0.008255,0.00822,0.008345,0.9938824954572986,False,False
gradient-compression,773ccccc257597721840d373c9f3e73e670a8d255c39e3a3e354a1d2571356c3,589824,1,128,0.0,0,bits-sq,512,512,13,selection_isolated,/home/jirka/research/2024/bits-knn-jpdc2024/data/application-scaling/bw01-35760924/gradient-compression-small.csv,0.00021701388888888888,30,0.07825399999999999,0.07812150000000001,0.078309,0.3452155800342475,False,False
gradient-compression,773ccccc257597721840d373c9f3e73e670a8d255c39e3a3e354a1d2571356c3,589824,1,128,0.0,0,bits-sq,512,512,13,transform_isolated,/home/jirka/research/2024/bits-knn-jpdc2024/data/application-scaling/bw01-35760924/gradient-compression-small.csv,0.00021701388888888888,30,0.009125000000000001,0.00907225,0.009205,0.9972602739726024,False,False
gradient-compression,773ccccc257597721840d373c9f3e73e670a8d255c39e3a3e354a1d2571356c3,589824,1,128,0.0,0,bits-sq,512,512,13,upload_shared,/home/jirka/research/2024/bits-knn-jpdc2024/data/application-scaling/bw01-35760924/gradient-compression-small.csv,0.00021701388888888888,1,0.140868,0.140868,0.140868,1.163202430644291,False,False
gradient-compression,773ccccc257597721840d373c9f3e73e670a8d255c39e3a3e354a1d2571356c3,589824,1,128,0.0,0,bits-sq,512,512,16,download,/home/jirka/research/2024/bits-knn-jpdc2024/data/application-scaling/bw01-35760924/gradient-compression-small.csv,0.00021701388888888888,30,0.00882,0.008339,0.00885975,0.8934240362811794,False,False
gradient-compression,773ccccc257597721840d373c9f3e73e670a8d255c39e3a3e354a1d2571356c3,589824,1,128,0.0,0,bits-sq,512,512,16,operator,/home/jirka/research/2024/bits-knn-jpdc2024/data/application-scaling/bw01-35760924/gradient-compression-small.csv,0.00021701388888888888,30,0.092894,0.09271900000000001,0.0930165,0.4012045987900187,False,False
gradient-compression,773ccccc257597721840d373c9f3e73e670a8d255c39e3a3e354a1d2571356c3,589824,1,128,0.0,0,bits-sq,512,512,16,output_isolated,/home/jirka/research/2024/bits-knn-jpdc2024/data/application-scaling/bw01-35760924/gradient-compression-small.csv,0.00021701388888888888,30,0.008235000000000001,0.00817925,0.0083075,0.9962962962962961,False,False
gradient-compression,773ccccc257597721840d373c9f3e73e670a8d255c39e3a3e354a1d2571356c3,589824,1,128,0.0,0,bits-sq,512,512,16,selection_isolated,/home/jirka/research/2024/bits-knn-jpdc2024/data/application-scaling/bw01-35760924/gradient-compression-small.csv,0.00021701388888888888,30,0.083409,0.0832515,0.08351149999999999,0.3238799170353319,False,False
gradient-compression,773ccccc257597721840d373c9f3e73e670a8d255c39e3a3e354a1d2571356c3,589824,1,128,0.0,0,bits-sq,512,512,16,transform_isolated,/home/jirka/research/2024/bits-knn-jpdc2024/data/application-scaling/bw01-35760924/gradient-compression-small.csv,0.00021701388888888888,30,0.0090895,0.00906225,0.009177,1.001155179052753,False,False
gradient-compression,773ccccc257597721840d373c9f3e73e670a8d255c39e3a3e354a1d2571356c3,589824,1,128,0.0,0,bits-sq,512,512,16,upload_shared,/home/jirka/research/2024/bits-knn-jpdc2024/data/application-scaling/bw01-35760924/gradient-compression-small.csv,0.00021701388888888888,1,0.14829799999999999,0.14829799999999999,0.14829799999999999,1.1049238695059946,False,False
gradient-compression,773ccccc257597721840d373c9f3e73e670a8d255c39e3a3e354a1d2571356c3,589824,1,128,0.0,0,block-select,1,128,3,download,/home/jirka/research/2024/bits-knn-jpdc2024/data/application-scaling/bw01-35760924/gradient-compression-small.csv,0.00021701388888888888,30,0.008695,0.007880000000000002,0.00883,0.9062679700977575,False,False
gradient-compression,773ccccc257597721840d373c9f3e73e670a8d255c39e3a3e354a1d2571356c3,589824,1,128,0.0,0,block-select,1,128,3,operator,/home/jirka/research/2024/bits-knn-jpdc2024/data/application-scaling/bw01-35760924/gradient-compression-small.csv,0.00021701388888888888,30,0.92474,0.92434,0.92547,0.04030267967212405,False,False
gradient-compression,773ccccc257597721840d373c9f3e73e670a8d255c39e3a3e354a1d2571356c3,589824,1,128,0.0,0,block-select,1,128,3,output_isolated,/home/jirka/research/2024/bits-knn-jpdc2024/data/application-scaling/bw01-35760924/gradient-compression-small.csv,0.00021701388888888888,30,0.00853,0.00833975,0.00881,0.9618405627198124,False,False
gradient-compression,773ccccc257597721840d373c9f3e73e670a8d255c39e3a3e354a1d2571356c3,589824,1,128,0.0,0,block-select,1,128,3,selection_isolated,/home/jirka/research/2024/bits-knn-jpdc2024/data/application-scaling/bw01-35760924/gradient-compression-small.csv,0.00021701388888888888,30,0.91534,0.91509425,0.9156525,0.029513077107959883,False,False
gradient-compression,773ccccc257597721840d373c9f3e73e670a8d255c39e3a3e354a1d2571356c3,589824,1,128,0.0,0,block-select,1,128,3,transform_isolated,/home/jirka/research/2024/bits-knn-jpdc2024/data/application-scaling/bw01-35760924/gradient-compression-small.csv,0.00021701388888888888,30,0.009125000000000001,0.00904,0.00923,0.9972602739726024,False,False
gradient-compression,773ccccc257597721840d373c9f3e73e670a8d255c39e3a3e354a1d2571356c3,589824,1,128,0.0,0,block-select,1,128,3,upload_shared,/home/jirka/research/2024/bits-knn-jpdc2024/data/application-scaling/bw01-35760924/gradient-compression-small.csv,0.00021701388888888888,1,0.16385799999999998,0.16385799999999998,0.16385799999999998,1.0,False,False
gradient-compression,773ccccc257597721840d373c9f3e73e670a8d255c39e3a3e354a1d2571356c3,589824,1,128,0.0,0,grid-select,1,0,0,download,/home/jirka/research/2024/bits-knn-jpdc2024/data/application-scaling/bw01-35760924/gradient-compression-small.csv,0.00021701388888888888,30,0.00793,0.007875,0.008677500000000001,0.9936948297604038,True,True
gradient-compression,773ccccc257597721840d373c9f3e73e670a8d255c39e3a3e354a1d2571356c3,589824,1,128,0.0,0,grid-select,1,0,0,operator,/home/jirka/research/2024/bits-knn-jpdc2024/data/application-scaling/bw01-35760924/gradient-compression-small.csv,0.00021701388888888888,30,0.0433495,0.042960000000000005,0.0436815,0.8597446337327996,True,True
gradient-compression,773ccccc257597721840d373c9f3e73e670a8d255c39e3a3e354a1d2571356c3,589824,1,128,0.0,0,grid-select,1,0,0,output_isolated,/home/jirka/research/2024/bits-knn-jpdc2024/data/application-scaling/bw01-35760924/gradient-compression-small.csv,0.00021701388888888888,30,0.00817,0.00812,0.008235000000000001,1.0042227662178702,True,True
gradient-compression,773ccccc257597721840d373c9f3e73e670a8d255c39e3a3e354a1d2571356c3,589824,1,128,0.0,0,grid-select,1,0,0,selection_isolated,/home/jirka/research/2024/bits-knn-jpdc2024/data/application-scaling/bw01-35760924/gradient-compression-small.csv,0.00021701388888888888,30,0.0339,0.033701499999999995,0.03404649999999999,0.7968879056047198,True,True
gradient-compression,773ccccc257597721840d373c9f3e73e670a8d255c39e3a3e354a1d2571356c3,589824,1,128,0.0,0,grid-select,1,0,0,transform_isolated,/home/jirka/research/2024/bits-knn-jpdc2024/data/application-scaling/bw01-35760924/gradient-compression-small.csv,0.00021701388888888888,30,0.009115000000000002,0.00900925,0.009177500000000002,0.9983543609434994,True,True
gradient-compression,773ccccc257597721840d373c9f3e73e670a8d255c39e3a3e354a1d2571356c3,589824,1,128,0.0,0,grid-select,1,0,0,upload_shared,/home/jirka/research/2024/bits-knn-jpdc2024/data/application-scaling/bw01-35760924/gradient-compression-small.csv,0.00021701388888888888,1,0.16385799999999998,0.16385799999999998,0.16385799999999998,1.0,True,True
gradient-compression,773ccccc257597721840d373c9f3e73e670a8d255c39e3a3e354a1d2571356c3,589824,1,256,0.0,0,air-topk,1,512,0,download,/home/jirka/research/2024/bits-knn-jpdc2024/data/application-scaling/bw01-35760924/gradient-compression-small.csv,0.00043402777777777775,30,0.008110000000000001,0.00809,0.00815,1.0,True,True
gradient-compression,773ccccc257597721840d373c9f3e73e670a8d255c39e3a3e354a1d2571356c3,589824,1,256,0.0,0,air-topk,1,512,0,operator,/home/jirka/research/2024/bits-knn-jpdc2024/data/application-scaling/bw01-35760924/gradient-compression-small.csv,0.00043402777777777775,30,0.037755,0.03692475,0.038574750000000005,1.0,True,True
gradient-compression,773ccccc257597721840d373c9f3e73e670a8d255c39e3a3e354a1d2571356c3,589824,1,256,0.0,0,air-topk,1,512,0,output_isolated,/home/jirka/research/2024/bits-knn-jpdc2024/data/application-scaling/bw01-35760924/gradient-compression-small.csv,0.00043402777777777775,30,0.00826,0.008199999999999999,0.0083575,1.0,True,True
gradient-compression,773ccccc257597721840d373c9f3e73e670a8d255c39e3a3e354a1d2571356c3,589824,1,256,0.0,0,air-topk,1,512,0,selection_isolated,/home/jirka/research/2024/bits-knn-jpdc2024/data/application-scaling/bw01-35760924/gradient-compression-small.csv,0.00043402777777777775,30,0.027505,0.0273975,0.027772500000000002,1.0,True,True
gradient-compression,773ccccc257597721840d373c9f3e73e670a8d255c39e3a3e354a1d2571356c3,589824,1,256,0.0,0,air-topk,1,512,0,transform_isolated,/home/jirka/research/2024/bits-knn-jpdc2024/data/application-scaling/bw01-35760924/gradient-compression-small.csv,0.00043402777777777775,30,0.009130000000000001,0.00908225,0.009205,1.0,True,True
gradient-compression,773ccccc257597721840d373c9f3e73e670a8d255c39e3a3e354a1d2571356c3,589824,1,256,0.0,0,air-topk,1,512,0,upload_shared,/home/jirka/research/2024/bits-knn-jpdc2024/data/application-scaling/bw01-35760924/gradient-compression-small.csv,0.00043402777777777775,1,0.182898,0.182898,0.182898,1.0,True,True
gradient-compression,773ccccc257597721840d373c9f3e73e670a8d255c39e3a3e354a1d2571356c3,589824,1,256,0.0,0,bits-prefetch,1,128,4,download,/home/jirka/research/2024/bits-knn-jpdc2024/data/application-scaling/bw01-35760924/gradient-compression-small.csv,0.00043402777777777775,30,0.0089,0.008329999999999999,0.0089775,0.9112359550561799,False,False
gradient-compression,773ccccc257597721840d373c9f3e73e670a8d255c39e3a3e354a1d2571356c3,589824,1,256,0.0,0,bits-prefetch,1,128,4,operator,/home/jirka/research/2024/bits-knn-jpdc2024/data/application-scaling/bw01-35760924/gradient-compression-small.csv,0.00043402777777777775,30,0.4908,0.49048475,0.49106475000000005,0.07692542787286062,False,False
gradient-compression,773ccccc257597721840d373c9f3e73e670a8d255c39e3a3e354a1d2571356c3,589824,1,256,0.0,0,bits-prefetch,1,128,4,output_isolated,/home/jirka/research/2024/bits-knn-jpdc2024/data/application-scaling/bw01-35760924/gradient-compression-small.csv,0.00043402777777777775,30,0.00843,0.00828275,0.0087775,0.9798339264531435,False,False
gradient-compression,773ccccc257597721840d373c9f3e73e670a8d255c39e3a3e354a1d2571356c3,589824,1,256,0.0,0,bits-prefetch,1,128,4,selection_isolated,/home/jirka/research/2024/bits-knn-jpdc2024/data/application-scaling/bw01-35760924/gradient-compression-small.csv,0.00043402777777777775,30,0.4813095,0.48110725000000004,0.48170225,0.05714618140718187,False,False
gradient-compression,773ccccc257597721840d373c9f3e73e670a8d255c39e3a3e354a1d2571356c3,589824,1,256,0.0,0,bits-prefetch,1,128,4,transform_isolated,/home/jirka/research/2024/bits-knn-jpdc2024/data/application-scaling/bw01-35760924/gradient-compression-small.csv,0.00043402777777777775,30,0.009120000000000001,0.00906075,0.009254749999999999,1.0010964912280702,False,False
gradient-compression,773ccccc257597721840d373c9f3e73e670a8d255c39e3a3e354a1d2571356c3,589824,1,256,0.0,0,bits-prefetch,1,128,4,upload_shared,/home/jirka/research/2024/bits-knn-jpdc2024/data/application-scaling/bw01-35760924/gradient-compression-small.csv,0.00043402777777777775,1,0.14083800000000002,0.14083800000000002,0.14083800000000002,1.298640991777787,False,False
gradient-compression,773ccccc257597721840d373c9f3e73e670a8d255c39e3a3e354a1d2571356c3,589824,1,256,0.0,0,bits-prefetch,1,128,7,download,/home/jirka/research/2024/bits-knn-jpdc2024/data/application-scaling/bw01-35760924/gradient-compression-small.csv,0.00043402777777777775,30,0.008889999999999999,0.00884925,0.00899075,0.9122609673790779,False,False
gradient-compression,773ccccc257597721840d373c9f3e73e670a8d255c39e3a3e354a1d2571356c3,589824,1,256,0.0,0,bits-prefetch,1,128,7,operator,/home/jirka/research/2024/bits-knn-jpdc2024/data/application-scaling/bw01-35760924/gradient-compression-small.csv,0.00043402777777777775,30,0.377721,0.3775235,0.377921,0.09995472849007601,False,False
gradient-compression,773ccccc257597721840d373c9f3e73e670a8d255c39e3a3e354a1d2571356c3,589824,1,256,0.0,0,bits-prefetch,1,128,7,output_isolated,/home/jirka/research/2024/bits-knn-jpdc2024/data/application-scaling/bw01-35760924/gradient-compression-small.csv,0.00043402777777777775,30,0.008404499999999999,0.008255,0.0085475,0.9828068296745792,False,False
gradient-compression,773ccccc257597721840d373c9f3e73e670a8d255c39e3a3e354a1d2571356c3,589824,1,256,0.0,0,bits-prefetch,1,128,7,selection_isolated,/home/jirka/research/2024/bits-knn-jpdc2024/data/application-scaling/bw01-35760924/gradient-compression-small.csv,0.00043402777777777775,30,0.368151,0.36795875,0.368456,0.074711191875073,False,False
gradient-compression,773ccccc257597721840d373c9f3e73e670a8d255c39e3a3e354a1d2571356c3,589824,1,256,0.0,0,bits-prefetch,1,128,7,transform_isolated,/home/jirka/research/2024/bits-knn-jpdc2024/data/application-scaling/bw01-35760924/gradient-compression-small.csv,0.00043402777777777775,30,0.00918,0.00911,0.009269749999999998,0.9945533769063181,False,False
gradient-compression,773ccccc257597721840d373c9f3e73e670a8d255c39e3a3e354a1d2571356c3,589824,1,256,0.0,0,bits-prefetch,1,128,7,upload_shared,/home/jirka/research/2024/bits-knn-jpdc2024/data/application-scaling/bw01-35760924/gradient-compression-small.csv,0.00043402777777777775,1,0.141898,0.141898,0.141898,1.2889399427757968,False,False
gradient-compression,773ccccc257597721840d373c9f3e73e670a8d255c39e3a3e354a1d2571356c3,589824,1,256,0.0,0,bits-prefetch,1,128,8,download,/home/jirka/research/2024/bits-knn-jpdc2024/data/application-scaling/bw01-35760924/gradient-compression-small.csv,0.00043402777777777775,30,0.00883,0.00814225,0.008935,0.9184597961494906,False,False
gradient-compression,773ccccc257597721840d373c9f3e73e670a8d255c39e3a3e354a1d2571356c3,589824,1,256,0.0,0,bits-prefetch,1,128,8,operator,/home/jirka/research/2024/bits-knn-jpdc2024/data/application-scaling/bw01-35760924/gradient-compression-small.csv,0.00043402777777777775,30,0.37877099999999997,0.378516,0.37886025,0.09967764163571129,False,False
gradient-compression,773ccccc257597721840d373c9f3e73e670a8d255c39e3a3e354a1d2571356c3,589824,1,256,0.0,0,bits-prefetch,1,128,8,output_isolated,/home/jirka/research/2024/bits-knn-jpdc2024/data/application-scaling/bw01-35760924/gradient-compression-small.csv,0.00043402777777777775,30,0.00843,0.008255,0.0085775,0.9798339264531435,False,False
gradient-compression,773ccccc257597721840d373c9f3e73e670a8d255c39e3a3e354a1d2571356c3,589824,1,256,0.0,0,bits-prefetch,1,128,8,selection_isolated,/home/jirka/research/2024/bits-knn-jpdc2024/data/application-scaling/bw01-35760924/gradient-compression-small.csv,0.00043402777777777775,30,0.369286,0.3690135,0.36942850000000005,0.0744815671322498,False,False
gradient-compression,773ccccc257597721840d373c9f3e73e670a8d255c39e3a3e354a1d2571356c3,589824,1,256,0.0,0,bits-prefetch,1,128,8,transform_isolated,/home/jirka/research/2024/bits-knn-jpdc2024/data/application-scaling/bw01-35760924/gradient-compression-small.csv,0.00043402777777777775,30,0.0091095,0.009042499999999998,0.009157499999999999,1.0022503979362205,False,False
gradient-compression,773ccccc257597721840d373c9f3e73e670a8d255c39e3a3e354a1d2571356c3,589824,1,256,0.0,0,bits-prefetch,1,128,8,upload_shared,/home/jirka/research/2024/bits-knn-jpdc2024/data/application-scaling/bw01-35760924/gradient-compression-small.csv,0.00043402777777777775,1,0.14676899999999998,0.14676899999999998,0.14676899999999998,1.246162336733234,False,False
gradient-compression,773ccccc257597721840d373c9f3e73e670a8d255c39e3a3e354a1d2571356c3,589824,1,256,0.0,0,bits-prefetch,1,128,13,download,/home/jirka/research/2024/bits-knn-jpdc2024/data/application-scaling/bw01-35760924/gradient-compression-small.csv,0.00043402777777777775,30,0.00882,0.008077500000000001,0.00889175,0.9195011337868482,False,False
gradient-compression,773ccccc257597721840d373c9f3e73e670a8d255c39e3a3e354a1d2571356c3,589824,1,256,0.0,0,bits-prefetch,1,128,13,operator,/home/jirka/research/2024/bits-knn-jpdc2024/data/application-scaling/bw01-35760924/gradient-compression-small.csv,0.00043402777777777775,30,0.31813100000000005,0.31796125000000003,0.3182295,0.11867752592485482,False,False
gradient-compression,773ccccc257597721840d373c9f3e73e670a8d255c39e3a3e354a1d2571356c3,589824,1,256,0.0,0,bits-prefetch,1,128,13,output_isolated,/home/jirka/research/2024/bits-knn-jpdc2024/data/application-scaling/bw01-35760924/gradient-compression-small.csv,0.00043402777777777775,30,0.00834,0.00825325,0.008584999999999999,0.9904076738609112,False,False
gradient-compression,773ccccc257597721840d373c9f3e73e670a8d255c39e3a3e354a1d2571356c3,589824,1,256,0.0,0,bits-prefetch,1,128,13,selection_isolated,/home/jirka/research/2024/bits-knn-jpdc2024/data/application-scaling/bw01-35760924/gradient-compression-small.csv,0.00043402777777777775,30,0.3084415,0.30836625,0.30865175,0.08917412215930737,False,False
gradient-compression,773ccccc257597721840d373c9f3e73e670a8d255c39e3a3e354a1d2571356c3,589824,1,256,0.0,0,bits-prefetch,1,128,13,transform_isolated,/home/jirka/research/2024/bits-knn-jpdc2024/data/application-scaling/bw01-35760924/gradient-compression-small.csv,0.00043402777777777775,30,0.009115000000000002,0.00903,0.009215,1.0016456390565003,False,False
gradient-compression,773ccccc257597721840d373c9f3e73e670a8d255c39e3a3e354a1d2571356c3,589824,1,256,0.0,0,bits-prefetch,1,128,13,upload_shared,/home/jirka/research/2024/bits-knn-jpdc2024/data/application-scaling/bw01-35760924/gradient-compression-small.csv,0.00043402777777777775,1,0.152038,0.152038,0.152038,1.2029755718964996,False,False
gradient-compression,773ccccc257597721840d373c9f3e73e670a8d255c39e3a3e354a1d2571356c3,589824,1,256,0.0,0,bits-prefetch,1,128,16,download,/home/jirka/research/2024/bits-knn-jpdc2024/data/application-scaling/bw01-35760924/gradient-compression-small.csv,0.00043402777777777775,30,0.00893,0.00885,0.00897975,0.9081746920492721,False,False
gradient-compression,773ccccc257597721840d373c9f3e73e670a8d255c39e3a3e354a1d2571356c3,589824,1,256,0.0,0,bits-prefetch,1,128,16,operator,/home/jirka/research/2024/bits-knn-jpdc2024/data/application-scaling/bw01-35760924/gradient-compression-small.csv,0.00043402777777777775,30,0.28182150000000006,0.281727,0.28194775,0.1339677774761684,False,False
gradient-compression,773ccccc257597721840d373c9f3e73e670a8d255c39e3a3e354a1d2571356c3,589824,1,256,0.0,0,bits-prefetch,1,128,16,output_isolated,/home/jirka/research/2024/bits-knn-jpdc2024/data/application-scaling/bw01-35760924/gradient-compression-small.csv,0.00043402777777777775,30,0.008285,0.008225,0.0085325,0.9969824984912492,False,False
gradient-compression,773ccccc257597721840d373c9f3e73e670a8d255c39e3a3e354a1d2571356c3,589824,1,256,0.0,0,bits-prefetch,1,128,16,selection_isolated,/home/jirka/research/2024/bits-knn-jpdc2024/data/application-scaling/bw01-35760924/gradient-compression-small.csv,0.00043402777777777775,30,0.2724315,0.27205699999999994,0.272572,0.10096115904364951,False,False
gradient-compression,773ccccc257597721840d373c9f3e73e670a8d255c39e3a3e354a1d2571356c3,589824,1,256,0.0,0,bits-prefetch,1,128,16,transform_isolated,/home/jirka/research/2024/bits-knn-jpdc2024/data/application-scaling/bw01-35760924/gradient-compression-small.csv,0.00043402777777777775,30,0.009120000000000001,0.009049999999999999,0.009195,1.0010964912280702,False,False
gradient-compression,773ccccc257597721840d373c9f3e73e670a8d255c39e3a3e354a1d2571356c3,589824,1,256,0.0,0,bits-prefetch,1,128,16,upload_shared,/home/jirka/research/2024/bits-knn-jpdc2024/data/application-scaling/bw01-35760924/gradient-compression-small.csv,0.00043402777777777775,1,0.145778,0.145778,0.145778,1.2546337581802467,False,False
gradient-compression,773ccccc257597721840d373c9f3e73e670a8d255c39e3a3e354a1d2571356c3,589824,1,256,0.0,0,bits-prefetch,1,256,4,download,/home/jirka/research/2024/bits-knn-jpdc2024/data/application-scaling/bw01-35760924/gradient-compression-small.csv,0.00043402777777777775,30,0.008855,0.0081175,0.008965,0.9158667419536985,False,False
gradient-compression,773ccccc257597721840d373c9f3e73e670a8d255c39e3a3e354a1d2571356c3,589824,1,256,0.0,0,bits-prefetch,1,256,4,operator,/home/jirka/research/2024/bits-knn-jpdc2024/data/application-scaling/bw01-35760924/gradient-compression-small.csv,0.00043402777777777775,30,0.307882,0.30772675000000005,0.30801375,0.12262814974568179,False,False
gradient-compression,773ccccc257597721840d373c9f3e73e670a8d255c39e3a3e354a1d2571356c3,589824,1,256,0.0,0,bits-prefetch,1,256,4,output_isolated,/home/jirka/research/2024/bits-knn-jpdc2024/data/application-scaling/bw01-35760924/gradient-compression-small.csv,0.00043402777777777775,30,0.008379000000000001,0.00831925,0.0085,0.9857978279030909,False,False
gradient-compression,773ccccc257597721840d373c9f3e73e670a8d255c39e3a3e354a1d2571356c3,589824,1,256,0.0,0,bits-prefetch,1,256,4,selection_isolated,/home/jirka/research/2024/bits-knn-jpdc2024/data/application-scaling/bw01-35760924/gradient-compression-small.csv,0.00043402777777777775,30,0.29830650000000003,0.29821175,0.29855925000000005,0.09220382391935811,False,False
gradient-compression,773ccccc257597721840d373c9f3e73e670a8d255c39e3a3e354a1d2571356c3,589824,1,256,0.0,0,bits-prefetch,1,256,4,transform_isolated,/home/jirka/research/2024/bits-knn-jpdc2024/data/application-scaling/bw01-35760924/gradient-compression-small.csv,0.00043402777777777775,30,0.00919,0.00911,0.00927975,0.9934711643090316,False,False
gradient-compression,773ccccc257597721840d373c9f3e73e670a8d255c39e3a3e354a1d2571356c3,589824,1,256,0.0,0,bits-prefetch,1,256,4,upload_shared,/home/jirka/research/2024/bits-knn-jpdc2024/data/application-scaling/bw01-35760924/gradient-compression-small.csv,0.00043402777777777775,1,0.147088,0.147088,0.147088,1.243459697595997,False,False
gradient-compression,773ccccc257597721840d373c9f3e73e670a8d255c39e3a3e354a1d2571356c3,589824,1,256,0.0,0,bits-prefetch,1,256,7,download,/home/jirka/research/2024/bits-knn-jpdc2024/data/application-scaling/bw01-35760924/gradient-compression-small.csv,0.00043402777777777775,30,0.00886,0.008829,0.008949750000000001,0.915349887133183,False,False
gradient-compression,773ccccc257597721840d373c9f3e73e670a8d255c39e3a3e354a1d2571356c3,589824,1,256,0.0,0,bits-prefetch,1,256,7,operator,/home/jirka/research/2024/bits-knn-jpdc2024/data/application-scaling/bw01-35760924/gradient-compression-small.csv,0.00043402777777777775,30,0.253392,0.253268,0.25367475,0.14899838984656183,False,False
gradient-compression,773ccccc257597721840d373c9f3e73e670a8d255c39e3a3e354a1d2571356c3,589824,1,256,0.0,0,bits-prefetch,1,256,7,output_isolated,/home/jirka/research/2024/bits-knn-jpdc2024/data/application-scaling/bw01-35760924/gradient-compression-small.csv,0.00043402777777777775,30,0.0083495,0.008215,0.00842675,0.9892807952572011,False,False
gradient-compression,773ccccc257597721840d373c9f3e73e670a8d255c39e3a3e354a1d2571356c3,589824,1,256,0.0,0,bits-prefetch,1,256,7,selection_isolated,/home/jirka/research/2024/bits-knn-jpdc2024/data/application-scaling/bw01-35760924/gradient-compression-small.csv,0.00043402777777777775,30,0.2439175,0.24374725,0.24405949999999998,0.11276353685159941,False,False
gradient-compression,773ccccc257597721840d373c9f3e73e670a8d255c39e3a3e354a1d2571356c3,589824,1,256,0.0,0,bits-prefetch,1,256,7,transform_isolated,/home/jirka/research/2024/bits-knn-jpdc2024/data/application-scaling/bw01-35760924/gradient-compression-small.csv,0.00043402777777777775,30,0.009130000000000001,0.009099999999999999,0.0091975,1.0,False,False
gradient-compression,773ccccc257597721840d373c9f3e73e670a8d255c39e3a3e354a1d2571356c3,589824,1,256,0.0,0,bits-prefetch,1,256,7,upload_shared,/home/jirka/research/2024/bits-knn-jpdc2024/data/application-scaling/bw01-35760924/gradient-compression-small.csv,0.00043402777777777775,1,0.14637799999999998,0.14637799999999998,0.14637799999999998,1.2494910437360807,False,False
gradient-compression,773ccccc257597721840d373c9f3e73e670a8d255c39e3a3e354a1d2571356c3,589824,1,256,0.0,0,bits-prefetch,1,256,8,download,/home/jirka/research/2024/bits-knn-jpdc2024/data/application-scaling/bw01-35760924/gradient-compression-small.csv,0.00043402777777777775,30,0.00886,0.00882,0.0089975,0.915349887133183,False,False
gradient-compression,773ccccc257597721840d373c9f3e73e670a8d255c39e3a3e354a1d2571356c3,589824,1,256,0.0,0,bits-prefetch,1,256,8,operator,/home/jirka/research/2024/bits-knn-jpdc2024/data/application-scaling/bw01-35760924/gradient-compression-small.csv,0.00043402777777777775,30,0.25398200000000004,0.2537895,0.254092,0.14865226669606504,False,False
gradient-compression,773ccccc257597721840d373c9f3e73e670a8d255c39e3a3e354a1d2571356c3,589824,1,256,0.0,0,bits-prefetch,1,256,8,output_isolated,/home/jirka/research/2024/bits-knn-jpdc2024/data/application-scaling/bw01-35760924/gradient-compression-small.csv,0.00043402777777777775,30,0.00829,0.0082125,0.0083775,0.9963811821471652,False,False
gradient-compression,773ccccc257597721840d373c9f3e73e670a8d255c39e3a3e354a1d2571356c3,589824,1,256,0.0,0,bits-prefetch,1,256,8,selection_isolated,/home/jirka/research/2024/bits-knn-jpdc2024/data/application-scaling/bw01-35760924/gradient-compression-small.csv,0.00043402777777777775,30,0.244452,0.244152,0.24452700000000002,0.11251697674799144,False,False
gradient-compression,773ccccc257597721840d373c9f3e73e670a8d255c39e3a3e354a1d2571356c3,589824,1,256,0.0,0,bits-prefetch,1,256,8,transform_isolated,/home/jirka/research/2024/bits-knn-jpdc2024/data/application-scaling/bw01-35760924/gradient-compression-small.csv,0.00043402777777777775,30,0.00915,0.009062,0.009232500000000001,0.9978142076502733,False,False
gradient-compression,773ccccc257597721840d373c9f3e73e670a8d255c39e3a3e354a1d2571356c3,589824,1,256,0.0,0,bits-prefetch,1,256,8,upload_shared,/home/jirka/research/2024/bits-knn-jpdc2024/data/application-scaling/bw01-35760924/gradient-compression-small.csv,0.00043402777777777775,1,0.144159,0.144159,0.144159,1.2687241171206791,False,False
gradient-compression,773ccccc257597721840d373c9f3e73e670a8d255c39e3a3e354a1d2571356c3,589824,1,256,0.0,0,bits-prefetch,1,256,13,download,/home/jirka/research/2024/bits-knn-jpdc2024/data/application-scaling/bw01-35760924/gradient-compression-small.csv,0.00043402777777777775,30,0.00886,0.008135,0.0089525,0.915349887133183,False,False
gradient-compression,773ccccc257597721840d373c9f3e73e670a8d255c39e3a3e354a1d2571356c3,589824,1,256,0.0,0,bits-prefetch,1,256,13,operator,/home/jirka/research/2024/bits-knn-jpdc2024/data/application-scaling/bw01-35760924/gradient-compression-small.csv,0.00043402777777777775,30,0.2252825,0.22515724999999998,0.22540274999999999,0.1675895819693052,False,False
gradient-compression,773ccccc257597721840d373c9f3e73e670a8d255c39e3a3e354a1d2571356c3,589824,1,256,0.0,0,bits-prefetch,1,256,13,output_isolated,/home/jirka/research/2024/bits-knn-jpdc2024/data/application-scaling/bw01-35760924/gradient-compression-small.csv,0.00043402777777777775,30,0.0083545,0.0081875,0.008557500000000001,0.9886887306242144,False,False
gradient-compression,773ccccc257597721840d373c9f3e73e670a8d255c39e3a3e354a1d2571356c3,589824,1,256,0.0,0,bits-prefetch,1,256,13,selection_isolated,/home/jirka/research/2024/bits-knn-jpdc2024/data/application-scaling/bw01-35760924/gradient-compression-small.csv,0.00043402777777777775,30,0.2157325,0.21553774999999997,0.21593199999999999,0.1274958571378907,False,False
gradient-compression,773ccccc257597721840d373c9f3e73e670a8d255c39e3a3e354a1d2571356c3,589824,1,256,0.0,0,bits-prefetch,1,256,13,transform_isolated,/home/jirka/research/2024/bits-knn-jpdc2024/data/application-scaling/bw01-35760924/gradient-compression-small.csv,0.00043402777777777775,30,0.0091195,0.009035,0.00919,1.0011513789133177,False,False
gradient-compression,773ccccc257597721840d373c9f3e73e670a8d255c39e3a3e354a1d2571356c3,589824,1,256,0.0,0,bits-prefetch,1,256,13,upload_shared,/home/jirka/research/2024/bits-knn-jpdc2024/data/application-scaling/bw01-35760924/gradient-compression-small.csv,0.00043402777777777775,1,0.142839,0.142839,0.142839,1.2804486169743559,False,False
gradient-compression,773ccccc257597721840d373c9f3e73e670a8d255c39e3a3e354a1d2571356c3,589824,1,256,0.0,0,bits-prefetch,1,256,16,download,/home/jirka/research/2024/bits-knn-jpdc2024/data/application-scaling/bw01-35760924/gradient-compression-small.csv,0.00043402777777777775,30,0.008915,0.008841749999999999,0.0089875,0.9097027481772295,False,False
gradient-compression,773ccccc257597721840d373c9f3e73e670a8d255c39e3a3e354a1d2571356c3,589824,1,256,0.0,0,bits-prefetch,1,256,16,operator,/home/jirka/research/2024/bits-knn-jpdc2024/data/application-scaling/bw01-35760924/gradient-compression-small.csv,0.00043402777777777775,30,0.2205425,0.2204205,0.22089525,0.17119149370302775,False,False
gradient-compression,773ccccc257597721840d373c9f3e73e670a8d255c39e3a3e354a1d2571356c3,589824,1,256,0.0,0,bits-prefetch,1,256,16,output_isolated,/home/jirka/research/2024/bits-knn-jpdc2024/data/application-scaling/bw01-35760924/gradient-compression-small.csv,0.00043402777777777775,30,0.008275000000000001,0.0081975,0.008425,0.9981873111782475,False,False
gradient-compression,773ccccc257597721840d373c9f3e73e670a8d255c39e3a3e354a1d2571356c3,589824,1,256,0.0,0,bits-prefetch,1,256,16,selection_isolated,/home/jirka/research/2024/bits-knn-jpdc2024/data/application-scaling/bw01-35760924/gradient-compression-small.csv,0.00043402777777777775,30,0.2110225,0.210868,0.21116549999999998,0.1303415512563826,False,False
gradient-compression,773ccccc257597721840d373c9f3e73e670a8d255c39e3a3e354a1d2571356c3,589824,1,256,0.0,0,bits-prefetch,1,256,16,transform_isolated,/home/jirka/research/2024/bits-knn-jpdc2024/data/application-scaling/bw01-35760924/gradient-compression-small.csv,0.00043402777777777775,30,0.00911,0.009025,0.009215,1.0021953896816687,False,False
gradient-compression,773ccccc257597721840d373c9f3e73e670a8d255c39e3a3e354a1d2571356c3,589824,1,256,0.0,0,bits-prefetch,1,256,16,upload_shared,/home/jirka/research/2024/bits-knn-jpdc2024/data/application-scaling/bw01-35760924/gradient-compression-small.csv,0.00043402777777777775,1,0.148589,0.148589,0.148589,1.2308986533323463,False,False
gradient-compression,773ccccc257597721840d373c9f3e73e670a8d255c39e3a3e354a1d2571356c3,589824,1,256,0.0,0,bits-prefetch,1,512,4,download,/home/jirka/research/2024/bits-knn-jpdc2024/data/application-scaling/bw01-35760924/gradient-compression-small.csv,0.00043402777777777775,30,0.008834999999999999,0.00881,0.008927499999999998,0.9179400113186194,False,False
gradient-compression,773ccccc257597721840d373c9f3e73e670a8d255c39e3a3e354a1d2571356c3,589824,1,256,0.0,0,bits-prefetch,1,512,4,operator,/home/jirka/research/2024/bits-knn-jpdc2024/data/application-scaling/bw01-35760924/gradient-compression-small.csv,0.00043402777777777775,30,0.20733700000000002,0.207218,0.207388,0.18209485041261325,False,False
gradient-compression,773ccccc257597721840d373c9f3e73e670a8d255c39e3a3e354a1d2571356c3,589824,1,256,0.0,0,bits-prefetch,1,512,4,output_isolated,/home/jirka/research/2024/bits-knn-jpdc2024/data/application-scaling/bw01-35760924/gradient-compression-small.csv,0.00043402777777777775,30,0.008345,0.008230000000000001,0.0084575,0.9898142600359496,False,False
gradient-compression,773ccccc257597721840d373c9f3e73e670a8d255c39e3a3e354a1d2571356c3,589824,1,256,0.0,0,bits-prefetch,1,512,4,selection_isolated,/home/jirka/research/2024/bits-knn-jpdc2024/data/application-scaling/bw01-35760924/gradient-compression-small.csv,0.00043402777777777775,30,0.197838,0.1976395,0.19803474999999998,0.13902789150719275,False,False
gradient-compression,773ccccc257597721840d373c9f3e73e670a8d255c39e3a3e354a1d2571356c3,589824,1,256,0.0,0,bits-prefetch,1,512,4,transform_isolated,/home/jirka/research/2024/bits-knn-jpdc2024/data/application-scaling/bw01-35760924/gradient-compression-small.csv,0.00043402777777777775,30,0.0091295,0.009049249999999998,0.009187500000000001,1.000054767511912,False,False
gradient-compression,773ccccc257597721840d373c9f3e73e670a8d255c39e3a3e354a1d2571356c3,589824,1,256,0.0,0,bits-prefetch,1,512,4,upload_shared,/home/jirka/research/2024/bits-knn-jpdc2024/data/application-scaling/bw01-35760924/gradient-compression-small.csv,0.00043402777777777775,1,0.148818,0.148818,0.148818,1.2290045559004958,False,False
gradient-compression,773ccccc257597721840d373c9f3e73e670a8d255c39e3a3e354a1d2571356c3,589824,1,256,0.0,0,bits-prefetch,1,512,7,download,/home/jirka/research/2024/bits-knn-jpdc2024/data/application-scaling/bw01-35760924/gradient-compression-small.csv,0.00043402777777777775,30,0.009000000000000001,0.0084225,0.0090775,0.9011111111111111,False,False
gradient-compression,773ccccc257597721840d373c9f3e73e670a8d255c39e3a3e354a1d2571356c3,589824,1,256,0.0,0,bits-prefetch,1,512,7,operator,/home/jirka/research/2024/bits-knn-jpdc2024/data/application-scaling/bw01-35760924/gradient-compression-small.csv,0.00043402777777777775,30,0.18815749999999998,0.188048,0.18834974999999998,0.20065636501335318,False,False
gradient-compression,773ccccc257597721840d373c9f3e73e670a8d255c39e3a3e354a1d2571356c3,589824,1,256,0.0,0,bits-prefetch,1,512,7,output_isolated,/home/jirka/research/2024/bits-knn-jpdc2024/data/application-scaling/bw01-35760924/gradient-compression-small.csv,0.00043402777777777775,30,0.008324999999999999,0.00826,0.0084925,0.9921921921921923,False,False
gradient-compression,773ccccc257597721840d373c9f3e73e670a8d255c39e3a3e354a1d2571356c3,589824,1,256,0.0,0,bits-prefetch,1,512,7,selection_isolated,/home/jirka/research/2024/bits-knn-jpdc2024/data/application-scaling/bw01-35760924/gradient-compression-small.csv,0.00043402777777777775,30,0.178508,0.17831049999999998,0.178723,0.154082730185762,False,False
gradient-compression,773ccccc257597721840d373c9f3e73e670a8d255c39e3a3e354a1d2571356c3,589824,1,256,0.0,0,bits-prefetch,1,512,7,transform_isolated,/home/jirka/research/2024/bits-knn-jpdc2024/data/application-scaling/bw01-35760924/gradient-compression-small.csv,0.00043402777777777775,30,0.00907,0.00903,0.009145,1.0066152149944874,False,False
gradient-compression,773ccccc257597721840d373c9f3e73e670a8d255c39e3a3e354a1d2571356c3,589824,1,256,0.0,0,bits-prefetch,1,512,7,upload_shared,/home/jirka/research/2024/bits-knn-jpdc2024/data/application-scaling/bw01-35760924/gradient-compression-small.csv,0.00043402777777777775,1,0.14301799999999998,0.14301799999999998,0.14301799999999998,1.2788460193821758,False,False
gradient-compression,773ccccc257597721840d373c9f3e73e670a8d255c39e3a3e354a1d2571356c3,589824,1,256,0.0,0,bits-prefetch,1,512,8,download,/home/jirka/research/2024/bits-knn-jpdc2024/data/application-scaling/bw01-35760924/gradient-compression-small.csv,0.00043402777777777775,30,0.008884,0.00807,0.0089775,0.9128770823953176,False,False
gradient-compression,773ccccc257597721840d373c9f3e73e670a8d255c39e3a3e354a1d2571356c3,589824,1,256,0.0,0,bits-prefetch,1,512,8,operator,/home/jirka/research/2024/bits-knn-jpdc2024/data/application-scaling/bw01-35760924/gradient-compression-small.csv,0.00043402777777777775,30,0.183348,0.18301575,0.183603,0.20591989004515998,False,False
gradient-compression,773ccccc257597721840d373c9f3e73e670a8d255c39e3a3e354a1d2571356c3,589824,1,256,0.0,0,bits-prefetch,1,512,8,output_isolated,/home/jirka/research/2024/bits-knn-jpdc2024/data/application-scaling/bw01-35760924/gradient-compression-small.csv,0.00043402777777777775,30,0.00827,0.00817925,0.00849975,0.9987908101571947,False,False
gradient-compression,773ccccc257597721840d373c9f3e73e670a8d255c39e3a3e354a1d2571356c3,589824,1,256,0.0,0,bits-prefetch,1,512,8,selection_isolated,/home/jirka/research/2024/bits-knn-jpdc2024/data/application-scaling/bw01-35760924/gradient-compression-small.csv,0.00043402777777777775,30,0.173773,0.17330874999999998,0.173933,0.15828120594108405,False,False
gradient-compression,773ccccc257597721840d373c9f3e73e670a8d255c39e3a3e354a1d2571356c3,589824,1,256,0.0,0,bits-prefetch,1,512,8,transform_isolated,/home/jirka/research/2024/bits-knn-jpdc2024/data/application-scaling/bw01-35760924/gradient-compression-small.csv,0.00043402777777777775,30,0.009085,0.00899925,0.0091525,1.0049532195927355,False,False
gradient-compression,773ccccc257597721840d373c9f3e73e670a8d255c39e3a3e354a1d2571356c3,589824,1,256,0.0,0,bits-prefetch,1,512,8,upload_shared,/home/jirka/research/2024/bits-knn-jpdc2024/data/application-scaling/bw01-35760924/gradient-compression-small.csv,0.00043402777777777775,1,0.150528,0.150528,0.150528,1.215043048469388,False,False
gradient-compression,773ccccc257597721840d373c9f3e73e670a8d255c39e3a3e354a1d2571356c3,589824,1,256,0.0,0,bits-prefetch,1,512,13,download,/home/jirka/research/2024/bits-knn-jpdc2024/data/application-scaling/bw01-35760924/gradient-compression-small.csv,0.00043402777777777775,30,0.00891,0.008834999999999999,0.00896975,0.9102132435465771,False,False
gradient-compression,773ccccc257597721840d373c9f3e73e670a8d255c39e3a3e354a1d2571356c3,589824,1,256,0.0,0,bits-prefetch,1,512,13,operator,/home/jirka/research/2024/bits-knn-jpdc2024/data/application-scaling/bw01-35760924/gradient-compression-small.csv,0.00043402777777777775,30,0.18218800000000002,0.18202049999999997,0.18229825,0.20723099216194257,False,False
gradient-compression,773ccccc257597721840d373c9f3e73e670a8d255c39e3a3e354a1d2571356c3,589824,1,256,0.0,0,bits-prefetch,1,512,13,output_isolated,/home/jirka/research/2024/bits-knn-jpdc2024/data/application-scaling/bw01-35760924/gradient-compression-small.csv,0.00043402777777777775,30,0.00836,0.0082725,0.0084825,0.9880382775119618,False,False
gradient-compression,773ccccc257597721840d373c9f3e73e670a8d255c39e3a3e354a1d2571356c3,589824,1,256,0.0,0,bits-prefetch,1,512,13,selection_isolated,/home/jirka/research/2024/bits-knn-jpdc2024/data/application-scaling/bw01-35760924/gradient-compression-small.csv,0.00043402777777777775,30,0.1726835,0.172493,0.172903,0.1592798385485585,False,False
gradient-compression,773ccccc257597721840d373c9f3e73e670a8d255c39e3a3e354a1d2571356c3,589824,1,256,0.0,0,bits-prefetch,1,512,13,transform_isolated,/home/jirka/research/2024/bits-knn-jpdc2024/data/application-scaling/bw01-35760924/gradient-compression-small.csv,0.00043402777777777775,30,0.00919,0.0091225,0.009267499999999998,0.9934711643090316,False,False
gradient-compression,773ccccc257597721840d373c9f3e73e670a8d255c39e3a3e354a1d2571356c3,589824,1,256,0.0,0,bits-prefetch,1,512,13,upload_shared,/home/jirka/research/2024/bits-knn-jpdc2024/data/application-scaling/bw01-35760924/gradient-compression-small.csv,0.00043402777777777775,1,0.14468799999999998,0.14468799999999998,0.14468799999999998,1.264085480482141,False,False
gradient-compression,773ccccc257597721840d373c9f3e73e670a8d255c39e3a3e354a1d2571356c3,589824,1,256,0.0,0,bits-prefetch,1,512,16,download,/home/jirka/research/2024/bits-knn-jpdc2024/data/application-scaling/bw01-35760924/gradient-compression-small.csv,0.00043402777777777775,30,0.0089295,0.00842,0.00900575,0.9082255445433676,True,False
gradient-compression,773ccccc257597721840d373c9f3e73e670a8d255c39e3a3e354a1d2571356c3,589824,1,256,0.0,0,bits-prefetch,1,512,16,operator,/home/jirka/research/2024/bits-knn-jpdc2024/data/application-scaling/bw01-35760924/gradient-compression-small.csv,0.00043402777777777775,30,0.172533,0.17244800000000002,0.172793,0.21882770252647318,True,False
gradient-compression,773ccccc257597721840d373c9f3e73e670a8d255c39e3a3e354a1d2571356c3,589824,1,256,0.0,0,bits-prefetch,1,512,16,output_isolated,/home/jirka/research/2024/bits-knn-jpdc2024/data/application-scaling/bw01-35760924/gradient-compression-small.csv,0.00043402777777777775,30,0.008395,0.00825,0.00848,0.9839189994044074,True,False
gradient-compression,773ccccc257597721840d373c9f3e73e670a8d255c39e3a3e354a1d2571356c3,589824,1,256,0.0,0,bits-prefetch,1,512,16,selection_isolated,/home/jirka/research/2024/bits-knn-jpdc2024/data/application-scaling/bw01-35760924/gradient-compression-small.csv,0.00043402777777777775,30,0.163028,0.16284825,0.16317549999999997,0.16871334985401282,True,False
gradient-compression,773ccccc257597721840d373c9f3e73e670a8d255c39e3a3e354a1d2571356c3,589824,1,256,0.0,0,bits-prefetch,1,512,16,transform_isolated,/home/jirka/research/2024/bits-knn-jpdc2024/data/application-scaling/bw01-35760924/gradient-compression-small.csv,0.00043402777777777775,30,0.009164499999999999,0.0091025,0.0092275,0.9962354738392714,True,False
gradient-compression,773ccccc257597721840d373c9f3e73e670a8d255c39e3a3e354a1d2571356c3,589824,1,256,0.0,0,bits-prefetch,1,512,16,upload_shared,/home/jirka/research/2024/bits-knn-jpdc2024/data/application-scaling/bw01-35760924/gradient-compression-small.csv,0.00043402777777777775,1,0.182898,0.182898,0.182898,1.0,True,False
gradient-compression,773ccccc257597721840d373c9f3e73e670a8d255c39e3a3e354a1d2571356c3,589824,1,256,0.0,0,bits-sq,8,128,4,download,/home/jirka/research/2024/bits-knn-jpdc2024/data/application-scaling/bw01-35760924/gradient-compression-small.csv,0.00043402777777777775,30,0.0089,0.008825,0.008919999999999999,0.9112359550561799,False,False
gradient-compression,773ccccc257597721840d373c9f3e73e670a8d255c39e3a3e354a1d2571356c3,589824,1,256,0.0,0,bits-sq,8,128,4,operator,/home/jirka/research/2024/bits-knn-jpdc2024/data/application-scaling/bw01-35760924/gradient-compression-small.csv,0.00043402777777777775,30,0.124024,0.123944,0.12416900000000002,0.30441688705411857,False,False
gradient-compression,773ccccc257597721840d373c9f3e73e670a8d255c39e3a3e354a1d2571356c3,589824,1,256,0.0,0,bits-sq,8,128,4,output_isolated,/home/jirka/research/2024/bits-knn-jpdc2024/data/application-scaling/bw01-35760924/gradient-compression-small.csv,0.00043402777777777775,30,0.0083195,0.0082325,0.008427500000000001,0.9928481278923011,False,False
gradient-compression,773ccccc257597721840d373c9f3e73e670a8d255c39e3a3e354a1d2571356c3,589824,1,256,0.0,0,bits-sq,8,128,4,selection_isolated,/home/jirka/research/2024/bits-knn-jpdc2024/data/application-scaling/bw01-35760924/gradient-compression-small.csv,0.00043402777777777775,30,0.114489,0.11440399999999999,0.114584,0.24024142057315553,False,False
gradient-compression,773ccccc257597721840d373c9f3e73e670a8d255c39e3a3e354a1d2571356c3,589824,1,256,0.0,0,bits-sq,8,128,4,transform_isolated,/home/jirka/research/2024/bits-knn-jpdc2024/data/application-scaling/bw01-35760924/gradient-compression-small.csv,0.00043402777777777775,30,0.0091195,0.00907,0.0092175,1.0011513789133177,False,False
gradient-compression,773ccccc257597721840d373c9f3e73e670a8d255c39e3a3e354a1d2571356c3,589824,1,256,0.0,0,bits-sq,8,128,4,upload_shared,/home/jirka/research/2024/bits-knn-jpdc2024/data/application-scaling/bw01-35760924/gradient-compression-small.csv,0.00043402777777777775,1,0.14083800000000002,0.14083800000000002,0.14083800000000002,1.298640991777787,False,False
gradient-compression,773ccccc257597721840d373c9f3e73e670a8d255c39e3a3e354a1d2571356c3,589824,1,256,0.0,0,bits-sq,8,128,7,download,/home/jirka/research/2024/bits-knn-jpdc2024/data/application-scaling/bw01-35760924/gradient-compression-small.csv,0.00043402777777777775,30,0.00887,0.00884925,0.008959,0.914317925591883,False,False
gradient-compression,773ccccc257597721840d373c9f3e73e670a8d255c39e3a3e354a1d2571356c3,589824,1,256,0.0,0,bits-sq,8,128,7,operator,/home/jirka/research/2024/bits-knn-jpdc2024/data/application-scaling/bw01-35760924/gradient-compression-small.csv,0.00043402777777777775,30,0.112279,0.112149,0.112319,0.3362605651991913,False,False
gradient-compression,773ccccc257597721840d373c9f3e73e670a8d255c39e3a3e354a1d2571356c3,589824,1,256,0.0,0,bits-sq,8,128,7,output_isolated,/home/jirka/research/2024/bits-knn-jpdc2024/data/application-scaling/bw01-35760924/gradient-compression-small.csv,0.00043402777777777775,30,0.0083645,0.008275,0.008445000000000001,0.9875067248490644,False,False
gradient-compression,773ccccc257597721840d373c9f3e73e670a8d255c39e3a3e354a1d2571356c3,589824,1,256,0.0,0,bits-sq,8,128,7,selection_isolated,/home/jirka/research/2024/bits-knn-jpdc2024/data/application-scaling/bw01-35760924/gradient-compression-small.csv,0.00043402777777777775,30,0.102664,0.10257899999999999,0.10273575000000001,0.26791280292994624,False,False
gradient-compression,773ccccc257597721840d373c9f3e73e670a8d255c39e3a3e354a1d2571356c3,589824,1,256,0.0,0,bits-sq,8,128,7,transform_isolated,/home/jirka/research/2024/bits-knn-jpdc2024/data/application-scaling/bw01-35760924/gradient-compression-small.csv,0.00043402777777777775,30,0.00918,0.009094999999999999,0.009242499999999999,0.9945533769063181,False,False
gradient-compression,773ccccc257597721840d373c9f3e73e670a8d255c39e3a3e354a1d2571356c3,589824,1,256,0.0,0,bits-sq,8,128,7,upload_shared,/home/jirka/research/2024/bits-knn-jpdc2024/data/application-scaling/bw01-35760924/gradient-compression-small.csv,0.00043402777777777775,1,0.141898,0.141898,0.141898,1.2889399427757968,False,False
gradient-compression,773ccccc257597721840d373c9f3e73e670a8d255c39e3a3e354a1d2571356c3,589824,1,256,0.0,0,bits-sq,8,128,8,download,/home/jirka/research/2024/bits-knn-jpdc2024/data/application-scaling/bw01-35760924/gradient-compression-small.csv,0.00043402777777777775,30,0.0088295,0.0081275,0.008857750000000001,0.9185118070105895,False,False
gradient-compression,773ccccc257597721840d373c9f3e73e670a8d255c39e3a3e354a1d2571356c3,589824,1,256,0.0,0,bits-sq,8,128,8,operator,/home/jirka/research/2024/bits-knn-jpdc2024/data/application-scaling/bw01-35760924/gradient-compression-small.csv,0.00043402777777777775,30,0.11330399999999999,0.11323124999999999,0.11345875000000001,0.333218597754713,False,False
gradient-compression,773ccccc257597721840d373c9f3e73e670a8d255c39e3a3e354a1d2571356c3,589824,1,256,0.0,0,bits-sq,8,128,8,output_isolated,/home/jirka/research/2024/bits-knn-jpdc2024/data/application-scaling/bw01-35760924/gradient-compression-small.csv,0.00043402777777777775,30,0.008275000000000001,0.008209250000000001,0.0083775,0.9981873111782475,False,False
gradient-compression,773ccccc257597721840d373c9f3e73e670a8d255c39e3a3e354a1d2571356c3,589824,1,256,0.0,0,bits-sq,8,128,8,selection_isolated,/home/jirka/research/2024/bits-knn-jpdc2024/data/application-scaling/bw01-35760924/gradient-compression-small.csv,0.00043402777777777775,30,0.10373399999999999,0.1036715,0.103839,0.2651493242331348,False,False
gradient-compression,773ccccc257597721840d373c9f3e73e670a8d255c39e3a3e354a1d2571356c3,589824,1,256,0.0,0,bits-sq,8,128,8,transform_isolated,/home/jirka/research/2024/bits-knn-jpdc2024/data/application-scaling/bw01-35760924/gradient-compression-small.csv,0.00043402777777777775,30,0.0090795,0.009032499999999999,0.0091625,1.005561980285258,False,False
gradient-compression,773ccccc257597721840d373c9f3e73e670a8d255c39e3a3e354a1d2571356c3,589824,1,256,0.0,0,bits-sq,8,128,8,upload_shared,/home/jirka/research/2024/bits-knn-jpdc2024/data/application-scaling/bw01-35760924/gradient-compression-small.csv,0.00043402777777777775,1,0.14676899999999998,0.14676899999999998,0.14676899999999998,1.246162336733234,False,False
gradient-compression,773ccccc257597721840d373c9f3e73e670a8d255c39e3a3e354a1d2571356c3,589824,1,256,0.0,0,bits-sq,8,128,13,download,/home/jirka/research/2024/bits-knn-jpdc2024/data/application-scaling/bw01-35760924/gradient-compression-small.csv,0.00043402777777777775,30,0.00884,0.008305,0.0089,0.9174208144796381,False,False
gradient-compression,773ccccc257597721840d373c9f3e73e670a8d255c39e3a3e354a1d2571356c3,589824,1,256,0.0,0,bits-sq,8,128,13,operator,/home/jirka/research/2024/bits-knn-jpdc2024/data/application-scaling/bw01-35760924/gradient-compression-small.csv,0.00043402777777777775,30,0.11526349999999999,0.115154,0.115409,0.32755382232883784,False,False
gradient-compression,773ccccc257597721840d373c9f3e73e670a8d255c39e3a3e354a1d2571356c3,589824,1,256,0.0,0,bits-sq,8,128,13,output_isolated,/home/jirka/research/2024/bits-knn-jpdc2024/data/application-scaling/bw01-35760924/gradient-compression-small.csv,0.00043402777777777775,30,0.00827,0.008215,0.008331749999999999,0.9987908101571947,False,False
gradient-compression,773ccccc257597721840d373c9f3e73e670a8d255c39e3a3e354a1d2571356c3,589824,1,256,0.0,0,bits-sq,8,128,13,selection_isolated,/home/jirka/research/2024/bits-knn-jpdc2024/data/application-scaling/bw01-35760924/gradient-compression-small.csv,0.00043402777777777775,30,0.105729,0.105559,0.10587875,0.2601462228905977,False,False
gradient-compression,773ccccc257597721840d373c9f3e73e670a8d255c39e3a3e354a1d2571356c3,589824,1,256,0.0,0,bits-sq,8,128,13,transform_isolated,/home/jirka/research/2024/bits-knn-jpdc2024/data/application-scaling/bw01-35760924/gradient-compression-small.csv,0.00043402777777777775,30,0.009059999999999999,0.00901,0.009165000000000001,1.0077262693156734,False,False
gradient-compression,773ccccc257597721840d373c9f3e73e670a8d255c39e3a3e354a1d2571356c3,589824,1,256,0.0,0,bits-sq,8,128,13,upload_shared,/home/jirka/research/2024/bits-knn-jpdc2024/data/application-scaling/bw01-35760924/gradient-compression-small.csv,0.00043402777777777775,1,0.152038,0.152038,0.152038,1.2029755718964996,False,False
gradient-compression,773ccccc257597721840d373c9f3e73e670a8d255c39e3a3e354a1d2571356c3,589824,1,256,0.0,0,bits-sq,8,128,16,download,/home/jirka/research/2024/bits-knn-jpdc2024/data/application-scaling/bw01-35760924/gradient-compression-small.csv,0.00043402777777777775,30,0.008885,0.0088425,0.0089975,0.9127743387732133,False,False
gradient-compression,773ccccc257597721840d373c9f3e73e670a8d255c39e3a3e354a1d2571356c3,589824,1,256,0.0,0,bits-sq,8,128,16,operator,/home/jirka/research/2024/bits-knn-jpdc2024/data/application-scaling/bw01-35760924/gradient-compression-small.csv,0.00043402777777777775,30,0.111019,0.1108665,0.11113325,0.34007692376980514,False,False
gradient-compression,773ccccc257597721840d373c9f3e73e670a8d255c39e3a3e354a1d2571356c3,589824,1,256,0.0,0,bits-sq,8,128,16,output_isolated,/home/jirka/research/2024/bits-knn-jpdc2024/data/application-scaling/bw01-35760924/gradient-compression-small.csv,0.00043402777777777775,30,0.008295,0.00816275,0.0083675,0.9957805907172995,False,False
gradient-compression,773ccccc257597721840d373c9f3e73e670a8d255c39e3a3e354a1d2571356c3,589824,1,256,0.0,0,bits-sq,8,128,16,selection_isolated,/home/jirka/research/2024/bits-knn-jpdc2024/data/application-scaling/bw01-35760924/gradient-compression-small.csv,0.00043402777777777775,30,0.101444,0.10136325,0.101554,0.2711348132960057,False,False
gradient-compression,773ccccc257597721840d373c9f3e73e670a8d255c39e3a3e354a1d2571356c3,589824,1,256,0.0,0,bits-sq,8,128,16,transform_isolated,/home/jirka/research/2024/bits-knn-jpdc2024/data/application-scaling/bw01-35760924/gradient-compression-small.csv,0.00043402777777777775,30,0.0090545,0.009000000000000001,0.00914975,1.0083383952730687,False,False
gradient-compression,773ccccc257597721840d373c9f3e73e670a8d255c39e3a3e354a1d2571356c3,589824,1,256,0.0,0,bits-sq,8,128,16,upload_shared,/home/jirka/research/2024/bits-knn-jpdc2024/data/application-scaling/bw01-35760924/gradient-compression-small.csv,0.00043402777777777775,1,0.145778,0.145778,0.145778,1.2546337581802467,False,False
gradient-compression,773ccccc257597721840d373c9f3e73e670a8d255c39e3a3e354a1d2571356c3,589824,1,256,0.0,0,bits-sq,8,256,4,download,/home/jirka/research/2024/bits-knn-jpdc2024/data/application-scaling/bw01-35760924/gradient-compression-small.csv,0.00043402777777777775,30,0.00885,0.008377500000000001,0.0089575,0.9163841807909605,False,False
gradient-compression,773ccccc257597721840d373c9f3e73e670a8d255c39e3a3e354a1d2571356c3,589824,1,256,0.0,0,bits-sq,8,256,4,operator,/home/jirka/research/2024/bits-knn-jpdc2024/data/application-scaling/bw01-35760924/gradient-compression-small.csv,0.00043402777777777775,30,0.09445900000000002,0.09441150000000001,0.09451649999999999,0.3996972231338463,False,False
gradient-compression,773ccccc257597721840d373c9f3e73e670a8d255c39e3a3e354a1d2571356c3,589824,1,256,0.0,0,bits-sq,8,256,4,output_isolated,/home/jirka/research/2024/bits-knn-jpdc2024/data/application-scaling/bw01-35760924/gradient-compression-small.csv,0.00043402777777777775,30,0.00829,0.0082425,0.008374999999999999,0.9963811821471652,False,False
gradient-compression,773ccccc257597721840d373c9f3e73e670a8d255c39e3a3e354a1d2571356c3,589824,1,256,0.0,0,bits-sq,8,256,4,selection_isolated,/home/jirka/research/2024/bits-knn-jpdc2024/data/application-scaling/bw01-35760924/gradient-compression-small.csv,0.00043402777777777775,30,0.084874,0.08476175,0.0849765,0.3240686193651766,False,False
gradient-compression,773ccccc257597721840d373c9f3e73e670a8d255c39e3a3e354a1d2571356c3,589824,1,256,0.0,0,bits-sq,8,256,4,transform_isolated,/home/jirka/research/2024/bits-knn-jpdc2024/data/application-scaling/bw01-35760924/gradient-compression-small.csv,0.00043402777777777775,30,0.0091245,0.009072499999999999,0.009212499999999998,1.0006027727546716,False,False
gradient-compression,773ccccc257597721840d373c9f3e73e670a8d255c39e3a3e354a1d2571356c3,589824,1,256,0.0,0,bits-sq,8,256,4,upload_shared,/home/jirka/research/2024/bits-knn-jpdc2024/data/application-scaling/bw01-35760924/gradient-compression-small.csv,0.00043402777777777775,1,0.147088,0.147088,0.147088,1.243459697595997,False,False
gradient-compression,773ccccc257597721840d373c9f3e73e670a8d255c39e3a3e354a1d2571356c3,589824,1,256,0.0,0,bits-sq,8,256,7,download,/home/jirka/research/2024/bits-knn-jpdc2024/data/application-scaling/bw01-35760924/gradient-compression-small.csv,0.00043402777777777775,30,0.008895,0.00883925,0.008949750000000001,0.9117481731309726,False,False
gradient-compression,773ccccc257597721840d373c9f3e73e670a8d255c39e3a3e354a1d2571356c3,589824,1,256,0.0,0,bits-sq,8,256,7,operator,/home/jirka/research/2024/bits-knn-jpdc2024/data/application-scaling/bw01-35760924/gradient-compression-small.csv,0.00043402777777777775,30,0.09725400000000001,0.097179,0.09737900000000001,0.3882102535628354,False,False
gradient-compression,773ccccc257597721840d373c9f3e73e670a8d255c39e3a3e354a1d2571356c3,589824,1,256,0.0,0,bits-sq,8,256,7,output_isolated,/home/jirka/research/2024/bits-knn-jpdc2024/data/application-scaling/bw01-35760924/gradient-compression-small.csv,0.00043402777777777775,30,0.008314499999999999,0.00826925,0.008427500000000001,0.9934451861206327,False,False
gradient-compression,773ccccc257597721840d373c9f3e73e670a8d255c39e3a3e354a1d2571356c3,589824,1,256,0.0,0,bits-sq,8,256,7,selection_isolated,/home/jirka/research/2024/bits-knn-jpdc2024/data/application-scaling/bw01-35760924/gradient-compression-small.csv,0.00043402777777777775,30,0.087839,0.087659,0.0879615,0.31312970320700373,False,False
gradient-compression,773ccccc257597721840d373c9f3e73e670a8d255c39e3a3e354a1d2571356c3,589824,1,256,0.0,0,bits-sq,8,256,7,transform_isolated,/home/jirka/research/2024/bits-knn-jpdc2024/data/application-scaling/bw01-35760924/gradient-compression-small.csv,0.00043402777777777775,30,0.009125000000000001,0.00906,0.00921,1.0005479452054795,False,False
gradient-compression,773ccccc257597721840d373c9f3e73e670a8d255c39e3a3e354a1d2571356c3,589824,1,256,0.0,0,bits-sq,8,256,7,upload_shared,/home/jirka/research/2024/bits-knn-jpdc2024/data/application-scaling/bw01-35760924/gradient-compression-small.csv,0.00043402777777777775,1,0.14637799999999998,0.14637799999999998,0.14637799999999998,1.2494910437360807,False,False
gradient-compression,773ccccc257597721840d373c9f3e73e670a8d255c39e3a3e354a1d2571356c3,589824,1,256,0.0,0,bits-sq,8,256,8,download,/home/jirka/research/2024/bits-knn-jpdc2024/data/application-scaling/bw01-35760924/gradient-compression-small.csv,0.00043402777777777775,30,0.0088445,0.00882225,0.008929999999999999,0.916954039233422,False,False
gradient-compression,773ccccc257597721840d373c9f3e73e670a8d255c39e3a3e354a1d2571356c3,589824,1,256,0.0,0,bits-sq,8,256,8,operator,/home/jirka/research/2024/bits-knn-jpdc2024/data/application-scaling/bw01-35760924/gradient-compression-small.csv,0.00043402777777777775,30,0.09921850000000002,0.0990915,0.0993265,0.3805237934457787,False,False
gradient-compression,773ccccc257597721840d373c9f3e73e670a8d255c39e3a3e354a1d2571356c3,589824,1,256,0.0,0,bits-sq,8,256,8,output_isolated,/home/jirka/research/2024/bits-knn-jpdc2024/data/application-scaling/bw01-35760924/gradient-compression-small.csv,0.00043402777777777775,30,0.008285,0.00821475,0.008374999999999999,0.9969824984912492,False,False
gradient-compression,773ccccc257597721840d373c9f3e73e670a8d255c39e3a3e354a1d2571356c3,589824,1,256,0.0,0,bits-sq,8,256,8,selection_isolated,/home/jirka/research/2024/bits-knn-jpdc2024/data/application-scaling/bw01-35760924/gradient-compression-small.csv,0.00043402777777777775,30,0.0895745,0.089459,0.08970725000000002,0.30706283596336015,False,False
gradient-compression,773ccccc257597721840d373c9f3e73e670a8d255c39e3a3e354a1d2571356c3,589824,1,256,0.0,0,bits-sq,8,256,8,transform_isolated,/home/jirka/research/2024/bits-knn-jpdc2024/data/application-scaling/bw01-35760924/gradient-compression-small.csv,0.00043402777777777775,30,0.009125000000000001,0.00907475,0.00921425,1.0005479452054795,False,False
gradient-compression,773ccccc257597721840d373c9f3e73e670a8d255c39e3a3e354a1d2571356c3,589824,1,256,0.0,0,bits-sq,8,256,8,upload_shared,/home/jirka/research/2024/bits-knn-jpdc2024/data/application-scaling/bw01-35760924/gradient-compression-small.csv,0.00043402777777777775,1,0.144159,0.144159,0.144159,1.2687241171206791,False,False
gradient-compression,773ccccc257597721840d373c9f3e73e670a8d255c39e3a3e354a1d2571356c3,589824,1,256,0.0,0,bits-sq,8,256,13,download,/home/jirka/research/2024/bits-knn-jpdc2024/data/application-scaling/bw01-35760924/gradient-compression-small.csv,0.00043402777777777775,30,0.008855,0.0081325,0.008922499999999998,0.9158667419536985,False,False
gradient-compression,773ccccc257597721840d373c9f3e73e670a8d255c39e3a3e354a1d2571356c3,589824,1,256,0.0,0,bits-sq,8,256,13,operator,/home/jirka/research/2024/bits-knn-jpdc2024/data/application-scaling/bw01-35760924/gradient-compression-small.csv,0.00043402777777777775,30,0.104549,0.10441875,0.104684,0.36112253584443654,False,False
gradient-compression,773ccccc257597721840d373c9f3e73e670a8d255c39e3a3e354a1d2571356c3,589824,1,256,0.0,0,bits-sq,8,256,13,output_isolated,/home/jirka/research/2024/bits-knn-jpdc2024/data/application-scaling/bw01-35760924/gradient-compression-small.csv,0.00043402777777777775,30,0.00832,0.00818725,0.008395,0.9927884615384617,False,False
gradient-compression,773ccccc257597721840d373c9f3e73e670a8d255c39e3a3e354a1d2571356c3,589824,1,256,0.0,0,bits-sq,8,256,13,selection_isolated,/home/jirka/research/2024/bits-knn-jpdc2024/data/application-scaling/bw01-35760924/gradient-compression-small.csv,0.00043402777777777775,30,0.09497449999999999,0.094829,0.09507399999999999,0.2896040516138543,False,False
gradient-compression,773ccccc257597721840d373c9f3e73e670a8d255c39e3a3e354a1d2571356c3,589824,1,256,0.0,0,bits-sq,8,256,13,transform_isolated,/home/jirka/research/2024/bits-knn-jpdc2024/data/application-scaling/bw01-35760924/gradient-compression-small.csv,0.00043402777777777775,30,0.00914,0.00905325,0.00926,0.9989059080962801,False,False
gradient-compression,773ccccc257597721840d373c9f3e73e670a8d255c39e3a3e354a1d2571356c3,589824,1,256,0.0,0,bits-sq,8,256,13,upload_shared,/home/jirka/research/2024/bits-knn-jpdc2024/data/application-scaling/bw01-35760924/gradient-compression-small.csv,0.00043402777777777775,1,0.142839,0.142839,0.142839,1.2804486169743559,False,False
gradient-compression,773ccccc257597721840d373c9f3e73e670a8d255c39e3a3e354a1d2571356c3,589824,1,256,0.0,0,bits-sq,8,256,16,download,/home/jirka/research/2024/bits-knn-jpdc2024/data/application-scaling/bw01-35760924/gradient-compression-small.csv,0.00043402777777777775,30,0.008889999999999999,0.0088525,0.00897,0.9122609673790779,False,False
gradient-compression,773ccccc257597721840d373c9f3e73e670a8d255c39e3a3e354a1d2571356c3,589824,1,256,0.0,0,bits-sq,8,256,16,operator,/home/jirka/research/2024/bits-knn-jpdc2024/data/application-scaling/bw01-35760924/gradient-compression-small.csv,0.00043402777777777775,30,0.1103485,0.11019825,0.11049874999999999,0.34214330054327874,False,False
gradient-compression,773ccccc257597721840d373c9f3e73e670a8d255c39e3a3e354a1d2571356c3,589824,1,256,0.0,0,bits-sq,8,256,16,output_isolated,/home/jirka/research/2024/bits-knn-jpdc2024/data/application-scaling/bw01-35760924/gradient-compression-small.csv,0.00043402777777777775,30,0.0082345,0.00817,0.0083025,1.003096727184407,False,False
gradient-compression,773ccccc257597721840d373c9f3e73e670a8d255c39e3a3e354a1d2571356c3,589824,1,256,0.0,0,bits-sq,8,256,16,selection_isolated,/home/jirka/research/2024/bits-knn-jpdc2024/data/application-scaling/bw01-35760924/gradient-compression-small.csv,0.00043402777777777775,30,0.10080900000000001,0.100729,0.100919,0.27284270253647985,False,False
gradient-compression,773ccccc257597721840d373c9f3e73e670a8d255c39e3a3e354a1d2571356c3,589824,1,256,0.0,0,bits-sq,8,256,16,transform_isolated,/home/jirka/research/2024/bits-knn-jpdc2024/data/application-scaling/bw01-35760924/gradient-compression-small.csv,0.00043402777777777775,30,0.00906,0.0089925,0.0091375,1.0077262693156734,False,False
gradient-compression,773ccccc257597721840d373c9f3e73e670a8d255c39e3a3e354a1d2571356c3,589824,1,256,0.0,0,bits-sq,8,256,16,upload_shared,/home/jirka/research/2024/bits-knn-jpdc2024/data/application-scaling/bw01-35760924/gradient-compression-small.csv,0.00043402777777777775,1,0.148589,0.148589,0.148589,1.2308986533323463,False,False
gradient-compression,773ccccc257597721840d373c9f3e73e670a8d255c39e3a3e354a1d2571356c3,589824,1,256,0.0,0,bits-sq,8,512,4,download,/home/jirka/research/2024/bits-knn-jpdc2024/data/application-scaling/bw01-35760924/gradient-compression-small.csv,0.00043402777777777775,30,0.0088505,0.00883025,0.008960000000000001,0.9163324105982713,False,False
gradient-compression,773ccccc257597721840d373c9f3e73e670a8d255c39e3a3e354a1d2571356c3,589824,1,256,0.0,0,bits-sq,8,512,4,operator,/home/jirka/research/2024/bits-knn-jpdc2024/data/application-scaling/bw01-35760924/gradient-compression-small.csv,0.00043402777777777775,30,0.07642399999999999,0.076319,0.07657675,0.4940202030775673,False,False
gradient-compression,773ccccc257597721840d373c9f3e73e670a8d255c39e3a3e354a1d2571356c3,589824,1,256,0.0,0,bits-sq,8,512,4,output_isolated,/home/jirka/research/2024/bits-knn-jpdc2024/data/application-scaling/bw01-35760924/gradient-compression-small.csv,0.00043402777777777775,30,0.0083295,0.008262499999999999,0.00843175,0.9916561618344438,False,False
gradient-compression,773ccccc257597721840d373c9f3e73e670a8d255c39e3a3e354a1d2571356c3,589824,1,256,0.0,0,bits-sq,8,512,4,selection_isolated,/home/jirka/research/2024/bits-knn-jpdc2024/data/application-scaling/bw01-35760924/gradient-compression-small.csv,0.00043402777777777775,30,0.066804,0.06671725,0.06689925000000001,0.4117268427040297,False,False
gradient-compression,773ccccc257597721840d373c9f3e73e670a8d255c39e3a3e354a1d2571356c3,589824,1,256,0.0,0,bits-sq,8,512,4,transform_isolated,/home/jirka/research/2024/bits-knn-jpdc2024/data/application-scaling/bw01-35760924/gradient-compression-small.csv,0.00043402777777777775,30,0.00914,0.00905475,0.0092275,0.9989059080962801,False,False
gradient-compression,773ccccc257597721840d373c9f3e73e670a8d255c39e3a3e354a1d2571356c3,589824,1,256,0.0,0,bits-sq,8,512,4,upload_shared,/home/jirka/research/2024/bits-knn-jpdc2024/data/application-scaling/bw01-35760924/gradient-compression-small.csv,0.00043402777777777775,1,0.148818,0.148818,0.148818,1.2290045559004958,False,False
gradient-compression,773ccccc257597721840d373c9f3e73e670a8d255c39e3a3e354a1d2571356c3,589824,1,256,0.0,0,bits-sq,8,512,7,download,/home/jirka/research/2024/bits-knn-jpdc2024/data/application-scaling/bw01-35760924/gradient-compression-small.csv,0.00043402777777777775,30,0.008950000000000001,0.0089025,0.009000000000000001,0.906145251396648,False,False
gradient-compression,773ccccc257597721840d373c9f3e73e670a8d255c39e3a3e354a1d2571356c3,589824,1,256,0.0,0,bits-sq,8,512,7,operator,/home/jirka/research/2024/bits-knn-jpdc2024/data/application-scaling/bw01-35760924/gradient-compression-small.csv,0.00043402777777777775,30,0.077189,0.07712150000000001,0.0773065,0.48912409799323736,False,False
gradient-compression,773ccccc257597721840d373c9f3e73e670a8d255c39e3a3e354a1d2571356c3,589824,1,256,0.0,0,bits-sq,8,512,7,output_isolated,/home/jirka/research/2024/bits-knn-jpdc2024/data/application-scaling/bw01-35760924/gradient-compression-small.csv,0.00043402777777777775,30,0.0083,0.008204999999999999,0.0085675,0.9951807228915662,False,False
gradient-compression,773ccccc257597721840d373c9f3e73e670a8d255c39e3a3e354a1d2571356c3,589824,1,256,0.0,0,bits-sq,8,512,7,selection_isolated,/home/jirka/research/2024/bits-knn-jpdc2024/data/application-scaling/bw01-35760924/gradient-compression-small.csv,0.00043402777777777775,30,0.0676795,0.067494,0.0677865,0.4064007565067709,False,False
gradient-compression,773ccccc257597721840d373c9f3e73e670a8d255c39e3a3e354a1d2571356c3,589824,1,256,0.0,0,bits-sq,8,512,7,transform_isolated,/home/jirka/research/2024/bits-knn-jpdc2024/data/application-scaling/bw01-35760924/gradient-compression-small.csv,0.00043402777777777775,30,0.0090945,0.009032499999999999,0.009170000000000001,1.0039034581340371,False,False
gradient-compression,773ccccc257597721840d373c9f3e73e670a8d255c39e3a3e354a1d2571356c3,589824,1,256,0.0,0,bits-sq,8,512,7,upload_shared,/home/jirka/research/2024/bits-knn-jpdc2024/data/application-scaling/bw01-35760924/gradient-compression-small.csv,0.00043402777777777775,1,0.14301799999999998,0.14301799999999998,0.14301799999999998,1.2788460193821758,False,False
gradient-compression,773ccccc257597721840d373c9f3e73e670a8d255c39e3a3e354a1d2571356c3,589824,1,256,0.0,0,bits-sq,8,512,8,download,/home/jirka/research/2024/bits-knn-jpdc2024/data/application-scaling/bw01-35760924/gradient-compression-small.csv,0.00043402777777777775,30,0.00889,0.008822499999999999,0.008967500000000002,0.9122609673790777,False,False
gradient-compression,773ccccc257597721840d373c9f3e73e670a8d255c39e3a3e354a1d2571356c3,589824,1,256,0.0,0,bits-sq,8,512,8,operator,/home/jirka/research/2024/bits-knn-jpdc2024/data/application-scaling/bw01-35760924/gradient-compression-small.csv,0.00043402777777777775,30,0.077919,0.07774400000000001,0.077989,0.48454163939475603,False,False
gradient-compression,773ccccc257597721840d373c9f3e73e670a8d255c39e3a3e354a1d2571356c3,589824,1,256,0.0,0,bits-sq,8,512,8,output_isolated,/home/jirka/research/2024/bits-knn-jpdc2024/data/application-scaling/bw01-35760924/gradient-compression-small.csv,0.00043402777777777775,30,0.00829,0.0081675,0.00833,0.9963811821471652,False,False
gradient-compression,773ccccc257597721840d373c9f3e73e670a8d255c39e3a3e354a1d2571356c3,589824,1,256,0.0,0,bits-sq,8,512,8,selection_isolated,/home/jirka/research/2024/bits-knn-jpdc2024/data/application-scaling/bw01-35760924/gradient-compression-small.csv,0.00043402777777777775,30,0.0682595,0.068129,0.06843425,0.4029475750628118,False,False
gradient-compression,773ccccc257597721840d373c9f3e73e670a8d255c39e3a3e354a1d2571356c3,589824,1,256,0.0,0,bits-sq,8,512,8,transform_isolated,/home/jirka/research/2024/bits-knn-jpdc2024/data/application-scaling/bw01-35760924/gradient-compression-small.csv,0.00043402777777777775,30,0.00907,0.0090025,0.0091675,1.0066152149944874,False,False
gradient-compression,773ccccc257597721840d373c9f3e73e670a8d255c39e3a3e354a1d2571356c3,589824,1,256,0.0,0,bits-sq,8,512,8,upload_shared,/home/jirka/research/2024/bits-knn-jpdc2024/data/application-scaling/bw01-35760924/gradient-compression-small.csv,0.00043402777777777775,1,0.150528,0.150528,0.150528,1.215043048469388,False,False
gradient-compression,773ccccc257597721840d373c9f3e73e670a8d255c39e3a3e354a1d2571356c3,589824,1,256,0.0,0,bits-sq,8,512,13,download,/home/jirka/research/2024/bits-knn-jpdc2024/data/application-scaling/bw01-35760924/gradient-compression-small.csv,0.00043402777777777775,30,0.0088505,0.00882225,0.008935,0.9163324105982713,False,False
gradient-compression,773ccccc257597721840d373c9f3e73e670a8d255c39e3a3e354a1d2571356c3,589824,1,256,0.0,0,bits-sq,8,512,13,operator,/home/jirka/research/2024/bits-knn-jpdc2024/data/application-scaling/bw01-35760924/gradient-compression-small.csv,0.00043402777777777775,30,0.087814,0.08764925000000001,0.08793675000000001,0.4299428337167194,False,False
gradient-compression,773ccccc257597721840d373c9f3e73e670a8d255c39e3a3e354a1d2571356c3,589824,1,256,0.0,0,bits-sq,8,512,13,output_isolated,/home/jirka/research/2024/bits-knn-jpdc2024/data/application-scaling/bw01-35760924/gradient-compression-small.csv,0.00043402777777777775,30,0.008365,0.008292500000000001,0.008427500000000001,0.98744769874477,False,False
gradient-compression,773ccccc257597721840d373c9f3e73e670a8d255c39e3a3e354a1d2571356c3,589824,1,256,0.0,0,bits-sq,8,512,13,selection_isolated,/home/jirka/research/2024/bits-knn-jpdc2024/data/application-scaling/bw01-35760924/gradient-compression-small.csv,0.00043402777777777775,30,0.078224,0.0781415,0.078314,0.3516184291266108,False,False
gradient-compression,773ccccc257597721840d373c9f3e73e670a8d255c39e3a3e354a1d2571356c3,589824,1,256,0.0,0,bits-sq,8,512,13,transform_isolated,/home/jirka/research/2024/bits-knn-jpdc2024/data/application-scaling/bw01-35760924/gradient-compression-small.csv,0.00043402777777777775,30,0.0091295,0.00905925,0.009176750000000001,1.000054767511912,False,False
gradient-compression,773ccccc257597721840d373c9f3e73e670a8d255c39e3a3e354a1d2571356c3,589824,1,256,0.0,0,bits-sq,8,512,13,upload_shared,/home/jirka/research/2024/bits-knn-jpdc2024/data/application-scaling/bw01-35760924/gradient-compression-small.csv,0.00043402777777777775,1,0.14468799999999998,0.14468799999999998,0.14468799999999998,1.264085480482141,False,False
gradient-compression,773ccccc257597721840d373c9f3e73e670a8d255c39e3a3e354a1d2571356c3,589824,1,256,0.0,0,bits-sq,8,512,16,download,/home/jirka/research/2024/bits-knn-jpdc2024/data/application-scaling/bw01-35760924/gradient-compression-small.csv,0.00043402777777777775,30,0.008869499999999999,0.00822425,0.0090025,0.9143694684029542,False,False
gradient-compression,773ccccc257597721840d373c9f3e73e670a8d255c39e3a3e354a1d2571356c3,589824,1,256,0.0,0,bits-sq,8,512,16,operator,/home/jirka/research/2024/bits-knn-jpdc2024/data/application-scaling/bw01-35760924/gradient-compression-small.csv,0.00043402777777777775,30,0.0909985,0.09089225000000001,0.091164,0.4148969488508052,False,False
gradient-compression,773ccccc257597721840d373c9f3e73e670a8d255c39e3a3e354a1d2571356c3,589824,1,256,0.0,0,bits-sq,8,512,16,output_isolated,/home/jirka/research/2024/bits-knn-jpdc2024/data/application-scaling/bw01-35760924/gradient-compression-small.csv,0.00043402777777777775,30,0.008285,0.0081575,0.00834,0.9969824984912492,False,False
gradient-compression,773ccccc257597721840d373c9f3e73e670a8d255c39e3a3e354a1d2571356c3,589824,1,256,0.0,0,bits-sq,8,512,16,selection_isolated,/home/jirka/research/2024/bits-knn-jpdc2024/data/application-scaling/bw01-35760924/gradient-compression-small.csv,0.00043402777777777775,30,0.08133900000000001,0.0812715,0.0814265,0.3381526696910461,False,False
gradient-compression,773ccccc257597721840d373c9f3e73e670a8d255c39e3a3e354a1d2571356c3,589824,1,256,0.0,0,bits-sq,8,512,16,transform_isolated,/home/jirka/research/2024/bits-knn-jpdc2024/data/application-scaling/bw01-35760924/gradient-compression-small.csv,0.00043402777777777775,30,0.009145,0.00908925,0.00921,0.9983597594313833,False,False
gradient-compression,773ccccc257597721840d373c9f3e73e670a8d255c39e3a3e354a1d2571356c3,589824,1,256,0.0,0,bits-sq,8,512,16,upload_shared,/home/jirka/research/2024/bits-knn-jpdc2024/data/application-scaling/bw01-35760924/gradient-compression-small.csv,0.00043402777777777775,1,0.182898,0.182898,0.182898,1.0,False,False
gradient-compression,773ccccc257597721840d373c9f3e73e670a8d255c39e3a3e354a1d2571356c3,589824,1,256,0.0,0,bits-sq,32,128,4,download,/home/jirka/research/2024/bits-knn-jpdc2024/data/application-scaling/bw01-35760924/gradient-compression-small.csv,0.00043402777777777775,30,0.008935499999999999,0.00814,0.009005,0.907615690224386,False,False
gradient-compression,773ccccc257597721840d373c9f3e73e670a8d255c39e3a3e354a1d2571356c3,589824,1,256,0.0,0,bits-sq,32,128,4,operator,/home/jirka/research/2024/bits-knn-jpdc2024/data/application-scaling/bw01-35760924/gradient-compression-small.csv,0.00043402777777777775,30,0.07881450000000001,0.07772725,0.0789765,0.4790362179548179,False,False
gradient-compression,773ccccc257597721840d373c9f3e73e670a8d255c39e3a3e354a1d2571356c3,589824,1,256,0.0,0,bits-sq,32,128,4,output_isolated,/home/jirka/research/2024/bits-knn-jpdc2024/data/application-scaling/bw01-35760924/gradient-compression-small.csv,0.00043402777777777775,30,0.00831,0.008192499999999998,0.008395,0.9939831528279182,False,False
gradient-compression,773ccccc257597721840d373c9f3e73e670a8d255c39e3a3e354a1d2571356c3,589824,1,256,0.0,0,bits-sq,32,128,4,selection_isolated,/home/jirka/research/2024/bits-knn-jpdc2024/data/application-scaling/bw01-35760924/gradient-compression-small.csv,0.00043402777777777775,30,0.06927449999999999,0.06906150000000001,0.06941399999999999,0.39704364520855445,False,False
gradient-compression,773ccccc257597721840d373c9f3e73e670a8d255c39e3a3e354a1d2571356c3,589824,1,256,0.0,0,bits-sq,32,128,4,transform_isolated,/home/jirka/research/2024/bits-knn-jpdc2024/data/application-scaling/bw01-35760924/gradient-compression-small.csv,0.00043402777777777775,30,0.0091045,0.0090125,0.00914,1.0028008127848866,False,False
gradient-compression,773ccccc257597721840d373c9f3e73e670a8d255c39e3a3e354a1d2571356c3,589824,1,256,0.0,0,bits-sq,32,128,4,upload_shared,/home/jirka/research/2024/bits-knn-jpdc2024/data/application-scaling/bw01-35760924/gradient-compression-small.csv,0.00043402777777777775,1,0.144948,0.144948,0.144948,1.2618180312939813,False,False
gradient-compression,773ccccc257597721840d373c9f3e73e670a8d255c39e3a3e354a1d2571356c3,589824,1,256,0.0,0,bits-sq,32,128,7,download,/home/jirka/research/2024/bits-knn-jpdc2024/data/application-scaling/bw01-35760924/gradient-compression-small.csv,0.00043402777777777775,30,0.0088495,0.008092499999999999,0.008955000000000001,0.9164359568337196,False,False
gradient-compression,773ccccc257597721840d373c9f3e73e670a8d255c39e3a3e354a1d2571356c3,589824,1,256,0.0,0,bits-sq,32,128,7,operator,/home/jirka/research/2024/bits-knn-jpdc2024/data/application-scaling/bw01-35760924/gradient-compression-small.csv,0.00043402777777777775,30,0.075964,0.07575899999999999,0.07611375000000001,0.4970117424042967,False,False
gradient-compression,773ccccc257597721840d373c9f3e73e670a8d255c39e3a3e354a1d2571356c3,589824,1,256,0.0,0,bits-sq,32,128,7,output_isolated,/home/jirka/research/2024/bits-knn-jpdc2024/data/application-scaling/bw01-35760924/gradient-compression-small.csv,0.00043402777777777775,30,0.008455,0.008362499999999998,0.00852675,0.976936723832052,False,False
gradient-compression,773ccccc257597721840d373c9f3e73e670a8d255c39e3a3e354a1d2571356c3,589824,1,256,0.0,0,bits-sq,32,128,7,selection_isolated,/home/jirka/research/2024/bits-knn-jpdc2024/data/application-scaling/bw01-35760924/gradient-compression-small.csv,0.00043402777777777775,30,0.066259,0.06622900000000001,0.0663165,0.41511341855446054,False,False
gradient-compression,773ccccc257597721840d373c9f3e73e670a8d255c39e3a3e354a1d2571356c3,589824,1,256,0.0,0,bits-sq,32,128,7,transform_isolated,/home/jirka/research/2024/bits-knn-jpdc2024/data/application-scaling/bw01-35760924/gradient-compression-small.csv,0.00043402777777777775,30,0.009305,0.0091925,0.00938,0.9811929070392262,False,False
gradient-compression,773ccccc257597721840d373c9f3e73e670a8d255c39e3a3e354a1d2571356c3,589824,1,256,0.0,0,bits-sq,32,128,7,upload_shared,/home/jirka/research/2024/bits-knn-jpdc2024/data/application-scaling/bw01-35760924/gradient-compression-small.csv,0.00043402777777777775,1,0.14868800000000001,0.14868800000000001,0.14868800000000001,1.2300790917895188,False,False
gradient-compression,773ccccc257597721840d373c9f3e73e670a8d255c39e3a3e354a1d2571356c3,589824,1,256,0.0,0,bits-sq,32,128,8,download,/home/jirka/research/2024/bits-knn-jpdc2024/data/application-scaling/bw01-35760924/gradient-compression-small.csv,0.00043402777777777775,30,0.00887,0.00884925,0.008975,0.914317925591883,False,False
gradient-compression,773ccccc257597721840d373c9f3e73e670a8d255c39e3a3e354a1d2571356c3,589824,1,256,0.0,0,bits-sq,32,128,8,operator,/home/jirka/research/2024/bits-knn-jpdc2024/data/application-scaling/bw01-35760924/gradient-compression-small.csv,0.00043402777777777775,30,0.079229,0.07907175,0.07929675,0.4765300584381981,False,False
gradient-compression,773ccccc257597721840d373c9f3e73e670a8d255c39e3a3e354a1d2571356c3,589824,1,256,0.0,0,bits-sq,32,128,8,output_isolated,/home/jirka/research/2024/bits-knn-jpdc2024/data/application-scaling/bw01-35760924/gradient-compression-small.csv,0.00043402777777777775,30,0.0083345,0.00823225,0.00838675,0.9910612514248005,False,False
gradient-compression,773ccccc257597721840d373c9f3e73e670a8d255c39e3a3e354a1d2571356c3,589824,1,256,0.0,0,bits-sq,32,128,8,selection_isolated,/home/jirka/research/2024/bits-knn-jpdc2024/data/application-scaling/bw01-35760924/gradient-compression-small.csv,0.00043402777777777775,30,0.069709,0.069574,0.0698965,0.39456885050710816,False,False
gradient-compression,773ccccc257597721840d373c9f3e73e670a8d255c39e3a3e354a1d2571356c3,589824,1,256,0.0,0,bits-sq,32,128,8,transform_isolated,/home/jirka/research/2024/bits-knn-jpdc2024/data/application-scaling/bw01-35760924/gradient-compression-small.csv,0.00043402777777777775,30,0.009099999999999999,0.008972500000000001,0.00915,1.0032967032967035,False,False
gradient-compression,773ccccc257597721840d373c9f3e73e670a8d255c39e3a3e354a1d2571356c3,589824,1,256,0.0,0,bits-sq,32,128,8,upload_shared,/home/jirka/research/2024/bits-knn-jpdc2024/data/application-scaling/bw01-35760924/gradient-compression-small.csv,0.00043402777777777775,1,0.145069,0.145069,0.145069,1.2607655667303146,False,False
gradient-compression,773ccccc257597721840d373c9f3e73e670a8d255c39e3a3e354a1d2571356c3,589824,1,256,0.0,0,bits-sq,32,128,13,download,/home/jirka/research/2024/bits-knn-jpdc2024/data/application-scaling/bw01-35760924/gradient-compression-small.csv,0.00043402777777777775,30,0.0089745,0.0089275,0.009017500000000001,0.9036715137333557,False,False
gradient-compression,773ccccc257597721840d373c9f3e73e670a8d255c39e3a3e354a1d2571356c3,589824,1,256,0.0,0,bits-sq,32,128,13,operator,/home/jirka/research/2024/bits-knn-jpdc2024/data/application-scaling/bw01-35760924/gradient-compression-small.csv,0.00043402777777777775,30,0.083514,0.0834415,0.083589,0.4520798907967526,False,False
gradient-compression,773ccccc257597721840d373c9f3e73e670a8d255c39e3a3e354a1d2571356c3,589824,1,256,0.0,0,bits-sq,32,128,13,output_isolated,/home/jirka/research/2024/bits-knn-jpdc2024/data/application-scaling/bw01-35760924/gradient-compression-small.csv,0.00043402777777777775,30,0.0082995,0.0082325,0.0084,0.9952406771492259,False,False
gradient-compression,773ccccc257597721840d373c9f3e73e670a8d255c39e3a3e354a1d2571356c3,589824,1,256,0.0,0,bits-sq,32,128,13,selection_isolated,/home/jirka/research/2024/bits-knn-jpdc2024/data/application-scaling/bw01-35760924/gradient-compression-small.csv,0.00043402777777777775,30,0.074044,0.0739815,0.0741565,0.3714683161363514,False,False
gradient-compression,773ccccc257597721840d373c9f3e73e670a8d255c39e3a3e354a1d2571356c3,589824,1,256,0.0,0,bits-sq,32,128,13,transform_isolated,/home/jirka/research/2024/bits-knn-jpdc2024/data/application-scaling/bw01-35760924/gradient-compression-small.csv,0.00043402777777777775,30,0.0091195,0.00907,0.009170000000000001,1.0011513789133177,False,False
gradient-compression,773ccccc257597721840d373c9f3e73e670a8d255c39e3a3e354a1d2571356c3,589824,1,256,0.0,0,bits-sq,32,128,13,upload_shared,/home/jirka/research/2024/bits-knn-jpdc2024/data/application-scaling/bw01-35760924/gradient-compression-small.csv,0.00043402777777777775,1,0.140639,0.140639,0.140639,1.3004785301374442,False,False
gradient-compression,773ccccc257597721840d373c9f3e73e670a8d255c39e3a3e354a1d2571356c3,589824,1,256,0.0,0,bits-sq,32,128,16,download,/home/jirka/research/2024/bits-knn-jpdc2024/data/application-scaling/bw01-35760924/gradient-compression-small.csv,0.00043402777777777775,30,0.008960000000000001,0.008855,0.009017500000000001,0.9051339285714286,False,False
gradient-compression,773ccccc257597721840d373c9f3e73e670a8d255c39e3a3e354a1d2571356c3,589824,1,256,0.0,0,bits-sq,32,128,16,operator,/home/jirka/research/2024/bits-knn-jpdc2024/data/application-scaling/bw01-35760924/gradient-compression-small.csv,0.00043402777777777775,30,0.0803645,0.08027400000000001,0.0805865,0.4697969874758133,False,False
gradient-compression,773ccccc257597721840d373c9f3e73e670a8d255c39e3a3e354a1d2571356c3,589824,1,256,0.0,0,bits-sq,32,128,16,output_isolated,/home/jirka/research/2024/bits-knn-jpdc2024/data/application-scaling/bw01-35760924/gradient-compression-small.csv,0.00043402777777777775,30,0.008315,0.0082425,0.008417500000000001,0.9933854479855683,False,False
gradient-compression,773ccccc257597721840d373c9f3e73e670a8d255c39e3a3e354a1d2571356c3,589824,1,256,0.0,0,bits-sq,32,128,16,selection_isolated,/home/jirka/research/2024/bits-knn-jpdc2024/data/application-scaling/bw01-35760924/gradient-compression-small.csv,0.00043402777777777775,30,0.07080900000000001,0.070694,0.070904,0.3884393226849694,False,False
gradient-compression,773ccccc257597721840d373c9f3e73e670a8d255c39e3a3e354a1d2571356c3,589824,1,256,0.0,0,bits-sq,32,128,16,transform_isolated,/home/jirka/research/2024/bits-knn-jpdc2024/data/application-scaling/bw01-35760924/gradient-compression-small.csv,0.00043402777777777775,30,0.009104999999999999,0.009029249999999999,0.00917975,1.0027457440966505,False,False
gradient-compression,773ccccc257597721840d373c9f3e73e670a8d255c39e3a3e354a1d2571356c3,589824,1,256,0.0,0,bits-sq,32,128,16,upload_shared,/home/jirka/research/2024/bits-knn-jpdc2024/data/application-scaling/bw01-35760924/gradient-compression-small.csv,0.00043402777777777775,1,0.15407800000000002,0.15407800000000002,0.15407800000000002,1.1870481184854422,False,False
gradient-compression,773ccccc257597721840d373c9f3e73e670a8d255c39e3a3e354a1d2571356c3,589824,1,256,0.0,0,bits-sq,32,256,4,download,/home/jirka/research/2024/bits-knn-jpdc2024/data/application-scaling/bw01-35760924/gradient-compression-small.csv,0.00043402777777777775,30,0.008879999999999999,0.00883,0.00898225,0.9132882882882885,False,False
gradient-compression,773ccccc257597721840d373c9f3e73e670a8d255c39e3a3e354a1d2571356c3,589824,1,256,0.0,0,bits-sq,32,256,4,operator,/home/jirka/research/2024/bits-knn-jpdc2024/data/application-scaling/bw01-35760924/gradient-compression-small.csv,0.00043402777777777775,30,0.07253899999999999,0.07239175,0.0726765,0.5204786390769104,False,False
gradient-compression,773ccccc257597721840d373c9f3e73e670a8d255c39e3a3e354a1d2571356c3,589824,1,256,0.0,0,bits-sq,32,256,4,output_isolated,/home/jirka/research/2024/bits-knn-jpdc2024/data/application-scaling/bw01-35760924/gradient-compression-small.csv,0.00043402777777777775,30,0.00833,0.008212249999999999,0.0084125,0.9915966386554621,False,False
gradient-compression,773ccccc257597721840d373c9f3e73e670a8d255c39e3a3e354a1d2571356c3,589824,1,256,0.0,0,bits-sq,32,256,4,selection_isolated,/home/jirka/research/2024/bits-knn-jpdc2024/data/application-scaling/bw01-35760924/gradient-compression-small.csv,0.00043402777777777775,30,0.063039,0.06292475,0.06312475000000001,0.4363172004632054,False,False
gradient-compression,773ccccc257597721840d373c9f3e73e670a8d255c39e3a3e354a1d2571356c3,589824,1,256,0.0,0,bits-sq,32,256,4,transform_isolated,/home/jirka/research/2024/bits-knn-jpdc2024/data/application-scaling/bw01-35760924/gradient-compression-small.csv,0.00043402777777777775,30,0.00911,0.0090025,0.009237500000000001,1.0021953896816687,False,False
gradient-compression,773ccccc257597721840d373c9f3e73e670a8d255c39e3a3e354a1d2571356c3,589824,1,256,0.0,0,bits-sq,32,256,4,upload_shared,/home/jirka/research/2024/bits-knn-jpdc2024/data/application-scaling/bw01-35760924/gradient-compression-small.csv,0.00043402777777777775,1,0.148538,0.148538,0.148538,1.2313212780567935,False,False
gradient-compression,773ccccc257597721840d373c9f3e73e670a8d255c39e3a3e354a1d2571356c3,589824,1,256,0.0,0,bits-sq,32,256,7,download,/home/jirka/research/2024/bits-knn-jpdc2024/data/application-scaling/bw01-35760924/gradient-compression-small.csv,0.00043402777777777775,30,0.008834499999999999,0.00817,0.0089875,0.9179919633255987,False,False
gradient-compression,773ccccc257597721840d373c9f3e73e670a8d255c39e3a3e354a1d2571356c3,589824,1,256,0.0,0,bits-sq,32,256,7,operator,/home/jirka/research/2024/bits-knn-jpdc2024/data/application-scaling/bw01-35760924/gradient-compression-small.csv,0.00043402777777777775,30,0.078628,0.0785215,0.078824,0.4801724576486747,False,False
gradient-compression,773ccccc257597721840d373c9f3e73e670a8d255c39e3a3e354a1d2571356c3,589824,1,256,0.0,0,bits-sq,32,256,7,output_isolated,/home/jirka/research/2024/bits-knn-jpdc2024/data/application-scaling/bw01-35760924/gradient-compression-small.csv,0.00043402777777777775,30,0.008255,0.0082125,0.008387499999999999,1.0006056935190792,False,False
gradient-compression,773ccccc257597721840d373c9f3e73e670a8d255c39e3a3e354a1d2571356c3,589824,1,256,0.0,0,bits-sq,32,256,7,selection_isolated,/home/jirka/research/2024/bits-knn-jpdc2024/data/application-scaling/bw01-35760924/gradient-compression-small.csv,0.00043402777777777775,30,0.0690795,0.06902900000000001,0.06926675,0.3981644337321492,False,False
gradient-compression,773ccccc257597721840d373c9f3e73e670a8d255c39e3a3e354a1d2571356c3,589824,1,256,0.0,0,bits-sq,32,256,7,transform_isolated,/home/jirka/research/2024/bits-knn-jpdc2024/data/application-scaling/bw01-35760924/gradient-compression-small.csv,0.00043402777777777775,30,0.009120000000000001,0.0090525,0.00918425,1.0010964912280702,False,False
gradient-compression,773ccccc257597721840d373c9f3e73e670a8d255c39e3a3e354a1d2571356c3,589824,1,256,0.0,0,bits-sq,32,256,7,upload_shared,/home/jirka/research/2024/bits-knn-jpdc2024/data/application-scaling/bw01-35760924/gradient-compression-small.csv,0.00043402777777777775,1,0.145998,0.145998,0.145998,1.252743188262853,False,False
gradient-compression,773ccccc257597721840d373c9f3e73e670a8d255c39e3a3e354a1d2571356c3,589824,1,256,0.0,0,bits-sq,32,256,8,download,/home/jirka/research/2024/bits-knn-jpdc2024/data/application-scaling/bw01-35760924/gradient-compression-small.csv,0.00043402777777777775,30,0.008865,0.00883925,0.00898675,0.9148336153412296,False,False
gradient-compression,773ccccc257597721840d373c9f3e73e670a8d255c39e3a3e354a1d2571356c3,589824,1,256,0.0,0,bits-sq,32,256,8,operator,/home/jirka/research/2024/bits-knn-jpdc2024/data/application-scaling/bw01-35760924/gradient-compression-small.csv,0.00043402777777777775,30,0.08103350000000001,0.080564,0.0812365,0.465918416457391,False,False
gradient-compression,773ccccc257597721840d373c9f3e73e670a8d255c39e3a3e354a1d2571356c3,589824,1,256,0.0,0,bits-sq,32,256,8,output_isolated,/home/jirka/research/2024/bits-knn-jpdc2024/data/application-scaling/bw01-35760924/gradient-compression-small.csv,0.00043402777777777775,30,0.0084,0.008199999999999999,0.00847,0.9833333333333334,False,False
gradient-compression,773ccccc257597721840d373c9f3e73e670a8d255c39e3a3e354a1d2571356c3,589824,1,256,0.0,0,bits-sq,32,256,8,selection_isolated,/home/jirka/research/2024/bits-knn-jpdc2024/data/application-scaling/bw01-35760924/gradient-compression-small.csv,0.00043402777777777775,30,0.071624,0.071544,0.071729,0.38401932313191117,False,False
gradient-compression,773ccccc257597721840d373c9f3e73e670a8d255c39e3a3e354a1d2571356c3,589824,1,256,0.0,0,bits-sq,32,256,8,transform_isolated,/home/jirka/research/2024/bits-knn-jpdc2024/data/application-scaling/bw01-35760924/gradient-compression-small.csv,0.00043402777777777775,30,0.00908,0.009007500000000002,0.009145,1.0055066079295156,False,False
gradient-compression,773ccccc257597721840d373c9f3e73e670a8d255c39e3a3e354a1d2571356c3,589824,1,256,0.0,0,bits-sq,32,256,8,upload_shared,/home/jirka/research/2024/bits-knn-jpdc2024/data/application-scaling/bw01-35760924/gradient-compression-small.csv,0.00043402777777777775,1,0.14424800000000002,0.14424800000000002,0.14424800000000002,1.267941323276579,False,False
gradient-compression,773ccccc257597721840d373c9f3e73e670a8d255c39e3a3e354a1d2571356c3,589824,1,256,0.0,0,bits-sq,32,256,13,download,/home/jirka/research/2024/bits-knn-jpdc2024/data/application-scaling/bw01-35760924/gradient-compression-small.csv,0.00043402777777777775,30,0.008934999999999998,0.00884,0.008975,0.9076664801343035,False,False
gradient-compression,773ccccc257597721840d373c9f3e73e670a8d255c39e3a3e354a1d2571356c3,589824,1,256,0.0,0,bits-sq,32,256,13,operator,/home/jirka/research/2024/bits-knn-jpdc2024/data/application-scaling/bw01-35760924/gradient-compression-small.csv,0.00043402777777777775,30,0.09504900000000001,0.094979,0.0952215,0.39721617271091747,False,False
gradient-compression,773ccccc257597721840d373c9f3e73e670a8d255c39e3a3e354a1d2571356c3,589824,1,256,0.0,0,bits-sq,32,256,13,output_isolated,/home/jirka/research/2024/bits-knn-jpdc2024/data/application-scaling/bw01-35760924/gradient-compression-small.csv,0.00043402777777777775,30,0.008365,0.00828225,0.008467500000000001,0.98744769874477,False,False
gradient-compression,773ccccc257597721840d373c9f3e73e670a8d255c39e3a3e354a1d2571356c3,589824,1,256,0.0,0,bits-sq,32,256,13,selection_isolated,/home/jirka/research/2024/bits-knn-jpdc2024/data/application-scaling/bw01-35760924/gradient-compression-small.csv,0.00043402777777777775,30,0.085544,0.08543900000000001,0.08570649999999999,0.3215304404750772,False,False
gradient-compression,773ccccc257597721840d373c9f3e73e670a8d255c39e3a3e354a1d2571356c3,589824,1,256,0.0,0,bits-sq,32,256,13,transform_isolated,/home/jirka/research/2024/bits-knn-jpdc2024/data/application-scaling/bw01-35760924/gradient-compression-small.csv,0.00043402777777777775,30,0.009084499999999999,0.0090225,0.009219999999999999,1.0050085310143653,False,False
gradient-compression,773ccccc257597721840d373c9f3e73e670a8d255c39e3a3e354a1d2571356c3,589824,1,256,0.0,0,bits-sq,32,256,13,upload_shared,/home/jirka/research/2024/bits-knn-jpdc2024/data/application-scaling/bw01-35760924/gradient-compression-small.csv,0.00043402777777777775,1,0.14266800000000002,0.14266800000000002,0.14266800000000002,1.2819833459500378,False,False
gradient-compression,773ccccc257597721840d373c9f3e73e670a8d255c39e3a3e354a1d2571356c3,589824,1,256,0.0,0,bits-sq,32,256,16,download,/home/jirka/research/2024/bits-knn-jpdc2024/data/application-scaling/bw01-35760924/gradient-compression-small.csv,0.00043402777777777775,30,0.008934500000000001,0.0088325,0.00897,0.9077172757289159,False,False
gradient-compression,773ccccc257597721840d373c9f3e73e670a8d255c39e3a3e354a1d2571356c3,589824,1,256,0.0,0,bits-sq,32,256,16,operator,/home/jirka/research/2024/bits-knn-jpdc2024/data/application-scaling/bw01-35760924/gradient-compression-small.csv,0.00043402777777777775,30,0.1073485,0.106454,0.107989,0.3517049609449596,False,False
gradient-compression,773ccccc257597721840d373c9f3e73e670a8d255c39e3a3e354a1d2571356c3,589824,1,256,0.0,0,bits-sq,32,256,16,output_isolated,/home/jirka/research/2024/bits-knn-jpdc2024/data/application-scaling/bw01-35760924/gradient-compression-small.csv,0.00043402777777777775,30,0.00836,0.008280000000000001,0.008467500000000001,0.9880382775119618,False,False
gradient-compression,773ccccc257597721840d373c9f3e73e670a8d255c39e3a3e354a1d2571356c3,589824,1,256,0.0,0,bits-sq,32,256,16,selection_isolated,/home/jirka/research/2024/bits-knn-jpdc2024/data/application-scaling/bw01-35760924/gradient-compression-small.csv,0.00043402777777777775,30,0.097169,0.09695975,0.09844875,0.2830635284915971,False,False
gradient-compression,773ccccc257597721840d373c9f3e73e670a8d255c39e3a3e354a1d2571356c3,589824,1,256,0.0,0,bits-sq,32,256,16,transform_isolated,/home/jirka/research/2024/bits-knn-jpdc2024/data/application-scaling/bw01-35760924/gradient-compression-small.csv,0.00043402777777777775,30,0.009099999999999999,0.00907,0.00918675,1.0032967032967035,False,False
gradient-compression,773ccccc257597721840d373c9f3e73e670a8d255c39e3a3e354a1d2571356c3,589824,1,256,0.0,0,bits-sq,32,256,16,upload_shared,/home/jirka/research/2024/bits-knn-jpdc2024/data/application-scaling/bw01-35760924/gradient-compression-small.csv,0.00043402777777777775,1,0.150968,0.150968,0.150968,1.2115017752106407,False,False
gradient-compression,773ccccc257597721840d373c9f3e73e670a8d255c39e3a3e354a1d2571356c3,589824,1,256,0.0,0,bits-sq,32,512,4,download,/home/jirka/research/2024/bits-knn-jpdc2024/data/application-scaling/bw01-35760924/gradient-compression-small.csv,0.00043402777777777775,30,0.008919999999999999,0.00883,0.008960000000000001,0.9091928251121079,True,True
gradient-compression,773ccccc257597721840d373c9f3e73e670a8d255c39e3a3e354a1d2571356c3,589824,1,256,0.0,0,bits-sq,32,512,4,operator,/home/jirka/research/2024/bits-knn-jpdc2024/data/application-scaling/bw01-35760924/gradient-compression-small.csv,0.00043402777777777775,30,0.06518499999999999,0.06489225,0.06528400000000001,0.5791976681751937,True,True
gradient-compression,773ccccc257597721840d373c9f3e73e670a8d255c39e3a3e354a1d2571356c3,589824,1,256,0.0,0,bits-sq,32,512,4,output_isolated,/home/jirka/research/2024/bits-knn-jpdc2024/data/application-scaling/bw01-35760924/gradient-compression-small.csv,0.00043402777777777775,30,0.00824,0.008185,0.00836,1.0024271844660193,True,True
gradient-compression,773ccccc257597721840d373c9f3e73e670a8d255c39e3a3e354a1d2571356c3,589824,1,256,0.0,0,bits-sq,32,512,4,selection_isolated,/home/jirka/research/2024/bits-knn-jpdc2024/data/application-scaling/bw01-35760924/gradient-compression-small.csv,0.00043402777777777775,30,0.0555645,0.055414000000000005,0.05571,0.4950103033411621,True,True
gradient-compression,773ccccc257597721840d373c9f3e73e670a8d255c39e3a3e354a1d2571356c3,589824,1,256,0.0,0,bits-sq,32,512,4,transform_isolated,/home/jirka/research/2024/bits-knn-jpdc2024/data/application-scaling/bw01-35760924/gradient-compression-small.csv,0.00043402777777777775,30,0.00906,0.00899175,0.009147500000000001,1.0077262693156734,True,True
gradient-compression,773ccccc257597721840d373c9f3e73e670a8d255c39e3a3e354a1d2571356c3,589824,1,256,0.0,0,bits-sq,32,512,4,upload_shared,/home/jirka/research/2024/bits-knn-jpdc2024/data/application-scaling/bw01-35760924/gradient-compression-small.csv,0.00043402777777777775,1,0.14435800000000001,0.14435800000000001,0.14435800000000001,1.2669751589797587,True,True
gradient-compression,773ccccc257597721840d373c9f3e73e670a8d255c39e3a3e354a1d2571356c3,589824,1,256,0.0,0,bits-sq,32,512,7,download,/home/jirka/research/2024/bits-knn-jpdc2024/data/application-scaling/bw01-35760924/gradient-compression-small.csv,0.00043402777777777775,30,0.008865,0.008199999999999999,0.008919999999999999,0.9148336153412296,False,False
gradient-compression,773ccccc257597721840d373c9f3e73e670a8d255c39e3a3e354a1d2571356c3,589824,1,256,0.0,0,bits-sq,32,512,7,operator,/home/jirka/research/2024/bits-knn-jpdc2024/data/application-scaling/bw01-35760924/gradient-compression-small.csv,0.00043402777777777775,30,0.071904,0.0718015,0.072079,0.5250751001335113,False,False
gradient-compression,773ccccc257597721840d373c9f3e73e670a8d255c39e3a3e354a1d2571356c3,589824,1,256,0.0,0,bits-sq,32,512,7,output_isolated,/home/jirka/research/2024/bits-knn-jpdc2024/data/application-scaling/bw01-35760924/gradient-compression-small.csv,0.00043402777777777775,30,0.008285,0.0082125,0.0083275,0.9969824984912492,False,False
gradient-compression,773ccccc257597721840d373c9f3e73e670a8d255c39e3a3e354a1d2571356c3,589824,1,256,0.0,0,bits-sq,32,512,7,selection_isolated,/home/jirka/research/2024/bits-knn-jpdc2024/data/application-scaling/bw01-35760924/gradient-compression-small.csv,0.00043402777777777775,30,0.062399,0.06232225,0.06253675,0.44079232038974986,False,False
gradient-compression,773ccccc257597721840d373c9f3e73e670a8d255c39e3a3e354a1d2571356c3,589824,1,256,0.0,0,bits-sq,32,512,7,transform_isolated,/home/jirka/research/2024/bits-knn-jpdc2024/data/application-scaling/bw01-35760924/gradient-compression-small.csv,0.00043402777777777775,30,0.009094999999999999,0.009049999999999999,0.009145,1.0038482682792746,False,False
gradient-compression,773ccccc257597721840d373c9f3e73e670a8d255c39e3a3e354a1d2571356c3,589824,1,256,0.0,0,bits-sq,32,512,7,upload_shared,/home/jirka/research/2024/bits-knn-jpdc2024/data/application-scaling/bw01-35760924/gradient-compression-small.csv,0.00043402777777777775,1,0.153868,0.153868,0.153868,1.1886682091143057,False,False
gradient-compression,773ccccc257597721840d373c9f3e73e670a8d255c39e3a3e354a1d2571356c3,589824,1,256,0.0,0,bits-sq,32,512,8,download,/home/jirka/research/2024/bits-knn-jpdc2024/data/application-scaling/bw01-35760924/gradient-compression-small.csv,0.00043402777777777775,30,0.0088845,0.00884,0.0089875,0.9128257076931736,False,False
gradient-compression,773ccccc257597721840d373c9f3e73e670a8d255c39e3a3e354a1d2571356c3,589824,1,256,0.0,0,bits-sq,32,512,8,operator,/home/jirka/research/2024/bits-knn-jpdc2024/data/application-scaling/bw01-35760924/gradient-compression-small.csv,0.00043402777777777775,30,0.075344,0.07521975000000002,0.07550649999999999,0.5011016139307709,False,False
gradient-compression,773ccccc257597721840d373c9f3e73e670a8d255c39e3a3e354a1d2571356c3,589824,1,256,0.0,0,bits-sq,32,512,8,output_isolated,/home/jirka/research/2024/bits-knn-jpdc2024/data/application-scaling/bw01-35760924/gradient-compression-small.csv,0.00043402777777777775,30,0.00833,0.008262499999999999,0.008449249999999998,0.9915966386554621,False,False
gradient-compression,773ccccc257597721840d373c9f3e73e670a8d255c39e3a3e354a1d2571356c3,589824,1,256,0.0,0,bits-sq,32,512,8,selection_isolated,/home/jirka/research/2024/bits-knn-jpdc2024/data/application-scaling/bw01-35760924/gradient-compression-small.csv,0.00043402777777777775,30,0.06587399999999999,0.06576225,0.065999,0.417539545192337,False,False
gradient-compression,773ccccc257597721840d373c9f3e73e670a8d255c39e3a3e354a1d2571356c3,589824,1,256,0.0,0,bits-sq,32,512,8,transform_isolated,/home/jirka/research/2024/bits-knn-jpdc2024/data/application-scaling/bw01-35760924/gradient-compression-small.csv,0.00043402777777777775,30,0.009085,0.00904,0.0091975,1.0049532195927355,False,False
gradient-compression,773ccccc257597721840d373c9f3e73e670a8d255c39e3a3e354a1d2571356c3,589824,1,256,0.0,0,bits-sq,32,512,8,upload_shared,/home/jirka/research/2024/bits-knn-jpdc2024/data/application-scaling/bw01-35760924/gradient-compression-small.csv,0.00043402777777777775,1,0.14637799999999998,0.14637799999999998,0.14637799999999998,1.2494910437360807,False,False
gradient-compression,773ccccc257597721840d373c9f3e73e670a8d255c39e3a3e354a1d2571356c3,589824,1,256,0.0,0,bits-sq,32,512,13,download,/home/jirka/research/2024/bits-knn-jpdc2024/data/application-scaling/bw01-35760924/gradient-compression-small.csv,0.00043402777777777775,30,0.008950000000000001,0.008215,0.009005,0.906145251396648,False,False
gradient-compression,773ccccc257597721840d373c9f3e73e670a8d255c39e3a3e354a1d2571356c3,589824,1,256,0.0,0,bits-sq,32,512,13,operator,/home/jirka/research/2024/bits-knn-jpdc2024/data/application-scaling/bw01-35760924/gradient-compression-small.csv,0.00043402777777777775,30,0.093634,0.093549,0.09372899999999999,0.40321891620565176,False,False
gradient-compression,773ccccc257597721840d373c9f3e73e670a8d255c39e3a3e354a1d2571356c3,589824,1,256,0.0,0,bits-sq,32,512,13,output_isolated,/home/jirka/research/2024/bits-knn-jpdc2024/data/application-scaling/bw01-35760924/gradient-compression-small.csv,0.00043402777777777775,30,0.00833,0.008245,0.008415,0.9915966386554621,False,False
gradient-compression,773ccccc257597721840d373c9f3e73e670a8d255c39e3a3e354a1d2571356c3,589824,1,256,0.0,0,bits-sq,32,512,13,selection_isolated,/home/jirka/research/2024/bits-knn-jpdc2024/data/application-scaling/bw01-35760924/gradient-compression-small.csv,0.00043402777777777775,30,0.08405900000000001,0.0839915,0.0842215,0.3272106496627369,False,False
gradient-compression,773ccccc257597721840d373c9f3e73e670a8d255c39e3a3e354a1d2571356c3,589824,1,256,0.0,0,bits-sq,32,512,13,transform_isolated,/home/jirka/research/2024/bits-knn-jpdc2024/data/application-scaling/bw01-35760924/gradient-compression-small.csv,0.00043402777777777775,30,0.00911,0.00901,0.00921,1.0021953896816687,False,False
gradient-compression,773ccccc257597721840d373c9f3e73e670a8d255c39e3a3e354a1d2571356c3,589824,1,256,0.0,0,bits-sq,32,512,13,upload_shared,/home/jirka/research/2024/bits-knn-jpdc2024/data/application-scaling/bw01-35760924/gradient-compression-small.csv,0.00043402777777777775,1,0.155189,0.155189,0.155189,1.1785500260972106,False,False
gradient-compression,773ccccc257597721840d373c9f3e73e670a8d255c39e3a3e354a1d2571356c3,589824,1,256,0.0,0,bits-sq,32,512,16,download,/home/jirka/research/2024/bits-knn-jpdc2024/data/application-scaling/bw01-35760924/gradient-compression-small.csv,0.00043402777777777775,30,0.008919999999999999,0.008833,0.008967500000000002,0.9091928251121079,False,False
gradient-compression,773ccccc257597721840d373c9f3e73e670a8d255c39e3a3e354a1d2571356c3,589824,1,256,0.0,0,bits-sq,32,512,16,operator,/home/jirka/research/2024/bits-knn-jpdc2024/data/application-scaling/bw01-35760924/gradient-compression-small.csv,0.00043402777777777775,30,0.103559,0.10348824999999999,0.103696,0.3645747834567734,False,False
gradient-compression,773ccccc257597721840d373c9f3e73e670a8d255c39e3a3e354a1d2571356c3,589824,1,256,0.0,0,bits-sq,32,512,16,output_isolated,/home/jirka/research/2024/bits-knn-jpdc2024/data/application-scaling/bw01-35760924/gradient-compression-small.csv,0.00043402777777777775,30,0.00826,0.0082125,0.0083275,1.0,False,False
gradient-compression,773ccccc257597721840d373c9f3e73e670a8d255c39e3a3e354a1d2571356c3,589824,1,256,0.0,0,bits-sq,32,512,16,selection_isolated,/home/jirka/research/2024/bits-knn-jpdc2024/data/application-scaling/bw01-35760924/gradient-compression-small.csv,0.00043402777777777775,30,0.0940435,0.09387174999999999,0.09413400000000001,0.29247103733910373,False,False
gradient-compression,773ccccc257597721840d373c9f3e73e670a8d255c39e3a3e354a1d2571356c3,589824,1,256,0.0,0,bits-sq,32,512,16,transform_isolated,/home/jirka/research/2024/bits-knn-jpdc2024/data/application-scaling/bw01-35760924/gradient-compression-small.csv,0.00043402777777777775,30,0.00911,0.00906225,0.009195,1.0021953896816687,False,False
gradient-compression,773ccccc257597721840d373c9f3e73e670a8d255c39e3a3e354a1d2571356c3,589824,1,256,0.0,0,bits-sq,32,512,16,upload_shared,/home/jirka/research/2024/bits-knn-jpdc2024/data/application-scaling/bw01-35760924/gradient-compression-small.csv,0.00043402777777777775,1,0.148488,0.148488,0.148488,1.2317358978503312,False,False
gradient-compression,773ccccc257597721840d373c9f3e73e670a8d255c39e3a3e354a1d2571356c3,589824,1,256,0.0,0,bits-sq,128,128,4,download,/home/jirka/research/2024/bits-knn-jpdc2024/data/application-scaling/bw01-35760924/gradient-compression-small.csv,0.00043402777777777775,30,0.008915,0.00885,0.008975,0.9097027481772295,False,False
gradient-compression,773ccccc257597721840d373c9f3e73e670a8d255c39e3a3e354a1d2571356c3,589824,1,256,0.0,0,bits-sq,128,128,4,operator,/home/jirka/research/2024/bits-knn-jpdc2024/data/application-scaling/bw01-35760924/gradient-compression-small.csv,0.00043402777777777775,30,0.0839385,0.0838375,0.083999,0.44979359888489784,False,False
gradient-compression,773ccccc257597721840d373c9f3e73e670a8d255c39e3a3e354a1d2571356c3,589824,1,256,0.0,0,bits-sq,128,128,4,output_isolated,/home/jirka/research/2024/bits-knn-jpdc2024/data/application-scaling/bw01-35760924/gradient-compression-small.csv,0.00043402777777777775,30,0.008369999999999999,0.00827925,0.00844325,0.9868578255675031,False,False
gradient-compression,773ccccc257597721840d373c9f3e73e670a8d255c39e3a3e354a1d2571356c3,589824,1,256,0.0,0,bits-sq,128,128,4,selection_isolated,/home/jirka/research/2024/bits-knn-jpdc2024/data/application-scaling/bw01-35760924/gradient-compression-small.csv,0.00043402777777777775,30,0.0744095,0.0743515,0.07449650000000001,0.3696436610916617,False,False
gradient-compression,773ccccc257597721840d373c9f3e73e670a8d255c39e3a3e354a1d2571356c3,589824,1,256,0.0,0,bits-sq,128,128,4,transform_isolated,/home/jirka/research/2024/bits-knn-jpdc2024/data/application-scaling/bw01-35760924/gradient-compression-small.csv,0.00043402777777777775,30,0.009094999999999999,0.009029249999999999,0.0091375,1.0038482682792746,False,False
gradient-compression,773ccccc257597721840d373c9f3e73e670a8d255c39e3a3e354a1d2571356c3,589824,1,256,0.0,0,bits-sq,128,128,4,upload_shared,/home/jirka/research/2024/bits-knn-jpdc2024/data/application-scaling/bw01-35760924/gradient-compression-small.csv,0.00043402777777777775,1,0.149729,0.149729,0.149729,1.2215268919180653,False,False
gradient-compression,773ccccc257597721840d373c9f3e73e670a8d255c39e3a3e354a1d2571356c3,589824,1,256,0.0,0,bits-sq,128,128,7,download,/home/jirka/research/2024/bits-knn-jpdc2024/data/application-scaling/bw01-35760924/gradient-compression-small.csv,0.00043402777777777775,30,0.00887,0.0081225,0.009005,0.914317925591883,False,False
gradient-compression,773ccccc257597721840d373c9f3e73e670a8d255c39e3a3e354a1d2571356c3,589824,1,256,0.0,0,bits-sq,128,128,7,operator,/home/jirka/research/2024/bits-knn-jpdc2024/data/application-scaling/bw01-35760924/gradient-compression-small.csv,0.00043402777777777775,30,0.08030399999999999,0.08019,0.080399,0.4701509264793784,False,False
gradient-compression,773ccccc257597721840d373c9f3e73e670a8d255c39e3a3e354a1d2571356c3,589824,1,256,0.0,0,bits-sq,128,128,7,output_isolated,/home/jirka/research/2024/bits-knn-jpdc2024/data/application-scaling/bw01-35760924/gradient-compression-small.csv,0.00043402777777777775,30,0.00835,0.00829,0.0084575,0.9892215568862276,False,False
gradient-compression,773ccccc257597721840d373c9f3e73e670a8d255c39e3a3e354a1d2571356c3,589824,1,256,0.0,0,bits-sq,128,128,7,selection_isolated,/home/jirka/research/2024/bits-knn-jpdc2024/data/application-scaling/bw01-35760924/gradient-compression-small.csv,0.00043402777777777775,30,0.070789,0.0706965,0.0709265,0.38854906835807823,False,False
gradient-compression,773ccccc257597721840d373c9f3e73e670a8d255c39e3a3e354a1d2571356c3,589824,1,256,0.0,0,bits-sq,128,128,7,transform_isolated,/home/jirka/research/2024/bits-knn-jpdc2024/data/application-scaling/bw01-35760924/gradient-compression-small.csv,0.00043402777777777775,30,0.009104999999999999,0.00900925,0.00918,1.0027457440966505,False,False
gradient-compression,773ccccc257597721840d373c9f3e73e670a8d255c39e3a3e354a1d2571356c3,589824,1,256,0.0,0,bits-sq,128,128,7,upload_shared,/home/jirka/research/2024/bits-knn-jpdc2024/data/application-scaling/bw01-35760924/gradient-compression-small.csv,0.00043402777777777775,1,0.158408,0.158408,0.158408,1.1546007777384981,False,False
gradient-compression,773ccccc257597721840d373c9f3e73e670a8d255c39e3a3e354a1d2571356c3,589824,1,256,0.0,0,bits-sq,128,128,8,download,/home/jirka/research/2024/bits-knn-jpdc2024/data/application-scaling/bw01-35760924/gradient-compression-small.csv,0.00043402777777777775,30,0.008934999999999998,0.0087775,0.008989,0.9076664801343035,False,False
gradient-compression,773ccccc257597721840d373c9f3e73e670a8d255c39e3a3e354a1d2571356c3,589824,1,256,0.0,0,bits-sq,128,128,8,operator,/home/jirka/research/2024/bits-knn-jpdc2024/data/application-scaling/bw01-35760924/gradient-compression-small.csv,0.00043402777777777775,30,0.082374,0.08229900000000001,0.082429,0.45833636827154195,False,False
gradient-compression,773ccccc257597721840d373c9f3e73e670a8d255c39e3a3e354a1d2571356c3,589824,1,256,0.0,0,bits-sq,128,128,8,output_isolated,/home/jirka/research/2024/bits-knn-jpdc2024/data/application-scaling/bw01-35760924/gradient-compression-small.csv,0.00043402777777777775,30,0.008255,0.008141749999999998,0.008315,1.0006056935190792,False,False
gradient-compression,773ccccc257597721840d373c9f3e73e670a8d255c39e3a3e354a1d2571356c3,589824,1,256,0.0,0,bits-sq,128,128,8,selection_isolated,/home/jirka/research/2024/bits-knn-jpdc2024/data/application-scaling/bw01-35760924/gradient-compression-small.csv,0.00043402777777777775,30,0.072809,0.07267475,0.072919,0.37776923182573585,False,False
gradient-compression,773ccccc257597721840d373c9f3e73e670a8d255c39e3a3e354a1d2571356c3,589824,1,256,0.0,0,bits-sq,128,128,8,transform_isolated,/home/jirka/research/2024/bits-knn-jpdc2024/data/application-scaling/bw01-35760924/gradient-compression-small.csv,0.00043402777777777775,30,0.00912,0.009004999999999999,0.0092,1.0010964912280704,False,False
gradient-compression,773ccccc257597721840d373c9f3e73e670a8d255c39e3a3e354a1d2571356c3,589824,1,256,0.0,0,bits-sq,128,128,8,upload_shared,/home/jirka/research/2024/bits-knn-jpdc2024/data/application-scaling/bw01-35760924/gradient-compression-small.csv,0.00043402777777777775,1,0.143029,0.143029,0.143029,1.2787476665571318,False,False
gradient-compression,773ccccc257597721840d373c9f3e73e670a8d255c39e3a3e354a1d2571356c3,589824,1,256,0.0,0,bits-sq,128,128,13,download,/home/jirka/research/2024/bits-knn-jpdc2024/data/application-scaling/bw01-35760924/gradient-compression-small.csv,0.00043402777777777775,30,0.00887,0.007291500000000001,0.00899,0.914317925591883,False,False
gradient-compression,773ccccc257597721840d373c9f3e73e670a8d255c39e3a3e354a1d2571356c3,589824,1,256,0.0,0,bits-sq,128,128,13,operator,/home/jirka/research/2024/bits-knn-jpdc2024/data/application-scaling/bw01-35760924/gradient-compression-small.csv,0.00043402777777777775,30,0.086169,0.08442,0.0880565,0.43815061100859937,False,False
gradient-compression,773ccccc257597721840d373c9f3e73e670a8d255c39e3a3e354a1d2571356c3,589824,1,256,0.0,0,bits-sq,128,128,13,output_isolated,/home/jirka/research/2024/bits-knn-jpdc2024/data/application-scaling/bw01-35760924/gradient-compression-small.csv,0.00043402777777777775,30,0.008275000000000001,0.00662725,0.008395,0.9981873111782475,False,False
gradient-compression,773ccccc257597721840d373c9f3e73e670a8d255c39e3a3e354a1d2571356c3,589824,1,256,0.0,0,bits-sq,128,128,13,selection_isolated,/home/jirka/research/2024/bits-knn-jpdc2024/data/application-scaling/bw01-35760924/gradient-compression-small.csv,0.00043402777777777775,30,0.076609,0.076465,0.07675725000000001,0.3590309232596693,False,False
gradient-compression,773ccccc257597721840d373c9f3e73e670a8d255c39e3a3e354a1d2571356c3,589824,1,256,0.0,0,bits-sq,128,128,13,transform_isolated,/home/jirka/research/2024/bits-knn-jpdc2024/data/application-scaling/bw01-35760924/gradient-compression-small.csv,0.00043402777777777775,30,0.0090445,0.0076475,0.00911,1.0094532588866163,False,False
gradient-compression,773ccccc257597721840d373c9f3e73e670a8d255c39e3a3e354a1d2571356c3,589824,1,256,0.0,0,bits-sq,128,128,13,upload_shared,/home/jirka/research/2024/bits-knn-jpdc2024/data/application-scaling/bw01-35760924/gradient-compression-small.csv,0.00043402777777777775,1,0.13567900000000002,0.13567900000000002,0.13567900000000002,1.3480199588735176,False,False
gradient-compression,773ccccc257597721840d373c9f3e73e670a8d255c39e3a3e354a1d2571356c3,589824,1,256,0.0,0,bits-sq,128,128,16,download,/home/jirka/research/2024/bits-knn-jpdc2024/data/application-scaling/bw01-35760924/gradient-compression-small.csv,0.00043402777777777775,30,0.008919999999999999,0.00884,0.00898,0.9091928251121079,False,False
gradient-compression,773ccccc257597721840d373c9f3e73e670a8d255c39e3a3e354a1d2571356c3,589824,1,256,0.0,0,bits-sq,128,128,16,operator,/home/jirka/research/2024/bits-knn-jpdc2024/data/application-scaling/bw01-35760924/gradient-compression-small.csv,0.00043402777777777775,30,0.082339,0.08218400000000001,0.082539,0.45853119420930544,False,False
gradient-compression,773ccccc257597721840d373c9f3e73e670a8d255c39e3a3e354a1d2571356c3,589824,1,256,0.0,0,bits-sq,128,128,16,output_isolated,/home/jirka/research/2024/bits-knn-jpdc2024/data/application-scaling/bw01-35760924/gradient-compression-small.csv,0.00043402777777777775,30,0.008369999999999999,0.00829,0.008415,0.9868578255675031,False,False
gradient-compression,773ccccc257597721840d373c9f3e73e670a8d255c39e3a3e354a1d2571356c3,589824,1,256,0.0,0,bits-sq,128,128,16,selection_isolated,/home/jirka/research/2024/bits-knn-jpdc2024/data/application-scaling/bw01-35760924/gradient-compression-small.csv,0.00043402777777777775,30,0.072845,0.0727015,0.0729365,0.37758253826618166,False,False
gradient-compression,773ccccc257597721840d373c9f3e73e670a8d255c39e3a3e354a1d2571356c3,589824,1,256,0.0,0,bits-sq,128,128,16,transform_isolated,/home/jirka/research/2024/bits-knn-jpdc2024/data/application-scaling/bw01-35760924/gradient-compression-small.csv,0.00043402777777777775,30,0.009120000000000001,0.00907325,0.009226749999999999,1.0010964912280702,False,False
gradient-compression,773ccccc257597721840d373c9f3e73e670a8d255c39e3a3e354a1d2571356c3,589824,1,256,0.0,0,bits-sq,128,128,16,upload_shared,/home/jirka/research/2024/bits-knn-jpdc2024/data/application-scaling/bw01-35760924/gradient-compression-small.csv,0.00043402777777777775,1,0.147999,0.147999,0.147999,1.235805647335455,False,False
gradient-compression,773ccccc257597721840d373c9f3e73e670a8d255c39e3a3e354a1d2571356c3,589824,1,256,0.0,0,bits-sq,128,256,4,download,/home/jirka/research/2024/bits-knn-jpdc2024/data/application-scaling/bw01-35760924/gradient-compression-small.csv,0.00043402777777777775,30,0.008905,0.0088325,0.0089875,0.9107243121841663,False,False
gradient-compression,773ccccc257597721840d373c9f3e73e670a8d255c39e3a3e354a1d2571356c3,589824,1,256,0.0,0,bits-sq,128,256,4,operator,/home/jirka/research/2024/bits-knn-jpdc2024/data/application-scaling/bw01-35760924/gradient-compression-small.csv,0.00043402777777777775,30,0.077889,0.0777765,0.07800150000000002,0.48472826714940487,False,False
gradient-compression,773ccccc257597721840d373c9f3e73e670a8d255c39e3a3e354a1d2571356c3,589824,1,256,0.0,0,bits-sq,128,256,4,output_isolated,/home/jirka/research/2024/bits-knn-jpdc2024/data/application-scaling/bw01-35760924/gradient-compression-small.csv,0.00043402777777777775,30,0.008285,0.008209250000000001,0.008399750000000001,0.9969824984912492,False,False
gradient-compression,773ccccc257597721840d373c9f3e73e670a8d255c39e3a3e354a1d2571356c3,589824,1,256,0.0,0,bits-sq,128,256,4,selection_isolated,/home/jirka/research/2024/bits-knn-jpdc2024/data/application-scaling/bw01-35760924/gradient-compression-small.csv,0.00043402777777777775,30,0.06834399999999999,0.068189,0.06847400000000001,0.4024493737562918,False,False
gradient-compression,773ccccc257597721840d373c9f3e73e670a8d255c39e3a3e354a1d2571356c3,589824,1,256,0.0,0,bits-sq,128,256,4,transform_isolated,/home/jirka/research/2024/bits-knn-jpdc2024/data/application-scaling/bw01-35760924/gradient-compression-small.csv,0.00043402777777777775,30,0.009094999999999999,0.00899925,0.00916975,1.0038482682792746,False,False
gradient-compression,773ccccc257597721840d373c9f3e73e670a8d255c39e3a3e354a1d2571356c3,589824,1,256,0.0,0,bits-sq,128,256,4,upload_shared,/home/jirka/research/2024/bits-knn-jpdc2024/data/application-scaling/bw01-35760924/gradient-compression-small.csv,0.00043402777777777775,1,0.14665899999999998,0.14665899999999998,0.14665899999999998,1.2470970073435659,False,False
gradient-compression,773ccccc257597721840d373c9f3e73e670a8d255c39e3a3e354a1d2571356c3,589824,1,256,0.0,0,bits-sq,128,256,7,download,/home/jirka/research/2024/bits-knn-jpdc2024/data/application-scaling/bw01-35760924/gradient-compression-small.csv,0.00043402777777777775,30,0.009115000000000002,0.009032499999999999,0.0091375,0.8897421832144816,False,False
gradient-compression,773ccccc257597721840d373c9f3e73e670a8d255c39e3a3e354a1d2571356c3,589824,1,256,0.0,0,bits-sq,128,256,7,operator,/home/jirka/research/2024/bits-knn-jpdc2024/data/application-scaling/bw01-35760924/gradient-compression-small.csv,0.00043402777777777775,30,0.0837285,0.083639,0.08380175,0.45092172916032175,False,False
gradient-compression,773ccccc257597721840d373c9f3e73e670a8d255c39e3a3e354a1d2571356c3,589824,1,256,0.0,0,bits-sq,128,256,7,output_isolated,/home/jirka/research/2024/bits-knn-jpdc2024/data/application-scaling/bw01-35760924/gradient-compression-small.csv,0.00043402777777777775,30,0.008505,0.008405,0.008579999999999999,0.97119341563786,False,False
gradient-compression,773ccccc257597721840d373c9f3e73e670a8d255c39e3a3e354a1d2571356c3,589824,1,256,0.0,0,bits-sq,128,256,7,selection_isolated,/home/jirka/research/2024/bits-knn-jpdc2024/data/application-scaling/bw01-35760924/gradient-compression-small.csv,0.00043402777777777775,30,0.073909,0.0738515,0.07401975,0.372146829208892,False,False
gradient-compression,773ccccc257597721840d373c9f3e73e670a8d255c39e3a3e354a1d2571356c3,589824,1,256,0.0,0,bits-sq,128,256,7,transform_isolated,/home/jirka/research/2024/bits-knn-jpdc2024/data/application-scaling/bw01-35760924/gradient-compression-small.csv,0.00043402777777777775,30,0.009269999999999999,0.009202499999999999,0.009307500000000002,0.9848975188781016,False,False
gradient-compression,773ccccc257597721840d373c9f3e73e670a8d255c39e3a3e354a1d2571356c3,589824,1,256,0.0,0,bits-sq,128,256,7,upload_shared,/home/jirka/research/2024/bits-knn-jpdc2024/data/application-scaling/bw01-35760924/gradient-compression-small.csv,0.00043402777777777775,1,0.148029,0.148029,0.148029,1.2355551952657926,False,False
gradient-compression,773ccccc257597721840d373c9f3e73e670a8d255c39e3a3e354a1d2571356c3,589824,1,256,0.0,0,bits-sq,128,256,8,download,/home/jirka/research/2024/bits-knn-jpdc2024/data/application-scaling/bw01-35760924/gradient-compression-small.csv,0.00043402777777777775,30,0.008865,0.00883025,0.00894675,0.9148336153412296,False,False
gradient-compression,773ccccc257597721840d373c9f3e73e670a8d255c39e3a3e354a1d2571356c3,589824,1,256,0.0,0,bits-sq,128,256,8,operator,/home/jirka/research/2024/bits-knn-jpdc2024/data/application-scaling/bw01-35760924/gradient-compression-small.csv,0.00043402777777777775,30,0.08443400000000001,0.084324,0.08463150000000001,0.44715399009877527,False,False
gradient-compression,773ccccc257597721840d373c9f3e73e670a8d255c39e3a3e354a1d2571356c3,589824,1,256,0.0,0,bits-sq,128,256,8,output_isolated,/home/jirka/research/2024/bits-knn-jpdc2024/data/application-scaling/bw01-35760924/gradient-compression-small.csv,0.00043402777777777775,30,0.00849,0.008445000000000001,0.00860175,0.9729093050647821,False,False
gradient-compression,773ccccc257597721840d373c9f3e73e670a8d255c39e3a3e354a1d2571356c3,589824,1,256,0.0,0,bits-sq,128,256,8,selection_isolated,/home/jirka/research/2024/bits-knn-jpdc2024/data/application-scaling/bw01-35760924/gradient-compression-small.csv,0.00043402777777777775,30,0.074734,0.0746275,0.0748415,0.3680386437230712,False,False
gradient-compression,773ccccc257597721840d373c9f3e73e670a8d255c39e3a3e354a1d2571356c3,589824,1,256,0.0,0,bits-sq,128,256,8,transform_isolated,/home/jirka/research/2024/bits-knn-jpdc2024/data/application-scaling/bw01-35760924/gradient-compression-small.csv,0.00043402777777777775,30,0.00923,0.009145,0.00932025,0.9891657638136512,False,False
gradient-compression,773ccccc257597721840d373c9f3e73e670a8d255c39e3a3e354a1d2571356c3,589824,1,256,0.0,0,bits-sq,128,256,8,upload_shared,/home/jirka/research/2024/bits-knn-jpdc2024/data/application-scaling/bw01-35760924/gradient-compression-small.csv,0.00043402777777777775,1,0.14824900000000002,0.14824900000000002,0.14824900000000002,1.2337216439908532,False,False
gradient-compression,773ccccc257597721840d373c9f3e73e670a8d255c39e3a3e354a1d2571356c3,589824,1,256,0.0,0,bits-sq,128,256,13,download,/home/jirka/research/2024/bits-knn-jpdc2024/data/application-scaling/bw01-35760924/gradient-compression-small.csv,0.00043402777777777775,30,0.00893,0.00885025,0.00898,0.9081746920492721,False,False
gradient-compression,773ccccc257597721840d373c9f3e73e670a8d255c39e3a3e354a1d2571356c3,589824,1,256,0.0,0,bits-sq,128,256,13,operator,/home/jirka/research/2024/bits-knn-jpdc2024/data/application-scaling/bw01-35760924/gradient-compression-small.csv,0.00043402777777777775,30,0.100804,0.100594,0.100939,0.3745387087813975,False,False
gradient-compression,773ccccc257597721840d373c9f3e73e670a8d255c39e3a3e354a1d2571356c3,589824,1,256,0.0,0,bits-sq,128,256,13,output_isolated,/home/jirka/research/2024/bits-knn-jpdc2024/data/application-scaling/bw01-35760924/gradient-compression-small.csv,0.00043402777777777775,30,0.008345,0.008202499999999998,0.00841775,0.9898142600359496,False,False
gradient-compression,773ccccc257597721840d373c9f3e73e670a8d255c39e3a3e354a1d2571356c3,589824,1,256,0.0,0,bits-sq,128,256,13,selection_isolated,/home/jirka/research/2024/bits-knn-jpdc2024/data/application-scaling/bw01-35760924/gradient-compression-small.csv,0.00043402777777777775,30,0.09123400000000001,0.091129,0.09132400000000002,0.30147751934585787,False,False
gradient-compression,773ccccc257597721840d373c9f3e73e670a8d255c39e3a3e354a1d2571356c3,589824,1,256,0.0,0,bits-sq,128,256,13,transform_isolated,/home/jirka/research/2024/bits-knn-jpdc2024/data/application-scaling/bw01-35760924/gradient-compression-small.csv,0.00043402777777777775,30,0.00906,0.0090125,0.009165000000000001,1.0077262693156734,False,False
gradient-compression,773ccccc257597721840d373c9f3e73e670a8d255c39e3a3e354a1d2571356c3,589824,1,256,0.0,0,bits-sq,128,256,13,upload_shared,/home/jirka/research/2024/bits-knn-jpdc2024/data/application-scaling/bw01-35760924/gradient-compression-small.csv,0.00043402777777777775,1,0.14163800000000001,0.14163800000000001,0.14163800000000001,1.2913060054505145,False,False
gradient-compression,773ccccc257597721840d373c9f3e73e670a8d255c39e3a3e354a1d2571356c3,589824,1,256,0.0,0,bits-sq,128,256,16,download,/home/jirka/research/2024/bits-knn-jpdc2024/data/application-scaling/bw01-35760924/gradient-compression-small.csv,0.00043402777777777775,30,0.0088755,0.008769999999999998,0.00898,0.9137513379527915,False,False
gradient-compression,773ccccc257597721840d373c9f3e73e670a8d255c39e3a3e354a1d2571356c3,589824,1,256,0.0,0,bits-sq,128,256,16,operator,/home/jirka/research/2024/bits-knn-jpdc2024/data/application-scaling/bw01-35760924/gradient-compression-small.csv,0.00043402777777777775,30,0.110009,0.10989325,0.11008799999999999,0.3431991927933169,False,False
gradient-compression,773ccccc257597721840d373c9f3e73e670a8d255c39e3a3e354a1d2571356c3,589824,1,256,0.0,0,bits-sq,128,256,16,output_isolated,/home/jirka/research/2024/bits-knn-jpdc2024/data/application-scaling/bw01-35760924/gradient-compression-small.csv,0.00043402777777777775,30,0.008480000000000001,0.0084,0.00856475,0.9740566037735847,False,False
gradient-compression,773ccccc257597721840d373c9f3e73e670a8d255c39e3a3e354a1d2571356c3,589824,1,256,0.0,0,bits-sq,128,256,16,selection_isolated,/home/jirka/research/2024/bits-knn-jpdc2024/data/application-scaling/bw01-35760924/gradient-compression-small.csv,0.00043402777777777775,30,0.10031400000000001,0.10024074999999999,0.10044924999999999,0.2741890463943218,False,False
gradient-compression,773ccccc257597721840d373c9f3e73e670a8d255c39e3a3e354a1d2571356c3,589824,1,256,0.0,0,bits-sq,128,256,16,transform_isolated,/home/jirka/research/2024/bits-knn-jpdc2024/data/application-scaling/bw01-35760924/gradient-compression-small.csv,0.00043402777777777775,30,0.0092945,0.00923,0.00938,0.982301361019958,False,False
gradient-compression,773ccccc257597721840d373c9f3e73e670a8d255c39e3a3e354a1d2571356c3,589824,1,256,0.0,0,bits-sq,128,256,16,upload_shared,/home/jirka/research/2024/bits-knn-jpdc2024/data/application-scaling/bw01-35760924/gradient-compression-small.csv,0.00043402777777777775,1,0.150678,0.150678,0.150678,1.2138334727033806,False,False
gradient-compression,773ccccc257597721840d373c9f3e73e670a8d255c39e3a3e354a1d2571356c3,589824,1,256,0.0,0,bits-sq,128,512,4,download,/home/jirka/research/2024/bits-knn-jpdc2024/data/application-scaling/bw01-35760924/gradient-compression-small.csv,0.00043402777777777775,30,0.008950000000000001,0.00883,0.0089775,0.906145251396648,False,False
gradient-compression,773ccccc257597721840d373c9f3e73e670a8d255c39e3a3e354a1d2571356c3,589824,1,256,0.0,0,bits-sq,128,512,4,operator,/home/jirka/research/2024/bits-knn-jpdc2024/data/application-scaling/bw01-35760924/gradient-compression-small.csv,0.00043402777777777775,30,0.068694,0.068489,0.068884,0.5496113197659184,False,False
gradient-compression,773ccccc257597721840d373c9f3e73e670a8d255c39e3a3e354a1d2571356c3,589824,1,256,0.0,0,bits-sq,128,512,4,output_isolated,/home/jirka/research/2024/bits-knn-jpdc2024/data/application-scaling/bw01-35760924/gradient-compression-small.csv,0.00043402777777777775,30,0.008280000000000001,0.008204999999999999,0.0083975,0.9975845410628018,False,False
gradient-compression,773ccccc257597721840d373c9f3e73e670a8d255c39e3a3e354a1d2571356c3,589824,1,256,0.0,0,bits-sq,128,512,4,selection_isolated,/home/jirka/research/2024/bits-knn-jpdc2024/data/application-scaling/bw01-35760924/gradient-compression-small.csv,0.00043402777777777775,30,0.059189,0.059094999999999995,0.059289,0.4646978323675008,False,False
gradient-compression,773ccccc257597721840d373c9f3e73e670a8d255c39e3a3e354a1d2571356c3,589824,1,256,0.0,0,bits-sq,128,512,4,transform_isolated,/home/jirka/research/2024/bits-knn-jpdc2024/data/application-scaling/bw01-35760924/gradient-compression-small.csv,0.00043402777777777775,30,0.00912,0.00908,0.0091975,1.0010964912280704,False,False
gradient-compression,773ccccc257597721840d373c9f3e73e670a8d255c39e3a3e354a1d2571356c3,589824,1,256,0.0,0,bits-sq,128,512,4,upload_shared,/home/jirka/research/2024/bits-knn-jpdc2024/data/application-scaling/bw01-35760924/gradient-compression-small.csv,0.00043402777777777775,1,0.14449800000000002,0.14449800000000002,0.14449800000000002,1.2657476228044677,False,False
gradient-compression,773ccccc257597721840d373c9f3e73e670a8d255c39e3a3e354a1d2571356c3,589824,1,256,0.0,0,bits-sq,128,512,7,download,/home/jirka/research/2024/bits-knn-jpdc2024/data/application-scaling/bw01-35760924/gradient-compression-small.csv,0.00043402777777777775,30,0.008895,0.008825,0.00897425,0.9117481731309726,False,False
gradient-compression,773ccccc257597721840d373c9f3e73e670a8d255c39e3a3e354a1d2571356c3,589824,1,256,0.0,0,bits-sq,128,512,7,operator,/home/jirka/research/2024/bits-knn-jpdc2024/data/application-scaling/bw01-35760924/gradient-compression-small.csv,0.00043402777777777775,30,0.08141400000000001,0.08130225,0.0815765,0.46374087994693775,False,False
gradient-compression,773ccccc257597721840d373c9f3e73e670a8d255c39e3a3e354a1d2571356c3,589824,1,256,0.0,0,bits-sq,128,512,7,output_isolated,/home/jirka/research/2024/bits-knn-jpdc2024/data/application-scaling/bw01-35760924/gradient-compression-small.csv,0.00043402777777777775,30,0.008285,0.0082225,0.00842675,0.9969824984912492,False,False
gradient-compression,773ccccc257597721840d373c9f3e73e670a8d255c39e3a3e354a1d2571356c3,589824,1,256,0.0,0,bits-sq,128,512,7,selection_isolated,/home/jirka/research/2024/bits-knn-jpdc2024/data/application-scaling/bw01-35760924/gradient-compression-small.csv,0.00043402777777777775,30,0.07187450000000001,0.071829,0.071979,0.38268092299772516,False,False
gradient-compression,773ccccc257597721840d373c9f3e73e670a8d255c39e3a3e354a1d2571356c3,589824,1,256,0.0,0,bits-sq,128,512,7,transform_isolated,/home/jirka/research/2024/bits-knn-jpdc2024/data/application-scaling/bw01-35760924/gradient-compression-small.csv,0.00043402777777777775,30,0.009065,0.00903,0.00914975,1.0071704357418645,False,False
gradient-compression,773ccccc257597721840d373c9f3e73e670a8d255c39e3a3e354a1d2571356c3,589824,1,256,0.0,0,bits-sq,128,512,7,upload_shared,/home/jirka/research/2024/bits-knn-jpdc2024/data/application-scaling/bw01-35760924/gradient-compression-small.csv,0.00043402777777777775,1,0.144078,0.144078,0.144078,1.2694373880814558,False,False
gradient-compression,773ccccc257597721840d373c9f3e73e670a8d255c39e3a3e354a1d2571356c3,589824,1,256,0.0,0,bits-sq,128,512,8,download,/home/jirka/research/2024/bits-knn-jpdc2024/data/application-scaling/bw01-35760924/gradient-compression-small.csv,0.00043402777777777775,30,0.00898,0.0089325,0.0089975,0.9031180400890869,False,False
gradient-compression,773ccccc257597721840d373c9f3e73e670a8d255c39e3a3e354a1d2571356c3,589824,1,256,0.0,0,bits-sq,128,512,8,operator,/home/jirka/research/2024/bits-knn-jpdc2024/data/application-scaling/bw01-35760924/gradient-compression-small.csv,0.00043402777777777775,30,0.084734,0.08464225,0.084869,0.4455708452333183,False,False
gradient-compression,773ccccc257597721840d373c9f3e73e670a8d255c39e3a3e354a1d2571356c3,589824,1,256,0.0,0,bits-sq,128,512,8,output_isolated,/home/jirka/research/2024/bits-knn-jpdc2024/data/application-scaling/bw01-35760924/gradient-compression-small.csv,0.00043402777777777775,30,0.00833,0.008262499999999999,0.0084375,0.9915966386554621,False,False
gradient-compression,773ccccc257597721840d373c9f3e73e670a8d255c39e3a3e354a1d2571356c3,589824,1,256,0.0,0,bits-sq,128,512,8,selection_isolated,/home/jirka/research/2024/bits-knn-jpdc2024/data/application-scaling/bw01-35760924/gradient-compression-small.csv,0.00043402777777777775,30,0.075109,0.07500475,0.07524675,0.36620112103742564,False,False
gradient-compression,773ccccc257597721840d373c9f3e73e670a8d255c39e3a3e354a1d2571356c3,589824,1,256,0.0,0,bits-sq,128,512,8,transform_isolated,/home/jirka/research/2024/bits-knn-jpdc2024/data/application-scaling/bw01-35760924/gradient-compression-small.csv,0.00043402777777777775,30,0.00915,0.0090575,0.00920425,0.9978142076502733,False,False
gradient-compression,773ccccc257597721840d373c9f3e73e670a8d255c39e3a3e354a1d2571356c3,589824,1,256,0.0,0,bits-sq,128,512,8,upload_shared,/home/jirka/research/2024/bits-knn-jpdc2024/data/application-scaling/bw01-35760924/gradient-compression-small.csv,0.00043402777777777775,1,0.15010800000000002,0.15010800000000002,0.15010800000000002,1.2184427212407065,False,False
gradient-compression,773ccccc257597721840d373c9f3e73e670a8d255c39e3a3e354a1d2571356c3,589824,1,256,0.0,0,bits-sq,128,512,13,download,/home/jirka/research/2024/bits-knn-jpdc2024/data/application-scaling/bw01-35760924/gradient-compression-small.csv,0.00043402777777777775,30,0.00891,0.008812500000000001,0.00898,0.9102132435465771,False,False
gradient-compression,773ccccc257597721840d373c9f3e73e670a8d255c39e3a3e354a1d2571356c3,589824,1,256,0.0,0,bits-sq,128,512,13,operator,/home/jirka/research/2024/bits-knn-jpdc2024/data/application-scaling/bw01-35760924/gradient-compression-small.csv,0.00043402777777777775,30,0.092634,0.09246149999999999,0.09271650000000001,0.4075717339205907,False,False
gradient-compression,773ccccc257597721840d373c9f3e73e670a8d255c39e3a3e354a1d2571356c3,589824,1,256,0.0,0,bits-sq,128,512,13,output_isolated,/home/jirka/research/2024/bits-knn-jpdc2024/data/application-scaling/bw01-35760924/gradient-compression-small.csv,0.00043402777777777775,30,0.008345,0.008280000000000001,0.008424250000000001,0.9898142600359496,False,False
gradient-compression,773ccccc257597721840d373c9f3e73e670a8d255c39e3a3e354a1d2571356c3,589824,1,256,0.0,0,bits-sq,128,512,13,selection_isolated,/home/jirka/research/2024/bits-knn-jpdc2024/data/application-scaling/bw01-35760924/gradient-compression-small.csv,0.00043402777777777775,30,0.0831295,0.083039,0.0832515,0.3308693063232668,False,False
gradient-compression,773ccccc257597721840d373c9f3e73e670a8d255c39e3a3e354a1d2571356c3,589824,1,256,0.0,0,bits-sq,128,512,13,transform_isolated,/home/jirka/research/2024/bits-knn-jpdc2024/data/application-scaling/bw01-35760924/gradient-compression-small.csv,0.00043402777777777775,30,0.00911,0.00902,0.00918,1.0021953896816687,False,False
gradient-compression,773ccccc257597721840d373c9f3e73e670a8d255c39e3a3e354a1d2571356c3,589824,1,256,0.0,0,bits-sq,128,512,13,upload_shared,/home/jirka/research/2024/bits-knn-jpdc2024/data/application-scaling/bw01-35760924/gradient-compression-small.csv,0.00043402777777777775,1,0.13877799999999998,0.13877799999999998,0.13877799999999998,1.3179178255919528,False,False
gradient-compression,773ccccc257597721840d373c9f3e73e670a8d255c39e3a3e354a1d2571356c3,589824,1,256,0.0,0,bits-sq,128,512,16,download,/home/jirka/research/2024/bits-knn-jpdc2024/data/application-scaling/bw01-35760924/gradient-compression-small.csv,0.00043402777777777775,30,0.0089345,0.0071825000000000005,0.00899,0.9077172757289161,False,False
gradient-compression,773ccccc257597721840d373c9f3e73e670a8d255c39e3a3e354a1d2571356c3,589824,1,256,0.0,0,bits-sq,128,512,16,operator,/home/jirka/research/2024/bits-knn-jpdc2024/data/application-scaling/bw01-35760924/gradient-compression-small.csv,0.00043402777777777775,30,0.09879399999999999,0.0970765,0.0989865,0.3821588355568152,False,False
gradient-compression,773ccccc257597721840d373c9f3e73e670a8d255c39e3a3e354a1d2571356c3,589824,1,256,0.0,0,bits-sq,128,512,16,output_isolated,/home/jirka/research/2024/bits-knn-jpdc2024/data/application-scaling/bw01-35760924/gradient-compression-small.csv,0.00043402777777777775,30,0.00828,0.00813,0.0083775,0.997584541062802,False,False
gradient-compression,773ccccc257597721840d373c9f3e73e670a8d255c39e3a3e354a1d2571356c3,589824,1,256,0.0,0,bits-sq,128,512,16,selection_isolated,/home/jirka/research/2024/bits-knn-jpdc2024/data/application-scaling/bw01-35760924/gradient-compression-small.csv,0.00043402777777777775,30,0.089349,0.088484,0.089449,0.30783780456412496,False,False
gradient-compression,773ccccc257597721840d373c9f3e73e670a8d255c39e3a3e354a1d2571356c3,589824,1,256,0.0,0,bits-sq,128,512,16,transform_isolated,/home/jirka/research/2024/bits-knn-jpdc2024/data/application-scaling/bw01-35760924/gradient-compression-small.csv,0.00043402777777777775,30,0.0090405,0.00838,0.00916,1.0098998949173166,False,False
gradient-compression,773ccccc257597721840d373c9f3e73e670a8d255c39e3a3e354a1d2571356c3,589824,1,256,0.0,0,bits-sq,128,512,16,upload_shared,/home/jirka/research/2024/bits-knn-jpdc2024/data/application-scaling/bw01-35760924/gradient-compression-small.csv,0.00043402777777777775,1,0.153728,0.153728,0.153728,1.1897507285595337,False,False
gradient-compression,773ccccc257597721840d373c9f3e73e670a8d255c39e3a3e354a1d2571356c3,589824,1,256,0.0,0,bits-sq,512,128,4,download,/home/jirka/research/2024/bits-knn-jpdc2024/data/application-scaling/bw01-35760924/gradient-compression-small.csv,0.00043402777777777775,30,0.00882,0.0081725,0.008909999999999998,0.9195011337868482,False,False
gradient-compression,773ccccc257597721840d373c9f3e73e670a8d255c39e3a3e354a1d2571356c3,589824,1,256,0.0,0,bits-sq,512,128,4,operator,/home/jirka/research/2024/bits-knn-jpdc2024/data/application-scaling/bw01-35760924/gradient-compression-small.csv,0.00043402777777777775,30,0.162618,0.162538,0.16272050000000002,0.23216987049404123,False,False
gradient-compression,773ccccc257597721840d373c9f3e73e670a8d255c39e3a3e354a1d2571356c3,589824,1,256,0.0,0,bits-sq,512,128,4,output_isolated,/home/jirka/research/2024/bits-knn-jpdc2024/data/application-scaling/bw01-35760924/gradient-compression-small.csv,0.00043402777777777775,30,0.008335,0.008209999999999999,0.0083975,0.991001799640072,False,False
gradient-compression,773ccccc257597721840d373c9f3e73e670a8d255c39e3a3e354a1d2571356c3,589824,1,256,0.0,0,bits-sq,512,128,4,selection_isolated,/home/jirka/research/2024/bits-knn-jpdc2024/data/application-scaling/bw01-35760924/gradient-compression-small.csv,0.00043402777777777775,30,0.153078,0.153008,0.1532255,0.1796796404447406,False,False
gradient-compression,773ccccc257597721840d373c9f3e73e670a8d255c39e3a3e354a1d2571356c3,589824,1,256,0.0,0,bits-sq,512,128,4,transform_isolated,/home/jirka/research/2024/bits-knn-jpdc2024/data/application-scaling/bw01-35760924/gradient-compression-small.csv,0.00043402777777777775,30,0.009159500000000001,0.00911,0.00919,0.9967793001801408,False,False
gradient-compression,773ccccc257597721840d373c9f3e73e670a8d255c39e3a3e354a1d2571356c3,589824,1,256,0.0,0,bits-sq,512,128,4,upload_shared,/home/jirka/research/2024/bits-knn-jpdc2024/data/application-scaling/bw01-35760924/gradient-compression-small.csv,0.00043402777777777775,1,0.141988,0.141988,0.141988,1.2881229399667578,False,False
gradient-compression,773ccccc257597721840d373c9f3e73e670a8d255c39e3a3e354a1d2571356c3,589824,1,256,0.0,0,bits-sq,512,128,7,download,/home/jirka/research/2024/bits-knn-jpdc2024/data/application-scaling/bw01-35760924/gradient-compression-small.csv,0.00043402777777777775,30,0.00898,0.0089325,0.009009,0.9031180400890869,False,False
gradient-compression,773ccccc257597721840d373c9f3e73e670a8d255c39e3a3e354a1d2571356c3,589824,1,256,0.0,0,bits-sq,512,128,7,operator,/home/jirka/research/2024/bits-knn-jpdc2024/data/application-scaling/bw01-35760924/gradient-compression-small.csv,0.00043402777777777775,30,0.137734,0.13757824999999999,0.13782325,0.2741153237399625,False,False
gradient-compression,773ccccc257597721840d373c9f3e73e670a8d255c39e3a3e354a1d2571356c3,589824,1,256,0.0,0,bits-sq,512,128,7,output_isolated,/home/jirka/research/2024/bits-knn-jpdc2024/data/application-scaling/bw01-35760924/gradient-compression-small.csv,0.00043402777777777775,30,0.0083995,0.008297500000000001,0.008477499999999999,0.9833918685636049,False,False
gradient-compression,773ccccc257597721840d373c9f3e73e670a8d255c39e3a3e354a1d2571356c3,589824,1,256,0.0,0,bits-sq,512,128,7,selection_isolated,/home/jirka/research/2024/bits-knn-jpdc2024/data/application-scaling/bw01-35760924/gradient-compression-small.csv,0.00043402777777777775,30,0.128159,0.12797875,0.12828825,0.21461621891556584,False,False
gradient-compression,773ccccc257597721840d373c9f3e73e670a8d255c39e3a3e354a1d2571356c3,589824,1,256,0.0,0,bits-sq,512,128,7,transform_isolated,/home/jirka/research/2024/bits-knn-jpdc2024/data/application-scaling/bw01-35760924/gradient-compression-small.csv,0.00043402777777777775,30,0.009094999999999999,0.009032499999999999,0.009197499999999999,1.0038482682792746,False,False
gradient-compression,773ccccc257597721840d373c9f3e73e670a8d255c39e3a3e354a1d2571356c3,589824,1,256,0.0,0,bits-sq,512,128,7,upload_shared,/home/jirka/research/2024/bits-knn-jpdc2024/data/application-scaling/bw01-35760924/gradient-compression-small.csv,0.00043402777777777775,1,0.152198,0.152198,0.152198,1.201710929184352,False,False
gradient-compression,773ccccc257597721840d373c9f3e73e670a8d255c39e3a3e354a1d2571356c3,589824,1,256,0.0,0,bits-sq,512,128,8,download,/home/jirka/research/2024/bits-knn-jpdc2024/data/application-scaling/bw01-35760924/gradient-compression-small.csv,0.00043402777777777775,30,0.00884,0.00882,0.008927499999999998,0.9174208144796381,False,False
gradient-compression,773ccccc257597721840d373c9f3e73e670a8d255c39e3a3e354a1d2571356c3,589824,1,256,0.0,0,bits-sq,512,128,8,operator,/home/jirka/research/2024/bits-knn-jpdc2024/data/application-scaling/bw01-35760924/gradient-compression-small.csv,0.00043402777777777775,30,0.1401485,0.1400305,0.1403155,0.2693928226131567,False,False
gradient-compression,773ccccc257597721840d373c9f3e73e670a8d255c39e3a3e354a1d2571356c3,589824,1,256,0.0,0,bits-sq,512,128,8,output_isolated,/home/jirka/research/2024/bits-knn-jpdc2024/data/application-scaling/bw01-35760924/gradient-compression-small.csv,0.00043402777777777775,30,0.008354499999999999,0.00825,0.008435000000000002,0.9886887306242146,False,False
gradient-compression,773ccccc257597721840d373c9f3e73e670a8d255c39e3a3e354a1d2571356c3,589824,1,256,0.0,0,bits-sq,512,128,8,selection_isolated,/home/jirka/research/2024/bits-knn-jpdc2024/data/application-scaling/bw01-35760924/gradient-compression-small.csv,0.00043402777777777775,30,0.1306635,0.13054825,0.13072875,0.21050255044446234,False,False
gradient-compression,773ccccc257597721840d373c9f3e73e670a8d255c39e3a3e354a1d2571356c3,589824,1,256,0.0,0,bits-sq,512,128,8,transform_isolated,/home/jirka/research/2024/bits-knn-jpdc2024/data/application-scaling/bw01-35760924/gradient-compression-small.csv,0.00043402777777777775,30,0.009114500000000001,0.00908,0.009232250000000001,1.0017005869767952,False,False
gradient-compression,773ccccc257597721840d373c9f3e73e670a8d255c39e3a3e354a1d2571356c3,589824,1,256,0.0,0,bits-sq,512,128,8,upload_shared,/home/jirka/research/2024/bits-knn-jpdc2024/data/application-scaling/bw01-35760924/gradient-compression-small.csv,0.00043402777777777775,1,0.142259,0.142259,0.142259,1.2856690965070752,False,False
gradient-compression,773ccccc257597721840d373c9f3e73e670a8d255c39e3a3e354a1d2571356c3,589824,1,256,0.0,0,bits-sq,512,128,13,download,/home/jirka/research/2024/bits-knn-jpdc2024/data/application-scaling/bw01-35760924/gradient-compression-small.csv,0.00043402777777777775,30,0.008919999999999999,0.008815,0.00895975,0.9091928251121079,False,False
gradient-compression,773ccccc257597721840d373c9f3e73e670a8d255c39e3a3e354a1d2571356c3,589824,1,256,0.0,0,bits-sq,512,128,13,operator,/home/jirka/research/2024/bits-knn-jpdc2024/data/application-scaling/bw01-35760924/gradient-compression-small.csv,0.00043402777777777775,30,0.131813,0.13165125,0.13197550000000002,0.28642850098245237,False,False
gradient-compression,773ccccc257597721840d373c9f3e73e670a8d255c39e3a3e354a1d2571356c3,589824,1,256,0.0,0,bits-sq,512,128,13,output_isolated,/home/jirka/research/2024/bits-knn-jpdc2024/data/application-scaling/bw01-35760924/gradient-compression-small.csv,0.00043402777777777775,30,0.008385,0.008245,0.00848,0.985092426952892,False,False
gradient-compression,773ccccc257597721840d373c9f3e73e670a8d255c39e3a3e354a1d2571356c3,589824,1,256,0.0,0,bits-sq,512,128,13,selection_isolated,/home/jirka/research/2024/bits-knn-jpdc2024/data/application-scaling/bw01-35760924/gradient-compression-small.csv,0.00043402777777777775,30,0.1222285,0.12206075,0.12233324999999999,0.22502935076516525,False,False
gradient-compression,773ccccc257597721840d373c9f3e73e670a8d255c39e3a3e354a1d2571356c3,589824,1,256,0.0,0,bits-sq,512,128,13,transform_isolated,/home/jirka/research/2024/bits-knn-jpdc2024/data/application-scaling/bw01-35760924/gradient-compression-small.csv,0.00043402777777777775,30,0.0092,0.0091275,0.00923675,0.9923913043478262,False,False
gradient-compression,773ccccc257597721840d373c9f3e73e670a8d255c39e3a3e354a1d2571356c3,589824,1,256,0.0,0,bits-sq,512,128,13,upload_shared,/home/jirka/research/2024/bits-knn-jpdc2024/data/application-scaling/bw01-35760924/gradient-compression-small.csv,0.00043402777777777775,1,0.146678,0.146678,0.146678,1.246935464077776,False,False
gradient-compression,773ccccc257597721840d373c9f3e73e670a8d255c39e3a3e354a1d2571356c3,589824,1,256,0.0,0,bits-sq,512,128,16,download,/home/jirka/research/2024/bits-knn-jpdc2024/data/application-scaling/bw01-35760924/gradient-compression-small.csv,0.00043402777777777775,30,0.008929999999999999,0.00883,0.008960000000000001,0.9081746920492724,False,False
gradient-compression,773ccccc257597721840d373c9f3e73e670a8d255c39e3a3e354a1d2571356c3,589824,1,256,0.0,0,bits-sq,512,128,16,operator,/home/jirka/research/2024/bits-knn-jpdc2024/data/application-scaling/bw01-35760924/gradient-compression-small.csv,0.00043402777777777775,30,0.12073900000000001,0.12062125,0.120839,0.3126992935174218,False,False
gradient-compression,773ccccc257597721840d373c9f3e73e670a8d255c39e3a3e354a1d2571356c3,589824,1,256,0.0,0,bits-sq,512,128,16,output_isolated,/home/jirka/research/2024/bits-knn-jpdc2024/data/application-scaling/bw01-35760924/gradient-compression-small.csv,0.00043402777777777775,30,0.008385,0.0083425,0.00849,0.985092426952892,False,False
gradient-compression,773ccccc257597721840d373c9f3e73e670a8d255c39e3a3e354a1d2571356c3,589824,1,256,0.0,0,bits-sq,512,128,16,selection_isolated,/home/jirka/research/2024/bits-knn-jpdc2024/data/application-scaling/bw01-35760924/gradient-compression-small.csv,0.00043402777777777775,30,0.111269,0.111189,0.111384,0.2471937376987301,False,False
gradient-compression,773ccccc257597721840d373c9f3e73e670a8d255c39e3a3e354a1d2571356c3,589824,1,256,0.0,0,bits-sq,512,128,16,transform_isolated,/home/jirka/research/2024/bits-knn-jpdc2024/data/application-scaling/bw01-35760924/gradient-compression-small.csv,0.00043402777777777775,30,0.009175,0.009092499999999998,0.009247499999999999,0.9950953678474115,False,False
gradient-compression,773ccccc257597721840d373c9f3e73e670a8d255c39e3a3e354a1d2571356c3,589824,1,256,0.0,0,bits-sq,512,128,16,upload_shared,/home/jirka/research/2024/bits-knn-jpdc2024/data/application-scaling/bw01-35760924/gradient-compression-small.csv,0.00043402777777777775,1,0.147608,0.147608,0.147608,1.2390791827001248,False,False
gradient-compression,773ccccc257597721840d373c9f3e73e670a8d255c39e3a3e354a1d2571356c3,589824,1,256,0.0,0,bits-sq,512,256,4,download,/home/jirka/research/2024/bits-knn-jpdc2024/data/application-scaling/bw01-35760924/gradient-compression-small.csv,0.00043402777777777775,30,0.00885,0.007135,0.008975,0.9163841807909605,False,False
gradient-compression,773ccccc257597721840d373c9f3e73e670a8d255c39e3a3e354a1d2571356c3,589824,1,256,0.0,0,bits-sq,512,256,4,operator,/home/jirka/research/2024/bits-knn-jpdc2024/data/application-scaling/bw01-35760924/gradient-compression-small.csv,0.00043402777777777775,30,0.1289635,0.12702625,0.1290865,0.29275725302120365,False,False
gradient-compression,773ccccc257597721840d373c9f3e73e670a8d255c39e3a3e354a1d2571356c3,589824,1,256,0.0,0,bits-sq,512,256,4,output_isolated,/home/jirka/research/2024/bits-knn-jpdc2024/data/application-scaling/bw01-35760924/gradient-compression-small.csv,0.00043402777777777775,30,0.0082745,0.0070375,0.008382500000000001,0.9982476282554836,False,False
gradient-compression,773ccccc257597721840d373c9f3e73e670a8d255c39e3a3e354a1d2571356c3,589824,1,256,0.0,0,bits-sq,512,256,4,selection_isolated,/home/jirka/research/2024/bits-knn-jpdc2024/data/application-scaling/bw01-35760924/gradient-compression-small.csv,0.00043402777777777775,30,0.119434,0.118699,0.11965325,0.23029455598908186,False,False
gradient-compression,773ccccc257597721840d373c9f3e73e670a8d255c39e3a3e354a1d2571356c3,589824,1,256,0.0,0,bits-sq,512,256,4,transform_isolated,/home/jirka/research/2024/bits-knn-jpdc2024/data/application-scaling/bw01-35760924/gradient-compression-small.csv,0.00043402777777777775,30,0.0090195,0.0074875,0.009157249999999999,1.0122512334386609,False,False
gradient-compression,773ccccc257597721840d373c9f3e73e670a8d255c39e3a3e354a1d2571356c3,589824,1,256,0.0,0,bits-sq,512,256,4,upload_shared,/home/jirka/research/2024/bits-knn-jpdc2024/data/application-scaling/bw01-35760924/gradient-compression-small.csv,0.00043402777777777775,1,0.143439,0.143439,0.143439,1.275092548051785,False,False
gradient-compression,773ccccc257597721840d373c9f3e73e670a8d255c39e3a3e354a1d2571356c3,589824,1,256,0.0,0,bits-sq,512,256,7,download,/home/jirka/research/2024/bits-knn-jpdc2024/data/application-scaling/bw01-35760924/gradient-compression-small.csv,0.00043402777777777775,30,0.008909,0.00883,0.008967500000000002,0.9103154113817489,False,False
gradient-compression,773ccccc257597721840d373c9f3e73e670a8d255c39e3a3e354a1d2571356c3,589824,1,256,0.0,0,bits-sq,512,256,7,operator,/home/jirka/research/2024/bits-knn-jpdc2024/data/application-scaling/bw01-35760924/gradient-compression-small.csv,0.00043402777777777775,30,0.11897350000000001,0.11741299999999999,0.11922325,0.3173395756197808,False,False
gradient-compression,773ccccc257597721840d373c9f3e73e670a8d255c39e3a3e354a1d2571356c3,589824,1,256,0.0,0,bits-sq,512,256,7,output_isolated,/home/jirka/research/2024/bits-knn-jpdc2024/data/application-scaling/bw01-35760924/gradient-compression-small.csv,0.00043402777777777775,30,0.008359499999999999,0.00832,0.008485,0.9880973742448712,False,False
gradient-compression,773ccccc257597721840d373c9f3e73e670a8d255c39e3a3e354a1d2571356c3,589824,1,256,0.0,0,bits-sq,512,256,7,selection_isolated,/home/jirka/research/2024/bits-knn-jpdc2024/data/application-scaling/bw01-35760924/gradient-compression-small.csv,0.00043402777777777775,30,0.10943900000000001,0.107764,0.109594,0.2513272233847166,False,False
gradient-compression,773ccccc257597721840d373c9f3e73e670a8d255c39e3a3e354a1d2571356c3,589824,1,256,0.0,0,bits-sq,512,256,7,transform_isolated,/home/jirka/research/2024/bits-knn-jpdc2024/data/application-scaling/bw01-35760924/gradient-compression-small.csv,0.00043402777777777775,30,0.0090995,0.00904,0.0092225,1.0033518325182704,False,False
gradient-compression,773ccccc257597721840d373c9f3e73e670a8d255c39e3a3e354a1d2571356c3,589824,1,256,0.0,0,bits-sq,512,256,7,upload_shared,/home/jirka/research/2024/bits-knn-jpdc2024/data/application-scaling/bw01-35760924/gradient-compression-small.csv,0.00043402777777777775,1,0.150978,0.150978,0.150978,1.2114215316138774,False,False
gradient-compression,773ccccc257597721840d373c9f3e73e670a8d255c39e3a3e354a1d2571356c3,589824,1,256,0.0,0,bits-sq,512,256,8,download,/home/jirka/research/2024/bits-knn-jpdc2024/data/application-scaling/bw01-35760924/gradient-compression-small.csv,0.00043402777777777775,30,0.008834999999999999,0.00811,0.008879999999999999,0.9179400113186194,False,False
gradient-compression,773ccccc257597721840d373c9f3e73e670a8d255c39e3a3e354a1d2571356c3,589824,1,256,0.0,0,bits-sq,512,256,8,operator,/home/jirka/research/2024/bits-knn-jpdc2024/data/application-scaling/bw01-35760924/gradient-compression-small.csv,0.00043402777777777775,30,0.11982899999999999,0.11963399999999999,0.119998,0.3150739804221015,False,False
gradient-compression,773ccccc257597721840d373c9f3e73e670a8d255c39e3a3e354a1d2571356c3,589824,1,256,0.0,0,bits-sq,512,256,8,output_isolated,/home/jirka/research/2024/bits-knn-jpdc2024/data/application-scaling/bw01-35760924/gradient-compression-small.csv,0.00043402777777777775,30,0.008324499999999999,0.00827,0.00843,0.9922517868941079,False,False
gradient-compression,773ccccc257597721840d373c9f3e73e670a8d255c39e3a3e354a1d2571356c3,589824,1,256,0.0,0,bits-sq,512,256,8,selection_isolated,/home/jirka/research/2024/bits-knn-jpdc2024/data/application-scaling/bw01-35760924/gradient-compression-small.csv,0.00043402777777777775,30,0.110059,0.109974,0.110259,0.2499114111522002,False,False
gradient-compression,773ccccc257597721840d373c9f3e73e670a8d255c39e3a3e354a1d2571356c3,589824,1,256,0.0,0,bits-sq,512,256,8,transform_isolated,/home/jirka/research/2024/bits-knn-jpdc2024/data/application-scaling/bw01-35760924/gradient-compression-small.csv,0.00043402777777777775,30,0.0090645,0.00904,0.00914425,1.0072259915053232,False,False
gradient-compression,773ccccc257597721840d373c9f3e73e670a8d255c39e3a3e354a1d2571356c3,589824,1,256,0.0,0,bits-sq,512,256,8,upload_shared,/home/jirka/research/2024/bits-knn-jpdc2024/data/application-scaling/bw01-35760924/gradient-compression-small.csv,0.00043402777777777775,1,0.14491800000000002,0.14491800000000002,0.14491800000000002,1.2620792448143086,False,False
gradient-compression,773ccccc257597721840d373c9f3e73e670a8d255c39e3a3e354a1d2571356c3,589824,1,256,0.0,0,bits-sq,512,256,13,download,/home/jirka/research/2024/bits-knn-jpdc2024/data/application-scaling/bw01-35760924/gradient-compression-small.csv,0.00043402777777777775,30,0.008855,0.00883,0.008967500000000002,0.9158667419536985,False,False
gradient-compression,773ccccc257597721840d373c9f3e73e670a8d255c39e3a3e354a1d2571356c3,589824,1,256,0.0,0,bits-sq,512,256,13,operator,/home/jirka/research/2024/bits-knn-jpdc2024/data/application-scaling/bw01-35760924/gradient-compression-small.csv,0.00043402777777777775,30,0.1210685,0.120954,0.12126375,0.3118482511966366,False,False
gradient-compression,773ccccc257597721840d373c9f3e73e670a8d255c39e3a3e354a1d2571356c3,589824,1,256,0.0,0,bits-sq,512,256,13,output_isolated,/home/jirka/research/2024/bits-knn-jpdc2024/data/application-scaling/bw01-35760924/gradient-compression-small.csv,0.00043402777777777775,30,0.0083495,0.00825925,0.008445000000000001,0.9892807952572011,False,False
gradient-compression,773ccccc257597721840d373c9f3e73e670a8d255c39e3a3e354a1d2571356c3,589824,1,256,0.0,0,bits-sq,512,256,13,selection_isolated,/home/jirka/research/2024/bits-knn-jpdc2024/data/application-scaling/bw01-35760924/gradient-compression-small.csv,0.00043402777777777775,30,0.1115535,0.111443,0.11168900000000001,0.2465633081884477,False,False
gradient-compression,773ccccc257597721840d373c9f3e73e670a8d255c39e3a3e354a1d2571356c3,589824,1,256,0.0,0,bits-sq,512,256,13,transform_isolated,/home/jirka/research/2024/bits-knn-jpdc2024/data/application-scaling/bw01-35760924/gradient-compression-small.csv,0.00043402777777777775,30,0.009104999999999999,0.00907,0.009185,1.0027457440966505,False,False
gradient-compression,773ccccc257597721840d373c9f3e73e670a8d255c39e3a3e354a1d2571356c3,589824,1,256,0.0,0,bits-sq,512,256,13,upload_shared,/home/jirka/research/2024/bits-knn-jpdc2024/data/application-scaling/bw01-35760924/gradient-compression-small.csv,0.00043402777777777775,1,0.13960799999999998,0.13960799999999998,0.13960799999999998,1.3100825167612173,False,False
gradient-compression,773ccccc257597721840d373c9f3e73e670a8d255c39e3a3e354a1d2571356c3,589824,1,256,0.0,0,bits-sq,512,256,16,download,/home/jirka/research/2024/bits-knn-jpdc2024/data/application-scaling/bw01-35760924/gradient-compression-small.csv,0.00043402777777777775,30,0.0088295,0.00817,0.0089175,0.9185118070105895,False,False
gradient-compression,773ccccc257597721840d373c9f3e73e670a8d255c39e3a3e354a1d2571356c3,589824,1,256,0.0,0,bits-sq,512,256,16,operator,/home/jirka/research/2024/bits-knn-jpdc2024/data/application-scaling/bw01-35760924/gradient-compression-small.csv,0.00043402777777777775,30,0.1237785,0.12360800000000001,0.12397899999999998,0.30502066190816657,False,False
gradient-compression,773ccccc257597721840d373c9f3e73e670a8d255c39e3a3e354a1d2571356c3,589824,1,256,0.0,0,bits-sq,512,256,16,output_isolated,/home/jirka/research/2024/bits-knn-jpdc2024/data/application-scaling/bw01-35760924/gradient-compression-small.csv,0.00043402777777777775,30,0.008320000000000001,0.0082425,0.00841,0.9927884615384615,False,False
gradient-compression,773ccccc257597721840d373c9f3e73e670a8d255c39e3a3e354a1d2571356c3,589824,1,256,0.0,0,bits-sq,512,256,16,selection_isolated,/home/jirka/research/2024/bits-knn-jpdc2024/data/application-scaling/bw01-35760924/gradient-compression-small.csv,0.00043402777777777775,30,0.1141235,0.11397125,0.114294,0.24101083475357837,False,False
gradient-compression,773ccccc257597721840d373c9f3e73e670a8d255c39e3a3e354a1d2571356c3,589824,1,256,0.0,0,bits-sq,512,256,16,transform_isolated,/home/jirka/research/2024/bits-knn-jpdc2024/data/application-scaling/bw01-35760924/gradient-compression-small.csv,0.00043402777777777775,30,0.00918,0.009099999999999999,0.0092275,0.9945533769063181,False,False
gradient-compression,773ccccc257597721840d373c9f3e73e670a8d255c39e3a3e354a1d2571356c3,589824,1,256,0.0,0,bits-sq,512,256,16,upload_shared,/home/jirka/research/2024/bits-knn-jpdc2024/data/application-scaling/bw01-35760924/gradient-compression-small.csv,0.00043402777777777775,1,0.14610900000000002,0.14610900000000002,0.14610900000000002,1.2517914707512883,False,False
gradient-compression,773ccccc257597721840d373c9f3e73e670a8d255c39e3a3e354a1d2571356c3,589824,1,256,0.0,0,bits-sq,512,512,4,download,/home/jirka/research/2024/bits-knn-jpdc2024/data/application-scaling/bw01-35760924/gradient-compression-small.csv,0.00043402777777777775,30,0.00853,0.008067500000000002,0.008960000000000001,0.9507620164126613,False,False
gradient-compression,773ccccc257597721840d373c9f3e73e670a8d255c39e3a3e354a1d2571356c3,589824,1,256,0.0,0,bits-sq,512,512,4,operator,/home/jirka/research/2024/bits-knn-jpdc2024/data/application-scaling/bw01-35760924/gradient-compression-small.csv,0.00043402777777777775,30,0.106404,0.10596900000000001,0.10797400000000001,0.3548268862072854,False,False
gradient-compression,773ccccc257597721840d373c9f3e73e670a8d255c39e3a3e354a1d2571356c3,589824,1,256,0.0,0,bits-sq,512,512,4,output_isolated,/home/jirka/research/2024/bits-knn-jpdc2024/data/application-scaling/bw01-35760924/gradient-compression-small.csv,0.00043402777777777775,30,0.008275000000000001,0.008199999999999999,0.008365,0.9981873111782475,False,False
gradient-compression,773ccccc257597721840d373c9f3e73e670a8d255c39e3a3e354a1d2571356c3,589824,1,256,0.0,0,bits-sq,512,512,4,selection_isolated,/home/jirka/research/2024/bits-knn-jpdc2024/data/application-scaling/bw01-35760924/gradient-compression-small.csv,0.00043402777777777775,30,0.09650900000000001,0.0963215,0.09859825,0.28499932648768506,False,False
gradient-compression,773ccccc257597721840d373c9f3e73e670a8d255c39e3a3e354a1d2571356c3,589824,1,256,0.0,0,bits-sq,512,512,4,transform_isolated,/home/jirka/research/2024/bits-knn-jpdc2024/data/application-scaling/bw01-35760924/gradient-compression-small.csv,0.00043402777777777775,30,0.00906,0.008955000000000001,0.009127500000000002,1.0077262693156734,False,False
gradient-compression,773ccccc257597721840d373c9f3e73e670a8d255c39e3a3e354a1d2571356c3,589824,1,256,0.0,0,bits-sq,512,512,4,upload_shared,/home/jirka/research/2024/bits-knn-jpdc2024/data/application-scaling/bw01-35760924/gradient-compression-small.csv,0.00043402777777777775,1,0.145168,0.145168,0.145168,1.259905764355781,False,False
gradient-compression,773ccccc257597721840d373c9f3e73e670a8d255c39e3a3e354a1d2571356c3,589824,1,256,0.0,0,bits-sq,512,512,7,download,/home/jirka/research/2024/bits-knn-jpdc2024/data/application-scaling/bw01-35760924/gradient-compression-small.csv,0.00043402777777777775,30,0.0088705,0.008822499999999999,0.00890675,0.9142663885913985,False,False
gradient-compression,773ccccc257597721840d373c9f3e73e670a8d255c39e3a3e354a1d2571356c3,589824,1,256,0.0,0,bits-sq,512,512,7,operator,/home/jirka/research/2024/bits-knn-jpdc2024/data/application-scaling/bw01-35760924/gradient-compression-small.csv,0.00043402777777777775,30,0.109219,0.10819375,0.11028650000000001,0.345681612173706,False,False
gradient-compression,773ccccc257597721840d373c9f3e73e670a8d255c39e3a3e354a1d2571356c3,589824,1,256,0.0,0,bits-sq,512,512,7,output_isolated,/home/jirka/research/2024/bits-knn-jpdc2024/data/application-scaling/bw01-35760924/gradient-compression-small.csv,0.00043402777777777775,30,0.008365,0.008292500000000001,0.008425,0.98744769874477,False,False
gradient-compression,773ccccc257597721840d373c9f3e73e670a8d255c39e3a3e354a1d2571356c3,589824,1,256,0.0,0,bits-sq,512,512,7,selection_isolated,/home/jirka/research/2024/bits-knn-jpdc2024/data/application-scaling/bw01-35760924/gradient-compression-small.csv,0.00043402777777777775,30,0.10051850000000001,0.098654,0.100819,0.2736312221133423,False,False
gradient-compression,773ccccc257597721840d373c9f3e73e670a8d255c39e3a3e354a1d2571356c3,589824,1,256,0.0,0,bits-sq,512,512,7,transform_isolated,/home/jirka/research/2024/bits-knn-jpdc2024/data/application-scaling/bw01-35760924/gradient-compression-small.csv,0.00043402777777777775,30,0.0091495,0.009049999999999999,0.0092,0.9978687359965027,False,False
gradient-compression,773ccccc257597721840d373c9f3e73e670a8d255c39e3a3e354a1d2571356c3,589824,1,256,0.0,0,bits-sq,512,512,7,upload_shared,/home/jirka/research/2024/bits-knn-jpdc2024/data/application-scaling/bw01-35760924/gradient-compression-small.csv,0.00043402777777777775,1,0.146078,0.146078,0.146078,1.252057120168677,False,False
gradient-compression,773ccccc257597721840d373c9f3e73e670a8d255c39e3a3e354a1d2571356c3,589824,1,256,0.0,0,bits-sq,512,512,8,download,/home/jirka/research/2024/bits-knn-jpdc2024/data/application-scaling/bw01-35760924/gradient-compression-small.csv,0.00043402777777777775,30,0.00886,0.00882925,0.008950000000000001,0.915349887133183,False,False
gradient-compression,773ccccc257597721840d373c9f3e73e670a8d255c39e3a3e354a1d2571356c3,589824,1,256,0.0,0,bits-sq,512,512,8,operator,/home/jirka/research/2024/bits-knn-jpdc2024/data/application-scaling/bw01-35760924/gradient-compression-small.csv,0.00043402777777777775,30,0.112179,0.1111765,0.1130365,0.3365603187762415,False,False
gradient-compression,773ccccc257597721840d373c9f3e73e670a8d255c39e3a3e354a1d2571356c3,589824,1,256,0.0,0,bits-sq,512,512,8,output_isolated,/home/jirka/research/2024/bits-knn-jpdc2024/data/application-scaling/bw01-35760924/gradient-compression-small.csv,0.00043402777777777775,30,0.0083055,0.00825,0.0084,0.9945217024863042,False,False
gradient-compression,773ccccc257597721840d373c9f3e73e670a8d255c39e3a3e354a1d2571356c3,589824,1,256,0.0,0,bits-sq,512,512,8,selection_isolated,/home/jirka/research/2024/bits-knn-jpdc2024/data/application-scaling/bw01-35760924/gradient-compression-small.csv,0.00043402777777777775,30,0.10323850000000001,0.10157150000000001,0.10344300000000001,0.26642192592879593,False,False
gradient-compression,773ccccc257597721840d373c9f3e73e670a8d255c39e3a3e354a1d2571356c3,589824,1,256,0.0,0,bits-sq,512,512,8,transform_isolated,/home/jirka/research/2024/bits-knn-jpdc2024/data/application-scaling/bw01-35760924/gradient-compression-small.csv,0.00043402777777777775,30,0.009084,0.00901425,0.0091675,1.005063848524879,False,False
gradient-compression,773ccccc257597721840d373c9f3e73e670a8d255c39e3a3e354a1d2571356c3,589824,1,256,0.0,0,bits-sq,512,512,8,upload_shared,/home/jirka/research/2024/bits-knn-jpdc2024/data/application-scaling/bw01-35760924/gradient-compression-small.csv,0.00043402777777777775,1,0.147639,0.147639,0.147639,1.2388190112368684,False,False
gradient-compression,773ccccc257597721840d373c9f3e73e670a8d255c39e3a3e354a1d2571356c3,589824,1,256,0.0,0,bits-sq,512,512,13,download,/home/jirka/research/2024/bits-knn-jpdc2024/data/application-scaling/bw01-35760924/gradient-compression-small.csv,0.00043402777777777775,30,0.00897,0.0088975,0.00899,0.9041248606465998,False,False
gradient-compression,773ccccc257597721840d373c9f3e73e670a8d255c39e3a3e354a1d2571356c3,589824,1,256,0.0,0,bits-sq,512,512,13,operator,/home/jirka/research/2024/bits-knn-jpdc2024/data/application-scaling/bw01-35760924/gradient-compression-small.csv,0.00043402777777777775,30,0.12969899999999998,0.12956325000000002,0.12989075,0.2910970786204983,False,False
gradient-compression,773ccccc257597721840d373c9f3e73e670a8d255c39e3a3e354a1d2571356c3,589824,1,256,0.0,0,bits-sq,512,512,13,output_isolated,/home/jirka/research/2024/bits-knn-jpdc2024/data/application-scaling/bw01-35760924/gradient-compression-small.csv,0.00043402777777777775,30,0.008305,0.00826,0.00848,0.9945815773630343,False,False
gradient-compression,773ccccc257597721840d373c9f3e73e670a8d255c39e3a3e354a1d2571356c3,589824,1,256,0.0,0,bits-sq,512,512,13,selection_isolated,/home/jirka/research/2024/bits-knn-jpdc2024/data/application-scaling/bw01-35760924/gradient-compression-small.csv,0.00043402777777777775,30,0.12003849999999999,0.11991874999999999,0.1201515,0.2291348192454921,False,False
gradient-compression,773ccccc257597721840d373c9f3e73e670a8d255c39e3a3e354a1d2571356c3,589824,1,256,0.0,0,bits-sq,512,512,13,transform_isolated,/home/jirka/research/2024/bits-knn-jpdc2024/data/application-scaling/bw01-35760924/gradient-compression-small.csv,0.00043402777777777775,30,0.009130000000000001,0.009054999999999999,0.00921,1.0,False,False
gradient-compression,773ccccc257597721840d373c9f3e73e670a8d255c39e3a3e354a1d2571356c3,589824,1,256,0.0,0,bits-sq,512,512,13,upload_shared,/home/jirka/research/2024/bits-knn-jpdc2024/data/application-scaling/bw01-35760924/gradient-compression-small.csv,0.00043402777777777775,1,0.149188,0.149188,0.149188,1.2259565112475537,False,False
gradient-compression,773ccccc257597721840d373c9f3e73e670a8d255c39e3a3e354a1d2571356c3,589824,1,256,0.0,0,bits-sq,512,512,16,download,/home/jirka/research/2024/bits-knn-jpdc2024/data/application-scaling/bw01-35760924/gradient-compression-small.csv,0.00043402777777777775,30,0.00885,0.00806925,0.008950000000000001,0.9163841807909605,False,False
gradient-compression,773ccccc257597721840d373c9f3e73e670a8d255c39e3a3e354a1d2571356c3,589824,1,256,0.0,0,bits-sq,512,512,16,operator,/home/jirka/research/2024/bits-knn-jpdc2024/data/application-scaling/bw01-35760924/gradient-compression-small.csv,0.00043402777777777775,30,0.132359,0.1321205,0.1325265,0.28524694202887596,False,False
gradient-compression,773ccccc257597721840d373c9f3e73e670a8d255c39e3a3e354a1d2571356c3,589824,1,256,0.0,0,bits-sq,512,512,16,output_isolated,/home/jirka/research/2024/bits-knn-jpdc2024/data/application-scaling/bw01-35760924/gradient-compression-small.csv,0.00043402777777777775,30,0.008255,0.00816,0.008355,1.0006056935190792,False,False
gradient-compression,773ccccc257597721840d373c9f3e73e670a8d255c39e3a3e354a1d2571356c3,589824,1,256,0.0,0,bits-sq,512,512,16,selection_isolated,/home/jirka/research/2024/bits-knn-jpdc2024/data/application-scaling/bw01-35760924/gradient-compression-small.csv,0.00043402777777777775,30,0.12278349999999999,0.12260125,0.122949,0.22401218404753084,False,False
gradient-compression,773ccccc257597721840d373c9f3e73e670a8d255c39e3a3e354a1d2571356c3,589824,1,256,0.0,0,bits-sq,512,512,16,transform_isolated,/home/jirka/research/2024/bits-knn-jpdc2024/data/application-scaling/bw01-35760924/gradient-compression-small.csv,0.00043402777777777775,30,0.009104500000000001,0.0090265,0.009157499999999999,1.0028008127848866,False,False
gradient-compression,773ccccc257597721840d373c9f3e73e670a8d255c39e3a3e354a1d2571356c3,589824,1,256,0.0,0,bits-sq,512,512,16,upload_shared,/home/jirka/research/2024/bits-knn-jpdc2024/data/application-scaling/bw01-35760924/gradient-compression-small.csv,0.00043402777777777775,1,0.151988,0.151988,0.151988,1.2033713187883253,False,False
gradient-compression,773ccccc257597721840d373c9f3e73e670a8d255c39e3a3e354a1d2571356c3,589824,1,256,0.0,0,block-select,1,128,4,download,/home/jirka/research/2024/bits-knn-jpdc2024/data/application-scaling/bw01-35760924/gradient-compression-small.csv,0.00043402777777777775,30,0.0089255,0.008382500000000001,0.00899,0.9086325696039439,False,False
gradient-compression,773ccccc257597721840d373c9f3e73e670a8d255c39e3a3e354a1d2571356c3,589824,1,256,0.0,0,block-select,1,128,4,operator,/home/jirka/research/2024/bits-knn-jpdc2024/data/application-scaling/bw01-35760924/gradient-compression-small.csv,0.00043402777777777775,30,0.987414,0.98702675,0.98787725,0.038236241333422454,False,False
gradient-compression,773ccccc257597721840d373c9f3e73e670a8d255c39e3a3e354a1d2571356c3,589824,1,256,0.0,0,block-select,1,128,4,output_isolated,/home/jirka/research/2024/bits-knn-jpdc2024/data/application-scaling/bw01-35760924/gradient-compression-small.csv,0.00043402777777777775,30,0.008545,0.00834,0.0087275,0.9666471620830894,False,False
gradient-compression,773ccccc257597721840d373c9f3e73e670a8d255c39e3a3e354a1d2571356c3,589824,1,256,0.0,0,block-select,1,128,4,selection_isolated,/home/jirka/research/2024/bits-knn-jpdc2024/data/application-scaling/bw01-35760924/gradient-compression-small.csv,0.00043402777777777775,30,0.9777039999999999,0.9773514999999999,0.9778664999999999,0.028132236341469406,False,False
gradient-compression,773ccccc257597721840d373c9f3e73e670a8d255c39e3a3e354a1d2571356c3,589824,1,256,0.0,0,block-select,1,128,4,transform_isolated,/home/jirka/research/2024/bits-knn-jpdc2024/data/application-scaling/bw01-35760924/gradient-compression-small.csv,0.00043402777777777775,30,0.00916,0.00908725,0.00924,0.9967248908296945,False,False
gradient-compression,773ccccc257597721840d373c9f3e73e670a8d255c39e3a3e354a1d2571356c3,589824,1,256,0.0,0,block-select,1,128,4,upload_shared,/home/jirka/research/2024/bits-knn-jpdc2024/data/application-scaling/bw01-35760924/gradient-compression-small.csv,0.00043402777777777775,1,0.182898,0.182898,0.182898,1.0,False,False
gradient-compression,773ccccc257597721840d373c9f3e73e670a8d255c39e3a3e354a1d2571356c3,589824,1,256,0.0,0,grid-select,1,0,0,download,/home/jirka/research/2024/bits-knn-jpdc2024/data/application-scaling/bw01-35760924/gradient-compression-small.csv,0.00043402777777777775,30,0.00893,0.008219749999999998,0.008979,0.9081746920492721,True,True
gradient-compression,773ccccc257597721840d373c9f3e73e670a8d255c39e3a3e354a1d2571356c3,589824,1,256,0.0,0,grid-select,1,0,0,operator,/home/jirka/research/2024/bits-knn-jpdc2024/data/application-scaling/bw01-35760924/gradient-compression-small.csv,0.00043402777777777775,30,0.06680900000000001,0.066574,0.0672275,0.5651184720621472,True,True
gradient-compression,773ccccc257597721840d373c9f3e73e670a8d255c39e3a3e354a1d2571356c3,589824,1,256,0.0,0,grid-select,1,0,0,output_isolated,/home/jirka/research/2024/bits-knn-jpdc2024/data/application-scaling/bw01-35760924/gradient-compression-small.csv,0.00043402777777777775,30,0.0083745,0.0083,0.00841675,0.9863275419428026,True,True
gradient-compression,773ccccc257597721840d373c9f3e73e670a8d255c39e3a3e354a1d2571356c3,589824,1,256,0.0,0,grid-select,1,0,0,selection_isolated,/home/jirka/research/2024/bits-knn-jpdc2024/data/application-scaling/bw01-35760924/gradient-compression-small.csv,0.00043402777777777775,30,0.05677499999999999,0.056599000000000003,0.056902499999999995,0.48445618670189355,True,True
gradient-compression,773ccccc257597721840d373c9f3e73e670a8d255c39e3a3e354a1d2571356c3,589824,1,256,0.0,0,grid-select,1,0,0,transform_isolated,/home/jirka/research/2024/bits-knn-jpdc2024/data/application-scaling/bw01-35760924/gradient-compression-small.csv,0.00043402777777777775,30,0.0091345,0.009072499999999999,0.009195,0.9995073621982594,True,True
gradient-compression,773ccccc257597721840d373c9f3e73e670a8d255c39e3a3e354a1d2571356c3,589824,1,256,0.0,0,grid-select,1,0,0,upload_shared,/home/jirka/research/2024/bits-knn-jpdc2024/data/application-scaling/bw01-35760924/gradient-compression-small.csv,0.00043402777777777775,1,0.182898,0.182898,0.182898,1.0,True,True
gradient-compression,773ccccc257597721840d373c9f3e73e670a8d255c39e3a3e354a1d2571356c3,589824,1,512,0.0,0,air-topk,1,512,0,download,/home/jirka/research/2024/bits-knn-jpdc2024/data/application-scaling/bw01-35760924/gradient-compression-small.csv,0.0008680555555555555,30,0.008195,0.0081325,0.008280000000000001,1.0,True,True
gradient-compression,773ccccc257597721840d373c9f3e73e670a8d255c39e3a3e354a1d2571356c3,589824,1,512,0.0,0,air-topk,1,512,0,operator,/home/jirka/research/2024/bits-knn-jpdc2024/data/application-scaling/bw01-35760924/gradient-compression-small.csv,0.0008680555555555555,30,0.0379595,0.037342249999999994,0.03922725,1.0,True,True
gradient-compression,773ccccc257597721840d373c9f3e73e670a8d255c39e3a3e354a1d2571356c3,589824,1,512,0.0,0,air-topk,1,512,0,output_isolated,/home/jirka/research/2024/bits-knn-jpdc2024/data/application-scaling/bw01-35760924/gradient-compression-small.csv,0.0008680555555555555,30,0.00841,0.00835,0.008475,1.0,True,True
gradient-compression,773ccccc257597721840d373c9f3e73e670a8d255c39e3a3e354a1d2571356c3,589824,1,512,0.0,0,air-topk,1,512,0,selection_isolated,/home/jirka/research/2024/bits-knn-jpdc2024/data/application-scaling/bw01-35760924/gradient-compression-small.csv,0.0008680555555555555,30,0.027324,0.02718,0.027437250000000003,1.0,True,True
gradient-compression,773ccccc257597721840d373c9f3e73e670a8d255c39e3a3e354a1d2571356c3,589824,1,512,0.0,0,air-topk,1,512,0,transform_isolated,/home/jirka/research/2024/bits-knn-jpdc2024/data/application-scaling/bw01-35760924/gradient-compression-small.csv,0.0008680555555555555,30,0.009285,0.00918475,0.00937975,1.0,True,True
gradient-compression,773ccccc257597721840d373c9f3e73e670a8d255c39e3a3e354a1d2571356c3,589824,1,512,0.0,0,air-topk,1,512,0,upload_shared,/home/jirka/research/2024/bits-knn-jpdc2024/data/application-scaling/bw01-35760924/gradient-compression-small.csv,0.0008680555555555555,1,0.178688,0.178688,0.178688,1.0,True,True
gradient-compression,773ccccc257597721840d373c9f3e73e670a8d255c39e3a3e354a1d2571356c3,589824,1,512,0.0,0,bits-prefetch,1,128,4,download,/home/jirka/research/2024/bits-knn-jpdc2024/data/application-scaling/bw01-35760924/gradient-compression-small.csv,0.0008680555555555555,30,0.008595000000000002,0.008099249999999999,0.0090675,0.9534613147178589,False,False
gradient-compression,773ccccc257597721840d373c9f3e73e670a8d255c39e3a3e354a1d2571356c3,589824,1,512,0.0,0,bits-prefetch,1,128,4,operator,/home/jirka/research/2024/bits-knn-jpdc2024/data/application-scaling/bw01-35760924/gradient-compression-small.csv,0.0008680555555555555,30,0.513394,0.5130889999999999,0.5138665,0.07393833975465237,False,False
gradient-compression,773ccccc257597721840d373c9f3e73e670a8d255c39e3a3e354a1d2571356c3,589824,1,512,0.0,0,bits-prefetch,1,128,4,output_isolated,/home/jirka/research/2024/bits-knn-jpdc2024/data/application-scaling/bw01-35760924/gradient-compression-small.csv,0.0008680555555555555,30,0.008525,0.0084,0.008787500000000002,0.9865102639296189,False,False
gradient-compression,773ccccc257597721840d373c9f3e73e670a8d255c39e3a3e354a1d2571356c3,589824,1,512,0.0,0,bits-prefetch,1,128,4,selection_isolated,/home/jirka/research/2024/bits-knn-jpdc2024/data/application-scaling/bw01-35760924/gradient-compression-small.csv,0.0008680555555555555,30,0.5035590000000001,0.50299425,0.50397225,0.05426176475844935,False,False
gradient-compression,773ccccc257597721840d373c9f3e73e670a8d255c39e3a3e354a1d2571356c3,589824,1,512,0.0,0,bits-prefetch,1,128,4,transform_isolated,/home/jirka/research/2024/bits-knn-jpdc2024/data/application-scaling/bw01-35760924/gradient-compression-small.csv,0.0008680555555555555,30,0.009125000000000001,0.00903,0.009212499999999998,1.0175342465753423,False,False
gradient-compression,773ccccc257597721840d373c9f3e73e670a8d255c39e3a3e354a1d2571356c3,589824,1,512,0.0,0,bits-prefetch,1,128,4,upload_shared,/home/jirka/research/2024/bits-knn-jpdc2024/data/application-scaling/bw01-35760924/gradient-compression-small.csv,0.0008680555555555555,1,0.14113799999999999,0.14113799999999999,0.14113799999999999,1.2660516657455825,False,False
gradient-compression,773ccccc257597721840d373c9f3e73e670a8d255c39e3a3e354a1d2571356c3,589824,1,512,0.0,0,bits-prefetch,1,128,7,download,/home/jirka/research/2024/bits-knn-jpdc2024/data/application-scaling/bw01-35760924/gradient-compression-small.csv,0.0008680555555555555,30,0.00899,0.008275000000000001,0.00907575,0.9115684093437152,False,False
gradient-compression,773ccccc257597721840d373c9f3e73e670a8d255c39e3a3e354a1d2571356c3,589824,1,512,0.0,0,bits-prefetch,1,128,7,operator,/home/jirka/research/2024/bits-knn-jpdc2024/data/application-scaling/bw01-35760924/gradient-compression-small.csv,0.0008680555555555555,30,0.400296,0.40010825,0.40053574999999997,0.09482857685312869,False,False
gradient-compression,773ccccc257597721840d373c9f3e73e670a8d255c39e3a3e354a1d2571356c3,589824,1,512,0.0,0,bits-prefetch,1,128,7,output_isolated,/home/jirka/research/2024/bits-knn-jpdc2024/data/application-scaling/bw01-35760924/gradient-compression-small.csv,0.0008680555555555555,30,0.0085145,0.0084375,0.008635,0.9877268189558989,False,False
gradient-compression,773ccccc257597721840d373c9f3e73e670a8d255c39e3a3e354a1d2571356c3,589824,1,512,0.0,0,bits-prefetch,1,128,7,selection_isolated,/home/jirka/research/2024/bits-knn-jpdc2024/data/application-scaling/bw01-35760924/gradient-compression-small.csv,0.0008680555555555555,30,0.3907205,0.39052775,0.3908825,0.06993234294079784,False,False
gradient-compression,773ccccc257597721840d373c9f3e73e670a8d255c39e3a3e354a1d2571356c3,589824,1,512,0.0,0,bits-prefetch,1,128,7,transform_isolated,/home/jirka/research/2024/bits-knn-jpdc2024/data/application-scaling/bw01-35760924/gradient-compression-small.csv,0.0008680555555555555,30,0.00914,0.00903225,0.009225,1.0158643326039387,False,False
gradient-compression,773ccccc257597721840d373c9f3e73e670a8d255c39e3a3e354a1d2571356c3,589824,1,512,0.0,0,bits-prefetch,1,128,7,upload_shared,/home/jirka/research/2024/bits-knn-jpdc2024/data/application-scaling/bw01-35760924/gradient-compression-small.csv,0.0008680555555555555,1,0.157979,0.157979,0.157979,1.1310870432146045,False,False
gradient-compression,773ccccc257597721840d373c9f3e73e670a8d255c39e3a3e354a1d2571356c3,589824,1,512,0.0,0,bits-prefetch,1,128,8,download,/home/jirka/research/2024/bits-knn-jpdc2024/data/application-scaling/bw01-35760924/gradient-compression-small.csv,0.0008680555555555555,30,0.00898,0.008505,0.009025,0.9125835189309576,False,False
gradient-compression,773ccccc257597721840d373c9f3e73e670a8d255c39e3a3e354a1d2571356c3,589824,1,512,0.0,0,bits-prefetch,1,128,8,operator,/home/jirka/research/2024/bits-knn-jpdc2024/data/application-scaling/bw01-35760924/gradient-compression-small.csv,0.0008680555555555555,30,0.3880805,0.3879085,0.38837075000000004,0.09781346911272275,False,False
gradient-compression,773ccccc257597721840d373c9f3e73e670a8d255c39e3a3e354a1d2571356c3,589824,1,512,0.0,0,bits-prefetch,1,128,8,output_isolated,/home/jirka/research/2024/bits-knn-jpdc2024/data/application-scaling/bw01-35760924/gradient-compression-small.csv,0.0008680555555555555,30,0.008545,0.0084125,0.00871,0.9842012873025161,False,False
gradient-compression,773ccccc257597721840d373c9f3e73e670a8d255c39e3a3e354a1d2571356c3,589824,1,512,0.0,0,bits-prefetch,1,128,8,selection_isolated,/home/jirka/research/2024/bits-knn-jpdc2024/data/application-scaling/bw01-35760924/gradient-compression-small.csv,0.0008680555555555555,30,0.378456,0.37808349999999996,0.37860525,0.0721986175407445,False,False
gradient-compression,773ccccc257597721840d373c9f3e73e670a8d255c39e3a3e354a1d2571356c3,589824,1,512,0.0,0,bits-prefetch,1,128,8,transform_isolated,/home/jirka/research/2024/bits-knn-jpdc2024/data/application-scaling/bw01-35760924/gradient-compression-small.csv,0.0008680555555555555,30,0.00916,0.0091025,0.009235,1.013646288209607,False,False
gradient-compression,773ccccc257597721840d373c9f3e73e670a8d255c39e3a3e354a1d2571356c3,589824,1,512,0.0,0,bits-prefetch,1,128,8,upload_shared,/home/jirka/research/2024/bits-knn-jpdc2024/data/application-scaling/bw01-35760924/gradient-compression-small.csv,0.0008680555555555555,1,0.144539,0.144539,0.144539,1.2362614934377574,False,False
gradient-compression,773ccccc257597721840d373c9f3e73e670a8d255c39e3a3e354a1d2571356c3,589824,1,512,0.0,0,bits-prefetch,1,128,13,download,/home/jirka/research/2024/bits-knn-jpdc2024/data/application-scaling/bw01-35760924/gradient-compression-small.csv,0.0008680555555555555,30,0.00906,0.0084125,0.0091865,0.9045253863134657,False,False
gradient-compression,773ccccc257597721840d373c9f3e73e670a8d255c39e3a3e354a1d2571356c3,589824,1,512,0.0,0,bits-prefetch,1,128,13,operator,/home/jirka/research/2024/bits-knn-jpdc2024/data/application-scaling/bw01-35760924/gradient-compression-small.csv,0.0008680555555555555,30,0.32215150000000004,0.3217495,0.32558675,0.11783120674589438,False,False
gradient-compression,773ccccc257597721840d373c9f3e73e670a8d255c39e3a3e354a1d2571356c3,589824,1,512,0.0,0,bits-prefetch,1,128,13,output_isolated,/home/jirka/research/2024/bits-knn-jpdc2024/data/application-scaling/bw01-35760924/gradient-compression-small.csv,0.0008680555555555555,30,0.008574499999999999,0.008485,0.0087775,0.9808152078838419,False,False
gradient-compression,773ccccc257597721840d373c9f3e73e670a8d255c39e3a3e354a1d2571356c3,589824,1,512,0.0,0,bits-prefetch,1,128,13,selection_isolated,/home/jirka/research/2024/bits-knn-jpdc2024/data/application-scaling/bw01-35760924/gradient-compression-small.csv,0.0008680555555555555,30,0.3155515,0.31510874999999994,0.31579850000000004,0.08659125372562007,False,False
gradient-compression,773ccccc257597721840d373c9f3e73e670a8d255c39e3a3e354a1d2571356c3,589824,1,512,0.0,0,bits-prefetch,1,128,13,transform_isolated,/home/jirka/research/2024/bits-knn-jpdc2024/data/application-scaling/bw01-35760924/gradient-compression-small.csv,0.0008680555555555555,30,0.009170500000000002,0.009120000000000001,0.0092275,1.012485687803282,False,False
gradient-compression,773ccccc257597721840d373c9f3e73e670a8d255c39e3a3e354a1d2571356c3,589824,1,512,0.0,0,bits-prefetch,1,128,13,upload_shared,/home/jirka/research/2024/bits-knn-jpdc2024/data/application-scaling/bw01-35760924/gradient-compression-small.csv,0.0008680555555555555,1,0.14785800000000002,0.14785800000000002,0.14785800000000002,1.2085108685360277,False,False
gradient-compression,773ccccc257597721840d373c9f3e73e670a8d255c39e3a3e354a1d2571356c3,589824,1,512,0.0,0,bits-prefetch,1,128,16,download,/home/jirka/research/2024/bits-knn-jpdc2024/data/application-scaling/bw01-35760924/gradient-compression-small.csv,0.0008680555555555555,30,0.008950000000000001,0.00819175,0.008967500000000002,0.9156424581005584,False,False
gradient-compression,773ccccc257597721840d373c9f3e73e670a8d255c39e3a3e354a1d2571356c3,589824,1,512,0.0,0,bits-prefetch,1,128,16,operator,/home/jirka/research/2024/bits-knn-jpdc2024/data/application-scaling/bw01-35760924/gradient-compression-small.csv,0.0008680555555555555,30,0.30827650000000006,0.30811374999999996,0.308632,0.123134588591735,False,False
gradient-compression,773ccccc257597721840d373c9f3e73e670a8d255c39e3a3e354a1d2571356c3,589824,1,512,0.0,0,bits-prefetch,1,128,16,output_isolated,/home/jirka/research/2024/bits-knn-jpdc2024/data/application-scaling/bw01-35760924/gradient-compression-small.csv,0.0008680555555555555,30,0.008485,0.008337500000000001,0.008595,0.9911608721272835,False,False
gradient-compression,773ccccc257597721840d373c9f3e73e670a8d255c39e3a3e354a1d2571356c3,589824,1,512,0.0,0,bits-prefetch,1,128,16,selection_isolated,/home/jirka/research/2024/bits-knn-jpdc2024/data/application-scaling/bw01-35760924/gradient-compression-small.csv,0.0008680555555555555,30,0.2987765,0.29849125000000004,0.29895125,0.09145297571930858,False,False
gradient-compression,773ccccc257597721840d373c9f3e73e670a8d255c39e3a3e354a1d2571356c3,589824,1,512,0.0,0,bits-prefetch,1,128,16,transform_isolated,/home/jirka/research/2024/bits-knn-jpdc2024/data/application-scaling/bw01-35760924/gradient-compression-small.csv,0.0008680555555555555,30,0.00914,0.00905925,0.0092575,1.0158643326039387,False,False
gradient-compression,773ccccc257597721840d373c9f3e73e670a8d255c39e3a3e354a1d2571356c3,589824,1,512,0.0,0,bits-prefetch,1,128,16,upload_shared,/home/jirka/research/2024/bits-knn-jpdc2024/data/application-scaling/bw01-35760924/gradient-compression-small.csv,0.0008680555555555555,1,0.144219,0.144219,0.144219,1.2390045694395329,False,False
gradient-compression,773ccccc257597721840d373c9f3e73e670a8d255c39e3a3e354a1d2571356c3,589824,1,512,0.0,0,bits-prefetch,1,256,4,download,/home/jirka/research/2024/bits-knn-jpdc2024/data/application-scaling/bw01-35760924/gradient-compression-small.csv,0.0008680555555555555,30,0.008929999999999999,0.0081825,0.009007500000000002,0.9176931690929452,False,False
gradient-compression,773ccccc257597721840d373c9f3e73e670a8d255c39e3a3e354a1d2571356c3,589824,1,512,0.0,0,bits-prefetch,1,256,4,operator,/home/jirka/research/2024/bits-knn-jpdc2024/data/application-scaling/bw01-35760924/gradient-compression-small.csv,0.0008680555555555555,30,0.31431149999999997,0.314112,0.3144395,0.12077031861704075,False,False
gradient-compression,773ccccc257597721840d373c9f3e73e670a8d255c39e3a3e354a1d2571356c3,589824,1,512,0.0,0,bits-prefetch,1,256,4,output_isolated,/home/jirka/research/2024/bits-knn-jpdc2024/data/application-scaling/bw01-35760924/gradient-compression-small.csv,0.0008680555555555555,30,0.008399,0.0082825,0.008562499999999999,1.0013096797237766,False,False
gradient-compression,773ccccc257597721840d373c9f3e73e670a8d255c39e3a3e354a1d2571356c3,589824,1,512,0.0,0,bits-prefetch,1,256,4,selection_isolated,/home/jirka/research/2024/bits-knn-jpdc2024/data/application-scaling/bw01-35760924/gradient-compression-small.csv,0.0008680555555555555,30,0.304532,0.30439125,0.3046837499999999,0.08972456096567848,False,False
gradient-compression,773ccccc257597721840d373c9f3e73e670a8d255c39e3a3e354a1d2571356c3,589824,1,512,0.0,0,bits-prefetch,1,256,4,transform_isolated,/home/jirka/research/2024/bits-knn-jpdc2024/data/application-scaling/bw01-35760924/gradient-compression-small.csv,0.0008680555555555555,30,0.0091155,0.0090525,0.009226749999999999,1.0185947013328944,False,False
gradient-compression,773ccccc257597721840d373c9f3e73e670a8d255c39e3a3e354a1d2571356c3,589824,1,512,0.0,0,bits-prefetch,1,256,4,upload_shared,/home/jirka/research/2024/bits-knn-jpdc2024/data/application-scaling/bw01-35760924/gradient-compression-small.csv,0.0008680555555555555,1,0.142478,0.142478,0.142478,1.2541444995016775,False,False
gradient-compression,773ccccc257597721840d373c9f3e73e670a8d255c39e3a3e354a1d2571356c3,589824,1,512,0.0,0,bits-prefetch,1,256,7,download,/home/jirka/research/2024/bits-knn-jpdc2024/data/application-scaling/bw01-35760924/gradient-compression-small.csv,0.0008680555555555555,30,0.008989500000000001,0.00822925,0.009082499999999999,0.9116191111852715,False,False
gradient-compression,773ccccc257597721840d373c9f3e73e670a8d255c39e3a3e354a1d2571356c3,589824,1,512,0.0,0,bits-prefetch,1,256,7,operator,/home/jirka/research/2024/bits-knn-jpdc2024/data/application-scaling/bw01-35760924/gradient-compression-small.csv,0.0008680555555555555,30,0.27406200000000003,0.27381374999999997,0.274422,0.13850698017236973,False,False
gradient-compression,773ccccc257597721840d373c9f3e73e670a8d255c39e3a3e354a1d2571356c3,589824,1,512,0.0,0,bits-prefetch,1,256,7,output_isolated,/home/jirka/research/2024/bits-knn-jpdc2024/data/application-scaling/bw01-35760924/gradient-compression-small.csv,0.0008680555555555555,30,0.00851,0.00834,0.00859275,0.9882491186839014,False,False
gradient-compression,773ccccc257597721840d373c9f3e73e670a8d255c39e3a3e354a1d2571356c3,589824,1,512,0.0,0,bits-prefetch,1,256,7,selection_isolated,/home/jirka/research/2024/bits-knn-jpdc2024/data/application-scaling/bw01-35760924/gradient-compression-small.csv,0.0008680555555555555,30,0.264577,0.26439225,0.26476200000000005,0.10327428310094983,False,False
gradient-compression,773ccccc257597721840d373c9f3e73e670a8d255c39e3a3e354a1d2571356c3,589824,1,512,0.0,0,bits-prefetch,1,256,7,transform_isolated,/home/jirka/research/2024/bits-knn-jpdc2024/data/application-scaling/bw01-35760924/gradient-compression-small.csv,0.0008680555555555555,30,0.00918,0.009065,0.009237500000000001,1.011437908496732,False,False
gradient-compression,773ccccc257597721840d373c9f3e73e670a8d255c39e3a3e354a1d2571356c3,589824,1,512,0.0,0,bits-prefetch,1,256,7,upload_shared,/home/jirka/research/2024/bits-knn-jpdc2024/data/application-scaling/bw01-35760924/gradient-compression-small.csv,0.0008680555555555555,1,0.147879,0.147879,0.147879,1.2083392503330426,False,False
gradient-compression,773ccccc257597721840d373c9f3e73e670a8d255c39e3a3e354a1d2571356c3,589824,1,512,0.0,0,bits-prefetch,1,256,8,download,/home/jirka/research/2024/bits-knn-jpdc2024/data/application-scaling/bw01-35760924/gradient-compression-small.csv,0.0008680555555555555,30,0.008975,0.0083,0.009056,0.9130919220055709,False,False
gradient-compression,773ccccc257597721840d373c9f3e73e670a8d255c39e3a3e354a1d2571356c3,589824,1,512,0.0,0,bits-prefetch,1,256,8,operator,/home/jirka/research/2024/bits-knn-jpdc2024/data/application-scaling/bw01-35760924/gradient-compression-small.csv,0.0008680555555555555,30,0.260752,0.26050625,0.26098299999999997,0.14557702337853592,False,False
gradient-compression,773ccccc257597721840d373c9f3e73e670a8d255c39e3a3e354a1d2571356c3,589824,1,512,0.0,0,bits-prefetch,1,256,8,output_isolated,/home/jirka/research/2024/bits-knn-jpdc2024/data/application-scaling/bw01-35760924/gradient-compression-small.csv,0.0008680555555555555,30,0.008529499999999999,0.008411749999999999,0.0086725,0.9859898001055164,False,False
gradient-compression,773ccccc257597721840d373c9f3e73e670a8d255c39e3a3e354a1d2571356c3,589824,1,512,0.0,0,bits-prefetch,1,256,8,selection_isolated,/home/jirka/research/2024/bits-knn-jpdc2024/data/application-scaling/bw01-35760924/gradient-compression-small.csv,0.0008680555555555555,30,0.250962,0.2507295,0.251127,0.10887704114567145,False,False
gradient-compression,773ccccc257597721840d373c9f3e73e670a8d255c39e3a3e354a1d2571356c3,589824,1,512,0.0,0,bits-prefetch,1,256,8,transform_isolated,/home/jirka/research/2024/bits-knn-jpdc2024/data/application-scaling/bw01-35760924/gradient-compression-small.csv,0.0008680555555555555,30,0.009120000000000001,0.009045,0.00924,1.0180921052631577,False,False
gradient-compression,773ccccc257597721840d373c9f3e73e670a8d255c39e3a3e354a1d2571356c3,589824,1,512,0.0,0,bits-prefetch,1,256,8,upload_shared,/home/jirka/research/2024/bits-knn-jpdc2024/data/application-scaling/bw01-35760924/gradient-compression-small.csv,0.0008680555555555555,1,0.15096900000000002,0.15096900000000002,0.15096900000000002,1.1836072306235055,False,False
gradient-compression,773ccccc257597721840d373c9f3e73e670a8d255c39e3a3e354a1d2571356c3,589824,1,512,0.0,0,bits-prefetch,1,256,13,download,/home/jirka/research/2024/bits-knn-jpdc2024/data/application-scaling/bw01-35760924/gradient-compression-small.csv,0.0008680555555555555,30,0.008975,0.00813,0.009017250000000001,0.9130919220055709,False,False
gradient-compression,773ccccc257597721840d373c9f3e73e670a8d255c39e3a3e354a1d2571356c3,589824,1,512,0.0,0,bits-prefetch,1,256,13,operator,/home/jirka/research/2024/bits-knn-jpdc2024/data/application-scaling/bw01-35760924/gradient-compression-small.csv,0.0008680555555555555,30,0.2327025,0.232467,0.232907,0.16312459041050267,False,False
gradient-compression,773ccccc257597721840d373c9f3e73e670a8d255c39e3a3e354a1d2571356c3,589824,1,512,0.0,0,bits-prefetch,1,256,13,output_isolated,/home/jirka/research/2024/bits-knn-jpdc2024/data/application-scaling/bw01-35760924/gradient-compression-small.csv,0.0008680555555555555,30,0.008399,0.008292500000000001,0.008446750000000001,1.0013096797237766,False,False
gradient-compression,773ccccc257597721840d373c9f3e73e670a8d255c39e3a3e354a1d2571356c3,589824,1,512,0.0,0,bits-prefetch,1,256,13,selection_isolated,/home/jirka/research/2024/bits-knn-jpdc2024/data/application-scaling/bw01-35760924/gradient-compression-small.csv,0.0008680555555555555,30,0.222897,0.22255225,0.22318525,0.12258576831451298,False,False
gradient-compression,773ccccc257597721840d373c9f3e73e670a8d255c39e3a3e354a1d2571356c3,589824,1,512,0.0,0,bits-prefetch,1,256,13,transform_isolated,/home/jirka/research/2024/bits-knn-jpdc2024/data/application-scaling/bw01-35760924/gradient-compression-small.csv,0.0008680555555555555,30,0.009139,0.00900725,0.0092175,1.0159754896597002,False,False
gradient-compression,773ccccc257597721840d373c9f3e73e670a8d255c39e3a3e354a1d2571356c3,589824,1,512,0.0,0,bits-prefetch,1,256,13,upload_shared,/home/jirka/research/2024/bits-knn-jpdc2024/data/application-scaling/bw01-35760924/gradient-compression-small.csv,0.0008680555555555555,1,0.148648,0.148648,0.148648,1.2020881545664928,False,False
gradient-compression,773ccccc257597721840d373c9f3e73e670a8d255c39e3a3e354a1d2571356c3,589824,1,512,0.0,0,bits-prefetch,1,256,16,download,/home/jirka/research/2024/bits-knn-jpdc2024/data/application-scaling/bw01-35760924/gradient-compression-small.csv,0.0008680555555555555,30,0.008914499999999999,0.00822,0.00899,0.9192887991474564,False,False
gradient-compression,773ccccc257597721840d373c9f3e73e670a8d255c39e3a3e354a1d2571356c3,589824,1,512,0.0,0,bits-prefetch,1,256,16,operator,/home/jirka/research/2024/bits-knn-jpdc2024/data/application-scaling/bw01-35760924/gradient-compression-small.csv,0.0008680555555555555,30,0.2209425,0.220708,0.22115975,0.1718071443927719,False,False
gradient-compression,773ccccc257597721840d373c9f3e73e670a8d255c39e3a3e354a1d2571356c3,589824,1,512,0.0,0,bits-prefetch,1,256,16,output_isolated,/home/jirka/research/2024/bits-knn-jpdc2024/data/application-scaling/bw01-35760924/gradient-compression-small.csv,0.0008680555555555555,30,0.00851,0.008405,0.00861775,0.9882491186839014,False,False
gradient-compression,773ccccc257597721840d373c9f3e73e670a8d255c39e3a3e354a1d2571356c3,589824,1,512,0.0,0,bits-prefetch,1,256,16,selection_isolated,/home/jirka/research/2024/bits-knn-jpdc2024/data/application-scaling/bw01-35760924/gradient-compression-small.csv,0.0008680555555555555,30,0.21126299999999998,0.21117049999999998,0.21136275,0.12933641953394587,False,False
gradient-compression,773ccccc257597721840d373c9f3e73e670a8d255c39e3a3e354a1d2571356c3,589824,1,512,0.0,0,bits-prefetch,1,256,16,transform_isolated,/home/jirka/research/2024/bits-knn-jpdc2024/data/application-scaling/bw01-35760924/gradient-compression-small.csv,0.0008680555555555555,30,0.009130000000000001,0.0090525,0.00920675,1.0169769989047097,False,False
gradient-compression,773ccccc257597721840d373c9f3e73e670a8d255c39e3a3e354a1d2571356c3,589824,1,512,0.0,0,bits-prefetch,1,256,16,upload_shared,/home/jirka/research/2024/bits-knn-jpdc2024/data/application-scaling/bw01-35760924/gradient-compression-small.csv,0.0008680555555555555,1,0.143578,0.143578,0.143578,1.2445360709858055,False,False
gradient-compression,773ccccc257597721840d373c9f3e73e670a8d255c39e3a3e354a1d2571356c3,589824,1,512,0.0,0,bits-prefetch,1,512,4,download,/home/jirka/research/2024/bits-knn-jpdc2024/data/application-scaling/bw01-35760924/gradient-compression-small.csv,0.0008680555555555555,30,0.00898,0.00819325,0.009025,0.9125835189309576,False,False
gradient-compression,773ccccc257597721840d373c9f3e73e670a8d255c39e3a3e354a1d2571356c3,589824,1,512,0.0,0,bits-prefetch,1,512,4,operator,/home/jirka/research/2024/bits-knn-jpdc2024/data/application-scaling/bw01-35760924/gradient-compression-small.csv,0.0008680555555555555,30,0.22572699999999998,0.22550775,0.22589475,0.16816552738484986,False,False
gradient-compression,773ccccc257597721840d373c9f3e73e670a8d255c39e3a3e354a1d2571356c3,589824,1,512,0.0,0,bits-prefetch,1,512,4,output_isolated,/home/jirka/research/2024/bits-knn-jpdc2024/data/application-scaling/bw01-35760924/gradient-compression-small.csv,0.0008680555555555555,30,0.008439499999999999,0.008343999999999999,0.0085175,0.9965045322590202,False,False
gradient-compression,773ccccc257597721840d373c9f3e73e670a8d255c39e3a3e354a1d2571356c3,589824,1,512,0.0,0,bits-prefetch,1,512,4,selection_isolated,/home/jirka/research/2024/bits-knn-jpdc2024/data/application-scaling/bw01-35760924/gradient-compression-small.csv,0.0008680555555555555,30,0.21589250000000001,0.21578025,0.21598799999999999,0.12656298852438133,False,False
gradient-compression,773ccccc257597721840d373c9f3e73e670a8d255c39e3a3e354a1d2571356c3,589824,1,512,0.0,0,bits-prefetch,1,512,4,transform_isolated,/home/jirka/research/2024/bits-knn-jpdc2024/data/application-scaling/bw01-35760924/gradient-compression-small.csv,0.0008680555555555555,30,0.00914,0.009029249999999999,0.009214749999999999,1.0158643326039387,False,False
gradient-compression,773ccccc257597721840d373c9f3e73e670a8d255c39e3a3e354a1d2571356c3,589824,1,512,0.0,0,bits-prefetch,1,512,4,upload_shared,/home/jirka/research/2024/bits-knn-jpdc2024/data/application-scaling/bw01-35760924/gradient-compression-small.csv,0.0008680555555555555,1,0.146029,0.146029,0.146029,1.223647357716618,False,False
gradient-compression,773ccccc257597721840d373c9f3e73e670a8d255c39e3a3e354a1d2571356c3,589824,1,512,0.0,0,bits-prefetch,1,512,7,download,/home/jirka/research/2024/bits-knn-jpdc2024/data/application-scaling/bw01-35760924/gradient-compression-small.csv,0.0008680555555555555,30,0.008995,0.008969,0.0090675,0.9110617009449694,False,False
gradient-compression,773ccccc257597721840d373c9f3e73e670a8d255c39e3a3e354a1d2571356c3,589824,1,512,0.0,0,bits-prefetch,1,512,7,operator,/home/jirka/research/2024/bits-knn-jpdc2024/data/application-scaling/bw01-35760924/gradient-compression-small.csv,0.0008680555555555555,30,0.209098,0.20901725000000002,0.20924800000000002,0.18153927823317295,False,False
gradient-compression,773ccccc257597721840d373c9f3e73e670a8d255c39e3a3e354a1d2571356c3,589824,1,512,0.0,0,bits-prefetch,1,512,7,output_isolated,/home/jirka/research/2024/bits-knn-jpdc2024/data/application-scaling/bw01-35760924/gradient-compression-small.csv,0.0008680555555555555,30,0.008494999999999999,0.00843,0.00856675,0.9899941141848148,False,False
gradient-compression,773ccccc257597721840d373c9f3e73e670a8d255c39e3a3e354a1d2571356c3,589824,1,512,0.0,0,bits-prefetch,1,512,7,selection_isolated,/home/jirka/research/2024/bits-knn-jpdc2024/data/application-scaling/bw01-35760924/gradient-compression-small.csv,0.0008680555555555555,30,0.199463,0.19925025,0.1996945,0.13698781227596096,False,False
gradient-compression,773ccccc257597721840d373c9f3e73e670a8d255c39e3a3e354a1d2571356c3,589824,1,512,0.0,0,bits-prefetch,1,512,7,transform_isolated,/home/jirka/research/2024/bits-knn-jpdc2024/data/application-scaling/bw01-35760924/gradient-compression-small.csv,0.0008680555555555555,30,0.0091445,0.00907475,0.00921725,1.0153644267045765,False,False
gradient-compression,773ccccc257597721840d373c9f3e73e670a8d255c39e3a3e354a1d2571356c3,589824,1,512,0.0,0,bits-prefetch,1,512,7,upload_shared,/home/jirka/research/2024/bits-knn-jpdc2024/data/application-scaling/bw01-35760924/gradient-compression-small.csv,0.0008680555555555555,1,0.140088,0.140088,0.140088,1.2755410884586833,False,False
gradient-compression,773ccccc257597721840d373c9f3e73e670a8d255c39e3a3e354a1d2571356c3,589824,1,512,0.0,0,bits-prefetch,1,512,8,download,/home/jirka/research/2024/bits-knn-jpdc2024/data/application-scaling/bw01-35760924/gradient-compression-small.csv,0.0008680555555555555,30,0.0089495,0.008222499999999999,0.009007500000000002,0.9156936141683891,False,False
gradient-compression,773ccccc257597721840d373c9f3e73e670a8d255c39e3a3e354a1d2571356c3,589824,1,512,0.0,0,bits-prefetch,1,512,8,operator,/home/jirka/research/2024/bits-knn-jpdc2024/data/application-scaling/bw01-35760924/gradient-compression-small.csv,0.0008680555555555555,30,0.2087175,0.2085405,0.20887024999999998,0.1818702312934948,False,False
gradient-compression,773ccccc257597721840d373c9f3e73e670a8d255c39e3a3e354a1d2571356c3,589824,1,512,0.0,0,bits-prefetch,1,512,8,output_isolated,/home/jirka/research/2024/bits-knn-jpdc2024/data/application-scaling/bw01-35760924/gradient-compression-small.csv,0.0008680555555555555,30,0.00846,0.00835675,0.0086075,0.9940898345153665,False,False
gradient-compression,773ccccc257597721840d373c9f3e73e670a8d255c39e3a3e354a1d2571356c3,589824,1,512,0.0,0,bits-prefetch,1,512,8,selection_isolated,/home/jirka/research/2024/bits-knn-jpdc2024/data/application-scaling/bw01-35760924/gradient-compression-small.csv,0.0008680555555555555,30,0.198973,0.19882275,0.19916225,0.13732516472084152,False,False
gradient-compression,773ccccc257597721840d373c9f3e73e670a8d255c39e3a3e354a1d2571356c3,589824,1,512,0.0,0,bits-prefetch,1,512,8,transform_isolated,/home/jirka/research/2024/bits-knn-jpdc2024/data/application-scaling/bw01-35760924/gradient-compression-small.csv,0.0008680555555555555,30,0.00914,0.009085,0.009247499999999999,1.0158643326039387,False,False
gradient-compression,773ccccc257597721840d373c9f3e73e670a8d255c39e3a3e354a1d2571356c3,589824,1,512,0.0,0,bits-prefetch,1,512,8,upload_shared,/home/jirka/research/2024/bits-knn-jpdc2024/data/application-scaling/bw01-35760924/gradient-compression-small.csv,0.0008680555555555555,1,0.14491800000000002,0.14491800000000002,0.14491800000000002,1.2330283332643288,False,False
gradient-compression,773ccccc257597721840d373c9f3e73e670a8d255c39e3a3e354a1d2571356c3,589824,1,512,0.0,0,bits-prefetch,1,512,13,download,/home/jirka/research/2024/bits-knn-jpdc2024/data/application-scaling/bw01-35760924/gradient-compression-small.csv,0.0008680555555555555,30,0.00898,0.00823425,0.00907425,0.9125835189309576,False,False
gradient-compression,773ccccc257597721840d373c9f3e73e670a8d255c39e3a3e354a1d2571356c3,589824,1,512,0.0,0,bits-prefetch,1,512,13,operator,/home/jirka/research/2024/bits-knn-jpdc2024/data/application-scaling/bw01-35760924/gradient-compression-small.csv,0.0008680555555555555,30,0.2148025,0.21437975,0.2151805,0.1767181480662469,False,False
gradient-compression,773ccccc257597721840d373c9f3e73e670a8d255c39e3a3e354a1d2571356c3,589824,1,512,0.0,0,bits-prefetch,1,512,13,output_isolated,/home/jirka/research/2024/bits-knn-jpdc2024/data/application-scaling/bw01-35760924/gradient-compression-small.csv,0.0008680555555555555,30,0.008440000000000001,0.008379999999999999,0.008604249999999999,0.9964454976303317,False,False
gradient-compression,773ccccc257597721840d373c9f3e73e670a8d255c39e3a3e354a1d2571356c3,589824,1,512,0.0,0,bits-prefetch,1,512,13,selection_isolated,/home/jirka/research/2024/bits-knn-jpdc2024/data/application-scaling/bw01-35760924/gradient-compression-small.csv,0.0008680555555555555,30,0.205128,0.2047605,0.2054355,0.13320463320463322,False,False
gradient-compression,773ccccc257597721840d373c9f3e73e670a8d255c39e3a3e354a1d2571356c3,589824,1,512,0.0,0,bits-prefetch,1,512,13,transform_isolated,/home/jirka/research/2024/bits-knn-jpdc2024/data/application-scaling/bw01-35760924/gradient-compression-small.csv,0.0008680555555555555,30,0.009145,0.00906225,0.009225,1.0153089119737562,False,False
gradient-compression,773ccccc257597721840d373c9f3e73e670a8d255c39e3a3e354a1d2571356c3,589824,1,512,0.0,0,bits-prefetch,1,512,13,upload_shared,/home/jirka/research/2024/bits-knn-jpdc2024/data/application-scaling/bw01-35760924/gradient-compression-small.csv,0.0008680555555555555,1,0.147919,0.147919,0.147919,1.208012493324049,False,False
gradient-compression,773ccccc257597721840d373c9f3e73e670a8d255c39e3a3e354a1d2571356c3,589824,1,512,0.0,0,bits-prefetch,1,512,16,download,/home/jirka/research/2024/bits-knn-jpdc2024/data/application-scaling/bw01-35760924/gradient-compression-small.csv,0.0008680555555555555,30,0.008995,0.008257500000000001,0.0090375,0.9110617009449694,True,False
gradient-compression,773ccccc257597721840d373c9f3e73e670a8d255c39e3a3e354a1d2571356c3,589824,1,512,0.0,0,bits-prefetch,1,512,16,operator,/home/jirka/research/2024/bits-knn-jpdc2024/data/application-scaling/bw01-35760924/gradient-compression-small.csv,0.0008680555555555555,30,0.2084675,0.208228,0.20897700000000002,0.18208833511218775,True,False
gradient-compression,773ccccc257597721840d373c9f3e73e670a8d255c39e3a3e354a1d2571356c3,589824,1,512,0.0,0,bits-prefetch,1,512,16,output_isolated,/home/jirka/research/2024/bits-knn-jpdc2024/data/application-scaling/bw01-35760924/gradient-compression-small.csv,0.0008680555555555555,30,0.008574499999999999,0.00842,0.008636749999999999,0.9808152078838419,True,False
gradient-compression,773ccccc257597721840d373c9f3e73e670a8d255c39e3a3e354a1d2571356c3,589824,1,512,0.0,0,bits-prefetch,1,512,16,selection_isolated,/home/jirka/research/2024/bits-knn-jpdc2024/data/application-scaling/bw01-35760924/gradient-compression-small.csv,0.0008680555555555555,30,0.19857249999999999,0.198443,0.198888,0.1376021352402775,True,False
gradient-compression,773ccccc257597721840d373c9f3e73e670a8d255c39e3a3e354a1d2571356c3,589824,1,512,0.0,0,bits-prefetch,1,512,16,transform_isolated,/home/jirka/research/2024/bits-knn-jpdc2024/data/application-scaling/bw01-35760924/gradient-compression-small.csv,0.0008680555555555555,30,0.00919,0.009145,0.0092575,1.0103373231773667,True,False
gradient-compression,773ccccc257597721840d373c9f3e73e670a8d255c39e3a3e354a1d2571356c3,589824,1,512,0.0,0,bits-prefetch,1,512,16,upload_shared,/home/jirka/research/2024/bits-knn-jpdc2024/data/application-scaling/bw01-35760924/gradient-compression-small.csv,0.0008680555555555555,1,0.178688,0.178688,0.178688,1.0,True,False
gradient-compression,773ccccc257597721840d373c9f3e73e670a8d255c39e3a3e354a1d2571356c3,589824,1,512,0.0,0,bits-sq,8,128,4,download,/home/jirka/research/2024/bits-knn-jpdc2024/data/application-scaling/bw01-35760924/gradient-compression-small.csv,0.0008680555555555555,30,0.008960000000000001,0.008950000000000001,0.00897975,0.9146205357142855,False,False
gradient-compression,773ccccc257597721840d373c9f3e73e670a8d255c39e3a3e354a1d2571356c3,589824,1,512,0.0,0,bits-sq,8,128,4,operator,/home/jirka/research/2024/bits-knn-jpdc2024/data/application-scaling/bw01-35760924/gradient-compression-small.csv,0.0008680555555555555,30,0.149758,0.1493155,0.150043,0.25347226859333055,False,False
gradient-compression,773ccccc257597721840d373c9f3e73e670a8d255c39e3a3e354a1d2571356c3,589824,1,512,0.0,0,bits-sq,8,128,4,output_isolated,/home/jirka/research/2024/bits-knn-jpdc2024/data/application-scaling/bw01-35760924/gradient-compression-small.csv,0.0008680555555555555,30,0.0084805,0.008395,0.0085925,0.9916868109191675,False,False
gradient-compression,773ccccc257597721840d373c9f3e73e670a8d255c39e3a3e354a1d2571356c3,589824,1,512,0.0,0,bits-sq,8,128,4,selection_isolated,/home/jirka/research/2024/bits-knn-jpdc2024/data/application-scaling/bw01-35760924/gradient-compression-small.csv,0.0008680555555555555,30,0.13997300000000001,0.13969375,0.14012625,0.19520907603609267,False,False
gradient-compression,773ccccc257597721840d373c9f3e73e670a8d255c39e3a3e354a1d2571356c3,589824,1,512,0.0,0,bits-sq,8,128,4,transform_isolated,/home/jirka/research/2024/bits-knn-jpdc2024/data/application-scaling/bw01-35760924/gradient-compression-small.csv,0.0008680555555555555,30,0.00911,0.009065,0.009202499999999999,1.0192096597145994,False,False
gradient-compression,773ccccc257597721840d373c9f3e73e670a8d255c39e3a3e354a1d2571356c3,589824,1,512,0.0,0,bits-sq,8,128,4,upload_shared,/home/jirka/research/2024/bits-knn-jpdc2024/data/application-scaling/bw01-35760924/gradient-compression-small.csv,0.0008680555555555555,1,0.14113799999999999,0.14113799999999999,0.14113799999999999,1.2660516657455825,False,False
gradient-compression,773ccccc257597721840d373c9f3e73e670a8d255c39e3a3e354a1d2571356c3,589824,1,512,0.0,0,bits-sq,8,128,7,download,/home/jirka/research/2024/bits-knn-jpdc2024/data/application-scaling/bw01-35760924/gradient-compression-small.csv,0.0008680555555555555,30,0.0089045,0.00825,0.009015,0.9203211859172329,False,False
gradient-compression,773ccccc257597721840d373c9f3e73e670a8d255c39e3a3e354a1d2571356c3,589824,1,512,0.0,0,bits-sq,8,128,7,operator,/home/jirka/research/2024/bits-knn-jpdc2024/data/application-scaling/bw01-35760924/gradient-compression-small.csv,0.0008680555555555555,30,0.139764,0.13958299999999998,0.139849,0.2715971208608798,False,False
gradient-compression,773ccccc257597721840d373c9f3e73e670a8d255c39e3a3e354a1d2571356c3,589824,1,512,0.0,0,bits-sq,8,128,7,output_isolated,/home/jirka/research/2024/bits-knn-jpdc2024/data/application-scaling/bw01-35760924/gradient-compression-small.csv,0.0008680555555555555,30,0.008434,0.0083325,0.0085025,0.9971543751482097,False,False
gradient-compression,773ccccc257597721840d373c9f3e73e670a8d255c39e3a3e354a1d2571356c3,589824,1,512,0.0,0,bits-sq,8,128,7,selection_isolated,/home/jirka/research/2024/bits-knn-jpdc2024/data/application-scaling/bw01-35760924/gradient-compression-small.csv,0.0008680555555555555,30,0.1300485,0.129789,0.1301815,0.2101062295989573,False,False
gradient-compression,773ccccc257597721840d373c9f3e73e670a8d255c39e3a3e354a1d2571356c3,589824,1,512,0.0,0,bits-sq,8,128,7,transform_isolated,/home/jirka/research/2024/bits-knn-jpdc2024/data/application-scaling/bw01-35760924/gradient-compression-small.csv,0.0008680555555555555,30,0.0090595,0.0089825,0.009125000000000001,1.02489099839947,False,False
gradient-compression,773ccccc257597721840d373c9f3e73e670a8d255c39e3a3e354a1d2571356c3,589824,1,512,0.0,0,bits-sq,8,128,7,upload_shared,/home/jirka/research/2024/bits-knn-jpdc2024/data/application-scaling/bw01-35760924/gradient-compression-small.csv,0.0008680555555555555,1,0.157979,0.157979,0.157979,1.1310870432146045,False,False
gradient-compression,773ccccc257597721840d373c9f3e73e670a8d255c39e3a3e354a1d2571356c3,589824,1,512,0.0,0,bits-sq,8,128,8,download,/home/jirka/research/2024/bits-knn-jpdc2024/data/application-scaling/bw01-35760924/gradient-compression-small.csv,0.0008680555555555555,30,0.0090095,0.0089825,0.00906675,0.9095954270492257,False,False
gradient-compression,773ccccc257597721840d373c9f3e73e670a8d255c39e3a3e354a1d2571356c3,589824,1,512,0.0,0,bits-sq,8,128,8,operator,/home/jirka/research/2024/bits-knn-jpdc2024/data/application-scaling/bw01-35760924/gradient-compression-small.csv,0.0008680555555555555,30,0.136963,0.13681825,0.1370665,0.27715149346903906,False,False
gradient-compression,773ccccc257597721840d373c9f3e73e670a8d255c39e3a3e354a1d2571356c3,589824,1,512,0.0,0,bits-sq,8,128,8,output_isolated,/home/jirka/research/2024/bits-knn-jpdc2024/data/application-scaling/bw01-35760924/gradient-compression-small.csv,0.0008680555555555555,30,0.00852,0.00844225,0.0086175,0.9870892018779344,False,False
gradient-compression,773ccccc257597721840d373c9f3e73e670a8d255c39e3a3e354a1d2571356c3,589824,1,512,0.0,0,bits-sq,8,128,8,selection_isolated,/home/jirka/research/2024/bits-knn-jpdc2024/data/application-scaling/bw01-35760924/gradient-compression-small.csv,0.0008680555555555555,30,0.127133,0.12704374999999998,0.1272115,0.21492452785665406,False,False
gradient-compression,773ccccc257597721840d373c9f3e73e670a8d255c39e3a3e354a1d2571356c3,589824,1,512,0.0,0,bits-sq,8,128,8,transform_isolated,/home/jirka/research/2024/bits-knn-jpdc2024/data/application-scaling/bw01-35760924/gradient-compression-small.csv,0.0008680555555555555,30,0.009120000000000001,0.009092499999999998,0.00919675,1.0180921052631577,False,False
gradient-compression,773ccccc257597721840d373c9f3e73e670a8d255c39e3a3e354a1d2571356c3,589824,1,512,0.0,0,bits-sq,8,128,8,upload_shared,/home/jirka/research/2024/bits-knn-jpdc2024/data/application-scaling/bw01-35760924/gradient-compression-small.csv,0.0008680555555555555,1,0.144539,0.144539,0.144539,1.2362614934377574,False,False
gradient-compression,773ccccc257597721840d373c9f3e73e670a8d255c39e3a3e354a1d2571356c3,589824,1,512,0.0,0,bits-sq,8,128,13,download,/home/jirka/research/2024/bits-knn-jpdc2024/data/application-scaling/bw01-35760924/gradient-compression-small.csv,0.0008680555555555555,30,0.009075,0.0084075,0.00919675,0.903030303030303,False,False
gradient-compression,773ccccc257597721840d373c9f3e73e670a8d255c39e3a3e354a1d2571356c3,589824,1,512,0.0,0,bits-sq,8,128,13,operator,/home/jirka/research/2024/bits-knn-jpdc2024/data/application-scaling/bw01-35760924/gradient-compression-small.csv,0.0008680555555555555,30,0.138214,0.13813075,0.13833575,0.2746429449983359,False,False
gradient-compression,773ccccc257597721840d373c9f3e73e670a8d255c39e3a3e354a1d2571356c3,589824,1,512,0.0,0,bits-sq,8,128,13,output_isolated,/home/jirka/research/2024/bits-knn-jpdc2024/data/application-scaling/bw01-35760924/gradient-compression-small.csv,0.0008680555555555555,30,0.008494999999999999,0.008395,0.0085775,0.9899941141848148,False,False
gradient-compression,773ccccc257597721840d373c9f3e73e670a8d255c39e3a3e354a1d2571356c3,589824,1,512,0.0,0,bits-sq,8,128,13,selection_isolated,/home/jirka/research/2024/bits-knn-jpdc2024/data/application-scaling/bw01-35760924/gradient-compression-small.csv,0.0008680555555555555,30,0.128509,0.12843825,0.1285865,0.2126232403956143,False,False
gradient-compression,773ccccc257597721840d373c9f3e73e670a8d255c39e3a3e354a1d2571356c3,589824,1,512,0.0,0,bits-sq,8,128,13,transform_isolated,/home/jirka/research/2024/bits-knn-jpdc2024/data/application-scaling/bw01-35760924/gradient-compression-small.csv,0.0008680555555555555,30,0.009155,0.0091225,0.009225,1.0141998907700709,False,False
gradient-compression,773ccccc257597721840d373c9f3e73e670a8d255c39e3a3e354a1d2571356c3,589824,1,512,0.0,0,bits-sq,8,128,13,upload_shared,/home/jirka/research/2024/bits-knn-jpdc2024/data/application-scaling/bw01-35760924/gradient-compression-small.csv,0.0008680555555555555,1,0.14785800000000002,0.14785800000000002,0.14785800000000002,1.2085108685360277,False,False
gradient-compression,773ccccc257597721840d373c9f3e73e670a8d255c39e3a3e354a1d2571356c3,589824,1,512,0.0,0,bits-sq,8,128,16,download,/home/jirka/research/2024/bits-knn-jpdc2024/data/application-scaling/bw01-35760924/gradient-compression-small.csv,0.0008680555555555555,30,0.008965,0.0089325,0.0090275,0.9141104294478526,False,False
gradient-compression,773ccccc257597721840d373c9f3e73e670a8d255c39e3a3e354a1d2571356c3,589824,1,512,0.0,0,bits-sq,8,128,16,operator,/home/jirka/research/2024/bits-knn-jpdc2024/data/application-scaling/bw01-35760924/gradient-compression-small.csv,0.0008680555555555555,30,0.1404185,0.14030875,0.1405365,0.27033118855421473,False,False
gradient-compression,773ccccc257597721840d373c9f3e73e670a8d255c39e3a3e354a1d2571356c3,589824,1,512,0.0,0,bits-sq,8,128,16,output_isolated,/home/jirka/research/2024/bits-knn-jpdc2024/data/application-scaling/bw01-35760924/gradient-compression-small.csv,0.0008680555555555555,30,0.008434500000000001,0.008372499999999998,0.008531750000000001,0.9970952635010967,False,False
gradient-compression,773ccccc257597721840d373c9f3e73e670a8d255c39e3a3e354a1d2571356c3,589824,1,512,0.0,0,bits-sq,8,128,16,selection_isolated,/home/jirka/research/2024/bits-knn-jpdc2024/data/application-scaling/bw01-35760924/gradient-compression-small.csv,0.0008680555555555555,30,0.13070900000000002,0.13061150000000002,0.13081150000000002,0.20904451874010205,False,False
gradient-compression,773ccccc257597721840d373c9f3e73e670a8d255c39e3a3e354a1d2571356c3,589824,1,512,0.0,0,bits-sq,8,128,16,transform_isolated,/home/jirka/research/2024/bits-knn-jpdc2024/data/application-scaling/bw01-35760924/gradient-compression-small.csv,0.0008680555555555555,30,0.009135,0.00911,0.00918,1.0164203612479474,False,False
gradient-compression,773ccccc257597721840d373c9f3e73e670a8d255c39e3a3e354a1d2571356c3,589824,1,512,0.0,0,bits-sq,8,128,16,upload_shared,/home/jirka/research/2024/bits-knn-jpdc2024/data/application-scaling/bw01-35760924/gradient-compression-small.csv,0.0008680555555555555,1,0.144219,0.144219,0.144219,1.2390045694395329,False,False
gradient-compression,773ccccc257597721840d373c9f3e73e670a8d255c39e3a3e354a1d2571356c3,589824,1,512,0.0,0,bits-sq,8,256,4,download,/home/jirka/research/2024/bits-knn-jpdc2024/data/application-scaling/bw01-35760924/gradient-compression-small.csv,0.0008680555555555555,30,0.00818,0.00813,0.0089375,1.0018337408312958,False,False
gradient-compression,773ccccc257597721840d373c9f3e73e670a8d255c39e3a3e354a1d2571356c3,589824,1,512,0.0,0,bits-sq,8,256,4,operator,/home/jirka/research/2024/bits-knn-jpdc2024/data/application-scaling/bw01-35760924/gradient-compression-small.csv,0.0008680555555555555,30,0.104254,0.104114,0.1043765,0.3641059335852821,False,False
gradient-compression,773ccccc257597721840d373c9f3e73e670a8d255c39e3a3e354a1d2571356c3,589824,1,512,0.0,0,bits-sq,8,256,4,output_isolated,/home/jirka/research/2024/bits-knn-jpdc2024/data/application-scaling/bw01-35760924/gradient-compression-small.csv,0.0008680555555555555,30,0.008450000000000001,0.00837475,0.0085425,0.9952662721893492,False,False
gradient-compression,773ccccc257597721840d373c9f3e73e670a8d255c39e3a3e354a1d2571356c3,589824,1,512,0.0,0,bits-sq,8,256,4,selection_isolated,/home/jirka/research/2024/bits-knn-jpdc2024/data/application-scaling/bw01-35760924/gradient-compression-small.csv,0.0008680555555555555,30,0.09448849999999999,0.09440399999999999,0.0945665,0.28917804812225834,False,False
gradient-compression,773ccccc257597721840d373c9f3e73e670a8d255c39e3a3e354a1d2571356c3,589824,1,512,0.0,0,bits-sq,8,256,4,transform_isolated,/home/jirka/research/2024/bits-knn-jpdc2024/data/application-scaling/bw01-35760924/gradient-compression-small.csv,0.0008680555555555555,30,0.009089999999999999,0.00904,0.0091375,1.0214521452145215,False,False
gradient-compression,773ccccc257597721840d373c9f3e73e670a8d255c39e3a3e354a1d2571356c3,589824,1,512,0.0,0,bits-sq,8,256,4,upload_shared,/home/jirka/research/2024/bits-knn-jpdc2024/data/application-scaling/bw01-35760924/gradient-compression-small.csv,0.0008680555555555555,1,0.142478,0.142478,0.142478,1.2541444995016775,False,False
gradient-compression,773ccccc257597721840d373c9f3e73e670a8d255c39e3a3e354a1d2571356c3,589824,1,512,0.0,0,bits-sq,8,256,7,download,/home/jirka/research/2024/bits-knn-jpdc2024/data/application-scaling/bw01-35760924/gradient-compression-small.csv,0.0008680555555555555,30,0.00898,0.0084325,0.00908575,0.9125835189309576,False,False
gradient-compression,773ccccc257597721840d373c9f3e73e670a8d255c39e3a3e354a1d2571356c3,589824,1,512,0.0,0,bits-sq,8,256,7,operator,/home/jirka/research/2024/bits-knn-jpdc2024/data/application-scaling/bw01-35760924/gradient-compression-small.csv,0.0008680555555555555,30,0.1034135,0.103329,0.1035365,0.36706522842762307,False,False
gradient-compression,773ccccc257597721840d373c9f3e73e670a8d255c39e3a3e354a1d2571356c3,589824,1,512,0.0,0,bits-sq,8,256,7,output_isolated,/home/jirka/research/2024/bits-knn-jpdc2024/data/application-scaling/bw01-35760924/gradient-compression-small.csv,0.0008680555555555555,30,0.00842,0.0083425,0.00852675,0.998812351543943,False,False
gradient-compression,773ccccc257597721840d373c9f3e73e670a8d255c39e3a3e354a1d2571356c3,589824,1,512,0.0,0,bits-sq,8,256,7,selection_isolated,/home/jirka/research/2024/bits-knn-jpdc2024/data/application-scaling/bw01-35760924/gradient-compression-small.csv,0.0008680555555555555,30,0.093699,0.093599,0.09379900000000001,0.2916146383632696,False,False
gradient-compression,773ccccc257597721840d373c9f3e73e670a8d255c39e3a3e354a1d2571356c3,589824,1,512,0.0,0,bits-sq,8,256,7,transform_isolated,/home/jirka/research/2024/bits-knn-jpdc2024/data/application-scaling/bw01-35760924/gradient-compression-small.csv,0.0008680555555555555,30,0.009145,0.00902,0.009259250000000002,1.0153089119737562,False,False
gradient-compression,773ccccc257597721840d373c9f3e73e670a8d255c39e3a3e354a1d2571356c3,589824,1,512,0.0,0,bits-sq,8,256,7,upload_shared,/home/jirka/research/2024/bits-knn-jpdc2024/data/application-scaling/bw01-35760924/gradient-compression-small.csv,0.0008680555555555555,1,0.147879,0.147879,0.147879,1.2083392503330426,False,False
gradient-compression,773ccccc257597721840d373c9f3e73e670a8d255c39e3a3e354a1d2571356c3,589824,1,512,0.0,0,bits-sq,8,256,8,download,/home/jirka/research/2024/bits-knn-jpdc2024/data/application-scaling/bw01-35760924/gradient-compression-small.csv,0.0008680555555555555,30,0.0089845,0.008475,0.00901,0.9121264399799655,False,False
gradient-compression,773ccccc257597721840d373c9f3e73e670a8d255c39e3a3e354a1d2571356c3,589824,1,512,0.0,0,bits-sq,8,256,8,operator,/home/jirka/research/2024/bits-knn-jpdc2024/data/application-scaling/bw01-35760924/gradient-compression-small.csv,0.0008680555555555555,30,0.102274,0.1021615,0.102379,0.37115493673856503,False,False
gradient-compression,773ccccc257597721840d373c9f3e73e670a8d255c39e3a3e354a1d2571356c3,589824,1,512,0.0,0,bits-sq,8,256,8,output_isolated,/home/jirka/research/2024/bits-knn-jpdc2024/data/application-scaling/bw01-35760924/gradient-compression-small.csv,0.0008680555555555555,30,0.008465,0.0084,0.008557500000000001,0.9935026580035441,False,False
gradient-compression,773ccccc257597721840d373c9f3e73e670a8d255c39e3a3e354a1d2571356c3,589824,1,512,0.0,0,bits-sq,8,256,8,selection_isolated,/home/jirka/research/2024/bits-knn-jpdc2024/data/application-scaling/bw01-35760924/gradient-compression-small.csv,0.0008680555555555555,30,0.092584,0.09244150000000001,0.09265899999999999,0.29512658774734296,False,False
gradient-compression,773ccccc257597721840d373c9f3e73e670a8d255c39e3a3e354a1d2571356c3,589824,1,512,0.0,0,bits-sq,8,256,8,transform_isolated,/home/jirka/research/2024/bits-knn-jpdc2024/data/application-scaling/bw01-35760924/gradient-compression-small.csv,0.0008680555555555555,30,0.009120000000000001,0.00903925,0.009221749999999999,1.0180921052631577,False,False
gradient-compression,773ccccc257597721840d373c9f3e73e670a8d255c39e3a3e354a1d2571356c3,589824,1,512,0.0,0,bits-sq,8,256,8,upload_shared,/home/jirka/research/2024/bits-knn-jpdc2024/data/application-scaling/bw01-35760924/gradient-compression-small.csv,0.0008680555555555555,1,0.15096900000000002,0.15096900000000002,0.15096900000000002,1.1836072306235055,False,False
gradient-compression,773ccccc257597721840d373c9f3e73e670a8d255c39e3a3e354a1d2571356c3,589824,1,512,0.0,0,bits-sq,8,256,13,download,/home/jirka/research/2024/bits-knn-jpdc2024/data/application-scaling/bw01-35760924/gradient-compression-small.csv,0.0008680555555555555,30,0.00901,0.00898,0.00907,0.9095449500554937,False,False
gradient-compression,773ccccc257597721840d373c9f3e73e670a8d255c39e3a3e354a1d2571356c3,589824,1,512,0.0,0,bits-sq,8,256,13,operator,/home/jirka/research/2024/bits-knn-jpdc2024/data/application-scaling/bw01-35760924/gradient-compression-small.csv,0.0008680555555555555,30,0.111609,0.11149075,0.11173575,0.3401114605452965,False,False
gradient-compression,773ccccc257597721840d373c9f3e73e670a8d255c39e3a3e354a1d2571356c3,589824,1,512,0.0,0,bits-sq,8,256,13,output_isolated,/home/jirka/research/2024/bits-knn-jpdc2024/data/application-scaling/bw01-35760924/gradient-compression-small.csv,0.0008680555555555555,30,0.008450000000000001,0.008372499999999998,0.008545,0.9952662721893492,False,False
gradient-compression,773ccccc257597721840d373c9f3e73e670a8d255c39e3a3e354a1d2571356c3,589824,1,512,0.0,0,bits-sq,8,256,13,selection_isolated,/home/jirka/research/2024/bits-knn-jpdc2024/data/application-scaling/bw01-35760924/gradient-compression-small.csv,0.0008680555555555555,30,0.101904,0.10179075,0.10202575,0.26813471502590674,False,False
gradient-compression,773ccccc257597721840d373c9f3e73e670a8d255c39e3a3e354a1d2571356c3,589824,1,512,0.0,0,bits-sq,8,256,13,transform_isolated,/home/jirka/research/2024/bits-knn-jpdc2024/data/application-scaling/bw01-35760924/gradient-compression-small.csv,0.0008680555555555555,30,0.0091295,0.00906725,0.00920525,1.0170326962046115,False,False
gradient-compression,773ccccc257597721840d373c9f3e73e670a8d255c39e3a3e354a1d2571356c3,589824,1,512,0.0,0,bits-sq,8,256,13,upload_shared,/home/jirka/research/2024/bits-knn-jpdc2024/data/application-scaling/bw01-35760924/gradient-compression-small.csv,0.0008680555555555555,1,0.148648,0.148648,0.148648,1.2020881545664928,False,False
gradient-compression,773ccccc257597721840d373c9f3e73e670a8d255c39e3a3e354a1d2571356c3,589824,1,512,0.0,0,bits-sq,8,256,16,download,/home/jirka/research/2024/bits-knn-jpdc2024/data/application-scaling/bw01-35760924/gradient-compression-small.csv,0.0008680555555555555,30,0.008975,0.0082125,0.009000000000000001,0.9130919220055709,False,False
gradient-compression,773ccccc257597721840d373c9f3e73e670a8d255c39e3a3e354a1d2571356c3,589824,1,512,0.0,0,bits-sq,8,256,16,operator,/home/jirka/research/2024/bits-knn-jpdc2024/data/application-scaling/bw01-35760924/gradient-compression-small.csv,0.0008680555555555555,30,0.1113685,0.1113015,0.1115015,0.3408459304022233,False,False
gradient-compression,773ccccc257597721840d373c9f3e73e670a8d255c39e3a3e354a1d2571356c3,589824,1,512,0.0,0,bits-sq,8,256,16,output_isolated,/home/jirka/research/2024/bits-knn-jpdc2024/data/application-scaling/bw01-35760924/gradient-compression-small.csv,0.0008680555555555555,30,0.00853,0.008452500000000002,0.008635,0.985932004689332,False,False
gradient-compression,773ccccc257597721840d373c9f3e73e670a8d255c39e3a3e354a1d2571356c3,589824,1,512,0.0,0,bits-sq,8,256,16,selection_isolated,/home/jirka/research/2024/bits-knn-jpdc2024/data/application-scaling/bw01-35760924/gradient-compression-small.csv,0.0008680555555555555,30,0.10166900000000001,0.10161124999999999,0.10181899999999999,0.2687544876019239,False,False
gradient-compression,773ccccc257597721840d373c9f3e73e670a8d255c39e3a3e354a1d2571356c3,589824,1,512,0.0,0,bits-sq,8,256,16,transform_isolated,/home/jirka/research/2024/bits-knn-jpdc2024/data/application-scaling/bw01-35760924/gradient-compression-small.csv,0.0008680555555555555,30,0.009135,0.009062500000000001,0.009242499999999999,1.0164203612479474,False,False
gradient-compression,773ccccc257597721840d373c9f3e73e670a8d255c39e3a3e354a1d2571356c3,589824,1,512,0.0,0,bits-sq,8,256,16,upload_shared,/home/jirka/research/2024/bits-knn-jpdc2024/data/application-scaling/bw01-35760924/gradient-compression-small.csv,0.0008680555555555555,1,0.143578,0.143578,0.143578,1.2445360709858055,False,False
gradient-compression,773ccccc257597721840d373c9f3e73e670a8d255c39e3a3e354a1d2571356c3,589824,1,512,0.0,0,bits-sq,8,512,4,download,/home/jirka/research/2024/bits-knn-jpdc2024/data/application-scaling/bw01-35760924/gradient-compression-small.csv,0.0008680555555555555,30,0.00899,0.008235,0.0090575,0.9115684093437152,False,False
gradient-compression,773ccccc257597721840d373c9f3e73e670a8d255c39e3a3e354a1d2571356c3,589824,1,512,0.0,0,bits-sq,8,512,4,operator,/home/jirka/research/2024/bits-knn-jpdc2024/data/application-scaling/bw01-35760924/gradient-compression-small.csv,0.0008680555555555555,30,0.099849,0.09973649999999999,0.0999265,0.38016905527346295,False,False
gradient-compression,773ccccc257597721840d373c9f3e73e670a8d255c39e3a3e354a1d2571356c3,589824,1,512,0.0,0,bits-sq,8,512,4,output_isolated,/home/jirka/research/2024/bits-knn-jpdc2024/data/application-scaling/bw01-35760924/gradient-compression-small.csv,0.0008680555555555555,30,0.008455,0.008374999999999999,0.008532499999999998,0.9946777054997044,False,False
gradient-compression,773ccccc257597721840d373c9f3e73e670a8d255c39e3a3e354a1d2571356c3,589824,1,512,0.0,0,bits-sq,8,512,4,selection_isolated,/home/jirka/research/2024/bits-knn-jpdc2024/data/application-scaling/bw01-35760924/gradient-compression-small.csv,0.0008680555555555555,30,0.090194,0.09009400000000001,0.09029649999999999,0.30294698095216976,False,False
gradient-compression,773ccccc257597721840d373c9f3e73e670a8d255c39e3a3e354a1d2571356c3,589824,1,512,0.0,0,bits-sq,8,512,4,transform_isolated,/home/jirka/research/2024/bits-knn-jpdc2024/data/application-scaling/bw01-35760924/gradient-compression-small.csv,0.0008680555555555555,30,0.0090995,0.008995,0.0091675,1.0203857354799715,False,False
gradient-compression,773ccccc257597721840d373c9f3e73e670a8d255c39e3a3e354a1d2571356c3,589824,1,512,0.0,0,bits-sq,8,512,4,upload_shared,/home/jirka/research/2024/bits-knn-jpdc2024/data/application-scaling/bw01-35760924/gradient-compression-small.csv,0.0008680555555555555,1,0.146029,0.146029,0.146029,1.223647357716618,False,False
gradient-compression,773ccccc257597721840d373c9f3e73e670a8d255c39e3a3e354a1d2571356c3,589824,1,512,0.0,0,bits-sq,8,512,7,download,/home/jirka/research/2024/bits-knn-jpdc2024/data/application-scaling/bw01-35760924/gradient-compression-small.csv,0.0008680555555555555,30,0.008975,0.008960000000000001,0.0090675,0.9130919220055709,False,False
gradient-compression,773ccccc257597721840d373c9f3e73e670a8d255c39e3a3e354a1d2571356c3,589824,1,512,0.0,0,bits-sq,8,512,7,operator,/home/jirka/research/2024/bits-knn-jpdc2024/data/application-scaling/bw01-35760924/gradient-compression-small.csv,0.0008680555555555555,30,0.1114985,0.1114605,0.111654,0.34044852621335714,False,False
gradient-compression,773ccccc257597721840d373c9f3e73e670a8d255c39e3a3e354a1d2571356c3,589824,1,512,0.0,0,bits-sq,8,512,7,output_isolated,/home/jirka/research/2024/bits-knn-jpdc2024/data/application-scaling/bw01-35760924/gradient-compression-small.csv,0.0008680555555555555,30,0.008455,0.008372499999999998,0.00864675,0.9946777054997044,False,False
gradient-compression,773ccccc257597721840d373c9f3e73e670a8d255c39e3a3e354a1d2571356c3,589824,1,512,0.0,0,bits-sq,8,512,7,selection_isolated,/home/jirka/research/2024/bits-knn-jpdc2024/data/application-scaling/bw01-35760924/gradient-compression-small.csv,0.0008680555555555555,30,0.101869,0.10176125000000001,0.1019465,0.2682268403537877,False,False
gradient-compression,773ccccc257597721840d373c9f3e73e670a8d255c39e3a3e354a1d2571356c3,589824,1,512,0.0,0,bits-sq,8,512,7,transform_isolated,/home/jirka/research/2024/bits-knn-jpdc2024/data/application-scaling/bw01-35760924/gradient-compression-small.csv,0.0008680555555555555,30,0.0091045,0.009062500000000001,0.0091975,1.0198253610851777,False,False
gradient-compression,773ccccc257597721840d373c9f3e73e670a8d255c39e3a3e354a1d2571356c3,589824,1,512,0.0,0,bits-sq,8,512,7,upload_shared,/home/jirka/research/2024/bits-knn-jpdc2024/data/application-scaling/bw01-35760924/gradient-compression-small.csv,0.0008680555555555555,1,0.140088,0.140088,0.140088,1.2755410884586833,False,False
gradient-compression,773ccccc257597721840d373c9f3e73e670a8d255c39e3a3e354a1d2571356c3,589824,1,512,0.0,0,bits-sq,8,512,8,download,/home/jirka/research/2024/bits-knn-jpdc2024/data/application-scaling/bw01-35760924/gradient-compression-small.csv,0.0008680555555555555,30,0.00899,0.008952500000000002,0.00906,0.9115684093437152,False,False
gradient-compression,773ccccc257597721840d373c9f3e73e670a8d255c39e3a3e354a1d2571356c3,589824,1,512,0.0,0,bits-sq,8,512,8,operator,/home/jirka/research/2024/bits-knn-jpdc2024/data/application-scaling/bw01-35760924/gradient-compression-small.csv,0.0008680555555555555,30,0.115274,0.11519375000000001,0.11538875,0.3292980203688603,False,False
gradient-compression,773ccccc257597721840d373c9f3e73e670a8d255c39e3a3e354a1d2571356c3,589824,1,512,0.0,0,bits-sq,8,512,8,output_isolated,/home/jirka/research/2024/bits-knn-jpdc2024/data/application-scaling/bw01-35760924/gradient-compression-small.csv,0.0008680555555555555,30,0.0085,0.00841925,0.008575,0.9894117647058823,False,False
gradient-compression,773ccccc257597721840d373c9f3e73e670a8d255c39e3a3e354a1d2571356c3,589824,1,512,0.0,0,bits-sq,8,512,8,selection_isolated,/home/jirka/research/2024/bits-knn-jpdc2024/data/application-scaling/bw01-35760924/gradient-compression-small.csv,0.0008680555555555555,30,0.105659,0.105519,0.105729,0.25860551396473563,False,False
gradient-compression,773ccccc257597721840d373c9f3e73e670a8d255c39e3a3e354a1d2571356c3,589824,1,512,0.0,0,bits-sq,8,512,8,transform_isolated,/home/jirka/research/2024/bits-knn-jpdc2024/data/application-scaling/bw01-35760924/gradient-compression-small.csv,0.0008680555555555555,30,0.009135,0.009072499999999999,0.00926,1.0164203612479474,False,False
gradient-compression,773ccccc257597721840d373c9f3e73e670a8d255c39e3a3e354a1d2571356c3,589824,1,512,0.0,0,bits-sq,8,512,8,upload_shared,/home/jirka/research/2024/bits-knn-jpdc2024/data/application-scaling/bw01-35760924/gradient-compression-small.csv,0.0008680555555555555,1,0.14491800000000002,0.14491800000000002,0.14491800000000002,1.2330283332643288,False,False
gradient-compression,773ccccc257597721840d373c9f3e73e670a8d255c39e3a3e354a1d2571356c3,589824,1,512,0.0,0,bits-sq,8,512,13,download,/home/jirka/research/2024/bits-knn-jpdc2024/data/application-scaling/bw01-35760924/gradient-compression-small.csv,0.0008680555555555555,30,0.009000000000000001,0.00894975,0.0090475,0.9105555555555553,False,False
gradient-compression,773ccccc257597721840d373c9f3e73e670a8d255c39e3a3e354a1d2571356c3,589824,1,512,0.0,0,bits-sq,8,512,13,operator,/home/jirka/research/2024/bits-knn-jpdc2024/data/application-scaling/bw01-35760924/gradient-compression-small.csv,0.0008680555555555555,30,0.1300435,0.1299615,0.130259,0.2918984801239585,False,False
gradient-compression,773ccccc257597721840d373c9f3e73e670a8d255c39e3a3e354a1d2571356c3,589824,1,512,0.0,0,bits-sq,8,512,13,output_isolated,/home/jirka/research/2024/bits-knn-jpdc2024/data/application-scaling/bw01-35760924/gradient-compression-small.csv,0.0008680555555555555,30,0.00851,0.008422250000000001,0.008625,0.9882491186839014,False,False
gradient-compression,773ccccc257597721840d373c9f3e73e670a8d255c39e3a3e354a1d2571356c3,589824,1,512,0.0,0,bits-sq,8,512,13,selection_isolated,/home/jirka/research/2024/bits-knn-jpdc2024/data/application-scaling/bw01-35760924/gradient-compression-small.csv,0.0008680555555555555,30,0.1202335,0.12016075000000001,0.12044125,0.2272577942087688,False,False
gradient-compression,773ccccc257597721840d373c9f3e73e670a8d255c39e3a3e354a1d2571356c3,589824,1,512,0.0,0,bits-sq,8,512,13,transform_isolated,/home/jirka/research/2024/bits-knn-jpdc2024/data/application-scaling/bw01-35760924/gradient-compression-small.csv,0.0008680555555555555,30,0.009135,0.009042499999999998,0.0091975,1.0164203612479474,False,False
gradient-compression,773ccccc257597721840d373c9f3e73e670a8d255c39e3a3e354a1d2571356c3,589824,1,512,0.0,0,bits-sq,8,512,13,upload_shared,/home/jirka/research/2024/bits-knn-jpdc2024/data/application-scaling/bw01-35760924/gradient-compression-small.csv,0.0008680555555555555,1,0.147919,0.147919,0.147919,1.208012493324049,False,False
gradient-compression,773ccccc257597721840d373c9f3e73e670a8d255c39e3a3e354a1d2571356c3,589824,1,512,0.0,0,bits-sq,8,512,16,download,/home/jirka/research/2024/bits-knn-jpdc2024/data/application-scaling/bw01-35760924/gradient-compression-small.csv,0.0008680555555555555,30,0.008985,0.00838,0.00904575,0.9120756816917083,False,False
gradient-compression,773ccccc257597721840d373c9f3e73e670a8d255c39e3a3e354a1d2571356c3,589824,1,512,0.0,0,bits-sq,8,512,16,operator,/home/jirka/research/2024/bits-knn-jpdc2024/data/application-scaling/bw01-35760924/gradient-compression-small.csv,0.0008680555555555555,30,0.1397135,0.13956825,0.1399165,0.2716952907199376,False,False
gradient-compression,773ccccc257597721840d373c9f3e73e670a8d255c39e3a3e354a1d2571356c3,589824,1,512,0.0,0,bits-sq,8,512,16,output_isolated,/home/jirka/research/2024/bits-knn-jpdc2024/data/application-scaling/bw01-35760924/gradient-compression-small.csv,0.0008680555555555555,30,0.0084655,0.00839,0.00856,0.9934439785009745,False,False
gradient-compression,773ccccc257597721840d373c9f3e73e670a8d255c39e3a3e354a1d2571356c3,589824,1,512,0.0,0,bits-sq,8,512,16,selection_isolated,/home/jirka/research/2024/bits-knn-jpdc2024/data/application-scaling/bw01-35760924/gradient-compression-small.csv,0.0008680555555555555,30,0.1299385,0.12985125,0.130089,0.2102840959376936,False,False
gradient-compression,773ccccc257597721840d373c9f3e73e670a8d255c39e3a3e354a1d2571356c3,589824,1,512,0.0,0,bits-sq,8,512,16,transform_isolated,/home/jirka/research/2024/bits-knn-jpdc2024/data/application-scaling/bw01-35760924/gradient-compression-small.csv,0.0008680555555555555,30,0.009170000000000001,0.0091425,0.00924675,1.0125408942202834,False,False
gradient-compression,773ccccc257597721840d373c9f3e73e670a8d255c39e3a3e354a1d2571356c3,589824,1,512,0.0,0,bits-sq,8,512,16,upload_shared,/home/jirka/research/2024/bits-knn-jpdc2024/data/application-scaling/bw01-35760924/gradient-compression-small.csv,0.0008680555555555555,1,0.178688,0.178688,0.178688,1.0,False,False
gradient-compression,773ccccc257597721840d373c9f3e73e670a8d255c39e3a3e354a1d2571356c3,589824,1,512,0.0,0,bits-sq,32,128,4,download,/home/jirka/research/2024/bits-knn-jpdc2024/data/application-scaling/bw01-35760924/gradient-compression-small.csv,0.0008680555555555555,30,0.008950000000000001,0.008252500000000001,0.0089875,0.9156424581005584,False,False
gradient-compression,773ccccc257597721840d373c9f3e73e670a8d255c39e3a3e354a1d2571356c3,589824,1,512,0.0,0,bits-sq,32,128,4,operator,/home/jirka/research/2024/bits-knn-jpdc2024/data/application-scaling/bw01-35760924/gradient-compression-small.csv,0.0008680555555555555,30,0.10767850000000001,0.10749875,0.10782649999999999,0.3525262703325176,False,False
gradient-compression,773ccccc257597721840d373c9f3e73e670a8d255c39e3a3e354a1d2571356c3,589824,1,512,0.0,0,bits-sq,32,128,4,output_isolated,/home/jirka/research/2024/bits-knn-jpdc2024/data/application-scaling/bw01-35760924/gradient-compression-small.csv,0.0008680555555555555,30,0.00846,0.008352499999999999,0.008567499999999999,0.9940898345153665,False,False
gradient-compression,773ccccc257597721840d373c9f3e73e670a8d255c39e3a3e354a1d2571356c3,589824,1,512,0.0,0,bits-sq,32,128,4,selection_isolated,/home/jirka/research/2024/bits-knn-jpdc2024/data/application-scaling/bw01-35760924/gradient-compression-small.csv,0.0008680555555555555,30,0.0979785,0.097744,0.09812399999999999,0.2788775088412254,False,False
gradient-compression,773ccccc257597721840d373c9f3e73e670a8d255c39e3a3e354a1d2571356c3,589824,1,512,0.0,0,bits-sq,32,128,4,transform_isolated,/home/jirka/research/2024/bits-knn-jpdc2024/data/application-scaling/bw01-35760924/gradient-compression-small.csv,0.0008680555555555555,30,0.009130000000000001,0.0090125,0.009195,1.0169769989047097,False,False
gradient-compression,773ccccc257597721840d373c9f3e73e670a8d255c39e3a3e354a1d2571356c3,589824,1,512,0.0,0,bits-sq,32,128,4,upload_shared,/home/jirka/research/2024/bits-knn-jpdc2024/data/application-scaling/bw01-35760924/gradient-compression-small.csv,0.0008680555555555555,1,0.15773800000000002,0.15773800000000002,0.15773800000000002,1.1328151745299166,False,False
gradient-compression,773ccccc257597721840d373c9f3e73e670a8d255c39e3a3e354a1d2571356c3,589824,1,512,0.0,0,bits-sq,32,128,7,download,/home/jirka/research/2024/bits-knn-jpdc2024/data/application-scaling/bw01-35760924/gradient-compression-small.csv,0.0008680555555555555,30,0.00908,0.00898,0.00919,0.902533039647577,False,False
gradient-compression,773ccccc257597721840d373c9f3e73e670a8d255c39e3a3e354a1d2571356c3,589824,1,512,0.0,0,bits-sq,32,128,7,operator,/home/jirka/research/2024/bits-knn-jpdc2024/data/application-scaling/bw01-35760924/gradient-compression-small.csv,0.0008680555555555555,30,0.103824,0.103654,0.10395325,0.3656139235629527,False,False
gradient-compression,773ccccc257597721840d373c9f3e73e670a8d255c39e3a3e354a1d2571356c3,589824,1,512,0.0,0,bits-sq,32,128,7,output_isolated,/home/jirka/research/2024/bits-knn-jpdc2024/data/application-scaling/bw01-35760924/gradient-compression-small.csv,0.0008680555555555555,30,0.008515,0.008427500000000001,0.008597500000000001,0.9876688197298885,False,False
gradient-compression,773ccccc257597721840d373c9f3e73e670a8d255c39e3a3e354a1d2571356c3,589824,1,512,0.0,0,bits-sq,32,128,7,selection_isolated,/home/jirka/research/2024/bits-knn-jpdc2024/data/application-scaling/bw01-35760924/gradient-compression-small.csv,0.0008680555555555555,30,0.094224,0.09407900000000001,0.09436649999999999,0.2899898115129903,False,False
gradient-compression,773ccccc257597721840d373c9f3e73e670a8d255c39e3a3e354a1d2571356c3,589824,1,512,0.0,0,bits-sq,32,128,7,transform_isolated,/home/jirka/research/2024/bits-knn-jpdc2024/data/application-scaling/bw01-35760924/gradient-compression-small.csv,0.0008680555555555555,30,0.0091045,0.009054999999999999,0.009157249999999999,1.0198253610851777,False,False
gradient-compression,773ccccc257597721840d373c9f3e73e670a8d255c39e3a3e354a1d2571356c3,589824,1,512,0.0,0,bits-sq,32,128,7,upload_shared,/home/jirka/research/2024/bits-knn-jpdc2024/data/application-scaling/bw01-35760924/gradient-compression-small.csv,0.0008680555555555555,1,0.141118,0.141118,0.141118,1.2662310973794981,False,False
gradient-compression,773ccccc257597721840d373c9f3e73e670a8d255c39e3a3e354a1d2571356c3,589824,1,512,0.0,0,bits-sq,32,128,8,download,/home/jirka/research/2024/bits-knn-jpdc2024/data/application-scaling/bw01-35760924/gradient-compression-small.csv,0.0008680555555555555,30,0.00898,0.0089425,0.0090475,0.9125835189309576,False,False
gradient-compression,773ccccc257597721840d373c9f3e73e670a8d255c39e3a3e354a1d2571356c3,589824,1,512,0.0,0,bits-sq,32,128,8,operator,/home/jirka/research/2024/bits-knn-jpdc2024/data/application-scaling/bw01-35760924/gradient-compression-small.csv,0.0008680555555555555,30,0.1039785,0.10387650000000001,0.10402875,0.3650706636468116,False,False
gradient-compression,773ccccc257597721840d373c9f3e73e670a8d255c39e3a3e354a1d2571356c3,589824,1,512,0.0,0,bits-sq,32,128,8,output_isolated,/home/jirka/research/2024/bits-knn-jpdc2024/data/application-scaling/bw01-35760924/gradient-compression-small.csv,0.0008680555555555555,30,0.00846,0.008362499999999998,0.008567499999999999,0.9940898345153665,False,False
gradient-compression,773ccccc257597721840d373c9f3e73e670a8d255c39e3a3e354a1d2571356c3,589824,1,512,0.0,0,bits-sq,32,128,8,selection_isolated,/home/jirka/research/2024/bits-knn-jpdc2024/data/application-scaling/bw01-35760924/gradient-compression-small.csv,0.0008680555555555555,30,0.09421399999999999,0.09414075,0.09437649999999999,0.2900205914195343,False,False
gradient-compression,773ccccc257597721840d373c9f3e73e670a8d255c39e3a3e354a1d2571356c3,589824,1,512,0.0,0,bits-sq,32,128,8,transform_isolated,/home/jirka/research/2024/bits-knn-jpdc2024/data/application-scaling/bw01-35760924/gradient-compression-small.csv,0.0008680555555555555,30,0.009135500000000001,0.0090825,0.0092175,1.0163647309944719,False,False
gradient-compression,773ccccc257597721840d373c9f3e73e670a8d255c39e3a3e354a1d2571356c3,589824,1,512,0.0,0,bits-sq,32,128,8,upload_shared,/home/jirka/research/2024/bits-knn-jpdc2024/data/application-scaling/bw01-35760924/gradient-compression-small.csv,0.0008680555555555555,1,0.152948,0.152948,0.152948,1.168292491565761,False,False
gradient-compression,773ccccc257597721840d373c9f3e73e670a8d255c39e3a3e354a1d2571356c3,589824,1,512,0.0,0,bits-sq,32,128,13,download,/home/jirka/research/2024/bits-knn-jpdc2024/data/application-scaling/bw01-35760924/gradient-compression-small.csv,0.0008680555555555555,30,0.00898,0.00897,0.009035,0.9125835189309576,False,False
gradient-compression,773ccccc257597721840d373c9f3e73e670a8d255c39e3a3e354a1d2571356c3,589824,1,512,0.0,0,bits-sq,32,128,13,operator,/home/jirka/research/2024/bits-knn-jpdc2024/data/application-scaling/bw01-35760924/gradient-compression-small.csv,0.0008680555555555555,30,0.107709,0.1075615,0.10780400000000001,0.35242644532954537,False,False
gradient-compression,773ccccc257597721840d373c9f3e73e670a8d255c39e3a3e354a1d2571356c3,589824,1,512,0.0,0,bits-sq,32,128,13,output_isolated,/home/jirka/research/2024/bits-knn-jpdc2024/data/application-scaling/bw01-35760924/gradient-compression-small.csv,0.0008680555555555555,30,0.008455,0.0084025,0.00852525,0.9946777054997044,False,False
gradient-compression,773ccccc257597721840d373c9f3e73e670a8d255c39e3a3e354a1d2571356c3,589824,1,512,0.0,0,bits-sq,32,128,13,selection_isolated,/home/jirka/research/2024/bits-knn-jpdc2024/data/application-scaling/bw01-35760924/gradient-compression-small.csv,0.0008680555555555555,30,0.098029,0.09785150000000001,0.09812874999999999,0.2787338440665517,False,False
gradient-compression,773ccccc257597721840d373c9f3e73e670a8d255c39e3a3e354a1d2571356c3,589824,1,512,0.0,0,bits-sq,32,128,13,transform_isolated,/home/jirka/research/2024/bits-knn-jpdc2024/data/application-scaling/bw01-35760924/gradient-compression-small.csv,0.0008680555555555555,30,0.009104999999999999,0.009042499999999998,0.00916,1.0197693574958815,False,False
gradient-compression,773ccccc257597721840d373c9f3e73e670a8d255c39e3a3e354a1d2571356c3,589824,1,512,0.0,0,bits-sq,32,128,13,upload_shared,/home/jirka/research/2024/bits-knn-jpdc2024/data/application-scaling/bw01-35760924/gradient-compression-small.csv,0.0008680555555555555,1,0.14347900000000002,0.14347900000000002,0.14347900000000002,1.2453947964510486,False,False
gradient-compression,773ccccc257597721840d373c9f3e73e670a8d255c39e3a3e354a1d2571356c3,589824,1,512,0.0,0,bits-sq,32,128,16,download,/home/jirka/research/2024/bits-knn-jpdc2024/data/application-scaling/bw01-35760924/gradient-compression-small.csv,0.0008680555555555555,30,0.0089345,0.008753999999999998,0.008960000000000001,0.9172309586434607,False,False
gradient-compression,773ccccc257597721840d373c9f3e73e670a8d255c39e3a3e354a1d2571356c3,589824,1,512,0.0,0,bits-sq,32,128,16,operator,/home/jirka/research/2024/bits-knn-jpdc2024/data/application-scaling/bw01-35760924/gradient-compression-small.csv,0.0008680555555555555,30,0.109424,0.10930825,0.10959825000000001,0.34690287322708,False,False
gradient-compression,773ccccc257597721840d373c9f3e73e670a8d255c39e3a3e354a1d2571356c3,589824,1,512,0.0,0,bits-sq,32,128,16,output_isolated,/home/jirka/research/2024/bits-knn-jpdc2024/data/application-scaling/bw01-35760924/gradient-compression-small.csv,0.0008680555555555555,30,0.00852,0.008457250000000001,0.008585,0.9870892018779344,False,False
gradient-compression,773ccccc257597721840d373c9f3e73e670a8d255c39e3a3e354a1d2571356c3,589824,1,512,0.0,0,bits-sq,32,128,16,selection_isolated,/home/jirka/research/2024/bits-knn-jpdc2024/data/application-scaling/bw01-35760924/gradient-compression-small.csv,0.0008680555555555555,30,0.099734,0.09960650000000001,0.099819,0.2739687568933363,False,False
gradient-compression,773ccccc257597721840d373c9f3e73e670a8d255c39e3a3e354a1d2571356c3,589824,1,512,0.0,0,bits-sq,32,128,16,transform_isolated,/home/jirka/research/2024/bits-knn-jpdc2024/data/application-scaling/bw01-35760924/gradient-compression-small.csv,0.0008680555555555555,30,0.0090895,0.009062500000000001,0.009136749999999999,1.0215083337917377,False,False
gradient-compression,773ccccc257597721840d373c9f3e73e670a8d255c39e3a3e354a1d2571356c3,589824,1,512,0.0,0,bits-sq,32,128,16,upload_shared,/home/jirka/research/2024/bits-knn-jpdc2024/data/application-scaling/bw01-35760924/gradient-compression-small.csv,0.0008680555555555555,1,0.149178,0.149178,0.149178,1.1978173725348242,False,False
gradient-compression,773ccccc257597721840d373c9f3e73e670a8d255c39e3a3e354a1d2571356c3,589824,1,512,0.0,0,bits-sq,32,256,4,download,/home/jirka/research/2024/bits-knn-jpdc2024/data/application-scaling/bw01-35760924/gradient-compression-small.csv,0.0008680555555555555,30,0.00899,0.00897025,0.009049999999999999,0.9115684093437152,False,False
gradient-compression,773ccccc257597721840d373c9f3e73e670a8d255c39e3a3e354a1d2571356c3,589824,1,512,0.0,0,bits-sq,32,256,4,operator,/home/jirka/research/2024/bits-knn-jpdc2024/data/application-scaling/bw01-35760924/gradient-compression-small.csv,0.0008680555555555555,30,0.08386900000000001,0.083839,0.0840265,0.45260465726311266,False,False
gradient-compression,773ccccc257597721840d373c9f3e73e670a8d255c39e3a3e354a1d2571356c3,589824,1,512,0.0,0,bits-sq,32,256,4,output_isolated,/home/jirka/research/2024/bits-knn-jpdc2024/data/application-scaling/bw01-35760924/gradient-compression-small.csv,0.0008680555555555555,30,0.00852,0.0084425,0.00859775,0.9870892018779344,False,False
gradient-compression,773ccccc257597721840d373c9f3e73e670a8d255c39e3a3e354a1d2571356c3,589824,1,512,0.0,0,bits-sq,32,256,4,selection_isolated,/home/jirka/research/2024/bits-knn-jpdc2024/data/application-scaling/bw01-35760924/gradient-compression-small.csv,0.0008680555555555555,30,0.074179,0.07407224999999999,0.07426150000000001,0.3683522290675259,False,False
gradient-compression,773ccccc257597721840d373c9f3e73e670a8d255c39e3a3e354a1d2571356c3,589824,1,512,0.0,0,bits-sq,32,256,4,transform_isolated,/home/jirka/research/2024/bits-knn-jpdc2024/data/application-scaling/bw01-35760924/gradient-compression-small.csv,0.0008680555555555555,30,0.009159500000000001,0.0091025,0.00919975,1.0137016212675363,False,False
gradient-compression,773ccccc257597721840d373c9f3e73e670a8d255c39e3a3e354a1d2571356c3,589824,1,512,0.0,0,bits-sq,32,256,4,upload_shared,/home/jirka/research/2024/bits-knn-jpdc2024/data/application-scaling/bw01-35760924/gradient-compression-small.csv,0.0008680555555555555,1,0.149398,0.149398,0.149398,1.1960534946920307,False,False
gradient-compression,773ccccc257597721840d373c9f3e73e670a8d255c39e3a3e354a1d2571356c3,589824,1,512,0.0,0,bits-sq,32,256,7,download,/home/jirka/research/2024/bits-knn-jpdc2024/data/application-scaling/bw01-35760924/gradient-compression-small.csv,0.0008680555555555555,30,0.008995,0.008972500000000001,0.0090675,0.9110617009449694,True,False
gradient-compression,773ccccc257597721840d373c9f3e73e670a8d255c39e3a3e354a1d2571356c3,589824,1,512,0.0,0,bits-sq,32,256,7,operator,/home/jirka/research/2024/bits-knn-jpdc2024/data/application-scaling/bw01-35760924/gradient-compression-small.csv,0.0008680555555555555,30,0.08377899999999999,0.08371075,0.083894,0.45309087002709514,True,False
gradient-compression,773ccccc257597721840d373c9f3e73e670a8d255c39e3a3e354a1d2571356c3,589824,1,512,0.0,0,bits-sq,32,256,7,output_isolated,/home/jirka/research/2024/bits-knn-jpdc2024/data/application-scaling/bw01-35760924/gradient-compression-small.csv,0.0008680555555555555,30,0.008450000000000001,0.0083675,0.00851975,0.9952662721893492,True,False
gradient-compression,773ccccc257597721840d373c9f3e73e670a8d255c39e3a3e354a1d2571356c3,589824,1,512,0.0,0,bits-sq,32,256,7,selection_isolated,/home/jirka/research/2024/bits-knn-jpdc2024/data/application-scaling/bw01-35760924/gradient-compression-small.csv,0.0008680555555555555,30,0.07410900000000001,0.07402500000000001,0.0742265,0.36870015787556165,True,False
gradient-compression,773ccccc257597721840d373c9f3e73e670a8d255c39e3a3e354a1d2571356c3,589824,1,512,0.0,0,bits-sq,32,256,7,transform_isolated,/home/jirka/research/2024/bits-knn-jpdc2024/data/application-scaling/bw01-35760924/gradient-compression-small.csv,0.0008680555555555555,30,0.00914,0.009067500000000001,0.0092775,1.0158643326039387,True,False
gradient-compression,773ccccc257597721840d373c9f3e73e670a8d255c39e3a3e354a1d2571356c3,589824,1,512,0.0,0,bits-sq,32,256,7,upload_shared,/home/jirka/research/2024/bits-knn-jpdc2024/data/application-scaling/bw01-35760924/gradient-compression-small.csv,0.0008680555555555555,1,0.148088,0.148088,0.148088,1.2066338933607046,True,False
gradient-compression,773ccccc257597721840d373c9f3e73e670a8d255c39e3a3e354a1d2571356c3,589824,1,512,0.0,0,bits-sq,32,256,8,download,/home/jirka/research/2024/bits-knn-jpdc2024/data/application-scaling/bw01-35760924/gradient-compression-small.csv,0.0008680555555555555,30,0.008975,0.008934999999999998,0.009000000000000001,0.9130919220055709,False,False
gradient-compression,773ccccc257597721840d373c9f3e73e670a8d255c39e3a3e354a1d2571356c3,589824,1,512,0.0,0,bits-sq,32,256,8,operator,/home/jirka/research/2024/bits-knn-jpdc2024/data/application-scaling/bw01-35760924/gradient-compression-small.csv,0.0008680555555555555,30,0.0860495,0.0859415,0.08616875,0.44113562542490076,False,False
gradient-compression,773ccccc257597721840d373c9f3e73e670a8d255c39e3a3e354a1d2571356c3,589824,1,512,0.0,0,bits-sq,32,256,8,output_isolated,/home/jirka/research/2024/bits-knn-jpdc2024/data/application-scaling/bw01-35760924/gradient-compression-small.csv,0.0008680555555555555,30,0.00841,0.0083125,0.008477499999999999,1.0,False,False
gradient-compression,773ccccc257597721840d373c9f3e73e670a8d255c39e3a3e354a1d2571356c3,589824,1,512,0.0,0,bits-sq,32,256,8,selection_isolated,/home/jirka/research/2024/bits-knn-jpdc2024/data/application-scaling/bw01-35760924/gradient-compression-small.csv,0.0008680555555555555,30,0.076419,0.07637175,0.07650175000000001,0.3575550582970204,False,False
gradient-compression,773ccccc257597721840d373c9f3e73e670a8d255c39e3a3e354a1d2571356c3,589824,1,512,0.0,0,bits-sq,32,256,8,transform_isolated,/home/jirka/research/2024/bits-knn-jpdc2024/data/application-scaling/bw01-35760924/gradient-compression-small.csv,0.0008680555555555555,30,0.009145,0.009049999999999999,0.0091975,1.0153089119737562,False,False
gradient-compression,773ccccc257597721840d373c9f3e73e670a8d255c39e3a3e354a1d2571356c3,589824,1,512,0.0,0,bits-sq,32,256,8,upload_shared,/home/jirka/research/2024/bits-knn-jpdc2024/data/application-scaling/bw01-35760924/gradient-compression-small.csv,0.0008680555555555555,1,0.147639,0.147639,0.147639,1.2103035105900204,False,False
gradient-compression,773ccccc257597721840d373c9f3e73e670a8d255c39e3a3e354a1d2571356c3,589824,1,512,0.0,0,bits-sq,32,256,13,download,/home/jirka/research/2024/bits-knn-jpdc2024/data/application-scaling/bw01-35760924/gradient-compression-small.csv,0.0008680555555555555,30,0.009049499999999999,0.008972500000000001,0.00908,0.9055748936405327,False,False
gradient-compression,773ccccc257597721840d373c9f3e73e670a8d255c39e3a3e354a1d2571356c3,589824,1,512,0.0,0,bits-sq,32,256,13,operator,/home/jirka/research/2024/bits-knn-jpdc2024/data/application-scaling/bw01-35760924/gradient-compression-small.csv,0.0008680555555555555,30,0.0965885,0.09638925000000001,0.096709,0.39300227252726777,False,False
gradient-compression,773ccccc257597721840d373c9f3e73e670a8d255c39e3a3e354a1d2571356c3,589824,1,512,0.0,0,bits-sq,32,256,13,output_isolated,/home/jirka/research/2024/bits-knn-jpdc2024/data/application-scaling/bw01-35760924/gradient-compression-small.csv,0.0008680555555555555,30,0.0084005,0.00833225,0.00852,1.0011308850663652,False,False
gradient-compression,773ccccc257597721840d373c9f3e73e670a8d255c39e3a3e354a1d2571356c3,589824,1,512,0.0,0,bits-sq,32,256,13,selection_isolated,/home/jirka/research/2024/bits-knn-jpdc2024/data/application-scaling/bw01-35760924/gradient-compression-small.csv,0.0008680555555555555,30,0.086864,0.08667224999999999,0.08697674999999999,0.31456069257690183,False,False
gradient-compression,773ccccc257597721840d373c9f3e73e670a8d255c39e3a3e354a1d2571356c3,589824,1,512,0.0,0,bits-sq,32,256,13,transform_isolated,/home/jirka/research/2024/bits-knn-jpdc2024/data/application-scaling/bw01-35760924/gradient-compression-small.csv,0.0008680555555555555,30,0.009075,0.00898425,0.009120000000000001,1.0231404958677686,False,False
gradient-compression,773ccccc257597721840d373c9f3e73e670a8d255c39e3a3e354a1d2571356c3,589824,1,512,0.0,0,bits-sq,32,256,13,upload_shared,/home/jirka/research/2024/bits-knn-jpdc2024/data/application-scaling/bw01-35760924/gradient-compression-small.csv,0.0008680555555555555,1,0.141099,0.141099,0.141099,1.266401604547162,False,False
gradient-compression,773ccccc257597721840d373c9f3e73e670a8d255c39e3a3e354a1d2571356c3,589824,1,512,0.0,0,bits-sq,32,256,16,download,/home/jirka/research/2024/bits-knn-jpdc2024/data/application-scaling/bw01-35760924/gradient-compression-small.csv,0.0008680555555555555,30,0.0089845,0.008950000000000001,0.00900675,0.9121264399799655,False,False
gradient-compression,773ccccc257597721840d373c9f3e73e670a8d255c39e3a3e354a1d2571356c3,589824,1,512,0.0,0,bits-sq,32,256,16,operator,/home/jirka/research/2024/bits-knn-jpdc2024/data/application-scaling/bw01-35760924/gradient-compression-small.csv,0.0008680555555555555,30,0.098509,0.098329,0.09859899999999999,0.3853404257479012,False,False
gradient-compression,773ccccc257597721840d373c9f3e73e670a8d255c39e3a3e354a1d2571356c3,589824,1,512,0.0,0,bits-sq,32,256,16,output_isolated,/home/jirka/research/2024/bits-knn-jpdc2024/data/application-scaling/bw01-35760924/gradient-compression-small.csv,0.0008680555555555555,30,0.008485,0.0084325,0.008539999999999999,0.9911608721272835,False,False
gradient-compression,773ccccc257597721840d373c9f3e73e670a8d255c39e3a3e354a1d2571356c3,589824,1,512,0.0,0,bits-sq,32,256,16,selection_isolated,/home/jirka/research/2024/bits-knn-jpdc2024/data/application-scaling/bw01-35760924/gradient-compression-small.csv,0.0008680555555555555,30,0.088709,0.08856149999999999,0.088829,0.3080183521401436,False,False
gradient-compression,773ccccc257597721840d373c9f3e73e670a8d255c39e3a3e354a1d2571356c3,589824,1,512,0.0,0,bits-sq,32,256,16,transform_isolated,/home/jirka/research/2024/bits-knn-jpdc2024/data/application-scaling/bw01-35760924/gradient-compression-small.csv,0.0008680555555555555,30,0.00914,0.00907,0.00919,1.0158643326039387,False,False
gradient-compression,773ccccc257597721840d373c9f3e73e670a8d255c39e3a3e354a1d2571356c3,589824,1,512,0.0,0,bits-sq,32,256,16,upload_shared,/home/jirka/research/2024/bits-knn-jpdc2024/data/application-scaling/bw01-35760924/gradient-compression-small.csv,0.0008680555555555555,1,0.141409,0.141409,0.141409,1.2636253703795375,False,False
gradient-compression,773ccccc257597721840d373c9f3e73e670a8d255c39e3a3e354a1d2571356c3,589824,1,512,0.0,0,bits-sq,32,512,4,download,/home/jirka/research/2024/bits-knn-jpdc2024/data/application-scaling/bw01-35760924/gradient-compression-small.csv,0.0008680555555555555,30,0.009000000000000001,0.008362499999999998,0.00902,0.9105555555555553,False,True
gradient-compression,773ccccc257597721840d373c9f3e73e670a8d255c39e3a3e354a1d2571356c3,589824,1,512,0.0,0,bits-sq,32,512,4,operator,/home/jirka/research/2024/bits-knn-jpdc2024/data/application-scaling/bw01-35760924/gradient-compression-small.csv,0.0008680555555555555,30,0.090514,0.090399,0.09068649999999999,0.419377112932806,False,True
gradient-compression,773ccccc257597721840d373c9f3e73e670a8d255c39e3a3e354a1d2571356c3,589824,1,512,0.0,0,bits-sq,32,512,4,output_isolated,/home/jirka/research/2024/bits-knn-jpdc2024/data/application-scaling/bw01-35760924/gradient-compression-small.csv,0.0008680555555555555,30,0.008465,0.00839225,0.0085775,0.9935026580035441,False,True
gradient-compression,773ccccc257597721840d373c9f3e73e670a8d255c39e3a3e354a1d2571356c3,589824,1,512,0.0,0,bits-sq,32,512,4,selection_isolated,/home/jirka/research/2024/bits-knn-jpdc2024/data/application-scaling/bw01-35760924/gradient-compression-small.csv,0.0008680555555555555,30,0.08084450000000001,0.0807465,0.0809765,0.337982175658208,False,True
gradient-compression,773ccccc257597721840d373c9f3e73e670a8d255c39e3a3e354a1d2571356c3,589824,1,512,0.0,0,bits-sq,32,512,4,transform_isolated,/home/jirka/research/2024/bits-knn-jpdc2024/data/application-scaling/bw01-35760924/gradient-compression-small.csv,0.0008680555555555555,30,0.009125000000000001,0.00902475,0.009195,1.0175342465753423,False,True
gradient-compression,773ccccc257597721840d373c9f3e73e670a8d255c39e3a3e354a1d2571356c3,589824,1,512,0.0,0,bits-sq,32,512,4,upload_shared,/home/jirka/research/2024/bits-knn-jpdc2024/data/application-scaling/bw01-35760924/gradient-compression-small.csv,0.0008680555555555555,1,0.150309,0.150309,0.150309,1.1888043962770027,False,True
gradient-compression,773ccccc257597721840d373c9f3e73e670a8d255c39e3a3e354a1d2571356c3,589824,1,512,0.0,0,bits-sq,32,512,7,download,/home/jirka/research/2024/bits-knn-jpdc2024/data/application-scaling/bw01-35760924/gradient-compression-small.csv,0.0008680555555555555,30,0.008950000000000001,0.008145,0.00898,0.9156424581005584,False,False
gradient-compression,773ccccc257597721840d373c9f3e73e670a8d255c39e3a3e354a1d2571356c3,589824,1,512,0.0,0,bits-sq,32,512,7,operator,/home/jirka/research/2024/bits-knn-jpdc2024/data/application-scaling/bw01-35760924/gradient-compression-small.csv,0.0008680555555555555,30,0.103864,0.10370625,0.1039965,0.3654731186936764,False,False
gradient-compression,773ccccc257597721840d373c9f3e73e670a8d255c39e3a3e354a1d2571356c3,589824,1,512,0.0,0,bits-sq,32,512,7,output_isolated,/home/jirka/research/2024/bits-knn-jpdc2024/data/application-scaling/bw01-35760924/gradient-compression-small.csv,0.0008680555555555555,30,0.0084895,0.008337500000000001,0.00857725,0.9906354909005242,False,False
gradient-compression,773ccccc257597721840d373c9f3e73e670a8d255c39e3a3e354a1d2571356c3,589824,1,512,0.0,0,bits-sq,32,512,7,selection_isolated,/home/jirka/research/2024/bits-knn-jpdc2024/data/application-scaling/bw01-35760924/gradient-compression-small.csv,0.0008680555555555555,30,0.094154,0.09399400000000001,0.09432474999999998,0.2902054081610978,False,False
gradient-compression,773ccccc257597721840d373c9f3e73e670a8d255c39e3a3e354a1d2571356c3,589824,1,512,0.0,0,bits-sq,32,512,7,transform_isolated,/home/jirka/research/2024/bits-knn-jpdc2024/data/application-scaling/bw01-35760924/gradient-compression-small.csv,0.0008680555555555555,30,0.009100500000000001,0.00906,0.009177500000000002,1.0202736113400361,False,False
gradient-compression,773ccccc257597721840d373c9f3e73e670a8d255c39e3a3e354a1d2571356c3,589824,1,512,0.0,0,bits-sq,32,512,7,upload_shared,/home/jirka/research/2024/bits-knn-jpdc2024/data/application-scaling/bw01-35760924/gradient-compression-small.csv,0.0008680555555555555,1,0.138049,0.138049,0.138049,1.2943809806662852,False,False
gradient-compression,773ccccc257597721840d373c9f3e73e670a8d255c39e3a3e354a1d2571356c3,589824,1,512,0.0,0,bits-sq,32,512,8,download,/home/jirka/research/2024/bits-knn-jpdc2024/data/application-scaling/bw01-35760924/gradient-compression-small.csv,0.0008680555555555555,30,0.009000000000000001,0.0089625,0.00907,0.9105555555555553,False,False
gradient-compression,773ccccc257597721840d373c9f3e73e670a8d255c39e3a3e354a1d2571356c3,589824,1,512,0.0,0,bits-sq,32,512,8,operator,/home/jirka/research/2024/bits-knn-jpdc2024/data/application-scaling/bw01-35760924/gradient-compression-small.csv,0.0008680555555555555,30,0.108599,0.1085015,0.108789,0.34953820937577695,False,False
gradient-compression,773ccccc257597721840d373c9f3e73e670a8d255c39e3a3e354a1d2571356c3,589824,1,512,0.0,0,bits-sq,32,512,8,output_isolated,/home/jirka/research/2024/bits-knn-jpdc2024/data/application-scaling/bw01-35760924/gradient-compression-small.csv,0.0008680555555555555,30,0.0084745,0.008382249999999999,0.00851675,0.9923889315003837,False,False
gradient-compression,773ccccc257597721840d373c9f3e73e670a8d255c39e3a3e354a1d2571356c3,589824,1,512,0.0,0,bits-sq,32,512,8,selection_isolated,/home/jirka/research/2024/bits-knn-jpdc2024/data/application-scaling/bw01-35760924/gradient-compression-small.csv,0.0008680555555555555,30,0.098929,0.098829,0.09913325,0.27619808145235475,False,False
gradient-compression,773ccccc257597721840d373c9f3e73e670a8d255c39e3a3e354a1d2571356c3,589824,1,512,0.0,0,bits-sq,32,512,8,transform_isolated,/home/jirka/research/2024/bits-knn-jpdc2024/data/application-scaling/bw01-35760924/gradient-compression-small.csv,0.0008680555555555555,30,0.00914,0.00906,0.0092075,1.0158643326039387,False,False
gradient-compression,773ccccc257597721840d373c9f3e73e670a8d255c39e3a3e354a1d2571356c3,589824,1,512,0.0,0,bits-sq,32,512,8,upload_shared,/home/jirka/research/2024/bits-knn-jpdc2024/data/application-scaling/bw01-35760924/gradient-compression-small.csv,0.0008680555555555555,1,0.14518899999999998,0.14518899999999998,0.14518899999999998,1.230726845697677,False,False
gradient-compression,773ccccc257597721840d373c9f3e73e670a8d255c39e3a3e354a1d2571356c3,589824,1,512,0.0,0,bits-sq,32,512,13,download,/home/jirka/research/2024/bits-knn-jpdc2024/data/application-scaling/bw01-35760924/gradient-compression-small.csv,0.0008680555555555555,30,0.008960000000000001,0.008185,0.008976749999999999,0.9146205357142855,False,False
gradient-compression,773ccccc257597721840d373c9f3e73e670a8d255c39e3a3e354a1d2571356c3,589824,1,512,0.0,0,bits-sq,32,512,13,operator,/home/jirka/research/2024/bits-knn-jpdc2024/data/application-scaling/bw01-35760924/gradient-compression-small.csv,0.0008680555555555555,30,0.13734849999999998,0.13720875000000002,0.13759149999999998,0.27637360437136194,False,False
gradient-compression,773ccccc257597721840d373c9f3e73e670a8d255c39e3a3e354a1d2571356c3,589824,1,512,0.0,0,bits-sq,32,512,13,output_isolated,/home/jirka/research/2024/bits-knn-jpdc2024/data/application-scaling/bw01-35760924/gradient-compression-small.csv,0.0008680555555555555,30,0.008445000000000001,0.00840925,0.008609750000000001,0.9958555358200119,False,False
gradient-compression,773ccccc257597721840d373c9f3e73e670a8d255c39e3a3e354a1d2571356c3,589824,1,512,0.0,0,bits-sq,32,512,13,selection_isolated,/home/jirka/research/2024/bits-knn-jpdc2024/data/application-scaling/bw01-35760924/gradient-compression-small.csv,0.0008680555555555555,30,0.127674,0.127473,0.12772875,0.21401381643874243,False,False
gradient-compression,773ccccc257597721840d373c9f3e73e670a8d255c39e3a3e354a1d2571356c3,589824,1,512,0.0,0,bits-sq,32,512,13,transform_isolated,/home/jirka/research/2024/bits-knn-jpdc2024/data/application-scaling/bw01-35760924/gradient-compression-small.csv,0.0008680555555555555,30,0.0091,0.00905225,0.00915975,1.0203296703296703,False,False
gradient-compression,773ccccc257597721840d373c9f3e73e670a8d255c39e3a3e354a1d2571356c3,589824,1,512,0.0,0,bits-sq,32,512,13,upload_shared,/home/jirka/research/2024/bits-knn-jpdc2024/data/application-scaling/bw01-35760924/gradient-compression-small.csv,0.0008680555555555555,1,0.151029,0.151029,0.151029,1.1831370134212635,False,False
gradient-compression,773ccccc257597721840d373c9f3e73e670a8d255c39e3a3e354a1d2571356c3,589824,1,512,0.0,0,bits-sq,32,512,16,download,/home/jirka/research/2024/bits-knn-jpdc2024/data/application-scaling/bw01-35760924/gradient-compression-small.csv,0.0008680555555555555,30,0.008950000000000001,0.008192499999999998,0.00897,0.9156424581005584,False,False
gradient-compression,773ccccc257597721840d373c9f3e73e670a8d255c39e3a3e354a1d2571356c3,589824,1,512,0.0,0,bits-sq,32,512,16,operator,/home/jirka/research/2024/bits-knn-jpdc2024/data/application-scaling/bw01-35760924/gradient-compression-small.csv,0.0008680555555555555,30,0.15677850000000002,0.15438074999999998,0.1574605,0.24212184706448905,False,False
gradient-compression,773ccccc257597721840d373c9f3e73e670a8d255c39e3a3e354a1d2571356c3,589824,1,512,0.0,0,bits-sq,32,512,16,output_isolated,/home/jirka/research/2024/bits-knn-jpdc2024/data/application-scaling/bw01-35760924/gradient-compression-small.csv,0.0008680555555555555,30,0.008485,0.008450000000000001,0.0085725,0.9911608721272835,False,False
gradient-compression,773ccccc257597721840d373c9f3e73e670a8d255c39e3a3e354a1d2571356c3,589824,1,512,0.0,0,bits-sq,32,512,16,selection_isolated,/home/jirka/research/2024/bits-knn-jpdc2024/data/application-scaling/bw01-35760924/gradient-compression-small.csv,0.0008680555555555555,30,0.1475035,0.14433825,0.14782650000000003,0.1852430620290366,False,False
gradient-compression,773ccccc257597721840d373c9f3e73e670a8d255c39e3a3e354a1d2571356c3,589824,1,512,0.0,0,bits-sq,32,512,16,transform_isolated,/home/jirka/research/2024/bits-knn-jpdc2024/data/application-scaling/bw01-35760924/gradient-compression-small.csv,0.0008680555555555555,30,0.00916,0.009109250000000001,0.009300000000000001,1.013646288209607,False,False
gradient-compression,773ccccc257597721840d373c9f3e73e670a8d255c39e3a3e354a1d2571356c3,589824,1,512,0.0,0,bits-sq,32,512,16,upload_shared,/home/jirka/research/2024/bits-knn-jpdc2024/data/application-scaling/bw01-35760924/gradient-compression-small.csv,0.0008680555555555555,1,0.143838,0.143838,0.143838,1.2422864611576914,False,False
gradient-compression,773ccccc257597721840d373c9f3e73e670a8d255c39e3a3e354a1d2571356c3,589824,1,512,0.0,0,bits-sq,128,128,4,download,/home/jirka/research/2024/bits-knn-jpdc2024/data/application-scaling/bw01-35760924/gradient-compression-small.csv,0.0008680555555555555,30,0.00898,0.008960000000000001,0.009049999999999999,0.9125835189309576,False,False
gradient-compression,773ccccc257597721840d373c9f3e73e670a8d255c39e3a3e354a1d2571356c3,589824,1,512,0.0,0,bits-sq,128,128,4,operator,/home/jirka/research/2024/bits-knn-jpdc2024/data/application-scaling/bw01-35760924/gradient-compression-small.csv,0.0008680555555555555,30,0.128403,0.128263,0.128494,0.295627828010249,False,False
gradient-compression,773ccccc257597721840d373c9f3e73e670a8d255c39e3a3e354a1d2571356c3,589824,1,512,0.0,0,bits-sq,128,128,4,output_isolated,/home/jirka/research/2024/bits-knn-jpdc2024/data/application-scaling/bw01-35760924/gradient-compression-small.csv,0.0008680555555555555,30,0.0084745,0.008389250000000001,0.008579999999999999,0.9923889315003837,False,False
gradient-compression,773ccccc257597721840d373c9f3e73e670a8d255c39e3a3e354a1d2571356c3,589824,1,512,0.0,0,bits-sq,128,128,4,selection_isolated,/home/jirka/research/2024/bits-knn-jpdc2024/data/application-scaling/bw01-35760924/gradient-compression-small.csv,0.0008680555555555555,30,0.1187235,0.11864374999999999,0.11887625000000002,0.2301482014933859,False,False
gradient-compression,773ccccc257597721840d373c9f3e73e670a8d255c39e3a3e354a1d2571356c3,589824,1,512,0.0,0,bits-sq,128,128,4,transform_isolated,/home/jirka/research/2024/bits-knn-jpdc2024/data/application-scaling/bw01-35760924/gradient-compression-small.csv,0.0008680555555555555,30,0.009115000000000002,0.0090225,0.009187500000000001,1.0186505759736695,False,False
gradient-compression,773ccccc257597721840d373c9f3e73e670a8d255c39e3a3e354a1d2571356c3,589824,1,512,0.0,0,bits-sq,128,128,4,upload_shared,/home/jirka/research/2024/bits-knn-jpdc2024/data/application-scaling/bw01-35760924/gradient-compression-small.csv,0.0008680555555555555,1,0.14210899999999999,0.14210899999999999,0.14210899999999999,1.2574010090845762,False,False
gradient-compression,773ccccc257597721840d373c9f3e73e670a8d255c39e3a3e354a1d2571356c3,589824,1,512,0.0,0,bits-sq,128,128,7,download,/home/jirka/research/2024/bits-knn-jpdc2024/data/application-scaling/bw01-35760924/gradient-compression-small.csv,0.0008680555555555555,30,0.008965,0.00894,0.008989750000000001,0.9141104294478526,False,False
gradient-compression,773ccccc257597721840d373c9f3e73e670a8d255c39e3a3e354a1d2571356c3,589824,1,512,0.0,0,bits-sq,128,128,7,operator,/home/jirka/research/2024/bits-knn-jpdc2024/data/application-scaling/bw01-35760924/gradient-compression-small.csv,0.0008680555555555555,30,0.117158,0.11707825,0.11736149999999998,0.3240026289284556,False,False
gradient-compression,773ccccc257597721840d373c9f3e73e670a8d255c39e3a3e354a1d2571356c3,589824,1,512,0.0,0,bits-sq,128,128,7,output_isolated,/home/jirka/research/2024/bits-knn-jpdc2024/data/application-scaling/bw01-35760924/gradient-compression-small.csv,0.0008680555555555555,30,0.0085,0.0084225,0.00856675,0.9894117647058823,False,False
gradient-compression,773ccccc257597721840d373c9f3e73e670a8d255c39e3a3e354a1d2571356c3,589824,1,512,0.0,0,bits-sq,128,128,7,selection_isolated,/home/jirka/research/2024/bits-knn-jpdc2024/data/application-scaling/bw01-35760924/gradient-compression-small.csv,0.0008680555555555555,30,0.10738400000000001,0.107349,0.10747875000000001,0.25445131490724876,False,False
gradient-compression,773ccccc257597721840d373c9f3e73e670a8d255c39e3a3e354a1d2571356c3,589824,1,512,0.0,0,bits-sq,128,128,7,transform_isolated,/home/jirka/research/2024/bits-knn-jpdc2024/data/application-scaling/bw01-35760924/gradient-compression-small.csv,0.0008680555555555555,30,0.0091305,0.00906,0.00924,1.016921307704945,False,False
gradient-compression,773ccccc257597721840d373c9f3e73e670a8d255c39e3a3e354a1d2571356c3,589824,1,512,0.0,0,bits-sq,128,128,7,upload_shared,/home/jirka/research/2024/bits-knn-jpdc2024/data/application-scaling/bw01-35760924/gradient-compression-small.csv,0.0008680555555555555,1,0.144658,0.144658,0.144658,1.2352445077354866,False,False
gradient-compression,773ccccc257597721840d373c9f3e73e670a8d255c39e3a3e354a1d2571356c3,589824,1,512,0.0,0,bits-sq,128,128,8,download,/home/jirka/research/2024/bits-knn-jpdc2024/data/application-scaling/bw01-35760924/gradient-compression-small.csv,0.0008680555555555555,30,0.008965,0.00821925,0.008989750000000001,0.9141104294478526,False,False
gradient-compression,773ccccc257597721840d373c9f3e73e670a8d255c39e3a3e354a1d2571356c3,589824,1,512,0.0,0,bits-sq,128,128,8,operator,/home/jirka/research/2024/bits-knn-jpdc2024/data/application-scaling/bw01-35760924/gradient-compression-small.csv,0.0008680555555555555,30,0.1162335,0.11611399999999998,0.11631399999999999,0.32657968657917036,False,False
gradient-compression,773ccccc257597721840d373c9f3e73e670a8d255c39e3a3e354a1d2571356c3,589824,1,512,0.0,0,bits-sq,128,128,8,output_isolated,/home/jirka/research/2024/bits-knn-jpdc2024/data/application-scaling/bw01-35760924/gradient-compression-small.csv,0.0008680555555555555,30,0.0084595,0.008411749999999999,0.0085275,0.9941485903422189,False,False
gradient-compression,773ccccc257597721840d373c9f3e73e670a8d255c39e3a3e354a1d2571356c3,589824,1,512,0.0,0,bits-sq,128,128,8,selection_isolated,/home/jirka/research/2024/bits-knn-jpdc2024/data/application-scaling/bw01-35760924/gradient-compression-small.csv,0.0008680555555555555,30,0.106544,0.106449,0.10660624999999999,0.2564574260399459,False,False
gradient-compression,773ccccc257597721840d373c9f3e73e670a8d255c39e3a3e354a1d2571356c3,589824,1,512,0.0,0,bits-sq,128,128,8,transform_isolated,/home/jirka/research/2024/bits-knn-jpdc2024/data/application-scaling/bw01-35760924/gradient-compression-small.csv,0.0008680555555555555,30,0.009089999999999999,0.00903575,0.009170000000000001,1.0214521452145215,False,False
gradient-compression,773ccccc257597721840d373c9f3e73e670a8d255c39e3a3e354a1d2571356c3,589824,1,512,0.0,0,bits-sq,128,128,8,upload_shared,/home/jirka/research/2024/bits-knn-jpdc2024/data/application-scaling/bw01-35760924/gradient-compression-small.csv,0.0008680555555555555,1,0.147568,0.147568,0.147568,1.2108858289059958,False,False
gradient-compression,773ccccc257597721840d373c9f3e73e670a8d255c39e3a3e354a1d2571356c3,589824,1,512,0.0,0,bits-sq,128,128,13,download,/home/jirka/research/2024/bits-knn-jpdc2024/data/application-scaling/bw01-35760924/gradient-compression-small.csv,0.0008680555555555555,30,0.008985,0.00896225,0.00902975,0.9120756816917083,False,False
gradient-compression,773ccccc257597721840d373c9f3e73e670a8d255c39e3a3e354a1d2571356c3,589824,1,512,0.0,0,bits-sq,128,128,13,operator,/home/jirka/research/2024/bits-knn-jpdc2024/data/application-scaling/bw01-35760924/gradient-compression-small.csv,0.0008680555555555555,30,0.113604,0.113524,0.1138265,0.33413876271962256,False,False
gradient-compression,773ccccc257597721840d373c9f3e73e670a8d255c39e3a3e354a1d2571356c3,589824,1,512,0.0,0,bits-sq,128,128,13,output_isolated,/home/jirka/research/2024/bits-knn-jpdc2024/data/application-scaling/bw01-35760924/gradient-compression-small.csv,0.0008680555555555555,30,0.008469500000000001,0.00841925,0.008557500000000001,0.9929747919003482,False,False
gradient-compression,773ccccc257597721840d373c9f3e73e670a8d255c39e3a3e354a1d2571356c3,589824,1,512,0.0,0,bits-sq,128,128,13,selection_isolated,/home/jirka/research/2024/bits-knn-jpdc2024/data/application-scaling/bw01-35760924/gradient-compression-small.csv,0.0008680555555555555,30,0.103859,0.10379150000000001,0.1039565,0.2630874551074052,False,False
gradient-compression,773ccccc257597721840d373c9f3e73e670a8d255c39e3a3e354a1d2571356c3,589824,1,512,0.0,0,bits-sq,128,128,13,transform_isolated,/home/jirka/research/2024/bits-knn-jpdc2024/data/application-scaling/bw01-35760924/gradient-compression-small.csv,0.0008680555555555555,30,0.009119500000000001,0.00907,0.00919725,1.0181479247765775,False,False
gradient-compression,773ccccc257597721840d373c9f3e73e670a8d255c39e3a3e354a1d2571356c3,589824,1,512,0.0,0,bits-sq,128,128,13,upload_shared,/home/jirka/research/2024/bits-knn-jpdc2024/data/application-scaling/bw01-35760924/gradient-compression-small.csv,0.0008680555555555555,1,0.146888,0.146888,0.146888,1.2164914764991015,False,False
gradient-compression,773ccccc257597721840d373c9f3e73e670a8d255c39e3a3e354a1d2571356c3,589824,1,512,0.0,0,bits-sq,128,128,16,download,/home/jirka/research/2024/bits-knn-jpdc2024/data/application-scaling/bw01-35760924/gradient-compression-small.csv,0.0008680555555555555,30,0.0089945,0.00897,0.009185,0.9111123464339317,False,False
gradient-compression,773ccccc257597721840d373c9f3e73e670a8d255c39e3a3e354a1d2571356c3,589824,1,512,0.0,0,bits-sq,128,128,16,operator,/home/jirka/research/2024/bits-knn-jpdc2024/data/application-scaling/bw01-35760924/gradient-compression-small.csv,0.0008680555555555555,30,0.1168035,0.11665400000000001,0.11689899999999999,0.3249859807283172,False,False
gradient-compression,773ccccc257597721840d373c9f3e73e670a8d255c39e3a3e354a1d2571356c3,589824,1,512,0.0,0,bits-sq,128,128,16,output_isolated,/home/jirka/research/2024/bits-knn-jpdc2024/data/application-scaling/bw01-35760924/gradient-compression-small.csv,0.0008680555555555555,30,0.008494999999999999,0.00841575,0.0086125,0.9899941141848148,False,False
gradient-compression,773ccccc257597721840d373c9f3e73e670a8d255c39e3a3e354a1d2571356c3,589824,1,512,0.0,0,bits-sq,128,128,16,selection_isolated,/home/jirka/research/2024/bits-knn-jpdc2024/data/application-scaling/bw01-35760924/gradient-compression-small.csv,0.0008680555555555555,30,0.10692850000000001,0.106799,0.1070515,0.2555352408385042,False,False
gradient-compression,773ccccc257597721840d373c9f3e73e670a8d255c39e3a3e354a1d2571356c3,589824,1,512,0.0,0,bits-sq,128,128,16,transform_isolated,/home/jirka/research/2024/bits-knn-jpdc2024/data/application-scaling/bw01-35760924/gradient-compression-small.csv,0.0008680555555555555,30,0.00918,0.009130000000000001,0.00923075,1.011437908496732,False,False
gradient-compression,773ccccc257597721840d373c9f3e73e670a8d255c39e3a3e354a1d2571356c3,589824,1,512,0.0,0,bits-sq,128,128,16,upload_shared,/home/jirka/research/2024/bits-knn-jpdc2024/data/application-scaling/bw01-35760924/gradient-compression-small.csv,0.0008680555555555555,1,0.147269,0.147269,0.147269,1.2133442883431,False,False
gradient-compression,773ccccc257597721840d373c9f3e73e670a8d255c39e3a3e354a1d2571356c3,589824,1,512,0.0,0,bits-sq,128,256,4,download,/home/jirka/research/2024/bits-knn-jpdc2024/data/application-scaling/bw01-35760924/gradient-compression-small.csv,0.0008680555555555555,30,0.008989,0.008950000000000001,0.009045,0.9116698186672598,False,False
gradient-compression,773ccccc257597721840d373c9f3e73e670a8d255c39e3a3e354a1d2571356c3,589824,1,512,0.0,0,bits-sq,128,256,4,operator,/home/jirka/research/2024/bits-knn-jpdc2024/data/application-scaling/bw01-35760924/gradient-compression-small.csv,0.0008680555555555555,30,0.097279,0.097204,0.097499,0.39021268721923535,False,False
gradient-compression,773ccccc257597721840d373c9f3e73e670a8d255c39e3a3e354a1d2571356c3,589824,1,512,0.0,0,bits-sq,128,256,4,output_isolated,/home/jirka/research/2024/bits-knn-jpdc2024/data/application-scaling/bw01-35760924/gradient-compression-small.csv,0.0008680555555555555,30,0.00847,0.008362499999999998,0.008622500000000002,0.9929161747343567,False,False
gradient-compression,773ccccc257597721840d373c9f3e73e670a8d255c39e3a3e354a1d2571356c3,589824,1,512,0.0,0,bits-sq,128,256,4,selection_isolated,/home/jirka/research/2024/bits-knn-jpdc2024/data/application-scaling/bw01-35760924/gradient-compression-small.csv,0.0008680555555555555,30,0.08754900000000002,0.087314,0.08768424999999999,0.312099509988692,False,False
gradient-compression,773ccccc257597721840d373c9f3e73e670a8d255c39e3a3e354a1d2571356c3,589824,1,512,0.0,0,bits-sq,128,256,4,transform_isolated,/home/jirka/research/2024/bits-knn-jpdc2024/data/application-scaling/bw01-35760924/gradient-compression-small.csv,0.0008680555555555555,30,0.009130000000000001,0.00907,0.0092275,1.0169769989047097,False,False
gradient-compression,773ccccc257597721840d373c9f3e73e670a8d255c39e3a3e354a1d2571356c3,589824,1,512,0.0,0,bits-sq,128,256,4,upload_shared,/home/jirka/research/2024/bits-knn-jpdc2024/data/application-scaling/bw01-35760924/gradient-compression-small.csv,0.0008680555555555555,1,0.147368,0.147368,0.147368,1.2125291786547963,False,False
gradient-compression,773ccccc257597721840d373c9f3e73e670a8d255c39e3a3e354a1d2571356c3,589824,1,512,0.0,0,bits-sq,128,256,7,download,/home/jirka/research/2024/bits-knn-jpdc2024/data/application-scaling/bw01-35760924/gradient-compression-small.csv,0.0008680555555555555,30,0.0089845,0.00897,0.009005250000000001,0.9121264399799655,False,False
gradient-compression,773ccccc257597721840d373c9f3e73e670a8d255c39e3a3e354a1d2571356c3,589824,1,512,0.0,0,bits-sq,128,256,7,operator,/home/jirka/research/2024/bits-knn-jpdc2024/data/application-scaling/bw01-35760924/gradient-compression-small.csv,0.0008680555555555555,30,0.09789400000000001,0.09778150000000001,0.0980065,0.3877612519664126,False,False
gradient-compression,773ccccc257597721840d373c9f3e73e670a8d255c39e3a3e354a1d2571356c3,589824,1,512,0.0,0,bits-sq,128,256,7,output_isolated,/home/jirka/research/2024/bits-knn-jpdc2024/data/application-scaling/bw01-35760924/gradient-compression-small.csv,0.0008680555555555555,30,0.00842,0.00836225,0.008497250000000001,0.998812351543943,False,False
gradient-compression,773ccccc257597721840d373c9f3e73e670a8d255c39e3a3e354a1d2571356c3,589824,1,512,0.0,0,bits-sq,128,256,7,selection_isolated,/home/jirka/research/2024/bits-knn-jpdc2024/data/application-scaling/bw01-35760924/gradient-compression-small.csv,0.0008680555555555555,30,0.08820900000000001,0.08810925,0.088299,0.30976430976430974,False,False
gradient-compression,773ccccc257597721840d373c9f3e73e670a8d255c39e3a3e354a1d2571356c3,589824,1,512,0.0,0,bits-sq,128,256,7,transform_isolated,/home/jirka/research/2024/bits-knn-jpdc2024/data/application-scaling/bw01-35760924/gradient-compression-small.csv,0.0008680555555555555,30,0.009049999999999999,0.0090125,0.009167250000000002,1.0259668508287294,False,False
gradient-compression,773ccccc257597721840d373c9f3e73e670a8d255c39e3a3e354a1d2571356c3,589824,1,512,0.0,0,bits-sq,128,256,7,upload_shared,/home/jirka/research/2024/bits-knn-jpdc2024/data/application-scaling/bw01-35760924/gradient-compression-small.csv,0.0008680555555555555,1,0.145428,0.145428,0.145428,1.2287042385235307,False,False
gradient-compression,773ccccc257597721840d373c9f3e73e670a8d255c39e3a3e354a1d2571356c3,589824,1,512,0.0,0,bits-sq,128,256,8,download,/home/jirka/research/2024/bits-knn-jpdc2024/data/application-scaling/bw01-35760924/gradient-compression-small.csv,0.0008680555555555555,30,0.008960000000000001,0.00893225,0.00901675,0.9146205357142855,False,False
gradient-compression,773ccccc257597721840d373c9f3e73e670a8d255c39e3a3e354a1d2571356c3,589824,1,512,0.0,0,bits-sq,128,256,8,operator,/home/jirka/research/2024/bits-knn-jpdc2024/data/application-scaling/bw01-35760924/gradient-compression-small.csv,0.0008680555555555555,30,0.098124,0.09800575,0.0982565,0.3868523500876442,False,False
gradient-compression,773ccccc257597721840d373c9f3e73e670a8d255c39e3a3e354a1d2571356c3,589824,1,512,0.0,0,bits-sq,128,256,8,output_isolated,/home/jirka/research/2024/bits-knn-jpdc2024/data/application-scaling/bw01-35760924/gradient-compression-small.csv,0.0008680555555555555,30,0.008425,0.00833275,0.008507500000000001,0.998219584569733,False,False
gradient-compression,773ccccc257597721840d373c9f3e73e670a8d255c39e3a3e354a1d2571356c3,589824,1,512,0.0,0,bits-sq,128,256,8,selection_isolated,/home/jirka/research/2024/bits-knn-jpdc2024/data/application-scaling/bw01-35760924/gradient-compression-small.csv,0.0008680555555555555,30,0.088509,0.08844400000000001,0.08860900000000001,0.3087143680303698,False,False
gradient-compression,773ccccc257597721840d373c9f3e73e670a8d255c39e3a3e354a1d2571356c3,589824,1,512,0.0,0,bits-sq,128,256,8,transform_isolated,/home/jirka/research/2024/bits-knn-jpdc2024/data/application-scaling/bw01-35760924/gradient-compression-small.csv,0.0008680555555555555,30,0.009104999999999999,0.009029249999999999,0.00916675,1.0197693574958815,False,False
gradient-compression,773ccccc257597721840d373c9f3e73e670a8d255c39e3a3e354a1d2571356c3,589824,1,512,0.0,0,bits-sq,128,256,8,upload_shared,/home/jirka/research/2024/bits-knn-jpdc2024/data/application-scaling/bw01-35760924/gradient-compression-small.csv,0.0008680555555555555,1,0.14351899999999998,0.14351899999999998,0.14351899999999998,1.2450476940335429,False,False
gradient-compression,773ccccc257597721840d373c9f3e73e670a8d255c39e3a3e354a1d2571356c3,589824,1,512,0.0,0,bits-sq,128,256,13,download,/home/jirka/research/2024/bits-knn-jpdc2024/data/application-scaling/bw01-35760924/gradient-compression-small.csv,0.0008680555555555555,30,0.00899,0.00891275,0.0090575,0.9115684093437152,False,False
gradient-compression,773ccccc257597721840d373c9f3e73e670a8d255c39e3a3e354a1d2571356c3,589824,1,512,0.0,0,bits-sq,128,256,13,operator,/home/jirka/research/2024/bits-knn-jpdc2024/data/application-scaling/bw01-35760924/gradient-compression-small.csv,0.0008680555555555555,30,0.105824,0.1057215,0.105934,0.3587040746900514,False,False
gradient-compression,773ccccc257597721840d373c9f3e73e670a8d255c39e3a3e354a1d2571356c3,589824,1,512,0.0,0,bits-sq,128,256,13,output_isolated,/home/jirka/research/2024/bits-knn-jpdc2024/data/application-scaling/bw01-35760924/gradient-compression-small.csv,0.0008680555555555555,30,0.0084355,0.008379999999999999,0.008515,0.9969770612293285,False,False
gradient-compression,773ccccc257597721840d373c9f3e73e670a8d255c39e3a3e354a1d2571356c3,589824,1,512,0.0,0,bits-sq,128,256,13,selection_isolated,/home/jirka/research/2024/bits-knn-jpdc2024/data/application-scaling/bw01-35760924/gradient-compression-small.csv,0.0008680555555555555,30,0.09623899999999999,0.096079,0.09635325,0.28391816207566584,False,False
gradient-compression,773ccccc257597721840d373c9f3e73e670a8d255c39e3a3e354a1d2571356c3,589824,1,512,0.0,0,bits-sq,128,256,13,transform_isolated,/home/jirka/research/2024/bits-knn-jpdc2024/data/application-scaling/bw01-35760924/gradient-compression-small.csv,0.0008680555555555555,30,0.009094999999999999,0.009023999999999999,0.00925675,1.0208905992303465,False,False
gradient-compression,773ccccc257597721840d373c9f3e73e670a8d255c39e3a3e354a1d2571356c3,589824,1,512,0.0,0,bits-sq,128,256,13,upload_shared,/home/jirka/research/2024/bits-knn-jpdc2024/data/application-scaling/bw01-35760924/gradient-compression-small.csv,0.0008680555555555555,1,0.143879,0.143879,0.143879,1.2419324571341197,False,False
gradient-compression,773ccccc257597721840d373c9f3e73e670a8d255c39e3a3e354a1d2571356c3,589824,1,512,0.0,0,bits-sq,128,256,16,download,/home/jirka/research/2024/bits-knn-jpdc2024/data/application-scaling/bw01-35760924/gradient-compression-small.csv,0.0008680555555555555,30,0.0089795,0.0089625,0.009065,0.9126343337602316,False,False
gradient-compression,773ccccc257597721840d373c9f3e73e670a8d255c39e3a3e354a1d2571356c3,589824,1,512,0.0,0,bits-sq,128,256,16,operator,/home/jirka/research/2024/bits-knn-jpdc2024/data/application-scaling/bw01-35760924/gradient-compression-small.csv,0.0008680555555555555,30,0.106613,0.106519,0.10672975000000001,0.3560494498794706,False,False
gradient-compression,773ccccc257597721840d373c9f3e73e670a8d255c39e3a3e354a1d2571356c3,589824,1,512,0.0,0,bits-sq,128,256,16,output_isolated,/home/jirka/research/2024/bits-knn-jpdc2024/data/application-scaling/bw01-35760924/gradient-compression-small.csv,0.0008680555555555555,30,0.00848,0.00842,0.0085725,0.9917452830188681,False,False
gradient-compression,773ccccc257597721840d373c9f3e73e670a8d255c39e3a3e354a1d2571356c3,589824,1,512,0.0,0,bits-sq,128,256,16,selection_isolated,/home/jirka/research/2024/bits-knn-jpdc2024/data/application-scaling/bw01-35760924/gradient-compression-small.csv,0.0008680555555555555,30,0.0969035,0.09674649999999999,0.09705649999999999,0.2819712394289164,False,False
gradient-compression,773ccccc257597721840d373c9f3e73e670a8d255c39e3a3e354a1d2571356c3,589824,1,512,0.0,0,bits-sq,128,256,16,transform_isolated,/home/jirka/research/2024/bits-knn-jpdc2024/data/application-scaling/bw01-35760924/gradient-compression-small.csv,0.0008680555555555555,30,0.00919,0.00914,0.0092775,1.0103373231773667,False,False
gradient-compression,773ccccc257597721840d373c9f3e73e670a8d255c39e3a3e354a1d2571356c3,589824,1,512,0.0,0,bits-sq,128,256,16,upload_shared,/home/jirka/research/2024/bits-knn-jpdc2024/data/application-scaling/bw01-35760924/gradient-compression-small.csv,0.0008680555555555555,1,0.140038,0.140038,0.140038,1.2759965152315802,False,False
gradient-compression,773ccccc257597721840d373c9f3e73e670a8d255c39e3a3e354a1d2571356c3,589824,1,512,0.0,0,bits-sq,128,512,4,download,/home/jirka/research/2024/bits-knn-jpdc2024/data/application-scaling/bw01-35760924/gradient-compression-small.csv,0.0008680555555555555,30,0.008999,0.00898,0.0090275,0.9106567396377374,False,False
gradient-compression,773ccccc257597721840d373c9f3e73e670a8d255c39e3a3e354a1d2571356c3,589824,1,512,0.0,0,bits-sq,128,512,4,operator,/home/jirka/research/2024/bits-knn-jpdc2024/data/application-scaling/bw01-35760924/gradient-compression-small.csv,0.0008680555555555555,30,0.100844,0.099339,0.10234900000000001,0.37641803181151084,False,False
gradient-compression,773ccccc257597721840d373c9f3e73e670a8d255c39e3a3e354a1d2571356c3,589824,1,512,0.0,0,bits-sq,128,512,4,output_isolated,/home/jirka/research/2024/bits-knn-jpdc2024/data/application-scaling/bw01-35760924/gradient-compression-small.csv,0.0008680555555555555,30,0.008450000000000001,0.008392499999999999,0.00856675,0.9952662721893492,False,False
gradient-compression,773ccccc257597721840d373c9f3e73e670a8d255c39e3a3e354a1d2571356c3,589824,1,512,0.0,0,bits-sq,128,512,4,selection_isolated,/home/jirka/research/2024/bits-knn-jpdc2024/data/application-scaling/bw01-35760924/gradient-compression-small.csv,0.0008680555555555555,30,0.09247899999999999,0.089644,0.09270400000000001,0.2954616723796754,False,False
gradient-compression,773ccccc257597721840d373c9f3e73e670a8d255c39e3a3e354a1d2571356c3,589824,1,512,0.0,0,bits-sq,128,512,4,transform_isolated,/home/jirka/research/2024/bits-knn-jpdc2024/data/application-scaling/bw01-35760924/gradient-compression-small.csv,0.0008680555555555555,30,0.00908,0.00896275,0.009165000000000001,1.0225770925110131,False,False
gradient-compression,773ccccc257597721840d373c9f3e73e670a8d255c39e3a3e354a1d2571356c3,589824,1,512,0.0,0,bits-sq,128,512,4,upload_shared,/home/jirka/research/2024/bits-knn-jpdc2024/data/application-scaling/bw01-35760924/gradient-compression-small.csv,0.0008680555555555555,1,0.141028,0.141028,0.141028,1.267039169526619,False,False
gradient-compression,773ccccc257597721840d373c9f3e73e670a8d255c39e3a3e354a1d2571356c3,589824,1,512,0.0,0,bits-sq,128,512,7,download,/home/jirka/research/2024/bits-knn-jpdc2024/data/application-scaling/bw01-35760924/gradient-compression-small.csv,0.0008680555555555555,30,0.009120000000000001,0.009021749999999999,0.009157499999999999,0.8985745614035086,False,False
gradient-compression,773ccccc257597721840d373c9f3e73e670a8d255c39e3a3e354a1d2571356c3,589824,1,512,0.0,0,bits-sq,128,512,7,operator,/home/jirka/research/2024/bits-knn-jpdc2024/data/application-scaling/bw01-35760924/gradient-compression-small.csv,0.0008680555555555555,30,0.115234,0.11507375000000002,0.115399,0.3294123262231633,False,False
gradient-compression,773ccccc257597721840d373c9f3e73e670a8d255c39e3a3e354a1d2571356c3,589824,1,512,0.0,0,bits-sq,128,512,7,output_isolated,/home/jirka/research/2024/bits-knn-jpdc2024/data/application-scaling/bw01-35760924/gradient-compression-small.csv,0.0008680555555555555,30,0.008450000000000001,0.0084025,0.008565,0.9952662721893492,False,False
gradient-compression,773ccccc257597721840d373c9f3e73e670a8d255c39e3a3e354a1d2571356c3,589824,1,512,0.0,0,bits-sq,128,512,7,selection_isolated,/home/jirka/research/2024/bits-knn-jpdc2024/data/application-scaling/bw01-35760924/gradient-compression-small.csv,0.0008680555555555555,30,0.105549,0.105439,0.105699,0.2588750248699656,False,False
gradient-compression,773ccccc257597721840d373c9f3e73e670a8d255c39e3a3e354a1d2571356c3,589824,1,512,0.0,0,bits-sq,128,512,7,transform_isolated,/home/jirka/research/2024/bits-knn-jpdc2024/data/application-scaling/bw01-35760924/gradient-compression-small.csv,0.0008680555555555555,30,0.009089999999999999,0.00904225,0.00922725,1.0214521452145215,False,False
gradient-compression,773ccccc257597721840d373c9f3e73e670a8d255c39e3a3e354a1d2571356c3,589824,1,512,0.0,0,bits-sq,128,512,7,upload_shared,/home/jirka/research/2024/bits-knn-jpdc2024/data/application-scaling/bw01-35760924/gradient-compression-small.csv,0.0008680555555555555,1,0.142009,0.142009,0.142009,1.2582864466336643,False,False
gradient-compression,773ccccc257597721840d373c9f3e73e670a8d255c39e3a3e354a1d2571356c3,589824,1,512,0.0,0,bits-sq,128,512,8,download,/home/jirka/research/2024/bits-knn-jpdc2024/data/application-scaling/bw01-35760924/gradient-compression-small.csv,0.0008680555555555555,30,0.00899,0.008960000000000001,0.009056749999999999,0.9115684093437152,False,False
gradient-compression,773ccccc257597721840d373c9f3e73e670a8d255c39e3a3e354a1d2571356c3,589824,1,512,0.0,0,bits-sq,128,512,8,operator,/home/jirka/research/2024/bits-knn-jpdc2024/data/application-scaling/bw01-35760924/gradient-compression-small.csv,0.0008680555555555555,30,0.118283,0.11813075,0.11846324999999999,0.3209210114724855,False,False
gradient-compression,773ccccc257597721840d373c9f3e73e670a8d255c39e3a3e354a1d2571356c3,589824,1,512,0.0,0,bits-sq,128,512,8,output_isolated,/home/jirka/research/2024/bits-knn-jpdc2024/data/application-scaling/bw01-35760924/gradient-compression-small.csv,0.0008680555555555555,30,0.008504999999999999,0.00841925,0.008697499999999999,0.9888300999412113,False,False
gradient-compression,773ccccc257597721840d373c9f3e73e670a8d255c39e3a3e354a1d2571356c3,589824,1,512,0.0,0,bits-sq,128,512,8,selection_isolated,/home/jirka/research/2024/bits-knn-jpdc2024/data/application-scaling/bw01-35760924/gradient-compression-small.csv,0.0008680555555555555,30,0.10849900000000001,0.10843075,0.10857900000000001,0.25183642245550647,False,False
gradient-compression,773ccccc257597721840d373c9f3e73e670a8d255c39e3a3e354a1d2571356c3,589824,1,512,0.0,0,bits-sq,128,512,8,transform_isolated,/home/jirka/research/2024/bits-knn-jpdc2024/data/application-scaling/bw01-35760924/gradient-compression-small.csv,0.0008680555555555555,30,0.00915,0.009069250000000001,0.009215,1.0147540983606558,False,False
gradient-compression,773ccccc257597721840d373c9f3e73e670a8d255c39e3a3e354a1d2571356c3,589824,1,512,0.0,0,bits-sq,128,512,8,upload_shared,/home/jirka/research/2024/bits-knn-jpdc2024/data/application-scaling/bw01-35760924/gradient-compression-small.csv,0.0008680555555555555,1,0.148069,0.148069,0.148069,1.2067887268773343,False,False
gradient-compression,773ccccc257597721840d373c9f3e73e670a8d255c39e3a3e354a1d2571356c3,589824,1,512,0.0,0,bits-sq,128,512,13,download,/home/jirka/research/2024/bits-knn-jpdc2024/data/application-scaling/bw01-35760924/gradient-compression-small.csv,0.0008680555555555555,30,0.0089905,0.008939749999999998,0.00902975,0.9115177131416494,False,False
gradient-compression,773ccccc257597721840d373c9f3e73e670a8d255c39e3a3e354a1d2571356c3,589824,1,512,0.0,0,bits-sq,128,512,13,operator,/home/jirka/research/2024/bits-knn-jpdc2024/data/application-scaling/bw01-35760924/gradient-compression-small.csv,0.0008680555555555555,30,0.130293,0.13017125000000002,0.13075799999999999,0.2913395193909113,False,False
gradient-compression,773ccccc257597721840d373c9f3e73e670a8d255c39e3a3e354a1d2571356c3,589824,1,512,0.0,0,bits-sq,128,512,13,output_isolated,/home/jirka/research/2024/bits-knn-jpdc2024/data/application-scaling/bw01-35760924/gradient-compression-small.csv,0.0008680555555555555,30,0.008494999999999999,0.008379999999999999,0.0086175,0.9899941141848148,False,False
gradient-compression,773ccccc257597721840d373c9f3e73e670a8d255c39e3a3e354a1d2571356c3,589824,1,512,0.0,0,bits-sq,128,512,13,selection_isolated,/home/jirka/research/2024/bits-knn-jpdc2024/data/application-scaling/bw01-35760924/gradient-compression-small.csv,0.0008680555555555555,30,0.1207185,0.12047075,0.123974,0.22634476074503906,False,False
gradient-compression,773ccccc257597721840d373c9f3e73e670a8d255c39e3a3e354a1d2571356c3,589824,1,512,0.0,0,bits-sq,128,512,13,transform_isolated,/home/jirka/research/2024/bits-knn-jpdc2024/data/application-scaling/bw01-35760924/gradient-compression-small.csv,0.0008680555555555555,30,0.00911,0.00904,0.0092275,1.0192096597145994,False,False
gradient-compression,773ccccc257597721840d373c9f3e73e670a8d255c39e3a3e354a1d2571356c3,589824,1,512,0.0,0,bits-sq,128,512,13,upload_shared,/home/jirka/research/2024/bits-knn-jpdc2024/data/application-scaling/bw01-35760924/gradient-compression-small.csv,0.0008680555555555555,1,0.150939,0.150939,0.150939,1.183842479412213,False,False
gradient-compression,773ccccc257597721840d373c9f3e73e670a8d255c39e3a3e354a1d2571356c3,589824,1,512,0.0,0,bits-sq,128,512,16,download,/home/jirka/research/2024/bits-knn-jpdc2024/data/application-scaling/bw01-35760924/gradient-compression-small.csv,0.0008680555555555555,30,0.009000000000000001,0.008960000000000001,0.0090775,0.9105555555555553,False,False
gradient-compression,773ccccc257597721840d373c9f3e73e670a8d255c39e3a3e354a1d2571356c3,589824,1,512,0.0,0,bits-sq,128,512,16,operator,/home/jirka/research/2024/bits-knn-jpdc2024/data/application-scaling/bw01-35760924/gradient-compression-small.csv,0.0008680555555555555,30,0.13895349999999998,0.13885050000000002,0.13912824999999998,0.27318131605177276,False,False
gradient-compression,773ccccc257597721840d373c9f3e73e670a8d255c39e3a3e354a1d2571356c3,589824,1,512,0.0,0,bits-sq,128,512,16,output_isolated,/home/jirka/research/2024/bits-knn-jpdc2024/data/application-scaling/bw01-35760924/gradient-compression-small.csv,0.0008680555555555555,30,0.00869,0.0085925,0.0088,0.9677790563866514,False,False
gradient-compression,773ccccc257597721840d373c9f3e73e670a8d255c39e3a3e354a1d2571356c3,589824,1,512,0.0,0,bits-sq,128,512,16,selection_isolated,/home/jirka/research/2024/bits-knn-jpdc2024/data/application-scaling/bw01-35760924/gradient-compression-small.csv,0.0008680555555555555,30,0.1290285,0.128933,0.1291465,0.21176716771875984,False,False
gradient-compression,773ccccc257597721840d373c9f3e73e670a8d255c39e3a3e354a1d2571356c3,589824,1,512,0.0,0,bits-sq,128,512,16,transform_isolated,/home/jirka/research/2024/bits-knn-jpdc2024/data/application-scaling/bw01-35760924/gradient-compression-small.csv,0.0008680555555555555,30,0.0092495,0.00917925,0.00934975,1.0038380452997457,False,False
gradient-compression,773ccccc257597721840d373c9f3e73e670a8d255c39e3a3e354a1d2571356c3,589824,1,512,0.0,0,bits-sq,128,512,16,upload_shared,/home/jirka/research/2024/bits-knn-jpdc2024/data/application-scaling/bw01-35760924/gradient-compression-small.csv,0.0008680555555555555,1,0.148618,0.148618,0.148618,1.2023308078429262,False,False
gradient-compression,773ccccc257597721840d373c9f3e73e670a8d255c39e3a3e354a1d2571356c3,589824,1,512,0.0,0,bits-sq,512,128,4,download,/home/jirka/research/2024/bits-knn-jpdc2024/data/application-scaling/bw01-35760924/gradient-compression-small.csv,0.0008680555555555555,30,0.008960000000000001,0.0089325,0.009007500000000002,0.9146205357142855,False,False
gradient-compression,773ccccc257597721840d373c9f3e73e670a8d255c39e3a3e354a1d2571356c3,589824,1,512,0.0,0,bits-sq,512,128,4,operator,/home/jirka/research/2024/bits-knn-jpdc2024/data/application-scaling/bw01-35760924/gradient-compression-small.csv,0.0008680555555555555,30,0.28396699999999997,0.283832,0.284147,0.1336757440125085,False,False
gradient-compression,773ccccc257597721840d373c9f3e73e670a8d255c39e3a3e354a1d2571356c3,589824,1,512,0.0,0,bits-sq,512,128,4,output_isolated,/home/jirka/research/2024/bits-knn-jpdc2024/data/application-scaling/bw01-35760924/gradient-compression-small.csv,0.0008680555555555555,30,0.008485,0.008429250000000001,0.008597500000000001,0.9911608721272835,False,False
gradient-compression,773ccccc257597721840d373c9f3e73e670a8d255c39e3a3e354a1d2571356c3,589824,1,512,0.0,0,bits-sq,512,128,4,selection_isolated,/home/jirka/research/2024/bits-knn-jpdc2024/data/application-scaling/bw01-35760924/gradient-compression-small.csv,0.0008680555555555555,30,0.274257,0.27405025,0.274417,0.09962917992977391,False,False
gradient-compression,773ccccc257597721840d373c9f3e73e670a8d255c39e3a3e354a1d2571356c3,589824,1,512,0.0,0,bits-sq,512,128,4,transform_isolated,/home/jirka/research/2024/bits-knn-jpdc2024/data/application-scaling/bw01-35760924/gradient-compression-small.csv,0.0008680555555555555,30,0.009099999999999999,0.00907,0.009205,1.0203296703296705,False,False
gradient-compression,773ccccc257597721840d373c9f3e73e670a8d255c39e3a3e354a1d2571356c3,589824,1,512,0.0,0,bits-sq,512,128,4,upload_shared,/home/jirka/research/2024/bits-knn-jpdc2024/data/application-scaling/bw01-35760924/gradient-compression-small.csv,0.0008680555555555555,1,0.152428,0.152428,0.152428,1.1722780591492377,False,False
gradient-compression,773ccccc257597721840d373c9f3e73e670a8d255c39e3a3e354a1d2571356c3,589824,1,512,0.0,0,bits-sq,512,128,7,download,/home/jirka/research/2024/bits-knn-jpdc2024/data/application-scaling/bw01-35760924/gradient-compression-small.csv,0.0008680555555555555,30,0.00901,0.0082275,0.00907,0.9095449500554937,False,False
gradient-compression,773ccccc257597721840d373c9f3e73e670a8d255c39e3a3e354a1d2571356c3,589824,1,512,0.0,0,bits-sq,512,128,7,operator,/home/jirka/research/2024/bits-knn-jpdc2024/data/application-scaling/bw01-35760924/gradient-compression-small.csv,0.0008680555555555555,30,0.237083,0.2369095,0.237227,0.16011059418009727,False,False
gradient-compression,773ccccc257597721840d373c9f3e73e670a8d255c39e3a3e354a1d2571356c3,589824,1,512,0.0,0,bits-sq,512,128,7,output_isolated,/home/jirka/research/2024/bits-knn-jpdc2024/data/application-scaling/bw01-35760924/gradient-compression-small.csv,0.0008680555555555555,30,0.008555,0.0085,0.0086825,0.9830508474576272,False,False
gradient-compression,773ccccc257597721840d373c9f3e73e670a8d255c39e3a3e354a1d2571356c3,589824,1,512,0.0,0,bits-sq,512,128,7,selection_isolated,/home/jirka/research/2024/bits-knn-jpdc2024/data/application-scaling/bw01-35760924/gradient-compression-small.csv,0.0008680555555555555,30,0.2273225,0.22719275,0.22758475,0.12019927635847749,False,False
gradient-compression,773ccccc257597721840d373c9f3e73e670a8d255c39e3a3e354a1d2571356c3,589824,1,512,0.0,0,bits-sq,512,128,7,transform_isolated,/home/jirka/research/2024/bits-knn-jpdc2024/data/application-scaling/bw01-35760924/gradient-compression-small.csv,0.0008680555555555555,30,0.00911,0.00903,0.009221749999999999,1.0192096597145994,False,False
gradient-compression,773ccccc257597721840d373c9f3e73e670a8d255c39e3a3e354a1d2571356c3,589824,1,512,0.0,0,bits-sq,512,128,7,upload_shared,/home/jirka/research/2024/bits-knn-jpdc2024/data/application-scaling/bw01-35760924/gradient-compression-small.csv,0.0008680555555555555,1,0.145928,0.145928,0.145928,1.2244942711474152,False,False
gradient-compression,773ccccc257597721840d373c9f3e73e670a8d255c39e3a3e354a1d2571356c3,589824,1,512,0.0,0,bits-sq,512,128,8,download,/home/jirka/research/2024/bits-knn-jpdc2024/data/application-scaling/bw01-35760924/gradient-compression-small.csv,0.0008680555555555555,30,0.008960000000000001,0.0083115,0.00899975,0.9146205357142855,False,False
gradient-compression,773ccccc257597721840d373c9f3e73e670a8d255c39e3a3e354a1d2571356c3,589824,1,512,0.0,0,bits-sq,512,128,8,operator,/home/jirka/research/2024/bits-knn-jpdc2024/data/application-scaling/bw01-35760924/gradient-compression-small.csv,0.0008680555555555555,30,0.2357825,0.23363024999999998,0.23621025,0.1609937124256465,False,False
gradient-compression,773ccccc257597721840d373c9f3e73e670a8d255c39e3a3e354a1d2571356c3,589824,1,512,0.0,0,bits-sq,512,128,8,output_isolated,/home/jirka/research/2024/bits-knn-jpdc2024/data/application-scaling/bw01-35760924/gradient-compression-small.csv,0.0008680555555555555,30,0.008575,0.008485,0.008671749999999999,0.9807580174927115,False,False
gradient-compression,773ccccc257597721840d373c9f3e73e670a8d255c39e3a3e354a1d2571356c3,589824,1,512,0.0,0,bits-sq,512,128,8,selection_isolated,/home/jirka/research/2024/bits-knn-jpdc2024/data/application-scaling/bw01-35760924/gradient-compression-small.csv,0.0008680555555555555,30,0.226153,0.2239345,0.226482,0.12082086021410285,False,False
gradient-compression,773ccccc257597721840d373c9f3e73e670a8d255c39e3a3e354a1d2571356c3,589824,1,512,0.0,0,bits-sq,512,128,8,transform_isolated,/home/jirka/research/2024/bits-knn-jpdc2024/data/application-scaling/bw01-35760924/gradient-compression-small.csv,0.0008680555555555555,30,0.0091205,0.009089999999999999,0.009195,1.0180362918699633,False,False
gradient-compression,773ccccc257597721840d373c9f3e73e670a8d255c39e3a3e354a1d2571356c3,589824,1,512,0.0,0,bits-sq,512,128,8,upload_shared,/home/jirka/research/2024/bits-knn-jpdc2024/data/application-scaling/bw01-35760924/gradient-compression-small.csv,0.0008680555555555555,1,0.147868,0.147868,0.147868,1.2084291395028,False,False
gradient-compression,773ccccc257597721840d373c9f3e73e670a8d255c39e3a3e354a1d2571356c3,589824,1,512,0.0,0,bits-sq,512,128,13,download,/home/jirka/research/2024/bits-knn-jpdc2024/data/application-scaling/bw01-35760924/gradient-compression-small.csv,0.0008680555555555555,30,0.00898,0.008950000000000001,0.0090575,0.9125835189309576,False,False
gradient-compression,773ccccc257597721840d373c9f3e73e670a8d255c39e3a3e354a1d2571356c3,589824,1,512,0.0,0,bits-sq,512,128,13,operator,/home/jirka/research/2024/bits-knn-jpdc2024/data/application-scaling/bw01-35760924/gradient-compression-small.csv,0.0008680555555555555,30,0.20283800000000002,0.20273049999999998,0.2029855,0.18714195564933592,False,False
gradient-compression,773ccccc257597721840d373c9f3e73e670a8d255c39e3a3e354a1d2571356c3,589824,1,512,0.0,0,bits-sq,512,128,13,output_isolated,/home/jirka/research/2024/bits-knn-jpdc2024/data/application-scaling/bw01-35760924/gradient-compression-small.csv,0.0008680555555555555,30,0.008515,0.00846,0.00864,0.9876688197298885,False,False
gradient-compression,773ccccc257597721840d373c9f3e73e670a8d255c39e3a3e354a1d2571356c3,589824,1,512,0.0,0,bits-sq,512,128,13,selection_isolated,/home/jirka/research/2024/bits-knn-jpdc2024/data/application-scaling/bw01-35760924/gradient-compression-small.csv,0.0008680555555555555,30,0.1932025,0.19306025,0.1933255,0.14142674137239425,False,False
gradient-compression,773ccccc257597721840d373c9f3e73e670a8d255c39e3a3e354a1d2571356c3,589824,1,512,0.0,0,bits-sq,512,128,13,transform_isolated,/home/jirka/research/2024/bits-knn-jpdc2024/data/application-scaling/bw01-35760924/gradient-compression-small.csv,0.0008680555555555555,30,0.009171,0.0091125,0.009235,1.0124304874059535,False,False
gradient-compression,773ccccc257597721840d373c9f3e73e670a8d255c39e3a3e354a1d2571356c3,589824,1,512,0.0,0,bits-sq,512,128,13,upload_shared,/home/jirka/research/2024/bits-knn-jpdc2024/data/application-scaling/bw01-35760924/gradient-compression-small.csv,0.0008680555555555555,1,0.147428,0.147428,0.147428,1.2120357055647504,False,False
gradient-compression,773ccccc257597721840d373c9f3e73e670a8d255c39e3a3e354a1d2571356c3,589824,1,512,0.0,0,bits-sq,512,128,16,download,/home/jirka/research/2024/bits-knn-jpdc2024/data/application-scaling/bw01-35760924/gradient-compression-small.csv,0.0008680555555555555,30,0.00903,0.0089825,0.0091075,0.9075304540420819,False,False
gradient-compression,773ccccc257597721840d373c9f3e73e670a8d255c39e3a3e354a1d2571356c3,589824,1,512,0.0,0,bits-sq,512,128,16,operator,/home/jirka/research/2024/bits-knn-jpdc2024/data/application-scaling/bw01-35760924/gradient-compression-small.csv,0.0008680555555555555,30,0.19759300000000002,0.19741975000000003,0.19788299999999998,0.19210953829336058,False,False
gradient-compression,773ccccc257597721840d373c9f3e73e670a8d255c39e3a3e354a1d2571356c3,589824,1,512,0.0,0,bits-sq,512,128,16,output_isolated,/home/jirka/research/2024/bits-knn-jpdc2024/data/application-scaling/bw01-35760924/gradient-compression-small.csv,0.0008680555555555555,30,0.00851,0.00841,0.00863225,0.9882491186839014,False,False
gradient-compression,773ccccc257597721840d373c9f3e73e670a8d255c39e3a3e354a1d2571356c3,589824,1,512,0.0,0,bits-sq,512,128,16,selection_isolated,/home/jirka/research/2024/bits-knn-jpdc2024/data/application-scaling/bw01-35760924/gradient-compression-small.csv,0.0008680555555555555,30,0.187893,0.1875505,0.1881105,0.1454231929874982,False,False
gradient-compression,773ccccc257597721840d373c9f3e73e670a8d255c39e3a3e354a1d2571356c3,589824,1,512,0.0,0,bits-sq,512,128,16,transform_isolated,/home/jirka/research/2024/bits-knn-jpdc2024/data/application-scaling/bw01-35760924/gradient-compression-small.csv,0.0008680555555555555,30,0.009130000000000001,0.009065,0.00921,1.0169769989047097,False,False
gradient-compression,773ccccc257597721840d373c9f3e73e670a8d255c39e3a3e354a1d2571356c3,589824,1,512,0.0,0,bits-sq,512,128,16,upload_shared,/home/jirka/research/2024/bits-knn-jpdc2024/data/application-scaling/bw01-35760924/gradient-compression-small.csv,0.0008680555555555555,1,0.150018,0.150018,0.150018,1.191110400085323,False,False
gradient-compression,773ccccc257597721840d373c9f3e73e670a8d255c39e3a3e354a1d2571356c3,589824,1,512,0.0,0,bits-sq,512,256,4,download,/home/jirka/research/2024/bits-knn-jpdc2024/data/application-scaling/bw01-35760924/gradient-compression-small.csv,0.0008680555555555555,30,0.009000000000000001,0.00830275,0.009127500000000002,0.9105555555555553,False,False
gradient-compression,773ccccc257597721840d373c9f3e73e670a8d255c39e3a3e354a1d2571356c3,589824,1,512,0.0,0,bits-sq,512,256,4,operator,/home/jirka/research/2024/bits-knn-jpdc2024/data/application-scaling/bw01-35760924/gradient-compression-small.csv,0.0008680555555555555,30,0.2035225,0.20339724999999997,0.203692,0.18651254775270548,False,False
gradient-compression,773ccccc257597721840d373c9f3e73e670a8d255c39e3a3e354a1d2571356c3,589824,1,512,0.0,0,bits-sq,512,256,4,output_isolated,/home/jirka/research/2024/bits-knn-jpdc2024/data/application-scaling/bw01-35760924/gradient-compression-small.csv,0.0008680555555555555,30,0.00846,0.00841,0.00856,0.9940898345153665,False,False
gradient-compression,773ccccc257597721840d373c9f3e73e670a8d255c39e3a3e354a1d2571356c3,589824,1,512,0.0,0,bits-sq,512,256,4,selection_isolated,/home/jirka/research/2024/bits-knn-jpdc2024/data/application-scaling/bw01-35760924/gradient-compression-small.csv,0.0008680555555555555,30,0.193918,0.193778,0.1940355,0.14090491857383017,False,False
gradient-compression,773ccccc257597721840d373c9f3e73e670a8d255c39e3a3e354a1d2571356c3,589824,1,512,0.0,0,bits-sq,512,256,4,transform_isolated,/home/jirka/research/2024/bits-knn-jpdc2024/data/application-scaling/bw01-35760924/gradient-compression-small.csv,0.0008680555555555555,30,0.0091445,0.009072499999999999,0.00926675,1.0153644267045765,False,False
gradient-compression,773ccccc257597721840d373c9f3e73e670a8d255c39e3a3e354a1d2571356c3,589824,1,512,0.0,0,bits-sq,512,256,4,upload_shared,/home/jirka/research/2024/bits-knn-jpdc2024/data/application-scaling/bw01-35760924/gradient-compression-small.csv,0.0008680555555555555,1,0.15087799999999998,0.15087799999999998,0.15087799999999998,1.1843211071196598,False,False
gradient-compression,773ccccc257597721840d373c9f3e73e670a8d255c39e3a3e354a1d2571356c3,589824,1,512,0.0,0,bits-sq,512,256,7,download,/home/jirka/research/2024/bits-knn-jpdc2024/data/application-scaling/bw01-35760924/gradient-compression-small.csv,0.0008680555555555555,30,0.00894,0.0082825,0.0089775,0.9166666666666665,False,False
gradient-compression,773ccccc257597721840d373c9f3e73e670a8d255c39e3a3e354a1d2571356c3,589824,1,512,0.0,0,bits-sq,512,256,7,operator,/home/jirka/research/2024/bits-knn-jpdc2024/data/application-scaling/bw01-35760924/gradient-compression-small.csv,0.0008680555555555555,30,0.182638,0.182543,0.1827705,0.2078400989936377,False,False
gradient-compression,773ccccc257597721840d373c9f3e73e670a8d255c39e3a3e354a1d2571356c3,589824,1,512,0.0,0,bits-sq,512,256,7,output_isolated,/home/jirka/research/2024/bits-knn-jpdc2024/data/application-scaling/bw01-35760924/gradient-compression-small.csv,0.0008680555555555555,30,0.0084805,0.0083825,0.0085875,0.9916868109191675,False,False
gradient-compression,773ccccc257597721840d373c9f3e73e670a8d255c39e3a3e354a1d2571356c3,589824,1,512,0.0,0,bits-sq,512,256,7,selection_isolated,/home/jirka/research/2024/bits-knn-jpdc2024/data/application-scaling/bw01-35760924/gradient-compression-small.csv,0.0008680555555555555,30,0.172813,0.1727205,0.172968,0.15811310491687547,False,False
gradient-compression,773ccccc257597721840d373c9f3e73e670a8d255c39e3a3e354a1d2571356c3,589824,1,512,0.0,0,bits-sq,512,256,7,transform_isolated,/home/jirka/research/2024/bits-knn-jpdc2024/data/application-scaling/bw01-35760924/gradient-compression-small.csv,0.0008680555555555555,30,0.009160000000000001,0.0090225,0.009237500000000001,1.013646288209607,False,False
gradient-compression,773ccccc257597721840d373c9f3e73e670a8d255c39e3a3e354a1d2571356c3,589824,1,512,0.0,0,bits-sq,512,256,7,upload_shared,/home/jirka/research/2024/bits-knn-jpdc2024/data/application-scaling/bw01-35760924/gradient-compression-small.csv,0.0008680555555555555,1,0.152328,0.152328,0.152328,1.1730476340528335,False,False
gradient-compression,773ccccc257597721840d373c9f3e73e670a8d255c39e3a3e354a1d2571356c3,589824,1,512,0.0,0,bits-sq,512,256,8,download,/home/jirka/research/2024/bits-knn-jpdc2024/data/application-scaling/bw01-35760924/gradient-compression-small.csv,0.0008680555555555555,30,0.008995,0.00897,0.00904675,0.9110617009449694,False,False
gradient-compression,773ccccc257597721840d373c9f3e73e670a8d255c39e3a3e354a1d2571356c3,589824,1,512,0.0,0,bits-sq,512,256,8,operator,/home/jirka/research/2024/bits-knn-jpdc2024/data/application-scaling/bw01-35760924/gradient-compression-small.csv,0.0008680555555555555,30,0.178363,0.178198,0.1785405,0.21282160537779699,False,False
gradient-compression,773ccccc257597721840d373c9f3e73e670a8d255c39e3a3e354a1d2571356c3,589824,1,512,0.0,0,bits-sq,512,256,8,output_isolated,/home/jirka/research/2024/bits-knn-jpdc2024/data/application-scaling/bw01-35760924/gradient-compression-small.csv,0.0008680555555555555,30,0.008525,0.008450000000000001,0.008625,0.9865102639296189,False,False
gradient-compression,773ccccc257597721840d373c9f3e73e670a8d255c39e3a3e354a1d2571356c3,589824,1,512,0.0,0,bits-sq,512,256,8,selection_isolated,/home/jirka/research/2024/bits-knn-jpdc2024/data/application-scaling/bw01-35760924/gradient-compression-small.csv,0.0008680555555555555,30,0.16875800000000002,0.16860575,0.16896624999999998,0.16191232415648443,False,False
gradient-compression,773ccccc257597721840d373c9f3e73e670a8d255c39e3a3e354a1d2571356c3,589824,1,512,0.0,0,bits-sq,512,256,8,transform_isolated,/home/jirka/research/2024/bits-knn-jpdc2024/data/application-scaling/bw01-35760924/gradient-compression-small.csv,0.0008680555555555555,30,0.009139,0.009042499999999998,0.00923,1.0159754896597002,False,False
gradient-compression,773ccccc257597721840d373c9f3e73e670a8d255c39e3a3e354a1d2571356c3,589824,1,512,0.0,0,bits-sq,512,256,8,upload_shared,/home/jirka/research/2024/bits-knn-jpdc2024/data/application-scaling/bw01-35760924/gradient-compression-small.csv,0.0008680555555555555,1,0.145128,0.145128,0.145128,1.2312441431012624,False,False
gradient-compression,773ccccc257597721840d373c9f3e73e670a8d255c39e3a3e354a1d2571356c3,589824,1,512,0.0,0,bits-sq,512,256,13,download,/home/jirka/research/2024/bits-knn-jpdc2024/data/application-scaling/bw01-35760924/gradient-compression-small.csv,0.0008680555555555555,30,0.00906,0.00832,0.009089749999999999,0.9045253863134657,False,False
gradient-compression,773ccccc257597721840d373c9f3e73e670a8d255c39e3a3e354a1d2571356c3,589824,1,512,0.0,0,bits-sq,512,256,13,operator,/home/jirka/research/2024/bits-knn-jpdc2024/data/application-scaling/bw01-35760924/gradient-compression-small.csv,0.0008680555555555555,30,0.16878800000000002,0.1686205,0.168923,0.22489454226603783,False,False
gradient-compression,773ccccc257597721840d373c9f3e73e670a8d255c39e3a3e354a1d2571356c3,589824,1,512,0.0,0,bits-sq,512,256,13,output_isolated,/home/jirka/research/2024/bits-knn-jpdc2024/data/application-scaling/bw01-35760924/gradient-compression-small.csv,0.0008680555555555555,30,0.008485,0.00835525,0.008536750000000001,0.9911608721272835,False,False
gradient-compression,773ccccc257597721840d373c9f3e73e670a8d255c39e3a3e354a1d2571356c3,589824,1,512,0.0,0,bits-sq,512,256,13,selection_isolated,/home/jirka/research/2024/bits-knn-jpdc2024/data/application-scaling/bw01-35760924/gradient-compression-small.csv,0.0008680555555555555,30,0.159029,0.15879325,0.15919799999999998,0.17181771878085128,False,False
gradient-compression,773ccccc257597721840d373c9f3e73e670a8d255c39e3a3e354a1d2571356c3,589824,1,512,0.0,0,bits-sq,512,256,13,transform_isolated,/home/jirka/research/2024/bits-knn-jpdc2024/data/application-scaling/bw01-35760924/gradient-compression-small.csv,0.0008680555555555555,30,0.009114500000000001,0.009025,0.00919975,1.0187064567447472,False,False
gradient-compression,773ccccc257597721840d373c9f3e73e670a8d255c39e3a3e354a1d2571356c3,589824,1,512,0.0,0,bits-sq,512,256,13,upload_shared,/home/jirka/research/2024/bits-knn-jpdc2024/data/application-scaling/bw01-35760924/gradient-compression-small.csv,0.0008680555555555555,1,0.146808,0.146808,0.146808,1.2171543785079832,False,False
gradient-compression,773ccccc257597721840d373c9f3e73e670a8d255c39e3a3e354a1d2571356c3,589824,1,512,0.0,0,bits-sq,512,256,16,download,/home/jirka/research/2024/bits-knn-jpdc2024/data/application-scaling/bw01-35760924/gradient-compression-small.csv,0.0008680555555555555,30,0.00904,0.0089825,0.00914,0.9065265486725663,False,False
gradient-compression,773ccccc257597721840d373c9f3e73e670a8d255c39e3a3e354a1d2571356c3,589824,1,512,0.0,0,bits-sq,512,256,16,operator,/home/jirka/research/2024/bits-knn-jpdc2024/data/application-scaling/bw01-35760924/gradient-compression-small.csv,0.0008680555555555555,30,0.16664800000000002,0.166418,0.16675050000000002,0.2277825116413038,False,False
gradient-compression,773ccccc257597721840d373c9f3e73e670a8d255c39e3a3e354a1d2571356c3,589824,1,512,0.0,0,bits-sq,512,256,16,output_isolated,/home/jirka/research/2024/bits-knn-jpdc2024/data/application-scaling/bw01-35760924/gradient-compression-small.csv,0.0008680555555555555,30,0.0085145,0.0084125,0.00859,0.9877268189558989,False,False
gradient-compression,773ccccc257597721840d373c9f3e73e670a8d255c39e3a3e354a1d2571356c3,589824,1,512,0.0,0,bits-sq,512,256,16,selection_isolated,/home/jirka/research/2024/bits-knn-jpdc2024/data/application-scaling/bw01-35760924/gradient-compression-small.csv,0.0008680555555555555,30,0.156888,0.15667825,0.15706874999999998,0.17416245984396514,False,False
gradient-compression,773ccccc257597721840d373c9f3e73e670a8d255c39e3a3e354a1d2571356c3,589824,1,512,0.0,0,bits-sq,512,256,16,transform_isolated,/home/jirka/research/2024/bits-knn-jpdc2024/data/application-scaling/bw01-35760924/gradient-compression-small.csv,0.0008680555555555555,30,0.009185,0.009092499999999998,0.00925675,1.0108873162765377,False,False
gradient-compression,773ccccc257597721840d373c9f3e73e670a8d255c39e3a3e354a1d2571356c3,589824,1,512,0.0,0,bits-sq,512,256,16,upload_shared,/home/jirka/research/2024/bits-knn-jpdc2024/data/application-scaling/bw01-35760924/gradient-compression-small.csv,0.0008680555555555555,1,0.145908,0.145908,0.145908,1.2246621158538258,False,False
gradient-compression,773ccccc257597721840d373c9f3e73e670a8d255c39e3a3e354a1d2571356c3,589824,1,512,0.0,0,bits-sq,512,512,4,download,/home/jirka/research/2024/bits-knn-jpdc2024/data/application-scaling/bw01-35760924/gradient-compression-small.csv,0.0008680555555555555,30,0.00886,0.00743425,0.00898,0.9249435665914221,False,False
gradient-compression,773ccccc257597721840d373c9f3e73e670a8d255c39e3a3e354a1d2571356c3,589824,1,512,0.0,0,bits-sq,512,512,4,operator,/home/jirka/research/2024/bits-knn-jpdc2024/data/application-scaling/bw01-35760924/gradient-compression-small.csv,0.0008680555555555555,30,0.174123,0.17268550000000002,0.17453075,0.21800393974374438,False,False
gradient-compression,773ccccc257597721840d373c9f3e73e670a8d255c39e3a3e354a1d2571356c3,589824,1,512,0.0,0,bits-sq,512,512,4,output_isolated,/home/jirka/research/2024/bits-knn-jpdc2024/data/application-scaling/bw01-35760924/gradient-compression-small.csv,0.0008680555555555555,30,0.008349500000000001,0.00774,0.00846975,1.0072459428708305,False,False
gradient-compression,773ccccc257597721840d373c9f3e73e670a8d255c39e3a3e354a1d2571356c3,589824,1,512,0.0,0,bits-sq,512,512,4,selection_isolated,/home/jirka/research/2024/bits-knn-jpdc2024/data/application-scaling/bw01-35760924/gradient-compression-small.csv,0.0008680555555555555,30,0.16409800000000002,0.163629,0.16446775,0.16651025606649683,False,False
gradient-compression,773ccccc257597721840d373c9f3e73e670a8d255c39e3a3e354a1d2571356c3,589824,1,512,0.0,0,bits-sq,512,512,4,transform_isolated,/home/jirka/research/2024/bits-knn-jpdc2024/data/application-scaling/bw01-35760924/gradient-compression-small.csv,0.0008680555555555555,30,0.009045,0.008360000000000001,0.0091625,1.0265339966832505,False,False
gradient-compression,773ccccc257597721840d373c9f3e73e670a8d255c39e3a3e354a1d2571356c3,589824,1,512,0.0,0,bits-sq,512,512,4,upload_shared,/home/jirka/research/2024/bits-knn-jpdc2024/data/application-scaling/bw01-35760924/gradient-compression-small.csv,0.0008680555555555555,1,0.15061799999999997,0.15061799999999997,0.15061799999999997,1.1863655074426698,False,False
gradient-compression,773ccccc257597721840d373c9f3e73e670a8d255c39e3a3e354a1d2571356c3,589824,1,512,0.0,0,bits-sq,512,512,7,download,/home/jirka/research/2024/bits-knn-jpdc2024/data/application-scaling/bw01-35760924/gradient-compression-small.csv,0.0008680555555555555,30,0.0089555,0.0085375,0.0090175,0.9150801183630171,False,False
gradient-compression,773ccccc257597721840d373c9f3e73e670a8d255c39e3a3e354a1d2571356c3,589824,1,512,0.0,0,bits-sq,512,512,7,operator,/home/jirka/research/2024/bits-knn-jpdc2024/data/application-scaling/bw01-35760924/gradient-compression-small.csv,0.0008680555555555555,30,0.1715985,0.17143799999999998,0.17174774999999998,0.22121114112302848,False,False
gradient-compression,773ccccc257597721840d373c9f3e73e670a8d255c39e3a3e354a1d2571356c3,589824,1,512,0.0,0,bits-sq,512,512,7,output_isolated,/home/jirka/research/2024/bits-knn-jpdc2024/data/application-scaling/bw01-35760924/gradient-compression-small.csv,0.0008680555555555555,30,0.008395,0.00831,0.0084575,1.0017867778439549,False,False
gradient-compression,773ccccc257597721840d373c9f3e73e670a8d255c39e3a3e354a1d2571356c3,589824,1,512,0.0,0,bits-sq,512,512,7,selection_isolated,/home/jirka/research/2024/bits-knn-jpdc2024/data/application-scaling/bw01-35760924/gradient-compression-small.csv,0.0008680555555555555,30,0.1619135,0.1617405,0.1620855,0.1687567744505554,False,False
gradient-compression,773ccccc257597721840d373c9f3e73e670a8d255c39e3a3e354a1d2571356c3,589824,1,512,0.0,0,bits-sq,512,512,7,transform_isolated,/home/jirka/research/2024/bits-knn-jpdc2024/data/application-scaling/bw01-35760924/gradient-compression-small.csv,0.0008680555555555555,30,0.009145,0.0090825,0.009205,1.0153089119737562,False,False
gradient-compression,773ccccc257597721840d373c9f3e73e670a8d255c39e3a3e354a1d2571356c3,589824,1,512,0.0,0,bits-sq,512,512,7,upload_shared,/home/jirka/research/2024/bits-knn-jpdc2024/data/application-scaling/bw01-35760924/gradient-compression-small.csv,0.0008680555555555555,1,0.148269,0.148269,0.148269,1.2051608900039792,False,False
gradient-compression,773ccccc257597721840d373c9f3e73e670a8d255c39e3a3e354a1d2571356c3,589824,1,512,0.0,0,bits-sq,512,512,8,download,/home/jirka/research/2024/bits-knn-jpdc2024/data/application-scaling/bw01-35760924/gradient-compression-small.csv,0.0008680555555555555,30,0.008975,0.0089425,0.009075,0.9130919220055709,False,False
gradient-compression,773ccccc257597721840d373c9f3e73e670a8d255c39e3a3e354a1d2571356c3,589824,1,512,0.0,0,bits-sq,512,512,8,operator,/home/jirka/research/2024/bits-knn-jpdc2024/data/application-scaling/bw01-35760924/gradient-compression-small.csv,0.0008680555555555555,30,0.17417300000000002,0.17394375,0.1744205,0.21794135715639046,False,False
gradient-compression,773ccccc257597721840d373c9f3e73e670a8d255c39e3a3e354a1d2571356c3,589824,1,512,0.0,0,bits-sq,512,512,8,output_isolated,/home/jirka/research/2024/bits-knn-jpdc2024/data/application-scaling/bw01-35760924/gradient-compression-small.csv,0.0008680555555555555,30,0.008494999999999999,0.00836,0.0086175,0.9899941141848148,False,False
gradient-compression,773ccccc257597721840d373c9f3e73e670a8d255c39e3a3e354a1d2571356c3,589824,1,512,0.0,0,bits-sq,512,512,8,selection_isolated,/home/jirka/research/2024/bits-knn-jpdc2024/data/application-scaling/bw01-35760924/gradient-compression-small.csv,0.0008680555555555555,30,0.164488,0.16431374999999998,0.164613,0.16611546131024757,False,False
gradient-compression,773ccccc257597721840d373c9f3e73e670a8d255c39e3a3e354a1d2571356c3,589824,1,512,0.0,0,bits-sq,512,512,8,transform_isolated,/home/jirka/research/2024/bits-knn-jpdc2024/data/application-scaling/bw01-35760924/gradient-compression-small.csv,0.0008680555555555555,30,0.009155,0.0091125,0.0092575,1.0141998907700709,False,False
gradient-compression,773ccccc257597721840d373c9f3e73e670a8d255c39e3a3e354a1d2571356c3,589824,1,512,0.0,0,bits-sq,512,512,8,upload_shared,/home/jirka/research/2024/bits-knn-jpdc2024/data/application-scaling/bw01-35760924/gradient-compression-small.csv,0.0008680555555555555,1,0.150779,0.150779,0.150779,1.1850987206441217,False,False
gradient-compression,773ccccc257597721840d373c9f3e73e670a8d255c39e3a3e354a1d2571356c3,589824,1,512,0.0,0,bits-sq,512,512,13,download,/home/jirka/research/2024/bits-knn-jpdc2024/data/application-scaling/bw01-35760924/gradient-compression-small.csv,0.0008680555555555555,30,0.00898,0.008777499999999999,0.00899975,0.9125835189309576,False,False
gradient-compression,773ccccc257597721840d373c9f3e73e670a8d255c39e3a3e354a1d2571356c3,589824,1,512,0.0,0,bits-sq,512,512,13,operator,/home/jirka/research/2024/bits-knn-jpdc2024/data/application-scaling/bw01-35760924/gradient-compression-small.csv,0.0008680555555555555,30,0.193883,0.19371300000000002,0.1940855,0.19578560265727268,False,False
gradient-compression,773ccccc257597721840d373c9f3e73e670a8d255c39e3a3e354a1d2571356c3,589824,1,512,0.0,0,bits-sq,512,512,13,output_isolated,/home/jirka/research/2024/bits-knn-jpdc2024/data/application-scaling/bw01-35760924/gradient-compression-small.csv,0.0008680555555555555,30,0.008445000000000001,0.00836,0.00856425,0.9958555358200119,False,False
gradient-compression,773ccccc257597721840d373c9f3e73e670a8d255c39e3a3e354a1d2571356c3,589824,1,512,0.0,0,bits-sq,512,512,13,selection_isolated,/home/jirka/research/2024/bits-knn-jpdc2024/data/application-scaling/bw01-35760924/gradient-compression-small.csv,0.0008680555555555555,30,0.18409799999999998,0.1839205,0.18434775000000003,0.1484209497115667,False,False
gradient-compression,773ccccc257597721840d373c9f3e73e670a8d255c39e3a3e354a1d2571356c3,589824,1,512,0.0,0,bits-sq,512,512,13,transform_isolated,/home/jirka/research/2024/bits-knn-jpdc2024/data/application-scaling/bw01-35760924/gradient-compression-small.csv,0.0008680555555555555,30,0.009160000000000001,0.00909,0.00928,1.013646288209607,False,False
gradient-compression,773ccccc257597721840d373c9f3e73e670a8d255c39e3a3e354a1d2571356c3,589824,1,512,0.0,0,bits-sq,512,512,13,upload_shared,/home/jirka/research/2024/bits-knn-jpdc2024/data/application-scaling/bw01-35760924/gradient-compression-small.csv,0.0008680555555555555,1,0.148538,0.148538,0.148538,1.2029783624392412,False,False
gradient-compression,773ccccc257597721840d373c9f3e73e670a8d255c39e3a3e354a1d2571356c3,589824,1,512,0.0,0,bits-sq,512,512,16,download,/home/jirka/research/2024/bits-knn-jpdc2024/data/application-scaling/bw01-35760924/gradient-compression-small.csv,0.0008680555555555555,30,0.008975,0.008960000000000001,0.0089975,0.9130919220055709,False,False
gradient-compression,773ccccc257597721840d373c9f3e73e670a8d255c39e3a3e354a1d2571356c3,589824,1,512,0.0,0,bits-sq,512,512,16,operator,/home/jirka/research/2024/bits-knn-jpdc2024/data/application-scaling/bw01-35760924/gradient-compression-small.csv,0.0008680555555555555,30,0.1959175,0.19347525,0.19635049999999998,0.19375247234167445,False,False
gradient-compression,773ccccc257597721840d373c9f3e73e670a8d255c39e3a3e354a1d2571356c3,589824,1,512,0.0,0,bits-sq,512,512,16,output_isolated,/home/jirka/research/2024/bits-knn-jpdc2024/data/application-scaling/bw01-35760924/gradient-compression-small.csv,0.0008680555555555555,30,0.008425,0.00839,0.00859,0.998219584569733,False,False
gradient-compression,773ccccc257597721840d373c9f3e73e670a8d255c39e3a3e354a1d2571356c3,589824,1,512,0.0,0,bits-sq,512,512,16,selection_isolated,/home/jirka/research/2024/bits-knn-jpdc2024/data/application-scaling/bw01-35760924/gradient-compression-small.csv,0.0008680555555555555,30,0.186338,0.18592575,0.186498,0.14663675686118774,False,False
gradient-compression,773ccccc257597721840d373c9f3e73e670a8d255c39e3a3e354a1d2571356c3,589824,1,512,0.0,0,bits-sq,512,512,16,transform_isolated,/home/jirka/research/2024/bits-knn-jpdc2024/data/application-scaling/bw01-35760924/gradient-compression-small.csv,0.0008680555555555555,30,0.009165,0.009065,0.009226749999999999,1.0130932896890343,False,False
gradient-compression,773ccccc257597721840d373c9f3e73e670a8d255c39e3a3e354a1d2571356c3,589824,1,512,0.0,0,bits-sq,512,512,16,upload_shared,/home/jirka/research/2024/bits-knn-jpdc2024/data/application-scaling/bw01-35760924/gradient-compression-small.csv,0.0008680555555555555,1,0.147039,0.147039,0.147039,1.215242214650535,False,False
gradient-compression,773ccccc257597721840d373c9f3e73e670a8d255c39e3a3e354a1d2571356c3,589824,1,512,0.0,0,block-select,1,128,8,download,/home/jirka/research/2024/bits-knn-jpdc2024/data/application-scaling/bw01-35760924/gradient-compression-small.csv,0.0008680555555555555,30,0.0090355,0.008972500000000001,0.00918,0.9069780310995517,False,False
gradient-compression,773ccccc257597721840d373c9f3e73e670a8d255c39e3a3e354a1d2571356c3,589824,1,512,0.0,0,block-select,1,128,8,operator,/home/jirka/research/2024/bits-knn-jpdc2024/data/application-scaling/bw01-35760924/gradient-compression-small.csv,0.0008680555555555555,30,1.218857,1.21759375,1.219317,0.031143522168720364,False,False
gradient-compression,773ccccc257597721840d373c9f3e73e670a8d255c39e3a3e354a1d2571356c3,589824,1,512,0.0,0,block-select,1,128,8,output_isolated,/home/jirka/research/2024/bits-knn-jpdc2024/data/application-scaling/bw01-35760924/gradient-compression-small.csv,0.0008680555555555555,30,0.00902,0.00868,0.0092275,0.9323725055432374,False,False
gradient-compression,773ccccc257597721840d373c9f3e73e670a8d255c39e3a3e354a1d2571356c3,589824,1,512,0.0,0,block-select,1,128,8,selection_isolated,/home/jirka/research/2024/bits-knn-jpdc2024/data/application-scaling/bw01-35760924/gradient-compression-small.csv,0.0008680555555555555,30,1.2083620000000002,1.2047887499999999,1.20907675,0.022612429056855475,False,False
gradient-compression,773ccccc257597721840d373c9f3e73e670a8d255c39e3a3e354a1d2571356c3,589824,1,512,0.0,0,block-select,1,128,8,transform_isolated,/home/jirka/research/2024/bits-knn-jpdc2024/data/application-scaling/bw01-35760924/gradient-compression-small.csv,0.0008680555555555555,30,0.0092655,0.009214749999999999,0.009395,1.0021045815120608,False,False
gradient-compression,773ccccc257597721840d373c9f3e73e670a8d255c39e3a3e354a1d2571356c3,589824,1,512,0.0,0,block-select,1,128,8,upload_shared,/home/jirka/research/2024/bits-knn-jpdc2024/data/application-scaling/bw01-35760924/gradient-compression-small.csv,0.0008680555555555555,1,0.178688,0.178688,0.178688,1.0,False,False
gradient-compression,773ccccc257597721840d373c9f3e73e670a8d255c39e3a3e354a1d2571356c3,589824,1,512,0.0,0,grid-select,1,0,0,download,/home/jirka/research/2024/bits-knn-jpdc2024/data/application-scaling/bw01-35760924/gradient-compression-small.csv,0.0008680555555555555,30,0.009005,0.008969,0.00902675,0.9100499722376456,True,True
gradient-compression,773ccccc257597721840d373c9f3e73e670a8d255c39e3a3e354a1d2571356c3,589824,1,512,0.0,0,grid-select,1,0,0,operator,/home/jirka/research/2024/bits-knn-jpdc2024/data/application-scaling/bw01-35760924/gradient-compression-small.csv,0.0008680555555555555,30,0.088214,0.08757400000000001,0.08879075,0.4303115151789965,True,True
gradient-compression,773ccccc257597721840d373c9f3e73e670a8d255c39e3a3e354a1d2571356c3,589824,1,512,0.0,0,grid-select,1,0,0,output_isolated,/home/jirka/research/2024/bits-knn-jpdc2024/data/application-scaling/bw01-35760924/gradient-compression-small.csv,0.0008680555555555555,30,0.008494499999999999,0.008436750000000002,0.008539749999999999,0.9900523868385428,True,True
gradient-compression,773ccccc257597721840d373c9f3e73e670a8d255c39e3a3e354a1d2571356c3,589824,1,512,0.0,0,grid-select,1,0,0,selection_isolated,/home/jirka/research/2024/bits-knn-jpdc2024/data/application-scaling/bw01-35760924/gradient-compression-small.csv,0.0008680555555555555,30,0.077274,0.077129,0.07734475,0.3535988819007687,True,True
gradient-compression,773ccccc257597721840d373c9f3e73e670a8d255c39e3a3e354a1d2571356c3,589824,1,512,0.0,0,grid-select,1,0,0,transform_isolated,/home/jirka/research/2024/bits-knn-jpdc2024/data/application-scaling/bw01-35760924/gradient-compression-small.csv,0.0008680555555555555,30,0.0091995,0.009120000000000001,0.00929975,1.0092939833686614,True,True
gradient-compression,773ccccc257597721840d373c9f3e73e670a8d255c39e3a3e354a1d2571356c3,589824,1,512,0.0,0,grid-select,1,0,0,upload_shared,/home/jirka/research/2024/bits-knn-jpdc2024/data/application-scaling/bw01-35760924/gradient-compression-small.csv,0.0008680555555555555,1,0.178688,0.178688,0.178688,1.0,True,True
gradient-compression,773ccccc257597721840d373c9f3e73e670a8d255c39e3a3e354a1d2571356c3,589824,1,1024,0.0,0,air-topk,1,512,0,download,/home/jirka/research/2024/bits-knn-jpdc2024/data/application-scaling/bw01-35760924/gradient-compression-small.csv,0.001736111111111111,30,0.0085655,0.0084325,0.009255,1.0,True,True
gradient-compression,773ccccc257597721840d373c9f3e73e670a8d255c39e3a3e354a1d2571356c3,589824,1,1024,0.0,0,air-topk,1,512,0,operator,/home/jirka/research/2024/bits-knn-jpdc2024/data/application-scaling/bw01-35760924/gradient-compression-small.csv,0.001736111111111111,30,0.039555,0.03885,0.0412175,1.0,True,True
gradient-compression,773ccccc257597721840d373c9f3e73e670a8d255c39e3a3e354a1d2571356c3,589824,1,1024,0.0,0,air-topk,1,512,0,output_isolated,/home/jirka/research/2024/bits-knn-jpdc2024/data/application-scaling/bw01-35760924/gradient-compression-small.csv,0.001736111111111111,30,0.00847,0.008425,0.008531750000000001,1.0,True,True
gradient-compression,773ccccc257597721840d373c9f3e73e670a8d255c39e3a3e354a1d2571356c3,589824,1,1024,0.0,0,air-topk,1,512,0,selection_isolated,/home/jirka/research/2024/bits-knn-jpdc2024/data/application-scaling/bw01-35760924/gradient-compression-small.csv,0.001736111111111111,30,0.02786,0.027702249999999998,0.028124749999999997,1.0,True,True
gradient-compression,773ccccc257597721840d373c9f3e73e670a8d255c39e3a3e354a1d2571356c3,589824,1,1024,0.0,0,air-topk,1,512,0,transform_isolated,/home/jirka/research/2024/bits-knn-jpdc2024/data/application-scaling/bw01-35760924/gradient-compression-small.csv,0.001736111111111111,30,0.009439999999999999,0.0093625,0.00959,1.0,True,True
gradient-compression,773ccccc257597721840d373c9f3e73e670a8d255c39e3a3e354a1d2571356c3,589824,1,1024,0.0,0,air-topk,1,512,0,upload_shared,/home/jirka/research/2024/bits-knn-jpdc2024/data/application-scaling/bw01-35760924/gradient-compression-small.csv,0.001736111111111111,1,0.167379,0.167379,0.167379,1.0,True,True
gradient-compression,773ccccc257597721840d373c9f3e73e670a8d255c39e3a3e354a1d2571356c3,589824,1,1024,0.0,0,bits-prefetch,1,128,4,download,/home/jirka/research/2024/bits-knn-jpdc2024/data/application-scaling/bw01-35760924/gradient-compression-small.csv,0.001736111111111111,30,0.00935,0.0089225,0.009492750000000001,0.9160962566844919,False,False
gradient-compression,773ccccc257597721840d373c9f3e73e670a8d255c39e3a3e354a1d2571356c3,589824,1,1024,0.0,0,bits-prefetch,1,128,4,operator,/home/jirka/research/2024/bits-knn-jpdc2024/data/application-scaling/bw01-35760924/gradient-compression-small.csv,0.001736111111111111,30,0.559989,0.55975375,0.5603607500000001,0.07063531605085101,False,False
gradient-compression,773ccccc257597721840d373c9f3e73e670a8d255c39e3a3e354a1d2571356c3,589824,1,1024,0.0,0,bits-prefetch,1,128,4,output_isolated,/home/jirka/research/2024/bits-knn-jpdc2024/data/application-scaling/bw01-35760924/gradient-compression-small.csv,0.001736111111111111,30,0.0085895,0.008425,0.008834,0.9860876651725945,False,False
gradient-compression,773ccccc257597721840d373c9f3e73e670a8d255c39e3a3e354a1d2571356c3,589824,1,1024,0.0,0,bits-prefetch,1,128,4,selection_isolated,/home/jirka/research/2024/bits-knn-jpdc2024/data/application-scaling/bw01-35760924/gradient-compression-small.csv,0.001736111111111111,30,0.5502285,0.5500339999999999,0.5503589999999999,0.05063350953285771,False,False
gradient-compression,773ccccc257597721840d373c9f3e73e670a8d255c39e3a3e354a1d2571356c3,589824,1,1024,0.0,0,bits-prefetch,1,128,4,transform_isolated,/home/jirka/research/2024/bits-knn-jpdc2024/data/application-scaling/bw01-35760924/gradient-compression-small.csv,0.001736111111111111,30,0.009114500000000001,0.00908,0.009187500000000001,1.0357123265126993,False,False
gradient-compression,773ccccc257597721840d373c9f3e73e670a8d255c39e3a3e354a1d2571356c3,589824,1,1024,0.0,0,bits-prefetch,1,128,4,upload_shared,/home/jirka/research/2024/bits-knn-jpdc2024/data/application-scaling/bw01-35760924/gradient-compression-small.csv,0.001736111111111111,1,0.148639,0.148639,0.148639,1.126077274470361,False,False
gradient-compression,773ccccc257597721840d373c9f3e73e670a8d255c39e3a3e354a1d2571356c3,589824,1,1024,0.0,0,bits-prefetch,1,128,7,download,/home/jirka/research/2024/bits-knn-jpdc2024/data/application-scaling/bw01-35760924/gradient-compression-small.csv,0.001736111111111111,30,0.00926,0.00856225,0.009357500000000001,0.9250000000000002,False,False
gradient-compression,773ccccc257597721840d373c9f3e73e670a8d255c39e3a3e354a1d2571356c3,589824,1,1024,0.0,0,bits-prefetch,1,128,7,operator,/home/jirka/research/2024/bits-knn-jpdc2024/data/application-scaling/bw01-35760924/gradient-compression-small.csv,0.001736111111111111,30,0.4596,0.45939,0.46002,0.0860639686684073,False,False
gradient-compression,773ccccc257597721840d373c9f3e73e670a8d255c39e3a3e354a1d2571356c3,589824,1,1024,0.0,0,bits-prefetch,1,128,7,output_isolated,/home/jirka/research/2024/bits-knn-jpdc2024/data/application-scaling/bw01-35760924/gradient-compression-small.csv,0.001736111111111111,30,0.0086,0.0084925,0.008812249999999999,0.9848837209302326,False,False
gradient-compression,773ccccc257597721840d373c9f3e73e670a8d255c39e3a3e354a1d2571356c3,589824,1,1024,0.0,0,bits-prefetch,1,128,7,selection_isolated,/home/jirka/research/2024/bits-knn-jpdc2024/data/application-scaling/bw01-35760924/gradient-compression-small.csv,0.001736111111111111,30,0.450005,0.44986000000000004,0.450275,0.06191042321751981,False,False
gradient-compression,773ccccc257597721840d373c9f3e73e670a8d255c39e3a3e354a1d2571356c3,589824,1,1024,0.0,0,bits-prefetch,1,128,7,transform_isolated,/home/jirka/research/2024/bits-knn-jpdc2024/data/application-scaling/bw01-35760924/gradient-compression-small.csv,0.001736111111111111,30,0.009094999999999999,0.00903225,0.0091975,1.0379329301814184,False,False
gradient-compression,773ccccc257597721840d373c9f3e73e670a8d255c39e3a3e354a1d2571356c3,589824,1,1024,0.0,0,bits-prefetch,1,128,7,upload_shared,/home/jirka/research/2024/bits-knn-jpdc2024/data/application-scaling/bw01-35760924/gradient-compression-small.csv,0.001736111111111111,1,0.153208,0.153208,0.153208,1.0924951699650147,False,False
gradient-compression,773ccccc257597721840d373c9f3e73e670a8d255c39e3a3e354a1d2571356c3,589824,1,1024,0.0,0,bits-prefetch,1,128,8,download,/home/jirka/research/2024/bits-knn-jpdc2024/data/application-scaling/bw01-35760924/gradient-compression-small.csv,0.001736111111111111,30,0.00944,0.0093425,0.009755,0.9073622881355932,False,False
gradient-compression,773ccccc257597721840d373c9f3e73e670a8d255c39e3a3e354a1d2571356c3,589824,1,1024,0.0,0,bits-prefetch,1,128,8,operator,/home/jirka/research/2024/bits-knn-jpdc2024/data/application-scaling/bw01-35760924/gradient-compression-small.csv,0.001736111111111111,30,0.44992,0.44960249999999996,0.45019000000000003,0.0879156294452347,False,False
gradient-compression,773ccccc257597721840d373c9f3e73e670a8d255c39e3a3e354a1d2571356c3,589824,1,1024,0.0,0,bits-prefetch,1,128,8,output_isolated,/home/jirka/research/2024/bits-knn-jpdc2024/data/application-scaling/bw01-35760924/gradient-compression-small.csv,0.001736111111111111,30,0.0085645,0.008422250000000001,0.008775000000000002,0.9889660809154067,False,False
gradient-compression,773ccccc257597721840d373c9f3e73e670a8d255c39e3a3e354a1d2571356c3,589824,1,1024,0.0,0,bits-prefetch,1,128,8,selection_isolated,/home/jirka/research/2024/bits-knn-jpdc2024/data/application-scaling/bw01-35760924/gradient-compression-small.csv,0.001736111111111111,30,0.4401305,0.43985575,0.44042,0.06329940778928068,False,False
gradient-compression,773ccccc257597721840d373c9f3e73e670a8d255c39e3a3e354a1d2571356c3,589824,1,1024,0.0,0,bits-prefetch,1,128,8,transform_isolated,/home/jirka/research/2024/bits-knn-jpdc2024/data/application-scaling/bw01-35760924/gradient-compression-small.csv,0.001736111111111111,30,0.009125000000000001,0.009065,0.009219999999999999,1.0345205479452053,False,False
gradient-compression,773ccccc257597721840d373c9f3e73e670a8d255c39e3a3e354a1d2571356c3,589824,1,1024,0.0,0,bits-prefetch,1,128,8,upload_shared,/home/jirka/research/2024/bits-knn-jpdc2024/data/application-scaling/bw01-35760924/gradient-compression-small.csv,0.001736111111111111,1,0.153828,0.153828,0.153828,1.0880918948435916,False,False
gradient-compression,773ccccc257597721840d373c9f3e73e670a8d255c39e3a3e354a1d2571356c3,589824,1,1024,0.0,0,bits-prefetch,1,128,13,download,/home/jirka/research/2024/bits-knn-jpdc2024/data/application-scaling/bw01-35760924/gradient-compression-small.csv,0.001736111111111111,30,0.0092795,0.0085475,0.0094675,0.9230561991486611,False,False
gradient-compression,773ccccc257597721840d373c9f3e73e670a8d255c39e3a3e354a1d2571356c3,589824,1,1024,0.0,0,bits-prefetch,1,128,13,operator,/home/jirka/research/2024/bits-knn-jpdc2024/data/application-scaling/bw01-35760924/gradient-compression-small.csv,0.001736111111111111,30,0.3783305,0.3781325,0.3784935,0.10455144377733225,False,False
gradient-compression,773ccccc257597721840d373c9f3e73e670a8d255c39e3a3e354a1d2571356c3,589824,1,1024,0.0,0,bits-prefetch,1,128,13,output_isolated,/home/jirka/research/2024/bits-knn-jpdc2024/data/application-scaling/bw01-35760924/gradient-compression-small.csv,0.001736111111111111,30,0.00859,0.00846925,0.008905,0.9860302677532014,False,False
gradient-compression,773ccccc257597721840d373c9f3e73e670a8d255c39e3a3e354a1d2571356c3,589824,1,1024,0.0,0,bits-prefetch,1,128,13,selection_isolated,/home/jirka/research/2024/bits-knn-jpdc2024/data/application-scaling/bw01-35760924/gradient-compression-small.csv,0.001736111111111111,30,0.368626,0.3684385,0.3689085,0.07557795706217141,False,False
gradient-compression,773ccccc257597721840d373c9f3e73e670a8d255c39e3a3e354a1d2571356c3,589824,1,1024,0.0,0,bits-prefetch,1,128,13,transform_isolated,/home/jirka/research/2024/bits-knn-jpdc2024/data/application-scaling/bw01-35760924/gradient-compression-small.csv,0.001736111111111111,30,0.00911,0.00905925,0.009202499999999999,1.03622392974753,False,False
gradient-compression,773ccccc257597721840d373c9f3e73e670a8d255c39e3a3e354a1d2571356c3,589824,1,1024,0.0,0,bits-prefetch,1,128,13,upload_shared,/home/jirka/research/2024/bits-knn-jpdc2024/data/application-scaling/bw01-35760924/gradient-compression-small.csv,0.001736111111111111,1,0.149509,0.149509,0.149509,1.119524577115759,False,False
gradient-compression,773ccccc257597721840d373c9f3e73e670a8d255c39e3a3e354a1d2571356c3,589824,1,1024,0.0,0,bits-prefetch,1,128,16,download,/home/jirka/research/2024/bits-knn-jpdc2024/data/application-scaling/bw01-35760924/gradient-compression-small.csv,0.001736111111111111,30,0.009504499999999999,0.0093025,0.01015675,0.9012046925140724,False,False
gradient-compression,773ccccc257597721840d373c9f3e73e670a8d255c39e3a3e354a1d2571356c3,589824,1,1024,0.0,0,bits-prefetch,1,128,16,operator,/home/jirka/research/2024/bits-knn-jpdc2024/data/application-scaling/bw01-35760924/gradient-compression-small.csv,0.001736111111111111,30,0.366961,0.3664835,0.36728350000000004,0.10779074615558602,False,False
gradient-compression,773ccccc257597721840d373c9f3e73e670a8d255c39e3a3e354a1d2571356c3,589824,1,1024,0.0,0,bits-prefetch,1,128,16,output_isolated,/home/jirka/research/2024/bits-knn-jpdc2024/data/application-scaling/bw01-35760924/gradient-compression-small.csv,0.001736111111111111,30,0.00863,0.00849675,0.00884,0.9814600231749709,False,False
gradient-compression,773ccccc257597721840d373c9f3e73e670a8d255c39e3a3e354a1d2571356c3,589824,1,1024,0.0,0,bits-prefetch,1,128,16,selection_isolated,/home/jirka/research/2024/bits-knn-jpdc2024/data/application-scaling/bw01-35760924/gradient-compression-small.csv,0.001736111111111111,30,0.3570915,0.35665850000000004,0.35748874999999997,0.07801921916371574,False,False
gradient-compression,773ccccc257597721840d373c9f3e73e670a8d255c39e3a3e354a1d2571356c3,589824,1,1024,0.0,0,bits-prefetch,1,128,16,transform_isolated,/home/jirka/research/2024/bits-knn-jpdc2024/data/application-scaling/bw01-35760924/gradient-compression-small.csv,0.001736111111111111,30,0.0091545,0.00910225,0.0093275,1.0311868479982522,False,False
gradient-compression,773ccccc257597721840d373c9f3e73e670a8d255c39e3a3e354a1d2571356c3,589824,1,1024,0.0,0,bits-prefetch,1,128,16,upload_shared,/home/jirka/research/2024/bits-knn-jpdc2024/data/application-scaling/bw01-35760924/gradient-compression-small.csv,0.001736111111111111,1,0.14537799999999998,0.14537799999999998,0.14537799999999998,1.1513365158414617,False,False
gradient-compression,773ccccc257597721840d373c9f3e73e670a8d255c39e3a3e354a1d2571356c3,589824,1,1024,0.0,0,bits-prefetch,1,256,4,download,/home/jirka/research/2024/bits-knn-jpdc2024/data/application-scaling/bw01-35760924/gradient-compression-small.csv,0.001736111111111111,30,0.009285,0.008640000000000002,0.009474999999999999,0.922509423801831,False,False
gradient-compression,773ccccc257597721840d373c9f3e73e670a8d255c39e3a3e354a1d2571356c3,589824,1,1024,0.0,0,bits-prefetch,1,256,4,operator,/home/jirka/research/2024/bits-knn-jpdc2024/data/application-scaling/bw01-35760924/gradient-compression-small.csv,0.001736111111111111,30,0.36007100000000003,0.3563885,0.3602435,0.10985333448125507,False,False
gradient-compression,773ccccc257597721840d373c9f3e73e670a8d255c39e3a3e354a1d2571356c3,589824,1,1024,0.0,0,bits-prefetch,1,256,4,output_isolated,/home/jirka/research/2024/bits-knn-jpdc2024/data/application-scaling/bw01-35760924/gradient-compression-small.csv,0.001736111111111111,30,0.008519500000000001,0.00840725,0.00865,0.9941897998708843,False,False
gradient-compression,773ccccc257597721840d373c9f3e73e670a8d255c39e3a3e354a1d2571356c3,589824,1,1024,0.0,0,bits-prefetch,1,256,4,selection_isolated,/home/jirka/research/2024/bits-knn-jpdc2024/data/application-scaling/bw01-35760924/gradient-compression-small.csv,0.001736111111111111,30,0.34526650000000003,0.3447685,0.34996175,0.08069129208886468,False,False
gradient-compression,773ccccc257597721840d373c9f3e73e670a8d255c39e3a3e354a1d2571356c3,589824,1,1024,0.0,0,bits-prefetch,1,256,4,transform_isolated,/home/jirka/research/2024/bits-knn-jpdc2024/data/application-scaling/bw01-35760924/gradient-compression-small.csv,0.001736111111111111,30,0.009119500000000001,0.00908,0.00922825,1.0351444706398374,False,False
gradient-compression,773ccccc257597721840d373c9f3e73e670a8d255c39e3a3e354a1d2571356c3,589824,1,1024,0.0,0,bits-prefetch,1,256,4,upload_shared,/home/jirka/research/2024/bits-knn-jpdc2024/data/application-scaling/bw01-35760924/gradient-compression-small.csv,0.001736111111111111,1,0.14729899999999999,0.14729899999999999,0.14729899999999999,1.1363213599549218,False,False
gradient-compression,773ccccc257597721840d373c9f3e73e670a8d255c39e3a3e354a1d2571356c3,589824,1,1024,0.0,0,bits-prefetch,1,256,7,download,/home/jirka/research/2024/bits-knn-jpdc2024/data/application-scaling/bw01-35760924/gradient-compression-small.csv,0.001736111111111111,30,0.0094095,0.009269999999999999,0.010060000000000001,0.9103034167596579,False,False
gradient-compression,773ccccc257597721840d373c9f3e73e670a8d255c39e3a3e354a1d2571356c3,589824,1,1024,0.0,0,bits-prefetch,1,256,7,operator,/home/jirka/research/2024/bits-knn-jpdc2024/data/application-scaling/bw01-35760924/gradient-compression-small.csv,0.001736111111111111,30,0.32283649999999997,0.32267175,0.32304375,0.12252332062824373,False,False
gradient-compression,773ccccc257597721840d373c9f3e73e670a8d255c39e3a3e354a1d2571356c3,589824,1,1024,0.0,0,bits-prefetch,1,256,7,output_isolated,/home/jirka/research/2024/bits-knn-jpdc2024/data/application-scaling/bw01-35760924/gradient-compression-small.csv,0.001736111111111111,30,0.0087,0.00853475,0.00885425,0.9735632183908047,False,False
gradient-compression,773ccccc257597721840d373c9f3e73e670a8d255c39e3a3e354a1d2571356c3,589824,1,1024,0.0,0,bits-prefetch,1,256,7,selection_isolated,/home/jirka/research/2024/bits-knn-jpdc2024/data/application-scaling/bw01-35760924/gradient-compression-small.csv,0.001736111111111111,30,0.31298649999999995,0.31277875,0.31329625,0.0890134239016699,False,False
gradient-compression,773ccccc257597721840d373c9f3e73e670a8d255c39e3a3e354a1d2571356c3,589824,1,1024,0.0,0,bits-prefetch,1,256,7,transform_isolated,/home/jirka/research/2024/bits-knn-jpdc2024/data/application-scaling/bw01-35760924/gradient-compression-small.csv,0.001736111111111111,30,0.0092145,0.009135,0.009315,1.0244722990938193,False,False
gradient-compression,773ccccc257597721840d373c9f3e73e670a8d255c39e3a3e354a1d2571356c3,589824,1,1024,0.0,0,bits-prefetch,1,256,7,upload_shared,/home/jirka/research/2024/bits-knn-jpdc2024/data/application-scaling/bw01-35760924/gradient-compression-small.csv,0.001736111111111111,1,0.14183800000000002,0.14183800000000002,0.14183800000000002,1.1800716310156656,False,False
gradient-compression,773ccccc257597721840d373c9f3e73e670a8d255c39e3a3e354a1d2571356c3,589824,1,1024,0.0,0,bits-prefetch,1,256,8,download,/home/jirka/research/2024/bits-knn-jpdc2024/data/application-scaling/bw01-35760924/gradient-compression-small.csv,0.001736111111111111,30,0.0093945,0.00931,0.01000425,0.9117568790249614,False,False
gradient-compression,773ccccc257597721840d373c9f3e73e670a8d255c39e3a3e354a1d2571356c3,589824,1,1024,0.0,0,bits-prefetch,1,256,8,operator,/home/jirka/research/2024/bits-knn-jpdc2024/data/application-scaling/bw01-35760924/gradient-compression-small.csv,0.001736111111111111,30,0.29184200000000005,0.291687,0.29197675,0.1355356665593026,False,False
gradient-compression,773ccccc257597721840d373c9f3e73e670a8d255c39e3a3e354a1d2571356c3,589824,1,1024,0.0,0,bits-prefetch,1,256,8,output_isolated,/home/jirka/research/2024/bits-knn-jpdc2024/data/application-scaling/bw01-35760924/gradient-compression-small.csv,0.001736111111111111,30,0.008549500000000002,0.008482499999999999,0.008749999999999999,0.9907012105971108,False,False
gradient-compression,773ccccc257597721840d373c9f3e73e670a8d255c39e3a3e354a1d2571356c3,589824,1,1024,0.0,0,bits-prefetch,1,256,8,selection_isolated,/home/jirka/research/2024/bits-knn-jpdc2024/data/application-scaling/bw01-35760924/gradient-compression-small.csv,0.001736111111111111,30,0.28214700000000004,0.281942,0.28238925000000004,0.09874285390239838,False,False
gradient-compression,773ccccc257597721840d373c9f3e73e670a8d255c39e3a3e354a1d2571356c3,589824,1,1024,0.0,0,bits-prefetch,1,256,8,transform_isolated,/home/jirka/research/2024/bits-knn-jpdc2024/data/application-scaling/bw01-35760924/gradient-compression-small.csv,0.001736111111111111,30,0.009135,0.00904225,0.0092375,1.0333880678708263,False,False
gradient-compression,773ccccc257597721840d373c9f3e73e670a8d255c39e3a3e354a1d2571356c3,589824,1,1024,0.0,0,bits-prefetch,1,256,8,upload_shared,/home/jirka/research/2024/bits-knn-jpdc2024/data/application-scaling/bw01-35760924/gradient-compression-small.csv,0.001736111111111111,1,0.151928,0.151928,0.151928,1.1016994892317413,False,False
gradient-compression,773ccccc257597721840d373c9f3e73e670a8d255c39e3a3e354a1d2571356c3,589824,1,1024,0.0,0,bits-prefetch,1,256,13,download,/home/jirka/research/2024/bits-knn-jpdc2024/data/application-scaling/bw01-35760924/gradient-compression-small.csv,0.001736111111111111,30,0.009365,0.0092625,0.009561749999999999,0.9146289375333689,False,False
gradient-compression,773ccccc257597721840d373c9f3e73e670a8d255c39e3a3e354a1d2571356c3,589824,1,1024,0.0,0,bits-prefetch,1,256,13,operator,/home/jirka/research/2024/bits-knn-jpdc2024/data/application-scaling/bw01-35760924/gradient-compression-small.csv,0.001736111111111111,30,0.25742200000000004,0.2572795,0.25787024999999997,0.15365819549222676,False,False
gradient-compression,773ccccc257597721840d373c9f3e73e670a8d255c39e3a3e354a1d2571356c3,589824,1,1024,0.0,0,bits-prefetch,1,256,13,output_isolated,/home/jirka/research/2024/bits-knn-jpdc2024/data/application-scaling/bw01-35760924/gradient-compression-small.csv,0.001736111111111111,30,0.008555,0.008422500000000001,0.00864,0.9900642898889538,False,False
gradient-compression,773ccccc257597721840d373c9f3e73e670a8d255c39e3a3e354a1d2571356c3,589824,1,1024,0.0,0,bits-prefetch,1,256,13,selection_isolated,/home/jirka/research/2024/bits-knn-jpdc2024/data/application-scaling/bw01-35760924/gradient-compression-small.csv,0.001736111111111111,30,0.24768800000000002,0.24750525,0.24781450000000002,0.11248021704725299,False,False
gradient-compression,773ccccc257597721840d373c9f3e73e670a8d255c39e3a3e354a1d2571356c3,589824,1,1024,0.0,0,bits-prefetch,1,256,13,transform_isolated,/home/jirka/research/2024/bits-knn-jpdc2024/data/application-scaling/bw01-35760924/gradient-compression-small.csv,0.001736111111111111,30,0.009160000000000001,0.009049249999999998,0.0092575,1.0305676855895194,False,False
gradient-compression,773ccccc257597721840d373c9f3e73e670a8d255c39e3a3e354a1d2571356c3,589824,1,1024,0.0,0,bits-prefetch,1,256,13,upload_shared,/home/jirka/research/2024/bits-knn-jpdc2024/data/application-scaling/bw01-35760924/gradient-compression-small.csv,0.001736111111111111,1,0.148088,0.148088,0.148088,1.1302671384582141,False,False
gradient-compression,773ccccc257597721840d373c9f3e73e670a8d255c39e3a3e354a1d2571356c3,589824,1,1024,0.0,0,bits-prefetch,1,256,16,download,/home/jirka/research/2024/bits-knn-jpdc2024/data/application-scaling/bw01-35760924/gradient-compression-small.csv,0.001736111111111111,30,0.009274999999999999,0.00851,0.009375,0.9235040431266848,False,False
gradient-compression,773ccccc257597721840d373c9f3e73e670a8d255c39e3a3e354a1d2571356c3,589824,1,1024,0.0,0,bits-prefetch,1,256,16,operator,/home/jirka/research/2024/bits-knn-jpdc2024/data/application-scaling/bw01-35760924/gradient-compression-small.csv,0.001736111111111111,30,0.256942,0.25667199999999996,0.257087,0.15394524834398424,False,False
gradient-compression,773ccccc257597721840d373c9f3e73e670a8d255c39e3a3e354a1d2571356c3,589824,1,1024,0.0,0,bits-prefetch,1,256,16,output_isolated,/home/jirka/research/2024/bits-knn-jpdc2024/data/application-scaling/bw01-35760924/gradient-compression-small.csv,0.001736111111111111,30,0.0085,0.00843,0.0086675,0.9964705882352941,False,False
gradient-compression,773ccccc257597721840d373c9f3e73e670a8d255c39e3a3e354a1d2571356c3,589824,1,1024,0.0,0,bits-prefetch,1,256,16,selection_isolated,/home/jirka/research/2024/bits-knn-jpdc2024/data/application-scaling/bw01-35760924/gradient-compression-small.csv,0.001736111111111111,30,0.2470175,0.24678975000000003,0.24722025,0.11278553138947645,False,False
gradient-compression,773ccccc257597721840d373c9f3e73e670a8d255c39e3a3e354a1d2571356c3,589824,1,1024,0.0,0,bits-prefetch,1,256,16,transform_isolated,/home/jirka/research/2024/bits-knn-jpdc2024/data/application-scaling/bw01-35760924/gradient-compression-small.csv,0.001736111111111111,30,0.009185,0.009075,0.00924975,1.0277626565051712,False,False
gradient-compression,773ccccc257597721840d373c9f3e73e670a8d255c39e3a3e354a1d2571356c3,589824,1,1024,0.0,0,bits-prefetch,1,256,16,upload_shared,/home/jirka/research/2024/bits-knn-jpdc2024/data/application-scaling/bw01-35760924/gradient-compression-small.csv,0.001736111111111111,1,0.153278,0.153278,0.153278,1.0919962421221572,False,False
gradient-compression,773ccccc257597721840d373c9f3e73e670a8d255c39e3a3e354a1d2571356c3,589824,1,1024,0.0,0,bits-prefetch,1,512,4,download,/home/jirka/research/2024/bits-knn-jpdc2024/data/application-scaling/bw01-35760924/gradient-compression-small.csv,0.001736111111111111,30,0.009374500000000001,0.00877,0.0100675,0.9137020641100858,False,False
gradient-compression,773ccccc257597721840d373c9f3e73e670a8d255c39e3a3e354a1d2571356c3,589824,1,1024,0.0,0,bits-prefetch,1,512,4,operator,/home/jirka/research/2024/bits-knn-jpdc2024/data/application-scaling/bw01-35760924/gradient-compression-small.csv,0.001736111111111111,30,0.259887,0.2595845,0.26009699999999997,0.1522007641782775,False,False
gradient-compression,773ccccc257597721840d373c9f3e73e670a8d255c39e3a3e354a1d2571356c3,589824,1,1024,0.0,0,bits-prefetch,1,512,4,output_isolated,/home/jirka/research/2024/bits-knn-jpdc2024/data/application-scaling/bw01-35760924/gradient-compression-small.csv,0.001736111111111111,30,0.0086345,0.00851,0.0087575,0.9809485204702068,False,False
gradient-compression,773ccccc257597721840d373c9f3e73e670a8d255c39e3a3e354a1d2571356c3,589824,1,1024,0.0,0,bits-prefetch,1,512,4,selection_isolated,/home/jirka/research/2024/bits-knn-jpdc2024/data/application-scaling/bw01-35760924/gradient-compression-small.csv,0.001736111111111111,30,0.25001249999999997,0.24969475000000002,0.250302,0.11143442827858609,False,False
gradient-compression,773ccccc257597721840d373c9f3e73e670a8d255c39e3a3e354a1d2571356c3,589824,1,1024,0.0,0,bits-prefetch,1,512,4,transform_isolated,/home/jirka/research/2024/bits-knn-jpdc2024/data/application-scaling/bw01-35760924/gradient-compression-small.csv,0.001736111111111111,30,0.0091695,0.009092499999999998,0.00921675,1.0294999727356997,False,False
gradient-compression,773ccccc257597721840d373c9f3e73e670a8d255c39e3a3e354a1d2571356c3,589824,1,1024,0.0,0,bits-prefetch,1,512,4,upload_shared,/home/jirka/research/2024/bits-knn-jpdc2024/data/application-scaling/bw01-35760924/gradient-compression-small.csv,0.001736111111111111,1,0.147389,0.147389,0.147389,1.135627489161335,False,False
gradient-compression,773ccccc257597721840d373c9f3e73e670a8d255c39e3a3e354a1d2571356c3,589824,1,1024,0.0,0,bits-prefetch,1,512,7,download,/home/jirka/research/2024/bits-knn-jpdc2024/data/application-scaling/bw01-35760924/gradient-compression-small.csv,0.001736111111111111,30,0.00936,0.008815,0.009465,0.9151175213675213,False,False
gradient-compression,773ccccc257597721840d373c9f3e73e670a8d255c39e3a3e354a1d2571356c3,589824,1,1024,0.0,0,bits-prefetch,1,512,7,operator,/home/jirka/research/2024/bits-knn-jpdc2024/data/application-scaling/bw01-35760924/gradient-compression-small.csv,0.001736111111111111,30,0.233133,0.23274725,0.23339274999999998,0.16966709989576764,False,False
gradient-compression,773ccccc257597721840d373c9f3e73e670a8d255c39e3a3e354a1d2571356c3,589824,1,1024,0.0,0,bits-prefetch,1,512,7,output_isolated,/home/jirka/research/2024/bits-knn-jpdc2024/data/application-scaling/bw01-35760924/gradient-compression-small.csv,0.001736111111111111,30,0.008539999999999999,0.008452500000000002,0.008719750000000002,0.9918032786885247,False,False
gradient-compression,773ccccc257597721840d373c9f3e73e670a8d255c39e3a3e354a1d2571356c3,589824,1,1024,0.0,0,bits-prefetch,1,512,7,selection_isolated,/home/jirka/research/2024/bits-knn-jpdc2024/data/application-scaling/bw01-35760924/gradient-compression-small.csv,0.001736111111111111,30,0.2233075,0.223213,0.223448,0.12476069993170852,False,False
gradient-compression,773ccccc257597721840d373c9f3e73e670a8d255c39e3a3e354a1d2571356c3,589824,1,1024,0.0,0,bits-prefetch,1,512,7,transform_isolated,/home/jirka/research/2024/bits-knn-jpdc2024/data/application-scaling/bw01-35760924/gradient-compression-small.csv,0.001736111111111111,30,0.009165,0.009105,0.00923,1.0300054555373703,False,False
gradient-compression,773ccccc257597721840d373c9f3e73e670a8d255c39e3a3e354a1d2571356c3,589824,1,1024,0.0,0,bits-prefetch,1,512,7,upload_shared,/home/jirka/research/2024/bits-knn-jpdc2024/data/application-scaling/bw01-35760924/gradient-compression-small.csv,0.001736111111111111,1,0.15223799999999998,0.15223799999999998,0.15223799999999998,1.0994561147676665,False,False
gradient-compression,773ccccc257597721840d373c9f3e73e670a8d255c39e3a3e354a1d2571356c3,589824,1,1024,0.0,0,bits-prefetch,1,512,8,download,/home/jirka/research/2024/bits-knn-jpdc2024/data/application-scaling/bw01-35760924/gradient-compression-small.csv,0.001736111111111111,30,0.00937,0.00925,0.01009075,0.9141408751334045,False,False
gradient-compression,773ccccc257597721840d373c9f3e73e670a8d255c39e3a3e354a1d2571356c3,589824,1,1024,0.0,0,bits-prefetch,1,512,8,operator,/home/jirka/research/2024/bits-knn-jpdc2024/data/application-scaling/bw01-35760924/gradient-compression-small.csv,0.001736111111111111,30,0.2352175,0.2349295,0.2353545,0.16816350824237142,False,False
gradient-compression,773ccccc257597721840d373c9f3e73e670a8d255c39e3a3e354a1d2571356c3,589824,1,1024,0.0,0,bits-prefetch,1,512,8,output_isolated,/home/jirka/research/2024/bits-knn-jpdc2024/data/application-scaling/bw01-35760924/gradient-compression-small.csv,0.001736111111111111,30,0.008539999999999999,0.008450000000000001,0.008660000000000001,0.9918032786885247,False,False
gradient-compression,773ccccc257597721840d373c9f3e73e670a8d255c39e3a3e354a1d2571356c3,589824,1,1024,0.0,0,bits-prefetch,1,512,8,selection_isolated,/home/jirka/research/2024/bits-knn-jpdc2024/data/application-scaling/bw01-35760924/gradient-compression-small.csv,0.001736111111111111,30,0.22532750000000001,0.22519975,0.22565975,0.12364225405243479,False,False
gradient-compression,773ccccc257597721840d373c9f3e73e670a8d255c39e3a3e354a1d2571356c3,589824,1,1024,0.0,0,bits-prefetch,1,512,8,transform_isolated,/home/jirka/research/2024/bits-knn-jpdc2024/data/application-scaling/bw01-35760924/gradient-compression-small.csv,0.001736111111111111,30,0.00914,0.009085,0.009219749999999999,1.032822757111597,False,False
gradient-compression,773ccccc257597721840d373c9f3e73e670a8d255c39e3a3e354a1d2571356c3,589824,1,1024,0.0,0,bits-prefetch,1,512,8,upload_shared,/home/jirka/research/2024/bits-knn-jpdc2024/data/application-scaling/bw01-35760924/gradient-compression-small.csv,0.001736111111111111,1,0.151368,0.151368,0.151368,1.1057753289995242,False,False
gradient-compression,773ccccc257597721840d373c9f3e73e670a8d255c39e3a3e354a1d2571356c3,589824,1,1024,0.0,0,bits-prefetch,1,512,13,download,/home/jirka/research/2024/bits-knn-jpdc2024/data/application-scaling/bw01-35760924/gradient-compression-small.csv,0.001736111111111111,30,0.009285000000000002,0.008494999999999999,0.009385,0.9225094238018308,True,False
gradient-compression,773ccccc257597721840d373c9f3e73e670a8d255c39e3a3e354a1d2571356c3,589824,1,1024,0.0,0,bits-prefetch,1,512,13,operator,/home/jirka/research/2024/bits-knn-jpdc2024/data/application-scaling/bw01-35760924/gradient-compression-small.csv,0.001736111111111111,30,0.22481249999999997,0.22452450000000002,0.2250855,0.1759466221851543,True,False
gradient-compression,773ccccc257597721840d373c9f3e73e670a8d255c39e3a3e354a1d2571356c3,589824,1,1024,0.0,0,bits-prefetch,1,512,13,output_isolated,/home/jirka/research/2024/bits-knn-jpdc2024/data/application-scaling/bw01-35760924/gradient-compression-small.csv,0.001736111111111111,30,0.008555,0.008485,0.0086475,0.9900642898889538,True,False
gradient-compression,773ccccc257597721840d373c9f3e73e670a8d255c39e3a3e354a1d2571356c3,589824,1,1024,0.0,0,bits-prefetch,1,512,13,selection_isolated,/home/jirka/research/2024/bits-knn-jpdc2024/data/application-scaling/bw01-35760924/gradient-compression-small.csv,0.001736111111111111,30,0.2150125,0.21481974999999998,0.21525775000000003,0.12957386198476833,True,False
gradient-compression,773ccccc257597721840d373c9f3e73e670a8d255c39e3a3e354a1d2571356c3,589824,1,1024,0.0,0,bits-prefetch,1,512,13,transform_isolated,/home/jirka/research/2024/bits-knn-jpdc2024/data/application-scaling/bw01-35760924/gradient-compression-small.csv,0.001736111111111111,30,0.009135500000000001,0.00908,0.0092075,1.0333315089486068,True,False
gradient-compression,773ccccc257597721840d373c9f3e73e670a8d255c39e3a3e354a1d2571356c3,589824,1,1024,0.0,0,bits-prefetch,1,512,13,upload_shared,/home/jirka/research/2024/bits-knn-jpdc2024/data/application-scaling/bw01-35760924/gradient-compression-small.csv,0.001736111111111111,1,0.149548,0.149548,0.149548,1.1192326209645065,True,False
gradient-compression,773ccccc257597721840d373c9f3e73e670a8d255c39e3a3e354a1d2571356c3,589824,1,1024,0.0,0,bits-prefetch,1,512,16,download,/home/jirka/research/2024/bits-knn-jpdc2024/data/application-scaling/bw01-35760924/gradient-compression-small.csv,0.001736111111111111,30,0.009355,0.00928,0.009497499999999999,0.9156066274719401,False,False
gradient-compression,773ccccc257597721840d373c9f3e73e670a8d255c39e3a3e354a1d2571356c3,589824,1,1024,0.0,0,bits-prefetch,1,512,16,operator,/home/jirka/research/2024/bits-knn-jpdc2024/data/application-scaling/bw01-35760924/gradient-compression-small.csv,0.001736111111111111,30,0.2261075,0.2258195,0.22632975,0.17493891180080273,False,False
gradient-compression,773ccccc257597721840d373c9f3e73e670a8d255c39e3a3e354a1d2571356c3,589824,1,1024,0.0,0,bits-prefetch,1,512,16,output_isolated,/home/jirka/research/2024/bits-knn-jpdc2024/data/application-scaling/bw01-35760924/gradient-compression-small.csv,0.001736111111111111,30,0.008685,0.00859925,0.008785000000000001,0.97524467472654,False,False
gradient-compression,773ccccc257597721840d373c9f3e73e670a8d255c39e3a3e354a1d2571356c3,589824,1,1024,0.0,0,bits-prefetch,1,512,16,selection_isolated,/home/jirka/research/2024/bits-knn-jpdc2024/data/application-scaling/bw01-35760924/gradient-compression-small.csv,0.001736111111111111,30,0.2161325,0.2159405,0.21631225,0.1289024094016402,False,False
gradient-compression,773ccccc257597721840d373c9f3e73e670a8d255c39e3a3e354a1d2571356c3,589824,1,1024,0.0,0,bits-prefetch,1,512,16,transform_isolated,/home/jirka/research/2024/bits-knn-jpdc2024/data/application-scaling/bw01-35760924/gradient-compression-small.csv,0.001736111111111111,30,0.0093245,0.0092725,0.00941,1.0123867231486943,False,False
gradient-compression,773ccccc257597721840d373c9f3e73e670a8d255c39e3a3e354a1d2571356c3,589824,1,1024,0.0,0,bits-prefetch,1,512,16,upload_shared,/home/jirka/research/2024/bits-knn-jpdc2024/data/application-scaling/bw01-35760924/gradient-compression-small.csv,0.001736111111111111,1,0.167379,0.167379,0.167379,1.0,False,False
gradient-compression,773ccccc257597721840d373c9f3e73e670a8d255c39e3a3e354a1d2571356c3,589824,1,1024,0.0,0,bits-sq,8,128,4,download,/home/jirka/research/2024/bits-knn-jpdc2024/data/application-scaling/bw01-35760924/gradient-compression-small.csv,0.001736111111111111,30,0.00931,0.008445000000000001,0.009375,0.920032223415682,False,False
gradient-compression,773ccccc257597721840d373c9f3e73e670a8d255c39e3a3e354a1d2571356c3,589824,1,1024,0.0,0,bits-sq,8,128,4,operator,/home/jirka/research/2024/bits-knn-jpdc2024/data/application-scaling/bw01-35760924/gradient-compression-small.csv,0.001736111111111111,30,0.1962225,0.195673,0.1964805,0.20158238734090128,False,False
gradient-compression,773ccccc257597721840d373c9f3e73e670a8d255c39e3a3e354a1d2571356c3,589824,1,1024,0.0,0,bits-sq,8,128,4,output_isolated,/home/jirka/research/2024/bits-knn-jpdc2024/data/application-scaling/bw01-35760924/gradient-compression-small.csv,0.001736111111111111,30,0.00851,0.008392499999999999,0.00856,0.9952996474735605,False,False
gradient-compression,773ccccc257597721840d373c9f3e73e670a8d255c39e3a3e354a1d2571356c3,589824,1,1024,0.0,0,bits-sq,8,128,4,selection_isolated,/home/jirka/research/2024/bits-knn-jpdc2024/data/application-scaling/bw01-35760924/gradient-compression-small.csv,0.001736111111111111,30,0.1863825,0.186028,0.18657549999999998,0.14947755288184245,False,False
gradient-compression,773ccccc257597721840d373c9f3e73e670a8d255c39e3a3e354a1d2571356c3,589824,1,1024,0.0,0,bits-sq,8,128,4,transform_isolated,/home/jirka/research/2024/bits-knn-jpdc2024/data/application-scaling/bw01-35760924/gradient-compression-small.csv,0.001736111111111111,30,0.009085,0.009000000000000001,0.0091375,1.039075399009356,False,False
gradient-compression,773ccccc257597721840d373c9f3e73e670a8d255c39e3a3e354a1d2571356c3,589824,1,1024,0.0,0,bits-sq,8,128,4,upload_shared,/home/jirka/research/2024/bits-knn-jpdc2024/data/application-scaling/bw01-35760924/gradient-compression-small.csv,0.001736111111111111,1,0.148639,0.148639,0.148639,1.126077274470361,False,False
gradient-compression,773ccccc257597721840d373c9f3e73e670a8d255c39e3a3e354a1d2571356c3,589824,1,1024,0.0,0,bits-sq,8,128,7,download,/home/jirka/research/2024/bits-knn-jpdc2024/data/application-scaling/bw01-35760924/gradient-compression-small.csv,0.001736111111111111,30,0.00926,0.008565,0.009340000000000001,0.9250000000000002,False,False
gradient-compression,773ccccc257597721840d373c9f3e73e670a8d255c39e3a3e354a1d2571356c3,589824,1,1024,0.0,0,bits-sq,8,128,7,operator,/home/jirka/research/2024/bits-knn-jpdc2024/data/application-scaling/bw01-35760924/gradient-compression-small.csv,0.001736111111111111,30,0.1859425,0.18585049999999997,0.186043,0.2127270527179101,False,False
gradient-compression,773ccccc257597721840d373c9f3e73e670a8d255c39e3a3e354a1d2571356c3,589824,1,1024,0.0,0,bits-sq,8,128,7,output_isolated,/home/jirka/research/2024/bits-knn-jpdc2024/data/application-scaling/bw01-35760924/gradient-compression-small.csv,0.001736111111111111,30,0.008539999999999999,0.00848,0.00867,0.9918032786885247,False,False
gradient-compression,773ccccc257597721840d373c9f3e73e670a8d255c39e3a3e354a1d2571356c3,589824,1,1024,0.0,0,bits-sq,8,128,7,selection_isolated,/home/jirka/research/2024/bits-knn-jpdc2024/data/application-scaling/bw01-35760924/gradient-compression-small.csv,0.001736111111111111,30,0.17622300000000002,0.17608050000000003,0.176363,0.158095140815898,False,False
gradient-compression,773ccccc257597721840d373c9f3e73e670a8d255c39e3a3e354a1d2571356c3,589824,1,1024,0.0,0,bits-sq,8,128,7,transform_isolated,/home/jirka/research/2024/bits-knn-jpdc2024/data/application-scaling/bw01-35760924/gradient-compression-small.csv,0.001736111111111111,30,0.00906,0.00901,0.009127500000000002,1.041942604856512,False,False
gradient-compression,773ccccc257597721840d373c9f3e73e670a8d255c39e3a3e354a1d2571356c3,589824,1,1024,0.0,0,bits-sq,8,128,7,upload_shared,/home/jirka/research/2024/bits-knn-jpdc2024/data/application-scaling/bw01-35760924/gradient-compression-small.csv,0.001736111111111111,1,0.153208,0.153208,0.153208,1.0924951699650147,False,False
gradient-compression,773ccccc257597721840d373c9f3e73e670a8d255c39e3a3e354a1d2571356c3,589824,1,1024,0.0,0,bits-sq,8,128,8,download,/home/jirka/research/2024/bits-knn-jpdc2024/data/application-scaling/bw01-35760924/gradient-compression-small.csv,0.001736111111111111,30,0.009375,0.009319250000000001,0.009487500000000001,0.9136533333333334,False,False
gradient-compression,773ccccc257597721840d373c9f3e73e670a8d255c39e3a3e354a1d2571356c3,589824,1,1024,0.0,0,bits-sq,8,128,8,operator,/home/jirka/research/2024/bits-knn-jpdc2024/data/application-scaling/bw01-35760924/gradient-compression-small.csv,0.001736111111111111,30,0.18342350000000002,0.1831605,0.183598,0.21564848560844166,False,False
gradient-compression,773ccccc257597721840d373c9f3e73e670a8d255c39e3a3e354a1d2571356c3,589824,1,1024,0.0,0,bits-sq,8,128,8,output_isolated,/home/jirka/research/2024/bits-knn-jpdc2024/data/application-scaling/bw01-35760924/gradient-compression-small.csv,0.001736111111111111,30,0.008535,0.00846,0.008645,0.9923842999414177,False,False
gradient-compression,773ccccc257597721840d373c9f3e73e670a8d255c39e3a3e354a1d2571356c3,589824,1,1024,0.0,0,bits-sq,8,128,8,selection_isolated,/home/jirka/research/2024/bits-knn-jpdc2024/data/application-scaling/bw01-35760924/gradient-compression-small.csv,0.001736111111111111,30,0.1735585,0.173343,0.173703,0.16052224466102208,False,False
gradient-compression,773ccccc257597721840d373c9f3e73e670a8d255c39e3a3e354a1d2571356c3,589824,1,1024,0.0,0,bits-sq,8,128,8,transform_isolated,/home/jirka/research/2024/bits-knn-jpdc2024/data/application-scaling/bw01-35760924/gradient-compression-small.csv,0.001736111111111111,30,0.009045,0.00898,0.00914425,1.0436705362078496,False,False
gradient-compression,773ccccc257597721840d373c9f3e73e670a8d255c39e3a3e354a1d2571356c3,589824,1,1024,0.0,0,bits-sq,8,128,8,upload_shared,/home/jirka/research/2024/bits-knn-jpdc2024/data/application-scaling/bw01-35760924/gradient-compression-small.csv,0.001736111111111111,1,0.153828,0.153828,0.153828,1.0880918948435916,False,False
gradient-compression,773ccccc257597721840d373c9f3e73e670a8d255c39e3a3e354a1d2571356c3,589824,1,1024,0.0,0,bits-sq,8,128,13,download,/home/jirka/research/2024/bits-knn-jpdc2024/data/application-scaling/bw01-35760924/gradient-compression-small.csv,0.001736111111111111,30,0.00929,0.008834999999999999,0.009355,0.9220129171151776,False,False
gradient-compression,773ccccc257597721840d373c9f3e73e670a8d255c39e3a3e354a1d2571356c3,589824,1,1024,0.0,0,bits-sq,8,128,13,operator,/home/jirka/research/2024/bits-knn-jpdc2024/data/application-scaling/bw01-35760924/gradient-compression-small.csv,0.001736111111111111,30,0.17728300000000002,0.17714049999999998,0.1774105,0.2231178398379991,False,False
gradient-compression,773ccccc257597721840d373c9f3e73e670a8d255c39e3a3e354a1d2571356c3,589824,1,1024,0.0,0,bits-sq,8,128,13,output_isolated,/home/jirka/research/2024/bits-knn-jpdc2024/data/application-scaling/bw01-35760924/gradient-compression-small.csv,0.001736111111111111,30,0.0086,0.00850925,0.008677500000000001,0.9848837209302326,False,False
gradient-compression,773ccccc257597721840d373c9f3e73e670a8d255c39e3a3e354a1d2571356c3,589824,1,1024,0.0,0,bits-sq,8,128,13,selection_isolated,/home/jirka/research/2024/bits-knn-jpdc2024/data/application-scaling/bw01-35760924/gradient-compression-small.csv,0.001736111111111111,30,0.167368,0.167238,0.1676205,0.16645953826298934,False,False
gradient-compression,773ccccc257597721840d373c9f3e73e670a8d255c39e3a3e354a1d2571356c3,589824,1,1024,0.0,0,bits-sq,8,128,13,transform_isolated,/home/jirka/research/2024/bits-knn-jpdc2024/data/application-scaling/bw01-35760924/gradient-compression-small.csv,0.001736111111111111,30,0.00911,0.00904,0.009126750000000001,1.03622392974753,False,False
gradient-compression,773ccccc257597721840d373c9f3e73e670a8d255c39e3a3e354a1d2571356c3,589824,1,1024,0.0,0,bits-sq,8,128,13,upload_shared,/home/jirka/research/2024/bits-knn-jpdc2024/data/application-scaling/bw01-35760924/gradient-compression-small.csv,0.001736111111111111,1,0.149509,0.149509,0.149509,1.119524577115759,False,False
gradient-compression,773ccccc257597721840d373c9f3e73e670a8d255c39e3a3e354a1d2571356c3,589824,1,1024,0.0,0,bits-sq,8,128,16,download,/home/jirka/research/2024/bits-knn-jpdc2024/data/application-scaling/bw01-35760924/gradient-compression-small.csv,0.001736111111111111,30,0.00938,0.009335,0.010146750000000001,0.9131663113006397,False,False
gradient-compression,773ccccc257597721840d373c9f3e73e670a8d255c39e3a3e354a1d2571356c3,589824,1,1024,0.0,0,bits-sq,8,128,16,operator,/home/jirka/research/2024/bits-knn-jpdc2024/data/application-scaling/bw01-35760924/gradient-compression-small.csv,0.001736111111111111,30,0.17625800000000003,0.1761705,0.176673,0.2244153456864369,False,False
gradient-compression,773ccccc257597721840d373c9f3e73e670a8d255c39e3a3e354a1d2571356c3,589824,1,1024,0.0,0,bits-sq,8,128,16,output_isolated,/home/jirka/research/2024/bits-knn-jpdc2024/data/application-scaling/bw01-35760924/gradient-compression-small.csv,0.001736111111111111,30,0.008604500000000001,0.00849225,0.00882,0.9843686443140216,False,False
gradient-compression,773ccccc257597721840d373c9f3e73e670a8d255c39e3a3e354a1d2571356c3,589824,1,1024,0.0,0,bits-sq,8,128,16,selection_isolated,/home/jirka/research/2024/bits-knn-jpdc2024/data/application-scaling/bw01-35760924/gradient-compression-small.csv,0.001736111111111111,30,0.166398,0.166268,0.166683,0.16742989699395425,False,False
gradient-compression,773ccccc257597721840d373c9f3e73e670a8d255c39e3a3e354a1d2571356c3,589824,1,1024,0.0,0,bits-sq,8,128,16,transform_isolated,/home/jirka/research/2024/bits-knn-jpdc2024/data/application-scaling/bw01-35760924/gradient-compression-small.csv,0.001736111111111111,30,0.00914,0.009089999999999999,0.00922975,1.032822757111597,False,False
gradient-compression,773ccccc257597721840d373c9f3e73e670a8d255c39e3a3e354a1d2571356c3,589824,1,1024,0.0,0,bits-sq,8,128,16,upload_shared,/home/jirka/research/2024/bits-knn-jpdc2024/data/application-scaling/bw01-35760924/gradient-compression-small.csv,0.001736111111111111,1,0.14537799999999998,0.14537799999999998,0.14537799999999998,1.1513365158414617,False,False
gradient-compression,773ccccc257597721840d373c9f3e73e670a8d255c39e3a3e354a1d2571356c3,589824,1,1024,0.0,0,bits-sq,8,256,4,download,/home/jirka/research/2024/bits-knn-jpdc2024/data/application-scaling/bw01-35760924/gradient-compression-small.csv,0.001736111111111111,30,0.00928,0.00856225,0.009365,0.9230064655172414,False,False
gradient-compression,773ccccc257597721840d373c9f3e73e670a8d255c39e3a3e354a1d2571356c3,589824,1,1024,0.0,0,bits-sq,8,256,4,operator,/home/jirka/research/2024/bits-knn-jpdc2024/data/application-scaling/bw01-35760924/gradient-compression-small.csv,0.001736111111111111,30,0.14252350000000003,0.1420015,0.14278649999999998,0.27753317873894473,False,False
gradient-compression,773ccccc257597721840d373c9f3e73e670a8d255c39e3a3e354a1d2571356c3,589824,1,1024,0.0,0,bits-sq,8,256,4,output_isolated,/home/jirka/research/2024/bits-knn-jpdc2024/data/application-scaling/bw01-35760924/gradient-compression-small.csv,0.001736111111111111,30,0.00851,0.008415,0.0085925,0.9952996474735605,False,False
gradient-compression,773ccccc257597721840d373c9f3e73e670a8d255c39e3a3e354a1d2571356c3,589824,1,1024,0.0,0,bits-sq,8,256,4,selection_isolated,/home/jirka/research/2024/bits-knn-jpdc2024/data/application-scaling/bw01-35760924/gradient-compression-small.csv,0.001736111111111111,30,0.1325635,0.132409,0.13271899999999998,0.2101634311103735,False,False
gradient-compression,773ccccc257597721840d373c9f3e73e670a8d255c39e3a3e354a1d2571356c3,589824,1,1024,0.0,0,bits-sq,8,256,4,transform_isolated,/home/jirka/research/2024/bits-knn-jpdc2024/data/application-scaling/bw01-35760924/gradient-compression-small.csv,0.001736111111111111,30,0.009094999999999999,0.00899025,0.0091375,1.0379329301814184,False,False
gradient-compression,773ccccc257597721840d373c9f3e73e670a8d255c39e3a3e354a1d2571356c3,589824,1,1024,0.0,0,bits-sq,8,256,4,upload_shared,/home/jirka/research/2024/bits-knn-jpdc2024/data/application-scaling/bw01-35760924/gradient-compression-small.csv,0.001736111111111111,1,0.14729899999999999,0.14729899999999999,0.14729899999999999,1.1363213599549218,False,False
gradient-compression,773ccccc257597721840d373c9f3e73e670a8d255c39e3a3e354a1d2571356c3,589824,1,1024,0.0,0,bits-sq,8,256,7,download,/home/jirka/research/2024/bits-knn-jpdc2024/data/application-scaling/bw01-35760924/gradient-compression-small.csv,0.001736111111111111,30,0.0093445,0.00926,0.0093875,0.9166354540103804,False,False
gradient-compression,773ccccc257597721840d373c9f3e73e670a8d255c39e3a3e354a1d2571356c3,589824,1,1024,0.0,0,bits-sq,8,256,7,operator,/home/jirka/research/2024/bits-knn-jpdc2024/data/application-scaling/bw01-35760924/gradient-compression-small.csv,0.001736111111111111,30,0.138994,0.13872400000000001,0.13927075,0.2845806293796854,False,False
gradient-compression,773ccccc257597721840d373c9f3e73e670a8d255c39e3a3e354a1d2571356c3,589824,1,1024,0.0,0,bits-sq,8,256,7,output_isolated,/home/jirka/research/2024/bits-knn-jpdc2024/data/application-scaling/bw01-35760924/gradient-compression-small.csv,0.001736111111111111,30,0.0086245,0.008555,0.008788250000000001,0.9820859180242333,False,False
gradient-compression,773ccccc257597721840d373c9f3e73e670a8d255c39e3a3e354a1d2571356c3,589824,1,1024,0.0,0,bits-sq,8,256,7,selection_isolated,/home/jirka/research/2024/bits-knn-jpdc2024/data/application-scaling/bw01-35760924/gradient-compression-small.csv,0.001736111111111111,30,0.129118,0.12894650000000002,0.12926875000000002,0.21577161975867035,False,False
gradient-compression,773ccccc257597721840d373c9f3e73e670a8d255c39e3a3e354a1d2571356c3,589824,1,1024,0.0,0,bits-sq,8,256,7,transform_isolated,/home/jirka/research/2024/bits-knn-jpdc2024/data/application-scaling/bw01-35760924/gradient-compression-small.csv,0.001736111111111111,30,0.009135,0.009042499999999998,0.00923175,1.0333880678708263,False,False
gradient-compression,773ccccc257597721840d373c9f3e73e670a8d255c39e3a3e354a1d2571356c3,589824,1,1024,0.0,0,bits-sq,8,256,7,upload_shared,/home/jirka/research/2024/bits-knn-jpdc2024/data/application-scaling/bw01-35760924/gradient-compression-small.csv,0.001736111111111111,1,0.14183800000000002,0.14183800000000002,0.14183800000000002,1.1800716310156656,False,False
gradient-compression,773ccccc257597721840d373c9f3e73e670a8d255c39e3a3e354a1d2571356c3,589824,1,1024,0.0,0,bits-sq,8,256,8,download,/home/jirka/research/2024/bits-knn-jpdc2024/data/application-scaling/bw01-35760924/gradient-compression-small.csv,0.001736111111111111,30,0.00937,0.0092825,0.00943,0.9141408751334045,False,False
gradient-compression,773ccccc257597721840d373c9f3e73e670a8d255c39e3a3e354a1d2571356c3,589824,1,1024,0.0,0,bits-sq,8,256,8,operator,/home/jirka/research/2024/bits-knn-jpdc2024/data/application-scaling/bw01-35760924/gradient-compression-small.csv,0.001736111111111111,30,0.1343585,0.13416650000000002,0.13447574999999998,0.2943989401489299,False,False
gradient-compression,773ccccc257597721840d373c9f3e73e670a8d255c39e3a3e354a1d2571356c3,589824,1,1024,0.0,0,bits-sq,8,256,8,output_isolated,/home/jirka/research/2024/bits-knn-jpdc2024/data/application-scaling/bw01-35760924/gradient-compression-small.csv,0.001736111111111111,30,0.008549500000000002,0.008452500000000002,0.00868725,0.9907012105971108,False,False
gradient-compression,773ccccc257597721840d373c9f3e73e670a8d255c39e3a3e354a1d2571356c3,589824,1,1024,0.0,0,bits-sq,8,256,8,selection_isolated,/home/jirka/research/2024/bits-knn-jpdc2024/data/application-scaling/bw01-35760924/gradient-compression-small.csv,0.001736111111111111,30,0.1244935,0.12433150000000001,0.12456575,0.2237867840489664,False,False
gradient-compression,773ccccc257597721840d373c9f3e73e670a8d255c39e3a3e354a1d2571356c3,589824,1,1024,0.0,0,bits-sq,8,256,8,transform_isolated,/home/jirka/research/2024/bits-knn-jpdc2024/data/application-scaling/bw01-35760924/gradient-compression-small.csv,0.001736111111111111,30,0.009099999999999999,0.00906,0.00920475,1.0373626373626375,False,False
gradient-compression,773ccccc257597721840d373c9f3e73e670a8d255c39e3a3e354a1d2571356c3,589824,1,1024,0.0,0,bits-sq,8,256,8,upload_shared,/home/jirka/research/2024/bits-knn-jpdc2024/data/application-scaling/bw01-35760924/gradient-compression-small.csv,0.001736111111111111,1,0.151928,0.151928,0.151928,1.1016994892317413,False,False
gradient-compression,773ccccc257597721840d373c9f3e73e670a8d255c39e3a3e354a1d2571356c3,589824,1,1024,0.0,0,bits-sq,8,256,13,download,/home/jirka/research/2024/bits-knn-jpdc2024/data/application-scaling/bw01-35760924/gradient-compression-small.csv,0.001736111111111111,30,0.009368999999999999,0.009285,0.00946,0.9142384459387343,False,False
gradient-compression,773ccccc257597721840d373c9f3e73e670a8d255c39e3a3e354a1d2571356c3,589824,1,1024,0.0,0,bits-sq,8,256,13,operator,/home/jirka/research/2024/bits-knn-jpdc2024/data/application-scaling/bw01-35760924/gradient-compression-small.csv,0.001736111111111111,30,0.1334585,0.133318,0.1335865,0.2963842692672254,False,False
gradient-compression,773ccccc257597721840d373c9f3e73e670a8d255c39e3a3e354a1d2571356c3,589824,1,1024,0.0,0,bits-sq,8,256,13,output_isolated,/home/jirka/research/2024/bits-knn-jpdc2024/data/application-scaling/bw01-35760924/gradient-compression-small.csv,0.001736111111111111,30,0.008579999999999999,0.0084625,0.00867,0.9871794871794873,False,False
gradient-compression,773ccccc257597721840d373c9f3e73e670a8d255c39e3a3e354a1d2571356c3,589824,1,1024,0.0,0,bits-sq,8,256,13,selection_isolated,/home/jirka/research/2024/bits-knn-jpdc2024/data/application-scaling/bw01-35760924/gradient-compression-small.csv,0.001736111111111111,30,0.12361849999999999,0.12354125,0.1237965,0.22537079806016092,False,False
gradient-compression,773ccccc257597721840d373c9f3e73e670a8d255c39e3a3e354a1d2571356c3,589824,1,1024,0.0,0,bits-sq,8,256,13,transform_isolated,/home/jirka/research/2024/bits-knn-jpdc2024/data/application-scaling/bw01-35760924/gradient-compression-small.csv,0.001736111111111111,30,0.009135,0.0090475,0.00918,1.0333880678708263,False,False
gradient-compression,773ccccc257597721840d373c9f3e73e670a8d255c39e3a3e354a1d2571356c3,589824,1,1024,0.0,0,bits-sq,8,256,13,upload_shared,/home/jirka/research/2024/bits-knn-jpdc2024/data/application-scaling/bw01-35760924/gradient-compression-small.csv,0.001736111111111111,1,0.148088,0.148088,0.148088,1.1302671384582141,False,False
gradient-compression,773ccccc257597721840d373c9f3e73e670a8d255c39e3a3e354a1d2571356c3,589824,1,1024,0.0,0,bits-sq,8,256,16,download,/home/jirka/research/2024/bits-knn-jpdc2024/data/application-scaling/bw01-35760924/gradient-compression-small.csv,0.001736111111111111,30,0.009300000000000001,0.009205,0.009395,0.921021505376344,False,False
gradient-compression,773ccccc257597721840d373c9f3e73e670a8d255c39e3a3e354a1d2571356c3,589824,1,1024,0.0,0,bits-sq,8,256,16,operator,/home/jirka/research/2024/bits-knn-jpdc2024/data/application-scaling/bw01-35760924/gradient-compression-small.csv,0.001736111111111111,30,0.13739800000000002,0.1372155,0.13749325,0.2878862865543894,False,False
gradient-compression,773ccccc257597721840d373c9f3e73e670a8d255c39e3a3e354a1d2571356c3,589824,1,1024,0.0,0,bits-sq,8,256,16,output_isolated,/home/jirka/research/2024/bits-knn-jpdc2024/data/application-scaling/bw01-35760924/gradient-compression-small.csv,0.001736111111111111,30,0.008539999999999999,0.0084425,0.008643250000000002,0.9918032786885247,False,False
gradient-compression,773ccccc257597721840d373c9f3e73e670a8d255c39e3a3e354a1d2571356c3,589824,1,1024,0.0,0,bits-sq,8,256,16,selection_isolated,/home/jirka/research/2024/bits-knn-jpdc2024/data/application-scaling/bw01-35760924/gradient-compression-small.csv,0.001736111111111111,30,0.12749349999999998,0.12732875000000002,0.12764899999999998,0.2185209442049987,False,False
gradient-compression,773ccccc257597721840d373c9f3e73e670a8d255c39e3a3e354a1d2571356c3,589824,1,1024,0.0,0,bits-sq,8,256,16,transform_isolated,/home/jirka/research/2024/bits-knn-jpdc2024/data/application-scaling/bw01-35760924/gradient-compression-small.csv,0.001736111111111111,30,0.0091545,0.009072499999999999,0.00921,1.0311868479982522,False,False
gradient-compression,773ccccc257597721840d373c9f3e73e670a8d255c39e3a3e354a1d2571356c3,589824,1,1024,0.0,0,bits-sq,8,256,16,upload_shared,/home/jirka/research/2024/bits-knn-jpdc2024/data/application-scaling/bw01-35760924/gradient-compression-small.csv,0.001736111111111111,1,0.153278,0.153278,0.153278,1.0919962421221572,False,False
gradient-compression,773ccccc257597721840d373c9f3e73e670a8d255c39e3a3e354a1d2571356c3,589824,1,1024,0.0,0,bits-sq,8,512,4,download,/home/jirka/research/2024/bits-knn-jpdc2024/data/application-scaling/bw01-35760924/gradient-compression-small.csv,0.001736111111111111,30,0.0093695,0.00884725,0.0094075,0.9141896579326539,False,False
gradient-compression,773ccccc257597721840d373c9f3e73e670a8d255c39e3a3e354a1d2571356c3,589824,1,1024,0.0,0,bits-sq,8,512,4,operator,/home/jirka/research/2024/bits-knn-jpdc2024/data/application-scaling/bw01-35760924/gradient-compression-small.csv,0.001736111111111111,30,0.1245235,0.12428375,0.12471325000000001,0.31765088517428436,False,False
gradient-compression,773ccccc257597721840d373c9f3e73e670a8d255c39e3a3e354a1d2571356c3,589824,1,1024,0.0,0,bits-sq,8,512,4,output_isolated,/home/jirka/research/2024/bits-knn-jpdc2024/data/application-scaling/bw01-35760924/gradient-compression-small.csv,0.001736111111111111,30,0.008584999999999999,0.008522499999999999,0.0086975,0.986604542807222,False,False
gradient-compression,773ccccc257597721840d373c9f3e73e670a8d255c39e3a3e354a1d2571356c3,589824,1,1024,0.0,0,bits-sq,8,512,4,selection_isolated,/home/jirka/research/2024/bits-knn-jpdc2024/data/application-scaling/bw01-35760924/gradient-compression-small.csv,0.001736111111111111,30,0.11468400000000001,0.11456625000000001,0.11477575000000001,0.2429283945450106,False,False
gradient-compression,773ccccc257597721840d373c9f3e73e670a8d255c39e3a3e354a1d2571356c3,589824,1,1024,0.0,0,bits-sq,8,512,4,transform_isolated,/home/jirka/research/2024/bits-knn-jpdc2024/data/application-scaling/bw01-35760924/gradient-compression-small.csv,0.001736111111111111,30,0.009235,0.009075,0.0093675,1.0221981591770437,False,False
gradient-compression,773ccccc257597721840d373c9f3e73e670a8d255c39e3a3e354a1d2571356c3,589824,1,1024,0.0,0,bits-sq,8,512,4,upload_shared,/home/jirka/research/2024/bits-knn-jpdc2024/data/application-scaling/bw01-35760924/gradient-compression-small.csv,0.001736111111111111,1,0.147389,0.147389,0.147389,1.135627489161335,False,False
gradient-compression,773ccccc257597721840d373c9f3e73e670a8d255c39e3a3e354a1d2571356c3,589824,1,1024,0.0,0,bits-sq,8,512,7,download,/home/jirka/research/2024/bits-knn-jpdc2024/data/application-scaling/bw01-35760924/gradient-compression-small.csv,0.001736111111111111,30,0.009415,0.009372499999999999,0.009957500000000001,0.9097716409984068,False,False
gradient-compression,773ccccc257597721840d373c9f3e73e670a8d255c39e3a3e354a1d2571356c3,589824,1,1024,0.0,0,bits-sq,8,512,7,operator,/home/jirka/research/2024/bits-knn-jpdc2024/data/application-scaling/bw01-35760924/gradient-compression-small.csv,0.001736111111111111,30,0.130659,0.13050375,0.1308155,0.3027345992239341,False,False
gradient-compression,773ccccc257597721840d373c9f3e73e670a8d255c39e3a3e354a1d2571356c3,589824,1,1024,0.0,0,bits-sq,8,512,7,output_isolated,/home/jirka/research/2024/bits-knn-jpdc2024/data/application-scaling/bw01-35760924/gradient-compression-small.csv,0.001736111111111111,30,0.008625,0.00850925,0.00873,0.9820289855072463,False,False
gradient-compression,773ccccc257597721840d373c9f3e73e670a8d255c39e3a3e354a1d2571356c3,589824,1,1024,0.0,0,bits-sq,8,512,7,selection_isolated,/home/jirka/research/2024/bits-knn-jpdc2024/data/application-scaling/bw01-35760924/gradient-compression-small.csv,0.001736111111111111,30,0.12073400000000001,0.12063650000000001,0.1208465,0.2307552139413918,False,False
gradient-compression,773ccccc257597721840d373c9f3e73e670a8d255c39e3a3e354a1d2571356c3,589824,1,1024,0.0,0,bits-sq,8,512,7,transform_isolated,/home/jirka/research/2024/bits-knn-jpdc2024/data/application-scaling/bw01-35760924/gradient-compression-small.csv,0.001736111111111111,30,0.00915,0.00906,0.009429749999999999,1.0316939890710382,False,False
gradient-compression,773ccccc257597721840d373c9f3e73e670a8d255c39e3a3e354a1d2571356c3,589824,1,1024,0.0,0,bits-sq,8,512,7,upload_shared,/home/jirka/research/2024/bits-knn-jpdc2024/data/application-scaling/bw01-35760924/gradient-compression-small.csv,0.001736111111111111,1,0.15223799999999998,0.15223799999999998,0.15223799999999998,1.0994561147676665,False,False
gradient-compression,773ccccc257597721840d373c9f3e73e670a8d255c39e3a3e354a1d2571356c3,589824,1,1024,0.0,0,bits-sq,8,512,8,download,/home/jirka/research/2024/bits-knn-jpdc2024/data/application-scaling/bw01-35760924/gradient-compression-small.csv,0.001736111111111111,30,0.0093545,0.009264999999999999,0.01006,0.915655566839489,False,False
gradient-compression,773ccccc257597721840d373c9f3e73e670a8d255c39e3a3e354a1d2571356c3,589824,1,1024,0.0,0,bits-sq,8,512,8,operator,/home/jirka/research/2024/bits-knn-jpdc2024/data/application-scaling/bw01-35760924/gradient-compression-small.csv,0.001736111111111111,30,0.13006849999999998,0.12992399999999998,0.1302565,0.3041089887251718,False,False
gradient-compression,773ccccc257597721840d373c9f3e73e670a8d255c39e3a3e354a1d2571356c3,589824,1,1024,0.0,0,bits-sq,8,512,8,output_isolated,/home/jirka/research/2024/bits-knn-jpdc2024/data/application-scaling/bw01-35760924/gradient-compression-small.csv,0.001736111111111111,30,0.0085,0.008417500000000001,0.0085775,0.9964705882352941,False,False
gradient-compression,773ccccc257597721840d373c9f3e73e670a8d255c39e3a3e354a1d2571356c3,589824,1,1024,0.0,0,bits-sq,8,512,8,selection_isolated,/home/jirka/research/2024/bits-knn-jpdc2024/data/application-scaling/bw01-35760924/gradient-compression-small.csv,0.001736111111111111,30,0.120194,0.12009375,0.120319,0.23179193636953593,False,False
gradient-compression,773ccccc257597721840d373c9f3e73e670a8d255c39e3a3e354a1d2571356c3,589824,1,1024,0.0,0,bits-sq,8,512,8,transform_isolated,/home/jirka/research/2024/bits-knn-jpdc2024/data/application-scaling/bw01-35760924/gradient-compression-small.csv,0.001736111111111111,30,0.009198999999999999,0.00908,0.00942175,1.026198499836939,False,False
gradient-compression,773ccccc257597721840d373c9f3e73e670a8d255c39e3a3e354a1d2571356c3,589824,1,1024,0.0,0,bits-sq,8,512,8,upload_shared,/home/jirka/research/2024/bits-knn-jpdc2024/data/application-scaling/bw01-35760924/gradient-compression-small.csv,0.001736111111111111,1,0.151368,0.151368,0.151368,1.1057753289995242,False,False
gradient-compression,773ccccc257597721840d373c9f3e73e670a8d255c39e3a3e354a1d2571356c3,589824,1,1024,0.0,0,bits-sq,8,512,13,download,/home/jirka/research/2024/bits-knn-jpdc2024/data/application-scaling/bw01-35760924/gradient-compression-small.csv,0.001736111111111111,30,0.009315,0.00885675,0.0093975,0.9195383789586687,False,False
gradient-compression,773ccccc257597721840d373c9f3e73e670a8d255c39e3a3e354a1d2571356c3,589824,1,1024,0.0,0,bits-sq,8,512,13,operator,/home/jirka/research/2024/bits-knn-jpdc2024/data/application-scaling/bw01-35760924/gradient-compression-small.csv,0.001736111111111111,30,0.159058,0.1589605,0.159293,0.24868287039947692,False,False
gradient-compression,773ccccc257597721840d373c9f3e73e670a8d255c39e3a3e354a1d2571356c3,589824,1,1024,0.0,0,bits-sq,8,512,13,output_isolated,/home/jirka/research/2024/bits-knn-jpdc2024/data/application-scaling/bw01-35760924/gradient-compression-small.csv,0.001736111111111111,30,0.008595,0.00852,0.008706750000000001,0.985456660849331,False,False
gradient-compression,773ccccc257597721840d373c9f3e73e670a8d255c39e3a3e354a1d2571356c3,589824,1,1024,0.0,0,bits-sq,8,512,13,selection_isolated,/home/jirka/research/2024/bits-knn-jpdc2024/data/application-scaling/bw01-35760924/gradient-compression-small.csv,0.001736111111111111,30,0.14920350000000002,0.1491055,0.149503,0.18672484224565775,False,False
gradient-compression,773ccccc257597721840d373c9f3e73e670a8d255c39e3a3e354a1d2571356c3,589824,1,1024,0.0,0,bits-sq,8,512,13,transform_isolated,/home/jirka/research/2024/bits-knn-jpdc2024/data/application-scaling/bw01-35760924/gradient-compression-small.csv,0.001736111111111111,30,0.0093095,0.0091125,0.009392500000000002,1.0140179386648047,False,False
gradient-compression,773ccccc257597721840d373c9f3e73e670a8d255c39e3a3e354a1d2571356c3,589824,1,1024,0.0,0,bits-sq,8,512,13,upload_shared,/home/jirka/research/2024/bits-knn-jpdc2024/data/application-scaling/bw01-35760924/gradient-compression-small.csv,0.001736111111111111,1,0.149548,0.149548,0.149548,1.1192326209645065,False,False
gradient-compression,773ccccc257597721840d373c9f3e73e670a8d255c39e3a3e354a1d2571356c3,589824,1,1024,0.0,0,bits-sq,8,512,16,download,/home/jirka/research/2024/bits-knn-jpdc2024/data/application-scaling/bw01-35760924/gradient-compression-small.csv,0.001736111111111111,30,0.00936,0.00927925,0.009469249999999999,0.9151175213675213,False,False
gradient-compression,773ccccc257597721840d373c9f3e73e670a8d255c39e3a3e354a1d2571356c3,589824,1,1024,0.0,0,bits-sq,8,512,16,operator,/home/jirka/research/2024/bits-knn-jpdc2024/data/application-scaling/bw01-35760924/gradient-compression-small.csv,0.001736111111111111,30,0.16305350000000002,0.162893,0.16323550000000003,0.2425890888573382,False,False
gradient-compression,773ccccc257597721840d373c9f3e73e670a8d255c39e3a3e354a1d2571356c3,589824,1,1024,0.0,0,bits-sq,8,512,16,output_isolated,/home/jirka/research/2024/bits-knn-jpdc2024/data/application-scaling/bw01-35760924/gradient-compression-small.csv,0.001736111111111111,30,0.00869,0.00862925,0.008747499999999998,0.9746835443037976,False,False
gradient-compression,773ccccc257597721840d373c9f3e73e670a8d255c39e3a3e354a1d2571356c3,589824,1,1024,0.0,0,bits-sq,8,512,16,selection_isolated,/home/jirka/research/2024/bits-knn-jpdc2024/data/application-scaling/bw01-35760924/gradient-compression-small.csv,0.001736111111111111,30,0.15302349999999998,0.152898,0.15310325,0.18206353926030971,False,False
gradient-compression,773ccccc257597721840d373c9f3e73e670a8d255c39e3a3e354a1d2571356c3,589824,1,1024,0.0,0,bits-sq,8,512,16,transform_isolated,/home/jirka/research/2024/bits-knn-jpdc2024/data/application-scaling/bw01-35760924/gradient-compression-small.csv,0.001736111111111111,30,0.0093395,0.00927925,0.0094075,1.010760747363349,False,False
gradient-compression,773ccccc257597721840d373c9f3e73e670a8d255c39e3a3e354a1d2571356c3,589824,1,1024,0.0,0,bits-sq,8,512,16,upload_shared,/home/jirka/research/2024/bits-knn-jpdc2024/data/application-scaling/bw01-35760924/gradient-compression-small.csv,0.001736111111111111,1,0.167379,0.167379,0.167379,1.0,False,False
gradient-compression,773ccccc257597721840d373c9f3e73e670a8d255c39e3a3e354a1d2571356c3,589824,1,1024,0.0,0,bits-sq,32,128,4,download,/home/jirka/research/2024/bits-knn-jpdc2024/data/application-scaling/bw01-35760924/gradient-compression-small.csv,0.001736111111111111,30,0.00936,0.00928225,0.009475,0.9151175213675213,False,False
gradient-compression,773ccccc257597721840d373c9f3e73e670a8d255c39e3a3e354a1d2571356c3,589824,1,1024,0.0,0,bits-sq,32,128,4,operator,/home/jirka/research/2024/bits-knn-jpdc2024/data/application-scaling/bw01-35760924/gradient-compression-small.csv,0.001736111111111111,30,0.15833799999999998,0.1581805,0.15847050000000001,0.24981368970177725,False,False
gradient-compression,773ccccc257597721840d373c9f3e73e670a8d255c39e3a3e354a1d2571356c3,589824,1,1024,0.0,0,bits-sq,32,128,4,output_isolated,/home/jirka/research/2024/bits-knn-jpdc2024/data/application-scaling/bw01-35760924/gradient-compression-small.csv,0.001736111111111111,30,0.008691,0.00859,0.008795,0.9745713956966977,False,False
gradient-compression,773ccccc257597721840d373c9f3e73e670a8d255c39e3a3e354a1d2571356c3,589824,1,1024,0.0,0,bits-sq,32,128,4,selection_isolated,/home/jirka/research/2024/bits-knn-jpdc2024/data/application-scaling/bw01-35760924/gradient-compression-small.csv,0.001736111111111111,30,0.14853349999999998,0.14843375,0.1486555,0.18756711448932398,False,False
gradient-compression,773ccccc257597721840d373c9f3e73e670a8d255c39e3a3e354a1d2571356c3,589824,1,1024,0.0,0,bits-sq,32,128,4,transform_isolated,/home/jirka/research/2024/bits-knn-jpdc2024/data/application-scaling/bw01-35760924/gradient-compression-small.csv,0.001736111111111111,30,0.009235,0.009170000000000001,0.009325,1.0221981591770437,False,False
gradient-compression,773ccccc257597721840d373c9f3e73e670a8d255c39e3a3e354a1d2571356c3,589824,1,1024,0.0,0,bits-sq,32,128,4,upload_shared,/home/jirka/research/2024/bits-knn-jpdc2024/data/application-scaling/bw01-35760924/gradient-compression-small.csv,0.001736111111111111,1,0.150898,0.150898,0.150898,1.1092194727564315,False,False
gradient-compression,773ccccc257597721840d373c9f3e73e670a8d255c39e3a3e354a1d2571356c3,589824,1,1024,0.0,0,bits-sq,32,128,7,download,/home/jirka/research/2024/bits-knn-jpdc2024/data/application-scaling/bw01-35760924/gradient-compression-small.csv,0.001736111111111111,30,0.009405,0.0092625,0.00949675,0.9107389686337055,False,False
gradient-compression,773ccccc257597721840d373c9f3e73e670a8d255c39e3a3e354a1d2571356c3,589824,1,1024,0.0,0,bits-sq,32,128,7,operator,/home/jirka/research/2024/bits-knn-jpdc2024/data/application-scaling/bw01-35760924/gradient-compression-small.csv,0.001736111111111111,30,0.15126849999999997,0.1511805,0.151544,0.2614886774179688,False,False
gradient-compression,773ccccc257597721840d373c9f3e73e670a8d255c39e3a3e354a1d2571356c3,589824,1,1024,0.0,0,bits-sq,32,128,7,output_isolated,/home/jirka/research/2024/bits-knn-jpdc2024/data/application-scaling/bw01-35760924/gradient-compression-small.csv,0.001736111111111111,30,0.008549999999999999,0.00847,0.0087075,0.9906432748538013,False,False
gradient-compression,773ccccc257597721840d373c9f3e73e670a8d255c39e3a3e354a1d2571356c3,589824,1,1024,0.0,0,bits-sq,32,128,7,selection_isolated,/home/jirka/research/2024/bits-knn-jpdc2024/data/application-scaling/bw01-35760924/gradient-compression-small.csv,0.001736111111111111,30,0.14153349999999998,0.1414215,0.141628,0.19684385675476126,False,False
gradient-compression,773ccccc257597721840d373c9f3e73e670a8d255c39e3a3e354a1d2571356c3,589824,1,1024,0.0,0,bits-sq,32,128,7,transform_isolated,/home/jirka/research/2024/bits-knn-jpdc2024/data/application-scaling/bw01-35760924/gradient-compression-small.csv,0.001736111111111111,30,0.009145,0.009075,0.0092175,1.0322580645161288,False,False
gradient-compression,773ccccc257597721840d373c9f3e73e670a8d255c39e3a3e354a1d2571356c3,589824,1,1024,0.0,0,bits-sq,32,128,7,upload_shared,/home/jirka/research/2024/bits-knn-jpdc2024/data/application-scaling/bw01-35760924/gradient-compression-small.csv,0.001736111111111111,1,0.14673799999999998,0.14673799999999998,0.14673799999999998,1.1406656762392837,False,False
gradient-compression,773ccccc257597721840d373c9f3e73e670a8d255c39e3a3e354a1d2571356c3,589824,1,1024,0.0,0,bits-sq,32,128,8,download,/home/jirka/research/2024/bits-knn-jpdc2024/data/application-scaling/bw01-35760924/gradient-compression-small.csv,0.001736111111111111,30,0.0093395,0.009312500000000001,0.009904999999999999,0.9171261844852507,False,False
gradient-compression,773ccccc257597721840d373c9f3e73e670a8d255c39e3a3e354a1d2571356c3,589824,1,1024,0.0,0,bits-sq,32,128,8,operator,/home/jirka/research/2024/bits-knn-jpdc2024/data/application-scaling/bw01-35760924/gradient-compression-small.csv,0.001736111111111111,30,0.1561585,0.15603875,0.156293,0.2533003326748144,False,False
gradient-compression,773ccccc257597721840d373c9f3e73e670a8d255c39e3a3e354a1d2571356c3,589824,1,1024,0.0,0,bits-sq,32,128,8,output_isolated,/home/jirka/research/2024/bits-knn-jpdc2024/data/application-scaling/bw01-35760924/gradient-compression-small.csv,0.001736111111111111,30,0.00859,0.00851,0.00871,0.9860302677532014,False,False
gradient-compression,773ccccc257597721840d373c9f3e73e670a8d255c39e3a3e354a1d2571356c3,589824,1,1024,0.0,0,bits-sq,32,128,8,selection_isolated,/home/jirka/research/2024/bits-knn-jpdc2024/data/application-scaling/bw01-35760924/gradient-compression-small.csv,0.001736111111111111,30,0.146368,0.14624125,0.146528,0.19034215128989943,False,False
gradient-compression,773ccccc257597721840d373c9f3e73e670a8d255c39e3a3e354a1d2571356c3,589824,1,1024,0.0,0,bits-sq,32,128,8,transform_isolated,/home/jirka/research/2024/bits-knn-jpdc2024/data/application-scaling/bw01-35760924/gradient-compression-small.csv,0.001736111111111111,30,0.0091205,0.009099000000000001,0.0092075,1.035030974179047,False,False
gradient-compression,773ccccc257597721840d373c9f3e73e670a8d255c39e3a3e354a1d2571356c3,589824,1,1024,0.0,0,bits-sq,32,128,8,upload_shared,/home/jirka/research/2024/bits-knn-jpdc2024/data/application-scaling/bw01-35760924/gradient-compression-small.csv,0.001736111111111111,1,0.15287800000000001,0.15287800000000001,0.15287800000000001,1.0948534125250198,False,False
gradient-compression,773ccccc257597721840d373c9f3e73e670a8d255c39e3a3e354a1d2571356c3,589824,1,1024,0.0,0,bits-sq,32,128,13,download,/home/jirka/research/2024/bits-knn-jpdc2024/data/application-scaling/bw01-35760924/gradient-compression-small.csv,0.001736111111111111,30,0.0093705,0.0093025,0.009439999999999999,0.9140920975401526,False,False
gradient-compression,773ccccc257597721840d373c9f3e73e670a8d255c39e3a3e354a1d2571356c3,589824,1,1024,0.0,0,bits-sq,32,128,13,operator,/home/jirka/research/2024/bits-knn-jpdc2024/data/application-scaling/bw01-35760924/gradient-compression-small.csv,0.001736111111111111,30,0.145489,0.14536125,0.145668,0.2718762243193643,False,False
gradient-compression,773ccccc257597721840d373c9f3e73e670a8d255c39e3a3e354a1d2571356c3,589824,1,1024,0.0,0,bits-sq,32,128,13,output_isolated,/home/jirka/research/2024/bits-knn-jpdc2024/data/application-scaling/bw01-35760924/gradient-compression-small.csv,0.001736111111111111,30,0.008625,0.008532499999999998,0.00867,0.9820289855072463,False,False
gradient-compression,773ccccc257597721840d373c9f3e73e670a8d255c39e3a3e354a1d2571356c3,589824,1,1024,0.0,0,bits-sq,32,128,13,selection_isolated,/home/jirka/research/2024/bits-knn-jpdc2024/data/application-scaling/bw01-35760924/gradient-compression-small.csv,0.001736111111111111,30,0.1356535,0.135558,0.13576575,0.2053761974442237,False,False
gradient-compression,773ccccc257597721840d373c9f3e73e670a8d255c39e3a3e354a1d2571356c3,589824,1,1024,0.0,0,bits-sq,32,128,13,transform_isolated,/home/jirka/research/2024/bits-knn-jpdc2024/data/application-scaling/bw01-35760924/gradient-compression-small.csv,0.001736111111111111,30,0.00908,0.009032499999999999,0.009142500000000001,1.0396475770925109,False,False
gradient-compression,773ccccc257597721840d373c9f3e73e670a8d255c39e3a3e354a1d2571356c3,589824,1,1024,0.0,0,bits-sq,32,128,13,upload_shared,/home/jirka/research/2024/bits-knn-jpdc2024/data/application-scaling/bw01-35760924/gradient-compression-small.csv,0.001736111111111111,1,0.147778,0.147778,0.147778,1.1326381464088024,False,False
gradient-compression,773ccccc257597721840d373c9f3e73e670a8d255c39e3a3e354a1d2571356c3,589824,1,1024,0.0,0,bits-sq,32,128,16,download,/home/jirka/research/2024/bits-knn-jpdc2024/data/application-scaling/bw01-35760924/gradient-compression-small.csv,0.001736111111111111,30,0.0093545,0.0090425,0.00990425,0.915655566839489,False,False
gradient-compression,773ccccc257597721840d373c9f3e73e670a8d255c39e3a3e354a1d2571356c3,589824,1,1024,0.0,0,bits-sq,32,128,16,operator,/home/jirka/research/2024/bits-knn-jpdc2024/data/application-scaling/bw01-35760924/gradient-compression-small.csv,0.001736111111111111,30,0.1525785,0.15247824999999998,0.1527155,0.2592436024734808,False,False
gradient-compression,773ccccc257597721840d373c9f3e73e670a8d255c39e3a3e354a1d2571356c3,589824,1,1024,0.0,0,bits-sq,32,128,16,output_isolated,/home/jirka/research/2024/bits-knn-jpdc2024/data/application-scaling/bw01-35760924/gradient-compression-small.csv,0.001736111111111111,30,0.008575,0.008475,0.008620000000000001,0.9877551020408164,False,False
gradient-compression,773ccccc257597721840d373c9f3e73e670a8d255c39e3a3e354a1d2571356c3,589824,1,1024,0.0,0,bits-sq,32,128,16,selection_isolated,/home/jirka/research/2024/bits-knn-jpdc2024/data/application-scaling/bw01-35760924/gradient-compression-small.csv,0.001736111111111111,30,0.142764,0.142684,0.14290075,0.1951472359978706,False,False
gradient-compression,773ccccc257597721840d373c9f3e73e670a8d255c39e3a3e354a1d2571356c3,589824,1,1024,0.0,0,bits-sq,32,128,16,transform_isolated,/home/jirka/research/2024/bits-knn-jpdc2024/data/application-scaling/bw01-35760924/gradient-compression-small.csv,0.001736111111111111,30,0.009099999999999999,0.009005,0.009185,1.0373626373626375,False,False
gradient-compression,773ccccc257597721840d373c9f3e73e670a8d255c39e3a3e354a1d2571356c3,589824,1,1024,0.0,0,bits-sq,32,128,16,upload_shared,/home/jirka/research/2024/bits-knn-jpdc2024/data/application-scaling/bw01-35760924/gradient-compression-small.csv,0.001736111111111111,1,0.155888,0.155888,0.155888,1.0737131786923946,False,False
gradient-compression,773ccccc257597721840d373c9f3e73e670a8d255c39e3a3e354a1d2571356c3,589824,1,1024,0.0,0,bits-sq,32,256,4,download,/home/jirka/research/2024/bits-knn-jpdc2024/data/application-scaling/bw01-35760924/gradient-compression-small.csv,0.001736111111111111,30,0.00931,0.009252499999999999,0.009437999999999998,0.920032223415682,False,False
gradient-compression,773ccccc257597721840d373c9f3e73e670a8d255c39e3a3e354a1d2571356c3,589824,1,1024,0.0,0,bits-sq,32,256,4,operator,/home/jirka/research/2024/bits-knn-jpdc2024/data/application-scaling/bw01-35760924/gradient-compression-small.csv,0.001736111111111111,30,0.126033,0.12595150000000002,0.12619324999999998,0.3138463735688272,False,False
gradient-compression,773ccccc257597721840d373c9f3e73e670a8d255c39e3a3e354a1d2571356c3,589824,1,1024,0.0,0,bits-sq,32,256,4,output_isolated,/home/jirka/research/2024/bits-knn-jpdc2024/data/application-scaling/bw01-35760924/gradient-compression-small.csv,0.001736111111111111,30,0.008584999999999999,0.0085,0.008638999999999999,0.986604542807222,False,False
gradient-compression,773ccccc257597721840d373c9f3e73e670a8d255c39e3a3e354a1d2571356c3,589824,1,1024,0.0,0,bits-sq,32,256,4,selection_isolated,/home/jirka/research/2024/bits-knn-jpdc2024/data/application-scaling/bw01-35760924/gradient-compression-small.csv,0.001736111111111111,30,0.116189,0.11605075000000001,0.1162915,0.23978173493187824,False,False
gradient-compression,773ccccc257597721840d373c9f3e73e670a8d255c39e3a3e354a1d2571356c3,589824,1,1024,0.0,0,bits-sq,32,256,4,transform_isolated,/home/jirka/research/2024/bits-knn-jpdc2024/data/application-scaling/bw01-35760924/gradient-compression-small.csv,0.001736111111111111,30,0.009135,0.009099999999999999,0.009285000000000002,1.0333880678708263,False,False
gradient-compression,773ccccc257597721840d373c9f3e73e670a8d255c39e3a3e354a1d2571356c3,589824,1,1024,0.0,0,bits-sq,32,256,4,upload_shared,/home/jirka/research/2024/bits-knn-jpdc2024/data/application-scaling/bw01-35760924/gradient-compression-small.csv,0.001736111111111111,1,0.147269,0.147269,0.147269,1.1365528386829542,False,False
gradient-compression,773ccccc257597721840d373c9f3e73e670a8d255c39e3a3e354a1d2571356c3,589824,1,1024,0.0,0,bits-sq,32,256,7,download,/home/jirka/research/2024/bits-knn-jpdc2024/data/application-scaling/bw01-35760924/gradient-compression-small.csv,0.001736111111111111,30,0.009355,0.009285,0.0095125,0.9156066274719401,False,False
gradient-compression,773ccccc257597721840d373c9f3e73e670a8d255c39e3a3e354a1d2571356c3,589824,1,1024,0.0,0,bits-sq,32,256,7,operator,/home/jirka/research/2024/bits-knn-jpdc2024/data/application-scaling/bw01-35760924/gradient-compression-small.csv,0.001736111111111111,30,0.12990849999999998,0.12980125,0.130098,0.3044835403380072,False,False
gradient-compression,773ccccc257597721840d373c9f3e73e670a8d255c39e3a3e354a1d2571356c3,589824,1,1024,0.0,0,bits-sq,32,256,7,output_isolated,/home/jirka/research/2024/bits-knn-jpdc2024/data/application-scaling/bw01-35760924/gradient-compression-small.csv,0.001736111111111111,30,0.0086,0.008515,0.00865,0.9848837209302326,False,False
gradient-compression,773ccccc257597721840d373c9f3e73e670a8d255c39e3a3e354a1d2571356c3,589824,1,1024,0.0,0,bits-sq,32,256,7,selection_isolated,/home/jirka/research/2024/bits-knn-jpdc2024/data/application-scaling/bw01-35760924/gradient-compression-small.csv,0.001736111111111111,30,0.1201885,0.1200515,0.12024649999999999,0.2318025435045782,False,False
gradient-compression,773ccccc257597721840d373c9f3e73e670a8d255c39e3a3e354a1d2571356c3,589824,1,1024,0.0,0,bits-sq,32,256,7,transform_isolated,/home/jirka/research/2024/bits-knn-jpdc2024/data/application-scaling/bw01-35760924/gradient-compression-small.csv,0.001736111111111111,30,0.009120000000000001,0.0090575,0.0091975,1.0350877192982453,False,False
gradient-compression,773ccccc257597721840d373c9f3e73e670a8d255c39e3a3e354a1d2571356c3,589824,1,1024,0.0,0,bits-sq,32,256,7,upload_shared,/home/jirka/research/2024/bits-knn-jpdc2024/data/application-scaling/bw01-35760924/gradient-compression-small.csv,0.001736111111111111,1,0.149378,0.149378,0.149378,1.1205063663993358,False,False
gradient-compression,773ccccc257597721840d373c9f3e73e670a8d255c39e3a3e354a1d2571356c3,589824,1,1024,0.0,0,bits-sq,32,256,8,download,/home/jirka/research/2024/bits-knn-jpdc2024/data/application-scaling/bw01-35760924/gradient-compression-small.csv,0.001736111111111111,30,0.0093705,0.009269999999999999,0.009504249999999999,0.9140920975401526,False,False
gradient-compression,773ccccc257597721840d373c9f3e73e670a8d255c39e3a3e354a1d2571356c3,589824,1,1024,0.0,0,bits-sq,32,256,8,operator,/home/jirka/research/2024/bits-knn-jpdc2024/data/application-scaling/bw01-35760924/gradient-compression-small.csv,0.001736111111111111,30,0.1206185,0.1205215,0.12071649999999999,0.3279347695419857,False,False
gradient-compression,773ccccc257597721840d373c9f3e73e670a8d255c39e3a3e354a1d2571356c3,589824,1,1024,0.0,0,bits-sq,32,256,8,output_isolated,/home/jirka/research/2024/bits-knn-jpdc2024/data/application-scaling/bw01-35760924/gradient-compression-small.csv,0.001736111111111111,30,0.00863,0.00856925,0.008695,0.9814600231749709,False,False
gradient-compression,773ccccc257597721840d373c9f3e73e670a8d255c39e3a3e354a1d2571356c3,589824,1,1024,0.0,0,bits-sq,32,256,8,selection_isolated,/home/jirka/research/2024/bits-knn-jpdc2024/data/application-scaling/bw01-35760924/gradient-compression-small.csv,0.001736111111111111,30,0.11086399999999999,0.11073050000000001,0.1109715,0.2512988887285323,False,False
gradient-compression,773ccccc257597721840d373c9f3e73e670a8d255c39e3a3e354a1d2571356c3,589824,1,1024,0.0,0,bits-sq,32,256,8,transform_isolated,/home/jirka/research/2024/bits-knn-jpdc2024/data/application-scaling/bw01-35760924/gradient-compression-small.csv,0.001736111111111111,30,0.0090945,0.00905925,0.009245,1.0379899939523887,False,False
gradient-compression,773ccccc257597721840d373c9f3e73e670a8d255c39e3a3e354a1d2571356c3,589824,1,1024,0.0,0,bits-sq,32,256,8,upload_shared,/home/jirka/research/2024/bits-knn-jpdc2024/data/application-scaling/bw01-35760924/gradient-compression-small.csv,0.001736111111111111,1,0.147228,0.147228,0.147228,1.1368693455049312,False,False
gradient-compression,773ccccc257597721840d373c9f3e73e670a8d255c39e3a3e354a1d2571356c3,589824,1,1024,0.0,0,bits-sq,32,256,13,download,/home/jirka/research/2024/bits-knn-jpdc2024/data/application-scaling/bw01-35760924/gradient-compression-small.csv,0.001736111111111111,30,0.0093,0.00924225,0.009587499999999999,0.9210215053763442,False,False
gradient-compression,773ccccc257597721840d373c9f3e73e670a8d255c39e3a3e354a1d2571356c3,589824,1,1024,0.0,0,bits-sq,32,256,13,operator,/home/jirka/research/2024/bits-knn-jpdc2024/data/application-scaling/bw01-35760924/gradient-compression-small.csv,0.001736111111111111,30,0.12114849999999999,0.12099125,0.12137375,0.3265001217514043,False,False
gradient-compression,773ccccc257597721840d373c9f3e73e670a8d255c39e3a3e354a1d2571356c3,589824,1,1024,0.0,0,bits-sq,32,256,13,output_isolated,/home/jirka/research/2024/bits-knn-jpdc2024/data/application-scaling/bw01-35760924/gradient-compression-small.csv,0.001736111111111111,30,0.008595,0.0084975,0.008677500000000001,0.985456660849331,False,False
gradient-compression,773ccccc257597721840d373c9f3e73e670a8d255c39e3a3e354a1d2571356c3,589824,1,1024,0.0,0,bits-sq,32,256,13,selection_isolated,/home/jirka/research/2024/bits-knn-jpdc2024/data/application-scaling/bw01-35760924/gradient-compression-small.csv,0.001736111111111111,30,0.1113435,0.1112515,0.11144649999999999,0.25021667183086577,False,False
gradient-compression,773ccccc257597721840d373c9f3e73e670a8d255c39e3a3e354a1d2571356c3,589824,1,1024,0.0,0,bits-sq,32,256,13,transform_isolated,/home/jirka/research/2024/bits-knn-jpdc2024/data/application-scaling/bw01-35760924/gradient-compression-small.csv,0.001736111111111111,30,0.0090995,0.009007500000000002,0.00916,1.0374196384416725,False,False
gradient-compression,773ccccc257597721840d373c9f3e73e670a8d255c39e3a3e354a1d2571356c3,589824,1,1024,0.0,0,bits-sq,32,256,13,upload_shared,/home/jirka/research/2024/bits-knn-jpdc2024/data/application-scaling/bw01-35760924/gradient-compression-small.csv,0.001736111111111111,1,0.151228,0.151228,0.151228,1.1067990054751766,False,False
gradient-compression,773ccccc257597721840d373c9f3e73e670a8d255c39e3a3e354a1d2571356c3,589824,1,1024,0.0,0,bits-sq,32,256,16,download,/home/jirka/research/2024/bits-knn-jpdc2024/data/application-scaling/bw01-35760924/gradient-compression-small.csv,0.001736111111111111,30,0.009340000000000001,0.009292500000000002,0.009535,0.9170770877944324,False,False
gradient-compression,773ccccc257597721840d373c9f3e73e670a8d255c39e3a3e354a1d2571356c3,589824,1,1024,0.0,0,bits-sq,32,256,16,operator,/home/jirka/research/2024/bits-knn-jpdc2024/data/application-scaling/bw01-35760924/gradient-compression-small.csv,0.001736111111111111,30,0.131439,0.131354,0.1315505,0.3009380777394837,False,False
gradient-compression,773ccccc257597721840d373c9f3e73e670a8d255c39e3a3e354a1d2571356c3,589824,1,1024,0.0,0,bits-sq,32,256,16,output_isolated,/home/jirka/research/2024/bits-knn-jpdc2024/data/application-scaling/bw01-35760924/gradient-compression-small.csv,0.001736111111111111,30,0.00857,0.00846,0.0086475,0.9883313885647609,False,False
gradient-compression,773ccccc257597721840d373c9f3e73e670a8d255c39e3a3e354a1d2571356c3,589824,1,1024,0.0,0,bits-sq,32,256,16,selection_isolated,/home/jirka/research/2024/bits-knn-jpdc2024/data/application-scaling/bw01-35760924/gradient-compression-small.csv,0.001736111111111111,30,0.1217685,0.12166075000000001,0.121859,0.22879480325371504,False,False
gradient-compression,773ccccc257597721840d373c9f3e73e670a8d255c39e3a3e354a1d2571356c3,589824,1,1024,0.0,0,bits-sq,32,256,16,transform_isolated,/home/jirka/research/2024/bits-knn-jpdc2024/data/application-scaling/bw01-35760924/gradient-compression-small.csv,0.001736111111111111,30,0.00911,0.00906425,0.00921,1.03622392974753,False,False
gradient-compression,773ccccc257597721840d373c9f3e73e670a8d255c39e3a3e354a1d2571356c3,589824,1,1024,0.0,0,bits-sq,32,256,16,upload_shared,/home/jirka/research/2024/bits-knn-jpdc2024/data/application-scaling/bw01-35760924/gradient-compression-small.csv,0.001736111111111111,1,0.14993800000000002,0.14993800000000002,0.14993800000000002,1.116321412850645,False,False
gradient-compression,773ccccc257597721840d373c9f3e73e670a8d255c39e3a3e354a1d2571356c3,589824,1,1024,0.0,0,bits-sq,32,512,4,download,/home/jirka/research/2024/bits-knn-jpdc2024/data/application-scaling/bw01-35760924/gradient-compression-small.csv,0.001736111111111111,30,0.0093895,0.0092775,0.01013675,0.9122423984237712,True,True
gradient-compression,773ccccc257597721840d373c9f3e73e670a8d255c39e3a3e354a1d2571356c3,589824,1,1024,0.0,0,bits-sq,32,512,4,operator,/home/jirka/research/2024/bits-knn-jpdc2024/data/application-scaling/bw01-35760924/gradient-compression-small.csv,0.001736111111111111,30,0.117464,0.11735825,0.11775074999999999,0.33674146972689506,True,True
gradient-compression,773ccccc257597721840d373c9f3e73e670a8d255c39e3a3e354a1d2571356c3,589824,1,1024,0.0,0,bits-sq,32,512,4,output_isolated,/home/jirka/research/2024/bits-knn-jpdc2024/data/application-scaling/bw01-35760924/gradient-compression-small.csv,0.001736111111111111,30,0.008445000000000001,0.008372499999999998,0.0085375,1.0029603315571343,True,True
gradient-compression,773ccccc257597721840d373c9f3e73e670a8d255c39e3a3e354a1d2571356c3,589824,1,1024,0.0,0,bits-sq,32,512,4,selection_isolated,/home/jirka/research/2024/bits-knn-jpdc2024/data/application-scaling/bw01-35760924/gradient-compression-small.csv,0.001736111111111111,30,0.1076135,0.107434,0.10777825,0.2588894516022618,True,True
gradient-compression,773ccccc257597721840d373c9f3e73e670a8d255c39e3a3e354a1d2571356c3,589824,1,1024,0.0,0,bits-sq,32,512,4,transform_isolated,/home/jirka/research/2024/bits-knn-jpdc2024/data/application-scaling/bw01-35760924/gradient-compression-small.csv,0.001736111111111111,30,0.009130000000000001,0.00908175,0.009288249999999998,1.0339539978094192,True,True
gradient-compression,773ccccc257597721840d373c9f3e73e670a8d255c39e3a3e354a1d2571356c3,589824,1,1024,0.0,0,bits-sq,32,512,4,upload_shared,/home/jirka/research/2024/bits-knn-jpdc2024/data/application-scaling/bw01-35760924/gradient-compression-small.csv,0.001736111111111111,1,0.148958,0.148958,0.148958,1.123665731279958,True,True
gradient-compression,773ccccc257597721840d373c9f3e73e670a8d255c39e3a3e354a1d2571356c3,589824,1,1024,0.0,0,bits-sq,32,512,7,download,/home/jirka/research/2024/bits-knn-jpdc2024/data/application-scaling/bw01-35760924/gradient-compression-small.csv,0.001736111111111111,30,0.0092595,0.0091175,0.00936675,0.9250499487013337,False,False
gradient-compression,773ccccc257597721840d373c9f3e73e670a8d255c39e3a3e354a1d2571356c3,589824,1,1024,0.0,0,bits-sq,32,512,7,operator,/home/jirka/research/2024/bits-knn-jpdc2024/data/application-scaling/bw01-35760924/gradient-compression-small.csv,0.001736111111111111,30,0.12053900000000001,0.120334,0.120754,0.32815105484531976,False,False
gradient-compression,773ccccc257597721840d373c9f3e73e670a8d255c39e3a3e354a1d2571356c3,589824,1,1024,0.0,0,bits-sq,32,512,7,output_isolated,/home/jirka/research/2024/bits-knn-jpdc2024/data/application-scaling/bw01-35760924/gradient-compression-small.csv,0.001736111111111111,30,0.008525,0.0084725,0.008622500000000002,0.9935483870967743,False,False
gradient-compression,773ccccc257597721840d373c9f3e73e670a8d255c39e3a3e354a1d2571356c3,589824,1,1024,0.0,0,bits-sq,32,512,7,selection_isolated,/home/jirka/research/2024/bits-knn-jpdc2024/data/application-scaling/bw01-35760924/gradient-compression-small.csv,0.001736111111111111,30,0.1106085,0.11044150000000001,0.11078149999999999,0.25187937635895974,False,False
gradient-compression,773ccccc257597721840d373c9f3e73e670a8d255c39e3a3e354a1d2571356c3,589824,1,1024,0.0,0,bits-sq,32,512,7,transform_isolated,/home/jirka/research/2024/bits-knn-jpdc2024/data/application-scaling/bw01-35760924/gradient-compression-small.csv,0.001736111111111111,30,0.009165,0.009025,0.00931775,1.0300054555373703,False,False
gradient-compression,773ccccc257597721840d373c9f3e73e670a8d255c39e3a3e354a1d2571356c3,589824,1,1024,0.0,0,bits-sq,32,512,7,upload_shared,/home/jirka/research/2024/bits-knn-jpdc2024/data/application-scaling/bw01-35760924/gradient-compression-small.csv,0.001736111111111111,1,0.13803900000000002,0.13803900000000002,0.13803900000000002,1.2125486275617758,False,False
gradient-compression,773ccccc257597721840d373c9f3e73e670a8d255c39e3a3e354a1d2571356c3,589824,1,1024,0.0,0,bits-sq,32,512,8,download,/home/jirka/research/2024/bits-knn-jpdc2024/data/application-scaling/bw01-35760924/gradient-compression-small.csv,0.001736111111111111,30,0.00938,0.009315,0.00945425,0.9131663113006397,False,False
gradient-compression,773ccccc257597721840d373c9f3e73e670a8d255c39e3a3e354a1d2571356c3,589824,1,1024,0.0,0,bits-sq,32,512,8,operator,/home/jirka/research/2024/bits-knn-jpdc2024/data/application-scaling/bw01-35760924/gradient-compression-small.csv,0.001736111111111111,30,0.13182850000000002,0.13165575,0.1319465,0.3000489272046636,False,False
gradient-compression,773ccccc257597721840d373c9f3e73e670a8d255c39e3a3e354a1d2571356c3,589824,1,1024,0.0,0,bits-sq,32,512,8,output_isolated,/home/jirka/research/2024/bits-knn-jpdc2024/data/application-scaling/bw01-35760924/gradient-compression-small.csv,0.001736111111111111,30,0.00859,0.0085125,0.00866425,0.9860302677532014,False,False
gradient-compression,773ccccc257597721840d373c9f3e73e670a8d255c39e3a3e354a1d2571356c3,589824,1,1024,0.0,0,bits-sq,32,512,8,selection_isolated,/home/jirka/research/2024/bits-knn-jpdc2024/data/application-scaling/bw01-35760924/gradient-compression-small.csv,0.001736111111111111,30,0.1219085,0.12176399999999998,0.12202800000000001,0.228532054778789,False,False
gradient-compression,773ccccc257597721840d373c9f3e73e670a8d255c39e3a3e354a1d2571356c3,589824,1,1024,0.0,0,bits-sq,32,512,8,transform_isolated,/home/jirka/research/2024/bits-knn-jpdc2024/data/application-scaling/bw01-35760924/gradient-compression-small.csv,0.001736111111111111,30,0.009205,0.009099999999999999,0.009315,1.0255296034763715,False,False
gradient-compression,773ccccc257597721840d373c9f3e73e670a8d255c39e3a3e354a1d2571356c3,589824,1,1024,0.0,0,bits-sq,32,512,8,upload_shared,/home/jirka/research/2024/bits-knn-jpdc2024/data/application-scaling/bw01-35760924/gradient-compression-small.csv,0.001736111111111111,1,0.146398,0.146398,0.146398,1.1433147993825052,False,False
gradient-compression,773ccccc257597721840d373c9f3e73e670a8d255c39e3a3e354a1d2571356c3,589824,1,1024,0.0,0,bits-sq,32,512,13,download,/home/jirka/research/2024/bits-knn-jpdc2024/data/application-scaling/bw01-35760924/gradient-compression-small.csv,0.001736111111111111,30,0.009325,0.00867,0.009427499999999998,0.9185522788203754,False,False
gradient-compression,773ccccc257597721840d373c9f3e73e670a8d255c39e3a3e354a1d2571356c3,589824,1,1024,0.0,0,bits-sq,32,512,13,operator,/home/jirka/research/2024/bits-knn-jpdc2024/data/application-scaling/bw01-35760924/gradient-compression-small.csv,0.001736111111111111,30,0.1434535,0.14324875,0.14363900000000002,0.275733948631438,False,False
gradient-compression,773ccccc257597721840d373c9f3e73e670a8d255c39e3a3e354a1d2571356c3,589824,1,1024,0.0,0,bits-sq,32,512,13,output_isolated,/home/jirka/research/2024/bits-knn-jpdc2024/data/application-scaling/bw01-35760924/gradient-compression-small.csv,0.001736111111111111,30,0.008475,0.008384999999999998,0.00856675,0.9994100294985251,False,False
gradient-compression,773ccccc257597721840d373c9f3e73e670a8d255c39e3a3e354a1d2571356c3,589824,1,1024,0.0,0,bits-sq,32,512,13,selection_isolated,/home/jirka/research/2024/bits-knn-jpdc2024/data/application-scaling/bw01-35760924/gradient-compression-small.csv,0.001736111111111111,30,0.1336835,0.1335765,0.13379075,0.208402682455202,False,False
gradient-compression,773ccccc257597721840d373c9f3e73e670a8d255c39e3a3e354a1d2571356c3,589824,1,1024,0.0,0,bits-sq,32,512,13,transform_isolated,/home/jirka/research/2024/bits-knn-jpdc2024/data/application-scaling/bw01-35760924/gradient-compression-small.csv,0.001736111111111111,30,0.009115000000000002,0.00902475,0.00929975,1.035655512890839,False,False
gradient-compression,773ccccc257597721840d373c9f3e73e670a8d255c39e3a3e354a1d2571356c3,589824,1,1024,0.0,0,bits-sq,32,512,13,upload_shared,/home/jirka/research/2024/bits-knn-jpdc2024/data/application-scaling/bw01-35760924/gradient-compression-small.csv,0.001736111111111111,1,0.14823899999999998,0.14823899999999998,0.14823899999999998,1.1291158197235547,False,False
gradient-compression,773ccccc257597721840d373c9f3e73e670a8d255c39e3a3e354a1d2571356c3,589824,1,1024,0.0,0,bits-sq,32,512,16,download,/home/jirka/research/2024/bits-knn-jpdc2024/data/application-scaling/bw01-35760924/gradient-compression-small.csv,0.001736111111111111,30,0.009399999999999999,0.00929,0.01009,0.9112234042553193,False,False
gradient-compression,773ccccc257597721840d373c9f3e73e670a8d255c39e3a3e354a1d2571356c3,589824,1,1024,0.0,0,bits-sq,32,512,16,operator,/home/jirka/research/2024/bits-knn-jpdc2024/data/application-scaling/bw01-35760924/gradient-compression-small.csv,0.001736111111111111,30,0.16680299999999998,0.16656125,0.16701050000000003,0.23713602273340412,False,False
gradient-compression,773ccccc257597721840d373c9f3e73e670a8d255c39e3a3e354a1d2571356c3,589824,1,1024,0.0,0,bits-sq,32,512,16,output_isolated,/home/jirka/research/2024/bits-knn-jpdc2024/data/application-scaling/bw01-35760924/gradient-compression-small.csv,0.001736111111111111,30,0.00857,0.00850925,0.0086475,0.9883313885647609,False,False
gradient-compression,773ccccc257597721840d373c9f3e73e670a8d255c39e3a3e354a1d2571356c3,589824,1,1024,0.0,0,bits-sq,32,512,16,selection_isolated,/home/jirka/research/2024/bits-knn-jpdc2024/data/application-scaling/bw01-35760924/gradient-compression-small.csv,0.001736111111111111,30,0.156918,0.15680825,0.1571355,0.1775449597879147,False,False
gradient-compression,773ccccc257597721840d373c9f3e73e670a8d255c39e3a3e354a1d2571356c3,589824,1,1024,0.0,0,bits-sq,32,512,16,transform_isolated,/home/jirka/research/2024/bits-knn-jpdc2024/data/application-scaling/bw01-35760924/gradient-compression-small.csv,0.001736111111111111,30,0.009215,0.009152500000000001,0.00934425,1.0244167118827998,False,False
gradient-compression,773ccccc257597721840d373c9f3e73e670a8d255c39e3a3e354a1d2571356c3,589824,1,1024,0.0,0,bits-sq,32,512,16,upload_shared,/home/jirka/research/2024/bits-knn-jpdc2024/data/application-scaling/bw01-35760924/gradient-compression-small.csv,0.001736111111111111,1,0.140668,0.140668,0.140668,1.1898868257172919,False,False
gradient-compression,773ccccc257597721840d373c9f3e73e670a8d255c39e3a3e354a1d2571356c3,589824,1,1024,0.0,0,bits-sq,128,128,4,download,/home/jirka/research/2024/bits-knn-jpdc2024/data/application-scaling/bw01-35760924/gradient-compression-small.csv,0.001736111111111111,30,0.009368999999999999,0.009295000000000001,0.0094575,0.9142384459387343,False,False
gradient-compression,773ccccc257597721840d373c9f3e73e670a8d255c39e3a3e354a1d2571356c3,589824,1,1024,0.0,0,bits-sq,128,128,4,operator,/home/jirka/research/2024/bits-knn-jpdc2024/data/application-scaling/bw01-35760924/gradient-compression-small.csv,0.001736111111111111,30,0.221833,0.22165475,0.2219845,0.1783098096315697,False,False
gradient-compression,773ccccc257597721840d373c9f3e73e670a8d255c39e3a3e354a1d2571356c3,589824,1,1024,0.0,0,bits-sq,128,128,4,output_isolated,/home/jirka/research/2024/bits-knn-jpdc2024/data/application-scaling/bw01-35760924/gradient-compression-small.csv,0.001736111111111111,30,0.0086295,0.0084725,0.0087925,0.9815168897386871,False,False
gradient-compression,773ccccc257597721840d373c9f3e73e670a8d255c39e3a3e354a1d2571356c3,589824,1,1024,0.0,0,bits-sq,128,128,4,selection_isolated,/home/jirka/research/2024/bits-knn-jpdc2024/data/application-scaling/bw01-35760924/gradient-compression-small.csv,0.001736111111111111,30,0.212183,0.2120105,0.21236225,0.13130175367489383,False,False
gradient-compression,773ccccc257597721840d373c9f3e73e670a8d255c39e3a3e354a1d2571356c3,589824,1,1024,0.0,0,bits-sq,128,128,4,transform_isolated,/home/jirka/research/2024/bits-knn-jpdc2024/data/application-scaling/bw01-35760924/gradient-compression-small.csv,0.001736111111111111,30,0.009164,0.009035,0.00926,1.0301178524661718,False,False
gradient-compression,773ccccc257597721840d373c9f3e73e670a8d255c39e3a3e354a1d2571356c3,589824,1,1024,0.0,0,bits-sq,128,128,4,upload_shared,/home/jirka/research/2024/bits-knn-jpdc2024/data/application-scaling/bw01-35760924/gradient-compression-small.csv,0.001736111111111111,1,0.149908,0.149908,0.149908,1.1165448141526801,False,False
gradient-compression,773ccccc257597721840d373c9f3e73e670a8d255c39e3a3e354a1d2571356c3,589824,1,1024,0.0,0,bits-sq,128,128,7,download,/home/jirka/research/2024/bits-knn-jpdc2024/data/application-scaling/bw01-35760924/gradient-compression-small.csv,0.001736111111111111,30,0.0092995,0.0090375,0.00941725,0.9210710253239421,False,False
gradient-compression,773ccccc257597721840d373c9f3e73e670a8d255c39e3a3e354a1d2571356c3,589824,1,1024,0.0,0,bits-sq,128,128,7,operator,/home/jirka/research/2024/bits-knn-jpdc2024/data/application-scaling/bw01-35760924/gradient-compression-small.csv,0.001736111111111111,30,0.20029249999999998,0.20017049999999997,0.2003655,0.19748617646691716,False,False
gradient-compression,773ccccc257597721840d373c9f3e73e670a8d255c39e3a3e354a1d2571356c3,589824,1,1024,0.0,0,bits-sq,128,128,7,output_isolated,/home/jirka/research/2024/bits-knn-jpdc2024/data/application-scaling/bw01-35760924/gradient-compression-small.csv,0.001736111111111111,30,0.008635,0.0085175,0.00873,0.9808917197452229,False,False
gradient-compression,773ccccc257597721840d373c9f3e73e670a8d255c39e3a3e354a1d2571356c3,589824,1,1024,0.0,0,bits-sq,128,128,7,selection_isolated,/home/jirka/research/2024/bits-knn-jpdc2024/data/application-scaling/bw01-35760924/gradient-compression-small.csv,0.001736111111111111,30,0.190573,0.190398,0.19072475,0.14619069857744801,False,False
gradient-compression,773ccccc257597721840d373c9f3e73e670a8d255c39e3a3e354a1d2571356c3,589824,1,1024,0.0,0,bits-sq,128,128,7,transform_isolated,/home/jirka/research/2024/bits-knn-jpdc2024/data/application-scaling/bw01-35760924/gradient-compression-small.csv,0.001736111111111111,30,0.009104999999999999,0.009032499999999999,0.009255,1.0367929708951127,False,False
gradient-compression,773ccccc257597721840d373c9f3e73e670a8d255c39e3a3e354a1d2571356c3,589824,1,1024,0.0,0,bits-sq,128,128,7,upload_shared,/home/jirka/research/2024/bits-knn-jpdc2024/data/application-scaling/bw01-35760924/gradient-compression-small.csv,0.001736111111111111,1,0.15276800000000001,0.15276800000000001,0.15276800000000001,1.0956417574361121,False,False
gradient-compression,773ccccc257597721840d373c9f3e73e670a8d255c39e3a3e354a1d2571356c3,589824,1,1024,0.0,0,bits-sq,128,128,8,download,/home/jirka/research/2024/bits-knn-jpdc2024/data/application-scaling/bw01-35760924/gradient-compression-small.csv,0.001736111111111111,30,0.0092895,0.00860475,0.00938175,0.9220625437321709,False,False
gradient-compression,773ccccc257597721840d373c9f3e73e670a8d255c39e3a3e354a1d2571356c3,589824,1,1024,0.0,0,bits-sq,128,128,8,operator,/home/jirka/research/2024/bits-knn-jpdc2024/data/application-scaling/bw01-35760924/gradient-compression-small.csv,0.001736111111111111,30,0.2007425,0.20064025000000002,0.200873,0.19704347609499734,False,False
gradient-compression,773ccccc257597721840d373c9f3e73e670a8d255c39e3a3e354a1d2571356c3,589824,1,1024,0.0,0,bits-sq,128,128,8,output_isolated,/home/jirka/research/2024/bits-knn-jpdc2024/data/application-scaling/bw01-35760924/gradient-compression-small.csv,0.001736111111111111,30,0.008654499999999999,0.008500750000000001,0.00872,0.9786816107227455,False,False
gradient-compression,773ccccc257597721840d373c9f3e73e670a8d255c39e3a3e354a1d2571356c3,589824,1,1024,0.0,0,bits-sq,128,128,8,selection_isolated,/home/jirka/research/2024/bits-knn-jpdc2024/data/application-scaling/bw01-35760924/gradient-compression-small.csv,0.001736111111111111,30,0.191003,0.19086299999999998,0.19119550000000002,0.14586158332591634,False,False
gradient-compression,773ccccc257597721840d373c9f3e73e670a8d255c39e3a3e354a1d2571356c3,589824,1,1024,0.0,0,bits-sq,128,128,8,transform_isolated,/home/jirka/research/2024/bits-knn-jpdc2024/data/application-scaling/bw01-35760924/gradient-compression-small.csv,0.001736111111111111,30,0.009125000000000001,0.00906,0.009225,1.0345205479452053,False,False
gradient-compression,773ccccc257597721840d373c9f3e73e670a8d255c39e3a3e354a1d2571356c3,589824,1,1024,0.0,0,bits-sq,128,128,8,upload_shared,/home/jirka/research/2024/bits-knn-jpdc2024/data/application-scaling/bw01-35760924/gradient-compression-small.csv,0.001736111111111111,1,0.15476800000000002,0.15476800000000002,0.15476800000000002,1.0814832523519073,False,False
gradient-compression,773ccccc257597721840d373c9f3e73e670a8d255c39e3a3e354a1d2571356c3,589824,1,1024,0.0,0,bits-sq,128,128,13,download,/home/jirka/research/2024/bits-knn-jpdc2024/data/application-scaling/bw01-35760924/gradient-compression-small.csv,0.001736111111111111,30,0.0093245,0.0092025,0.00939075,0.9186015335942946,False,False
gradient-compression,773ccccc257597721840d373c9f3e73e670a8d255c39e3a3e354a1d2571356c3,589824,1,1024,0.0,0,bits-sq,128,128,13,operator,/home/jirka/research/2024/bits-knn-jpdc2024/data/application-scaling/bw01-35760924/gradient-compression-small.csv,0.001736111111111111,30,0.18190299999999998,0.1818105,0.182118,0.21745105908093876,False,False
gradient-compression,773ccccc257597721840d373c9f3e73e670a8d255c39e3a3e354a1d2571356c3,589824,1,1024,0.0,0,bits-sq,128,128,13,output_isolated,/home/jirka/research/2024/bits-knn-jpdc2024/data/application-scaling/bw01-35760924/gradient-compression-small.csv,0.001736111111111111,30,0.00856,0.00847175,0.008665,0.9894859813084113,False,False
gradient-compression,773ccccc257597721840d373c9f3e73e670a8d255c39e3a3e354a1d2571356c3,589824,1,1024,0.0,0,bits-sq,128,128,13,selection_isolated,/home/jirka/research/2024/bits-knn-jpdc2024/data/application-scaling/bw01-35760924/gradient-compression-small.csv,0.001736111111111111,30,0.17215350000000001,0.17208600000000002,0.172273,0.1618323182508633,False,False
gradient-compression,773ccccc257597721840d373c9f3e73e670a8d255c39e3a3e354a1d2571356c3,589824,1,1024,0.0,0,bits-sq,128,128,13,transform_isolated,/home/jirka/research/2024/bits-knn-jpdc2024/data/application-scaling/bw01-35760924/gradient-compression-small.csv,0.001736111111111111,30,0.009120000000000001,0.0090525,0.0092075,1.0350877192982453,False,False
gradient-compression,773ccccc257597721840d373c9f3e73e670a8d255c39e3a3e354a1d2571356c3,589824,1,1024,0.0,0,bits-sq,128,128,13,upload_shared,/home/jirka/research/2024/bits-knn-jpdc2024/data/application-scaling/bw01-35760924/gradient-compression-small.csv,0.001736111111111111,1,0.143478,0.143478,0.143478,1.1665830301509639,False,False
gradient-compression,773ccccc257597721840d373c9f3e73e670a8d255c39e3a3e354a1d2571356c3,589824,1,1024,0.0,0,bits-sq,128,128,16,download,/home/jirka/research/2024/bits-knn-jpdc2024/data/application-scaling/bw01-35760924/gradient-compression-small.csv,0.001736111111111111,30,0.009305,0.0092325,0.00940525,0.9205265986029016,False,False
gradient-compression,773ccccc257597721840d373c9f3e73e670a8d255c39e3a3e354a1d2571356c3,589824,1,1024,0.0,0,bits-sq,128,128,16,operator,/home/jirka/research/2024/bits-knn-jpdc2024/data/application-scaling/bw01-35760924/gradient-compression-small.csv,0.001736111111111111,30,0.18470799999999998,0.18464575,0.1850455,0.21414881867596425,False,False
gradient-compression,773ccccc257597721840d373c9f3e73e670a8d255c39e3a3e354a1d2571356c3,589824,1,1024,0.0,0,bits-sq,128,128,16,output_isolated,/home/jirka/research/2024/bits-knn-jpdc2024/data/application-scaling/bw01-35760924/gradient-compression-small.csv,0.001736111111111111,30,0.008625,0.00855225,0.008755,0.9820289855072463,False,False
gradient-compression,773ccccc257597721840d373c9f3e73e670a8d255c39e3a3e354a1d2571356c3,589824,1,1024,0.0,0,bits-sq,128,128,16,selection_isolated,/home/jirka/research/2024/bits-knn-jpdc2024/data/application-scaling/bw01-35760924/gradient-compression-small.csv,0.001736111111111111,30,0.17494350000000003,0.1748155,0.17502775000000004,0.15925141545699037,False,False
gradient-compression,773ccccc257597721840d373c9f3e73e670a8d255c39e3a3e354a1d2571356c3,589824,1,1024,0.0,0,bits-sq,128,128,16,transform_isolated,/home/jirka/research/2024/bits-knn-jpdc2024/data/application-scaling/bw01-35760924/gradient-compression-small.csv,0.001736111111111111,30,0.00911,0.00907325,0.009205,1.03622392974753,False,False
gradient-compression,773ccccc257597721840d373c9f3e73e670a8d255c39e3a3e354a1d2571356c3,589824,1,1024,0.0,0,bits-sq,128,128,16,upload_shared,/home/jirka/research/2024/bits-knn-jpdc2024/data/application-scaling/bw01-35760924/gradient-compression-small.csv,0.001736111111111111,1,0.144188,0.144188,0.144188,1.1608386273476294,False,False
gradient-compression,773ccccc257597721840d373c9f3e73e670a8d255c39e3a3e354a1d2571356c3,589824,1,1024,0.0,0,bits-sq,128,256,4,download,/home/jirka/research/2024/bits-knn-jpdc2024/data/application-scaling/bw01-35760924/gradient-compression-small.csv,0.001736111111111111,30,0.009325,0.009235,0.00937775,0.9185522788203754,False,False
gradient-compression,773ccccc257597721840d373c9f3e73e670a8d255c39e3a3e354a1d2571356c3,589824,1,1024,0.0,0,bits-sq,128,256,4,operator,/home/jirka/research/2024/bits-knn-jpdc2024/data/application-scaling/bw01-35760924/gradient-compression-small.csv,0.001736111111111111,30,0.165923,0.165688,0.166098,0.23839371274627388,False,False
gradient-compression,773ccccc257597721840d373c9f3e73e670a8d255c39e3a3e354a1d2571356c3,589824,1,1024,0.0,0,bits-sq,128,256,4,output_isolated,/home/jirka/research/2024/bits-knn-jpdc2024/data/application-scaling/bw01-35760924/gradient-compression-small.csv,0.001736111111111111,30,0.008525,0.008397499999999999,0.0086175,0.9935483870967743,False,False
gradient-compression,773ccccc257597721840d373c9f3e73e670a8d255c39e3a3e354a1d2571356c3,589824,1,1024,0.0,0,bits-sq,128,256,4,selection_isolated,/home/jirka/research/2024/bits-knn-jpdc2024/data/application-scaling/bw01-35760924/gradient-compression-small.csv,0.001736111111111111,30,0.156108,0.15536550000000002,0.1562905,0.17846619007353884,False,False
gradient-compression,773ccccc257597721840d373c9f3e73e670a8d255c39e3a3e354a1d2571356c3,589824,1,1024,0.0,0,bits-sq,128,256,4,transform_isolated,/home/jirka/research/2024/bits-knn-jpdc2024/data/application-scaling/bw01-35760924/gradient-compression-small.csv,0.001736111111111111,30,0.0091245,0.009007500000000002,0.0092075,1.0345772371088824,False,False
gradient-compression,773ccccc257597721840d373c9f3e73e670a8d255c39e3a3e354a1d2571356c3,589824,1,1024,0.0,0,bits-sq,128,256,4,upload_shared,/home/jirka/research/2024/bits-knn-jpdc2024/data/application-scaling/bw01-35760924/gradient-compression-small.csv,0.001736111111111111,1,0.14552900000000002,0.14552900000000002,0.14552900000000002,1.150141896116925,False,False
gradient-compression,773ccccc257597721840d373c9f3e73e670a8d255c39e3a3e354a1d2571356c3,589824,1,1024,0.0,0,bits-sq,128,256,7,download,/home/jirka/research/2024/bits-knn-jpdc2024/data/application-scaling/bw01-35760924/gradient-compression-small.csv,0.001736111111111111,30,0.009305,0.00926,0.01006925,0.9205265986029016,False,False
gradient-compression,773ccccc257597721840d373c9f3e73e670a8d255c39e3a3e354a1d2571356c3,589824,1,1024,0.0,0,bits-sq,128,256,7,operator,/home/jirka/research/2024/bits-knn-jpdc2024/data/application-scaling/bw01-35760924/gradient-compression-small.csv,0.001736111111111111,30,0.16016350000000001,0.1599305,0.1603455,0.2469663812291814,False,False
gradient-compression,773ccccc257597721840d373c9f3e73e670a8d255c39e3a3e354a1d2571356c3,589824,1,1024,0.0,0,bits-sq,128,256,7,output_isolated,/home/jirka/research/2024/bits-knn-jpdc2024/data/application-scaling/bw01-35760924/gradient-compression-small.csv,0.001736111111111111,30,0.00852,0.0084725,0.0086675,0.9941314553990611,False,False
gradient-compression,773ccccc257597721840d373c9f3e73e670a8d255c39e3a3e354a1d2571356c3,589824,1,1024,0.0,0,bits-sq,128,256,7,selection_isolated,/home/jirka/research/2024/bits-knn-jpdc2024/data/application-scaling/bw01-35760924/gradient-compression-small.csv,0.001736111111111111,30,0.15035350000000003,0.15026050000000002,0.15051575,0.18529665089272943,False,False
gradient-compression,773ccccc257597721840d373c9f3e73e670a8d255c39e3a3e354a1d2571356c3,589824,1,1024,0.0,0,bits-sq,128,256,7,transform_isolated,/home/jirka/research/2024/bits-knn-jpdc2024/data/application-scaling/bw01-35760924/gradient-compression-small.csv,0.001736111111111111,30,0.009104999999999999,0.0090225,0.00918,1.0367929708951127,False,False
gradient-compression,773ccccc257597721840d373c9f3e73e670a8d255c39e3a3e354a1d2571356c3,589824,1,1024,0.0,0,bits-sq,128,256,7,upload_shared,/home/jirka/research/2024/bits-knn-jpdc2024/data/application-scaling/bw01-35760924/gradient-compression-small.csv,0.001736111111111111,1,0.142599,0.142599,0.142599,1.1737740096354112,False,False
gradient-compression,773ccccc257597721840d373c9f3e73e670a8d255c39e3a3e354a1d2571356c3,589824,1,1024,0.0,0,bits-sq,128,256,8,download,/home/jirka/research/2024/bits-knn-jpdc2024/data/application-scaling/bw01-35760924/gradient-compression-small.csv,0.001736111111111111,30,0.009345000000000001,0.00928,0.00959,0.9165864098448367,False,False
gradient-compression,773ccccc257597721840d373c9f3e73e670a8d255c39e3a3e354a1d2571356c3,589824,1,1024,0.0,0,bits-sq,128,256,8,operator,/home/jirka/research/2024/bits-knn-jpdc2024/data/application-scaling/bw01-35760924/gradient-compression-small.csv,0.001736111111111111,30,0.1500335,0.14985825000000003,0.1502115,0.2636411201498332,False,False
gradient-compression,773ccccc257597721840d373c9f3e73e670a8d255c39e3a3e354a1d2571356c3,589824,1,1024,0.0,0,bits-sq,128,256,8,output_isolated,/home/jirka/research/2024/bits-knn-jpdc2024/data/application-scaling/bw01-35760924/gradient-compression-small.csv,0.001736111111111111,30,0.008579999999999999,0.008539250000000002,0.008664,0.9871794871794873,False,False
gradient-compression,773ccccc257597721840d373c9f3e73e670a8d255c39e3a3e354a1d2571356c3,589824,1,1024,0.0,0,bits-sq,128,256,8,selection_isolated,/home/jirka/research/2024/bits-knn-jpdc2024/data/application-scaling/bw01-35760924/gradient-compression-small.csv,0.001736111111111111,30,0.1402385,0.14007150000000002,0.1403565,0.1986615658324925,False,False
gradient-compression,773ccccc257597721840d373c9f3e73e670a8d255c39e3a3e354a1d2571356c3,589824,1,1024,0.0,0,bits-sq,128,256,8,transform_isolated,/home/jirka/research/2024/bits-knn-jpdc2024/data/application-scaling/bw01-35760924/gradient-compression-small.csv,0.001736111111111111,30,0.0091445,0.009093249999999999,0.00921725,1.0323145059872052,False,False
gradient-compression,773ccccc257597721840d373c9f3e73e670a8d255c39e3a3e354a1d2571356c3,589824,1,1024,0.0,0,bits-sq,128,256,8,upload_shared,/home/jirka/research/2024/bits-knn-jpdc2024/data/application-scaling/bw01-35760924/gradient-compression-small.csv,0.001736111111111111,1,0.146618,0.146618,0.146618,1.1415992579355878,False,False
gradient-compression,773ccccc257597721840d373c9f3e73e670a8d255c39e3a3e354a1d2571356c3,589824,1,1024,0.0,0,bits-sq,128,256,13,download,/home/jirka/research/2024/bits-knn-jpdc2024/data/application-scaling/bw01-35760924/gradient-compression-small.csv,0.001736111111111111,30,0.00928,0.00926,0.009385,0.9230064655172414,False,False
gradient-compression,773ccccc257597721840d373c9f3e73e670a8d255c39e3a3e354a1d2571356c3,589824,1,1024,0.0,0,bits-sq,128,256,13,operator,/home/jirka/research/2024/bits-knn-jpdc2024/data/application-scaling/bw01-35760924/gradient-compression-small.csv,0.001736111111111111,30,0.14642299999999997,0.1463155,0.14654575,0.2701419858901949,False,False
gradient-compression,773ccccc257597721840d373c9f3e73e670a8d255c39e3a3e354a1d2571356c3,589824,1,1024,0.0,0,bits-sq,128,256,13,output_isolated,/home/jirka/research/2024/bits-knn-jpdc2024/data/application-scaling/bw01-35760924/gradient-compression-small.csv,0.001736111111111111,30,0.008595,0.008522499999999999,0.00868675,0.985456660849331,False,False
gradient-compression,773ccccc257597721840d373c9f3e73e670a8d255c39e3a3e354a1d2571356c3,589824,1,1024,0.0,0,bits-sq,128,256,13,selection_isolated,/home/jirka/research/2024/bits-knn-jpdc2024/data/application-scaling/bw01-35760924/gradient-compression-small.csv,0.001736111111111111,30,0.1365785,0.13648625,0.13673375,0.20398525390160238,False,False
gradient-compression,773ccccc257597721840d373c9f3e73e670a8d255c39e3a3e354a1d2571356c3,589824,1,1024,0.0,0,bits-sq,128,256,13,transform_isolated,/home/jirka/research/2024/bits-knn-jpdc2024/data/application-scaling/bw01-35760924/gradient-compression-small.csv,0.001736111111111111,30,0.009160000000000001,0.0091225,0.00925,1.0305676855895194,False,False
gradient-compression,773ccccc257597721840d373c9f3e73e670a8d255c39e3a3e354a1d2571356c3,589824,1,1024,0.0,0,bits-sq,128,256,13,upload_shared,/home/jirka/research/2024/bits-knn-jpdc2024/data/application-scaling/bw01-35760924/gradient-compression-small.csv,0.001736111111111111,1,0.146818,0.146818,0.146818,1.1400441362775682,False,False
gradient-compression,773ccccc257597721840d373c9f3e73e670a8d255c39e3a3e354a1d2571356c3,589824,1,1024,0.0,0,bits-sq,128,256,16,download,/home/jirka/research/2024/bits-knn-jpdc2024/data/application-scaling/bw01-35760924/gradient-compression-small.csv,0.001736111111111111,30,0.00932,0.007975,0.009777500000000001,0.9190450643776824,False,False
gradient-compression,773ccccc257597721840d373c9f3e73e670a8d255c39e3a3e354a1d2571356c3,589824,1,1024,0.0,0,bits-sq,128,256,16,operator,/home/jirka/research/2024/bits-knn-jpdc2024/data/application-scaling/bw01-35760924/gradient-compression-small.csv,0.001736111111111111,30,0.1503635,0.14832325,0.15061075,0.2630625118462925,False,False
gradient-compression,773ccccc257597721840d373c9f3e73e670a8d255c39e3a3e354a1d2571356c3,589824,1,1024,0.0,0,bits-sq,128,256,16,output_isolated,/home/jirka/research/2024/bits-knn-jpdc2024/data/application-scaling/bw01-35760924/gradient-compression-small.csv,0.001736111111111111,30,0.00847,0.0074175000000000005,0.0086175,1.0,False,False
gradient-compression,773ccccc257597721840d373c9f3e73e670a8d255c39e3a3e354a1d2571356c3,589824,1,1024,0.0,0,bits-sq,128,256,16,selection_isolated,/home/jirka/research/2024/bits-knn-jpdc2024/data/application-scaling/bw01-35760924/gradient-compression-small.csv,0.001736111111111111,30,0.14065899999999998,0.13978124999999997,0.14082075,0.19806766719513152,False,False
gradient-compression,773ccccc257597721840d373c9f3e73e670a8d255c39e3a3e354a1d2571356c3,589824,1,1024,0.0,0,bits-sq,128,256,16,transform_isolated,/home/jirka/research/2024/bits-knn-jpdc2024/data/application-scaling/bw01-35760924/gradient-compression-small.csv,0.001736111111111111,30,0.00907,0.007712500000000001,0.00919,1.0407938257993383,False,False
gradient-compression,773ccccc257597721840d373c9f3e73e670a8d255c39e3a3e354a1d2571356c3,589824,1,1024,0.0,0,bits-sq,128,256,16,upload_shared,/home/jirka/research/2024/bits-knn-jpdc2024/data/application-scaling/bw01-35760924/gradient-compression-small.csv,0.001736111111111111,1,0.155329,0.155329,0.155329,1.0775772714689467,False,False
gradient-compression,773ccccc257597721840d373c9f3e73e670a8d255c39e3a3e354a1d2571356c3,589824,1,1024,0.0,0,bits-sq,128,512,4,download,/home/jirka/research/2024/bits-knn-jpdc2024/data/application-scaling/bw01-35760924/gradient-compression-small.csv,0.001736111111111111,30,0.0092695,0.008622500000000002,0.0093975,0.9240519984896705,False,False
gradient-compression,773ccccc257597721840d373c9f3e73e670a8d255c39e3a3e354a1d2571356c3,589824,1,1024,0.0,0,bits-sq,128,512,4,operator,/home/jirka/research/2024/bits-knn-jpdc2024/data/application-scaling/bw01-35760924/gradient-compression-small.csv,0.001736111111111111,30,0.1457235,0.145538,0.145928,0.2714387178457833,False,False
gradient-compression,773ccccc257597721840d373c9f3e73e670a8d255c39e3a3e354a1d2571356c3,589824,1,1024,0.0,0,bits-sq,128,512,4,output_isolated,/home/jirka/research/2024/bits-knn-jpdc2024/data/application-scaling/bw01-35760924/gradient-compression-small.csv,0.001736111111111111,30,0.008459500000000002,0.008375249999999999,0.008597500000000001,1.0012412081092261,False,False
gradient-compression,773ccccc257597721840d373c9f3e73e670a8d255c39e3a3e354a1d2571356c3,589824,1,1024,0.0,0,bits-sq,128,512,4,selection_isolated,/home/jirka/research/2024/bits-knn-jpdc2024/data/application-scaling/bw01-35760924/gradient-compression-small.csv,0.001736111111111111,30,0.135834,0.135688,0.13612375,0.2051032878366241,False,False
gradient-compression,773ccccc257597721840d373c9f3e73e670a8d255c39e3a3e354a1d2571356c3,589824,1,1024,0.0,0,bits-sq,128,512,4,transform_isolated,/home/jirka/research/2024/bits-knn-jpdc2024/data/application-scaling/bw01-35760924/gradient-compression-small.csv,0.001736111111111111,30,0.009155,0.00903725,0.00922975,1.0311305297651556,False,False
gradient-compression,773ccccc257597721840d373c9f3e73e670a8d255c39e3a3e354a1d2571356c3,589824,1,1024,0.0,0,bits-sq,128,512,4,upload_shared,/home/jirka/research/2024/bits-knn-jpdc2024/data/application-scaling/bw01-35760924/gradient-compression-small.csv,0.001736111111111111,1,0.13850900000000002,0.13850900000000002,0.13850900000000002,1.2084341089748678,False,False
gradient-compression,773ccccc257597721840d373c9f3e73e670a8d255c39e3a3e354a1d2571356c3,589824,1,1024,0.0,0,bits-sq,128,512,7,download,/home/jirka/research/2024/bits-knn-jpdc2024/data/application-scaling/bw01-35760924/gradient-compression-small.csv,0.001736111111111111,30,0.009309500000000002,0.0092725,0.009454249999999999,0.9200816370374347,False,False
gradient-compression,773ccccc257597721840d373c9f3e73e670a8d255c39e3a3e354a1d2571356c3,589824,1,1024,0.0,0,bits-sq,128,512,7,operator,/home/jirka/research/2024/bits-knn-jpdc2024/data/application-scaling/bw01-35760924/gradient-compression-small.csv,0.001736111111111111,30,0.1449135,0.14466125,0.1450355,0.27295593578238053,False,False
gradient-compression,773ccccc257597721840d373c9f3e73e670a8d255c39e3a3e354a1d2571356c3,589824,1,1024,0.0,0,bits-sq,128,512,7,output_isolated,/home/jirka/research/2024/bits-knn-jpdc2024/data/application-scaling/bw01-35760924/gradient-compression-small.csv,0.001736111111111111,30,0.008529499999999999,0.008405,0.008687499999999999,0.9930242100943785,False,False
gradient-compression,773ccccc257597721840d373c9f3e73e670a8d255c39e3a3e354a1d2571356c3,589824,1,1024,0.0,0,bits-sq,128,512,7,selection_isolated,/home/jirka/research/2024/bits-knn-jpdc2024/data/application-scaling/bw01-35760924/gradient-compression-small.csv,0.001736111111111111,30,0.13511800000000002,0.13480575,0.135283,0.2061901449103746,False,False
gradient-compression,773ccccc257597721840d373c9f3e73e670a8d255c39e3a3e354a1d2571356c3,589824,1,1024,0.0,0,bits-sq,128,512,7,transform_isolated,/home/jirka/research/2024/bits-knn-jpdc2024/data/application-scaling/bw01-35760924/gradient-compression-small.csv,0.001736111111111111,30,0.009084499999999999,0.009000000000000001,0.009219999999999999,1.0391325884748748,False,False
gradient-compression,773ccccc257597721840d373c9f3e73e670a8d255c39e3a3e354a1d2571356c3,589824,1,1024,0.0,0,bits-sq,128,512,7,upload_shared,/home/jirka/research/2024/bits-knn-jpdc2024/data/application-scaling/bw01-35760924/gradient-compression-small.csv,0.001736111111111111,1,0.147419,0.147419,0.147419,1.1353963871685469,False,False
gradient-compression,773ccccc257597721840d373c9f3e73e670a8d255c39e3a3e354a1d2571356c3,589824,1,1024,0.0,0,bits-sq,128,512,8,download,/home/jirka/research/2024/bits-knn-jpdc2024/data/application-scaling/bw01-35760924/gradient-compression-small.csv,0.001736111111111111,30,0.009335,0.0093025,0.0094575,0.91756829137654,False,False
gradient-compression,773ccccc257597721840d373c9f3e73e670a8d255c39e3a3e354a1d2571356c3,589824,1,1024,0.0,0,bits-sq,128,512,8,operator,/home/jirka/research/2024/bits-knn-jpdc2024/data/application-scaling/bw01-35760924/gradient-compression-small.csv,0.001736111111111111,30,0.1488285,0.1486455,0.14924400000000002,0.2657757082816799,False,False
gradient-compression,773ccccc257597721840d373c9f3e73e670a8d255c39e3a3e354a1d2571356c3,589824,1,1024,0.0,0,bits-sq,128,512,8,output_isolated,/home/jirka/research/2024/bits-knn-jpdc2024/data/application-scaling/bw01-35760924/gradient-compression-small.csv,0.001736111111111111,30,0.00855,0.0085125,0.008761749999999999,0.9906432748538011,False,False
gradient-compression,773ccccc257597721840d373c9f3e73e670a8d255c39e3a3e354a1d2571356c3,589824,1,1024,0.0,0,bits-sq,128,512,8,selection_isolated,/home/jirka/research/2024/bits-knn-jpdc2024/data/application-scaling/bw01-35760924/gradient-compression-small.csv,0.001736111111111111,30,0.138849,0.13865650000000002,0.13903649999999998,0.20064962657275168,False,False
gradient-compression,773ccccc257597721840d373c9f3e73e670a8d255c39e3a3e354a1d2571356c3,589824,1,1024,0.0,0,bits-sq,128,512,8,transform_isolated,/home/jirka/research/2024/bits-knn-jpdc2024/data/application-scaling/bw01-35760924/gradient-compression-small.csv,0.001736111111111111,30,0.0091845,0.009120000000000001,0.00936525,1.0278186074364417,False,False
gradient-compression,773ccccc257597721840d373c9f3e73e670a8d255c39e3a3e354a1d2571356c3,589824,1,1024,0.0,0,bits-sq,128,512,8,upload_shared,/home/jirka/research/2024/bits-knn-jpdc2024/data/application-scaling/bw01-35760924/gradient-compression-small.csv,0.001736111111111111,1,0.149228,0.149228,0.149228,1.121632669472217,False,False
gradient-compression,773ccccc257597721840d373c9f3e73e670a8d255c39e3a3e354a1d2571356c3,589824,1,1024,0.0,0,bits-sq,128,512,13,download,/home/jirka/research/2024/bits-knn-jpdc2024/data/application-scaling/bw01-35760924/gradient-compression-small.csv,0.001736111111111111,30,0.0093595,0.0091725,0.00943725,0.9151664084619905,False,False
gradient-compression,773ccccc257597721840d373c9f3e73e670a8d255c39e3a3e354a1d2571356c3,589824,1,1024,0.0,0,bits-sq,128,512,13,operator,/home/jirka/research/2024/bits-knn-jpdc2024/data/application-scaling/bw01-35760924/gradient-compression-small.csv,0.001736111111111111,30,0.15829300000000002,0.15591824999999998,0.15847050000000001,0.24988470747285096,False,False
gradient-compression,773ccccc257597721840d373c9f3e73e670a8d255c39e3a3e354a1d2571356c3,589824,1,1024,0.0,0,bits-sq,128,512,13,output_isolated,/home/jirka/research/2024/bits-knn-jpdc2024/data/application-scaling/bw01-35760924/gradient-compression-small.csv,0.001736111111111111,30,0.00852,0.008451750000000001,0.00855,0.9941314553990611,False,False
gradient-compression,773ccccc257597721840d373c9f3e73e670a8d255c39e3a3e354a1d2571356c3,589824,1,1024,0.0,0,bits-sq,128,512,13,selection_isolated,/home/jirka/research/2024/bits-knn-jpdc2024/data/application-scaling/bw01-35760924/gradient-compression-small.csv,0.001736111111111111,30,0.1485585,0.14824549999999997,0.14868575,0.1875355499685309,False,False
gradient-compression,773ccccc257597721840d373c9f3e73e670a8d255c39e3a3e354a1d2571356c3,589824,1,1024,0.0,0,bits-sq,128,512,13,transform_isolated,/home/jirka/research/2024/bits-knn-jpdc2024/data/application-scaling/bw01-35760924/gradient-compression-small.csv,0.001736111111111111,30,0.009165,0.009054999999999999,0.009285000000000002,1.0300054555373703,False,False
gradient-compression,773ccccc257597721840d373c9f3e73e670a8d255c39e3a3e354a1d2571356c3,589824,1,1024,0.0,0,bits-sq,128,512,13,upload_shared,/home/jirka/research/2024/bits-knn-jpdc2024/data/application-scaling/bw01-35760924/gradient-compression-small.csv,0.001736111111111111,1,0.14874800000000002,0.14874800000000002,0.14874800000000002,1.1252521042299728,False,False
gradient-compression,773ccccc257597721840d373c9f3e73e670a8d255c39e3a3e354a1d2571356c3,589824,1,1024,0.0,0,bits-sq,128,512,16,download,/home/jirka/research/2024/bits-knn-jpdc2024/data/application-scaling/bw01-35760924/gradient-compression-small.csv,0.001736111111111111,30,0.01009,0.00983,0.010127500000000001,0.8489098116947473,False,False
gradient-compression,773ccccc257597721840d373c9f3e73e670a8d255c39e3a3e354a1d2571356c3,589824,1,1024,0.0,0,bits-sq,128,512,16,operator,/home/jirka/research/2024/bits-knn-jpdc2024/data/application-scaling/bw01-35760924/gradient-compression-small.csv,0.001736111111111111,30,0.164178,0.16400625000000002,0.164388,0.2409275298761101,False,False
gradient-compression,773ccccc257597721840d373c9f3e73e670a8d255c39e3a3e354a1d2571356c3,589824,1,1024,0.0,0,bits-sq,128,512,16,output_isolated,/home/jirka/research/2024/bits-knn-jpdc2024/data/application-scaling/bw01-35760924/gradient-compression-small.csv,0.001736111111111111,30,0.008549999999999999,0.00846,0.0086475,0.9906432748538013,False,False
gradient-compression,773ccccc257597721840d373c9f3e73e670a8d255c39e3a3e354a1d2571356c3,589824,1,1024,0.0,0,bits-sq,128,512,16,selection_isolated,/home/jirka/research/2024/bits-knn-jpdc2024/data/application-scaling/bw01-35760924/gradient-compression-small.csv,0.001736111111111111,30,0.15454800000000002,0.15436375,0.15464574999999997,0.18026761912156739,False,False
gradient-compression,773ccccc257597721840d373c9f3e73e670a8d255c39e3a3e354a1d2571356c3,589824,1,1024,0.0,0,bits-sq,128,512,16,transform_isolated,/home/jirka/research/2024/bits-knn-jpdc2024/data/application-scaling/bw01-35760924/gradient-compression-small.csv,0.001736111111111111,30,0.009185,0.00909225,0.0092775,1.0277626565051712,False,False
gradient-compression,773ccccc257597721840d373c9f3e73e670a8d255c39e3a3e354a1d2571356c3,589824,1,1024,0.0,0,bits-sq,128,512,16,upload_shared,/home/jirka/research/2024/bits-knn-jpdc2024/data/application-scaling/bw01-35760924/gradient-compression-small.csv,0.001736111111111111,1,0.15140800000000001,0.15140800000000001,0.15140800000000001,1.1054831977174258,False,False
gradient-compression,773ccccc257597721840d373c9f3e73e670a8d255c39e3a3e354a1d2571356c3,589824,1,1024,0.0,0,bits-sq,512,128,4,download,/home/jirka/research/2024/bits-knn-jpdc2024/data/application-scaling/bw01-35760924/gradient-compression-small.csv,0.001736111111111111,30,0.00927,0.00852225,0.00936,0.9240021574973031,False,False
gradient-compression,773ccccc257597721840d373c9f3e73e670a8d255c39e3a3e354a1d2571356c3,589824,1,1024,0.0,0,bits-sq,512,128,4,operator,/home/jirka/research/2024/bits-knn-jpdc2024/data/application-scaling/bw01-35760924/gradient-compression-small.csv,0.001736111111111111,30,0.532524,0.532104,0.5328715,0.07427834238456858,False,False
gradient-compression,773ccccc257597721840d373c9f3e73e670a8d255c39e3a3e354a1d2571356c3,589824,1,1024,0.0,0,bits-sq,512,128,4,output_isolated,/home/jirka/research/2024/bits-knn-jpdc2024/data/application-scaling/bw01-35760924/gradient-compression-small.csv,0.001736111111111111,30,0.00866,0.0085375,0.00876475,0.9780600461893766,False,False
gradient-compression,773ccccc257597721840d373c9f3e73e670a8d255c39e3a3e354a1d2571356c3,589824,1,1024,0.0,0,bits-sq,512,128,4,selection_isolated,/home/jirka/research/2024/bits-knn-jpdc2024/data/application-scaling/bw01-35760924/gradient-compression-small.csv,0.001736111111111111,30,0.522644,0.5223065,0.5228214999999999,0.05330588316330045,False,False
gradient-compression,773ccccc257597721840d373c9f3e73e670a8d255c39e3a3e354a1d2571356c3,589824,1,1024,0.0,0,bits-sq,512,128,4,transform_isolated,/home/jirka/research/2024/bits-knn-jpdc2024/data/application-scaling/bw01-35760924/gradient-compression-small.csv,0.001736111111111111,30,0.0091555,0.009124750000000001,0.0092165,1.0310742176833596,False,False
gradient-compression,773ccccc257597721840d373c9f3e73e670a8d255c39e3a3e354a1d2571356c3,589824,1,1024,0.0,0,bits-sq,512,128,4,upload_shared,/home/jirka/research/2024/bits-knn-jpdc2024/data/application-scaling/bw01-35760924/gradient-compression-small.csv,0.001736111111111111,1,0.15073899999999998,0.15073899999999998,0.15073899999999998,1.1103894811561708,False,False
gradient-compression,773ccccc257597721840d373c9f3e73e670a8d255c39e3a3e354a1d2571356c3,589824,1,1024,0.0,0,bits-sq,512,128,7,download,/home/jirka/research/2024/bits-knn-jpdc2024/data/application-scaling/bw01-35760924/gradient-compression-small.csv,0.001736111111111111,30,0.009329500000000001,0.00927225,0.0099475,0.918109223431052,False,False
gradient-compression,773ccccc257597721840d373c9f3e73e670a8d255c39e3a3e354a1d2571356c3,589824,1,1024,0.0,0,bits-sq,512,128,7,operator,/home/jirka/research/2024/bits-knn-jpdc2024/data/application-scaling/bw01-35760924/gradient-compression-small.csv,0.001736111111111111,30,0.4495695,0.44924,0.44967824999999995,0.08798417152409138,False,False
gradient-compression,773ccccc257597721840d373c9f3e73e670a8d255c39e3a3e354a1d2571356c3,589824,1,1024,0.0,0,bits-sq,512,128,7,output_isolated,/home/jirka/research/2024/bits-knn-jpdc2024/data/application-scaling/bw01-35760924/gradient-compression-small.csv,0.001736111111111111,30,0.008765,0.0086525,0.0089175,0.966343411294923,False,False
gradient-compression,773ccccc257597721840d373c9f3e73e670a8d255c39e3a3e354a1d2571356c3,589824,1,1024,0.0,0,bits-sq,512,128,7,selection_isolated,/home/jirka/research/2024/bits-knn-jpdc2024/data/application-scaling/bw01-35760924/gradient-compression-small.csv,0.001736111111111111,30,0.4397,0.439505,0.43985775000000005,0.06336138276097339,False,False
gradient-compression,773ccccc257597721840d373c9f3e73e670a8d255c39e3a3e354a1d2571356c3,589824,1,1024,0.0,0,bits-sq,512,128,7,transform_isolated,/home/jirka/research/2024/bits-knn-jpdc2024/data/application-scaling/bw01-35760924/gradient-compression-small.csv,0.001736111111111111,30,0.009170500000000002,0.00912225,0.009237500000000001,1.0293877105937514,False,False
gradient-compression,773ccccc257597721840d373c9f3e73e670a8d255c39e3a3e354a1d2571356c3,589824,1,1024,0.0,0,bits-sq,512,128,7,upload_shared,/home/jirka/research/2024/bits-knn-jpdc2024/data/application-scaling/bw01-35760924/gradient-compression-small.csv,0.001736111111111111,1,0.146458,0.146458,0.146458,1.1428464133062037,False,False
gradient-compression,773ccccc257597721840d373c9f3e73e670a8d255c39e3a3e354a1d2571356c3,589824,1,1024,0.0,0,bits-sq,512,128,8,download,/home/jirka/research/2024/bits-knn-jpdc2024/data/application-scaling/bw01-35760924/gradient-compression-small.csv,0.001736111111111111,30,0.0099245,0.009409750000000001,0.0102125,0.8630661494281828,False,False
gradient-compression,773ccccc257597721840d373c9f3e73e670a8d255c39e3a3e354a1d2571356c3,589824,1,1024,0.0,0,bits-sq,512,128,8,operator,/home/jirka/research/2024/bits-knn-jpdc2024/data/application-scaling/bw01-35760924/gradient-compression-small.csv,0.001736111111111111,30,0.436025,0.4358725,0.43632499999999996,0.09071727538558569,False,False
gradient-compression,773ccccc257597721840d373c9f3e73e670a8d255c39e3a3e354a1d2571356c3,589824,1,1024,0.0,0,bits-sq,512,128,8,output_isolated,/home/jirka/research/2024/bits-knn-jpdc2024/data/application-scaling/bw01-35760924/gradient-compression-small.csv,0.001736111111111111,30,0.00874,0.00861925,0.009005,0.9691075514874142,False,False
gradient-compression,773ccccc257597721840d373c9f3e73e670a8d255c39e3a3e354a1d2571356c3,589824,1,1024,0.0,0,bits-sq,512,128,8,selection_isolated,/home/jirka/research/2024/bits-knn-jpdc2024/data/application-scaling/bw01-35760924/gradient-compression-small.csv,0.001736111111111111,30,0.4262905,0.42598749999999996,0.4266075,0.06535449417709285,False,False
gradient-compression,773ccccc257597721840d373c9f3e73e670a8d255c39e3a3e354a1d2571356c3,589824,1,1024,0.0,0,bits-sq,512,128,8,transform_isolated,/home/jirka/research/2024/bits-knn-jpdc2024/data/application-scaling/bw01-35760924/gradient-compression-small.csv,0.001736111111111111,30,0.009195,0.00916225,0.0092875,1.0266449157150623,False,False
gradient-compression,773ccccc257597721840d373c9f3e73e670a8d255c39e3a3e354a1d2571356c3,589824,1,1024,0.0,0,bits-sq,512,128,8,upload_shared,/home/jirka/research/2024/bits-knn-jpdc2024/data/application-scaling/bw01-35760924/gradient-compression-small.csv,0.001736111111111111,1,0.148028,0.148028,0.148028,1.1307252681925042,False,False
gradient-compression,773ccccc257597721840d373c9f3e73e670a8d255c39e3a3e354a1d2571356c3,589824,1,1024,0.0,0,bits-sq,512,128,13,download,/home/jirka/research/2024/bits-knn-jpdc2024/data/application-scaling/bw01-35760924/gradient-compression-small.csv,0.001736111111111111,30,0.009254499999999999,0.008532499999999998,0.00935,0.9255497325625373,False,False
gradient-compression,773ccccc257597721840d373c9f3e73e670a8d255c39e3a3e354a1d2571356c3,589824,1,1024,0.0,0,bits-sq,512,128,13,operator,/home/jirka/research/2024/bits-knn-jpdc2024/data/application-scaling/bw01-35760924/gradient-compression-small.csv,0.001736111111111111,30,0.378026,0.3775735,0.378611,0.10463565998105952,False,False
gradient-compression,773ccccc257597721840d373c9f3e73e670a8d255c39e3a3e354a1d2571356c3,589824,1,1024,0.0,0,bits-sq,512,128,13,output_isolated,/home/jirka/research/2024/bits-knn-jpdc2024/data/application-scaling/bw01-35760924/gradient-compression-small.csv,0.001736111111111111,30,0.008660000000000001,0.008524750000000001,0.00884775,0.9780600461893764,False,False
gradient-compression,773ccccc257597721840d373c9f3e73e670a8d255c39e3a3e354a1d2571356c3,589824,1,1024,0.0,0,bits-sq,512,128,13,selection_isolated,/home/jirka/research/2024/bits-knn-jpdc2024/data/application-scaling/bw01-35760924/gradient-compression-small.csv,0.001736111111111111,30,0.368006,0.36782525,0.36826600000000004,0.07570528741379216,False,False
gradient-compression,773ccccc257597721840d373c9f3e73e670a8d255c39e3a3e354a1d2571356c3,589824,1,1024,0.0,0,bits-sq,512,128,13,transform_isolated,/home/jirka/research/2024/bits-knn-jpdc2024/data/application-scaling/bw01-35760924/gradient-compression-small.csv,0.001736111111111111,30,0.00918,0.009120000000000001,0.0092575,1.0283224400871458,False,False
gradient-compression,773ccccc257597721840d373c9f3e73e670a8d255c39e3a3e354a1d2571356c3,589824,1,1024,0.0,0,bits-sq,512,128,13,upload_shared,/home/jirka/research/2024/bits-knn-jpdc2024/data/application-scaling/bw01-35760924/gradient-compression-small.csv,0.001736111111111111,1,0.147758,0.147758,0.147758,1.1327914563001664,False,False
gradient-compression,773ccccc257597721840d373c9f3e73e670a8d255c39e3a3e354a1d2571356c3,589824,1,1024,0.0,0,bits-sq,512,128,16,download,/home/jirka/research/2024/bits-knn-jpdc2024/data/application-scaling/bw01-35760924/gradient-compression-small.csv,0.001736111111111111,30,0.009335,0.0092425,0.00947175,0.91756829137654,False,False
gradient-compression,773ccccc257597721840d373c9f3e73e670a8d255c39e3a3e354a1d2571356c3,589824,1,1024,0.0,0,bits-sq,512,128,16,operator,/home/jirka/research/2024/bits-knn-jpdc2024/data/application-scaling/bw01-35760924/gradient-compression-small.csv,0.001736111111111111,30,0.369131,0.368996,0.36944350000000004,0.10715707973592031,False,False
gradient-compression,773ccccc257597721840d373c9f3e73e670a8d255c39e3a3e354a1d2571356c3,589824,1,1024,0.0,0,bits-sq,512,128,16,output_isolated,/home/jirka/research/2024/bits-knn-jpdc2024/data/application-scaling/bw01-35760924/gradient-compression-small.csv,0.001736111111111111,30,0.008645,0.00853425,0.008871750000000001,0.979757085020243,False,False
gradient-compression,773ccccc257597721840d373c9f3e73e670a8d255c39e3a3e354a1d2571356c3,589824,1,1024,0.0,0,bits-sq,512,128,16,selection_isolated,/home/jirka/research/2024/bits-knn-jpdc2024/data/application-scaling/bw01-35760924/gradient-compression-small.csv,0.001736111111111111,30,0.35921099999999995,0.35906175,0.3593735,0.07755887208353865,False,False
gradient-compression,773ccccc257597721840d373c9f3e73e670a8d255c39e3a3e354a1d2571356c3,589824,1,1024,0.0,0,bits-sq,512,128,16,transform_isolated,/home/jirka/research/2024/bits-knn-jpdc2024/data/application-scaling/bw01-35760924/gradient-compression-small.csv,0.001736111111111111,30,0.009165,0.009072499999999999,0.009264999999999999,1.0300054555373703,False,False
gradient-compression,773ccccc257597721840d373c9f3e73e670a8d255c39e3a3e354a1d2571356c3,589824,1,1024,0.0,0,bits-sq,512,128,16,upload_shared,/home/jirka/research/2024/bits-knn-jpdc2024/data/application-scaling/bw01-35760924/gradient-compression-small.csv,0.001736111111111111,1,0.148198,0.148198,0.148198,1.129428197411571,False,False
gradient-compression,773ccccc257597721840d373c9f3e73e670a8d255c39e3a3e354a1d2571356c3,589824,1,1024,0.0,0,bits-sq,512,256,4,download,/home/jirka/research/2024/bits-knn-jpdc2024/data/application-scaling/bw01-35760924/gradient-compression-small.csv,0.001736111111111111,30,0.0094745,0.009274999999999999,0.01008975,0.9040582616496913,False,False
gradient-compression,773ccccc257597721840d373c9f3e73e670a8d255c39e3a3e354a1d2571356c3,589824,1,1024,0.0,0,bits-sq,512,256,4,operator,/home/jirka/research/2024/bits-knn-jpdc2024/data/application-scaling/bw01-35760924/gradient-compression-small.csv,0.001736111111111111,30,0.366166,0.36588350000000003,0.366476,0.10802477564820327,False,False
gradient-compression,773ccccc257597721840d373c9f3e73e670a8d255c39e3a3e354a1d2571356c3,589824,1,1024,0.0,0,bits-sq,512,256,4,output_isolated,/home/jirka/research/2024/bits-knn-jpdc2024/data/application-scaling/bw01-35760924/gradient-compression-small.csv,0.001736111111111111,30,0.00869,0.0086,0.0089475,0.9746835443037976,False,False
gradient-compression,773ccccc257597721840d373c9f3e73e670a8d255c39e3a3e354a1d2571356c3,589824,1,1024,0.0,0,bits-sq,512,256,4,selection_isolated,/home/jirka/research/2024/bits-knn-jpdc2024/data/application-scaling/bw01-35760924/gradient-compression-small.csv,0.001736111111111111,30,0.356306,0.355946,0.35678275000000004,0.07819121766122378,False,False
gradient-compression,773ccccc257597721840d373c9f3e73e670a8d255c39e3a3e354a1d2571356c3,589824,1,1024,0.0,0,bits-sq,512,256,4,transform_isolated,/home/jirka/research/2024/bits-knn-jpdc2024/data/application-scaling/bw01-35760924/gradient-compression-small.csv,0.001736111111111111,30,0.0091495,0.00908925,0.0092575,1.031750368872616,False,False
gradient-compression,773ccccc257597721840d373c9f3e73e670a8d255c39e3a3e354a1d2571356c3,589824,1,1024,0.0,0,bits-sq,512,256,4,upload_shared,/home/jirka/research/2024/bits-knn-jpdc2024/data/application-scaling/bw01-35760924/gradient-compression-small.csv,0.001736111111111111,1,0.148919,0.148919,0.148919,1.1239600051034455,False,False
gradient-compression,773ccccc257597721840d373c9f3e73e670a8d255c39e3a3e354a1d2571356c3,589824,1,1024,0.0,0,bits-sq,512,256,7,download,/home/jirka/research/2024/bits-knn-jpdc2024/data/application-scaling/bw01-35760924/gradient-compression-small.csv,0.001736111111111111,30,0.0093445,0.0092425,0.009455,0.9166354540103804,False,False
gradient-compression,773ccccc257597721840d373c9f3e73e670a8d255c39e3a3e354a1d2571356c3,589824,1,1024,0.0,0,bits-sq,512,256,7,operator,/home/jirka/research/2024/bits-knn-jpdc2024/data/application-scaling/bw01-35760924/gradient-compression-small.csv,0.001736111111111111,30,0.33319150000000003,0.3329585,0.33357175,0.11871551345097338,False,False
gradient-compression,773ccccc257597721840d373c9f3e73e670a8d255c39e3a3e354a1d2571356c3,589824,1,1024,0.0,0,bits-sq,512,256,7,output_isolated,/home/jirka/research/2024/bits-knn-jpdc2024/data/application-scaling/bw01-35760924/gradient-compression-small.csv,0.001736111111111111,30,0.008604500000000001,0.00851325,0.00885,0.9843686443140216,False,False
gradient-compression,773ccccc257597721840d373c9f3e73e670a8d255c39e3a3e354a1d2571356c3,589824,1,1024,0.0,0,bits-sq,512,256,7,selection_isolated,/home/jirka/research/2024/bits-knn-jpdc2024/data/application-scaling/bw01-35760924/gradient-compression-small.csv,0.001736111111111111,30,0.323467,0.3231185,0.32361624999999994,0.08612934240587139,False,False
gradient-compression,773ccccc257597721840d373c9f3e73e670a8d255c39e3a3e354a1d2571356c3,589824,1,1024,0.0,0,bits-sq,512,256,7,transform_isolated,/home/jirka/research/2024/bits-knn-jpdc2024/data/application-scaling/bw01-35760924/gradient-compression-small.csv,0.001736111111111111,30,0.009155,0.00911,0.009255,1.0311305297651556,False,False
gradient-compression,773ccccc257597721840d373c9f3e73e670a8d255c39e3a3e354a1d2571356c3,589824,1,1024,0.0,0,bits-sq,512,256,7,upload_shared,/home/jirka/research/2024/bits-knn-jpdc2024/data/application-scaling/bw01-35760924/gradient-compression-small.csv,0.001736111111111111,1,0.147238,0.147238,0.147238,1.1367921324658037,False,False
gradient-compression,773ccccc257597721840d373c9f3e73e670a8d255c39e3a3e354a1d2571356c3,589824,1,1024,0.0,0,bits-sq,512,256,8,download,/home/jirka/research/2024/bits-knn-jpdc2024/data/application-scaling/bw01-35760924/gradient-compression-small.csv,0.001736111111111111,30,0.010085,0.009357500000000001,0.01014,0.8493306891422905,False,False
gradient-compression,773ccccc257597721840d373c9f3e73e670a8d255c39e3a3e354a1d2571356c3,589824,1,1024,0.0,0,bits-sq,512,256,8,operator,/home/jirka/research/2024/bits-knn-jpdc2024/data/application-scaling/bw01-35760924/gradient-compression-small.csv,0.001736111111111111,30,0.311586,0.3113295,0.31175875,0.12694729544973138,False,False
gradient-compression,773ccccc257597721840d373c9f3e73e670a8d255c39e3a3e354a1d2571356c3,589824,1,1024,0.0,0,bits-sq,512,256,8,output_isolated,/home/jirka/research/2024/bits-knn-jpdc2024/data/application-scaling/bw01-35760924/gradient-compression-small.csv,0.001736111111111111,30,0.0085555,0.00846,0.008745,0.9900064286131728,False,False
gradient-compression,773ccccc257597721840d373c9f3e73e670a8d255c39e3a3e354a1d2571356c3,589824,1,1024,0.0,0,bits-sq,512,256,8,selection_isolated,/home/jirka/research/2024/bits-knn-jpdc2024/data/application-scaling/bw01-35760924/gradient-compression-small.csv,0.001736111111111111,30,0.301872,0.30151425,0.30212125,0.09229077224784014,False,False
gradient-compression,773ccccc257597721840d373c9f3e73e670a8d255c39e3a3e354a1d2571356c3,589824,1,1024,0.0,0,bits-sq,512,256,8,transform_isolated,/home/jirka/research/2024/bits-knn-jpdc2024/data/application-scaling/bw01-35760924/gradient-compression-small.csv,0.001736111111111111,30,0.009159500000000001,0.0090625,0.009269999999999999,1.0306239423549317,False,False
gradient-compression,773ccccc257597721840d373c9f3e73e670a8d255c39e3a3e354a1d2571356c3,589824,1,1024,0.0,0,bits-sq,512,256,8,upload_shared,/home/jirka/research/2024/bits-knn-jpdc2024/data/application-scaling/bw01-35760924/gradient-compression-small.csv,0.001736111111111111,1,0.14687899999999998,0.14687899999999998,0.14687899999999998,1.139570667011622,False,False
gradient-compression,773ccccc257597721840d373c9f3e73e670a8d255c39e3a3e354a1d2571356c3,589824,1,1024,0.0,0,bits-sq,512,256,13,download,/home/jirka/research/2024/bits-knn-jpdc2024/data/application-scaling/bw01-35760924/gradient-compression-small.csv,0.001736111111111111,30,0.00935,0.009305,0.009645,0.9160962566844919,False,False
gradient-compression,773ccccc257597721840d373c9f3e73e670a8d255c39e3a3e354a1d2571356c3,589824,1,1024,0.0,0,bits-sq,512,256,13,operator,/home/jirka/research/2024/bits-knn-jpdc2024/data/application-scaling/bw01-35760924/gradient-compression-small.csv,0.001736111111111111,30,0.27662200000000003,0.27627700000000005,0.27696174999999995,0.14299296512931,False,False
gradient-compression,773ccccc257597721840d373c9f3e73e670a8d255c39e3a3e354a1d2571356c3,589824,1,1024,0.0,0,bits-sq,512,256,13,output_isolated,/home/jirka/research/2024/bits-knn-jpdc2024/data/application-scaling/bw01-35760924/gradient-compression-small.csv,0.001736111111111111,30,0.008639500000000001,0.00851,0.0087565,0.9803808090745991,False,False
gradient-compression,773ccccc257597721840d373c9f3e73e670a8d255c39e3a3e354a1d2571356c3,589824,1,1024,0.0,0,bits-sq,512,256,13,selection_isolated,/home/jirka/research/2024/bits-knn-jpdc2024/data/application-scaling/bw01-35760924/gradient-compression-small.csv,0.001736111111111111,30,0.266692,0.266522,0.26701925000000004,0.1044650758177973,False,False
gradient-compression,773ccccc257597721840d373c9f3e73e670a8d255c39e3a3e354a1d2571356c3,589824,1,1024,0.0,0,bits-sq,512,256,13,transform_isolated,/home/jirka/research/2024/bits-knn-jpdc2024/data/application-scaling/bw01-35760924/gradient-compression-small.csv,0.001736111111111111,30,0.0091995,0.009120000000000001,0.009300000000000001,1.026142725148106,False,False
gradient-compression,773ccccc257597721840d373c9f3e73e670a8d255c39e3a3e354a1d2571356c3,589824,1,1024,0.0,0,bits-sq,512,256,13,upload_shared,/home/jirka/research/2024/bits-knn-jpdc2024/data/application-scaling/bw01-35760924/gradient-compression-small.csv,0.001736111111111111,1,0.144809,0.144809,0.144809,1.1558604782851896,False,False
gradient-compression,773ccccc257597721840d373c9f3e73e670a8d255c39e3a3e354a1d2571356c3,589824,1,1024,0.0,0,bits-sq,512,256,16,download,/home/jirka/research/2024/bits-knn-jpdc2024/data/application-scaling/bw01-35760924/gradient-compression-small.csv,0.001736111111111111,30,0.009325,0.008632500000000001,0.009615,0.9185522788203754,False,False
gradient-compression,773ccccc257597721840d373c9f3e73e670a8d255c39e3a3e354a1d2571356c3,589824,1,1024,0.0,0,bits-sq,512,256,16,operator,/home/jirka/research/2024/bits-knn-jpdc2024/data/application-scaling/bw01-35760924/gradient-compression-small.csv,0.001736111111111111,30,0.276542,0.2763445,0.27676199999999995,0.14303433113234157,False,False
gradient-compression,773ccccc257597721840d373c9f3e73e670a8d255c39e3a3e354a1d2571356c3,589824,1,1024,0.0,0,bits-sq,512,256,16,output_isolated,/home/jirka/research/2024/bits-knn-jpdc2024/data/application-scaling/bw01-35760924/gradient-compression-small.csv,0.001736111111111111,30,0.008650000000000001,0.00853225,0.008787500000000002,0.9791907514450866,False,False
gradient-compression,773ccccc257597721840d373c9f3e73e670a8d255c39e3a3e354a1d2571356c3,589824,1,1024,0.0,0,bits-sq,512,256,16,selection_isolated,/home/jirka/research/2024/bits-knn-jpdc2024/data/application-scaling/bw01-35760924/gradient-compression-small.csv,0.001736111111111111,30,0.2665525,0.2663945,0.26681950000000004,0.10451974751690567,False,False
gradient-compression,773ccccc257597721840d373c9f3e73e670a8d255c39e3a3e354a1d2571356c3,589824,1,1024,0.0,0,bits-sq,512,256,16,transform_isolated,/home/jirka/research/2024/bits-knn-jpdc2024/data/application-scaling/bw01-35760924/gradient-compression-small.csv,0.001736111111111111,30,0.0091455,0.009062500000000001,0.009245,1.0322016292165543,False,False
gradient-compression,773ccccc257597721840d373c9f3e73e670a8d255c39e3a3e354a1d2571356c3,589824,1,1024,0.0,0,bits-sq,512,256,16,upload_shared,/home/jirka/research/2024/bits-knn-jpdc2024/data/application-scaling/bw01-35760924/gradient-compression-small.csv,0.001736111111111111,1,0.149209,0.149209,0.149209,1.1217754961161859,False,False
gradient-compression,773ccccc257597721840d373c9f3e73e670a8d255c39e3a3e354a1d2571356c3,589824,1,1024,0.0,0,bits-sq,512,512,4,download,/home/jirka/research/2024/bits-knn-jpdc2024/data/application-scaling/bw01-35760924/gradient-compression-small.csv,0.001736111111111111,30,0.00932,0.008730000000000002,0.00938,0.9190450643776824,False,False
gradient-compression,773ccccc257597721840d373c9f3e73e670a8d255c39e3a3e354a1d2571356c3,589824,1,1024,0.0,0,bits-sq,512,512,4,operator,/home/jirka/research/2024/bits-knn-jpdc2024/data/application-scaling/bw01-35760924/gradient-compression-small.csv,0.001736111111111111,30,0.29146150000000004,0.2912345,0.2919395,0.13571260698239732,False,False
gradient-compression,773ccccc257597721840d373c9f3e73e670a8d255c39e3a3e354a1d2571356c3,589824,1,1024,0.0,0,bits-sq,512,512,4,output_isolated,/home/jirka/research/2024/bits-knn-jpdc2024/data/application-scaling/bw01-35760924/gradient-compression-small.csv,0.001736111111111111,30,0.008535,0.008417500000000001,0.0086625,0.9923842999414177,False,False
gradient-compression,773ccccc257597721840d373c9f3e73e670a8d255c39e3a3e354a1d2571356c3,589824,1,1024,0.0,0,bits-sq,512,512,4,selection_isolated,/home/jirka/research/2024/bits-knn-jpdc2024/data/application-scaling/bw01-35760924/gradient-compression-small.csv,0.001736111111111111,30,0.28184699999999996,0.28166625,0.2821245,0.0988479565154144,False,False
gradient-compression,773ccccc257597721840d373c9f3e73e670a8d255c39e3a3e354a1d2571356c3,589824,1,1024,0.0,0,bits-sq,512,512,4,transform_isolated,/home/jirka/research/2024/bits-knn-jpdc2024/data/application-scaling/bw01-35760924/gradient-compression-small.csv,0.001736111111111111,30,0.009150000000000002,0.00906,0.0093525,1.031693989071038,False,False
gradient-compression,773ccccc257597721840d373c9f3e73e670a8d255c39e3a3e354a1d2571356c3,589824,1,1024,0.0,0,bits-sq,512,512,4,upload_shared,/home/jirka/research/2024/bits-knn-jpdc2024/data/application-scaling/bw01-35760924/gradient-compression-small.csv,0.001736111111111111,1,0.149318,0.149318,0.149318,1.1209566160811155,False,False
gradient-compression,773ccccc257597721840d373c9f3e73e670a8d255c39e3a3e354a1d2571356c3,589824,1,1024,0.0,0,bits-sq,512,512,7,download,/home/jirka/research/2024/bits-knn-jpdc2024/data/application-scaling/bw01-35760924/gradient-compression-small.csv,0.001736111111111111,30,0.009389499999999999,0.0088225,0.01008,0.9122423984237714,False,False
gradient-compression,773ccccc257597721840d373c9f3e73e670a8d255c39e3a3e354a1d2571356c3,589824,1,1024,0.0,0,bits-sq,512,512,7,operator,/home/jirka/research/2024/bits-knn-jpdc2024/data/application-scaling/bw01-35760924/gradient-compression-small.csv,0.001736111111111111,30,0.27031700000000003,0.269997,0.2706645,0.1463281998542452,False,False
gradient-compression,773ccccc257597721840d373c9f3e73e670a8d255c39e3a3e354a1d2571356c3,589824,1,1024,0.0,0,bits-sq,512,512,7,output_isolated,/home/jirka/research/2024/bits-knn-jpdc2024/data/application-scaling/bw01-35760924/gradient-compression-small.csv,0.001736111111111111,30,0.008515,0.0084675,0.0086375,0.9947152084556665,False,False
gradient-compression,773ccccc257597721840d373c9f3e73e670a8d255c39e3a3e354a1d2571356c3,589824,1,1024,0.0,0,bits-sq,512,512,7,selection_isolated,/home/jirka/research/2024/bits-knn-jpdc2024/data/application-scaling/bw01-35760924/gradient-compression-small.csv,0.001736111111111111,30,0.26068199999999997,0.2604145,0.260797,0.10687350871943595,False,False
gradient-compression,773ccccc257597721840d373c9f3e73e670a8d255c39e3a3e354a1d2571356c3,589824,1,1024,0.0,0,bits-sq,512,512,7,transform_isolated,/home/jirka/research/2024/bits-knn-jpdc2024/data/application-scaling/bw01-35760924/gradient-compression-small.csv,0.001736111111111111,30,0.009205,0.009072499999999999,0.0093975,1.0255296034763715,False,False
gradient-compression,773ccccc257597721840d373c9f3e73e670a8d255c39e3a3e354a1d2571356c3,589824,1,1024,0.0,0,bits-sq,512,512,7,upload_shared,/home/jirka/research/2024/bits-knn-jpdc2024/data/application-scaling/bw01-35760924/gradient-compression-small.csv,0.001736111111111111,1,0.143689,0.143689,0.143689,1.1648699622100507,False,False
gradient-compression,773ccccc257597721840d373c9f3e73e670a8d255c39e3a3e354a1d2571356c3,589824,1,1024,0.0,0,bits-sq,512,512,8,download,/home/jirka/research/2024/bits-knn-jpdc2024/data/application-scaling/bw01-35760924/gradient-compression-small.csv,0.001736111111111111,30,0.009340000000000001,0.009252499999999999,0.009427499999999998,0.9170770877944324,False,False
gradient-compression,773ccccc257597721840d373c9f3e73e670a8d255c39e3a3e354a1d2571356c3,589824,1,1024,0.0,0,bits-sq,512,512,8,operator,/home/jirka/research/2024/bits-knn-jpdc2024/data/application-scaling/bw01-35760924/gradient-compression-small.csv,0.001736111111111111,30,0.267447,0.26721949999999994,0.26766775,0.14789846212520613,False,False
gradient-compression,773ccccc257597721840d373c9f3e73e670a8d255c39e3a3e354a1d2571356c3,589824,1,1024,0.0,0,bits-sq,512,512,8,output_isolated,/home/jirka/research/2024/bits-knn-jpdc2024/data/application-scaling/bw01-35760924/gradient-compression-small.csv,0.001736111111111111,30,0.008635,0.0084425,0.00873225,0.9808917197452229,False,False
gradient-compression,773ccccc257597721840d373c9f3e73e670a8d255c39e3a3e354a1d2571356c3,589824,1,1024,0.0,0,bits-sq,512,512,8,selection_isolated,/home/jirka/research/2024/bits-knn-jpdc2024/data/application-scaling/bw01-35760924/gradient-compression-small.csv,0.001736111111111111,30,0.257537,0.25739199999999995,0.25775725,0.10817863064336386,False,False
gradient-compression,773ccccc257597721840d373c9f3e73e670a8d255c39e3a3e354a1d2571356c3,589824,1,1024,0.0,0,bits-sq,512,512,8,transform_isolated,/home/jirka/research/2024/bits-knn-jpdc2024/data/application-scaling/bw01-35760924/gradient-compression-small.csv,0.001736111111111111,30,0.009145,0.00902825,0.009325,1.0322580645161288,False,False
gradient-compression,773ccccc257597721840d373c9f3e73e670a8d255c39e3a3e354a1d2571356c3,589824,1,1024,0.0,0,bits-sq,512,512,8,upload_shared,/home/jirka/research/2024/bits-knn-jpdc2024/data/application-scaling/bw01-35760924/gradient-compression-small.csv,0.001736111111111111,1,0.147679,0.147679,0.147679,1.1333974363315027,False,False
gradient-compression,773ccccc257597721840d373c9f3e73e670a8d255c39e3a3e354a1d2571356c3,589824,1,1024,0.0,0,bits-sq,512,512,13,download,/home/jirka/research/2024/bits-knn-jpdc2024/data/application-scaling/bw01-35760924/gradient-compression-small.csv,0.001736111111111111,30,0.009239999999999998,0.0084875,0.009427499999999998,0.9270021645021647,False,False
gradient-compression,773ccccc257597721840d373c9f3e73e670a8d255c39e3a3e354a1d2571356c3,589824,1,1024,0.0,0,bits-sq,512,512,13,operator,/home/jirka/research/2024/bits-knn-jpdc2024/data/application-scaling/bw01-35760924/gradient-compression-small.csv,0.001736111111111111,30,0.264367,0.26357699999999995,0.26883725,0.1496215488317377,False,False
gradient-compression,773ccccc257597721840d373c9f3e73e670a8d255c39e3a3e354a1d2571356c3,589824,1,1024,0.0,0,bits-sq,512,512,13,output_isolated,/home/jirka/research/2024/bits-knn-jpdc2024/data/application-scaling/bw01-35760924/gradient-compression-small.csv,0.001736111111111111,30,0.0084995,0.008395,0.008629999999999999,0.996529207600447,False,False
gradient-compression,773ccccc257597721840d373c9f3e73e670a8d255c39e3a3e354a1d2571356c3,589824,1,1024,0.0,0,bits-sq,512,512,13,selection_isolated,/home/jirka/research/2024/bits-knn-jpdc2024/data/application-scaling/bw01-35760924/gradient-compression-small.csv,0.001736111111111111,30,0.2543075,0.25380225,0.25920950000000004,0.10955241194223528,False,False
gradient-compression,773ccccc257597721840d373c9f3e73e670a8d255c39e3a3e354a1d2571356c3,589824,1,1024,0.0,0,bits-sq,512,512,13,transform_isolated,/home/jirka/research/2024/bits-knn-jpdc2024/data/application-scaling/bw01-35760924/gradient-compression-small.csv,0.001736111111111111,30,0.00911,0.008965,0.009267499999999998,1.03622392974753,False,False
gradient-compression,773ccccc257597721840d373c9f3e73e670a8d255c39e3a3e354a1d2571356c3,589824,1,1024,0.0,0,bits-sq,512,512,13,upload_shared,/home/jirka/research/2024/bits-knn-jpdc2024/data/application-scaling/bw01-35760924/gradient-compression-small.csv,0.001736111111111111,1,0.14716800000000002,0.14716800000000002,0.14716800000000002,1.1373328440965427,False,False
gradient-compression,773ccccc257597721840d373c9f3e73e670a8d255c39e3a3e354a1d2571356c3,589824,1,1024,0.0,0,bits-sq,512,512,16,download,/home/jirka/research/2024/bits-knn-jpdc2024/data/application-scaling/bw01-35760924/gradient-compression-small.csv,0.001736111111111111,30,0.0100745,0.009325,0.01008975,0.850215891607524,False,False
gradient-compression,773ccccc257597721840d373c9f3e73e670a8d255c39e3a3e354a1d2571356c3,589824,1,1024,0.0,0,bits-sq,512,512,16,operator,/home/jirka/research/2024/bits-knn-jpdc2024/data/application-scaling/bw01-35760924/gradient-compression-small.csv,0.001736111111111111,30,0.272127,0.27186449999999995,0.27253449999999996,0.1453549261925498,False,False
gradient-compression,773ccccc257597721840d373c9f3e73e670a8d255c39e3a3e354a1d2571356c3,589824,1,1024,0.0,0,bits-sq,512,512,16,output_isolated,/home/jirka/research/2024/bits-knn-jpdc2024/data/application-scaling/bw01-35760924/gradient-compression-small.csv,0.001736111111111111,30,0.00866,0.008535,0.008830000000000001,0.9780600461893766,False,False
gradient-compression,773ccccc257597721840d373c9f3e73e670a8d255c39e3a3e354a1d2571356c3,589824,1,1024,0.0,0,bits-sq,512,512,16,selection_isolated,/home/jirka/research/2024/bits-knn-jpdc2024/data/application-scaling/bw01-35760924/gradient-compression-small.csv,0.001736111111111111,30,0.2624975,0.26205475,0.2627545,0.10613434413661083,False,False
gradient-compression,773ccccc257597721840d373c9f3e73e670a8d255c39e3a3e354a1d2571356c3,589824,1,1024,0.0,0,bits-sq,512,512,16,transform_isolated,/home/jirka/research/2024/bits-knn-jpdc2024/data/application-scaling/bw01-35760924/gradient-compression-small.csv,0.001736111111111111,30,0.009205,0.009115,0.00931675,1.0255296034763715,False,False
gradient-compression,773ccccc257597721840d373c9f3e73e670a8d255c39e3a3e354a1d2571356c3,589824,1,1024,0.0,0,bits-sq,512,512,16,upload_shared,/home/jirka/research/2024/bits-knn-jpdc2024/data/application-scaling/bw01-35760924/gradient-compression-small.csv,0.001736111111111111,1,0.159499,0.159499,0.159499,1.0494046984620593,False,False
gradient-compression,773ccccc257597721840d373c9f3e73e670a8d255c39e3a3e354a1d2571356c3,589824,1,1024,0.0,0,block-select,1,128,8,download,/home/jirka/research/2024/bits-knn-jpdc2024/data/application-scaling/bw01-35760924/gradient-compression-small.csv,0.001736111111111111,30,0.009345000000000001,0.00926725,0.009482250000000001,0.9165864098448367,False,False
gradient-compression,773ccccc257597721840d373c9f3e73e670a8d255c39e3a3e354a1d2571356c3,589824,1,1024,0.0,0,block-select,1,128,8,operator,/home/jirka/research/2024/bits-knn-jpdc2024/data/application-scaling/bw01-35760924/gradient-compression-small.csv,0.001736111111111111,30,1.5305435,1.5252255,1.5311205,0.025843760729440227,False,False
gradient-compression,773ccccc257597721840d373c9f3e73e670a8d255c39e3a3e354a1d2571356c3,589824,1,1024,0.0,0,block-select,1,128,8,output_isolated,/home/jirka/research/2024/bits-knn-jpdc2024/data/application-scaling/bw01-35760924/gradient-compression-small.csv,0.001736111111111111,30,0.0092,0.008972500000000001,0.009680000000000001,0.9206521739130435,False,False
gradient-compression,773ccccc257597721840d373c9f3e73e670a8d255c39e3a3e354a1d2571356c3,589824,1,1024,0.0,0,block-select,1,128,8,selection_isolated,/home/jirka/research/2024/bits-knn-jpdc2024/data/application-scaling/bw01-35760924/gradient-compression-small.csv,0.001736111111111111,30,1.520153,1.5171080000000001,1.5217254999999998,0.018327102600856623,False,False
gradient-compression,773ccccc257597721840d373c9f3e73e670a8d255c39e3a3e354a1d2571356c3,589824,1,1024,0.0,0,block-select,1,128,8,transform_isolated,/home/jirka/research/2024/bits-knn-jpdc2024/data/application-scaling/bw01-35760924/gradient-compression-small.csv,0.001736111111111111,30,0.00931,0.009224999999999999,0.00937,1.0139634801288935,False,False
gradient-compression,773ccccc257597721840d373c9f3e73e670a8d255c39e3a3e354a1d2571356c3,589824,1,1024,0.0,0,block-select,1,128,8,upload_shared,/home/jirka/research/2024/bits-knn-jpdc2024/data/application-scaling/bw01-35760924/gradient-compression-small.csv,0.001736111111111111,1,0.167379,0.167379,0.167379,1.0,False,False
gradient-compression,773ccccc257597721840d373c9f3e73e670a8d255c39e3a3e354a1d2571356c3,589824,1,1024,0.0,0,grid-select,1,0,0,download,/home/jirka/research/2024/bits-knn-jpdc2024/data/application-scaling/bw01-35760924/gradient-compression-small.csv,0.001736111111111111,30,0.0093645,0.00926175,0.00948775,0.9146777724384645,True,True
gradient-compression,773ccccc257597721840d373c9f3e73e670a8d255c39e3a3e354a1d2571356c3,589824,1,1024,0.0,0,grid-select,1,0,0,operator,/home/jirka/research/2024/bits-knn-jpdc2024/data/application-scaling/bw01-35760924/gradient-compression-small.csv,0.001736111111111111,30,0.363031,0.36126349999999996,0.36452675,0.10895763722657294,True,True
gradient-compression,773ccccc257597721840d373c9f3e73e670a8d255c39e3a3e354a1d2571356c3,589824,1,1024,0.0,0,grid-select,1,0,0,output_isolated,/home/jirka/research/2024/bits-knn-jpdc2024/data/application-scaling/bw01-35760924/gradient-compression-small.csv,0.001736111111111111,30,0.008754999999999999,0.00867,0.00897,0.967447173043975,True,True
gradient-compression,773ccccc257597721840d373c9f3e73e670a8d255c39e3a3e354a1d2571356c3,589824,1,1024,0.0,0,grid-select,1,0,0,selection_isolated,/home/jirka/research/2024/bits-knn-jpdc2024/data/application-scaling/bw01-35760924/gradient-compression-small.csv,0.001736111111111111,30,0.350857,0.34985875,0.351811,0.07940556979054145,True,True
gradient-compression,773ccccc257597721840d373c9f3e73e670a8d255c39e3a3e354a1d2571356c3,589824,1,1024,0.0,0,grid-select,1,0,0,transform_isolated,/home/jirka/research/2024/bits-knn-jpdc2024/data/application-scaling/bw01-35760924/gradient-compression-small.csv,0.001736111111111111,30,0.0093045,0.0092225,0.009515000000000001,1.0145628459347626,True,True
gradient-compression,773ccccc257597721840d373c9f3e73e670a8d255c39e3a3e354a1d2571356c3,589824,1,1024,0.0,0,grid-select,1,0,0,upload_shared,/home/jirka/research/2024/bits-knn-jpdc2024/data/application-scaling/bw01-35760924/gradient-compression-small.csv,0.001736111111111111,1,0.167379,0.167379,0.167379,1.0,True,True
