dataset_id,rows,k,backend,degree,block_size,items_per_thread,phase,samples,median_ms,p25_ms,p75_ms,speedup_vs_air,paper_selected,paper_global_selected
3477e494de0e1677418b4764a19e7ba3b12289dd4ce39a5c36b60f52b30dde33,6001215,32,air-topk,1,512,0,download,30,0.008493,0.0083955,0.008623,1.0,True,True
3477e494de0e1677418b4764a19e7ba3b12289dd4ce39a5c36b60f52b30dde33,6001215,32,air-topk,1,512,0,operator,30,0.12119400000000001,0.12065799999999999,0.12170725,1.0,True,True
3477e494de0e1677418b4764a19e7ba3b12289dd4ce39a5c36b60f52b30dde33,6001215,32,air-topk,1,512,0,output_isolated,30,0.0133555,0.0131875,0.013507499999999999,1.0,True,True
3477e494de0e1677418b4764a19e7ba3b12289dd4ce39a5c36b60f52b30dde33,6001215,32,air-topk,1,512,0,selection_isolated,30,0.0663,0.0660425,0.06655074999999999,1.0,True,True
3477e494de0e1677418b4764a19e7ba3b12289dd4ce39a5c36b60f52b30dde33,6001215,32,air-topk,1,512,0,transform_isolated,30,0.04618,0.04612,0.04637000000000001,1.0,True,True
3477e494de0e1677418b4764a19e7ba3b12289dd4ce39a5c36b60f52b30dde33,6001215,32,air-topk,1,512,0,upload_shared,1,5.029381,5.029381,5.029381,1.0,True,True
3477e494de0e1677418b4764a19e7ba3b12289dd4ce39a5c36b60f52b30dde33,6001215,32,bits-prefetch,1,128,4,download,30,0.0114975,0.010889499999999998,0.01188525,0.7386823222439661,False,False
3477e494de0e1677418b4764a19e7ba3b12289dd4ce39a5c36b60f52b30dde33,6001215,32,bits-prefetch,1,128,4,operator,30,7.324914,7.323980499999999,7.32648925,0.016545450226446348,False,False
3477e494de0e1677418b4764a19e7ba3b12289dd4ce39a5c36b60f52b30dde33,6001215,32,bits-prefetch,1,128,4,output_isolated,30,0.011918,0.0112895,0.012576500000000001,1.1206158751468367,False,False
3477e494de0e1677418b4764a19e7ba3b12289dd4ce39a5c36b60f52b30dde33,6001215,32,bits-prefetch,1,128,4,selection_isolated,30,7.272114,7.2706745,7.2727775,0.009117018792609686,False,False
3477e494de0e1677418b4764a19e7ba3b12289dd4ce39a5c36b60f52b30dde33,6001215,32,bits-prefetch,1,128,4,transform_isolated,30,0.0478475,0.047646999999999995,0.0482205,0.9651496943413971,False,False
3477e494de0e1677418b4764a19e7ba3b12289dd4ce39a5c36b60f52b30dde33,6001215,32,bits-prefetch,1,128,4,upload_shared,1,5.093427999999999,5.093427999999999,5.093427999999999,0.9874255609385272,False,False
3477e494de0e1677418b4764a19e7ba3b12289dd4ce39a5c36b60f52b30dde33,6001215,32,bits-prefetch,1,128,7,download,30,0.010706,0.01002,0.01198875,0.7932934802914254,False,False
3477e494de0e1677418b4764a19e7ba3b12289dd4ce39a5c36b60f52b30dde33,6001215,32,bits-prefetch,1,128,7,operator,30,4.5739655,4.57337475,4.574642,0.026496483193850066,False,False
3477e494de0e1677418b4764a19e7ba3b12289dd4ce39a5c36b60f52b30dde33,6001215,32,bits-prefetch,1,128,7,output_isolated,30,0.010952,0.010332750000000002,0.01158025,1.2194576333089846,False,False
3477e494de0e1677418b4764a19e7ba3b12289dd4ce39a5c36b60f52b30dde33,6001215,32,bits-prefetch,1,128,7,selection_isolated,30,4.522062,4.521752,4.522650499999999,0.014661453115857323,False,False
3477e494de0e1677418b4764a19e7ba3b12289dd4ce39a5c36b60f52b30dde33,6001215,32,bits-prefetch,1,128,7,transform_isolated,30,0.047808,0.047701999999999994,0.048113,0.9659471218206157,False,False
3477e494de0e1677418b4764a19e7ba3b12289dd4ce39a5c36b60f52b30dde33,6001215,32,bits-prefetch,1,128,7,upload_shared,1,5.018344,5.018344,5.018344,1.002199331094082,False,False
3477e494de0e1677418b4764a19e7ba3b12289dd4ce39a5c36b60f52b30dde33,6001215,32,bits-prefetch,1,128,8,download,30,0.010190000000000001,0.0097975,0.011189499999999998,0.8334641805691855,False,False
3477e494de0e1677418b4764a19e7ba3b12289dd4ce39a5c36b60f52b30dde33,6001215,32,bits-prefetch,1,128,8,operator,30,4.244371,4.24397275,4.245303,0.028554054299211828,False,False
3477e494de0e1677418b4764a19e7ba3b12289dd4ce39a5c36b60f52b30dde33,6001215,32,bits-prefetch,1,128,8,output_isolated,30,0.010591,0.010086,0.011177,1.2610235105278067,False,False
3477e494de0e1677418b4764a19e7ba3b12289dd4ce39a5c36b60f52b30dde33,6001215,32,bits-prefetch,1,128,8,selection_isolated,30,4.192793,4.192172,4.193294,0.015812848380542515,False,False
3477e494de0e1677418b4764a19e7ba3b12289dd4ce39a5c36b60f52b30dde33,6001215,32,bits-prefetch,1,128,8,transform_isolated,30,0.0478475,0.04769475,0.048078,0.9651496943413971,False,False
3477e494de0e1677418b4764a19e7ba3b12289dd4ce39a5c36b60f52b30dde33,6001215,32,bits-prefetch,1,128,8,upload_shared,1,5.101431,5.101431,5.101431,0.9858765119042089,False,False
3477e494de0e1677418b4764a19e7ba3b12289dd4ce39a5c36b60f52b30dde33,6001215,32,bits-prefetch,1,128,13,download,30,0.01008,0.0097525,0.0110035,0.8425595238095238,False,False
3477e494de0e1677418b4764a19e7ba3b12289dd4ce39a5c36b60f52b30dde33,6001215,32,bits-prefetch,1,128,13,operator,30,3.5649120000000005,3.564101,3.5662012499999998,0.033996351102074884,False,False
3477e494de0e1677418b4764a19e7ba3b12289dd4ce39a5c36b60f52b30dde33,6001215,32,bits-prefetch,1,128,13,output_isolated,30,0.009935000000000001,0.00951425,0.0107285,1.3442878711625563,False,False
3477e494de0e1677418b4764a19e7ba3b12289dd4ce39a5c36b60f52b30dde33,6001215,32,bits-prefetch,1,128,13,selection_isolated,30,3.513379,3.5128579999999996,3.51399675,0.018870722458351346,False,False
3477e494de0e1677418b4764a19e7ba3b12289dd4ce39a5c36b60f52b30dde33,6001215,32,bits-prefetch,1,128,13,transform_isolated,30,0.0477225,0.0475195,0.047898,0.9676777201529676,False,False
3477e494de0e1677418b4764a19e7ba3b12289dd4ce39a5c36b60f52b30dde33,6001215,32,bits-prefetch,1,128,13,upload_shared,1,5.091273999999999,5.091273999999999,5.091273999999999,0.9878433178021848,False,False
3477e494de0e1677418b4764a19e7ba3b12289dd4ce39a5c36b60f52b30dde33,6001215,32,bits-prefetch,1,128,16,download,30,0.010145,0.00973975,0.01084425,0.8371611631345491,False,False
3477e494de0e1677418b4764a19e7ba3b12289dd4ce39a5c36b60f52b30dde33,6001215,32,bits-prefetch,1,128,16,operator,30,3.2210155,3.22026675,3.221812,0.037626021979714167,False,False
3477e494de0e1677418b4764a19e7ba3b12289dd4ce39a5c36b60f52b30dde33,6001215,32,bits-prefetch,1,128,16,output_isolated,30,0.009985,0.00964,0.0105535,1.3375563345017525,False,False
3477e494de0e1677418b4764a19e7ba3b12289dd4ce39a5c36b60f52b30dde33,6001215,32,bits-prefetch,1,128,16,selection_isolated,30,3.169292,3.1685659999999998,3.16968875,0.02091949873978163,False,False
3477e494de0e1677418b4764a19e7ba3b12289dd4ce39a5c36b60f52b30dde33,6001215,32,bits-prefetch,1,128,16,transform_isolated,30,0.047756999999999994,0.04761725,0.048083,0.9669786628138285,False,False
3477e494de0e1677418b4764a19e7ba3b12289dd4ce39a5c36b60f52b30dde33,6001215,32,bits-prefetch,1,128,16,upload_shared,1,5.094479,5.094479,5.094479,0.987221853304332,False,False
3477e494de0e1677418b4764a19e7ba3b12289dd4ce39a5c36b60f52b30dde33,6001215,32,bits-prefetch,1,256,4,download,30,0.010491,0.0098875,0.011822749999999998,0.8095510437517873,False,False
3477e494de0e1677418b4764a19e7ba3b12289dd4ce39a5c36b60f52b30dde33,6001215,32,bits-prefetch,1,256,4,operator,30,4.0034065000000005,4.00308775,4.003957,0.0302727189956853,False,False
3477e494de0e1677418b4764a19e7ba3b12289dd4ce39a5c36b60f52b30dde33,6001215,32,bits-prefetch,1,256,4,output_isolated,30,0.010421,0.009940000000000001,0.011067,1.2815948565396795,False,False
3477e494de0e1677418b4764a19e7ba3b12289dd4ce39a5c36b60f52b30dde33,6001215,32,bits-prefetch,1,256,4,selection_isolated,30,3.951733,3.9511795,3.952404,0.01677744928617394,False,False
3477e494de0e1677418b4764a19e7ba3b12289dd4ce39a5c36b60f52b30dde33,6001215,32,bits-prefetch,1,256,4,transform_isolated,30,0.047737,0.047634499999999996,0.047887,0.9673837903512997,False,False
3477e494de0e1677418b4764a19e7ba3b12289dd4ce39a5c36b60f52b30dde33,6001215,32,bits-prefetch,1,256,4,upload_shared,1,5.098865999999999,5.098865999999999,5.098865999999999,0.9863724600724947,False,False
3477e494de0e1677418b4764a19e7ba3b12289dd4ce39a5c36b60f52b30dde33,6001215,32,bits-prefetch,1,256,7,download,30,0.009625,0.009153999999999999,0.01001,0.8823896103896105,False,False
3477e494de0e1677418b4764a19e7ba3b12289dd4ce39a5c36b60f52b30dde33,6001215,32,bits-prefetch,1,256,7,operator,30,2.5856225000000004,2.58487375,2.58609575,0.04687227157096598,False,False
3477e494de0e1677418b4764a19e7ba3b12289dd4ce39a5c36b60f52b30dde33,6001215,32,bits-prefetch,1,256,7,output_isolated,30,0.00988,0.009434,0.01040575,1.3517712550607286,False,False
3477e494de0e1677418b4764a19e7ba3b12289dd4ce39a5c36b60f52b30dde33,6001215,32,bits-prefetch,1,256,7,selection_isolated,30,2.5343400000000003,2.5340350000000003,2.53484075,0.026160657212528703,False,False
3477e494de0e1677418b4764a19e7ba3b12289dd4ce39a5c36b60f52b30dde33,6001215,32,bits-prefetch,1,256,7,transform_isolated,30,0.047667,0.047532,0.047814499999999996,0.9688044139551472,False,False
3477e494de0e1677418b4764a19e7ba3b12289dd4ce39a5c36b60f52b30dde33,6001215,32,bits-prefetch,1,256,7,upload_shared,1,5.0763620000000005,5.0763620000000005,5.0763620000000005,0.9907451438648385,False,False
3477e494de0e1677418b4764a19e7ba3b12289dd4ce39a5c36b60f52b30dde33,6001215,32,bits-prefetch,1,256,8,download,30,0.00963,0.009299,0.01010325,0.8819314641744549,False,False
3477e494de0e1677418b4764a19e7ba3b12289dd4ce39a5c36b60f52b30dde33,6001215,32,bits-prefetch,1,256,8,operator,30,2.4303375000000003,2.4295235,2.43093375,0.04986714808128501,False,False
3477e494de0e1677418b4764a19e7ba3b12289dd4ce39a5c36b60f52b30dde33,6001215,32,bits-prefetch,1,256,8,output_isolated,30,0.00978,0.0092865,0.010175,1.3655930470347646,False,False
3477e494de0e1677418b4764a19e7ba3b12289dd4ce39a5c36b60f52b30dde33,6001215,32,bits-prefetch,1,256,8,selection_isolated,30,2.3793550000000003,2.37888675,2.3798835,0.027864694423488715,False,False
3477e494de0e1677418b4764a19e7ba3b12289dd4ce39a5c36b60f52b30dde33,6001215,32,bits-prefetch,1,256,8,transform_isolated,30,0.047786999999999996,0.047702,0.04802275,0.9663716073409087,False,False
3477e494de0e1677418b4764a19e7ba3b12289dd4ce39a5c36b60f52b30dde33,6001215,32,bits-prefetch,1,256,8,upload_shared,1,5.084825,5.084825,5.084825,0.9890961832511442,False,False
3477e494de0e1677418b4764a19e7ba3b12289dd4ce39a5c36b60f52b30dde33,6001215,32,bits-prefetch,1,256,13,download,30,0.00948,0.00904075,0.0099275,0.8958860759493671,False,False
3477e494de0e1677418b4764a19e7ba3b12289dd4ce39a5c36b60f52b30dde33,6001215,32,bits-prefetch,1,256,13,operator,30,2.0793209999999998,2.0787625,2.079842,0.05828537296550173,False,False
3477e494de0e1677418b4764a19e7ba3b12289dd4ce39a5c36b60f52b30dde33,6001215,32,bits-prefetch,1,256,13,output_isolated,30,0.0094295,0.0091765,0.00986675,1.4163529349382256,False,False
3477e494de0e1677418b4764a19e7ba3b12289dd4ce39a5c36b60f52b30dde33,6001215,32,bits-prefetch,1,256,13,selection_isolated,30,2.0283879999999996,2.027748,2.02875875,0.032686054147431365,False,False
3477e494de0e1677418b4764a19e7ba3b12289dd4ce39a5c36b60f52b30dde33,6001215,32,bits-prefetch,1,256,13,transform_isolated,30,0.047692,0.047547,0.047819499999999994,0.9682965696552881,False,False
3477e494de0e1677418b4764a19e7ba3b12289dd4ce39a5c36b60f52b30dde33,6001215,32,bits-prefetch,1,256,13,upload_shared,1,5.077904,5.077904,5.077904,0.990444285673774,False,False
3477e494de0e1677418b4764a19e7ba3b12289dd4ce39a5c36b60f52b30dde33,6001215,32,bits-prefetch,1,256,16,download,30,0.009475,0.0092515,0.00997575,0.8963588390501319,False,False
3477e494de0e1677418b4764a19e7ba3b12289dd4ce39a5c36b60f52b30dde33,6001215,32,bits-prefetch,1,256,16,operator,30,2.0012980000000002,2.00058125,2.001883,0.06055769805396297,False,False
3477e494de0e1677418b4764a19e7ba3b12289dd4ce39a5c36b60f52b30dde33,6001215,32,bits-prefetch,1,256,16,output_isolated,30,0.0094845,0.0092315,0.0098275,1.4081395961832464,False,False
3477e494de0e1677418b4764a19e7ba3b12289dd4ce39a5c36b60f52b30dde33,6001215,32,bits-prefetch,1,256,16,selection_isolated,30,1.950595,1.9501375,1.95112875,0.03398962880556958,False,False
3477e494de0e1677418b4764a19e7ba3b12289dd4ce39a5c36b60f52b30dde33,6001215,32,bits-prefetch,1,256,16,transform_isolated,30,0.047717499999999996,0.0475395,0.04783975,0.9677791166762718,False,False
3477e494de0e1677418b4764a19e7ba3b12289dd4ce39a5c36b60f52b30dde33,6001215,32,bits-prefetch,1,256,16,upload_shared,1,5.00933,5.00933,5.00933,1.0040027309041328,False,False
3477e494de0e1677418b4764a19e7ba3b12289dd4ce39a5c36b60f52b30dde33,6001215,32,bits-prefetch,1,512,4,download,30,0.00972,0.009244,0.010216,0.8737654320987656,False,False
3477e494de0e1677418b4764a19e7ba3b12289dd4ce39a5c36b60f52b30dde33,6001215,32,bits-prefetch,1,512,4,operator,30,2.151079,2.15034575,2.151896,0.05634102699157028,False,False
3477e494de0e1677418b4764a19e7ba3b12289dd4ce39a5c36b60f52b30dde33,6001215,32,bits-prefetch,1,512,4,output_isolated,30,0.0095945,0.009108999999999999,0.010082750000000001,1.3919954140392932,False,False
3477e494de0e1677418b4764a19e7ba3b12289dd4ce39a5c36b60f52b30dde33,6001215,32,bits-prefetch,1,512,4,selection_isolated,30,2.100167,2.0995712500000003,2.10048075,0.031568918090799446,False,False
3477e494de0e1677418b4764a19e7ba3b12289dd4ce39a5c36b60f52b30dde33,6001215,32,bits-prefetch,1,512,4,transform_isolated,30,0.0477325,0.0476445,0.047952749999999995,0.9674749908343372,False,False
3477e494de0e1677418b4764a19e7ba3b12289dd4ce39a5c36b60f52b30dde33,6001215,32,bits-prefetch,1,512,4,upload_shared,1,5.018955,5.018955,5.018955,1.0020773248614503,False,False
3477e494de0e1677418b4764a19e7ba3b12289dd4ce39a5c36b60f52b30dde33,6001215,32,bits-prefetch,1,512,7,download,30,0.009499500000000001,0.009214,0.009935,0.8940470551081635,False,False
3477e494de0e1677418b4764a19e7ba3b12289dd4ce39a5c36b60f52b30dde33,6001215,32,bits-prefetch,1,512,7,operator,30,1.585417,1.5849012500000002,1.5861355000000001,0.07644297998570723,False,False
3477e494de0e1677418b4764a19e7ba3b12289dd4ce39a5c36b60f52b30dde33,6001215,32,bits-prefetch,1,512,7,output_isolated,30,0.009194,0.00904625,0.00961225,1.4526321514030889,False,False
3477e494de0e1677418b4764a19e7ba3b12289dd4ce39a5c36b60f52b30dde33,6001215,32,bits-prefetch,1,512,7,selection_isolated,30,1.534691,1.53447675,1.53561175,0.04320087887398831,False,False
3477e494de0e1677418b4764a19e7ba3b12289dd4ce39a5c36b60f52b30dde33,6001215,32,bits-prefetch,1,512,7,transform_isolated,30,0.0478125,0.047684500000000005,0.04791475,0.9658562091503268,False,False
3477e494de0e1677418b4764a19e7ba3b12289dd4ce39a5c36b60f52b30dde33,6001215,32,bits-prefetch,1,512,7,upload_shared,1,5.088881,5.088881,5.088881,0.9883078421366112,False,False
3477e494de0e1677418b4764a19e7ba3b12289dd4ce39a5c36b60f52b30dde33,6001215,32,bits-prefetch,1,512,8,download,30,0.009409,0.0087755,0.0100225,0.9026464023806994,False,False
3477e494de0e1677418b4764a19e7ba3b12289dd4ce39a5c36b60f52b30dde33,6001215,32,bits-prefetch,1,512,8,operator,30,1.519442,1.51915125,1.5201115,0.07976217585139808,False,False
3477e494de0e1677418b4764a19e7ba3b12289dd4ce39a5c36b60f52b30dde33,6001215,32,bits-prefetch,1,512,8,output_isolated,30,0.009304,0.009118999999999999,0.0098225,1.435457867583835,False,False
3477e494de0e1677418b4764a19e7ba3b12289dd4ce39a5c36b60f52b30dde33,6001215,32,bits-prefetch,1,512,8,selection_isolated,30,1.4689159999999999,1.4685575000000002,1.4695117500000001,0.04513532427994521,False,False
3477e494de0e1677418b4764a19e7ba3b12289dd4ce39a5c36b60f52b30dde33,6001215,32,bits-prefetch,1,512,8,transform_isolated,30,0.047708,0.047609500000000006,0.047870499999999996,0.9679718286241301,False,False
3477e494de0e1677418b4764a19e7ba3b12289dd4ce39a5c36b60f52b30dde33,6001215,32,bits-prefetch,1,512,8,upload_shared,1,5.090513,5.090513,5.090513,0.9879909942278903,False,False
3477e494de0e1677418b4764a19e7ba3b12289dd4ce39a5c36b60f52b30dde33,6001215,32,bits-prefetch,1,512,13,download,30,0.009209,0.008670750000000001,0.00971475,0.9222499728526442,False,False
3477e494de0e1677418b4764a19e7ba3b12289dd4ce39a5c36b60f52b30dde33,6001215,32,bits-prefetch,1,512,13,operator,30,1.4376035,1.4366137499999998,1.438129,0.08430279976363442,False,False
3477e494de0e1677418b4764a19e7ba3b12289dd4ce39a5c36b60f52b30dde33,6001215,32,bits-prefetch,1,512,13,output_isolated,30,0.009139,0.00887325,0.009519749999999999,1.4613743297953825,False,False
3477e494de0e1677418b4764a19e7ba3b12289dd4ce39a5c36b60f52b30dde33,6001215,32,bits-prefetch,1,512,13,selection_isolated,30,1.3865205,1.3861732500000001,1.3869695000000002,0.04781754038256196,False,False
3477e494de0e1677418b4764a19e7ba3b12289dd4ce39a5c36b60f52b30dde33,6001215,32,bits-prefetch,1,512,13,transform_isolated,30,0.04761750000000001,0.047542,0.047712250000000005,0.9698115188743632,False,False
3477e494de0e1677418b4764a19e7ba3b12289dd4ce39a5c36b60f52b30dde33,6001215,32,bits-prefetch,1,512,13,upload_shared,1,4.996321,4.996321,4.996321,1.0066168686919836,False,False
3477e494de0e1677418b4764a19e7ba3b12289dd4ce39a5c36b60f52b30dde33,6001215,32,bits-prefetch,1,512,16,download,30,0.0093695,0.009103,0.0097325,0.9064517850472278,True,False
3477e494de0e1677418b4764a19e7ba3b12289dd4ce39a5c36b60f52b30dde33,6001215,32,bits-prefetch,1,512,16,operator,30,1.3573915,1.35688025,1.3578795000000001,0.08928448424791227,True,False
3477e494de0e1677418b4764a19e7ba3b12289dd4ce39a5c36b60f52b30dde33,6001215,32,bits-prefetch,1,512,16,output_isolated,30,0.009184,0.0089215,0.00967475,1.4542138501742161,True,False
3477e494de0e1677418b4764a19e7ba3b12289dd4ce39a5c36b60f52b30dde33,6001215,32,bits-prefetch,1,512,16,selection_isolated,30,1.3063645,1.305889,1.3069475000000002,0.05075153221019096,True,False
3477e494de0e1677418b4764a19e7ba3b12289dd4ce39a5c36b60f52b30dde33,6001215,32,bits-prefetch,1,512,16,transform_isolated,30,0.047727000000000006,0.04764775,0.04793275,0.9675864814465606,True,False
3477e494de0e1677418b4764a19e7ba3b12289dd4ce39a5c36b60f52b30dde33,6001215,32,bits-prefetch,1,512,16,upload_shared,1,5.029381,5.029381,5.029381,1.0,True,False
3477e494de0e1677418b4764a19e7ba3b12289dd4ce39a5c36b60f52b30dde33,6001215,32,bits-sq,8,128,4,download,30,0.009323999999999999,0.008804,0.009995,0.9108751608751611,False,False
3477e494de0e1677418b4764a19e7ba3b12289dd4ce39a5c36b60f52b30dde33,6001215,32,bits-sq,8,128,4,operator,30,1.0937670000000002,1.0933195,1.0944612500000002,0.11080422064297057,False,False
3477e494de0e1677418b4764a19e7ba3b12289dd4ce39a5c36b60f52b30dde33,6001215,32,bits-sq,8,128,4,output_isolated,30,0.0089435,0.00863325,0.009432250000000001,1.4933191703471795,False,False
3477e494de0e1677418b4764a19e7ba3b12289dd4ce39a5c36b60f52b30dde33,6001215,32,bits-sq,8,128,4,selection_isolated,30,1.0431555000000001,1.04286025,1.043361,0.06355715902375052,False,False
3477e494de0e1677418b4764a19e7ba3b12289dd4ce39a5c36b60f52b30dde33,6001215,32,bits-sq,8,128,4,transform_isolated,30,0.047521999999999995,0.04746449999999999,0.047719500000000005,0.9717604477926014,False,False
3477e494de0e1677418b4764a19e7ba3b12289dd4ce39a5c36b60f52b30dde33,6001215,32,bits-sq,8,128,4,upload_shared,1,5.093427999999999,5.093427999999999,5.093427999999999,0.9874255609385272,False,False
3477e494de0e1677418b4764a19e7ba3b12289dd4ce39a5c36b60f52b30dde33,6001215,32,bits-sq,8,128,7,download,30,0.0090835,0.008547999999999998,0.009579750000000001,0.9349920184950736,False,False
3477e494de0e1677418b4764a19e7ba3b12289dd4ce39a5c36b60f52b30dde33,6001215,32,bits-sq,8,128,7,operator,30,0.8973295,0.89709175,0.8977975,0.13506075527440034,False,False
3477e494de0e1677418b4764a19e7ba3b12289dd4ce39a5c36b60f52b30dde33,6001215,32,bits-sq,8,128,7,output_isolated,30,0.0087285,0.00839725,0.008981250000000001,1.5301025376639743,False,False
3477e494de0e1677418b4764a19e7ba3b12289dd4ce39a5c36b60f52b30dde33,6001215,32,bits-sq,8,128,7,selection_isolated,30,0.8469585,0.84658225,0.8474915,0.07828010463322584,False,False
3477e494de0e1677418b4764a19e7ba3b12289dd4ce39a5c36b60f52b30dde33,6001215,32,bits-sq,8,128,7,transform_isolated,30,0.047727500000000006,0.047534749999999994,0.048033000000000006,0.967576344874548,False,False
3477e494de0e1677418b4764a19e7ba3b12289dd4ce39a5c36b60f52b30dde33,6001215,32,bits-sq,8,128,7,upload_shared,1,5.018344,5.018344,5.018344,1.002199331094082,False,False
3477e494de0e1677418b4764a19e7ba3b12289dd4ce39a5c36b60f52b30dde33,6001215,32,bits-sq,8,128,8,download,30,0.0088585,0.008532999999999999,0.009219,0.9587401930349383,False,False
3477e494de0e1677418b4764a19e7ba3b12289dd4ce39a5c36b60f52b30dde33,6001215,32,bits-sq,8,128,8,operator,30,0.8795930000000001,0.8789769999999999,0.8799754999999999,0.137784179728579,False,False
3477e494de0e1677418b4764a19e7ba3b12289dd4ce39a5c36b60f52b30dde33,6001215,32,bits-sq,8,128,8,output_isolated,30,0.0084525,0.00828025,0.009034,1.5800650695060632,False,False
3477e494de0e1677418b4764a19e7ba3b12289dd4ce39a5c36b60f52b30dde33,6001215,32,bits-sq,8,128,8,selection_isolated,30,0.829091,0.8288734999999999,0.8294767500000001,0.07996709649483591,False,False
3477e494de0e1677418b4764a19e7ba3b12289dd4ce39a5c36b60f52b30dde33,6001215,32,bits-sq,8,128,8,transform_isolated,30,0.047657500000000005,0.0474845,0.047809500000000005,0.9689975344908984,False,False
3477e494de0e1677418b4764a19e7ba3b12289dd4ce39a5c36b60f52b30dde33,6001215,32,bits-sq,8,128,8,upload_shared,1,5.101431,5.101431,5.101431,0.9858765119042089,False,False
3477e494de0e1677418b4764a19e7ba3b12289dd4ce39a5c36b60f52b30dde33,6001215,32,bits-sq,8,128,13,download,30,0.009129,0.008590500000000001,0.00959175,0.930331909300033,False,False
3477e494de0e1677418b4764a19e7ba3b12289dd4ce39a5c36b60f52b30dde33,6001215,32,bits-sq,8,128,13,operator,30,0.811685,0.81129725,0.8122885,0.14931161719139815,False,False
3477e494de0e1677418b4764a19e7ba3b12289dd4ce39a5c36b60f52b30dde33,6001215,32,bits-sq,8,128,13,output_isolated,30,0.008432499999999999,0.0081845,0.008628249999999999,1.583812629706493,False,False
3477e494de0e1677418b4764a19e7ba3b12289dd4ce39a5c36b60f52b30dde33,6001215,32,bits-sq,8,128,13,selection_isolated,30,0.7618445,0.761629,0.7622125,0.08702563318367461,False,False
3477e494de0e1677418b4764a19e7ba3b12289dd4ce39a5c36b60f52b30dde33,6001215,32,bits-sq,8,128,13,transform_isolated,30,0.047622,0.04753525,0.04777024999999999,0.9697198773676032,False,False
3477e494de0e1677418b4764a19e7ba3b12289dd4ce39a5c36b60f52b30dde33,6001215,32,bits-sq,8,128,13,upload_shared,1,5.091273999999999,5.091273999999999,5.091273999999999,0.9878433178021848,False,False
3477e494de0e1677418b4764a19e7ba3b12289dd4ce39a5c36b60f52b30dde33,6001215,32,bits-sq,8,128,16,download,30,0.0089085,0.008643,0.009409,0.953359151372285,False,False
3477e494de0e1677418b4764a19e7ba3b12289dd4ce39a5c36b60f52b30dde33,6001215,32,bits-sq,8,128,16,operator,30,0.803102,0.8027285000000001,0.8034477500000001,0.15090735672430153,False,False
3477e494de0e1677418b4764a19e7ba3b12289dd4ce39a5c36b60f52b30dde33,6001215,32,bits-sq,8,128,16,output_isolated,30,0.008628,0.008393,0.008803,1.5479253592953175,False,False
3477e494de0e1677418b4764a19e7ba3b12289dd4ce39a5c36b60f52b30dde33,6001215,32,bits-sq,8,128,16,selection_isolated,30,0.7530509999999999,0.7527057500000001,0.7531985000000001,0.08804184577140195,False,False
3477e494de0e1677418b4764a19e7ba3b12289dd4ce39a5c36b60f52b30dde33,6001215,32,bits-sq,8,128,16,transform_isolated,30,0.0475575,0.0474195,0.04769475,0.9710350628186931,False,False
3477e494de0e1677418b4764a19e7ba3b12289dd4ce39a5c36b60f52b30dde33,6001215,32,bits-sq,8,128,16,upload_shared,1,5.094479,5.094479,5.094479,0.987221853304332,False,False
3477e494de0e1677418b4764a19e7ba3b12289dd4ce39a5c36b60f52b30dde33,6001215,32,bits-sq,8,256,4,download,30,0.008628,0.008493,0.00933925,0.9843532684283728,False,False
3477e494de0e1677418b4764a19e7ba3b12289dd4ce39a5c36b60f52b30dde33,6001215,32,bits-sq,8,256,4,operator,30,0.632238,0.6317095,0.63285375,0.1916904709935183,False,False
3477e494de0e1677418b4764a19e7ba3b12289dd4ce39a5c36b60f52b30dde33,6001215,32,bits-sq,8,256,4,output_isolated,30,0.008278,0.0081095,0.008442999999999999,1.613372795361198,False,False
3477e494de0e1677418b4764a19e7ba3b12289dd4ce39a5c36b60f52b30dde33,6001215,32,bits-sq,8,256,4,selection_isolated,30,0.5823725,0.581997,0.58248275,0.11384466127779042,False,False
3477e494de0e1677418b4764a19e7ba3b12289dd4ce39a5c36b60f52b30dde33,6001215,32,bits-sq,8,256,4,transform_isolated,30,0.0476625,0.04752449999999999,0.04774525,0.9688958825072123,False,False
3477e494de0e1677418b4764a19e7ba3b12289dd4ce39a5c36b60f52b30dde33,6001215,32,bits-sq,8,256,4,upload_shared,1,5.098865999999999,5.098865999999999,5.098865999999999,0.9863724600724947,False,False
3477e494de0e1677418b4764a19e7ba3b12289dd4ce39a5c36b60f52b30dde33,6001215,32,bits-sq,8,256,7,download,30,0.008563000000000001,0.0084405,0.009174,0.991825294873292,False,False
3477e494de0e1677418b4764a19e7ba3b12289dd4ce39a5c36b60f52b30dde33,6001215,32,bits-sq,8,256,7,operator,30,0.5223065,0.52179,0.5227270000000002,0.23203617033293672,False,False
3477e494de0e1677418b4764a19e7ba3b12289dd4ce39a5c36b60f52b30dde33,6001215,32,bits-sq,8,256,7,output_isolated,30,0.0082975,0.0080245,0.008608000000000001,1.6095811991563724,False,False
3477e494de0e1677418b4764a19e7ba3b12289dd4ce39a5c36b60f52b30dde33,6001215,32,bits-sq,8,256,7,selection_isolated,30,0.472556,0.4721885,0.47279375,0.14030083207069638,False,False
3477e494de0e1677418b4764a19e7ba3b12289dd4ce39a5c36b60f52b30dde33,6001215,32,bits-sq,8,256,7,transform_isolated,30,0.047532,0.0474695,0.04765275,0.9715560043759993,False,False
3477e494de0e1677418b4764a19e7ba3b12289dd4ce39a5c36b60f52b30dde33,6001215,32,bits-sq,8,256,7,upload_shared,1,5.0763620000000005,5.0763620000000005,5.0763620000000005,0.9907451438648385,False,False
3477e494de0e1677418b4764a19e7ba3b12289dd4ce39a5c36b60f52b30dde33,6001215,32,bits-sq,8,256,8,download,30,0.009042999999999999,0.008583,0.00935225,0.9391794758376647,False,False
3477e494de0e1677418b4764a19e7ba3b12289dd4ce39a5c36b60f52b30dde33,6001215,32,bits-sq,8,256,8,operator,30,0.5069684999999999,0.50667525,0.5075307499999999,0.2390562727270038,False,False
3477e494de0e1677418b4764a19e7ba3b12289dd4ce39a5c36b60f52b30dde33,6001215,32,bits-sq,8,256,8,output_isolated,30,0.008377,0.0082755,0.008542749999999998,1.5943058374119612,False,False
3477e494de0e1677418b4764a19e7ba3b12289dd4ce39a5c36b60f52b30dde33,6001215,32,bits-sq,8,256,8,selection_isolated,30,0.4571025,0.4568095,0.4573355,0.14504405467045137,False,False
3477e494de0e1677418b4764a19e7ba3b12289dd4ce39a5c36b60f52b30dde33,6001215,32,bits-sq,8,256,8,transform_isolated,30,0.047592,0.047479249999999994,0.047772749999999996,0.9703311480921163,False,False
3477e494de0e1677418b4764a19e7ba3b12289dd4ce39a5c36b60f52b30dde33,6001215,32,bits-sq,8,256,8,upload_shared,1,5.084825,5.084825,5.084825,0.9890961832511442,False,False
3477e494de0e1677418b4764a19e7ba3b12289dd4ce39a5c36b60f52b30dde33,6001215,32,bits-sq,8,256,13,download,30,0.008723,0.00856025,0.0091515,0.9736329244525966,False,False
3477e494de0e1677418b4764a19e7ba3b12289dd4ce39a5c36b60f52b30dde33,6001215,32,bits-sq,8,256,13,operator,30,0.470117,0.4699545,0.470783,0.2577953998685434,False,False
3477e494de0e1677418b4764a19e7ba3b12289dd4ce39a5c36b60f52b30dde33,6001215,32,bits-sq,8,256,13,output_isolated,30,0.008272999999999999,0.008155250000000001,0.008483,1.6143478786413636,False,False
3477e494de0e1677418b4764a19e7ba3b12289dd4ce39a5c36b60f52b30dde33,6001215,32,bits-sq,8,256,13,selection_isolated,30,0.4203715,0.42021200000000003,0.42068950000000005,0.15771763785128154,False,False
3477e494de0e1677418b4764a19e7ba3b12289dd4ce39a5c36b60f52b30dde33,6001215,32,bits-sq,8,256,13,transform_isolated,30,0.047632,0.0474845,0.047727000000000006,0.9695162915686932,False,False
3477e494de0e1677418b4764a19e7ba3b12289dd4ce39a5c36b60f52b30dde33,6001215,32,bits-sq,8,256,13,upload_shared,1,5.077904,5.077904,5.077904,0.990444285673774,False,False
3477e494de0e1677418b4764a19e7ba3b12289dd4ce39a5c36b60f52b30dde33,6001215,32,bits-sq,8,256,16,download,30,0.0090935,0.008620750000000002,0.009837250000000002,0.9339638203112115,False,False
3477e494de0e1677418b4764a19e7ba3b12289dd4ce39a5c36b60f52b30dde33,6001215,32,bits-sq,8,256,16,operator,30,0.466051,0.46553824999999993,0.46630174999999996,0.26004450156742503,False,False
3477e494de0e1677418b4764a19e7ba3b12289dd4ce39a5c36b60f52b30dde33,6001215,32,bits-sq,8,256,16,output_isolated,30,0.0082725,0.008157,0.008508,1.6144454517981262,False,False
3477e494de0e1677418b4764a19e7ba3b12289dd4ce39a5c36b60f52b30dde33,6001215,32,bits-sq,8,256,16,selection_isolated,30,0.41629099999999997,0.4160185,0.41667425,0.15926359205459642,False,False
3477e494de0e1677418b4764a19e7ba3b12289dd4ce39a5c36b60f52b30dde33,6001215,32,bits-sq,8,256,16,transform_isolated,30,0.047532000000000005,0.047396999999999995,0.047709499999999995,0.9715560043759992,False,False
3477e494de0e1677418b4764a19e7ba3b12289dd4ce39a5c36b60f52b30dde33,6001215,32,bits-sq,8,256,16,upload_shared,1,5.00933,5.00933,5.00933,1.0040027309041328,False,False
3477e494de0e1677418b4764a19e7ba3b12289dd4ce39a5c36b60f52b30dde33,6001215,32,bits-sq,8,512,4,download,30,0.008657999999999999,0.008504749999999998,0.0091215,0.9809424809424812,False,False
3477e494de0e1677418b4764a19e7ba3b12289dd4ce39a5c36b60f52b30dde33,6001215,32,bits-sq,8,512,4,operator,30,0.401358,0.40096475,0.40166575,0.3019598463217377,False,False
3477e494de0e1677418b4764a19e7ba3b12289dd4ce39a5c36b60f52b30dde33,6001215,32,bits-sq,8,512,4,output_isolated,30,0.008363,0.008243,0.008532999999999999,1.5969747698194425,False,False
3477e494de0e1677418b4764a19e7ba3b12289dd4ce39a5c36b60f52b30dde33,6001215,32,bits-sq,8,512,4,selection_isolated,30,0.3512275,0.3510445,0.35146525,0.18876654020542238,False,False
3477e494de0e1677418b4764a19e7ba3b12289dd4ce39a5c36b60f52b30dde33,6001215,32,bits-sq,8,512,4,transform_isolated,30,0.0476625,0.047467249999999996,0.047790250000000006,0.9688958825072123,False,False
3477e494de0e1677418b4764a19e7ba3b12289dd4ce39a5c36b60f52b30dde33,6001215,32,bits-sq,8,512,4,upload_shared,1,5.018955,5.018955,5.018955,1.0020773248614503,False,False
3477e494de0e1677418b4764a19e7ba3b12289dd4ce39a5c36b60f52b30dde33,6001215,32,bits-sq,8,512,7,download,30,0.008914,0.008545249999999999,0.00918625,0.9527709221449406,False,False
3477e494de0e1677418b4764a19e7ba3b12289dd4ce39a5c36b60f52b30dde33,6001215,32,bits-sq,8,512,7,operator,30,0.34525799999999995,0.34473700000000007,0.34556625,0.3510244512799125,False,False
3477e494de0e1677418b4764a19e7ba3b12289dd4ce39a5c36b60f52b30dde33,6001215,32,bits-sq,8,512,7,output_isolated,30,0.008212,0.008068,0.00838225,1.626339503166098,False,False
3477e494de0e1677418b4764a19e7ba3b12289dd4ce39a5c36b60f52b30dde33,6001215,32,bits-sq,8,512,7,selection_isolated,30,0.2953675,0.295037,0.2956455,0.2244661311755694,False,False
3477e494de0e1677418b4764a19e7ba3b12289dd4ce39a5c36b60f52b30dde33,6001215,32,bits-sq,8,512,7,transform_isolated,30,0.047622,0.047372,0.047750249999999994,0.9697198773676032,False,False
3477e494de0e1677418b4764a19e7ba3b12289dd4ce39a5c36b60f52b30dde33,6001215,32,bits-sq,8,512,7,upload_shared,1,5.088881,5.088881,5.088881,0.9883078421366112,False,False
3477e494de0e1677418b4764a19e7ba3b12289dd4ce39a5c36b60f52b30dde33,6001215,32,bits-sq,8,512,8,download,30,0.0087035,0.0085755,0.009084,0.9758143275693688,False,False
3477e494de0e1677418b4764a19e7ba3b12289dd4ce39a5c36b60f52b30dde33,6001215,32,bits-sq,8,512,8,operator,30,0.33080099999999996,0.33032525,0.331252,0.3663652770094408,False,False
3477e494de0e1677418b4764a19e7ba3b12289dd4ce39a5c36b60f52b30dde33,6001215,32,bits-sq,8,512,8,output_isolated,30,0.008307499999999999,0.00814725,0.0084755,1.6076436954559135,False,False
3477e494de0e1677418b4764a19e7ba3b12289dd4ce39a5c36b60f52b30dde33,6001215,32,bits-sq,8,512,8,selection_isolated,30,0.2807405,0.2805175,0.281136,0.2361611523809354,False,False
3477e494de0e1677418b4764a19e7ba3b12289dd4ce39a5c36b60f52b30dde33,6001215,32,bits-sq,8,512,8,transform_isolated,30,0.047597,0.047462000000000004,0.0477945,0.9702292161270668,False,False
3477e494de0e1677418b4764a19e7ba3b12289dd4ce39a5c36b60f52b30dde33,6001215,32,bits-sq,8,512,8,upload_shared,1,5.090513,5.090513,5.090513,0.9879909942278903,False,False
3477e494de0e1677418b4764a19e7ba3b12289dd4ce39a5c36b60f52b30dde33,6001215,32,bits-sq,8,512,13,download,30,0.0085635,0.008450250000000001,0.009088249999999999,0.9917673848309687,False,False
3477e494de0e1677418b4764a19e7ba3b12289dd4ce39a5c36b60f52b30dde33,6001215,32,bits-sq,8,512,13,operator,30,0.32191800000000004,0.32142225,0.32229549999999996,0.3764747544405718,False,False
3477e494de0e1677418b4764a19e7ba3b12289dd4ce39a5c36b60f52b30dde33,6001215,32,bits-sq,8,512,13,output_isolated,30,0.008338,0.008232,0.008400500000000002,1.6017630127128808,False,False
3477e494de0e1677418b4764a19e7ba3b12289dd4ce39a5c36b60f52b30dde33,6001215,32,bits-sq,8,512,13,selection_isolated,30,0.27204700000000004,0.271822,0.27231700000000003,0.2437078887104066,False,False
3477e494de0e1677418b4764a19e7ba3b12289dd4ce39a5c36b60f52b30dde33,6001215,32,bits-sq,8,512,13,transform_isolated,30,0.0476275,0.047479499999999994,0.047742,0.9696078945987087,False,False
3477e494de0e1677418b4764a19e7ba3b12289dd4ce39a5c36b60f52b30dde33,6001215,32,bits-sq,8,512,13,upload_shared,1,4.996321,4.996321,4.996321,1.0066168686919836,False,False
3477e494de0e1677418b4764a19e7ba3b12289dd4ce39a5c36b60f52b30dde33,6001215,32,bits-sq,8,512,16,download,30,0.008743,0.0084855,0.00910825,0.9714056959853596,False,False
3477e494de0e1677418b4764a19e7ba3b12289dd4ce39a5c36b60f52b30dde33,6001215,32,bits-sq,8,512,16,operator,30,0.31873799999999997,0.31832024999999997,0.319194,0.38023078515897074,False,False
3477e494de0e1677418b4764a19e7ba3b12289dd4ce39a5c36b60f52b30dde33,6001215,32,bits-sq,8,512,16,output_isolated,30,0.008257500000000001,0.008142,0.0083855,1.6173781410838628,False,False
3477e494de0e1677418b4764a19e7ba3b12289dd4ce39a5c36b60f52b30dde33,6001215,32,bits-sq,8,512,16,selection_isolated,30,0.26807100000000006,0.26782849999999997,0.26830175,0.2473225376859115,False,False
3477e494de0e1677418b4764a19e7ba3b12289dd4ce39a5c36b60f52b30dde33,6001215,32,bits-sq,8,512,16,transform_isolated,30,0.047702499999999995,0.047571999999999996,0.047814499999999996,0.9680834337822966,False,False
3477e494de0e1677418b4764a19e7ba3b12289dd4ce39a5c36b60f52b30dde33,6001215,32,bits-sq,8,512,16,upload_shared,1,5.029381,5.029381,5.029381,1.0,False,False
3477e494de0e1677418b4764a19e7ba3b12289dd4ce39a5c36b60f52b30dde33,6001215,32,bits-sq,32,128,4,download,30,0.008733499999999998,0.008527999999999999,0.009434,0.9724623575885959,False,False
3477e494de0e1677418b4764a19e7ba3b12289dd4ce39a5c36b60f52b30dde33,6001215,32,bits-sq,32,128,4,operator,30,0.3585085,0.35798225,0.35877375,0.3380505622600301,False,False
3477e494de0e1677418b4764a19e7ba3b12289dd4ce39a5c36b60f52b30dde33,6001215,32,bits-sq,32,128,4,output_isolated,30,0.0082825,0.00811775,0.008688000000000001,1.612496226984606,False,False
3477e494de0e1677418b4764a19e7ba3b12289dd4ce39a5c36b60f52b30dde33,6001215,32,bits-sq,32,128,4,selection_isolated,30,0.30856300000000003,0.30840700000000004,0.30873474999999995,0.21486698016288405,False,False
3477e494de0e1677418b4764a19e7ba3b12289dd4ce39a5c36b60f52b30dde33,6001215,32,bits-sq,32,128,4,transform_isolated,30,0.0473665,0.04722875,0.0475345,0.9749506507763926,False,False
3477e494de0e1677418b4764a19e7ba3b12289dd4ce39a5c36b60f52b30dde33,6001215,32,bits-sq,32,128,4,upload_shared,1,5.093008,5.093008,5.093008,0.9875069899752759,False,False
3477e494de0e1677418b4764a19e7ba3b12289dd4ce39a5c36b60f52b30dde33,6001215,32,bits-sq,32,128,7,download,30,0.008628,0.008473000000000001,0.009229,0.9843532684283728,False,False
3477e494de0e1677418b4764a19e7ba3b12289dd4ce39a5c36b60f52b30dde33,6001215,32,bits-sq,32,128,7,operator,30,0.3025635,0.3021405,0.3029615,0.4005572383978901,False,False
3477e494de0e1677418b4764a19e7ba3b12289dd4ce39a5c36b60f52b30dde33,6001215,32,bits-sq,32,128,7,output_isolated,30,0.0081875,0.008089750000000001,0.0083005,1.6312061068702288,False,False
3477e494de0e1677418b4764a19e7ba3b12289dd4ce39a5c36b60f52b30dde33,6001215,32,bits-sq,32,128,7,selection_isolated,30,0.25304899999999997,0.252768,0.25324125000000003,0.2620045919960166,False,False
3477e494de0e1677418b4764a19e7ba3b12289dd4ce39a5c36b60f52b30dde33,6001215,32,bits-sq,32,128,7,transform_isolated,30,0.0472915,0.047223499999999995,0.0474035,0.9764968334690166,False,False
3477e494de0e1677418b4764a19e7ba3b12289dd4ce39a5c36b60f52b30dde33,6001215,32,bits-sq,32,128,7,upload_shared,1,5.092056,5.092056,5.092056,0.9876916121896537,False,False
3477e494de0e1677418b4764a19e7ba3b12289dd4ce39a5c36b60f52b30dde33,6001215,32,bits-sq,32,128,8,download,30,0.008823,0.0085405,0.009143249999999999,0.962597755865352,False,False
3477e494de0e1677418b4764a19e7ba3b12289dd4ce39a5c36b60f52b30dde33,6001215,32,bits-sq,32,128,8,operator,30,0.29730599999999996,0.2967925,0.297646,0.40764061270206464,False,False
3477e494de0e1677418b4764a19e7ba3b12289dd4ce39a5c36b60f52b30dde33,6001215,32,bits-sq,32,128,8,output_isolated,30,0.0082775,0.0081645,0.00837725,1.6134702506795529,False,False
3477e494de0e1677418b4764a19e7ba3b12289dd4ce39a5c36b60f52b30dde33,6001215,32,bits-sq,32,128,8,selection_isolated,30,0.2479905,0.2477225,0.2482085,0.2673489508670695,False,False
3477e494de0e1677418b4764a19e7ba3b12289dd4ce39a5c36b60f52b30dde33,6001215,32,bits-sq,32,128,8,transform_isolated,30,0.047297,0.04718875,0.047457,0.9763832801234751,False,False
3477e494de0e1677418b4764a19e7ba3b12289dd4ce39a5c36b60f52b30dde33,6001215,32,bits-sq,32,128,8,upload_shared,1,5.104375,5.104375,5.104375,0.9853078976368311,False,False
3477e494de0e1677418b4764a19e7ba3b12289dd4ce39a5c36b60f52b30dde33,6001215,32,bits-sq,32,128,13,download,30,0.008643000000000001,0.008468,0.009159,0.9826449149600832,False,False
3477e494de0e1677418b4764a19e7ba3b12289dd4ce39a5c36b60f52b30dde33,6001215,32,bits-sq,32,128,13,operator,30,0.28244800000000003,0.281952,0.282788,0.42908429162182066,False,False
3477e494de0e1677418b4764a19e7ba3b12289dd4ce39a5c36b60f52b30dde33,6001215,32,bits-sq,32,128,13,output_isolated,30,0.008228000000000001,0.008131999999999999,0.008552999999999998,1.6231769567331062,False,False
3477e494de0e1677418b4764a19e7ba3b12289dd4ce39a5c36b60f52b30dde33,6001215,32,bits-sq,32,128,13,selection_isolated,30,0.23291800000000001,0.2326595,0.23303825,0.28464953331215276,False,False
3477e494de0e1677418b4764a19e7ba3b12289dd4ce39a5c36b60f52b30dde33,6001215,32,bits-sq,32,128,13,transform_isolated,30,0.047267,0.04714925,0.04735625,0.977002983053716,False,False
3477e494de0e1677418b4764a19e7ba3b12289dd4ce39a5c36b60f52b30dde33,6001215,32,bits-sq,32,128,13,upload_shared,1,5.08838,5.08838,5.08838,0.988405150558724,False,False
3477e494de0e1677418b4764a19e7ba3b12289dd4ce39a5c36b60f52b30dde33,6001215,32,bits-sq,32,128,16,download,30,0.008643,0.00853475,0.0094815,0.9826449149600834,False,False
3477e494de0e1677418b4764a19e7ba3b12289dd4ce39a5c36b60f52b30dde33,6001215,32,bits-sq,32,128,16,operator,30,0.2810355,0.28071250000000003,0.28125174999999997,0.43124089305443625,False,False
3477e494de0e1677418b4764a19e7ba3b12289dd4ce39a5c36b60f52b30dde33,6001215,32,bits-sq,32,128,16,output_isolated,30,0.008333,0.008214500000000001,0.008503,1.6027241089643585,False,False
3477e494de0e1677418b4764a19e7ba3b12289dd4ce39a5c36b60f52b30dde33,6001215,32,bits-sq,32,128,16,selection_isolated,30,0.231676,0.23148849999999999,0.23178100000000001,0.28617552098620486,False,False
3477e494de0e1677418b4764a19e7ba3b12289dd4ce39a5c36b60f52b30dde33,6001215,32,bits-sq,32,128,16,transform_isolated,30,0.047271,0.04716100000000001,0.047358500000000005,0.9769203105498085,False,False
3477e494de0e1677418b4764a19e7ba3b12289dd4ce39a5c36b60f52b30dde33,6001215,32,bits-sq,32,128,16,upload_shared,1,5.092617,5.092617,5.092617,0.987582808603121,False,False
3477e494de0e1677418b4764a19e7ba3b12289dd4ce39a5c36b60f52b30dde33,6001215,32,bits-sq,32,256,4,download,30,0.0086735,0.008537250000000001,0.0091915,0.9791894852135816,False,False
3477e494de0e1677418b4764a19e7ba3b12289dd4ce39a5c36b60f52b30dde33,6001215,32,bits-sq,32,256,4,operator,30,0.232958,0.23247199999999998,0.23337400000000003,0.5202396998600607,False,False
3477e494de0e1677418b4764a19e7ba3b12289dd4ce39a5c36b60f52b30dde33,6001215,32,bits-sq,32,256,4,output_isolated,30,0.0082925,0.00812975,0.008527999999999999,1.6105517033463974,False,False
3477e494de0e1677418b4764a19e7ba3b12289dd4ce39a5c36b60f52b30dde33,6001215,32,bits-sq,32,256,4,selection_isolated,30,0.183262,0.18303699999999998,0.18389875,0.3617771278279185,False,False
3477e494de0e1677418b4764a19e7ba3b12289dd4ce39a5c36b60f52b30dde33,6001215,32,bits-sq,32,256,4,transform_isolated,30,0.047337000000000004,0.0472395,0.0474695,0.9755582314046094,False,False
3477e494de0e1677418b4764a19e7ba3b12289dd4ce39a5c36b60f52b30dde33,6001215,32,bits-sq,32,256,4,upload_shared,1,5.088871,5.088871,5.088871,0.9883097842330842,False,False
3477e494de0e1677418b4764a19e7ba3b12289dd4ce39a5c36b60f52b30dde33,6001215,32,bits-sq,32,256,7,download,30,0.008643,0.008535499999999998,0.0087105,0.9826449149600834,False,False
3477e494de0e1677418b4764a19e7ba3b12289dd4ce39a5c36b60f52b30dde33,6001215,32,bits-sq,32,256,7,operator,30,0.20131,0.20090725,0.20199675,0.6020267249515673,False,False
3477e494de0e1677418b4764a19e7ba3b12289dd4ce39a5c36b60f52b30dde33,6001215,32,bits-sq,32,256,7,output_isolated,30,0.008237000000000001,0.008054500000000001,0.008403,1.6214034235765444,False,False
3477e494de0e1677418b4764a19e7ba3b12289dd4ce39a5c36b60f52b30dde33,6001215,32,bits-sq,32,256,7,selection_isolated,30,0.1517895,0.151565,0.15191,0.4367891059658277,False,False
3477e494de0e1677418b4764a19e7ba3b12289dd4ce39a5c36b60f52b30dde33,6001215,32,bits-sq,32,256,7,transform_isolated,30,0.047402,0.04722425,0.0475045,0.974220497025442,False,False
3477e494de0e1677418b4764a19e7ba3b12289dd4ce39a5c36b60f52b30dde33,6001215,32,bits-sq,32,256,7,upload_shared,1,5.082972,5.082972,5.082972,0.9894567587623934,False,False
3477e494de0e1677418b4764a19e7ba3b12289dd4ce39a5c36b60f52b30dde33,6001215,32,bits-sq,32,256,8,download,30,0.008578,0.00849025,0.00868825,0.9900909302867801,False,False
3477e494de0e1677418b4764a19e7ba3b12289dd4ce39a5c36b60f52b30dde33,6001215,32,bits-sq,32,256,8,operator,30,0.197805,0.1975715,0.19815,0.6126943201637977,False,False
3477e494de0e1677418b4764a19e7ba3b12289dd4ce39a5c36b60f52b30dde33,6001215,32,bits-sq,32,256,8,output_isolated,30,0.008217,0.008121999999999999,0.00838025,1.6253498843860288,False,False
3477e494de0e1677418b4764a19e7ba3b12289dd4ce39a5c36b60f52b30dde33,6001215,32,bits-sq,32,256,8,selection_isolated,30,0.148395,0.14827249999999997,0.1486075,0.4467805519053876,False,False
3477e494de0e1677418b4764a19e7ba3b12289dd4ce39a5c36b60f52b30dde33,6001215,32,bits-sq,32,256,8,transform_isolated,30,0.047332,0.047196999999999996,0.047422,0.975661286233415,False,False
3477e494de0e1677418b4764a19e7ba3b12289dd4ce39a5c36b60f52b30dde33,6001215,32,bits-sq,32,256,8,upload_shared,1,5.08827,5.08827,5.08827,0.9884265182468698,False,False
3477e494de0e1677418b4764a19e7ba3b12289dd4ce39a5c36b60f52b30dde33,6001215,32,bits-sq,32,256,13,download,30,0.008623,0.0084855,0.0090215,0.9849240403571843,False,False
3477e494de0e1677418b4764a19e7ba3b12289dd4ce39a5c36b60f52b30dde33,6001215,32,bits-sq,32,256,13,operator,30,0.190789,0.1885835,0.1913825,0.6352253012490239,False,False
3477e494de0e1677418b4764a19e7ba3b12289dd4ce39a5c36b60f52b30dde33,6001215,32,bits-sq,32,256,13,output_isolated,30,0.008257500000000001,0.008052,0.008428000000000001,1.6173781410838628,False,False
3477e494de0e1677418b4764a19e7ba3b12289dd4ce39a5c36b60f52b30dde33,6001215,32,bits-sq,32,256,13,selection_isolated,30,0.138986,0.138715,0.1413165,0.4770264630970026,False,False
3477e494de0e1677418b4764a19e7ba3b12289dd4ce39a5c36b60f52b30dde33,6001215,32,bits-sq,32,256,13,transform_isolated,30,0.047286999999999996,0.047222,0.047459499999999995,0.9765897603992642,False,False
3477e494de0e1677418b4764a19e7ba3b12289dd4ce39a5c36b60f52b30dde33,6001215,32,bits-sq,32,256,13,upload_shared,1,5.0916049999999995,5.0916049999999995,5.0916049999999995,0.9877790991249322,False,False
3477e494de0e1677418b4764a19e7ba3b12289dd4ce39a5c36b60f52b30dde33,6001215,32,bits-sq,32,256,16,download,30,0.008648,0.008525499999999998,0.00888125,0.982076780758557,False,False
3477e494de0e1677418b4764a19e7ba3b12289dd4ce39a5c36b60f52b30dde33,6001215,32,bits-sq,32,256,16,operator,30,0.18942199999999998,0.18900674999999997,0.18996274999999999,0.6398095258206545,False,False
3477e494de0e1677418b4764a19e7ba3b12289dd4ce39a5c36b60f52b30dde33,6001215,32,bits-sq,32,256,16,output_isolated,30,0.0081175,0.007972,0.00833275,1.6452725592854942,False,False
3477e494de0e1677418b4764a19e7ba3b12289dd4ce39a5c36b60f52b30dde33,6001215,32,bits-sq,32,256,16,selection_isolated,30,0.139722,0.13946875,0.14021275,0.47451367715892984,False,False
3477e494de0e1677418b4764a19e7ba3b12289dd4ce39a5c36b60f52b30dde33,6001215,32,bits-sq,32,256,16,transform_isolated,30,0.047321999999999996,0.04728675,0.04739675,0.9758674612231099,False,False
3477e494de0e1677418b4764a19e7ba3b12289dd4ce39a5c36b60f52b30dde33,6001215,32,bits-sq,32,256,16,upload_shared,1,5.01592,5.01592,5.01592,1.0026836552417102,False,False
3477e494de0e1677418b4764a19e7ba3b12289dd4ce39a5c36b60f52b30dde33,6001215,32,bits-sq,32,512,4,download,30,0.008527999999999999,0.00844225,0.009045499999999998,0.9958958724202628,False,False
3477e494de0e1677418b4764a19e7ba3b12289dd4ce39a5c36b60f52b30dde33,6001215,32,bits-sq,32,512,4,operator,30,0.175776,0.1754185,0.17595924999999998,0.689479792463135,False,False
3477e494de0e1677418b4764a19e7ba3b12289dd4ce39a5c36b60f52b30dde33,6001215,32,bits-sq,32,512,4,output_isolated,30,0.008117,0.008014750000000001,0.008392750000000001,1.645373906615745,False,False
3477e494de0e1677418b4764a19e7ba3b12289dd4ce39a5c36b60f52b30dde33,6001215,32,bits-sq,32,512,4,selection_isolated,30,0.126546,0.1263945,0.1268295,0.5239201555165711,False,False
3477e494de0e1677418b4764a19e7ba3b12289dd4ce39a5c36b60f52b30dde33,6001215,32,bits-sq,32,512,4,transform_isolated,30,0.0473465,0.047276,0.0475295,0.9753624871954633,False,False
3477e494de0e1677418b4764a19e7ba3b12289dd4ce39a5c36b60f52b30dde33,6001215,32,bits-sq,32,512,4,upload_shared,1,5.00251,5.00251,5.00251,1.0053715035052404,False,False
3477e494de0e1677418b4764a19e7ba3b12289dd4ce39a5c36b60f52b30dde33,6001215,32,bits-sq,32,512,7,download,30,0.008548,0.008483,0.008695499999999998,0.9935657463734208,False,False
3477e494de0e1677418b4764a19e7ba3b12289dd4ce39a5c36b60f52b30dde33,6001215,32,bits-sq,32,512,7,operator,30,0.161965,0.16161675,0.16274424999999998,0.7482727749822493,False,False
3477e494de0e1677418b4764a19e7ba3b12289dd4ce39a5c36b60f52b30dde33,6001215,32,bits-sq,32,512,7,output_isolated,30,0.0081725,0.0080945,0.0083005,1.6342000611807892,False,False
3477e494de0e1677418b4764a19e7ba3b12289dd4ce39a5c36b60f52b30dde33,6001215,32,bits-sq,32,512,7,selection_isolated,30,0.1123705,0.11214325,0.112776,0.5900125032815552,False,False
3477e494de0e1677418b4764a19e7ba3b12289dd4ce39a5c36b60f52b30dde33,6001215,32,bits-sq,32,512,7,transform_isolated,30,0.047332,0.04715350000000001,0.04750025,0.975661286233415,False,False
3477e494de0e1677418b4764a19e7ba3b12289dd4ce39a5c36b60f52b30dde33,6001215,32,bits-sq,32,512,7,upload_shared,1,5.108541000000001,5.108541000000001,5.108541000000001,0.9845043819752057,False,False
3477e494de0e1677418b4764a19e7ba3b12289dd4ce39a5c36b60f52b30dde33,6001215,32,bits-sq,32,512,8,download,30,0.008613,0.0085055,0.0089505,0.9860675722744688,False,False
3477e494de0e1677418b4764a19e7ba3b12289dd4ce39a5c36b60f52b30dde33,6001215,32,bits-sq,32,512,8,operator,30,0.15781399999999998,0.157404,0.1583525,0.7679546808267963,False,False
3477e494de0e1677418b4764a19e7ba3b12289dd4ce39a5c36b60f52b30dde33,6001215,32,bits-sq,32,512,8,output_isolated,30,0.008207,0.008084500000000001,0.0083255,1.6273303277689775,False,False
3477e494de0e1677418b4764a19e7ba3b12289dd4ce39a5c36b60f52b30dde33,6001215,32,bits-sq,32,512,8,selection_isolated,30,0.1085795,0.10806625,0.10875249999999999,0.6106125005180536,False,False
3477e494de0e1677418b4764a19e7ba3b12289dd4ce39a5c36b60f52b30dde33,6001215,32,bits-sq,32,512,8,transform_isolated,30,0.047357,0.04727125,0.047582000000000006,0.9751462297020503,False,False
3477e494de0e1677418b4764a19e7ba3b12289dd4ce39a5c36b60f52b30dde33,6001215,32,bits-sq,32,512,8,upload_shared,1,5.083703,5.083703,5.083703,0.9893144819829168,False,False
3477e494de0e1677418b4764a19e7ba3b12289dd4ce39a5c36b60f52b30dde33,6001215,32,bits-sq,32,512,13,download,30,0.008578,0.00843775,0.00919625,0.9900909302867801,False,False
3477e494de0e1677418b4764a19e7ba3b12289dd4ce39a5c36b60f52b30dde33,6001215,32,bits-sq,32,512,13,operator,30,0.15438400000000002,0.15422625,0.15475225,0.7850165820292258,False,False
3477e494de0e1677418b4764a19e7ba3b12289dd4ce39a5c36b60f52b30dde33,6001215,32,bits-sq,32,512,13,output_isolated,30,0.0081125,0.0080345,0.0083845,1.646286594761171,False,False
3477e494de0e1677418b4764a19e7ba3b12289dd4ce39a5c36b60f52b30dde33,6001215,32,bits-sq,32,512,13,selection_isolated,30,0.105024,0.10486375,0.10520399999999999,0.6312842778793418,False,False
3477e494de0e1677418b4764a19e7ba3b12289dd4ce39a5c36b60f52b30dde33,6001215,32,bits-sq,32,512,13,transform_isolated,30,0.047341999999999995,0.0471645,0.047634499999999996,0.9754551983439652,False,False
3477e494de0e1677418b4764a19e7ba3b12289dd4ce39a5c36b60f52b30dde33,6001215,32,bits-sq,32,512,13,upload_shared,1,5.080838,5.080838,5.080838,0.989872339956519,False,False
3477e494de0e1677418b4764a19e7ba3b12289dd4ce39a5c36b60f52b30dde33,6001215,32,bits-sq,32,512,16,download,30,0.008563,0.0085055,0.008818,0.9918252948732922,False,False
3477e494de0e1677418b4764a19e7ba3b12289dd4ce39a5c36b60f52b30dde33,6001215,32,bits-sq,32,512,16,operator,30,0.15219,0.15175500000000003,0.15259850000000003,0.7963335304553519,False,False
3477e494de0e1677418b4764a19e7ba3b12289dd4ce39a5c36b60f52b30dde33,6001215,32,bits-sq,32,512,16,output_isolated,30,0.008108,0.008035500000000001,0.008289499999999998,1.6472002960039465,False,False
3477e494de0e1677418b4764a19e7ba3b12289dd4ce39a5c36b60f52b30dde33,6001215,32,bits-sq,32,512,16,selection_isolated,30,0.10258500000000001,0.1024125,0.102811,0.6462933177365111,False,False
3477e494de0e1677418b4764a19e7ba3b12289dd4ce39a5c36b60f52b30dde33,6001215,32,bits-sq,32,512,16,transform_isolated,30,0.047282,0.04711625,0.047474499999999996,0.976693033289624,False,False
3477e494de0e1677418b4764a19e7ba3b12289dd4ce39a5c36b60f52b30dde33,6001215,32,bits-sq,32,512,16,upload_shared,1,5.0082379999999995,5.0082379999999995,5.0082379999999995,1.0042216444186558,False,False
3477e494de0e1677418b4764a19e7ba3b12289dd4ce39a5c36b60f52b30dde33,6001215,32,bits-sq,128,128,4,download,30,0.008523,0.008473,0.008688,0.9964801126363958,False,False
3477e494de0e1677418b4764a19e7ba3b12289dd4ce39a5c36b60f52b30dde33,6001215,32,bits-sq,128,128,4,operator,30,0.17075900000000002,0.17046825,0.1711115,0.7097371148812068,False,False
3477e494de0e1677418b4764a19e7ba3b12289dd4ce39a5c36b60f52b30dde33,6001215,32,bits-sq,128,128,4,output_isolated,30,0.008187,0.008082250000000001,0.008290249999999999,1.6313057285941126,False,False
3477e494de0e1677418b4764a19e7ba3b12289dd4ce39a5c36b60f52b30dde33,6001215,32,bits-sq,128,128,4,selection_isolated,30,0.121188,0.121003,0.1214365,0.5470838696900683,False,False
3477e494de0e1677418b4764a19e7ba3b12289dd4ce39a5c36b60f52b30dde33,6001215,32,bits-sq,128,128,4,transform_isolated,30,0.047237,0.047147,0.04734175,0.9776234731248808,False,False
3477e494de0e1677418b4764a19e7ba3b12289dd4ce39a5c36b60f52b30dde33,6001215,32,bits-sq,128,128,4,upload_shared,1,5.109252,5.109252,5.109252,0.9843673790214302,False,False
3477e494de0e1677418b4764a19e7ba3b12289dd4ce39a5c36b60f52b30dde33,6001215,32,bits-sq,128,128,7,download,30,0.008552999999999998,0.00846525,0.00859075,0.9929849175727817,False,False
3477e494de0e1677418b4764a19e7ba3b12289dd4ce39a5c36b60f52b30dde33,6001215,32,bits-sq,128,128,7,operator,30,0.1554105,0.15503250000000002,0.15593849999999998,0.7798314785680505,False,False
3477e494de0e1677418b4764a19e7ba3b12289dd4ce39a5c36b60f52b30dde33,6001215,32,bits-sq,128,128,7,output_isolated,30,0.008132,0.0080245,0.008217249999999999,1.6423389080177078,False,False
3477e494de0e1677418b4764a19e7ba3b12289dd4ce39a5c36b60f52b30dde33,6001215,32,bits-sq,128,128,7,selection_isolated,30,0.1060555,0.10587025,0.1063085,0.6251443819509597,False,False
3477e494de0e1677418b4764a19e7ba3b12289dd4ce39a5c36b60f52b30dde33,6001215,32,bits-sq,128,128,7,transform_isolated,30,0.0472765,0.047191000000000004,0.047344500000000005,0.9768066586993538,False,False
3477e494de0e1677418b4764a19e7ba3b12289dd4ce39a5c36b60f52b30dde33,6001215,32,bits-sq,128,128,7,upload_shared,1,5.102853,5.102853,5.102853,0.9856017800238416,False,False
3477e494de0e1677418b4764a19e7ba3b12289dd4ce39a5c36b60f52b30dde33,6001215,32,bits-sq,128,128,8,download,30,0.0087985,0.008653,0.009211500000000001,0.9652781724157526,False,False
3477e494de0e1677418b4764a19e7ba3b12289dd4ce39a5c36b60f52b30dde33,6001215,32,bits-sq,128,128,8,operator,30,0.1560415,0.15558824999999998,0.15650725000000001,0.7766779991220285,False,False
3477e494de0e1677418b4764a19e7ba3b12289dd4ce39a5c36b60f52b30dde33,6001215,32,bits-sq,128,128,8,output_isolated,30,0.0081675,0.008007,0.00825975,1.6352004897459442,False,False
3477e494de0e1677418b4764a19e7ba3b12289dd4ce39a5c36b60f52b30dde33,6001215,32,bits-sq,128,128,8,selection_isolated,30,0.106541,0.106346,0.10668625,0.622295642053294,False,False
3477e494de0e1677418b4764a19e7ba3b12289dd4ce39a5c36b60f52b30dde33,6001215,32,bits-sq,128,128,8,transform_isolated,30,0.047311000000000006,0.047253500000000004,0.047559500000000005,0.9760943543784742,False,False
3477e494de0e1677418b4764a19e7ba3b12289dd4ce39a5c36b60f52b30dde33,6001215,32,bits-sq,128,128,8,upload_shared,1,5.0976349999999995,5.0976349999999995,5.0976349999999995,0.9866106537639514,False,False
3477e494de0e1677418b4764a19e7ba3b12289dd4ce39a5c36b60f52b30dde33,6001215,32,bits-sq,128,128,13,download,30,0.008583,0.0084355,0.0087405,0.9895141558895492,False,False
3477e494de0e1677418b4764a19e7ba3b12289dd4ce39a5c36b60f52b30dde33,6001215,32,bits-sq,128,128,13,operator,30,0.1567925,0.15649949999999999,0.15701800000000002,0.7729578902052076,False,False
3477e494de0e1677418b4764a19e7ba3b12289dd4ce39a5c36b60f52b30dde33,6001215,32,bits-sq,128,128,13,output_isolated,30,0.008203,0.0080445,0.008347,1.6281238571254417,False,False
3477e494de0e1677418b4764a19e7ba3b12289dd4ce39a5c36b60f52b30dde33,6001215,32,bits-sq,128,128,13,selection_isolated,30,0.107207,0.107082,0.10757800000000001,0.6184297667129944,False,False
3477e494de0e1677418b4764a19e7ba3b12289dd4ce39a5c36b60f52b30dde33,6001215,32,bits-sq,128,128,13,transform_isolated,30,0.047282,0.0472045,0.04749949999999999,0.976693033289624,False,False
3477e494de0e1677418b4764a19e7ba3b12289dd4ce39a5c36b60f52b30dde33,6001215,32,bits-sq,128,128,13,upload_shared,1,5.075721,5.075721,5.075721,0.9908702625695935,False,False
3477e494de0e1677418b4764a19e7ba3b12289dd4ce39a5c36b60f52b30dde33,6001215,32,bits-sq,128,128,16,download,30,0.008508,0.0084345,0.008673,0.9982369534555713,False,False
3477e494de0e1677418b4764a19e7ba3b12289dd4ce39a5c36b60f52b30dde33,6001215,32,bits-sq,128,128,16,operator,30,0.156046,0.1556635,0.15662025,0.7766556015533882,False,False
3477e494de0e1677418b4764a19e7ba3b12289dd4ce39a5c36b60f52b30dde33,6001215,32,bits-sq,128,128,16,output_isolated,30,0.0081525,0.008047,0.0083005,1.6382091383011346,False,False
3477e494de0e1677418b4764a19e7ba3b12289dd4ce39a5c36b60f52b30dde33,6001215,32,bits-sq,128,128,16,selection_isolated,30,0.10683200000000001,0.10655375,0.10696449999999999,0.6206005691178672,False,False
3477e494de0e1677418b4764a19e7ba3b12289dd4ce39a5c36b60f52b30dde33,6001215,32,bits-sq,128,128,16,transform_isolated,30,0.0472015,0.047143500000000005,0.047267,0.9783587385994089,False,False
3477e494de0e1677418b4764a19e7ba3b12289dd4ce39a5c36b60f52b30dde33,6001215,32,bits-sq,128,128,16,upload_shared,1,5.075931,5.075931,5.075931,0.9908292685617673,False,False
3477e494de0e1677418b4764a19e7ba3b12289dd4ce39a5c36b60f52b30dde33,6001215,32,bits-sq,128,256,4,download,30,0.008643,0.008550499999999999,0.00884325,0.9826449149600834,False,False
3477e494de0e1677418b4764a19e7ba3b12289dd4ce39a5c36b60f52b30dde33,6001215,32,bits-sq,128,256,4,operator,30,0.133903,0.133648,0.13419124999999998,0.9050880114709903,False,False
3477e494de0e1677418b4764a19e7ba3b12289dd4ce39a5c36b60f52b30dde33,6001215,32,bits-sq,128,256,4,output_isolated,30,0.008158,0.008112,0.008339750000000002,1.6371046825202253,False,False
3477e494de0e1677418b4764a19e7ba3b12289dd4ce39a5c36b60f52b30dde33,6001215,32,bits-sq,128,256,4,selection_isolated,30,0.084503,0.08422299999999999,0.08472550000000001,0.7845875294368247,False,False
3477e494de0e1677418b4764a19e7ba3b12289dd4ce39a5c36b60f52b30dde33,6001215,32,bits-sq,128,256,4,transform_isolated,30,0.047352,0.04719925,0.047452,0.9752491974995776,False,False
3477e494de0e1677418b4764a19e7ba3b12289dd4ce39a5c36b60f52b30dde33,6001215,32,bits-sq,128,256,4,upload_shared,1,5.08829,5.08829,5.08829,0.9884226331439443,False,False
3477e494de0e1677418b4764a19e7ba3b12289dd4ce39a5c36b60f52b30dde33,6001215,32,bits-sq,128,256,7,download,30,0.008713499999999999,0.0086205,0.0088505,0.9746944396625927,False,False
3477e494de0e1677418b4764a19e7ba3b12289dd4ce39a5c36b60f52b30dde33,6001215,32,bits-sq,128,256,7,operator,30,0.129185,0.12859274999999998,0.12962675,0.9381429732554091,False,False
3477e494de0e1677418b4764a19e7ba3b12289dd4ce39a5c36b60f52b30dde33,6001215,32,bits-sq,128,256,7,output_isolated,30,0.008208,0.008070250000000001,0.00834975,1.627132066276803,False,False
3477e494de0e1677418b4764a19e7ba3b12289dd4ce39a5c36b60f52b30dde33,6001215,32,bits-sq,128,256,7,selection_isolated,30,0.07964099999999999,0.07929,0.0800685,0.8324857799374695,False,False
3477e494de0e1677418b4764a19e7ba3b12289dd4ce39a5c36b60f52b30dde33,6001215,32,bits-sq,128,256,7,transform_isolated,30,0.047366500000000006,0.04724125,0.047532000000000005,0.9749506507763924,False,False
3477e494de0e1677418b4764a19e7ba3b12289dd4ce39a5c36b60f52b30dde33,6001215,32,bits-sq,128,256,7,upload_shared,1,5.073908,5.073908,5.073908,0.9912243186120047,False,False
3477e494de0e1677418b4764a19e7ba3b12289dd4ce39a5c36b60f52b30dde33,6001215,32,bits-sq,128,256,8,download,30,0.008708,0.008573,0.009945,0.9753100597152045,False,False
3477e494de0e1677418b4764a19e7ba3b12289dd4ce39a5c36b60f52b30dde33,6001215,32,bits-sq,128,256,8,operator,30,0.1285895,0.12798900000000002,0.12900825,0.942487528141878,False,False
3477e494de0e1677418b4764a19e7ba3b12289dd4ce39a5c36b60f52b30dde33,6001215,32,bits-sq,128,256,8,output_isolated,30,0.008147,0.007954499999999998,0.008403,1.6393150853074752,False,False
3477e494de0e1677418b4764a19e7ba3b12289dd4ce39a5c36b60f52b30dde33,6001215,32,bits-sq,128,256,8,selection_isolated,30,0.07921,0.078875,0.07962025,0.8370155283423809,False,False
3477e494de0e1677418b4764a19e7ba3b12289dd4ce39a5c36b60f52b30dde33,6001215,32,bits-sq,128,256,8,transform_isolated,30,0.0472615,0.047074500000000005,0.047379500000000005,0.977116680596257,False,False
3477e494de0e1677418b4764a19e7ba3b12289dd4ce39a5c36b60f52b30dde33,6001215,32,bits-sq,128,256,8,upload_shared,1,5.0943689999999995,5.0943689999999995,5.0943689999999995,0.9872431698606835,False,False
3477e494de0e1677418b4764a19e7ba3b12289dd4ce39a5c36b60f52b30dde33,6001215,32,bits-sq,128,256,13,download,30,0.008633,0.008518,0.00877125,0.9837831576508747,False,False
3477e494de0e1677418b4764a19e7ba3b12289dd4ce39a5c36b60f52b30dde33,6001215,32,bits-sq,128,256,13,operator,30,0.12901,0.128675,0.12965675,0.9394155491822339,False,False
3477e494de0e1677418b4764a19e7ba3b12289dd4ce39a5c36b60f52b30dde33,6001215,32,bits-sq,128,256,13,output_isolated,30,0.008112,0.008064499999999999,0.008257,1.646388067061144,False,False
3477e494de0e1677418b4764a19e7ba3b12289dd4ce39a5c36b60f52b30dde33,6001215,32,bits-sq,128,256,13,selection_isolated,30,0.08002600000000001,0.07965275000000001,0.08026375000000001,0.8284807437582784,False,False
3477e494de0e1677418b4764a19e7ba3b12289dd4ce39a5c36b60f52b30dde33,6001215,32,bits-sq,128,256,13,transform_isolated,30,0.047377,0.047281,0.047552000000000004,0.9747345758490406,False,False
3477e494de0e1677418b4764a19e7ba3b12289dd4ce39a5c36b60f52b30dde33,6001215,32,bits-sq,128,256,13,upload_shared,1,5.0025,5.0025,5.0025,1.0053735132433783,False,False
3477e494de0e1677418b4764a19e7ba3b12289dd4ce39a5c36b60f52b30dde33,6001215,32,bits-sq,128,256,16,download,30,0.008573,0.00844225,0.00880375,0.9906683774641315,False,False
3477e494de0e1677418b4764a19e7ba3b12289dd4ce39a5c36b60f52b30dde33,6001215,32,bits-sq,128,256,16,operator,30,0.13186,0.1315315,0.13215525,0.9191111785226757,False,False
3477e494de0e1677418b4764a19e7ba3b12289dd4ce39a5c36b60f52b30dde33,6001215,32,bits-sq,128,256,16,output_isolated,30,0.008121999999999999,0.007977,0.0082295,1.64436099482886,False,False
3477e494de0e1677418b4764a19e7ba3b12289dd4ce39a5c36b60f52b30dde33,6001215,32,bits-sq,128,256,16,selection_isolated,30,0.0822545,0.08204900000000001,0.082505,0.8060349281802212,False,False
3477e494de0e1677418b4764a19e7ba3b12289dd4ce39a5c36b60f52b30dde33,6001215,32,bits-sq,128,256,16,transform_isolated,30,0.047391,0.0473035,0.04751775,0.9744466248865817,False,False
3477e494de0e1677418b4764a19e7ba3b12289dd4ce39a5c36b60f52b30dde33,6001215,32,bits-sq,128,256,16,upload_shared,1,5.088241,5.088241,5.088241,0.9884321517003617,False,False
3477e494de0e1677418b4764a19e7ba3b12289dd4ce39a5c36b60f52b30dde33,6001215,32,bits-sq,128,512,4,download,30,0.008633,0.0084855,0.008911249999999999,0.9837831576508747,False,True
3477e494de0e1677418b4764a19e7ba3b12289dd4ce39a5c36b60f52b30dde33,6001215,32,bits-sq,128,512,4,operator,30,0.123833,0.12339625,0.12444374999999999,0.9786890408857091,False,True
3477e494de0e1677418b4764a19e7ba3b12289dd4ce39a5c36b60f52b30dde33,6001215,32,bits-sq,128,512,4,output_isolated,30,0.008212,0.008042,0.008338,1.626339503166098,False,True
3477e494de0e1677418b4764a19e7ba3b12289dd4ce39a5c36b60f52b30dde33,6001215,32,bits-sq,128,512,4,selection_isolated,30,0.074638,0.0743955,0.07495399999999999,0.8882874675098476,False,True
3477e494de0e1677418b4764a19e7ba3b12289dd4ce39a5c36b60f52b30dde33,6001215,32,bits-sq,128,512,4,transform_isolated,30,0.047282,0.04716675,0.04739875,0.976693033289624,False,True
3477e494de0e1677418b4764a19e7ba3b12289dd4ce39a5c36b60f52b30dde33,6001215,32,bits-sq,128,512,4,upload_shared,1,5.03512,5.03512,5.03512,0.9988602059136624,False,True
3477e494de0e1677418b4764a19e7ba3b12289dd4ce39a5c36b60f52b30dde33,6001215,32,bits-sq,128,512,7,download,30,0.008567499999999999,0.008515499999999999,0.0094115,0.9913043478260871,False,False
3477e494de0e1677418b4764a19e7ba3b12289dd4ce39a5c36b60f52b30dde33,6001215,32,bits-sq,128,512,7,operator,30,0.140593,0.140248,0.14107150000000002,0.8620201574758346,False,False
3477e494de0e1677418b4764a19e7ba3b12289dd4ce39a5c36b60f52b30dde33,6001215,32,bits-sq,128,512,7,output_isolated,30,0.008282,0.00808525,0.0084605,1.612593576430814,False,False
3477e494de0e1677418b4764a19e7ba3b12289dd4ce39a5c36b60f52b30dde33,6001215,32,bits-sq,128,512,7,selection_isolated,30,0.0912685,0.09106800000000001,0.09153375,0.7264280666385444,False,False
3477e494de0e1677418b4764a19e7ba3b12289dd4ce39a5c36b60f52b30dde33,6001215,32,bits-sq,128,512,7,transform_isolated,30,0.047035999999999994,0.0468885,0.0471295,0.9818011735691812,False,False
3477e494de0e1677418b4764a19e7ba3b12289dd4ce39a5c36b60f52b30dde33,6001215,32,bits-sq,128,512,7,upload_shared,1,5.093578,5.093578,5.093578,0.9873964823941048,False,False
3477e494de0e1677418b4764a19e7ba3b12289dd4ce39a5c36b60f52b30dde33,6001215,32,bits-sq,128,512,8,download,30,0.008573,0.0084855,0.008771249999999998,0.9906683774641315,True,False
3477e494de0e1677418b4764a19e7ba3b12289dd4ce39a5c36b60f52b30dde33,6001215,32,bits-sq,128,512,8,operator,30,0.12119300000000001,0.12103074999999999,0.1215965,1.0000082513016428,True,False
3477e494de0e1677418b4764a19e7ba3b12289dd4ce39a5c36b60f52b30dde33,6001215,32,bits-sq,128,512,8,output_isolated,30,0.008077500000000001,0.007967,0.00826025,1.6534199938099656,True,False
3477e494de0e1677418b4764a19e7ba3b12289dd4ce39a5c36b60f52b30dde33,6001215,32,bits-sq,128,512,8,selection_isolated,30,0.071934,0.071769,0.07218899999999999,0.9216782050212695,True,False
3477e494de0e1677418b4764a19e7ba3b12289dd4ce39a5c36b60f52b30dde33,6001215,32,bits-sq,128,512,8,transform_isolated,30,0.047326499999999994,0.0472645,0.0473995,0.9757746716955618,True,False
3477e494de0e1677418b4764a19e7ba3b12289dd4ce39a5c36b60f52b30dde33,6001215,32,bits-sq,128,512,8,upload_shared,1,5.092846,5.092846,5.092846,0.9875384019073029,True,False
3477e494de0e1677418b4764a19e7ba3b12289dd4ce39a5c36b60f52b30dde33,6001215,32,bits-sq,128,512,13,download,30,0.008628,0.0085305,0.008800750000000001,0.9843532684283728,False,False
3477e494de0e1677418b4764a19e7ba3b12289dd4ce39a5c36b60f52b30dde33,6001215,32,bits-sq,128,512,13,operator,30,0.14346750000000003,0.1432045,0.144004,0.8447488107062574,False,False
3477e494de0e1677418b4764a19e7ba3b12289dd4ce39a5c36b60f52b30dde33,6001215,32,bits-sq,128,512,13,output_isolated,30,0.0082475,0.008202000000000001,0.008372749999999998,1.6193391936950592,False,False
3477e494de0e1677418b4764a19e7ba3b12289dd4ce39a5c36b60f52b30dde33,6001215,32,bits-sq,128,512,13,selection_isolated,30,0.094132,0.09397024999999999,0.09449300000000001,0.7043300896613267,False,False
3477e494de0e1677418b4764a19e7ba3b12289dd4ce39a5c36b60f52b30dde33,6001215,32,bits-sq,128,512,13,transform_isolated,30,0.047016,0.046916,0.047131000000000006,0.9822188191254041,False,False
3477e494de0e1677418b4764a19e7ba3b12289dd4ce39a5c36b60f52b30dde33,6001215,32,bits-sq,128,512,13,upload_shared,1,5.010041,5.010041,5.010041,1.003860247850267,False,False
3477e494de0e1677418b4764a19e7ba3b12289dd4ce39a5c36b60f52b30dde33,6001215,32,bits-sq,128,512,16,download,30,0.008578,0.008493,0.008816500000000001,0.9900909302867801,False,False
3477e494de0e1677418b4764a19e7ba3b12289dd4ce39a5c36b60f52b30dde33,6001215,32,bits-sq,128,512,16,operator,30,0.1443435,0.14403375000000002,0.14471399999999998,0.8396221513265232,False,False
3477e494de0e1677418b4764a19e7ba3b12289dd4ce39a5c36b60f52b30dde33,6001215,32,bits-sq,128,512,16,output_isolated,30,0.008121999999999999,0.008052,0.00828275,1.64436099482886,False,False
3477e494de0e1677418b4764a19e7ba3b12289dd4ce39a5c36b60f52b30dde33,6001215,32,bits-sq,128,512,16,selection_isolated,30,0.095339,0.094999,0.09548725000000001,0.6954132097043183,False,False
3477e494de0e1677418b4764a19e7ba3b12289dd4ce39a5c36b60f52b30dde33,6001215,32,bits-sq,128,512,16,transform_isolated,30,0.047087000000000004,0.04689599999999999,0.0472235,0.9807377832522776,False,False
3477e494de0e1677418b4764a19e7ba3b12289dd4ce39a5c36b60f52b30dde33,6001215,32,bits-sq,128,512,16,upload_shared,1,5.082001,5.082001,5.082001,0.9896458107741419,False,False
3477e494de0e1677418b4764a19e7ba3b12289dd4ce39a5c36b60f52b30dde33,6001215,32,bits-sq,512,128,4,download,30,0.008638,0.00851525,0.00891575,0.9832137068765919,False,False
3477e494de0e1677418b4764a19e7ba3b12289dd4ce39a5c36b60f52b30dde33,6001215,32,bits-sq,512,128,4,operator,30,0.15544049999999998,0.1551375,0.155701,0.779680971175466,False,False
3477e494de0e1677418b4764a19e7ba3b12289dd4ce39a5c36b60f52b30dde33,6001215,32,bits-sq,512,128,4,output_isolated,30,0.008077,0.008022,0.008192250000000002,1.6535223474062148,False,False
3477e494de0e1677418b4764a19e7ba3b12289dd4ce39a5c36b60f52b30dde33,6001215,32,bits-sq,512,128,4,selection_isolated,30,0.10596050000000001,0.10568075,0.106437,0.625704861717338,False,False
3477e494de0e1677418b4764a19e7ba3b12289dd4ce39a5c36b60f52b30dde33,6001215,32,bits-sq,512,128,4,transform_isolated,30,0.046941,0.046791,0.04705175,0.9837881596046101,False,False
3477e494de0e1677418b4764a19e7ba3b12289dd4ce39a5c36b60f52b30dde33,6001215,32,bits-sq,512,128,4,upload_shared,1,5.093197,5.093197,5.093197,0.9874703452468067,False,False
3477e494de0e1677418b4764a19e7ba3b12289dd4ce39a5c36b60f52b30dde33,6001215,32,bits-sq,512,128,7,download,30,0.008643,0.0085855,0.0092265,0.9826449149600834,False,False
3477e494de0e1677418b4764a19e7ba3b12289dd4ce39a5c36b60f52b30dde33,6001215,32,bits-sq,512,128,7,operator,30,0.14787399999999998,0.14734075000000002,0.148164,0.8195761256204609,False,False
3477e494de0e1677418b4764a19e7ba3b12289dd4ce39a5c36b60f52b30dde33,6001215,32,bits-sq,512,128,7,output_isolated,30,0.008107,0.0080545,0.008202000000000001,1.6474034784753917,False,False
3477e494de0e1677418b4764a19e7ba3b12289dd4ce39a5c36b60f52b30dde33,6001215,32,bits-sq,512,128,7,selection_isolated,30,0.098705,0.0982415,0.09904500000000001,0.6716984955169444,False,False
3477e494de0e1677418b4764a19e7ba3b12289dd4ce39a5c36b60f52b30dde33,6001215,32,bits-sq,512,128,7,transform_isolated,30,0.047156500000000004,0.04705925,0.04729875,0.9792923563029485,False,False
3477e494de0e1677418b4764a19e7ba3b12289dd4ce39a5c36b60f52b30dde33,6001215,32,bits-sq,512,128,7,upload_shared,1,5.106077,5.106077,5.106077,0.9849794666237897,False,False
3477e494de0e1677418b4764a19e7ba3b12289dd4ce39a5c36b60f52b30dde33,6001215,32,bits-sq,512,128,8,download,30,0.008612999999999999,0.008443,0.008753,0.986067572274469,False,False
3477e494de0e1677418b4764a19e7ba3b12289dd4ce39a5c36b60f52b30dde33,6001215,32,bits-sq,512,128,8,operator,30,0.14891100000000002,0.1485875,0.1492685,0.8138686866651893,False,False
3477e494de0e1677418b4764a19e7ba3b12289dd4ce39a5c36b60f52b30dde33,6001215,32,bits-sq,512,128,8,output_isolated,30,0.008087500000000001,0.007947,0.008130249999999999,1.651375579598145,False,False
3477e494de0e1677418b4764a19e7ba3b12289dd4ce39a5c36b60f52b30dde33,6001215,32,bits-sq,512,128,8,selection_isolated,30,0.0994955,0.099216,0.09993925000000001,0.666361795257072,False,False
3477e494de0e1677418b4764a19e7ba3b12289dd4ce39a5c36b60f52b30dde33,6001215,32,bits-sq,512,128,8,transform_isolated,30,0.047151,0.047058749999999996,0.047322,0.979406587347034,False,False
3477e494de0e1677418b4764a19e7ba3b12289dd4ce39a5c36b60f52b30dde33,6001215,32,bits-sq,512,128,8,upload_shared,1,5.085656,5.085656,5.085656,0.9889345641938817,False,False
3477e494de0e1677418b4764a19e7ba3b12289dd4ce39a5c36b60f52b30dde33,6001215,32,bits-sq,512,128,13,download,30,0.008723999999999999,0.008605500000000002,0.009051499999999999,0.9735213204951858,False,False
3477e494de0e1677418b4764a19e7ba3b12289dd4ce39a5c36b60f52b30dde33,6001215,32,bits-sq,512,128,13,operator,30,0.15608650000000002,0.15557074999999998,0.15657225,0.7764540815509349,False,False
3477e494de0e1677418b4764a19e7ba3b12289dd4ce39a5c36b60f52b30dde33,6001215,32,bits-sq,512,128,13,output_isolated,30,0.008067,0.007992,0.00824225,1.6555720837981902,False,False
3477e494de0e1677418b4764a19e7ba3b12289dd4ce39a5c36b60f52b30dde33,6001215,32,bits-sq,512,128,13,selection_isolated,30,0.107002,0.106487,0.107238,0.6196145866432403,False,False
3477e494de0e1677418b4764a19e7ba3b12289dd4ce39a5c36b60f52b30dde33,6001215,32,bits-sq,512,128,13,transform_isolated,30,0.047030999999999996,0.046896,0.04715849999999999,0.9819055516574176,False,False
3477e494de0e1677418b4764a19e7ba3b12289dd4ce39a5c36b60f52b30dde33,6001215,32,bits-sq,512,128,13,upload_shared,1,5.08856,5.08856,5.08856,0.9883701872435423,False,False
3477e494de0e1677418b4764a19e7ba3b12289dd4ce39a5c36b60f52b30dde33,6001215,32,bits-sq,512,128,16,download,30,0.008628,0.008532250000000002,0.0092965,0.9843532684283728,False,False
3477e494de0e1677418b4764a19e7ba3b12289dd4ce39a5c36b60f52b30dde33,6001215,32,bits-sq,512,128,16,operator,30,0.15741900000000003,0.15719575,0.15808975,0.7698816534217596,False,False
3477e494de0e1677418b4764a19e7ba3b12289dd4ce39a5c36b60f52b30dde33,6001215,32,bits-sq,512,128,16,output_isolated,30,0.0081075,0.008007,0.008237,1.6473018809744062,False,False
3477e494de0e1677418b4764a19e7ba3b12289dd4ce39a5c36b60f52b30dde33,6001215,32,bits-sq,512,128,16,selection_isolated,30,0.108264,0.10796575000000001,0.10859749999999999,0.6123919308357348,False,False
3477e494de0e1677418b4764a19e7ba3b12289dd4ce39a5c36b60f52b30dde33,6001215,32,bits-sq,512,128,16,transform_isolated,30,0.047090999999999994,0.046945999999999995,0.047316000000000004,0.9806544775010088,False,False
3477e494de0e1677418b4764a19e7ba3b12289dd4ce39a5c36b60f52b30dde33,6001215,32,bits-sq,512,128,16,upload_shared,1,5.082301,5.082301,5.082301,0.9895873935841265,False,False
3477e494de0e1677418b4764a19e7ba3b12289dd4ce39a5c36b60f52b30dde33,6001215,32,bits-sq,512,256,4,download,30,0.008728,0.008558,0.0093115,0.9730751604032998,False,False
3477e494de0e1677418b4764a19e7ba3b12289dd4ce39a5c36b60f52b30dde33,6001215,32,bits-sq,512,256,4,operator,30,0.149507,0.14894325,0.15029700000000001,0.810624251707278,False,False
3477e494de0e1677418b4764a19e7ba3b12289dd4ce39a5c36b60f52b30dde33,6001215,32,bits-sq,512,256,4,output_isolated,30,0.008107,0.0080045,0.0083705,1.6474034784753917,False,False
3477e494de0e1677418b4764a19e7ba3b12289dd4ce39a5c36b60f52b30dde33,6001215,32,bits-sq,512,256,4,selection_isolated,30,0.100277,0.09994199999999999,0.10075474999999999,0.6611685630802676,False,False
3477e494de0e1677418b4764a19e7ba3b12289dd4ce39a5c36b60f52b30dde33,6001215,32,bits-sq,512,256,4,transform_isolated,30,0.047101500000000004,0.046963500000000005,0.047261750000000005,0.9804358672229121,False,False
3477e494de0e1677418b4764a19e7ba3b12289dd4ce39a5c36b60f52b30dde33,6001215,32,bits-sq,512,256,4,upload_shared,1,5.081038,5.081038,5.081038,0.9898333765659693,False,False
3477e494de0e1677418b4764a19e7ba3b12289dd4ce39a5c36b60f52b30dde33,6001215,32,bits-sq,512,256,7,download,30,0.008723,0.008578,0.00926125,0.9736329244525966,False,False
3477e494de0e1677418b4764a19e7ba3b12289dd4ce39a5c36b60f52b30dde33,6001215,32,bits-sq,512,256,7,operator,30,0.148165,0.147814,0.14865075,0.8179664563155942,False,False
3477e494de0e1677418b4764a19e7ba3b12289dd4ce39a5c36b60f52b30dde33,6001215,32,bits-sq,512,256,7,output_isolated,30,0.008187,0.008012,0.00848525,1.6313057285941126,False,False
3477e494de0e1677418b4764a19e7ba3b12289dd4ce39a5c36b60f52b30dde33,6001215,32,bits-sq,512,256,7,selection_isolated,30,0.099636,0.09936275,0.100242,0.6654221365771408,False,False
3477e494de0e1677418b4764a19e7ba3b12289dd4ce39a5c36b60f52b30dde33,6001215,32,bits-sq,512,256,7,transform_isolated,30,0.046521,0.04644349999999999,0.046627499999999995,0.9926699769996346,False,False
3477e494de0e1677418b4764a19e7ba3b12289dd4ce39a5c36b60f52b30dde33,6001215,32,bits-sq,512,256,7,upload_shared,1,5.096532,5.096532,5.096532,0.986824177695735,False,False
3477e494de0e1677418b4764a19e7ba3b12289dd4ce39a5c36b60f52b30dde33,6001215,32,bits-sq,512,256,8,download,30,0.008663500000000001,0.00853525,0.00892825,0.9803197322098458,False,False
3477e494de0e1677418b4764a19e7ba3b12289dd4ce39a5c36b60f52b30dde33,6001215,32,bits-sq,512,256,8,operator,30,0.147649,0.147178,0.14830749999999998,0.820825064849745,False,False
3477e494de0e1677418b4764a19e7ba3b12289dd4ce39a5c36b60f52b30dde33,6001215,32,bits-sq,512,256,8,output_isolated,30,0.0081225,0.008049500000000001,0.00837275,1.6442597722376115,False,False
3477e494de0e1677418b4764a19e7ba3b12289dd4ce39a5c36b60f52b30dde33,6001215,32,bits-sq,512,256,8,selection_isolated,30,0.09927,0.0990025,0.09971125,0.66787549108492,False,False
3477e494de0e1677418b4764a19e7ba3b12289dd4ce39a5c36b60f52b30dde33,6001215,32,bits-sq,512,256,8,transform_isolated,30,0.0463505,0.0462325,0.04658325,0.9963215067798621,False,False
3477e494de0e1677418b4764a19e7ba3b12289dd4ce39a5c36b60f52b30dde33,6001215,32,bits-sq,512,256,8,upload_shared,1,5.080278,5.080278,5.080278,0.9899814537708369,False,False
3477e494de0e1677418b4764a19e7ba3b12289dd4ce39a5c36b60f52b30dde33,6001215,32,bits-sq,512,256,13,download,30,0.008598000000000001,0.0084955,0.008758,0.9877878576413118,False,False
3477e494de0e1677418b4764a19e7ba3b12289dd4ce39a5c36b60f52b30dde33,6001215,32,bits-sq,512,256,13,operator,30,0.1495365,0.149196,0.15029775,0.8104643347945152,False,False
3477e494de0e1677418b4764a19e7ba3b12289dd4ce39a5c36b60f52b30dde33,6001215,32,bits-sq,512,256,13,output_isolated,30,0.0082675,0.008155250000000001,0.00838275,1.6154218324765646,False,False
3477e494de0e1677418b4764a19e7ba3b12289dd4ce39a5c36b60f52b30dde33,6001215,32,bits-sq,512,256,13,selection_isolated,30,0.100893,0.10045700000000002,0.10133075,0.6571318129107074,False,False
3477e494de0e1677418b4764a19e7ba3b12289dd4ce39a5c36b60f52b30dde33,6001215,32,bits-sq,512,256,13,transform_isolated,30,0.046376,0.04629025,0.046475,0.9957736760393306,False,False
3477e494de0e1677418b4764a19e7ba3b12289dd4ce39a5c36b60f52b30dde33,6001215,32,bits-sq,512,256,13,upload_shared,1,5.078916,5.078916,5.078916,0.9902469345821037,False,False
3477e494de0e1677418b4764a19e7ba3b12289dd4ce39a5c36b60f52b30dde33,6001215,32,bits-sq,512,256,16,download,30,0.008778000000000001,0.008583,0.009211500000000001,0.9675324675324675,False,False
3477e494de0e1677418b4764a19e7ba3b12289dd4ce39a5c36b60f52b30dde33,6001215,32,bits-sq,512,256,16,operator,30,0.150422,0.150248,0.15121400000000002,0.8056933161372672,False,False
3477e494de0e1677418b4764a19e7ba3b12289dd4ce39a5c36b60f52b30dde33,6001215,32,bits-sq,512,256,16,output_isolated,30,0.0082225,0.008102,0.0083905,1.624262693827911,False,False
3477e494de0e1677418b4764a19e7ba3b12289dd4ce39a5c36b60f52b30dde33,6001215,32,bits-sq,512,256,16,selection_isolated,30,0.1020045,0.1015865,0.102465,0.6499713247944944,False,False
3477e494de0e1677418b4764a19e7ba3b12289dd4ce39a5c36b60f52b30dde33,6001215,32,bits-sq,512,256,16,transform_isolated,30,0.046671000000000004,0.04655025,0.046770250000000006,0.9894795483276552,False,False
3477e494de0e1677418b4764a19e7ba3b12289dd4ce39a5c36b60f52b30dde33,6001215,32,bits-sq,512,256,16,upload_shared,1,5.089733,5.089733,5.089733,0.988142403540618,False,False
3477e494de0e1677418b4764a19e7ba3b12289dd4ce39a5c36b60f52b30dde33,6001215,32,bits-sq,512,512,4,download,30,0.008573,0.0084555,0.008898749999999999,0.9906683774641315,False,False
3477e494de0e1677418b4764a19e7ba3b12289dd4ce39a5c36b60f52b30dde33,6001215,32,bits-sq,512,512,4,operator,30,0.164389,0.163708,0.166437,0.7372391096727884,False,False
3477e494de0e1677418b4764a19e7ba3b12289dd4ce39a5c36b60f52b30dde33,6001215,32,bits-sq,512,512,4,output_isolated,30,0.008032500000000001,0.007982000000000001,0.0081405,1.6626828509181446,False,False
3477e494de0e1677418b4764a19e7ba3b12289dd4ce39a5c36b60f52b30dde33,6001215,32,bits-sq,512,512,4,selection_isolated,30,0.1153145,0.11507675,0.11587575,0.5749493775717711,False,False
3477e494de0e1677418b4764a19e7ba3b12289dd4ce39a5c36b60f52b30dde33,6001215,32,bits-sq,512,512,4,transform_isolated,30,0.0463205,0.04623,0.046447749999999996,0.9969667857644023,False,False
3477e494de0e1677418b4764a19e7ba3b12289dd4ce39a5c36b60f52b30dde33,6001215,32,bits-sq,512,512,4,upload_shared,1,5.082681,5.082681,5.082681,0.989513408376406,False,False
3477e494de0e1677418b4764a19e7ba3b12289dd4ce39a5c36b60f52b30dde33,6001215,32,bits-sq,512,512,7,download,30,0.008563,0.0084955,0.0089965,0.9918252948732922,False,False
3477e494de0e1677418b4764a19e7ba3b12289dd4ce39a5c36b60f52b30dde33,6001215,32,bits-sq,512,512,7,operator,30,0.19624200000000003,0.19593200000000002,0.1967855,0.6175742195860213,False,False
3477e494de0e1677418b4764a19e7ba3b12289dd4ce39a5c36b60f52b30dde33,6001215,32,bits-sq,512,512,7,output_isolated,30,0.008251999999999999,0.008114499999999998,0.0084555,1.6184561318468251,False,False
3477e494de0e1677418b4764a19e7ba3b12289dd4ce39a5c36b60f52b30dde33,6001215,32,bits-sq,512,512,7,selection_isolated,30,0.147779,0.14764625,0.14804675,0.44864290596092815,False,False
3477e494de0e1677418b4764a19e7ba3b12289dd4ce39a5c36b60f52b30dde33,6001215,32,bits-sq,512,512,7,transform_isolated,30,0.04629,0.046115,0.046492750000000006,0.9976236768200476,False,False
3477e494de0e1677418b4764a19e7ba3b12289dd4ce39a5c36b60f52b30dde33,6001215,32,bits-sq,512,512,7,upload_shared,1,5.026527000000001,5.026527000000001,5.026527000000001,1.000567787659352,False,False
3477e494de0e1677418b4764a19e7ba3b12289dd4ce39a5c36b60f52b30dde33,6001215,32,bits-sq,512,512,8,download,30,0.008553,0.00846225,0.00883075,0.9929849175727815,False,False
3477e494de0e1677418b4764a19e7ba3b12289dd4ce39a5c36b60f52b30dde33,6001215,32,bits-sq,512,512,8,operator,30,0.16432950000000002,0.1636805,0.16649275,0.7375060473013062,False,False
3477e494de0e1677418b4764a19e7ba3b12289dd4ce39a5c36b60f52b30dde33,6001215,32,bits-sq,512,512,8,output_isolated,30,0.008412,0.00818525,0.008548,1.587672372800761,False,False
3477e494de0e1677418b4764a19e7ba3b12289dd4ce39a5c36b60f52b30dde33,6001215,32,bits-sq,512,512,8,selection_isolated,30,0.1155255,0.11452899999999999,0.1175955,0.57389926899256,False,False
3477e494de0e1677418b4764a19e7ba3b12289dd4ce39a5c36b60f52b30dde33,6001215,32,bits-sq,512,512,8,transform_isolated,30,0.046645500000000006,0.046572749999999996,0.046851000000000004,0.9900204735719415,False,False
3477e494de0e1677418b4764a19e7ba3b12289dd4ce39a5c36b60f52b30dde33,6001215,32,bits-sq,512,512,8,upload_shared,1,5.010071,5.010071,5.010071,1.003854236796245,False,False
3477e494de0e1677418b4764a19e7ba3b12289dd4ce39a5c36b60f52b30dde33,6001215,32,bits-sq,512,512,13,download,30,0.008657999999999999,0.0084855,0.008828750000000002,0.9809424809424812,False,False
3477e494de0e1677418b4764a19e7ba3b12289dd4ce39a5c36b60f52b30dde33,6001215,32,bits-sq,512,512,13,operator,30,0.196218,0.196072,0.1968255,0.6176497569030365,False,False
3477e494de0e1677418b4764a19e7ba3b12289dd4ce39a5c36b60f52b30dde33,6001215,32,bits-sq,512,512,13,output_isolated,30,0.0081625,0.007999500000000001,0.0083705,1.6362021439509955,False,False
3477e494de0e1677418b4764a19e7ba3b12289dd4ce39a5c36b60f52b30dde33,6001215,32,bits-sq,512,512,13,selection_isolated,30,0.147929,0.14766075,0.14816924999999997,0.4481879820724807,False,False
3477e494de0e1677418b4764a19e7ba3b12289dd4ce39a5c36b60f52b30dde33,6001215,32,bits-sq,512,512,13,transform_isolated,30,0.046155,0.046049,0.04625750000000001,1.0005416531253384,False,False
3477e494de0e1677418b4764a19e7ba3b12289dd4ce39a5c36b60f52b30dde33,6001215,32,bits-sq,512,512,13,upload_shared,1,5.083884,5.083884,5.083884,0.9892792597156032,False,False
3477e494de0e1677418b4764a19e7ba3b12289dd4ce39a5c36b60f52b30dde33,6001215,32,bits-sq,512,512,16,download,30,0.0086085,0.008503,0.00904125,0.9865830284021607,False,False
3477e494de0e1677418b4764a19e7ba3b12289dd4ce39a5c36b60f52b30dde33,6001215,32,bits-sq,512,512,16,operator,30,0.1990615,0.198601,0.19954275,0.6088269203236186,False,False
3477e494de0e1677418b4764a19e7ba3b12289dd4ce39a5c36b60f52b30dde33,6001215,32,bits-sq,512,512,16,output_isolated,30,0.0082825,0.008107,0.0083905,1.612496226984606,False,False
3477e494de0e1677418b4764a19e7ba3b12289dd4ce39a5c36b60f52b30dde33,6001215,32,bits-sq,512,512,16,selection_isolated,30,0.150448,0.15019025,0.15070625,0.44068382431138997,False,False
3477e494de0e1677418b4764a19e7ba3b12289dd4ce39a5c36b60f52b30dde33,6001215,32,bits-sq,512,512,16,transform_isolated,30,0.0462405,0.0461525,0.04629,0.9986916231442134,False,False
3477e494de0e1677418b4764a19e7ba3b12289dd4ce39a5c36b60f52b30dde33,6001215,32,bits-sq,512,512,16,upload_shared,1,5.070402,5.070402,5.070402,0.9919097144565658,False,False
3477e494de0e1677418b4764a19e7ba3b12289dd4ce39a5c36b60f52b30dde33,6001215,32,block-select,1,128,2,download,30,0.015467999999999999,0.014373750000000001,0.0160915,0.5490690457719163,False,False
3477e494de0e1677418b4764a19e7ba3b12289dd4ce39a5c36b60f52b30dde33,6001215,32,block-select,1,128,2,operator,30,22.184626,22.116134249999998,22.2349215,0.005462972420630395,False,False
3477e494de0e1677418b4764a19e7ba3b12289dd4ce39a5c36b60f52b30dde33,6001215,32,block-select,1,128,2,output_isolated,30,0.016614999999999998,0.015929,0.017128499999999998,0.8038218477279567,False,False
3477e494de0e1677418b4764a19e7ba3b12289dd4ce39a5c36b60f52b30dde33,6001215,32,block-select,1,128,2,selection_isolated,30,22.146822999999998,22.07547025,22.185857,0.00299365737469433,False,False
3477e494de0e1677418b4764a19e7ba3b12289dd4ce39a5c36b60f52b30dde33,6001215,32,block-select,1,128,2,transform_isolated,30,0.048338000000000006,0.04810550000000001,0.04854125,0.9553560345897636,False,False
3477e494de0e1677418b4764a19e7ba3b12289dd4ce39a5c36b60f52b30dde33,6001215,32,block-select,1,128,2,upload_shared,1,5.029381,5.029381,5.029381,1.0,False,False
3477e494de0e1677418b4764a19e7ba3b12289dd4ce39a5c36b60f52b30dde33,6001215,32,grid-select,1,0,0,download,30,0.008603000000000001,0.00846225,0.008810499999999999,0.9872137626409391,True,True
3477e494de0e1677418b4764a19e7ba3b12289dd4ce39a5c36b60f52b30dde33,6001215,32,grid-select,1,0,0,operator,30,0.1304075,0.13001675,0.13090575,0.9293483887046374,True,True
3477e494de0e1677418b4764a19e7ba3b12289dd4ce39a5c36b60f52b30dde33,6001215,32,grid-select,1,0,0,output_isolated,30,0.0081125,0.00801025,0.00827775,1.646286594761171,True,True
3477e494de0e1677418b4764a19e7ba3b12289dd4ce39a5c36b60f52b30dde33,6001215,32,grid-select,1,0,0,selection_isolated,30,0.083181,0.082915,0.08347850000000001,0.7970570202329859,True,True
3477e494de0e1677418b4764a19e7ba3b12289dd4ce39a5c36b60f52b30dde33,6001215,32,grid-select,1,0,0,transform_isolated,30,0.046896,0.046807749999999995,0.046988749999999996,0.9847321733196861,True,True
3477e494de0e1677418b4764a19e7ba3b12289dd4ce39a5c36b60f52b30dde33,6001215,32,grid-select,1,0,0,upload_shared,1,5.029381,5.029381,5.029381,1.0,True,True
3477e494de0e1677418b4764a19e7ba3b12289dd4ce39a5c36b60f52b30dde33,6001215,64,air-topk,1,512,0,download,30,0.008657999999999999,0.008525499999999998,0.008783749999999998,1.0,True,True
3477e494de0e1677418b4764a19e7ba3b12289dd4ce39a5c36b60f52b30dde33,6001215,64,air-topk,1,512,0,operator,30,0.119155,0.1186015,0.11969125000000001,1.0,True,True
3477e494de0e1677418b4764a19e7ba3b12289dd4ce39a5c36b60f52b30dde33,6001215,64,air-topk,1,512,0,output_isolated,30,0.0143765,0.01421925,0.014521999999999998,1.0,True,True
3477e494de0e1677418b4764a19e7ba3b12289dd4ce39a5c36b60f52b30dde33,6001215,64,air-topk,1,512,0,selection_isolated,30,0.063467,0.063121,0.06368375,1.0,True,True
3477e494de0e1677418b4764a19e7ba3b12289dd4ce39a5c36b60f52b30dde33,6001215,64,air-topk,1,512,0,transform_isolated,30,0.046315999999999996,0.046155,0.046400000000000004,1.0,True,True
3477e494de0e1677418b4764a19e7ba3b12289dd4ce39a5c36b60f52b30dde33,6001215,64,air-topk,1,512,0,upload_shared,1,5.012856,5.012856,5.012856,1.0,True,True
3477e494de0e1677418b4764a19e7ba3b12289dd4ce39a5c36b60f52b30dde33,6001215,64,bits-prefetch,1,128,4,download,30,0.011987999999999999,0.011289500000000001,0.01305425,0.7222222222222222,False,False
3477e494de0e1677418b4764a19e7ba3b12289dd4ce39a5c36b60f52b30dde33,6001215,64,bits-prefetch,1,128,4,operator,30,7.348905,7.347453250000001,7.3494262500000005,0.016213980177999306,False,False
3477e494de0e1677418b4764a19e7ba3b12289dd4ce39a5c36b60f52b30dde33,6001215,64,bits-prefetch,1,128,4,output_isolated,30,0.012028,0.01140275,0.012755,1.1952527435982707,False,False
3477e494de0e1677418b4764a19e7ba3b12289dd4ce39a5c36b60f52b30dde33,6001215,64,bits-prefetch,1,128,4,selection_isolated,30,7.295775,7.2947482500000005,7.297452,0.008699144367801913,False,False
3477e494de0e1677418b4764a19e7ba3b12289dd4ce39a5c36b60f52b30dde33,6001215,64,bits-prefetch,1,128,4,transform_isolated,30,0.047928,0.04774475,0.04813975,0.9663662159906526,False,False
3477e494de0e1677418b4764a19e7ba3b12289dd4ce39a5c36b60f52b30dde33,6001215,64,bits-prefetch,1,128,4,upload_shared,1,5.067709,5.067709,5.067709,0.9891759767579394,False,False
3477e494de0e1677418b4764a19e7ba3b12289dd4ce39a5c36b60f52b30dde33,6001215,64,bits-prefetch,1,128,7,download,30,0.010411,0.010080750000000001,0.01148275,0.831620401498415,False,False
3477e494de0e1677418b4764a19e7ba3b12289dd4ce39a5c36b60f52b30dde33,6001215,64,bits-prefetch,1,128,7,operator,30,4.5965045,4.595618,4.59726075,0.025922959501073043,False,False
3477e494de0e1677418b4764a19e7ba3b12289dd4ce39a5c36b60f52b30dde33,6001215,64,bits-prefetch,1,128,7,output_isolated,30,0.011011,0.010252749999999998,0.0112645,1.3056488965579875,False,False
3477e494de0e1677418b4764a19e7ba3b12289dd4ce39a5c36b60f52b30dde33,6001215,64,bits-prefetch,1,128,7,selection_isolated,30,4.544486,4.5437725,4.5449595,0.0139657158147258,False,False
3477e494de0e1677418b4764a19e7ba3b12289dd4ce39a5c36b60f52b30dde33,6001215,64,bits-prefetch,1,128,7,transform_isolated,30,0.0477525,0.04763775,0.048028,0.9699178053505051,False,False
3477e494de0e1677418b4764a19e7ba3b12289dd4ce39a5c36b60f52b30dde33,6001215,64,bits-prefetch,1,128,7,upload_shared,1,5.107239000000001,5.107239000000001,5.107239000000001,0.9815197604811522,False,False
3477e494de0e1677418b4764a19e7ba3b12289dd4ce39a5c36b60f52b30dde33,6001215,64,bits-prefetch,1,128,8,download,30,0.0101755,0.009859999999999999,0.011356999999999999,0.8508672792491768,False,False
3477e494de0e1677418b4764a19e7ba3b12289dd4ce39a5c36b60f52b30dde33,6001215,64,bits-prefetch,1,128,8,operator,30,4.266976,4.266074,4.267907,0.027924928567678847,False,False
3477e494de0e1677418b4764a19e7ba3b12289dd4ce39a5c36b60f52b30dde33,6001215,64,bits-prefetch,1,128,8,output_isolated,30,0.010621,0.010301,0.011077,1.3535919404952452,False,False
3477e494de0e1677418b4764a19e7ba3b12289dd4ce39a5c36b60f52b30dde33,6001215,64,bits-prefetch,1,128,8,selection_isolated,30,4.2147165,4.21424325,4.215312000000001,0.015058426824200393,False,False
3477e494de0e1677418b4764a19e7ba3b12289dd4ce39a5c36b60f52b30dde33,6001215,64,bits-prefetch,1,128,8,transform_isolated,30,0.0479475,0.047742,0.0480855,0.965973199854007,False,False
3477e494de0e1677418b4764a19e7ba3b12289dd4ce39a5c36b60f52b30dde33,6001215,64,bits-prefetch,1,128,8,upload_shared,1,5.014047,5.014047,5.014047,0.9997624673242992,False,False
3477e494de0e1677418b4764a19e7ba3b12289dd4ce39a5c36b60f52b30dde33,6001215,64,bits-prefetch,1,128,13,download,30,0.010211,0.0098725,0.011012,0.8479091176182547,False,False
3477e494de0e1677418b4764a19e7ba3b12289dd4ce39a5c36b60f52b30dde33,6001215,64,bits-prefetch,1,128,13,operator,30,3.5899345,3.5893414999999997,3.59105625,0.03319141338094051,False,False
3477e494de0e1677418b4764a19e7ba3b12289dd4ce39a5c36b60f52b30dde33,6001215,64,bits-prefetch,1,128,13,output_isolated,30,0.010591,0.009805,0.0111145,1.3574261165140213,False,False
3477e494de0e1677418b4764a19e7ba3b12289dd4ce39a5c36b60f52b30dde33,6001215,64,bits-prefetch,1,128,13,selection_isolated,30,3.538622,3.53802125,3.5391855000000003,0.01793551275044353,False,False
3477e494de0e1677418b4764a19e7ba3b12289dd4ce39a5c36b60f52b30dde33,6001215,64,bits-prefetch,1,128,13,transform_isolated,30,0.047712,0.0476445,0.04790775,0.9707411133467471,False,False
3477e494de0e1677418b4764a19e7ba3b12289dd4ce39a5c36b60f52b30dde33,6001215,64,bits-prefetch,1,128,13,upload_shared,1,5.094789,5.094789,5.094789,0.9839182741424621,False,False
3477e494de0e1677418b4764a19e7ba3b12289dd4ce39a5c36b60f52b30dde33,6001215,64,bits-prefetch,1,128,16,download,30,0.00996,0.009434,0.01040825,0.8692771084337348,False,False
3477e494de0e1677418b4764a19e7ba3b12289dd4ce39a5c36b60f52b30dde33,6001215,64,bits-prefetch,1,128,16,operator,30,3.2422075,3.24116875,3.2428715,0.03675119498058036,False,False
3477e494de0e1677418b4764a19e7ba3b12289dd4ce39a5c36b60f52b30dde33,6001215,64,bits-prefetch,1,128,16,output_isolated,30,0.010315,0.009815,0.010846,1.3937469704314107,False,False
3477e494de0e1677418b4764a19e7ba3b12289dd4ce39a5c36b60f52b30dde33,6001215,64,bits-prefetch,1,128,16,selection_isolated,30,3.190049,3.18944475,3.19130075,0.01989530568339232,False,False
3477e494de0e1677418b4764a19e7ba3b12289dd4ce39a5c36b60f52b30dde33,6001215,64,bits-prefetch,1,128,16,transform_isolated,30,0.047827499999999995,0.0476295,0.047927750000000005,0.968396842820553,False,False
3477e494de0e1677418b4764a19e7ba3b12289dd4ce39a5c36b60f52b30dde33,6001215,64,bits-prefetch,1,128,16,upload_shared,1,5.087859,5.087859,5.087859,0.985258435817502,False,False
3477e494de0e1677418b4764a19e7ba3b12289dd4ce39a5c36b60f52b30dde33,6001215,64,bits-prefetch,1,256,4,download,30,0.010381000000000001,0.0097675,0.010931,0.8340236971390037,False,False
3477e494de0e1677418b4764a19e7ba3b12289dd4ce39a5c36b60f52b30dde33,6001215,64,bits-prefetch,1,256,4,operator,30,4.022088999999999,4.02155575,4.02298575,0.029625152501598053,False,False
3477e494de0e1677418b4764a19e7ba3b12289dd4ce39a5c36b60f52b30dde33,6001215,64,bits-prefetch,1,256,4,output_isolated,30,0.011016999999999999,0.01045525,0.011432749999999998,1.3049378233638924,False,False
3477e494de0e1677418b4764a19e7ba3b12289dd4ce39a5c36b60f52b30dde33,6001215,64,bits-prefetch,1,256,4,selection_isolated,30,3.970261,3.9697250000000004,3.97094675,0.015985598931657137,False,False
3477e494de0e1677418b4764a19e7ba3b12289dd4ce39a5c36b60f52b30dde33,6001215,64,bits-prefetch,1,256,4,transform_isolated,30,0.0477775,0.047602000000000005,0.0479105,0.9694102872691119,False,False
3477e494de0e1677418b4764a19e7ba3b12289dd4ce39a5c36b60f52b30dde33,6001215,64,bits-prefetch,1,256,4,upload_shared,1,5.096152,5.096152,5.096152,0.9836551186071374,False,False
3477e494de0e1677418b4764a19e7ba3b12289dd4ce39a5c36b60f52b30dde33,6001215,64,bits-prefetch,1,256,7,download,30,0.009795,0.009556499999999999,0.01062175,0.8839203675344562,False,False
3477e494de0e1677418b4764a19e7ba3b12289dd4ce39a5c36b60f52b30dde33,6001215,64,bits-prefetch,1,256,7,operator,30,2.600726,2.59992175,2.6011035,0.04581605290215117,False,False
3477e494de0e1677418b4764a19e7ba3b12289dd4ce39a5c36b60f52b30dde33,6001215,64,bits-prefetch,1,256,7,output_isolated,30,0.00996,0.009551500000000001,0.010616,1.4434236947791166,False,False
3477e494de0e1677418b4764a19e7ba3b12289dd4ce39a5c36b60f52b30dde33,6001215,64,bits-prefetch,1,256,7,selection_isolated,30,2.5492974999999998,2.5490102500000003,2.54988325,0.024895878178203996,False,False
3477e494de0e1677418b4764a19e7ba3b12289dd4ce39a5c36b60f52b30dde33,6001215,64,bits-prefetch,1,256,7,transform_isolated,30,0.0477775,0.047646999999999995,0.04796475,0.9694102872691119,False,False
3477e494de0e1677418b4764a19e7ba3b12289dd4ce39a5c36b60f52b30dde33,6001215,64,bits-prefetch,1,256,7,upload_shared,1,5.0674980000000005,5.0674980000000005,5.0674980000000005,0.989217163973227,False,False
3477e494de0e1677418b4764a19e7ba3b12289dd4ce39a5c36b60f52b30dde33,6001215,64,bits-prefetch,1,256,8,download,30,0.010155,0.00964425,0.010698500000000001,0.8525849335302805,False,False
3477e494de0e1677418b4764a19e7ba3b12289dd4ce39a5c36b60f52b30dde33,6001215,64,bits-prefetch,1,256,8,operator,30,2.4505935,2.4502295,2.45108475,0.048622915224414004,False,False
3477e494de0e1677418b4764a19e7ba3b12289dd4ce39a5c36b60f52b30dde33,6001215,64,bits-prefetch,1,256,8,output_isolated,30,0.0095245,0.0091865,0.0098275,1.5094230668276551,False,False
3477e494de0e1677418b4764a19e7ba3b12289dd4ce39a5c36b60f52b30dde33,6001215,64,bits-prefetch,1,256,8,selection_isolated,30,2.39888,2.3984625,2.39921,0.026456929900620287,False,False
3477e494de0e1677418b4764a19e7ba3b12289dd4ce39a5c36b60f52b30dde33,6001215,64,bits-prefetch,1,256,8,transform_isolated,30,0.0477875,0.04764775,0.047972,0.9692074287208998,False,False
3477e494de0e1677418b4764a19e7ba3b12289dd4ce39a5c36b60f52b30dde33,6001215,64,bits-prefetch,1,256,8,upload_shared,1,5.031695,5.031695,5.031695,0.9962559336366772,False,False
3477e494de0e1677418b4764a19e7ba3b12289dd4ce39a5c36b60f52b30dde33,6001215,64,bits-prefetch,1,256,13,download,30,0.00953,0.0090265,0.010172500000000001,0.9084994753410282,False,False
3477e494de0e1677418b4764a19e7ba3b12289dd4ce39a5c36b60f52b30dde33,6001215,64,bits-prefetch,1,256,13,operator,30,2.0924704999999997,2.0917325,2.09310925,0.05694464987678441,False,False
3477e494de0e1677418b4764a19e7ba3b12289dd4ce39a5c36b60f52b30dde33,6001215,64,bits-prefetch,1,256,13,output_isolated,30,0.009479,0.009304,0.0097775,1.5166684249393396,False,False
3477e494de0e1677418b4764a19e7ba3b12289dd4ce39a5c36b60f52b30dde33,6001215,64,bits-prefetch,1,256,13,selection_isolated,30,2.041248,2.0408002499999998,2.041829,0.0310922533665679,False,False
3477e494de0e1677418b4764a19e7ba3b12289dd4ce39a5c36b60f52b30dde33,6001215,64,bits-prefetch,1,256,13,transform_isolated,30,0.047693,0.047517000000000004,0.04786525,0.9711278384668609,False,False
3477e494de0e1677418b4764a19e7ba3b12289dd4ce39a5c36b60f52b30dde33,6001215,64,bits-prefetch,1,256,13,upload_shared,1,5.0893120000000005,5.0893120000000005,5.0893120000000005,0.9849771442583988,False,False
3477e494de0e1677418b4764a19e7ba3b12289dd4ce39a5c36b60f52b30dde33,6001215,64,bits-prefetch,1,256,16,download,30,0.009584500000000001,0.009259,0.010012499999999999,0.9033335072252072,False,False
3477e494de0e1677418b4764a19e7ba3b12289dd4ce39a5c36b60f52b30dde33,6001215,64,bits-prefetch,1,256,16,operator,30,2.0170515,2.0164635,2.0176895,0.059073851113865955,False,False
3477e494de0e1677418b4764a19e7ba3b12289dd4ce39a5c36b60f52b30dde33,6001215,64,bits-prefetch,1,256,16,output_isolated,30,0.009413999999999999,0.0092415,0.01019775,1.5271404291480777,False,False
3477e494de0e1677418b4764a19e7ba3b12289dd4ce39a5c36b60f52b30dde33,6001215,64,bits-prefetch,1,256,16,selection_isolated,30,1.9656835000000001,1.9651504999999998,1.96616925,0.032287496944447054,False,False
3477e494de0e1677418b4764a19e7ba3b12289dd4ce39a5c36b60f52b30dde33,6001215,64,bits-prefetch,1,256,16,transform_isolated,30,0.047812499999999994,0.047627,0.047955250000000005,0.9687006535947713,False,False
3477e494de0e1677418b4764a19e7ba3b12289dd4ce39a5c36b60f52b30dde33,6001215,64,bits-prefetch,1,256,16,upload_shared,1,5.074268,5.074268,5.074268,0.9878973676597295,False,False
3477e494de0e1677418b4764a19e7ba3b12289dd4ce39a5c36b60f52b30dde33,6001215,64,bits-prefetch,1,512,4,download,30,0.009785,0.0092415,0.010386,0.8848237097598364,False,False
3477e494de0e1677418b4764a19e7ba3b12289dd4ce39a5c36b60f52b30dde33,6001215,64,bits-prefetch,1,512,4,operator,30,2.16193,2.1613675,2.162732,0.05511510548445139,False,False
3477e494de0e1677418b4764a19e7ba3b12289dd4ce39a5c36b60f52b30dde33,6001215,64,bits-prefetch,1,512,4,output_isolated,30,0.009694000000000001,0.009171499999999999,0.0102435,1.4830307406643284,False,False
3477e494de0e1677418b4764a19e7ba3b12289dd4ce39a5c36b60f52b30dde33,6001215,64,bits-prefetch,1,512,4,selection_isolated,30,2.110844,2.1102495,2.11141725,0.030067120071402713,False,False
3477e494de0e1677418b4764a19e7ba3b12289dd4ce39a5c36b60f52b30dde33,6001215,64,bits-prefetch,1,512,4,transform_isolated,30,0.047703,0.047576999999999994,0.047849499999999996,0.9709242605286877,False,False
3477e494de0e1677418b4764a19e7ba3b12289dd4ce39a5c36b60f52b30dde33,6001215,64,bits-prefetch,1,512,4,upload_shared,1,5.101439999999999,5.101439999999999,5.101439999999999,0.9826354911554387,False,False
3477e494de0e1677418b4764a19e7ba3b12289dd4ce39a5c36b60f52b30dde33,6001215,64,bits-prefetch,1,512,7,download,30,0.009089,0.008610500000000002,0.0102275,0.9525800418087798,False,False
3477e494de0e1677418b4764a19e7ba3b12289dd4ce39a5c36b60f52b30dde33,6001215,64,bits-prefetch,1,512,7,operator,30,1.601551,1.6009285,1.6019177500000001,0.07439975373871953,False,False
3477e494de0e1677418b4764a19e7ba3b12289dd4ce39a5c36b60f52b30dde33,6001215,64,bits-prefetch,1,512,7,output_isolated,30,0.009454,0.009060750000000001,0.009985,1.5206790776390946,False,False
3477e494de0e1677418b4764a19e7ba3b12289dd4ce39a5c36b60f52b30dde33,6001215,64,bits-prefetch,1,512,7,selection_isolated,30,1.5507495,1.5504790000000002,1.5511525,0.0409266615917013,False,False
3477e494de0e1677418b4764a19e7ba3b12289dd4ce39a5c36b60f52b30dde33,6001215,64,bits-prefetch,1,512,7,transform_isolated,30,0.047642000000000004,0.04750700000000001,0.04793275,0.9721674153058224,False,False
3477e494de0e1677418b4764a19e7ba3b12289dd4ce39a5c36b60f52b30dde33,6001215,64,bits-prefetch,1,512,7,upload_shared,1,5.077023,5.077023,5.077023,0.987361294207255,False,False
3477e494de0e1677418b4764a19e7ba3b12289dd4ce39a5c36b60f52b30dde33,6001215,64,bits-prefetch,1,512,8,download,30,0.0094295,0.00907625,0.0098525,0.9181823002280077,False,False
3477e494de0e1677418b4764a19e7ba3b12289dd4ce39a5c36b60f52b30dde33,6001215,64,bits-prefetch,1,512,8,operator,30,1.5278554999999998,1.52755,1.528386,0.07798839615395567,False,False
3477e494de0e1677418b4764a19e7ba3b12289dd4ce39a5c36b60f52b30dde33,6001215,64,bits-prefetch,1,512,8,output_isolated,30,0.009039,0.008813,0.009481499999999999,1.590496736364642,False,False
3477e494de0e1677418b4764a19e7ba3b12289dd4ce39a5c36b60f52b30dde33,6001215,64,bits-prefetch,1,512,8,selection_isolated,30,1.4769975,1.47652725,1.4775714999999998,0.04297028261726915,False,False
3477e494de0e1677418b4764a19e7ba3b12289dd4ce39a5c36b60f52b30dde33,6001215,64,bits-prefetch,1,512,8,transform_isolated,30,0.047678,0.0475645,0.04779025,0.971433365493519,False,False
3477e494de0e1677418b4764a19e7ba3b12289dd4ce39a5c36b60f52b30dde33,6001215,64,bits-prefetch,1,512,8,upload_shared,1,5.090203,5.090203,5.090203,0.9848047317562778,False,False
3477e494de0e1677418b4764a19e7ba3b12289dd4ce39a5c36b60f52b30dde33,6001215,64,bits-prefetch,1,512,13,download,30,0.0093845,0.00878575,0.0098975,0.9225851137513984,False,False
3477e494de0e1677418b4764a19e7ba3b12289dd4ce39a5c36b60f52b30dde33,6001215,64,bits-prefetch,1,512,13,operator,30,1.4433625,1.4428684999999999,1.44374725,0.08255375901757181,False,False
3477e494de0e1677418b4764a19e7ba3b12289dd4ce39a5c36b60f52b30dde33,6001215,64,bits-prefetch,1,512,13,output_isolated,30,0.0094495,0.0091015,0.009652250000000001,1.5214032488491456,False,False
3477e494de0e1677418b4764a19e7ba3b12289dd4ce39a5c36b60f52b30dde33,6001215,64,bits-prefetch,1,512,13,selection_isolated,30,1.39267,1.3921875000000001,1.3928807499999998,0.04557217431265123,False,False
3477e494de0e1677418b4764a19e7ba3b12289dd4ce39a5c36b60f52b30dde33,6001215,64,bits-prefetch,1,512,13,transform_isolated,30,0.047767500000000004,0.047637,0.04788025,0.969613230753127,False,False
3477e494de0e1677418b4764a19e7ba3b12289dd4ce39a5c36b60f52b30dde33,6001215,64,bits-prefetch,1,512,13,upload_shared,1,5.021329,5.021329,5.021329,0.9983125981189443,False,False
3477e494de0e1677418b4764a19e7ba3b12289dd4ce39a5c36b60f52b30dde33,6001215,64,bits-prefetch,1,512,16,download,30,0.009564,0.0091165,0.010125,0.9052697616060226,True,False
3477e494de0e1677418b4764a19e7ba3b12289dd4ce39a5c36b60f52b30dde33,6001215,64,bits-prefetch,1,512,16,operator,30,1.3688995,1.368028,1.3695549999999999,0.08704437396609467,True,False
3477e494de0e1677418b4764a19e7ba3b12289dd4ce39a5c36b60f52b30dde33,6001215,64,bits-prefetch,1,512,16,output_isolated,30,0.009209,0.00905625,0.00994,1.561135845368661,True,False
3477e494de0e1677418b4764a19e7ba3b12289dd4ce39a5c36b60f52b30dde33,6001215,64,bits-prefetch,1,512,16,selection_isolated,30,1.317711,1.31715275,1.3178945000000002,0.04816458237048943,True,False
3477e494de0e1677418b4764a19e7ba3b12289dd4ce39a5c36b60f52b30dde33,6001215,64,bits-prefetch,1,512,16,transform_isolated,30,0.04779799999999999,0.047704750000000004,0.047998,0.9689945185991046,True,False
3477e494de0e1677418b4764a19e7ba3b12289dd4ce39a5c36b60f52b30dde33,6001215,64,bits-prefetch,1,512,16,upload_shared,1,5.012856,5.012856,5.012856,1.0,True,False
3477e494de0e1677418b4764a19e7ba3b12289dd4ce39a5c36b60f52b30dde33,6001215,64,bits-sq,8,128,4,download,30,0.009594499999999999,0.00910325,0.0099025,0.9023919954140392,False,False
3477e494de0e1677418b4764a19e7ba3b12289dd4ce39a5c36b60f52b30dde33,6001215,64,bits-sq,8,128,4,operator,30,1.1113490000000001,1.11096575,1.1118175,0.10721654493772882,False,False
3477e494de0e1677418b4764a19e7ba3b12289dd4ce39a5c36b60f52b30dde33,6001215,64,bits-sq,8,128,4,output_isolated,30,0.0088985,0.008453,0.009324,1.6156093723661291,False,False
3477e494de0e1677418b4764a19e7ba3b12289dd4ce39a5c36b60f52b30dde33,6001215,64,bits-sq,8,128,4,selection_isolated,30,1.060712,1.06053725,1.0609854999999997,0.05983433769015528,False,False
3477e494de0e1677418b4764a19e7ba3b12289dd4ce39a5c36b60f52b30dde33,6001215,64,bits-sq,8,128,4,transform_isolated,30,0.047592499999999996,0.04746449999999999,0.04778225,0.9731785470399748,False,False
3477e494de0e1677418b4764a19e7ba3b12289dd4ce39a5c36b60f52b30dde33,6001215,64,bits-sq,8,128,4,upload_shared,1,5.067709,5.067709,5.067709,0.9891759767579394,False,False
3477e494de0e1677418b4764a19e7ba3b12289dd4ce39a5c36b60f52b30dde33,6001215,64,bits-sq,8,128,7,download,30,0.008748,0.008553,0.00975475,0.9897119341563785,False,False
3477e494de0e1677418b4764a19e7ba3b12289dd4ce39a5c36b60f52b30dde33,6001215,64,bits-sq,8,128,7,operator,30,0.9149515,0.9146785,0.915427,0.13023094666766488,False,False
3477e494de0e1677418b4764a19e7ba3b12289dd4ce39a5c36b60f52b30dde33,6001215,64,bits-sq,8,128,7,output_isolated,30,0.0088585,0.00848225,0.009153999999999999,1.6229045549472259,False,False
3477e494de0e1677418b4764a19e7ba3b12289dd4ce39a5c36b60f52b30dde33,6001215,64,bits-sq,8,128,7,selection_isolated,30,0.8644045,0.8642415000000001,0.8647602499999999,0.07342280147778037,False,False
3477e494de0e1677418b4764a19e7ba3b12289dd4ce39a5c36b60f52b30dde33,6001215,64,bits-sq,8,128,7,transform_isolated,30,0.047587500000000005,0.047517,0.0477795,0.9732807985290253,False,False
3477e494de0e1677418b4764a19e7ba3b12289dd4ce39a5c36b60f52b30dde33,6001215,64,bits-sq,8,128,7,upload_shared,1,5.107239000000001,5.107239000000001,5.107239000000001,0.9815197604811522,False,False
3477e494de0e1677418b4764a19e7ba3b12289dd4ce39a5c36b60f52b30dde33,6001215,64,bits-sq,8,128,8,download,30,0.0093535,0.00871575,0.010187499999999999,0.9256428075052118,False,False
3477e494de0e1677418b4764a19e7ba3b12289dd4ce39a5c36b60f52b30dde33,6001215,64,bits-sq,8,128,8,operator,30,0.896784,0.89643625,0.8972150000000001,0.13286923049474567,False,False
3477e494de0e1677418b4764a19e7ba3b12289dd4ce39a5c36b60f52b30dde33,6001215,64,bits-sq,8,128,8,output_isolated,30,0.008688000000000001,0.00832775,0.008893999999999999,1.6547536832412522,False,False
3477e494de0e1677418b4764a19e7ba3b12289dd4ce39a5c36b60f52b30dde33,6001215,64,bits-sq,8,128,8,selection_isolated,30,0.8467429999999999,0.8464305,0.8471065000000001,0.07495426593429175,False,False
3477e494de0e1677418b4764a19e7ba3b12289dd4ce39a5c36b60f52b30dde33,6001215,64,bits-sq,8,128,8,transform_isolated,30,0.0475525,0.047462,0.04773525,0.973997161032543,False,False
3477e494de0e1677418b4764a19e7ba3b12289dd4ce39a5c36b60f52b30dde33,6001215,64,bits-sq,8,128,8,upload_shared,1,5.014047,5.014047,5.014047,0.9997624673242992,False,False
3477e494de0e1677418b4764a19e7ba3b12289dd4ce39a5c36b60f52b30dde33,6001215,64,bits-sq,8,128,13,download,30,0.009149000000000001,0.0086555,0.0096165,0.9463329325609354,False,False
3477e494de0e1677418b4764a19e7ba3b12289dd4ce39a5c36b60f52b30dde33,6001215,64,bits-sq,8,128,13,operator,30,0.8323659999999999,0.8319235,0.833077,0.1431521710401434,False,False
3477e494de0e1677418b4764a19e7ba3b12289dd4ce39a5c36b60f52b30dde33,6001215,64,bits-sq,8,128,13,output_isolated,30,0.0087235,0.0084455,0.009034,1.6480197168567663,False,False
3477e494de0e1677418b4764a19e7ba3b12289dd4ce39a5c36b60f52b30dde33,6001215,64,bits-sq,8,128,13,selection_isolated,30,0.7821450000000001,0.7818925,0.7823852499999999,0.08114480051652825,False,False
3477e494de0e1677418b4764a19e7ba3b12289dd4ce39a5c36b60f52b30dde33,6001215,64,bits-sq,8,128,13,transform_isolated,30,0.0476225,0.04752449999999999,0.04772475,0.9725654890020473,False,False
3477e494de0e1677418b4764a19e7ba3b12289dd4ce39a5c36b60f52b30dde33,6001215,64,bits-sq,8,128,13,upload_shared,1,5.094789,5.094789,5.094789,0.9839182741424621,False,False
3477e494de0e1677418b4764a19e7ba3b12289dd4ce39a5c36b60f52b30dde33,6001215,64,bits-sq,8,128,16,download,30,0.009204,0.008843,0.00963,0.9406779661016947,False,False
3477e494de0e1677418b4764a19e7ba3b12289dd4ce39a5c36b60f52b30dde33,6001215,64,bits-sq,8,128,16,operator,30,0.8247795,0.824319,0.8251225,0.14446891563138997,False,False
3477e494de0e1677418b4764a19e7ba3b12289dd4ce39a5c36b60f52b30dde33,6001215,64,bits-sq,8,128,16,output_isolated,30,0.0086325,0.00831525,0.00898875,1.665392412395019,False,False
3477e494de0e1677418b4764a19e7ba3b12289dd4ce39a5c36b60f52b30dde33,6001215,64,bits-sq,8,128,16,selection_isolated,30,0.774273,0.77406475,0.774629,0.08196979618300004,False,False
3477e494de0e1677418b4764a19e7ba3b12289dd4ce39a5c36b60f52b30dde33,6001215,64,bits-sq,8,128,16,transform_isolated,30,0.0476575,0.04753975,0.047849499999999996,0.9718512301316686,False,False
3477e494de0e1677418b4764a19e7ba3b12289dd4ce39a5c36b60f52b30dde33,6001215,64,bits-sq,8,128,16,upload_shared,1,5.087859,5.087859,5.087859,0.985258435817502,False,False
3477e494de0e1677418b4764a19e7ba3b12289dd4ce39a5c36b60f52b30dde33,6001215,64,bits-sq,8,256,4,download,30,0.008798,0.00868625,0.009183750000000001,0.9840872925664923,False,False
3477e494de0e1677418b4764a19e7ba3b12289dd4ce39a5c36b60f52b30dde33,6001215,64,bits-sq,8,256,4,operator,30,0.6454580000000001,0.645007,0.6459865,0.18460534999953518,False,False
3477e494de0e1677418b4764a19e7ba3b12289dd4ce39a5c36b60f52b30dde33,6001215,64,bits-sq,8,256,4,output_isolated,30,0.008663,0.0083705,0.00897075,1.6595290315133324,False,False
3477e494de0e1677418b4764a19e7ba3b12289dd4ce39a5c36b60f52b30dde33,6001215,64,bits-sq,8,256,4,selection_isolated,30,0.5954775000000001,0.59518125,0.5957705,0.10658169284313847,False,False
3477e494de0e1677418b4764a19e7ba3b12289dd4ce39a5c36b60f52b30dde33,6001215,64,bits-sq,8,256,4,transform_isolated,30,0.04761749999999999,0.047504500000000005,0.047682,0.9726676116973803,False,False
3477e494de0e1677418b4764a19e7ba3b12289dd4ce39a5c36b60f52b30dde33,6001215,64,bits-sq,8,256,4,upload_shared,1,5.096152,5.096152,5.096152,0.9836551186071374,False,False
3477e494de0e1677418b4764a19e7ba3b12289dd4ce39a5c36b60f52b30dde33,6001215,64,bits-sq,8,256,7,download,30,0.009069,0.008633000000000002,0.009409,0.9546807806814421,False,False
3477e494de0e1677418b4764a19e7ba3b12289dd4ce39a5c36b60f52b30dde33,6001215,64,bits-sq,8,256,7,operator,30,0.5317305000000001,0.5314000000000001,0.532106,0.22408908272141614,False,False
3477e494de0e1677418b4764a19e7ba3b12289dd4ce39a5c36b60f52b30dde33,6001215,64,bits-sq,8,256,7,output_isolated,30,0.008532999999999999,0.00833525,0.008876499999999999,1.6848119067151064,False,False
3477e494de0e1677418b4764a19e7ba3b12289dd4ce39a5c36b60f52b30dde33,6001215,64,bits-sq,8,256,7,selection_isolated,30,0.48201,0.48156475000000004,0.482251,0.13167154208418913,False,False
3477e494de0e1677418b4764a19e7ba3b12289dd4ce39a5c36b60f52b30dde33,6001215,64,bits-sq,8,256,7,transform_isolated,30,0.047522499999999995,0.047417,0.047677,0.9746120258824768,False,False
3477e494de0e1677418b4764a19e7ba3b12289dd4ce39a5c36b60f52b30dde33,6001215,64,bits-sq,8,256,7,upload_shared,1,5.0674980000000005,5.0674980000000005,5.0674980000000005,0.989217163973227,False,False
3477e494de0e1677418b4764a19e7ba3b12289dd4ce39a5c36b60f52b30dde33,6001215,64,bits-sq,8,256,8,download,30,0.008747999999999999,0.008563000000000001,0.009113999999999999,0.9897119341563786,False,False
3477e494de0e1677418b4764a19e7ba3b12289dd4ce39a5c36b60f52b30dde33,6001215,64,bits-sq,8,256,8,operator,30,0.5234535,0.52334225,0.52365375,0.22763244490675866,False,False
3477e494de0e1677418b4764a19e7ba3b12289dd4ce39a5c36b60f52b30dde33,6001215,64,bits-sq,8,256,8,output_isolated,30,0.0084925,0.008230250000000001,0.008843750000000001,1.6928466293788638,False,False
3477e494de0e1677418b4764a19e7ba3b12289dd4ce39a5c36b60f52b30dde33,6001215,64,bits-sq,8,256,8,selection_isolated,30,0.47350749999999997,0.4732095,0.47373800000000005,0.13403589172293998,False,False
3477e494de0e1677418b4764a19e7ba3b12289dd4ce39a5c36b60f52b30dde33,6001215,64,bits-sq,8,256,8,transform_isolated,30,0.0476275,0.047492,0.04773275,0.9724633877486745,False,False
3477e494de0e1677418b4764a19e7ba3b12289dd4ce39a5c36b60f52b30dde33,6001215,64,bits-sq,8,256,8,upload_shared,1,5.031695,5.031695,5.031695,0.9962559336366772,False,False
3477e494de0e1677418b4764a19e7ba3b12289dd4ce39a5c36b60f52b30dde33,6001215,64,bits-sq,8,256,13,download,30,0.008613,0.0084955,0.008853,1.005224660397074,False,False
3477e494de0e1677418b4764a19e7ba3b12289dd4ce39a5c36b60f52b30dde33,6001215,64,bits-sq,8,256,13,operator,30,0.485471,0.485055,0.4857985,0.24544205524119875,False,False
3477e494de0e1677418b4764a19e7ba3b12289dd4ce39a5c36b60f52b30dde33,6001215,64,bits-sq,8,256,13,output_isolated,30,0.008462500000000001,0.0082595,0.008818999999999999,1.6988478581979318,False,False
3477e494de0e1677418b4764a19e7ba3b12289dd4ce39a5c36b60f52b30dde33,6001215,64,bits-sq,8,256,13,selection_isolated,30,0.435325,0.43516725,0.43558500000000006,0.1457922242003101,False,False
3477e494de0e1677418b4764a19e7ba3b12289dd4ce39a5c36b60f52b30dde33,6001215,64,bits-sq,8,256,13,transform_isolated,30,0.047602000000000005,0.047492,0.0477205,0.9729843283895633,False,False
3477e494de0e1677418b4764a19e7ba3b12289dd4ce39a5c36b60f52b30dde33,6001215,64,bits-sq,8,256,13,upload_shared,1,5.0893120000000005,5.0893120000000005,5.0893120000000005,0.9849771442583988,False,False
3477e494de0e1677418b4764a19e7ba3b12289dd4ce39a5c36b60f52b30dde33,6001215,64,bits-sq,8,256,16,download,30,0.0088585,0.00876325,0.009379,0.9773663712818196,False,False
3477e494de0e1677418b4764a19e7ba3b12289dd4ce39a5c36b60f52b30dde33,6001215,64,bits-sq,8,256,16,operator,30,0.48161449999999995,0.481209,0.48194750000000003,0.24740741817366382,False,False
3477e494de0e1677418b4764a19e7ba3b12289dd4ce39a5c36b60f52b30dde33,6001215,64,bits-sq,8,256,16,output_isolated,30,0.0082975,0.00818525,0.0086405,1.7326303103344383,False,False
3477e494de0e1677418b4764a19e7ba3b12289dd4ce39a5c36b60f52b30dde33,6001215,64,bits-sq,8,256,16,selection_isolated,30,0.431554,0.43099374999999995,0.43204925000000005,0.1470661840696645,False,False
3477e494de0e1677418b4764a19e7ba3b12289dd4ce39a5c36b60f52b30dde33,6001215,64,bits-sq,8,256,16,transform_isolated,30,0.047637,0.047521999999999995,0.047827999999999996,0.9722694544156852,False,False
3477e494de0e1677418b4764a19e7ba3b12289dd4ce39a5c36b60f52b30dde33,6001215,64,bits-sq,8,256,16,upload_shared,1,5.074268,5.074268,5.074268,0.9878973676597295,False,False
3477e494de0e1677418b4764a19e7ba3b12289dd4ce39a5c36b60f52b30dde33,6001215,64,bits-sq,8,512,4,download,30,0.008648,0.008572999999999999,0.009184000000000001,1.0011563367252543,False,False
3477e494de0e1677418b4764a19e7ba3b12289dd4ce39a5c36b60f52b30dde33,6001215,64,bits-sq,8,512,4,operator,30,0.4097105,0.40939824999999996,0.41006125,0.2908273036692982,False,False
3477e494de0e1677418b4764a19e7ba3b12289dd4ce39a5c36b60f52b30dde33,6001215,64,bits-sq,8,512,4,output_isolated,30,0.0083725,0.00818525,0.008590500000000001,1.7171095849507316,False,False
3477e494de0e1677418b4764a19e7ba3b12289dd4ce39a5c36b60f52b30dde33,6001215,64,bits-sq,8,512,4,selection_isolated,30,0.35975,0.35953425,0.3601935,0.17641973592772758,False,False
3477e494de0e1677418b4764a19e7ba3b12289dd4ce39a5c36b60f52b30dde33,6001215,64,bits-sq,8,512,4,transform_isolated,30,0.047632,0.047502,0.047722,0.9723715149479341,False,False
3477e494de0e1677418b4764a19e7ba3b12289dd4ce39a5c36b60f52b30dde33,6001215,64,bits-sq,8,512,4,upload_shared,1,5.101439999999999,5.101439999999999,5.101439999999999,0.9826354911554387,False,False
3477e494de0e1677418b4764a19e7ba3b12289dd4ce39a5c36b60f52b30dde33,6001215,64,bits-sq,8,512,7,download,30,0.008653000000000001,0.0084655,0.00897125,1.000577834277129,False,False
3477e494de0e1677418b4764a19e7ba3b12289dd4ce39a5c36b60f52b30dde33,6001215,64,bits-sq,8,512,7,operator,30,0.35965,0.35892824999999995,0.3601175,0.3313082163214236,False,False
3477e494de0e1677418b4764a19e7ba3b12289dd4ce39a5c36b60f52b30dde33,6001215,64,bits-sq,8,512,7,output_isolated,30,0.008232,0.008132249999999999,0.008417000000000001,1.7464164237123423,False,False
3477e494de0e1677418b4764a19e7ba3b12289dd4ce39a5c36b60f52b30dde33,6001215,64,bits-sq,8,512,7,selection_isolated,30,0.30954400000000004,0.30921575,0.30980675,0.205033856253069,False,False
3477e494de0e1677418b4764a19e7ba3b12289dd4ce39a5c36b60f52b30dde33,6001215,64,bits-sq,8,512,7,transform_isolated,30,0.047557,0.04742425,0.04766025,0.973904998212671,False,False
3477e494de0e1677418b4764a19e7ba3b12289dd4ce39a5c36b60f52b30dde33,6001215,64,bits-sq,8,512,7,upload_shared,1,5.077023,5.077023,5.077023,0.987361294207255,False,False
3477e494de0e1677418b4764a19e7ba3b12289dd4ce39a5c36b60f52b30dde33,6001215,64,bits-sq,8,512,8,download,30,0.0086935,0.008590500000000001,0.00913825,0.9959164893311093,False,False
3477e494de0e1677418b4764a19e7ba3b12289dd4ce39a5c36b60f52b30dde33,6001215,64,bits-sq,8,512,8,operator,30,0.3407315,0.34012025,0.3414545,0.3497035055461558,False,False
3477e494de0e1677418b4764a19e7ba3b12289dd4ce39a5c36b60f52b30dde33,6001215,64,bits-sq,8,512,8,output_isolated,30,0.008387499999999999,0.008154749999999999,0.008470499999999999,1.714038748137109,False,False
3477e494de0e1677418b4764a19e7ba3b12289dd4ce39a5c36b60f52b30dde33,6001215,64,bits-sq,8,512,8,selection_isolated,30,0.291096,0.29086025,0.29131850000000004,0.2180277296836782,False,False
3477e494de0e1677418b4764a19e7ba3b12289dd4ce39a5c36b60f52b30dde33,6001215,64,bits-sq,8,512,8,transform_isolated,30,0.047587000000000004,0.047494499999999995,0.047727000000000006,0.9732910248597304,False,False
3477e494de0e1677418b4764a19e7ba3b12289dd4ce39a5c36b60f52b30dde33,6001215,64,bits-sq,8,512,8,upload_shared,1,5.090203,5.090203,5.090203,0.9848047317562778,False,False
3477e494de0e1677418b4764a19e7ba3b12289dd4ce39a5c36b60f52b30dde33,6001215,64,bits-sq,8,512,13,download,30,0.008773,0.008578,0.009349,0.9868915992248946,False,False
3477e494de0e1677418b4764a19e7ba3b12289dd4ce39a5c36b60f52b30dde33,6001215,64,bits-sq,8,512,13,operator,30,0.3240915,0.32373075,0.32461874999999996,0.3676585161906437,False,False
3477e494de0e1677418b4764a19e7ba3b12289dd4ce39a5c36b60f52b30dde33,6001215,64,bits-sq,8,512,13,output_isolated,30,0.008403,0.00829025,0.008597750000000001,1.7108770677139116,False,False
3477e494de0e1677418b4764a19e7ba3b12289dd4ce39a5c36b60f52b30dde33,6001215,64,bits-sq,8,512,13,selection_isolated,30,0.274171,0.2740425,0.27439025,0.23148691874778876,False,False
3477e494de0e1677418b4764a19e7ba3b12289dd4ce39a5c36b60f52b30dde33,6001215,64,bits-sq,8,512,13,transform_isolated,30,0.047602,0.047537,0.0476745,0.9729843283895634,False,False
3477e494de0e1677418b4764a19e7ba3b12289dd4ce39a5c36b60f52b30dde33,6001215,64,bits-sq,8,512,13,upload_shared,1,5.021329,5.021329,5.021329,0.9983125981189443,False,False
3477e494de0e1677418b4764a19e7ba3b12289dd4ce39a5c36b60f52b30dde33,6001215,64,bits-sq,8,512,16,download,30,0.008743,0.008515499999999999,0.009284,0.9902779366350221,False,False
3477e494de0e1677418b4764a19e7ba3b12289dd4ce39a5c36b60f52b30dde33,6001215,64,bits-sq,8,512,16,operator,30,0.3251675,0.3247995,0.32560374999999997,0.3664419107075584,False,False
3477e494de0e1677418b4764a19e7ba3b12289dd4ce39a5c36b60f52b30dde33,6001215,64,bits-sq,8,512,16,output_isolated,30,0.008578,0.008365499999999998,0.009054,1.6759734203777104,False,False
3477e494de0e1677418b4764a19e7ba3b12289dd4ce39a5c36b60f52b30dde33,6001215,64,bits-sq,8,512,16,selection_isolated,30,0.274461,0.2741985,0.27462675000000003,0.23124232586779175,False,False
3477e494de0e1677418b4764a19e7ba3b12289dd4ce39a5c36b60f52b30dde33,6001215,64,bits-sq,8,512,16,transform_isolated,30,0.047562,0.0474845,0.0476595,0.973802615533409,False,False
3477e494de0e1677418b4764a19e7ba3b12289dd4ce39a5c36b60f52b30dde33,6001215,64,bits-sq,8,512,16,upload_shared,1,5.012856,5.012856,5.012856,1.0,False,False
3477e494de0e1677418b4764a19e7ba3b12289dd4ce39a5c36b60f52b30dde33,6001215,64,bits-sq,32,128,4,download,30,0.008673,0.008493,0.009374,0.9982704946385332,False,False
3477e494de0e1677418b4764a19e7ba3b12289dd4ce39a5c36b60f52b30dde33,6001215,64,bits-sq,32,128,4,operator,30,0.37095199999999995,0.37062700000000004,0.3714155,0.32121406543164616,False,False
3477e494de0e1677418b4764a19e7ba3b12289dd4ce39a5c36b60f52b30dde33,6001215,64,bits-sq,32,128,4,output_isolated,30,0.008268000000000001,0.008132249999999999,0.008470499999999999,1.73881228834059,False,False
3477e494de0e1677418b4764a19e7ba3b12289dd4ce39a5c36b60f52b30dde33,6001215,64,bits-sq,32,128,4,selection_isolated,30,0.3208415,0.32071099999999997,0.32111425000000005,0.19781418550904417,False,False
3477e494de0e1677418b4764a19e7ba3b12289dd4ce39a5c36b60f52b30dde33,6001215,64,bits-sq,32,128,4,transform_isolated,30,0.047322,0.047253750000000004,0.047482,0.9787413887832297,False,False
3477e494de0e1677418b4764a19e7ba3b12289dd4ce39a5c36b60f52b30dde33,6001215,64,bits-sq,32,128,4,upload_shared,1,5.083803,5.083803,5.083803,0.9860445025112107,False,False
3477e494de0e1677418b4764a19e7ba3b12289dd4ce39a5c36b60f52b30dde33,6001215,64,bits-sq,32,128,7,download,30,0.008723,0.008535499999999998,0.0091255,0.9925484351713859,False,False
3477e494de0e1677418b4764a19e7ba3b12289dd4ce39a5c36b60f52b30dde33,6001215,64,bits-sq,32,128,7,operator,30,0.321532,0.32118125000000003,0.3220755,0.37058519836283793,False,False
3477e494de0e1677418b4764a19e7ba3b12289dd4ce39a5c36b60f52b30dde33,6001215,64,bits-sq,32,128,7,output_isolated,30,0.0082975,0.00815225,0.008623,1.7326303103344383,False,False
3477e494de0e1677418b4764a19e7ba3b12289dd4ce39a5c36b60f52b30dde33,6001215,64,bits-sq,32,128,7,selection_isolated,30,0.271907,0.27176374999999997,0.2721895,0.23341436594129608,False,False
3477e494de0e1677418b4764a19e7ba3b12289dd4ce39a5c36b60f52b30dde33,6001215,64,bits-sq,32,128,7,transform_isolated,30,0.04725700000000001,0.047111999999999994,0.04733625,0.980087606068942,False,False
3477e494de0e1677418b4764a19e7ba3b12289dd4ce39a5c36b60f52b30dde33,6001215,64,bits-sq,32,128,7,upload_shared,1,5.017653,5.017653,5.017653,0.9990439753406622,False,False
3477e494de0e1677418b4764a19e7ba3b12289dd4ce39a5c36b60f52b30dde33,6001215,64,bits-sq,32,128,8,download,30,0.008668499999999999,0.008542999999999999,0.009199,0.9987887177712407,False,False
3477e494de0e1677418b4764a19e7ba3b12289dd4ce39a5c36b60f52b30dde33,6001215,64,bits-sq,32,128,8,operator,30,0.316174,0.315618,0.31642675000000003,0.3768652703890895,False,False
3477e494de0e1677418b4764a19e7ba3b12289dd4ce39a5c36b60f52b30dde33,6001215,64,bits-sq,32,128,8,output_isolated,30,0.0083625,0.008202000000000001,0.0085705,1.7191629297458895,False,False
3477e494de0e1677418b4764a19e7ba3b12289dd4ce39a5c36b60f52b30dde33,6001215,64,bits-sq,32,128,8,selection_isolated,30,0.266424,0.26633625,0.26661725000000003,0.23821802840584932,False,False
3477e494de0e1677418b4764a19e7ba3b12289dd4ce39a5c36b60f52b30dde33,6001215,64,bits-sq,32,128,8,transform_isolated,30,0.047352000000000005,0.047217,0.047459499999999995,0.9781213042743705,False,False
3477e494de0e1677418b4764a19e7ba3b12289dd4ce39a5c36b60f52b30dde33,6001215,64,bits-sq,32,128,8,upload_shared,1,5.096082,5.096082,5.096082,0.9836686301358574,False,False
3477e494de0e1677418b4764a19e7ba3b12289dd4ce39a5c36b60f52b30dde33,6001215,64,bits-sq,32,128,13,download,30,0.0089335,0.008548249999999999,0.0095915,0.9691610231152402,False,False
3477e494de0e1677418b4764a19e7ba3b12289dd4ce39a5c36b60f52b30dde33,6001215,64,bits-sq,32,128,13,operator,30,0.3092235,0.30883299999999997,0.309444,0.3853361727035623,False,False
3477e494de0e1677418b4764a19e7ba3b12289dd4ce39a5c36b60f52b30dde33,6001215,64,bits-sq,32,128,13,output_isolated,30,0.008387,0.00825475,0.008720499999999999,1.7141409323953738,False,False
3477e494de0e1677418b4764a19e7ba3b12289dd4ce39a5c36b60f52b30dde33,6001215,64,bits-sq,32,128,13,selection_isolated,30,0.25948800000000005,0.25934825,0.25959550000000003,0.24458549142927605,False,False
3477e494de0e1677418b4764a19e7ba3b12289dd4ce39a5c36b60f52b30dde33,6001215,64,bits-sq,32,128,13,transform_isolated,30,0.047312,0.04722124999999999,0.04751224999999999,0.9789482583699695,False,False
3477e494de0e1677418b4764a19e7ba3b12289dd4ce39a5c36b60f52b30dde33,6001215,64,bits-sq,32,128,13,upload_shared,1,5.018414,5.018414,5.018414,0.9988924787791522,False,False
3477e494de0e1677418b4764a19e7ba3b12289dd4ce39a5c36b60f52b30dde33,6001215,64,bits-sq,32,128,16,download,30,0.008683,0.008508,0.008980750000000001,0.9971208107796844,False,False
3477e494de0e1677418b4764a19e7ba3b12289dd4ce39a5c36b60f52b30dde33,6001215,64,bits-sq,32,128,16,operator,30,0.3116475,0.3109335,0.31190274999999995,0.3823390208488757,False,False
3477e494de0e1677418b4764a19e7ba3b12289dd4ce39a5c36b60f52b30dde33,6001215,64,bits-sq,32,128,16,output_isolated,30,0.0082725,0.008143,0.0085605,1.737866424901783,False,False
3477e494de0e1677418b4764a19e7ba3b12289dd4ce39a5c36b60f52b30dde33,6001215,64,bits-sq,32,128,16,selection_isolated,30,0.26192150000000003,0.261757,0.26208725,0.24231305944720075,False,False
3477e494de0e1677418b4764a19e7ba3b12289dd4ce39a5c36b60f52b30dde33,6001215,64,bits-sq,32,128,16,transform_isolated,30,0.0472365,0.04713125,0.047397,0.9805129507901728,False,False
3477e494de0e1677418b4764a19e7ba3b12289dd4ce39a5c36b60f52b30dde33,6001215,64,bits-sq,32,128,16,upload_shared,1,5.003642,5.003642,5.003642,1.0018414586814963,False,False
3477e494de0e1677418b4764a19e7ba3b12289dd4ce39a5c36b60f52b30dde33,6001215,64,bits-sq,32,256,4,download,30,0.008657999999999999,0.008527999999999999,0.008896500000000002,1.0,False,False
3477e494de0e1677418b4764a19e7ba3b12289dd4ce39a5c36b60f52b30dde33,6001215,64,bits-sq,32,256,4,operator,30,0.24357900000000002,0.2431555,0.24394475000000002,0.48918420717713756,False,False
3477e494de0e1677418b4764a19e7ba3b12289dd4ce39a5c36b60f52b30dde33,6001215,64,bits-sq,32,256,4,output_isolated,30,0.0082975,0.008144499999999999,0.00847475,1.7326303103344383,False,False
3477e494de0e1677418b4764a19e7ba3b12289dd4ce39a5c36b60f52b30dde33,6001215,64,bits-sq,32,256,4,selection_isolated,30,0.19441999999999998,0.1940765,0.19496249999999998,0.32644275280320956,False,False
3477e494de0e1677418b4764a19e7ba3b12289dd4ce39a5c36b60f52b30dde33,6001215,64,bits-sq,32,256,4,transform_isolated,30,0.047412,0.04731125,0.0475495,0.9768834894119631,False,False
3477e494de0e1677418b4764a19e7ba3b12289dd4ce39a5c36b60f52b30dde33,6001215,64,bits-sq,32,256,4,upload_shared,1,5.080559,5.080559,5.080559,0.9866741041684587,False,False
3477e494de0e1677418b4764a19e7ba3b12289dd4ce39a5c36b60f52b30dde33,6001215,64,bits-sq,32,256,7,download,30,0.0086075,0.00849525,0.0087305,1.0058669764740051,False,False
3477e494de0e1677418b4764a19e7ba3b12289dd4ce39a5c36b60f52b30dde33,6001215,64,bits-sq,32,256,7,operator,30,0.21309299999999998,0.21292550000000002,0.21347875,0.5591690013280587,False,False
3477e494de0e1677418b4764a19e7ba3b12289dd4ce39a5c36b60f52b30dde33,6001215,64,bits-sq,32,256,7,output_isolated,30,0.0083275,0.008210499999999999,0.008685499999999999,1.7263884719303513,False,False
3477e494de0e1677418b4764a19e7ba3b12289dd4ce39a5c36b60f52b30dde33,6001215,64,bits-sq,32,256,7,selection_isolated,30,0.163663,0.1635005,0.16380324999999998,0.38779076516989175,False,False
3477e494de0e1677418b4764a19e7ba3b12289dd4ce39a5c36b60f52b30dde33,6001215,64,bits-sq,32,256,7,transform_isolated,30,0.0473465,0.047196749999999996,0.047466999999999995,0.9782349276081652,False,False
3477e494de0e1677418b4764a19e7ba3b12289dd4ce39a5c36b60f52b30dde33,6001215,64,bits-sq,32,256,7,upload_shared,1,5.013046,5.013046,5.013046,0.9999620988915722,False,False
3477e494de0e1677418b4764a19e7ba3b12289dd4ce39a5c36b60f52b30dde33,6001215,64,bits-sq,32,256,8,download,30,0.008633,0.008515499999999999,0.009101499999999998,1.0028958647052009,False,False
3477e494de0e1677418b4764a19e7ba3b12289dd4ce39a5c36b60f52b30dde33,6001215,64,bits-sq,32,256,8,operator,30,0.209818,0.209422,0.2106215,0.5678969392521137,False,False
3477e494de0e1677418b4764a19e7ba3b12289dd4ce39a5c36b60f52b30dde33,6001215,64,bits-sq,32,256,8,output_isolated,30,0.008357999999999999,0.00814525,0.00849225,1.7200885379277342,False,False
3477e494de0e1677418b4764a19e7ba3b12289dd4ce39a5c36b60f52b30dde33,6001215,64,bits-sq,32,256,8,selection_isolated,30,0.1602075,0.16001225,0.1603905,0.39615498650188036,False,False
3477e494de0e1677418b4764a19e7ba3b12289dd4ce39a5c36b60f52b30dde33,6001215,64,bits-sq,32,256,8,transform_isolated,30,0.047351500000000005,0.0472345,0.04752175,0.9781316325776372,False,False
3477e494de0e1677418b4764a19e7ba3b12289dd4ce39a5c36b60f52b30dde33,6001215,64,bits-sq,32,256,8,upload_shared,1,5.065055,5.065055,5.065055,0.9896942876237277,False,False
3477e494de0e1677418b4764a19e7ba3b12289dd4ce39a5c36b60f52b30dde33,6001215,64,bits-sq,32,256,13,download,30,0.008657999999999999,0.0085755,0.00879825,1.0,False,False
3477e494de0e1677418b4764a19e7ba3b12289dd4ce39a5c36b60f52b30dde33,6001215,64,bits-sq,32,256,13,operator,30,0.20417449999999998,0.203579,0.20492325,0.5835939355796146,False,False
3477e494de0e1677418b4764a19e7ba3b12289dd4ce39a5c36b60f52b30dde33,6001215,64,bits-sq,32,256,13,output_isolated,30,0.0082675,0.00812475,0.0084505,1.7389174478379195,False,False
3477e494de0e1677418b4764a19e7ba3b12289dd4ce39a5c36b60f52b30dde33,6001215,64,bits-sq,32,256,13,selection_isolated,30,0.15451900000000002,0.154359,0.15462475,0.41073913240442916,False,False
3477e494de0e1677418b4764a19e7ba3b12289dd4ce39a5c36b60f52b30dde33,6001215,64,bits-sq,32,256,13,transform_isolated,30,0.047387,0.04728125,0.04761975,0.9773988646675248,False,False
3477e494de0e1677418b4764a19e7ba3b12289dd4ce39a5c36b60f52b30dde33,6001215,64,bits-sq,32,256,13,upload_shared,1,5.090383,5.090383,5.090383,0.984769908276057,False,False
3477e494de0e1677418b4764a19e7ba3b12289dd4ce39a5c36b60f52b30dde33,6001215,64,bits-sq,32,256,16,download,30,0.008593,0.008518,0.00896575,1.0075642965204235,False,False
3477e494de0e1677418b4764a19e7ba3b12289dd4ce39a5c36b60f52b30dde33,6001215,64,bits-sq,32,256,16,operator,30,0.2045645,0.20428924999999998,0.20488825,0.5824813200726421,False,False
3477e494de0e1677418b4764a19e7ba3b12289dd4ce39a5c36b60f52b30dde33,6001215,64,bits-sq,32,256,16,output_isolated,30,0.008243,0.00808225,0.008331999999999999,1.7440858910590804,False,False
3477e494de0e1677418b4764a19e7ba3b12289dd4ce39a5c36b60f52b30dde33,6001215,64,bits-sq,32,256,16,selection_isolated,30,0.1547645,0.154584,0.155035,0.41008758468511836,False,False
3477e494de0e1677418b4764a19e7ba3b12289dd4ce39a5c36b60f52b30dde33,6001215,64,bits-sq,32,256,16,transform_isolated,30,0.047321,0.047233500000000005,0.04740875,0.9787620718074427,False,False
3477e494de0e1677418b4764a19e7ba3b12289dd4ce39a5c36b60f52b30dde33,6001215,64,bits-sq,32,256,16,upload_shared,1,5.105246,5.105246,5.105246,0.9819029288696373,False,False
3477e494de0e1677418b4764a19e7ba3b12289dd4ce39a5c36b60f52b30dde33,6001215,64,bits-sq,32,512,4,download,30,0.008678,0.008535000000000001,0.00881875,0.9976953215026503,False,False
3477e494de0e1677418b4764a19e7ba3b12289dd4ce39a5c36b60f52b30dde33,6001215,64,bits-sq,32,512,4,operator,30,0.1780195,0.1776365,0.17823,0.6693367861385972,False,False
3477e494de0e1677418b4764a19e7ba3b12289dd4ce39a5c36b60f52b30dde33,6001215,64,bits-sq,32,512,4,output_isolated,30,0.008253,0.008128,0.00836975,1.7419726160184177,False,False
3477e494de0e1677418b4764a19e7ba3b12289dd4ce39a5c36b60f52b30dde33,6001215,64,bits-sq,32,512,4,selection_isolated,30,0.128289,0.12810175000000001,0.1286425,0.4947189548597308,False,False
3477e494de0e1677418b4764a19e7ba3b12289dd4ce39a5c36b60f52b30dde33,6001215,64,bits-sq,32,512,4,transform_isolated,30,0.047407000000000005,0.0473645,0.0475295,0.9769865209779145,False,False
3477e494de0e1677418b4764a19e7ba3b12289dd4ce39a5c36b60f52b30dde33,6001215,64,bits-sq,32,512,4,upload_shared,1,5.007909,5.007909,5.007909,1.0009878374387395,False,False
3477e494de0e1677418b4764a19e7ba3b12289dd4ce39a5c36b60f52b30dde33,6001215,64,bits-sq,32,512,7,download,30,0.0086685,0.008515499999999999,0.009209,0.9987887177712405,False,False
3477e494de0e1677418b4764a19e7ba3b12289dd4ce39a5c36b60f52b30dde33,6001215,64,bits-sq,32,512,7,operator,30,0.168265,0.1679265,0.16869,0.708138947493537,False,False
3477e494de0e1677418b4764a19e7ba3b12289dd4ce39a5c36b60f52b30dde33,6001215,64,bits-sq,32,512,7,output_isolated,30,0.0083175,0.00819525,0.008493,1.7284640817553352,False,False
3477e494de0e1677418b4764a19e7ba3b12289dd4ce39a5c36b60f52b30dde33,6001215,64,bits-sq,32,512,7,selection_isolated,30,0.118605,0.118375,0.11887099999999999,0.5351123477087812,False,False
3477e494de0e1677418b4764a19e7ba3b12289dd4ce39a5c36b60f52b30dde33,6001215,64,bits-sq,32,512,7,transform_isolated,30,0.047342,0.04726425000000001,0.04744625,0.9783279117907987,False,False
3477e494de0e1677418b4764a19e7ba3b12289dd4ce39a5c36b60f52b30dde33,6001215,64,bits-sq,32,512,7,upload_shared,1,5.0172419999999995,5.0172419999999995,5.0172419999999995,0.9991258145411365,False,False
3477e494de0e1677418b4764a19e7ba3b12289dd4ce39a5c36b60f52b30dde33,6001215,64,bits-sq,32,512,8,download,30,0.008589,0.008450500000000001,0.009424000000000002,1.008033531260915,False,False
3477e494de0e1677418b4764a19e7ba3b12289dd4ce39a5c36b60f52b30dde33,6001215,64,bits-sq,32,512,8,operator,30,0.16397799999999998,0.16356300000000001,0.164485,0.7266523558038274,False,False
3477e494de0e1677418b4764a19e7ba3b12289dd4ce39a5c36b60f52b30dde33,6001215,64,bits-sq,32,512,8,output_isolated,30,0.008327999999999999,0.0081455,0.00844275,1.7262848222862635,False,False
3477e494de0e1677418b4764a19e7ba3b12289dd4ce39a5c36b60f52b30dde33,6001215,64,bits-sq,32,512,8,selection_isolated,30,0.1144985,0.11423549999999999,0.1147515,0.5543042048585789,False,False
3477e494de0e1677418b4764a19e7ba3b12289dd4ce39a5c36b60f52b30dde33,6001215,64,bits-sq,32,512,8,transform_isolated,30,0.047367,0.04719375,0.0475395,0.9778115565689193,False,False
3477e494de0e1677418b4764a19e7ba3b12289dd4ce39a5c36b60f52b30dde33,6001215,64,bits-sq,32,512,8,upload_shared,1,5.007638,5.007638,5.007638,1.0010420082282305,False,False
3477e494de0e1677418b4764a19e7ba3b12289dd4ce39a5c36b60f52b30dde33,6001215,64,bits-sq,32,512,13,download,30,0.008778000000000001,0.008593,0.009243999999999999,0.9863294600136703,False,False
3477e494de0e1677418b4764a19e7ba3b12289dd4ce39a5c36b60f52b30dde33,6001215,64,bits-sq,32,512,13,operator,30,0.161269,0.161079,0.1617775,0.7388586771171148,False,False
3477e494de0e1677418b4764a19e7ba3b12289dd4ce39a5c36b60f52b30dde33,6001215,64,bits-sq,32,512,13,output_isolated,30,0.0082175,0.008105250000000001,0.008375500000000001,1.7494980225129295,False,False
3477e494de0e1677418b4764a19e7ba3b12289dd4ce39a5c36b60f52b30dde33,6001215,64,bits-sq,32,512,13,selection_isolated,30,0.111935,0.1116865,0.112245,0.5669987046053513,False,False
3477e494de0e1677418b4764a19e7ba3b12289dd4ce39a5c36b60f52b30dde33,6001215,64,bits-sq,32,512,13,transform_isolated,30,0.047291,0.047210999999999996,0.047402,0.9793829692753377,False,False
3477e494de0e1677418b4764a19e7ba3b12289dd4ce39a5c36b60f52b30dde33,6001215,64,bits-sq,32,512,13,upload_shared,1,5.096913,5.096913,5.096913,0.9835082529366306,False,False
3477e494de0e1677418b4764a19e7ba3b12289dd4ce39a5c36b60f52b30dde33,6001215,64,bits-sq,32,512,16,download,30,0.008668,0.008572999999999999,0.0093215,0.9988463313336409,False,False
3477e494de0e1677418b4764a19e7ba3b12289dd4ce39a5c36b60f52b30dde33,6001215,64,bits-sq,32,512,16,operator,30,0.15903099999999998,0.1585325,0.159462,0.749256434280109,False,False
3477e494de0e1677418b4764a19e7ba3b12289dd4ce39a5c36b60f52b30dde33,6001215,64,bits-sq,32,512,16,output_isolated,30,0.0082175,0.0081345,0.008380499999999999,1.7494980225129295,False,False
3477e494de0e1677418b4764a19e7ba3b12289dd4ce39a5c36b60f52b30dde33,6001215,64,bits-sq,32,512,16,selection_isolated,30,0.1093455,0.10920775,0.109711,0.580426263540795,False,False
3477e494de0e1677418b4764a19e7ba3b12289dd4ce39a5c36b60f52b30dde33,6001215,64,bits-sq,32,512,16,transform_isolated,30,0.047317,0.047237,0.047474499999999996,0.9788448126466175,False,False
3477e494de0e1677418b4764a19e7ba3b12289dd4ce39a5c36b60f52b30dde33,6001215,64,bits-sq,32,512,16,upload_shared,1,5.011583,5.011583,5.011583,1.0002540115568275,False,False
3477e494de0e1677418b4764a19e7ba3b12289dd4ce39a5c36b60f52b30dde33,6001215,64,bits-sq,128,128,4,download,30,0.008693,0.0085755,0.0091455,0.9959737720004601,False,False
3477e494de0e1677418b4764a19e7ba3b12289dd4ce39a5c36b60f52b30dde33,6001215,64,bits-sq,128,128,4,operator,30,0.193218,0.19282475,0.19359125,0.6166868511215311,False,False
3477e494de0e1677418b4764a19e7ba3b12289dd4ce39a5c36b60f52b30dde33,6001215,64,bits-sq,128,128,4,output_isolated,30,0.008207,0.0080795,0.008372999999999998,1.7517363226513951,False,False
3477e494de0e1677418b4764a19e7ba3b12289dd4ce39a5c36b60f52b30dde33,6001215,64,bits-sq,128,128,4,selection_isolated,30,0.14375299999999996,0.14346475,0.14395375,0.4415003512970165,False,False
3477e494de0e1677418b4764a19e7ba3b12289dd4ce39a5c36b60f52b30dde33,6001215,64,bits-sq,128,128,4,transform_isolated,30,0.047237,0.04713425,0.047362,0.980502572136249,False,False
3477e494de0e1677418b4764a19e7ba3b12289dd4ce39a5c36b60f52b30dde33,6001215,64,bits-sq,128,128,4,upload_shared,1,5.015169,5.015169,5.015169,0.9995387991910143,False,False
3477e494de0e1677418b4764a19e7ba3b12289dd4ce39a5c36b60f52b30dde33,6001215,64,bits-sq,128,128,7,download,30,0.008678499999999999,0.0085555,0.0094795,0.9976378406406637,False,False
3477e494de0e1677418b4764a19e7ba3b12289dd4ce39a5c36b60f52b30dde33,6001215,64,bits-sq,128,128,7,operator,30,0.1818055,0.18139675,0.18205325,0.6553982140254282,False,False
3477e494de0e1677418b4764a19e7ba3b12289dd4ce39a5c36b60f52b30dde33,6001215,64,bits-sq,128,128,7,output_isolated,30,0.0083525,0.008121999999999999,0.0085205,1.7212211912601016,False,False
3477e494de0e1677418b4764a19e7ba3b12289dd4ce39a5c36b60f52b30dde33,6001215,64,bits-sq,128,128,7,selection_isolated,30,0.1322355,0.13191,0.13248775,0.47995432391453124,False,False
3477e494de0e1677418b4764a19e7ba3b12289dd4ce39a5c36b60f52b30dde33,6001215,64,bits-sq,128,128,7,transform_isolated,30,0.047297000000000006,0.047226750000000005,0.047382,0.9792587267691395,False,False
3477e494de0e1677418b4764a19e7ba3b12289dd4ce39a5c36b60f52b30dde33,6001215,64,bits-sq,128,128,7,upload_shared,1,5.082792,5.082792,5.082792,0.9862406331008626,False,False
3477e494de0e1677418b4764a19e7ba3b12289dd4ce39a5c36b60f52b30dde33,6001215,64,bits-sq,128,128,8,download,30,0.008643,0.008558,0.00911875,1.0017355085039916,False,False
3477e494de0e1677418b4764a19e7ba3b12289dd4ce39a5c36b60f52b30dde33,6001215,64,bits-sq,128,128,8,operator,30,0.18158049999999998,0.18132750000000003,0.1821485,0.6562103309551411,False,False
3477e494de0e1677418b4764a19e7ba3b12289dd4ce39a5c36b60f52b30dde33,6001215,64,bits-sq,128,128,8,output_isolated,30,0.008232,0.008143,0.008412,1.7464164237123423,False,False
3477e494de0e1677418b4764a19e7ba3b12289dd4ce39a5c36b60f52b30dde33,6001215,64,bits-sq,128,128,8,selection_isolated,30,0.13216099999999997,0.131935,0.13228825,0.48022487723307183,False,False
3477e494de0e1677418b4764a19e7ba3b12289dd4ce39a5c36b60f52b30dde33,6001215,64,bits-sq,128,128,8,transform_isolated,30,0.047341,0.04723425,0.047536999999999996,0.9783485773431063,False,False
3477e494de0e1677418b4764a19e7ba3b12289dd4ce39a5c36b60f52b30dde33,6001215,64,bits-sq,128,128,8,upload_shared,1,5.095641,5.095641,5.095641,0.9837537613030433,False,False
3477e494de0e1677418b4764a19e7ba3b12289dd4ce39a5c36b60f52b30dde33,6001215,64,bits-sq,128,128,13,download,30,0.0087535,0.0085555,0.009269,0.9890900782544123,False,False
3477e494de0e1677418b4764a19e7ba3b12289dd4ce39a5c36b60f52b30dde33,6001215,64,bits-sq,128,128,13,operator,30,0.188421,0.1881775,0.18889350000000002,0.6323870481528067,False,False
3477e494de0e1677418b4764a19e7ba3b12289dd4ce39a5c36b60f52b30dde33,6001215,64,bits-sq,128,128,13,output_isolated,30,0.008317499999999999,0.008162,0.0084155,1.7284640817553354,False,False
3477e494de0e1677418b4764a19e7ba3b12289dd4ce39a5c36b60f52b30dde33,6001215,64,bits-sq,128,128,13,selection_isolated,30,0.138876,0.13864025,0.13904850000000002,0.4570048100463723,False,False
3477e494de0e1677418b4764a19e7ba3b12289dd4ce39a5c36b60f52b30dde33,6001215,64,bits-sq,128,128,13,transform_isolated,30,0.047267,0.04717125,0.047434500000000004,0.9798802547231682,False,False
3477e494de0e1677418b4764a19e7ba3b12289dd4ce39a5c36b60f52b30dde33,6001215,64,bits-sq,128,128,13,upload_shared,1,5.08774,5.08774,5.08774,0.9852814805788032,False,False
3477e494de0e1677418b4764a19e7ba3b12289dd4ce39a5c36b60f52b30dde33,6001215,64,bits-sq,128,128,16,download,30,0.008633,0.008487999999999999,0.009143249999999999,1.0028958647052009,False,False
3477e494de0e1677418b4764a19e7ba3b12289dd4ce39a5c36b60f52b30dde33,6001215,64,bits-sq,128,128,16,operator,30,0.190383,0.1900405,0.19081474999999998,0.6258699568764018,False,False
3477e494de0e1677418b4764a19e7ba3b12289dd4ce39a5c36b60f52b30dde33,6001215,64,bits-sq,128,128,16,output_isolated,30,0.008262499999999999,0.008174500000000001,0.008417250000000001,1.7399697428139185,False,False
3477e494de0e1677418b4764a19e7ba3b12289dd4ce39a5c36b60f52b30dde33,6001215,64,bits-sq,128,128,16,selection_isolated,30,0.1409185,0.140593,0.14106575,0.45038089392095426,False,False
3477e494de0e1677418b4764a19e7ba3b12289dd4ce39a5c36b60f52b30dde33,6001215,64,bits-sq,128,128,16,transform_isolated,30,0.047316,0.0470985,0.047442000000000005,0.978865500042269,False,False
3477e494de0e1677418b4764a19e7ba3b12289dd4ce39a5c36b60f52b30dde33,6001215,64,bits-sq,128,128,16,upload_shared,1,5.086608,5.086608,5.086608,0.9855007502052449,False,False
3477e494de0e1677418b4764a19e7ba3b12289dd4ce39a5c36b60f52b30dde33,6001215,64,bits-sq,128,256,4,download,30,0.008653000000000001,0.008566250000000001,0.00889375,1.000577834277129,False,False
3477e494de0e1677418b4764a19e7ba3b12289dd4ce39a5c36b60f52b30dde33,6001215,64,bits-sq,128,256,4,operator,30,0.15168500000000001,0.151129,0.15216325,0.7855424069617958,False,False
3477e494de0e1677418b4764a19e7ba3b12289dd4ce39a5c36b60f52b30dde33,6001215,64,bits-sq,128,256,4,output_isolated,30,0.008287,0.00812475,0.008483,1.7348256305056113,False,False
3477e494de0e1677418b4764a19e7ba3b12289dd4ce39a5c36b60f52b30dde33,6001215,64,bits-sq,128,256,4,selection_isolated,30,0.101894,0.10152150000000001,0.102285,0.6228727893693445,False,False
3477e494de0e1677418b4764a19e7ba3b12289dd4ce39a5c36b60f52b30dde33,6001215,64,bits-sq,128,256,4,transform_isolated,30,0.047427,0.047352000000000005,0.047571999999999996,0.9765745250595652,False,False
3477e494de0e1677418b4764a19e7ba3b12289dd4ce39a5c36b60f52b30dde33,6001215,64,bits-sq,128,256,4,upload_shared,1,5.08133,5.08133,5.08133,0.9865243942038797,False,False
3477e494de0e1677418b4764a19e7ba3b12289dd4ce39a5c36b60f52b30dde33,6001215,64,bits-sq,128,256,7,download,30,0.008698000000000001,0.00853475,0.00940975,0.9954012416647503,False,False
3477e494de0e1677418b4764a19e7ba3b12289dd4ce39a5c36b60f52b30dde33,6001215,64,bits-sq,128,256,7,operator,30,0.14109349999999998,0.14085874999999998,0.1415925,0.8445109094323977,False,False
3477e494de0e1677418b4764a19e7ba3b12289dd4ce39a5c36b60f52b30dde33,6001215,64,bits-sq,128,256,7,output_isolated,30,0.008192000000000001,0.0081045,0.0085055,1.7549438476562498,False,False
3477e494de0e1677418b4764a19e7ba3b12289dd4ce39a5c36b60f52b30dde33,6001215,64,bits-sq,128,256,7,selection_isolated,30,0.09178449999999999,0.091589,0.09203925,0.6914784086637722,False,False
3477e494de0e1677418b4764a19e7ba3b12289dd4ce39a5c36b60f52b30dde33,6001215,64,bits-sq,128,256,7,transform_isolated,30,0.047366500000000006,0.047231,0.047536999999999996,0.9778218783317322,False,False
3477e494de0e1677418b4764a19e7ba3b12289dd4ce39a5c36b60f52b30dde33,6001215,64,bits-sq,128,256,7,upload_shared,1,5.077984,5.077984,5.077984,0.9871744377296188,False,False
3477e494de0e1677418b4764a19e7ba3b12289dd4ce39a5c36b60f52b30dde33,6001215,64,bits-sq,128,256,8,download,30,0.008688,0.008493,0.0089805,0.9965469613259668,False,False
3477e494de0e1677418b4764a19e7ba3b12289dd4ce39a5c36b60f52b30dde33,6001215,64,bits-sq,128,256,8,operator,30,0.142496,0.14241249999999997,0.14281175000000002,0.8361989108466201,False,False
3477e494de0e1677418b4764a19e7ba3b12289dd4ce39a5c36b60f52b30dde33,6001215,64,bits-sq,128,256,8,output_isolated,30,0.008163,0.008076999999999999,0.008280250000000001,1.7611784883008699,False,False
3477e494de0e1677418b4764a19e7ba3b12289dd4ce39a5c36b60f52b30dde33,6001215,64,bits-sq,128,256,8,selection_isolated,30,0.093181,0.09295600000000001,0.09359675000000002,0.6811152488168188,False,False
3477e494de0e1677418b4764a19e7ba3b12289dd4ce39a5c36b60f52b30dde33,6001215,64,bits-sq,128,256,8,transform_isolated,30,0.047321999999999996,0.047244499999999995,0.047547,0.9787413887832298,False,False
3477e494de0e1677418b4764a19e7ba3b12289dd4ce39a5c36b60f52b30dde33,6001215,64,bits-sq,128,256,8,upload_shared,1,5.086928,5.086928,5.086928,0.985438755964307,False,False
3477e494de0e1677418b4764a19e7ba3b12289dd4ce39a5c36b60f52b30dde33,6001215,64,bits-sq,128,256,13,download,30,0.008593,0.008468,0.0088405,1.0075642965204235,False,False
3477e494de0e1677418b4764a19e7ba3b12289dd4ce39a5c36b60f52b30dde33,6001215,64,bits-sq,128,256,13,operator,30,0.149867,0.14957125,0.150138,0.7950716301787585,False,False
3477e494de0e1677418b4764a19e7ba3b12289dd4ce39a5c36b60f52b30dde33,6001215,64,bits-sq,128,256,13,output_isolated,30,0.008233,0.008098,0.00832275,1.7462042997692213,False,False
3477e494de0e1677418b4764a19e7ba3b12289dd4ce39a5c36b60f52b30dde33,6001215,64,bits-sq,128,256,13,selection_isolated,30,0.100282,0.10001874999999999,0.100517,0.6328852635567699,False,False
3477e494de0e1677418b4764a19e7ba3b12289dd4ce39a5c36b60f52b30dde33,6001215,64,bits-sq,128,256,13,transform_isolated,30,0.047242,0.047184500000000004,0.047417,0.9803987976800305,False,False
3477e494de0e1677418b4764a19e7ba3b12289dd4ce39a5c36b60f52b30dde33,6001215,64,bits-sq,128,256,13,upload_shared,1,5.08826,5.08826,5.08826,0.9851807887175578,False,False
3477e494de0e1677418b4764a19e7ba3b12289dd4ce39a5c36b60f52b30dde33,6001215,64,bits-sq,128,256,16,download,30,0.008798,0.0086005,0.009304,0.9840872925664923,False,False
3477e494de0e1677418b4764a19e7ba3b12289dd4ce39a5c36b60f52b30dde33,6001215,64,bits-sq,128,256,16,operator,30,0.153503,0.15295125,0.15385300000000002,0.7762389008683869,False,False
3477e494de0e1677418b4764a19e7ba3b12289dd4ce39a5c36b60f52b30dde33,6001215,64,bits-sq,128,256,16,output_isolated,30,0.008177,0.008032250000000001,0.0083705,1.7581631405160816,False,False
3477e494de0e1677418b4764a19e7ba3b12289dd4ce39a5c36b60f52b30dde33,6001215,64,bits-sq,128,256,16,selection_isolated,30,0.103507,0.1031235,0.103692,0.6131662592868115,False,False
3477e494de0e1677418b4764a19e7ba3b12289dd4ce39a5c36b60f52b30dde33,6001215,64,bits-sq,128,256,16,transform_isolated,30,0.047402,0.04723374999999999,0.047481999999999996,0.9770895742795662,False,False
3477e494de0e1677418b4764a19e7ba3b12289dd4ce39a5c36b60f52b30dde33,6001215,64,bits-sq,128,256,16,upload_shared,1,5.097214,5.097214,5.097214,0.9834501749387018,False,False
3477e494de0e1677418b4764a19e7ba3b12289dd4ce39a5c36b60f52b30dde33,6001215,64,bits-sq,128,512,4,download,30,0.008622999999999999,0.0084555,0.008803,1.0040589122115273,False,True
3477e494de0e1677418b4764a19e7ba3b12289dd4ce39a5c36b60f52b30dde33,6001215,64,bits-sq,128,512,4,operator,30,0.13968150000000001,0.139461,0.1401095,0.8530478266628007,False,True
3477e494de0e1677418b4764a19e7ba3b12289dd4ce39a5c36b60f52b30dde33,6001215,64,bits-sq,128,512,4,output_isolated,30,0.008157000000000001,0.008032,0.008298,1.7624739487556698,False,True
3477e494de0e1677418b4764a19e7ba3b12289dd4ce39a5c36b60f52b30dde33,6001215,64,bits-sq,128,512,4,selection_isolated,30,0.090247,0.0900795,0.0905045,0.7032588340886677,False,True
3477e494de0e1677418b4764a19e7ba3b12289dd4ce39a5c36b60f52b30dde33,6001215,64,bits-sq,128,512,4,transform_isolated,30,0.0473165,0.047212000000000004,0.04738950000000001,0.97885515623514,False,True
3477e494de0e1677418b4764a19e7ba3b12289dd4ce39a5c36b60f52b30dde33,6001215,64,bits-sq,128,512,4,upload_shared,1,5.077323,5.077323,5.077323,0.9873029547263391,False,True
3477e494de0e1677418b4764a19e7ba3b12289dd4ce39a5c36b60f52b30dde33,6001215,64,bits-sq,128,512,7,download,30,0.008598000000000001,0.008532250000000002,0.009143749999999999,1.006978367062107,False,False
3477e494de0e1677418b4764a19e7ba3b12289dd4ce39a5c36b60f52b30dde33,6001215,64,bits-sq,128,512,7,operator,30,0.160758,0.16012549999999998,0.16091375,0.7412072805085905,False,False
3477e494de0e1677418b4764a19e7ba3b12289dd4ce39a5c36b60f52b30dde33,6001215,64,bits-sq,128,512,7,output_isolated,30,0.008323,0.008252,0.0084805,1.7273218791301213,False,False
3477e494de0e1677418b4764a19e7ba3b12289dd4ce39a5c36b60f52b30dde33,6001215,64,bits-sq,128,512,7,selection_isolated,30,0.111018,0.1109155,0.1113565,0.5716820695743032,False,False
3477e494de0e1677418b4764a19e7ba3b12289dd4ce39a5c36b60f52b30dde33,6001215,64,bits-sq,128,512,7,transform_isolated,30,0.047120999999999996,0.0469735,0.0473595,0.9829163218098088,False,False
3477e494de0e1677418b4764a19e7ba3b12289dd4ce39a5c36b60f52b30dde33,6001215,64,bits-sq,128,512,7,upload_shared,1,5.09478,5.09478,5.09478,0.9839200122478301,False,False
3477e494de0e1677418b4764a19e7ba3b12289dd4ce39a5c36b60f52b30dde33,6001215,64,bits-sq,128,512,8,download,30,0.008553,0.00847475,0.008593,1.0122763942476323,True,False
3477e494de0e1677418b4764a19e7ba3b12289dd4ce39a5c36b60f52b30dde33,6001215,64,bits-sq,128,512,8,operator,30,0.138139,0.13772874999999998,0.13865499999999997,0.8625732052497845,True,False
3477e494de0e1677418b4764a19e7ba3b12289dd4ce39a5c36b60f52b30dde33,6001215,64,bits-sq,128,512,8,output_isolated,30,0.008212,0.008081999999999999,0.008313,1.7506697515830492,True,False
3477e494de0e1677418b4764a19e7ba3b12289dd4ce39a5c36b60f52b30dde33,6001215,64,bits-sq,128,512,8,selection_isolated,30,0.0887,0.08855925,0.08887500000000001,0.7155242390078917,True,False
3477e494de0e1677418b4764a19e7ba3b12289dd4ce39a5c36b60f52b30dde33,6001215,64,bits-sq,128,512,8,transform_isolated,30,0.047392000000000004,0.04728675,0.0475045,0.977295746117488,True,False
3477e494de0e1677418b4764a19e7ba3b12289dd4ce39a5c36b60f52b30dde33,6001215,64,bits-sq,128,512,8,upload_shared,1,5.007026000000001,5.007026000000001,5.007026000000001,1.0011643638359375,True,False
3477e494de0e1677418b4764a19e7ba3b12289dd4ce39a5c36b60f52b30dde33,6001215,64,bits-sq,128,512,13,download,30,0.008648,0.0085555,0.0093715,1.0011563367252543,False,False
3477e494de0e1677418b4764a19e7ba3b12289dd4ce39a5c36b60f52b30dde33,6001215,64,bits-sq,128,512,13,operator,30,0.1585705,0.15793400000000002,0.15883024999999998,0.7514323282073273,False,False
3477e494de0e1677418b4764a19e7ba3b12289dd4ce39a5c36b60f52b30dde33,6001215,64,bits-sq,128,512,13,output_isolated,30,0.0083475,0.00827225,0.00848775,1.722252171308775,False,False
3477e494de0e1677418b4764a19e7ba3b12289dd4ce39a5c36b60f52b30dde33,6001215,64,bits-sq,128,512,13,selection_isolated,30,0.108885,0.1086975,0.10912500000000001,0.5828810212609634,False,False
3477e494de0e1677418b4764a19e7ba3b12289dd4ce39a5c36b60f52b30dde33,6001215,64,bits-sq,128,512,13,transform_isolated,30,0.047106499999999996,0.04694124999999999,0.04719175,0.9832188763758717,False,False
3477e494de0e1677418b4764a19e7ba3b12289dd4ce39a5c36b60f52b30dde33,6001215,64,bits-sq,128,512,13,upload_shared,1,5.066687,5.066687,5.066687,0.9893755031640992,False,False
3477e494de0e1677418b4764a19e7ba3b12289dd4ce39a5c36b60f52b30dde33,6001215,64,bits-sq,128,512,16,download,30,0.008678,0.0085305,0.0091305,0.9976953215026503,False,False
3477e494de0e1677418b4764a19e7ba3b12289dd4ce39a5c36b60f52b30dde33,6001215,64,bits-sq,128,512,16,operator,30,0.163878,0.16336725,0.16411325000000002,0.7270957663627821,False,False
3477e494de0e1677418b4764a19e7ba3b12289dd4ce39a5c36b60f52b30dde33,6001215,64,bits-sq,128,512,16,output_isolated,30,0.008337,0.00818975,0.008420500000000001,1.7244212546479547,False,False
3477e494de0e1677418b4764a19e7ba3b12289dd4ce39a5c36b60f52b30dde33,6001215,64,bits-sq,128,512,16,selection_isolated,30,0.11422299999999999,0.11408475,0.11445800000000002,0.5556411580854994,False,False
3477e494de0e1677418b4764a19e7ba3b12289dd4ce39a5c36b60f52b30dde33,6001215,64,bits-sq,128,512,16,transform_isolated,30,0.047031500000000004,0.04692425,0.047166,0.9847867918310067,False,False
3477e494de0e1677418b4764a19e7ba3b12289dd4ce39a5c36b60f52b30dde33,6001215,64,bits-sq,128,512,16,upload_shared,1,5.081911,5.081911,5.081911,0.9864116077593647,False,False
3477e494de0e1677418b4764a19e7ba3b12289dd4ce39a5c36b60f52b30dde33,6001215,64,bits-sq,512,128,4,download,30,0.008633,0.00852325,0.00888825,1.0028958647052009,False,False
3477e494de0e1677418b4764a19e7ba3b12289dd4ce39a5c36b60f52b30dde33,6001215,64,bits-sq,512,128,4,operator,30,0.213949,0.21347325,0.214575,0.5569317921560746,False,False
3477e494de0e1677418b4764a19e7ba3b12289dd4ce39a5c36b60f52b30dde33,6001215,64,bits-sq,512,128,4,output_isolated,30,0.008262499999999999,0.008123,0.0083855,1.7399697428139185,False,False
3477e494de0e1677418b4764a19e7ba3b12289dd4ce39a5c36b60f52b30dde33,6001215,64,bits-sq,512,128,4,selection_isolated,30,0.16417900000000002,0.1638215,0.1643715,0.38657197327307385,False,False
3477e494de0e1677418b4764a19e7ba3b12289dd4ce39a5c36b60f52b30dde33,6001215,64,bits-sq,512,128,4,transform_isolated,30,0.0472215,0.047081,0.04729175,0.9808244126086634,False,False
3477e494de0e1677418b4764a19e7ba3b12289dd4ce39a5c36b60f52b30dde33,6001215,64,bits-sq,512,128,4,upload_shared,1,4.9980329999999995,4.9980329999999995,4.9980329999999995,1.0029657667326328,False,False
3477e494de0e1677418b4764a19e7ba3b12289dd4ce39a5c36b60f52b30dde33,6001215,64,bits-sq,512,128,7,download,30,0.008497999999999999,0.008453,0.008730749999999999,1.018827959519887,False,False
3477e494de0e1677418b4764a19e7ba3b12289dd4ce39a5c36b60f52b30dde33,6001215,64,bits-sq,512,128,7,operator,30,0.2057765,0.20545125000000003,0.20647274999999998,0.5790505718583026,False,False
3477e494de0e1677418b4764a19e7ba3b12289dd4ce39a5c36b60f52b30dde33,6001215,64,bits-sq,512,128,7,output_isolated,30,0.008208,0.0081245,0.00833025,1.7515229044834308,False,False
3477e494de0e1677418b4764a19e7ba3b12289dd4ce39a5c36b60f52b30dde33,6001215,64,bits-sq,512,128,7,selection_isolated,30,0.15593649999999998,0.155686,0.1561745,0.4070054156659923,False,False
3477e494de0e1677418b4764a19e7ba3b12289dd4ce39a5c36b60f52b30dde33,6001215,64,bits-sq,512,128,7,transform_isolated,30,0.0472165,0.04708375,0.047286999999999996,0.980928277191236,False,False
3477e494de0e1677418b4764a19e7ba3b12289dd4ce39a5c36b60f52b30dde33,6001215,64,bits-sq,512,128,7,upload_shared,1,5.062802,5.062802,5.062802,0.9901347119638494,False,False
3477e494de0e1677418b4764a19e7ba3b12289dd4ce39a5c36b60f52b30dde33,6001215,64,bits-sq,512,128,8,download,30,0.0088435,0.008603000000000001,0.009166500000000001,0.979024142025216,False,False
3477e494de0e1677418b4764a19e7ba3b12289dd4ce39a5c36b60f52b30dde33,6001215,64,bits-sq,512,128,8,operator,30,0.206994,0.206728,0.20736175,0.5756447046774302,False,False
3477e494de0e1677418b4764a19e7ba3b12289dd4ce39a5c36b60f52b30dde33,6001215,64,bits-sq,512,128,8,output_isolated,30,0.008257,0.0081295,0.008420500000000001,1.741128739251544,False,False
3477e494de0e1677418b4764a19e7ba3b12289dd4ce39a5c36b60f52b30dde33,6001215,64,bits-sq,512,128,8,selection_isolated,30,0.157674,0.157198,0.157904,0.40252039017212726,False,False
3477e494de0e1677418b4764a19e7ba3b12289dd4ce39a5c36b60f52b30dde33,6001215,64,bits-sq,512,128,8,transform_isolated,30,0.0471915,0.0470635,0.04729875,0.9814479302416749,False,False
3477e494de0e1677418b4764a19e7ba3b12289dd4ce39a5c36b60f52b30dde33,6001215,64,bits-sq,512,128,8,upload_shared,1,5.0912049999999995,5.0912049999999995,5.0912049999999995,0.9846109123478628,False,False
3477e494de0e1677418b4764a19e7ba3b12289dd4ce39a5c36b60f52b30dde33,6001215,64,bits-sq,512,128,13,download,30,0.008623500000000001,0.008503,0.00883125,1.0040006957731777,False,False
3477e494de0e1677418b4764a19e7ba3b12289dd4ce39a5c36b60f52b30dde33,6001215,64,bits-sq,512,128,13,operator,30,0.2186515,0.21845375,0.219167,0.5449539564100864,False,False
3477e494de0e1677418b4764a19e7ba3b12289dd4ce39a5c36b60f52b30dde33,6001215,64,bits-sq,512,128,13,output_isolated,30,0.0082525,0.008110250000000001,0.008515499999999999,1.7420781581338989,False,False
3477e494de0e1677418b4764a19e7ba3b12289dd4ce39a5c36b60f52b30dde33,6001215,64,bits-sq,512,128,13,selection_isolated,30,0.169747,0.1693645,0.170103,0.3738917329908628,False,False
3477e494de0e1677418b4764a19e7ba3b12289dd4ce39a5c36b60f52b30dde33,6001215,64,bits-sq,512,128,13,transform_isolated,30,0.046980999999999995,0.04683349999999999,0.047126249999999995,0.9858453417338925,False,False
3477e494de0e1677418b4764a19e7ba3b12289dd4ce39a5c36b60f52b30dde33,6001215,64,bits-sq,512,128,13,upload_shared,1,5.082992,5.082992,5.082992,0.986201827585013,False,False
3477e494de0e1677418b4764a19e7ba3b12289dd4ce39a5c36b60f52b30dde33,6001215,64,bits-sq,512,128,16,download,30,0.008718,0.008683,0.00909375,0.9931176875430143,False,False
3477e494de0e1677418b4764a19e7ba3b12289dd4ce39a5c36b60f52b30dde33,6001215,64,bits-sq,512,128,16,operator,30,0.224981,0.22466275000000002,0.2255695,0.5296225014556785,False,False
3477e494de0e1677418b4764a19e7ba3b12289dd4ce39a5c36b60f52b30dde33,6001215,64,bits-sq,512,128,16,output_isolated,30,0.0081975,0.00808275,0.008408,1.7537663921927418,False,False
3477e494de0e1677418b4764a19e7ba3b12289dd4ce39a5c36b60f52b30dde33,6001215,64,bits-sq,512,128,16,selection_isolated,30,0.175992,0.1753835,0.1763245,0.3606243465612073,False,False
3477e494de0e1677418b4764a19e7ba3b12289dd4ce39a5c36b60f52b30dde33,6001215,64,bits-sq,512,128,16,transform_isolated,30,0.047007,0.046886,0.047162,0.9853000616929393,False,False
3477e494de0e1677418b4764a19e7ba3b12289dd4ce39a5c36b60f52b30dde33,6001215,64,bits-sq,512,128,16,upload_shared,1,5.0764119999999995,5.0764119999999995,5.0764119999999995,0.9874801336061771,False,False
3477e494de0e1677418b4764a19e7ba3b12289dd4ce39a5c36b60f52b30dde33,6001215,64,bits-sq,512,256,4,download,30,0.0086585,0.008532999999999999,0.0090965,0.9999422532771265,False,False
3477e494de0e1677418b4764a19e7ba3b12289dd4ce39a5c36b60f52b30dde33,6001215,64,bits-sq,512,256,4,operator,30,0.186437,0.18578175,0.18693125000000002,0.6391166989385154,False,False
3477e494de0e1677418b4764a19e7ba3b12289dd4ce39a5c36b60f52b30dde33,6001215,64,bits-sq,512,256,4,output_isolated,30,0.0081425,0.0080545,0.008242,1.7656125268652134,False,False
3477e494de0e1677418b4764a19e7ba3b12289dd4ce39a5c36b60f52b30dde33,6001215,64,bits-sq,512,256,4,selection_isolated,30,0.136903,0.1365445,0.137243,0.46359100969299427,False,False
3477e494de0e1677418b4764a19e7ba3b12289dd4ce39a5c36b60f52b30dde33,6001215,64,bits-sq,512,256,4,transform_isolated,30,0.046991500000000005,0.046856,0.047216,0.9856250598512495,False,False
3477e494de0e1677418b4764a19e7ba3b12289dd4ce39a5c36b60f52b30dde33,6001215,64,bits-sq,512,256,4,upload_shared,1,5.079777,5.079777,5.079777,0.9868259964955155,False,False
3477e494de0e1677418b4764a19e7ba3b12289dd4ce39a5c36b60f52b30dde33,6001215,64,bits-sq,512,256,7,download,30,0.008738,0.008593,0.00963,0.9908445868619821,False,False
3477e494de0e1677418b4764a19e7ba3b12289dd4ce39a5c36b60f52b30dde33,6001215,64,bits-sq,512,256,7,operator,30,0.1802735,0.17982299999999998,0.1805065,0.6609679181909709,False,False
3477e494de0e1677418b4764a19e7ba3b12289dd4ce39a5c36b60f52b30dde33,6001215,64,bits-sq,512,256,7,output_isolated,30,0.008347499999999999,0.008121999999999999,0.0086255,1.7222521713087753,False,False
3477e494de0e1677418b4764a19e7ba3b12289dd4ce39a5c36b60f52b30dde33,6001215,64,bits-sq,512,256,7,selection_isolated,30,0.131379,0.13116899999999998,0.13178925,0.483083293372609,False,False
3477e494de0e1677418b4764a19e7ba3b12289dd4ce39a5c36b60f52b30dde33,6001215,64,bits-sq,512,256,7,transform_isolated,30,0.046545500000000004,0.0464835,0.046665,0.9950693407525968,False,False
3477e494de0e1677418b4764a19e7ba3b12289dd4ce39a5c36b60f52b30dde33,6001215,64,bits-sq,512,256,7,upload_shared,1,5.077443,5.077443,5.077443,0.9872796208642816,False,False
3477e494de0e1677418b4764a19e7ba3b12289dd4ce39a5c36b60f52b30dde33,6001215,64,bits-sq,512,256,8,download,30,0.008712999999999999,0.008468,0.009589,0.9936875932514634,False,False
3477e494de0e1677418b4764a19e7ba3b12289dd4ce39a5c36b60f52b30dde33,6001215,64,bits-sq,512,256,8,operator,30,0.18624249999999998,0.18574625,0.18689050000000001,0.6397841523819752,False,False
3477e494de0e1677418b4764a19e7ba3b12289dd4ce39a5c36b60f52b30dde33,6001215,64,bits-sq,512,256,8,output_isolated,30,0.008327000000000001,0.008107,0.0086455,1.7264921340218564,False,False
3477e494de0e1677418b4764a19e7ba3b12289dd4ce39a5c36b60f52b30dde33,6001215,64,bits-sq,512,256,8,selection_isolated,30,0.13723800000000003,0.13698275000000001,0.137704,0.46245937714044205,False,False
3477e494de0e1677418b4764a19e7ba3b12289dd4ce39a5c36b60f52b30dde33,6001215,64,bits-sq,512,256,8,transform_isolated,30,0.0464855,0.046385749999999996,0.046655,0.9963537016919254,False,False
3477e494de0e1677418b4764a19e7ba3b12289dd4ce39a5c36b60f52b30dde33,6001215,64,bits-sq,512,256,8,upload_shared,1,5.085986,5.085986,5.085986,0.985621273829696,False,False
3477e494de0e1677418b4764a19e7ba3b12289dd4ce39a5c36b60f52b30dde33,6001215,64,bits-sq,512,256,13,download,30,0.008578,0.008493,0.00871575,1.0093261832595009,False,False
3477e494de0e1677418b4764a19e7ba3b12289dd4ce39a5c36b60f52b30dde33,6001215,64,bits-sq,512,256,13,operator,30,0.19262649999999998,0.19201600000000002,0.19294450000000002,0.6185805172185551,False,False
3477e494de0e1677418b4764a19e7ba3b12289dd4ce39a5c36b60f52b30dde33,6001215,64,bits-sq,512,256,13,output_isolated,30,0.008263,0.0081945,0.00838225,1.7398644560087138,False,False
3477e494de0e1677418b4764a19e7ba3b12289dd4ce39a5c36b60f52b30dde33,6001215,64,bits-sq,512,256,13,selection_isolated,30,0.14331699999999997,0.14299625,0.143698,0.44284348681593955,False,False
3477e494de0e1677418b4764a19e7ba3b12289dd4ce39a5c36b60f52b30dde33,6001215,64,bits-sq,512,256,13,transform_isolated,30,0.046491,0.046365250000000004,0.0465985,0.9962358305908671,False,False
3477e494de0e1677418b4764a19e7ba3b12289dd4ce39a5c36b60f52b30dde33,6001215,64,bits-sq,512,256,13,upload_shared,1,5.096482,5.096482,5.096482,0.9835914263996224,False,False
3477e494de0e1677418b4764a19e7ba3b12289dd4ce39a5c36b60f52b30dde33,6001215,64,bits-sq,512,256,16,download,30,0.0086535,0.0085655,0.00911375,1.000520020800832,False,False
3477e494de0e1677418b4764a19e7ba3b12289dd4ce39a5c36b60f52b30dde33,6001215,64,bits-sq,512,256,16,operator,30,0.20215149999999998,0.2014,0.202562,0.5894341620022607,False,False
3477e494de0e1677418b4764a19e7ba3b12289dd4ce39a5c36b60f52b30dde33,6001215,64,bits-sq,512,256,16,output_isolated,30,0.008307499999999999,0.00815725,0.008413,1.730544688534457,False,False
3477e494de0e1677418b4764a19e7ba3b12289dd4ce39a5c36b60f52b30dde33,6001215,64,bits-sq,512,256,16,selection_isolated,30,0.1529265,0.15250350000000001,0.1535345,0.41501636407032133,False,False
3477e494de0e1677418b4764a19e7ba3b12289dd4ce39a5c36b60f52b30dde33,6001215,64,bits-sq,512,256,16,transform_isolated,30,0.046686,0.04660275,0.0467685,0.9920747119050678,False,False
3477e494de0e1677418b4764a19e7ba3b12289dd4ce39a5c36b60f52b30dde33,6001215,64,bits-sq,512,256,16,upload_shared,1,5.013537,5.013537,5.013537,0.9998641677522276,False,False
3477e494de0e1677418b4764a19e7ba3b12289dd4ce39a5c36b60f52b30dde33,6001215,64,bits-sq,512,512,4,download,30,0.008623,0.008547999999999998,0.00877075,1.004058912211527,False,False
3477e494de0e1677418b4764a19e7ba3b12289dd4ce39a5c36b60f52b30dde33,6001215,64,bits-sq,512,512,4,operator,30,0.18306699999999998,0.18271950000000003,0.18388374999999998,0.6508819175493126,False,False
3477e494de0e1677418b4764a19e7ba3b12289dd4ce39a5c36b60f52b30dde33,6001215,64,bits-sq,512,512,4,output_isolated,30,0.008248,0.008192250000000002,0.008440500000000002,1.7430286129970902,False,False
3477e494de0e1677418b4764a19e7ba3b12289dd4ce39a5c36b60f52b30dde33,6001215,64,bits-sq,512,512,4,selection_isolated,30,0.134143,0.13401875000000002,0.1343705,0.4731294215874104,False,False
3477e494de0e1677418b4764a19e7ba3b12289dd4ce39a5c36b60f52b30dde33,6001215,64,bits-sq,512,512,4,transform_isolated,30,0.04653499999999999,0.04641525,0.046631,0.9952938648329215,False,False
3477e494de0e1677418b4764a19e7ba3b12289dd4ce39a5c36b60f52b30dde33,6001215,64,bits-sq,512,512,4,upload_shared,1,5.084715,5.084715,5.084715,0.9858676444992492,False,False
3477e494de0e1677418b4764a19e7ba3b12289dd4ce39a5c36b60f52b30dde33,6001215,64,bits-sq,512,512,7,download,30,0.008598000000000001,0.008542250000000001,0.008968,1.006978367062107,False,False
3477e494de0e1677418b4764a19e7ba3b12289dd4ce39a5c36b60f52b30dde33,6001215,64,bits-sq,512,512,7,operator,30,0.21789599999999998,0.217349,0.218346,0.5468434482505415,False,False
3477e494de0e1677418b4764a19e7ba3b12289dd4ce39a5c36b60f52b30dde33,6001215,64,bits-sq,512,512,7,output_isolated,30,0.008378,0.008222,0.00854975,1.7159823346860827,False,False
3477e494de0e1677418b4764a19e7ba3b12289dd4ce39a5c36b60f52b30dde33,6001215,64,bits-sq,512,512,7,selection_isolated,30,0.168455,0.1681515,0.16874599999999998,0.37675937193909353,False,False
3477e494de0e1677418b4764a19e7ba3b12289dd4ce39a5c36b60f52b30dde33,6001215,64,bits-sq,512,512,7,transform_isolated,30,0.0463905,0.0462075,0.046477500000000005,0.9983940677509403,False,False
3477e494de0e1677418b4764a19e7ba3b12289dd4ce39a5c36b60f52b30dde33,6001215,64,bits-sq,512,512,7,upload_shared,1,5.0917460000000005,5.0917460000000005,5.0917460000000005,0.984506297054095,False,False
3477e494de0e1677418b4764a19e7ba3b12289dd4ce39a5c36b60f52b30dde33,6001215,64,bits-sq,512,512,8,download,30,0.008843,0.0086205,0.0093215,0.9790794979079497,False,False
3477e494de0e1677418b4764a19e7ba3b12289dd4ce39a5c36b60f52b30dde33,6001215,64,bits-sq,512,512,8,operator,30,0.19004300000000002,0.18942950000000003,0.19081475,0.626989681282657,False,False
3477e494de0e1677418b4764a19e7ba3b12289dd4ce39a5c36b60f52b30dde33,6001215,64,bits-sq,512,512,8,output_isolated,30,0.008388,0.00823525,0.008473,1.7139365760610397,False,False
3477e494de0e1677418b4764a19e7ba3b12289dd4ce39a5c36b60f52b30dde33,6001215,64,bits-sq,512,512,8,selection_isolated,30,0.14036300000000002,0.1400595,0.14073624999999998,0.4521633193932873,False,False
3477e494de0e1677418b4764a19e7ba3b12289dd4ce39a5c36b60f52b30dde33,6001215,64,bits-sq,512,512,8,transform_isolated,30,0.0466805,0.046571,0.0468335,0.9921916003470399,False,False
3477e494de0e1677418b4764a19e7ba3b12289dd4ce39a5c36b60f52b30dde33,6001215,64,bits-sq,512,512,8,upload_shared,1,5.092106,5.092106,5.092106,0.9844366947585145,False,False
3477e494de0e1677418b4764a19e7ba3b12289dd4ce39a5c36b60f52b30dde33,6001215,64,bits-sq,512,512,13,download,30,0.008758000000000002,0.008668,0.0090515,0.9885818680063938,False,False
3477e494de0e1677418b4764a19e7ba3b12289dd4ce39a5c36b60f52b30dde33,6001215,64,bits-sq,512,512,13,operator,30,0.219943,0.21955299999999997,0.22067399999999998,0.5417539998999741,False,False
3477e494de0e1677418b4764a19e7ba3b12289dd4ce39a5c36b60f52b30dde33,6001215,64,bits-sq,512,512,13,output_isolated,30,0.0083025,0.008167,0.008568,1.7315868714242697,False,False
3477e494de0e1677418b4764a19e7ba3b12289dd4ce39a5c36b60f52b30dde33,6001215,64,bits-sq,512,512,13,selection_isolated,30,0.17132950000000002,0.17100674999999999,0.1716325,0.37043824910479506,False,False
3477e494de0e1677418b4764a19e7ba3b12289dd4ce39a5c36b60f52b30dde33,6001215,64,bits-sq,512,512,13,transform_isolated,30,0.0463005,0.046205,0.04642275,1.00033476960292,False,False
3477e494de0e1677418b4764a19e7ba3b12289dd4ce39a5c36b60f52b30dde33,6001215,64,bits-sq,512,512,13,upload_shared,1,5.100068,5.100068,5.100068,0.9828998358453259,False,False
3477e494de0e1677418b4764a19e7ba3b12289dd4ce39a5c36b60f52b30dde33,6001215,64,bits-sq,512,512,16,download,30,0.008573,0.008487999999999999,0.0086905,1.00991484894436,False,False
3477e494de0e1677418b4764a19e7ba3b12289dd4ce39a5c36b60f52b30dde33,6001215,64,bits-sq,512,512,16,operator,30,0.23653849999999998,0.23604525,0.2368315,0.503744633537458,False,False
3477e494de0e1677418b4764a19e7ba3b12289dd4ce39a5c36b60f52b30dde33,6001215,64,bits-sq,512,512,16,output_isolated,30,0.0083975,0.00828225,0.008553,1.7119976183387913,False,False
3477e494de0e1677418b4764a19e7ba3b12289dd4ce39a5c36b60f52b30dde33,6001215,64,bits-sq,512,512,16,selection_isolated,30,0.1878245,0.187554,0.18806,0.3379058642509363,False,False
3477e494de0e1677418b4764a19e7ba3b12289dd4ce39a5c36b60f52b30dde33,6001215,64,bits-sq,512,512,16,transform_isolated,30,0.046220000000000004,0.046162499999999995,0.04633825,1.0020770229337947,False,False
3477e494de0e1677418b4764a19e7ba3b12289dd4ce39a5c36b60f52b30dde33,6001215,64,bits-sq,512,512,16,upload_shared,1,5.107600000000001,5.107600000000001,5.107600000000001,0.9814503876576082,False,False
3477e494de0e1677418b4764a19e7ba3b12289dd4ce39a5c36b60f52b30dde33,6001215,64,block-select,1,128,3,download,30,0.0156585,0.01429625,0.0162925,0.5529265255292652,False,False
3477e494de0e1677418b4764a19e7ba3b12289dd4ce39a5c36b60f52b30dde33,6001215,64,block-select,1,128,3,operator,30,21.6138155,21.49115475,21.718558500000004,0.005512909092797613,False,False
3477e494de0e1677418b4764a19e7ba3b12289dd4ce39a5c36b60f52b30dde33,6001215,64,block-select,1,128,3,output_isolated,30,0.01654,0.0156965,0.017701750000000002,0.8691958887545346,False,False
3477e494de0e1677418b4764a19e7ba3b12289dd4ce39a5c36b60f52b30dde33,6001215,64,block-select,1,128,3,selection_isolated,30,21.5490575,21.438860499999997,21.70036425,0.002945233219596727,False,False
3477e494de0e1677418b4764a19e7ba3b12289dd4ce39a5c36b60f52b30dde33,6001215,64,block-select,1,128,3,transform_isolated,30,0.048257999999999995,0.0480255,0.0485655,0.9597579675908657,False,False
3477e494de0e1677418b4764a19e7ba3b12289dd4ce39a5c36b60f52b30dde33,6001215,64,block-select,1,128,3,upload_shared,1,5.012856,5.012856,5.012856,1.0,False,False
3477e494de0e1677418b4764a19e7ba3b12289dd4ce39a5c36b60f52b30dde33,6001215,64,grid-select,1,0,0,download,30,0.0086485,0.008500500000000001,0.009041500000000001,1.001098456379719,True,True
3477e494de0e1677418b4764a19e7ba3b12289dd4ce39a5c36b60f52b30dde33,6001215,64,grid-select,1,0,0,operator,30,0.146822,0.14621125000000001,0.14760375,0.811560937734127,True,True
3477e494de0e1677418b4764a19e7ba3b12289dd4ce39a5c36b60f52b30dde33,6001215,64,grid-select,1,0,0,output_isolated,30,0.0082525,0.0081345,0.0083955,1.7420781581338989,True,True
3477e494de0e1677418b4764a19e7ba3b12289dd4ce39a5c36b60f52b30dde33,6001215,64,grid-select,1,0,0,selection_isolated,30,0.104258,0.10357975,0.104514,0.6087494484835696,True,True
3477e494de0e1677418b4764a19e7ba3b12289dd4ce39a5c36b60f52b30dde33,6001215,64,grid-select,1,0,0,transform_isolated,30,0.0470165,0.04688575,0.04713350000000001,0.985100975189561,True,True
3477e494de0e1677418b4764a19e7ba3b12289dd4ce39a5c36b60f52b30dde33,6001215,64,grid-select,1,0,0,upload_shared,1,5.012856,5.012856,5.012856,1.0,True,True
3477e494de0e1677418b4764a19e7ba3b12289dd4ce39a5c36b60f52b30dde33,6001215,128,air-topk,1,512,0,download,30,0.008793500000000001,0.0086905,0.008893999999999999,1.0,True,True
3477e494de0e1677418b4764a19e7ba3b12289dd4ce39a5c36b60f52b30dde33,6001215,128,air-topk,1,512,0,operator,30,0.1267875,0.12607849999999998,0.1274505,1.0,True,True
3477e494de0e1677418b4764a19e7ba3b12289dd4ce39a5c36b60f52b30dde33,6001215,128,air-topk,1,512,0,output_isolated,30,0.015664,0.015455750000000002,0.015854,1.0,True,True
3477e494de0e1677418b4764a19e7ba3b12289dd4ce39a5c36b60f52b30dde33,6001215,128,air-topk,1,512,0,selection_isolated,30,0.0694955,0.0690665,0.06986824999999999,1.0,True,True
3477e494de0e1677418b4764a19e7ba3b12289dd4ce39a5c36b60f52b30dde33,6001215,128,air-topk,1,512,0,transform_isolated,30,0.04618,0.0460725,0.0463275,1.0,True,True
3477e494de0e1677418b4764a19e7ba3b12289dd4ce39a5c36b60f52b30dde33,6001215,128,air-topk,1,512,0,upload_shared,1,5.09479,5.09479,5.09479,1.0,True,True
3477e494de0e1677418b4764a19e7ba3b12289dd4ce39a5c36b60f52b30dde33,6001215,128,bits-prefetch,1,128,4,download,30,0.011657,0.010821250000000001,0.012623750000000001,0.754353607274599,False,False
3477e494de0e1677418b4764a19e7ba3b12289dd4ce39a5c36b60f52b30dde33,6001215,128,bits-prefetch,1,128,4,operator,30,7.390468500000001,7.38840575,7.392130999999999,0.0171555429808002,False,False
3477e494de0e1677418b4764a19e7ba3b12289dd4ce39a5c36b60f52b30dde33,6001215,128,bits-prefetch,1,128,4,output_isolated,30,0.0122185,0.011404500000000001,0.012789749999999999,1.2819904243565086,False,False
3477e494de0e1677418b4764a19e7ba3b12289dd4ce39a5c36b60f52b30dde33,6001215,128,bits-prefetch,1,128,4,selection_isolated,30,7.3368775,7.33588025,7.33785825,0.009472081277082793,False,False
3477e494de0e1677418b4764a19e7ba3b12289dd4ce39a5c36b60f52b30dde33,6001215,128,bits-prefetch,1,128,4,transform_isolated,30,0.04786749999999999,0.04766525,0.04798975,0.9647464354729202,False,False
3477e494de0e1677418b4764a19e7ba3b12289dd4ce39a5c36b60f52b30dde33,6001215,128,bits-prefetch,1,128,4,upload_shared,1,5.090093,5.090093,5.090093,1.000922772923795,False,False
3477e494de0e1677418b4764a19e7ba3b12289dd4ce39a5c36b60f52b30dde33,6001215,128,bits-prefetch,1,128,7,download,30,0.010696,0.01000525,0.011918,0.8221297681376216,False,False
3477e494de0e1677418b4764a19e7ba3b12289dd4ce39a5c36b60f52b30dde33,6001215,128,bits-prefetch,1,128,7,operator,30,4.6376375,4.637106000000001,4.638568,0.027338812056785376,False,False
3477e494de0e1677418b4764a19e7ba3b12289dd4ce39a5c36b60f52b30dde33,6001215,128,bits-prefetch,1,128,7,output_isolated,30,0.011176499999999999,0.010538500000000001,0.01157975,1.4015121012839442,False,False
3477e494de0e1677418b4764a19e7ba3b12289dd4ce39a5c36b60f52b30dde33,6001215,128,bits-prefetch,1,128,7,selection_isolated,30,4.585793499999999,4.585007999999999,4.58655475,0.015154520150111428,False,False
3477e494de0e1677418b4764a19e7ba3b12289dd4ce39a5c36b60f52b30dde33,6001215,128,bits-prefetch,1,128,7,transform_isolated,30,0.047963,0.047814499999999996,0.048058,0.9628255113316515,False,False
3477e494de0e1677418b4764a19e7ba3b12289dd4ce39a5c36b60f52b30dde33,6001215,128,bits-prefetch,1,128,7,upload_shared,1,5.052496,5.052496,5.052496,1.0083709121194753,False,False
3477e494de0e1677418b4764a19e7ba3b12289dd4ce39a5c36b60f52b30dde33,6001215,128,bits-prefetch,1,128,8,download,30,0.010235999999999999,0.00998,0.010673500000000002,0.8590758108636188,False,False
3477e494de0e1677418b4764a19e7ba3b12289dd4ce39a5c36b60f52b30dde33,6001215,128,bits-prefetch,1,128,8,operator,30,4.310657,4.310220999999999,4.31124025,0.029412569824043062,False,False
3477e494de0e1677418b4764a19e7ba3b12289dd4ce39a5c36b60f52b30dde33,6001215,128,bits-prefetch,1,128,8,output_isolated,30,0.010761,0.01012075,0.011312,1.4556268004832267,False,False
3477e494de0e1677418b4764a19e7ba3b12289dd4ce39a5c36b60f52b30dde33,6001215,128,bits-prefetch,1,128,8,selection_isolated,30,4.258333,4.25786875,4.258617999999999,0.01631988386065627,False,False
3477e494de0e1677418b4764a19e7ba3b12289dd4ce39a5c36b60f52b30dde33,6001215,128,bits-prefetch,1,128,8,transform_isolated,30,0.0477575,0.04765475,0.04791025,0.9669685389729361,False,False
3477e494de0e1677418b4764a19e7ba3b12289dd4ce39a5c36b60f52b30dde33,6001215,128,bits-prefetch,1,128,8,upload_shared,1,5.0813500000000005,5.0813500000000005,5.0813500000000005,1.0026449663967252,False,False
3477e494de0e1677418b4764a19e7ba3b12289dd4ce39a5c36b60f52b30dde33,6001215,128,bits-prefetch,1,128,13,download,30,0.0104705,0.0098875,0.011562,0.8398357289527721,False,False
3477e494de0e1677418b4764a19e7ba3b12289dd4ce39a5c36b60f52b30dde33,6001215,128,bits-prefetch,1,128,13,operator,30,3.6371409999999997,3.6360215,3.637812,0.03485911049365422,False,False
3477e494de0e1677418b4764a19e7ba3b12289dd4ce39a5c36b60f52b30dde33,6001215,128,bits-prefetch,1,128,13,output_isolated,30,0.010586,0.010381,0.01089375,1.4796901568108825,False,False
3477e494de0e1677418b4764a19e7ba3b12289dd4ce39a5c36b60f52b30dde33,6001215,128,bits-prefetch,1,128,13,selection_isolated,30,3.5847119999999997,3.5841235,3.585478,0.01938663412848787,False,False
3477e494de0e1677418b4764a19e7ba3b12289dd4ce39a5c36b60f52b30dde33,6001215,128,bits-prefetch,1,128,13,transform_isolated,30,0.0478775,0.0476045,0.048043,0.9645449323795101,False,False
3477e494de0e1677418b4764a19e7ba3b12289dd4ce39a5c36b60f52b30dde33,6001215,128,bits-prefetch,1,128,13,upload_shared,1,5.0804279999999995,5.0804279999999995,5.0804279999999995,1.002826927180151,False,False
3477e494de0e1677418b4764a19e7ba3b12289dd4ce39a5c36b60f52b30dde33,6001215,128,bits-prefetch,1,128,16,download,30,0.010170499999999999,0.009715000000000001,0.01079175,0.8646084263310557,False,False
3477e494de0e1677418b4764a19e7ba3b12289dd4ce39a5c36b60f52b30dde33,6001215,128,bits-prefetch,1,128,16,operator,30,3.2903355,3.2898975000000004,3.29127475,0.03853330458246583,False,False
3477e494de0e1677418b4764a19e7ba3b12289dd4ce39a5c36b60f52b30dde33,6001215,128,bits-prefetch,1,128,16,output_isolated,30,0.010526,0.0099975,0.010849500000000002,1.488124643739312,False,False
3477e494de0e1677418b4764a19e7ba3b12289dd4ce39a5c36b60f52b30dde33,6001215,128,bits-prefetch,1,128,16,selection_isolated,30,3.238342,3.2378785,3.23852225,0.021460210193981984,False,False
3477e494de0e1677418b4764a19e7ba3b12289dd4ce39a5c36b60f52b30dde33,6001215,128,bits-prefetch,1,128,16,transform_isolated,30,0.047912500000000004,0.04774775,0.048055499999999994,0.9638403339420818,False,False
3477e494de0e1677418b4764a19e7ba3b12289dd4ce39a5c36b60f52b30dde33,6001215,128,bits-prefetch,1,128,16,upload_shared,1,5.012726000000001,5.012726000000001,5.012726000000001,1.0163711321943387,False,False
3477e494de0e1677418b4764a19e7ba3b12289dd4ce39a5c36b60f52b30dde33,6001215,128,bits-prefetch,1,256,4,download,30,0.010225,0.0098675,0.01075375,0.8600000000000001,False,False
3477e494de0e1677418b4764a19e7ba3b12289dd4ce39a5c36b60f52b30dde33,6001215,128,bits-prefetch,1,256,4,operator,30,4.0535665,4.0525459999999995,4.05441875,0.03127801159793481,False,False
3477e494de0e1677418b4764a19e7ba3b12289dd4ce39a5c36b60f52b30dde33,6001215,128,bits-prefetch,1,256,4,output_isolated,30,0.011077,0.010666249999999999,0.011398,1.4141012909632573,False,False
3477e494de0e1677418b4764a19e7ba3b12289dd4ce39a5c36b60f52b30dde33,6001215,128,bits-prefetch,1,256,4,selection_isolated,30,4.001729,4.0013404999999995,4.002605,0.017366368387264606,False,False
3477e494de0e1677418b4764a19e7ba3b12289dd4ce39a5c36b60f52b30dde33,6001215,128,bits-prefetch,1,256,4,transform_isolated,30,0.0477825,0.04760775,0.0478655,0.9664626170669178,False,False
3477e494de0e1677418b4764a19e7ba3b12289dd4ce39a5c36b60f52b30dde33,6001215,128,bits-prefetch,1,256,4,upload_shared,1,5.103864,5.103864,5.103864,0.9982221313107089,False,False
3477e494de0e1677418b4764a19e7ba3b12289dd4ce39a5c36b60f52b30dde33,6001215,128,bits-prefetch,1,256,7,download,30,0.00994,0.0094015,0.0108545,0.8846579476861168,False,False
3477e494de0e1677418b4764a19e7ba3b12289dd4ce39a5c36b60f52b30dde33,6001215,128,bits-prefetch,1,256,7,operator,30,2.628323,2.6274184999999997,2.629034,0.04823893410360903,False,False
3477e494de0e1677418b4764a19e7ba3b12289dd4ce39a5c36b60f52b30dde33,6001215,128,bits-prefetch,1,256,7,output_isolated,30,0.0098395,0.009541750000000002,0.010782000000000002,1.5919508105086642,False,False
3477e494de0e1677418b4764a19e7ba3b12289dd4ce39a5c36b60f52b30dde33,6001215,128,bits-prefetch,1,256,7,selection_isolated,30,2.5762085000000003,2.57574475,2.57678425,0.026975883357267083,False,False
3477e494de0e1677418b4764a19e7ba3b12289dd4ce39a5c36b60f52b30dde33,6001215,128,bits-prefetch,1,256,7,transform_isolated,30,0.047767500000000004,0.047592,0.04796475,0.9667661066624796,False,False
3477e494de0e1677418b4764a19e7ba3b12289dd4ce39a5c36b60f52b30dde33,6001215,128,bits-prefetch,1,256,7,upload_shared,1,5.10805,5.10805,5.10805,0.9974040974540185,False,False
3477e494de0e1677418b4764a19e7ba3b12289dd4ce39a5c36b60f52b30dde33,6001215,128,bits-prefetch,1,256,8,download,30,0.010025,0.009769,0.010466,0.8771571072319204,False,False
3477e494de0e1677418b4764a19e7ba3b12289dd4ce39a5c36b60f52b30dde33,6001215,128,bits-prefetch,1,256,8,operator,30,2.4769685,2.47640975,2.47736075,0.05118656131476844,False,False
3477e494de0e1677418b4764a19e7ba3b12289dd4ce39a5c36b60f52b30dde33,6001215,128,bits-prefetch,1,256,8,output_isolated,30,0.010069999999999999,0.00974675,0.010526,1.5555114200595832,False,False
3477e494de0e1677418b4764a19e7ba3b12289dd4ce39a5c36b60f52b30dde33,6001215,128,bits-prefetch,1,256,8,selection_isolated,30,2.4255905,2.4252000000000002,2.4262435,0.028650961487522317,False,False
3477e494de0e1677418b4764a19e7ba3b12289dd4ce39a5c36b60f52b30dde33,6001215,128,bits-prefetch,1,256,8,transform_isolated,30,0.047821999999999996,0.047739500000000004,0.04790525,0.965664338588934,False,False
3477e494de0e1677418b4764a19e7ba3b12289dd4ce39a5c36b60f52b30dde33,6001215,128,bits-prefetch,1,256,8,upload_shared,1,5.014238,5.014238,5.014238,1.0160646542904426,False,False
3477e494de0e1677418b4764a19e7ba3b12289dd4ce39a5c36b60f52b30dde33,6001215,128,bits-prefetch,1,256,13,download,30,0.009729499999999999,0.00941425,0.01000825,0.9037977285574801,False,False
3477e494de0e1677418b4764a19e7ba3b12289dd4ce39a5c36b60f52b30dde33,6001215,128,bits-prefetch,1,256,13,operator,30,2.1151345,2.11412875,2.11547275,0.0599429965328446,False,False
3477e494de0e1677418b4764a19e7ba3b12289dd4ce39a5c36b60f52b30dde33,6001215,128,bits-prefetch,1,256,13,output_isolated,30,0.009955499999999999,0.009765000000000001,0.01026,1.5734016372859225,False,False
3477e494de0e1677418b4764a19e7ba3b12289dd4ce39a5c36b60f52b30dde33,6001215,128,bits-prefetch,1,256,13,selection_isolated,30,2.063567,2.0631517500000003,2.06415025,0.03367736545505913,False,False
3477e494de0e1677418b4764a19e7ba3b12289dd4ce39a5c36b60f52b30dde33,6001215,128,bits-prefetch,1,256,13,transform_isolated,30,0.047848,0.047712750000000005,0.048030500000000004,0.9651396087610767,False,False
3477e494de0e1677418b4764a19e7ba3b12289dd4ce39a5c36b60f52b30dde33,6001215,128,bits-prefetch,1,256,13,upload_shared,1,5.096302,5.096302,5.096302,0.9997033142855349,False,False
3477e494de0e1677418b4764a19e7ba3b12289dd4ce39a5c36b60f52b30dde33,6001215,128,bits-prefetch,1,256,16,download,30,0.009659999999999998,0.009364,0.0102075,0.9103002070393377,False,False
3477e494de0e1677418b4764a19e7ba3b12289dd4ce39a5c36b60f52b30dde33,6001215,128,bits-prefetch,1,256,16,operator,30,2.040462,2.0400685000000003,2.0411002499999995,0.062136663167459125,False,False
3477e494de0e1677418b4764a19e7ba3b12289dd4ce39a5c36b60f52b30dde33,6001215,128,bits-prefetch,1,256,16,output_isolated,30,0.009575,0.0092865,0.0099275,1.6359268929503916,False,False
3477e494de0e1677418b4764a19e7ba3b12289dd4ce39a5c36b60f52b30dde33,6001215,128,bits-prefetch,1,256,16,selection_isolated,30,1.9891535,1.9888107499999998,1.989744,0.03493722329624134,False,False
3477e494de0e1677418b4764a19e7ba3b12289dd4ce39a5c36b60f52b30dde33,6001215,128,bits-prefetch,1,256,16,transform_isolated,30,0.047792,0.04763275,0.04797950000000001,0.966270505523937,False,False
3477e494de0e1677418b4764a19e7ba3b12289dd4ce39a5c36b60f52b30dde33,6001215,128,bits-prefetch,1,256,16,upload_shared,1,4.98936,4.98936,4.98936,1.0211309666971315,False,False
3477e494de0e1677418b4764a19e7ba3b12289dd4ce39a5c36b60f52b30dde33,6001215,128,bits-prefetch,1,512,4,download,30,0.00987,0.009554,0.01013575,0.8909321175278623,False,False
3477e494de0e1677418b4764a19e7ba3b12289dd4ce39a5c36b60f52b30dde33,6001215,128,bits-prefetch,1,512,4,operator,30,2.180874,2.1804715,2.181365,0.05813609589549877,False,False
3477e494de0e1677418b4764a19e7ba3b12289dd4ce39a5c36b60f52b30dde33,6001215,128,bits-prefetch,1,512,4,output_isolated,30,0.010110000000000001,0.00957725,0.01070425,1.5493570722057368,False,False
3477e494de0e1677418b4764a19e7ba3b12289dd4ce39a5c36b60f52b30dde33,6001215,128,bits-prefetch,1,512,4,selection_isolated,30,2.1298874999999997,2.1294095,2.1302030000000003,0.032628718652980504,False,False
3477e494de0e1677418b4764a19e7ba3b12289dd4ce39a5c36b60f52b30dde33,6001215,128,bits-prefetch,1,512,4,transform_isolated,30,0.047742,0.04764525,0.047912,0.9672824766453018,False,False
3477e494de0e1677418b4764a19e7ba3b12289dd4ce39a5c36b60f52b30dde33,6001215,128,bits-prefetch,1,512,4,upload_shared,1,5.010693,5.010693,5.010693,1.0167835067923738,False,False
3477e494de0e1677418b4764a19e7ba3b12289dd4ce39a5c36b60f52b30dde33,6001215,128,bits-prefetch,1,512,7,download,30,0.00978,0.009256499999999999,0.01014325,0.8991308793456033,False,False
3477e494de0e1677418b4764a19e7ba3b12289dd4ce39a5c36b60f52b30dde33,6001215,128,bits-prefetch,1,512,7,operator,30,1.6105205,1.61001225,1.610911,0.07872454898897592,False,False
3477e494de0e1677418b4764a19e7ba3b12289dd4ce39a5c36b60f52b30dde33,6001215,128,bits-prefetch,1,512,7,output_isolated,30,0.009469499999999999,0.0092465,0.01006,1.654152806378373,False,False
3477e494de0e1677418b4764a19e7ba3b12289dd4ce39a5c36b60f52b30dde33,6001215,128,bits-prefetch,1,512,7,selection_isolated,30,1.5595485,1.5591054999999998,1.5599314999999998,0.044561294502864134,False,False
3477e494de0e1677418b4764a19e7ba3b12289dd4ce39a5c36b60f52b30dde33,6001215,128,bits-prefetch,1,512,7,transform_isolated,30,0.0477325,0.047611999999999995,0.047862749999999996,0.9674749908343372,False,False
3477e494de0e1677418b4764a19e7ba3b12289dd4ce39a5c36b60f52b30dde33,6001215,128,bits-prefetch,1,512,7,upload_shared,1,5.044734,5.044734,5.044734,1.0099224260387167,False,False
3477e494de0e1677418b4764a19e7ba3b12289dd4ce39a5c36b60f52b30dde33,6001215,128,bits-prefetch,1,512,8,download,30,0.009454,0.00889325,0.010083249999999998,0.9301353924264862,False,False
3477e494de0e1677418b4764a19e7ba3b12289dd4ce39a5c36b60f52b30dde33,6001215,128,bits-prefetch,1,512,8,operator,30,1.5426075,1.542147,1.5430055,0.08219038219378552,False,False
3477e494de0e1677418b4764a19e7ba3b12289dd4ce39a5c36b60f52b30dde33,6001215,128,bits-prefetch,1,512,8,output_isolated,30,0.009609,0.009306499999999999,0.009874999999999998,1.6301384119055053,False,False
3477e494de0e1677418b4764a19e7ba3b12289dd4ce39a5c36b60f52b30dde33,6001215,128,bits-prefetch,1,512,8,selection_isolated,30,1.491876,1.49153,1.4921309999999999,0.04658262482940942,False,False
3477e494de0e1677418b4764a19e7ba3b12289dd4ce39a5c36b60f52b30dde33,6001215,128,bits-prefetch,1,512,8,transform_isolated,30,0.0477625,0.047611999999999995,0.047852,0.9668673122219315,False,False
3477e494de0e1677418b4764a19e7ba3b12289dd4ce39a5c36b60f52b30dde33,6001215,128,bits-prefetch,1,512,8,upload_shared,1,5.076792,5.076792,5.076792,1.0035451521354428,False,False
3477e494de0e1677418b4764a19e7ba3b12289dd4ce39a5c36b60f52b30dde33,6001215,128,bits-prefetch,1,512,13,download,30,0.009454,0.0090965,0.0099575,0.9301353924264862,False,False
3477e494de0e1677418b4764a19e7ba3b12289dd4ce39a5c36b60f52b30dde33,6001215,128,bits-prefetch,1,512,13,operator,30,1.460067,1.4595485,1.460839,0.08683676844966703,False,False
3477e494de0e1677418b4764a19e7ba3b12289dd4ce39a5c36b60f52b30dde33,6001215,128,bits-prefetch,1,512,13,output_isolated,30,0.009424,0.009189000000000001,0.009932500000000002,1.6621392190152802,False,False
3477e494de0e1677418b4764a19e7ba3b12289dd4ce39a5c36b60f52b30dde33,6001215,128,bits-prefetch,1,512,13,selection_isolated,30,1.409341,1.40897425,1.409681,0.04931063525434937,False,False
3477e494de0e1677418b4764a19e7ba3b12289dd4ce39a5c36b60f52b30dde33,6001215,128,bits-prefetch,1,512,13,transform_isolated,30,0.047767000000000004,0.0475645,0.0480005,0.9667762262649946,False,False
3477e494de0e1677418b4764a19e7ba3b12289dd4ce39a5c36b60f52b30dde33,6001215,128,bits-prefetch,1,512,13,upload_shared,1,5.084956,5.084956,5.084956,1.0019339400380258,False,False
3477e494de0e1677418b4764a19e7ba3b12289dd4ce39a5c36b60f52b30dde33,6001215,128,bits-prefetch,1,512,16,download,30,0.00963,0.0090465,0.01030825,0.9131360332294913,True,False
3477e494de0e1677418b4764a19e7ba3b12289dd4ce39a5c36b60f52b30dde33,6001215,128,bits-prefetch,1,512,16,operator,30,1.386791,1.3862135,1.3873570000000002,0.09142509577867176,True,False
3477e494de0e1677418b4764a19e7ba3b12289dd4ce39a5c36b60f52b30dde33,6001215,128,bits-prefetch,1,512,16,output_isolated,30,0.009595,0.0092165,0.009864999999999999,1.632516935904117,True,False
3477e494de0e1677418b4764a19e7ba3b12289dd4ce39a5c36b60f52b30dde33,6001215,128,bits-prefetch,1,512,16,selection_isolated,30,1.334722,1.334427,1.3352612500000003,0.05206739680622632,True,False
3477e494de0e1677418b4764a19e7ba3b12289dd4ce39a5c36b60f52b30dde33,6001215,128,bits-prefetch,1,512,16,transform_isolated,30,0.0477375,0.047587750000000005,0.0478645,0.9673736580256611,True,False
3477e494de0e1677418b4764a19e7ba3b12289dd4ce39a5c36b60f52b30dde33,6001215,128,bits-prefetch,1,512,16,upload_shared,1,5.09479,5.09479,5.09479,1.0,True,False
3477e494de0e1677418b4764a19e7ba3b12289dd4ce39a5c36b60f52b30dde33,6001215,128,bits-sq,8,128,4,download,30,0.0095995,0.008846500000000002,0.0099675,0.9160372936090422,False,False
3477e494de0e1677418b4764a19e7ba3b12289dd4ce39a5c36b60f52b30dde33,6001215,128,bits-sq,8,128,4,operator,30,1.1480139999999999,1.1474440000000001,1.1483875000000001,0.11044072633260571,False,False
3477e494de0e1677418b4764a19e7ba3b12289dd4ce39a5c36b60f52b30dde33,6001215,128,bits-sq,8,128,4,output_isolated,30,0.009133500000000001,0.008953000000000001,0.009499249999999999,1.7150052006350247,False,False
3477e494de0e1677418b4764a19e7ba3b12289dd4ce39a5c36b60f52b30dde33,6001215,128,bits-sq,8,128,4,selection_isolated,30,1.097178,1.09687525,1.0974855,0.06334022373762507,False,False
3477e494de0e1677418b4764a19e7ba3b12289dd4ce39a5c36b60f52b30dde33,6001215,128,bits-sq,8,128,4,transform_isolated,30,0.047642000000000004,0.0474295,0.04772975,0.9693127912346248,False,False
3477e494de0e1677418b4764a19e7ba3b12289dd4ce39a5c36b60f52b30dde33,6001215,128,bits-sq,8,128,4,upload_shared,1,5.090093,5.090093,5.090093,1.000922772923795,False,False
3477e494de0e1677418b4764a19e7ba3b12289dd4ce39a5c36b60f52b30dde33,6001215,128,bits-sq,8,128,7,download,30,0.009349,0.00886575,0.0098425,0.9405818804150178,False,False
3477e494de0e1677418b4764a19e7ba3b12289dd4ce39a5c36b60f52b30dde33,6001215,128,bits-sq,8,128,7,operator,30,0.9538505,0.9536074999999999,0.9544334999999999,0.13292177338062935,False,False
3477e494de0e1677418b4764a19e7ba3b12289dd4ce39a5c36b60f52b30dde33,6001215,128,bits-sq,8,128,7,output_isolated,30,0.009073,0.0089065,0.00965175,1.7264410889452222,False,False
3477e494de0e1677418b4764a19e7ba3b12289dd4ce39a5c36b60f52b30dde33,6001215,128,bits-sq,8,128,7,selection_isolated,30,0.9035545,0.9032407499999999,0.90379725,0.07691345679757004,False,False
3477e494de0e1677418b4764a19e7ba3b12289dd4ce39a5c36b60f52b30dde33,6001215,128,bits-sq,8,128,7,transform_isolated,30,0.047727000000000006,0.047612749999999995,0.04790025,0.9675864814465606,False,False
3477e494de0e1677418b4764a19e7ba3b12289dd4ce39a5c36b60f52b30dde33,6001215,128,bits-sq,8,128,7,upload_shared,1,5.052496,5.052496,5.052496,1.0083709121194753,False,False
3477e494de0e1677418b4764a19e7ba3b12289dd4ce39a5c36b60f52b30dde33,6001215,128,bits-sq,8,128,8,download,30,0.009368999999999999,0.008783250000000001,0.00979,0.9385740207065858,False,False
3477e494de0e1677418b4764a19e7ba3b12289dd4ce39a5c36b60f52b30dde33,6001215,128,bits-sq,8,128,8,operator,30,0.940555,0.9400917500000001,0.94106925,0.13480072935660328,False,False
3477e494de0e1677418b4764a19e7ba3b12289dd4ce39a5c36b60f52b30dde33,6001215,128,bits-sq,8,128,8,output_isolated,30,0.008808,0.008550499999999999,0.009429,1.7783832879200727,False,False
3477e494de0e1677418b4764a19e7ba3b12289dd4ce39a5c36b60f52b30dde33,6001215,128,bits-sq,8,128,8,selection_isolated,30,0.8899790000000001,0.889813,0.890199,0.07808667395522816,False,False
3477e494de0e1677418b4764a19e7ba3b12289dd4ce39a5c36b60f52b30dde33,6001215,128,bits-sq,8,128,8,transform_isolated,30,0.047607,0.04752449999999999,0.0477395,0.9700254164303569,False,False
3477e494de0e1677418b4764a19e7ba3b12289dd4ce39a5c36b60f52b30dde33,6001215,128,bits-sq,8,128,8,upload_shared,1,5.0813500000000005,5.0813500000000005,5.0813500000000005,1.0026449663967252,False,False
3477e494de0e1677418b4764a19e7ba3b12289dd4ce39a5c36b60f52b30dde33,6001215,128,bits-sq,8,128,13,download,30,0.009199,0.008712999999999999,0.009519,0.955919121643657,False,False
3477e494de0e1677418b4764a19e7ba3b12289dd4ce39a5c36b60f52b30dde33,6001215,128,bits-sq,8,128,13,operator,30,0.876448,0.8762405,0.8767055000000001,0.14466060736061923,False,False
3477e494de0e1677418b4764a19e7ba3b12289dd4ce39a5c36b60f52b30dde33,6001215,128,bits-sq,8,128,13,output_isolated,30,0.008908,0.008630500000000001,0.009035749999999999,1.758419398293669,False,False
3477e494de0e1677418b4764a19e7ba3b12289dd4ce39a5c36b60f52b30dde33,6001215,128,bits-sq,8,128,13,selection_isolated,30,0.8261815,0.825826,0.8265155,0.08411650466634753,False,False
3477e494de0e1677418b4764a19e7ba3b12289dd4ce39a5c36b60f52b30dde33,6001215,128,bits-sq,8,128,13,transform_isolated,30,0.047657000000000005,0.047552000000000004,0.047722,0.9690077008624125,False,False
3477e494de0e1677418b4764a19e7ba3b12289dd4ce39a5c36b60f52b30dde33,6001215,128,bits-sq,8,128,13,upload_shared,1,5.0804279999999995,5.0804279999999995,5.0804279999999995,1.002826927180151,False,False
3477e494de0e1677418b4764a19e7ba3b12289dd4ce39a5c36b60f52b30dde33,6001215,128,bits-sq,8,128,16,download,30,0.009379,0.0088055,0.009985,0.9375733020577888,False,False
3477e494de0e1677418b4764a19e7ba3b12289dd4ce39a5c36b60f52b30dde33,6001215,128,bits-sq,8,128,16,operator,30,0.87128,0.87080225,0.8720070000000001,0.14551866219814524,False,False
3477e494de0e1677418b4764a19e7ba3b12289dd4ce39a5c36b60f52b30dde33,6001215,128,bits-sq,8,128,16,output_isolated,30,0.0087385,0.008420500000000001,0.00939425,1.7925273216227042,False,False
3477e494de0e1677418b4764a19e7ba3b12289dd4ce39a5c36b60f52b30dde33,6001215,128,bits-sq,8,128,16,selection_isolated,30,0.8208340000000001,0.820463,0.8211115,0.08466449976487328,False,False
3477e494de0e1677418b4764a19e7ba3b12289dd4ce39a5c36b60f52b30dde33,6001215,128,bits-sq,8,128,16,transform_isolated,30,0.0476825,0.047562,0.047817,0.9684894877575629,False,False
3477e494de0e1677418b4764a19e7ba3b12289dd4ce39a5c36b60f52b30dde33,6001215,128,bits-sq,8,128,16,upload_shared,1,5.012726000000001,5.012726000000001,5.012726000000001,1.0163711321943387,False,False
3477e494de0e1677418b4764a19e7ba3b12289dd4ce39a5c36b60f52b30dde33,6001215,128,bits-sq,8,256,4,download,30,0.009188,0.008663,0.009572250000000001,0.9570635611667393,False,False
3477e494de0e1677418b4764a19e7ba3b12289dd4ce39a5c36b60f52b30dde33,6001215,128,bits-sq,8,256,4,operator,30,0.6664,0.6659039999999998,0.6667500000000001,0.19025735294117646,False,False
3477e494de0e1677418b4764a19e7ba3b12289dd4ce39a5c36b60f52b30dde33,6001215,128,bits-sq,8,256,4,output_isolated,30,0.0088585,0.0086755,0.009153250000000002,1.7682451882372863,False,False
3477e494de0e1677418b4764a19e7ba3b12289dd4ce39a5c36b60f52b30dde33,6001215,128,bits-sq,8,256,4,selection_isolated,30,0.6162034999999999,0.6160055,0.6164765,0.1127801124141619,False,False
3477e494de0e1677418b4764a19e7ba3b12289dd4ce39a5c36b60f52b30dde33,6001215,128,bits-sq,8,256,4,transform_isolated,30,0.047536999999999996,0.047442,0.047662,0.9714538149231126,False,False
3477e494de0e1677418b4764a19e7ba3b12289dd4ce39a5c36b60f52b30dde33,6001215,128,bits-sq,8,256,4,upload_shared,1,5.103864,5.103864,5.103864,0.9982221313107089,False,False
3477e494de0e1677418b4764a19e7ba3b12289dd4ce39a5c36b60f52b30dde33,6001215,128,bits-sq,8,256,7,download,30,0.009114,0.008728999999999999,0.0094065,0.9648343208251042,False,False
3477e494de0e1677418b4764a19e7ba3b12289dd4ce39a5c36b60f52b30dde33,6001215,128,bits-sq,8,256,7,operator,30,0.5531630000000001,0.5528505,0.5536865000000001,0.22920459249805208,False,False
3477e494de0e1677418b4764a19e7ba3b12289dd4ce39a5c36b60f52b30dde33,6001215,128,bits-sq,8,256,7,output_isolated,30,0.008628,0.00837775,0.00891075,1.8154844691701437,False,False
3477e494de0e1677418b4764a19e7ba3b12289dd4ce39a5c36b60f52b30dde33,6001215,128,bits-sq,8,256,7,selection_isolated,30,0.5029475,0.5027245,0.50325725,0.1381764498282624,False,False
3477e494de0e1677418b4764a19e7ba3b12289dd4ce39a5c36b60f52b30dde33,6001215,128,bits-sq,8,256,7,transform_isolated,30,0.047607,0.047457,0.047727250000000006,0.9700254164303569,False,False
3477e494de0e1677418b4764a19e7ba3b12289dd4ce39a5c36b60f52b30dde33,6001215,128,bits-sq,8,256,7,upload_shared,1,5.10805,5.10805,5.10805,0.9974040974540185,False,False
3477e494de0e1677418b4764a19e7ba3b12289dd4ce39a5c36b60f52b30dde33,6001215,128,bits-sq,8,256,8,download,30,0.0090635,0.008655749999999999,0.00939475,0.9702101837038672,False,False
3477e494de0e1677418b4764a19e7ba3b12289dd4ce39a5c36b60f52b30dde33,6001215,128,bits-sq,8,256,8,operator,30,0.5441590000000001,0.5438514999999999,0.5448025,0.2329971570809267,False,False
3477e494de0e1677418b4764a19e7ba3b12289dd4ce39a5c36b60f52b30dde33,6001215,128,bits-sq,8,256,8,output_isolated,30,0.008537999999999999,0.0083855,0.008698250000000001,1.8346216912625912,False,False
3477e494de0e1677418b4764a19e7ba3b12289dd4ce39a5c36b60f52b30dde33,6001215,128,bits-sq,8,256,8,selection_isolated,30,0.494059,0.49380550000000006,0.49437424999999996,0.14066235004321345,False,False
3477e494de0e1677418b4764a19e7ba3b12289dd4ce39a5c36b60f52b30dde33,6001215,128,bits-sq,8,256,8,transform_isolated,30,0.047602000000000005,0.047562,0.0477045,0.9701273055753958,False,False
3477e494de0e1677418b4764a19e7ba3b12289dd4ce39a5c36b60f52b30dde33,6001215,128,bits-sq,8,256,8,upload_shared,1,5.014238,5.014238,5.014238,1.0160646542904426,False,False
3477e494de0e1677418b4764a19e7ba3b12289dd4ce39a5c36b60f52b30dde33,6001215,128,bits-sq,8,256,13,download,30,0.008929,0.008753,0.009441499999999999,0.9848247284130364,False,False
3477e494de0e1677418b4764a19e7ba3b12289dd4ce39a5c36b60f52b30dde33,6001215,128,bits-sq,8,256,13,operator,30,0.5075890000000001,0.507289,0.5080625,0.24978378176044,False,False
3477e494de0e1677418b4764a19e7ba3b12289dd4ce39a5c36b60f52b30dde33,6001215,128,bits-sq,8,256,13,output_isolated,30,0.0087685,0.008630500000000001,0.00901325,1.7863944802417746,False,False
3477e494de0e1677418b4764a19e7ba3b12289dd4ce39a5c36b60f52b30dde33,6001215,128,bits-sq,8,256,13,selection_isolated,30,0.456967,0.4567045,0.45723549999999996,0.152079909490182,False,False
3477e494de0e1677418b4764a19e7ba3b12289dd4ce39a5c36b60f52b30dde33,6001215,128,bits-sq,8,256,13,transform_isolated,30,0.047602000000000005,0.047474499999999996,0.047819749999999994,0.9701273055753958,False,False
3477e494de0e1677418b4764a19e7ba3b12289dd4ce39a5c36b60f52b30dde33,6001215,128,bits-sq,8,256,13,upload_shared,1,5.096302,5.096302,5.096302,0.9997033142855349,False,False
3477e494de0e1677418b4764a19e7ba3b12289dd4ce39a5c36b60f52b30dde33,6001215,128,bits-sq,8,256,16,download,30,0.009114,0.008833,0.0094365,0.9648343208251042,False,False
3477e494de0e1677418b4764a19e7ba3b12289dd4ce39a5c36b60f52b30dde33,6001215,128,bits-sq,8,256,16,operator,30,0.5110545,0.510799,0.5117707499999999,0.248089978661767,False,False
3477e494de0e1677418b4764a19e7ba3b12289dd4ce39a5c36b60f52b30dde33,6001215,128,bits-sq,8,256,16,output_isolated,30,0.008603,0.008413,0.0087505,1.8207601999302572,False,False
3477e494de0e1677418b4764a19e7ba3b12289dd4ce39a5c36b60f52b30dde33,6001215,128,bits-sq,8,256,16,selection_isolated,30,0.46087849999999997,0.460708,0.46138375,0.15078919932259804,False,False
3477e494de0e1677418b4764a19e7ba3b12289dd4ce39a5c36b60f52b30dde33,6001215,128,bits-sq,8,256,16,transform_isolated,30,0.047647,0.04753975,0.04776225,0.9692110731000901,False,False
3477e494de0e1677418b4764a19e7ba3b12289dd4ce39a5c36b60f52b30dde33,6001215,128,bits-sq,8,256,16,upload_shared,1,4.98936,4.98936,4.98936,1.0211309666971315,False,False
3477e494de0e1677418b4764a19e7ba3b12289dd4ce39a5c36b60f52b30dde33,6001215,128,bits-sq,8,512,4,download,30,0.008843,0.008723249999999998,0.0092265,0.994402352142938,False,False
3477e494de0e1677418b4764a19e7ba3b12289dd4ce39a5c36b60f52b30dde33,6001215,128,bits-sq,8,512,4,operator,30,0.428114,0.42767125,0.428409,0.2961535946033066,False,False
3477e494de0e1677418b4764a19e7ba3b12289dd4ce39a5c36b60f52b30dde33,6001215,128,bits-sq,8,512,4,output_isolated,30,0.008613,0.008380499999999999,0.0089705,1.8186462324393358,False,False
3477e494de0e1677418b4764a19e7ba3b12289dd4ce39a5c36b60f52b30dde33,6001215,128,bits-sq,8,512,4,selection_isolated,30,0.37802800000000003,0.37756724999999997,0.378168,0.18383691155152526,False,False
3477e494de0e1677418b4764a19e7ba3b12289dd4ce39a5c36b60f52b30dde33,6001215,128,bits-sq,8,512,4,transform_isolated,30,0.047672,0.047582,0.047774750000000005,0.9687028024836382,False,False
3477e494de0e1677418b4764a19e7ba3b12289dd4ce39a5c36b60f52b30dde33,6001215,128,bits-sq,8,512,4,upload_shared,1,5.010693,5.010693,5.010693,1.0167835067923738,False,False
3477e494de0e1677418b4764a19e7ba3b12289dd4ce39a5c36b60f52b30dde33,6001215,128,bits-sq,8,512,7,download,30,0.0087885,0.008608250000000001,0.00937925,1.0005689253001082,False,False
3477e494de0e1677418b4764a19e7ba3b12289dd4ce39a5c36b60f52b30dde33,6001215,128,bits-sq,8,512,7,operator,30,0.36804699999999996,0.3675744999999999,0.368238,0.34448725298671096,False,False
3477e494de0e1677418b4764a19e7ba3b12289dd4ce39a5c36b60f52b30dde33,6001215,128,bits-sq,8,512,7,output_isolated,30,0.008382500000000001,0.00822225,0.008668,1.8686549358783178,False,False
3477e494de0e1677418b4764a19e7ba3b12289dd4ce39a5c36b60f52b30dde33,6001215,128,bits-sq,8,512,7,selection_isolated,30,0.318167,0.31794124999999995,0.31840025,0.21842460091712845,False,False
3477e494de0e1677418b4764a19e7ba3b12289dd4ce39a5c36b60f52b30dde33,6001215,128,bits-sq,8,512,7,transform_isolated,30,0.0476525,0.04753425,0.04774975,0.9690992078065159,False,False
3477e494de0e1677418b4764a19e7ba3b12289dd4ce39a5c36b60f52b30dde33,6001215,128,bits-sq,8,512,7,upload_shared,1,5.044734,5.044734,5.044734,1.0099224260387167,False,False
3477e494de0e1677418b4764a19e7ba3b12289dd4ce39a5c36b60f52b30dde33,6001215,128,bits-sq,8,512,8,download,30,0.009174,0.00877325,0.00957925,0.958524089819054,False,False
3477e494de0e1677418b4764a19e7ba3b12289dd4ce39a5c36b60f52b30dde33,6001215,128,bits-sq,8,512,8,operator,30,0.353175,0.35273750000000004,0.35380075,0.35899341686132935,False,False
3477e494de0e1677418b4764a19e7ba3b12289dd4ce39a5c36b60f52b30dde33,6001215,128,bits-sq,8,512,8,output_isolated,30,0.008458,0.00826725,0.008761249999999998,1.8519744620477654,False,False
3477e494de0e1677418b4764a19e7ba3b12289dd4ce39a5c36b60f52b30dde33,6001215,128,bits-sq,8,512,8,selection_isolated,30,0.302979,0.30274049999999997,0.303215,0.2293739830153245,False,False
3477e494de0e1677418b4764a19e7ba3b12289dd4ce39a5c36b60f52b30dde33,6001215,128,bits-sq,8,512,8,transform_isolated,30,0.0476625,0.047504500000000005,0.047767000000000004,0.9688958825072123,False,False
3477e494de0e1677418b4764a19e7ba3b12289dd4ce39a5c36b60f52b30dde33,6001215,128,bits-sq,8,512,8,upload_shared,1,5.076792,5.076792,5.076792,1.0035451521354428,False,False
3477e494de0e1677418b4764a19e7ba3b12289dd4ce39a5c36b60f52b30dde33,6001215,128,bits-sq,8,512,13,download,30,0.008933,0.008783250000000001,0.009389,0.9843837456621517,False,False
3477e494de0e1677418b4764a19e7ba3b12289dd4ce39a5c36b60f52b30dde33,6001215,128,bits-sq,8,512,13,operator,30,0.3448675,0.344427,0.345113,0.3676411955316172,False,False
3477e494de0e1677418b4764a19e7ba3b12289dd4ce39a5c36b60f52b30dde33,6001215,128,bits-sq,8,512,13,output_isolated,30,0.008643,0.00840225,0.008933749999999999,1.8123336804350343,False,False
3477e494de0e1677418b4764a19e7ba3b12289dd4ce39a5c36b60f52b30dde33,6001215,128,bits-sq,8,512,13,selection_isolated,30,0.29432100000000005,0.29400775,0.294917,0.23612144563248966,False,False
3477e494de0e1677418b4764a19e7ba3b12289dd4ce39a5c36b60f52b30dde33,6001215,128,bits-sq,8,512,13,transform_isolated,30,0.047527,0.047447,0.047689749999999996,0.9716582153302333,False,False
3477e494de0e1677418b4764a19e7ba3b12289dd4ce39a5c36b60f52b30dde33,6001215,128,bits-sq,8,512,13,upload_shared,1,5.084956,5.084956,5.084956,1.0019339400380258,False,False
3477e494de0e1677418b4764a19e7ba3b12289dd4ce39a5c36b60f52b30dde33,6001215,128,bits-sq,8,512,16,download,30,0.009369,0.009124,0.00965475,0.9385740207065856,False,False
3477e494de0e1677418b4764a19e7ba3b12289dd4ce39a5c36b60f52b30dde33,6001215,128,bits-sq,8,512,16,operator,30,0.34514849999999997,0.3445045,0.3455865,0.3673418832763289,False,False
3477e494de0e1677418b4764a19e7ba3b12289dd4ce39a5c36b60f52b30dde33,6001215,128,bits-sq,8,512,16,output_isolated,30,0.008503,0.00839225,0.0087005,1.8421733505821476,False,False
3477e494de0e1677418b4764a19e7ba3b12289dd4ce39a5c36b60f52b30dde33,6001215,128,bits-sq,8,512,16,selection_isolated,30,0.294061,0.29369500000000004,0.29420349999999995,0.2363302171998327,False,False
3477e494de0e1677418b4764a19e7ba3b12289dd4ce39a5c36b60f52b30dde33,6001215,128,bits-sq,8,512,16,transform_isolated,30,0.047782,0.0475445,0.04789275,0.9664727303168558,False,False
3477e494de0e1677418b4764a19e7ba3b12289dd4ce39a5c36b60f52b30dde33,6001215,128,bits-sq,8,512,16,upload_shared,1,5.09479,5.09479,5.09479,1.0,False,False
3477e494de0e1677418b4764a19e7ba3b12289dd4ce39a5c36b60f52b30dde33,6001215,128,bits-sq,32,128,4,download,30,0.009244,0.008783000000000001,0.009514000000000002,0.9512656858502814,False,False
3477e494de0e1677418b4764a19e7ba3b12289dd4ce39a5c36b60f52b30dde33,6001215,128,bits-sq,32,128,4,operator,30,0.401358,0.400857,0.40155125,0.31589628212219517,False,False
3477e494de0e1677418b4764a19e7ba3b12289dd4ce39a5c36b60f52b30dde33,6001215,128,bits-sq,32,128,4,output_isolated,30,0.0086185,0.0083355,0.008853,1.817485641352904,False,False
3477e494de0e1677418b4764a19e7ba3b12289dd4ce39a5c36b60f52b30dde33,6001215,128,bits-sq,32,128,4,selection_isolated,30,0.3513675,0.351147,0.351558,0.19778579407600305,False,False
3477e494de0e1677418b4764a19e7ba3b12289dd4ce39a5c36b60f52b30dde33,6001215,128,bits-sq,32,128,4,transform_isolated,30,0.047351500000000005,0.04726425000000001,0.04749450000000001,0.975259495475328,False,False
3477e494de0e1677418b4764a19e7ba3b12289dd4ce39a5c36b60f52b30dde33,6001215,128,bits-sq,32,128,4,upload_shared,1,5.079326,5.079326,5.079326,1.0030444984236098,False,False
3477e494de0e1677418b4764a19e7ba3b12289dd4ce39a5c36b60f52b30dde33,6001215,128,bits-sq,32,128,7,download,30,0.008899,0.008695499999999998,0.009532249999999999,0.988144735363524,False,False
3477e494de0e1677418b4764a19e7ba3b12289dd4ce39a5c36b60f52b30dde33,6001215,128,bits-sq,32,128,7,operator,30,0.358824,0.35839075,0.35935225,0.3533417497157381,False,False
3477e494de0e1677418b4764a19e7ba3b12289dd4ce39a5c36b60f52b30dde33,6001215,128,bits-sq,32,128,7,output_isolated,30,0.008452,0.00838475,0.008673,1.853289162328443,False,False
3477e494de0e1677418b4764a19e7ba3b12289dd4ce39a5c36b60f52b30dde33,6001215,128,bits-sq,32,128,7,selection_isolated,30,0.309229,0.3090055,0.30947399999999997,0.22473797735658688,False,False
3477e494de0e1677418b4764a19e7ba3b12289dd4ce39a5c36b60f52b30dde33,6001215,128,bits-sq,32,128,7,transform_isolated,30,0.047307,0.0472345,0.0474295,0.9761768871414378,False,False
3477e494de0e1677418b4764a19e7ba3b12289dd4ce39a5c36b60f52b30dde33,6001215,128,bits-sq,32,128,7,upload_shared,1,5.00874,5.00874,5.00874,1.0171799694134651,False,False
3477e494de0e1677418b4764a19e7ba3b12289dd4ce39a5c36b60f52b30dde33,6001215,128,bits-sq,32,128,8,download,30,0.0087885,0.008683,0.0093315,1.0005689253001082,False,False
3477e494de0e1677418b4764a19e7ba3b12289dd4ce39a5c36b60f52b30dde33,6001215,128,bits-sq,32,128,8,operator,30,0.35434200000000005,0.35399875,0.35469225,0.3578110977530182,False,False
3477e494de0e1677418b4764a19e7ba3b12289dd4ce39a5c36b60f52b30dde33,6001215,128,bits-sq,32,128,8,output_isolated,30,0.008542999999999999,0.0084055,0.008823000000000001,1.8335479339810374,False,False
3477e494de0e1677418b4764a19e7ba3b12289dd4ce39a5c36b60f52b30dde33,6001215,128,bits-sq,32,128,8,selection_isolated,30,0.30439099999999997,0.3042235,0.30471675,0.22830996974286366,False,False
3477e494de0e1677418b4764a19e7ba3b12289dd4ce39a5c36b60f52b30dde33,6001215,128,bits-sq,32,128,8,transform_isolated,30,0.047372000000000004,0.047191250000000004,0.047492,0.9748374567254917,False,False
3477e494de0e1677418b4764a19e7ba3b12289dd4ce39a5c36b60f52b30dde33,6001215,128,bits-sq,32,128,8,upload_shared,1,5.085676,5.085676,5.085676,1.001792092142716,False,False
3477e494de0e1677418b4764a19e7ba3b12289dd4ce39a5c36b60f52b30dde33,6001215,128,bits-sq,32,128,13,download,30,0.0088635,0.0087655,0.009337249999999998,0.9921024426016811,False,False
3477e494de0e1677418b4764a19e7ba3b12289dd4ce39a5c36b60f52b30dde33,6001215,128,bits-sq,32,128,13,operator,30,0.3532905,0.35290425,0.35352525,0.35887605242711024,False,False
3477e494de0e1677418b4764a19e7ba3b12289dd4ce39a5c36b60f52b30dde33,6001215,128,bits-sq,32,128,13,output_isolated,30,0.008487499999999999,0.00836525,0.0087105,1.8455375552282773,False,False
3477e494de0e1677418b4764a19e7ba3b12289dd4ce39a5c36b60f52b30dde33,6001215,128,bits-sq,32,128,13,selection_isolated,30,0.3033945,0.30320975,0.30364674999999997,0.22905985441397256,False,False
3477e494de0e1677418b4764a19e7ba3b12289dd4ce39a5c36b60f52b30dde33,6001215,128,bits-sq,32,128,13,transform_isolated,30,0.047311500000000006,0.047206,0.0474395,0.9760840387643595,False,False
3477e494de0e1677418b4764a19e7ba3b12289dd4ce39a5c36b60f52b30dde33,6001215,128,bits-sq,32,128,13,upload_shared,1,5.085506,5.085506,5.085506,1.0018255803847247,False,False
3477e494de0e1677418b4764a19e7ba3b12289dd4ce39a5c36b60f52b30dde33,6001215,128,bits-sq,32,128,16,download,30,0.008853,0.008708249999999999,0.009306499999999999,0.993279114424489,False,False
3477e494de0e1677418b4764a19e7ba3b12289dd4ce39a5c36b60f52b30dde33,6001215,128,bits-sq,32,128,16,operator,30,0.361648,0.36131525000000003,0.36213075000000006,0.3505826107153917,False,False
3477e494de0e1677418b4764a19e7ba3b12289dd4ce39a5c36b60f52b30dde33,6001215,128,bits-sq,32,128,16,output_isolated,30,0.0084725,0.00827025,0.00867625,1.8488049572145175,False,False
3477e494de0e1677418b4764a19e7ba3b12289dd4ce39a5c36b60f52b30dde33,6001215,128,bits-sq,32,128,16,selection_isolated,30,0.312053,0.31186800000000003,0.31240049999999997,0.22270415602477783,False,False
3477e494de0e1677418b4764a19e7ba3b12289dd4ce39a5c36b60f52b30dde33,6001215,128,bits-sq,32,128,16,transform_isolated,30,0.047372,0.04729425,0.047427000000000004,0.9748374567254918,False,False
3477e494de0e1677418b4764a19e7ba3b12289dd4ce39a5c36b60f52b30dde33,6001215,128,bits-sq,32,128,16,upload_shared,1,5.095591,5.095591,5.095591,0.9998428052800941,False,False
3477e494de0e1677418b4764a19e7ba3b12289dd4ce39a5c36b60f52b30dde33,6001215,128,bits-sq,32,256,4,download,30,0.0087785,0.008673,0.008918249999999999,1.001708720168594,False,False
3477e494de0e1677418b4764a19e7ba3b12289dd4ce39a5c36b60f52b30dde33,6001215,128,bits-sq,32,256,4,operator,30,0.262793,0.26241549999999997,0.2631715,0.48246148108967896,False,False
3477e494de0e1677418b4764a19e7ba3b12289dd4ce39a5c36b60f52b30dde33,6001215,128,bits-sq,32,256,4,output_isolated,30,0.008487999999999999,0.008327,0.008678,1.8454288407163058,False,False
3477e494de0e1677418b4764a19e7ba3b12289dd4ce39a5c36b60f52b30dde33,6001215,128,bits-sq,32,256,4,selection_isolated,30,0.213198,0.2128755,0.2134605,0.3259669415285322,False,False
3477e494de0e1677418b4764a19e7ba3b12289dd4ce39a5c36b60f52b30dde33,6001215,128,bits-sq,32,256,4,transform_isolated,30,0.047432,0.04728625,0.04751699999999999,0.9736043177601619,False,False
3477e494de0e1677418b4764a19e7ba3b12289dd4ce39a5c36b60f52b30dde33,6001215,128,bits-sq,32,256,4,upload_shared,1,5.077573999999999,5.077573999999999,5.077573999999999,1.003390595587578,False,False
3477e494de0e1677418b4764a19e7ba3b12289dd4ce39a5c36b60f52b30dde33,6001215,128,bits-sq,32,256,7,download,30,0.0088685,0.00874575,0.009309,0.9915431019901901,False,False
3477e494de0e1677418b4764a19e7ba3b12289dd4ce39a5c36b60f52b30dde33,6001215,128,bits-sq,32,256,7,operator,30,0.237765,0.23741749999999998,0.238126,0.5332471137467667,False,False
3477e494de0e1677418b4764a19e7ba3b12289dd4ce39a5c36b60f52b30dde33,6001215,128,bits-sq,32,256,7,output_isolated,30,0.0084975,0.00833975,0.008733000000000001,1.8433656957928803,False,False
3477e494de0e1677418b4764a19e7ba3b12289dd4ce39a5c36b60f52b30dde33,6001215,128,bits-sq,32,256,7,selection_isolated,30,0.18823050000000002,0.18810249999999998,0.18835274999999999,0.3692042469206637,False,False
3477e494de0e1677418b4764a19e7ba3b12289dd4ce39a5c36b60f52b30dde33,6001215,128,bits-sq,32,256,7,transform_isolated,30,0.047352000000000005,0.047267,0.047489500000000004,0.9752491974995775,False,False
3477e494de0e1677418b4764a19e7ba3b12289dd4ce39a5c36b60f52b30dde33,6001215,128,bits-sq,32,256,7,upload_shared,1,5.09498,5.09498,5.09498,0.999962708391397,False,False
3477e494de0e1677418b4764a19e7ba3b12289dd4ce39a5c36b60f52b30dde33,6001215,128,bits-sq,32,256,8,download,30,0.008733,0.0086655,0.0091915,1.0069277453337915,False,False
3477e494de0e1677418b4764a19e7ba3b12289dd4ce39a5c36b60f52b30dde33,6001215,128,bits-sq,32,256,8,operator,30,0.236393,0.23608275,0.23685399999999998,0.5363420236639833,False,False
3477e494de0e1677418b4764a19e7ba3b12289dd4ce39a5c36b60f52b30dde33,6001215,128,bits-sq,32,256,8,output_isolated,30,0.008478,0.008303,0.008623750000000001,1.8476055673507905,False,False
3477e494de0e1677418b4764a19e7ba3b12289dd4ce39a5c36b60f52b30dde33,6001215,128,bits-sq,32,256,8,selection_isolated,30,0.186643,0.18647225,0.1867505,0.37234452939569124,False,False
3477e494de0e1677418b4764a19e7ba3b12289dd4ce39a5c36b60f52b30dde33,6001215,128,bits-sq,32,256,8,transform_isolated,30,0.047411499999999995,0.04728125,0.04749950000000001,0.9740252892230788,False,False
3477e494de0e1677418b4764a19e7ba3b12289dd4ce39a5c36b60f52b30dde33,6001215,128,bits-sq,32,256,8,upload_shared,1,5.068911,5.068911,5.068911,1.0051054358618645,False,False
3477e494de0e1677418b4764a19e7ba3b12289dd4ce39a5c36b60f52b30dde33,6001215,128,bits-sq,32,256,13,download,30,0.008883,0.008688,0.009344,0.9899245750309581,False,False
3477e494de0e1677418b4764a19e7ba3b12289dd4ce39a5c36b60f52b30dde33,6001215,128,bits-sq,32,256,13,operator,30,0.239348,0.23901224999999998,0.23974625,0.5297203235456323,False,False
3477e494de0e1677418b4764a19e7ba3b12289dd4ce39a5c36b60f52b30dde33,6001215,128,bits-sq,32,256,13,output_isolated,30,0.008432499999999999,0.008285250000000001,0.008601249999999998,1.8575748591758081,False,False
3477e494de0e1677418b4764a19e7ba3b12289dd4ce39a5c36b60f52b30dde33,6001215,128,bits-sq,32,256,13,selection_isolated,30,0.189537,0.189297,0.18993474999999999,0.3666592802460733,False,False
3477e494de0e1677418b4764a19e7ba3b12289dd4ce39a5c36b60f52b30dde33,6001215,128,bits-sq,32,256,13,transform_isolated,30,0.047332,0.047242,0.047488749999999996,0.975661286233415,False,False
3477e494de0e1677418b4764a19e7ba3b12289dd4ce39a5c36b60f52b30dde33,6001215,128,bits-sq,32,256,13,upload_shared,1,5.091725,5.091725,5.091725,1.0006019570970544,False,False
3477e494de0e1677418b4764a19e7ba3b12289dd4ce39a5c36b60f52b30dde33,6001215,128,bits-sq,32,256,16,download,30,0.008712999999999999,0.008558,0.009144000000000001,1.009239068059222,False,False
3477e494de0e1677418b4764a19e7ba3b12289dd4ce39a5c36b60f52b30dde33,6001215,128,bits-sq,32,256,16,operator,30,0.2463935,0.245973,0.24664400000000003,0.5145732334659803,False,False
3477e494de0e1677418b4764a19e7ba3b12289dd4ce39a5c36b60f52b30dde33,6001215,128,bits-sq,32,256,16,output_isolated,30,0.008522499999999999,0.00835225,0.008872999999999999,1.837958345555882,False,False
3477e494de0e1677418b4764a19e7ba3b12289dd4ce39a5c36b60f52b30dde33,6001215,128,bits-sq,32,256,16,selection_isolated,30,0.19658799999999998,0.19642549999999998,0.196903,0.35350835249353985,False,False
3477e494de0e1677418b4764a19e7ba3b12289dd4ce39a5c36b60f52b30dde33,6001215,128,bits-sq,32,256,16,transform_isolated,30,0.047377,0.047252,0.047459499999999995,0.9747345758490406,False,False
3477e494de0e1677418b4764a19e7ba3b12289dd4ce39a5c36b60f52b30dde33,6001215,128,bits-sq,32,256,16,upload_shared,1,5.078326000000001,5.078326000000001,5.078326000000001,1.0032420132145907,False,False
3477e494de0e1677418b4764a19e7ba3b12289dd4ce39a5c36b60f52b30dde33,6001215,128,bits-sq,32,512,4,download,30,0.008778000000000001,0.008693,0.009504,1.0017657780815676,False,False
3477e494de0e1677418b4764a19e7ba3b12289dd4ce39a5c36b60f52b30dde33,6001215,128,bits-sq,32,512,4,operator,30,0.1964825,0.19595975000000002,0.19699075,0.6452864758947998,False,False
3477e494de0e1677418b4764a19e7ba3b12289dd4ce39a5c36b60f52b30dde33,6001215,128,bits-sq,32,512,4,output_isolated,30,0.0084675,0.008355499999999998,0.008613,1.8498966637142016,False,False
3477e494de0e1677418b4764a19e7ba3b12289dd4ce39a5c36b60f52b30dde33,6001215,128,bits-sq,32,512,4,selection_isolated,30,0.146427,0.1462195,0.1467005,0.4746085079937443,False,False
3477e494de0e1677418b4764a19e7ba3b12289dd4ce39a5c36b60f52b30dde33,6001215,128,bits-sq,32,512,4,transform_isolated,30,0.047426499999999996,0.047286,0.0475295,0.9737172256017206,False,False
3477e494de0e1677418b4764a19e7ba3b12289dd4ce39a5c36b60f52b30dde33,6001215,128,bits-sq,32,512,4,upload_shared,1,5.081529000000001,5.081529000000001,5.081529000000001,1.0026096476080328,False,False
3477e494de0e1677418b4764a19e7ba3b12289dd4ce39a5c36b60f52b30dde33,6001215,128,bits-sq,32,512,7,download,30,0.008733000000000001,0.008628750000000001,0.00940175,1.0069277453337913,False,False
3477e494de0e1677418b4764a19e7ba3b12289dd4ce39a5c36b60f52b30dde33,6001215,128,bits-sq,32,512,7,operator,30,0.180809,0.1804165,0.18113149999999997,0.7012233904285738,False,False
3477e494de0e1677418b4764a19e7ba3b12289dd4ce39a5c36b60f52b30dde33,6001215,128,bits-sq,32,512,7,output_isolated,30,0.008477499999999999,0.008274749999999999,0.008638,1.8477145384842233,False,False
3477e494de0e1677418b4764a19e7ba3b12289dd4ce39a5c36b60f52b30dde33,6001215,128,bits-sq,32,512,7,selection_isolated,30,0.131244,0.13105375000000002,0.131389,0.5295137301514736,False,False
3477e494de0e1677418b4764a19e7ba3b12289dd4ce39a5c36b60f52b30dde33,6001215,128,bits-sq,32,512,7,transform_isolated,30,0.047411999999999996,0.047226,0.047667,0.9740150172951996,False,False
3477e494de0e1677418b4764a19e7ba3b12289dd4ce39a5c36b60f52b30dde33,6001215,128,bits-sq,32,512,7,upload_shared,1,5.004403,5.004403,5.004403,1.0180614950474611,False,False
3477e494de0e1677418b4764a19e7ba3b12289dd4ce39a5c36b60f52b30dde33,6001215,128,bits-sq,32,512,8,download,30,0.008702999999999999,0.008598,0.00881125,1.0103987130874414,False,False
3477e494de0e1677418b4764a19e7ba3b12289dd4ce39a5c36b60f52b30dde33,6001215,128,bits-sq,32,512,8,operator,30,0.176998,0.17662224999999998,0.177369,0.7163216533520153,False,False
3477e494de0e1677418b4764a19e7ba3b12289dd4ce39a5c36b60f52b30dde33,6001215,128,bits-sq,32,512,8,output_isolated,30,0.008352499999999999,0.008287,0.008542999999999999,1.8753666566896143,False,False
3477e494de0e1677418b4764a19e7ba3b12289dd4ce39a5c36b60f52b30dde33,6001215,128,bits-sq,32,512,8,selection_isolated,30,0.127193,0.126892,0.1276405,0.546378338430574,False,False
3477e494de0e1677418b4764a19e7ba3b12289dd4ce39a5c36b60f52b30dde33,6001215,128,bits-sq,32,512,8,transform_isolated,30,0.047402,0.04727175000000001,0.0474895,0.974220497025442,False,False
3477e494de0e1677418b4764a19e7ba3b12289dd4ce39a5c36b60f52b30dde33,6001215,128,bits-sq,32,512,8,upload_shared,1,5.070112,5.070112,5.070112,1.0048673480980301,False,False
3477e494de0e1677418b4764a19e7ba3b12289dd4ce39a5c36b60f52b30dde33,6001215,128,bits-sq,32,512,13,download,30,0.009034,0.008773000000000001,0.012869750000000001,0.9733783484613683,False,False
3477e494de0e1677418b4764a19e7ba3b12289dd4ce39a5c36b60f52b30dde33,6001215,128,bits-sq,32,512,13,operator,30,0.183193,0.18030049999999997,0.18632975000000002,0.6920979513409355,False,False
3477e494de0e1677418b4764a19e7ba3b12289dd4ce39a5c36b60f52b30dde33,6001215,128,bits-sq,32,512,13,output_isolated,30,0.0087935,0.008438000000000001,0.0110895,1.781315744584068,False,False
3477e494de0e1677418b4764a19e7ba3b12289dd4ce39a5c36b60f52b30dde33,6001215,128,bits-sq,32,512,13,selection_isolated,30,0.13119399999999998,0.13049725,0.13380025,0.529715535771453,False,False
3477e494de0e1677418b4764a19e7ba3b12289dd4ce39a5c36b60f52b30dde33,6001215,128,bits-sq,32,512,13,transform_isolated,30,0.047527,0.0473345,0.04978575,0.9716582153302333,False,False
3477e494de0e1677418b4764a19e7ba3b12289dd4ce39a5c36b60f52b30dde33,6001215,128,bits-sq,32,512,13,upload_shared,1,5.07501,5.07501,5.07501,1.0038975292659522,False,False
3477e494de0e1677418b4764a19e7ba3b12289dd4ce39a5c36b60f52b30dde33,6001215,128,bits-sq,32,512,16,download,30,0.0089035,0.00876625,0.00963175,0.9876453080249341,False,False
3477e494de0e1677418b4764a19e7ba3b12289dd4ce39a5c36b60f52b30dde33,6001215,128,bits-sq,32,512,16,operator,30,0.182647,0.1822035,0.183198,0.6941668902308825,False,False
3477e494de0e1677418b4764a19e7ba3b12289dd4ce39a5c36b60f52b30dde33,6001215,128,bits-sq,32,512,16,output_isolated,30,0.0082775,0.0081645,0.0085555,1.892358803986711,False,False
3477e494de0e1677418b4764a19e7ba3b12289dd4ce39a5c36b60f52b30dde33,6001215,128,bits-sq,32,512,16,selection_isolated,30,0.1327415,0.13249275000000002,0.13296375000000002,0.5235401136795953,False,False
3477e494de0e1677418b4764a19e7ba3b12289dd4ce39a5c36b60f52b30dde33,6001215,128,bits-sq,32,512,16,transform_isolated,30,0.047292,0.04721425,0.04743175,0.9764865093461896,False,False
3477e494de0e1677418b4764a19e7ba3b12289dd4ce39a5c36b60f52b30dde33,6001215,128,bits-sq,32,512,16,upload_shared,1,5.07503,5.07503,5.07503,1.003893573042918,False,False
3477e494de0e1677418b4764a19e7ba3b12289dd4ce39a5c36b60f52b30dde33,6001215,128,bits-sq,128,128,4,download,30,0.008963,0.00884625,0.00944475,0.9810889211201607,False,False
3477e494de0e1677418b4764a19e7ba3b12289dd4ce39a5c36b60f52b30dde33,6001215,128,bits-sq,128,128,4,operator,30,0.23946800000000001,0.23875200000000002,0.239863,0.5294548749728565,False,False
3477e494de0e1677418b4764a19e7ba3b12289dd4ce39a5c36b60f52b30dde33,6001215,128,bits-sq,128,128,4,output_isolated,30,0.008428000000000001,0.00826475,0.0087405,1.858566682486948,False,False
3477e494de0e1677418b4764a19e7ba3b12289dd4ce39a5c36b60f52b30dde33,6001215,128,bits-sq,128,128,4,selection_isolated,30,0.18956699999999999,0.1893145,0.1896745,0.366601254437745,False,False
3477e494de0e1677418b4764a19e7ba3b12289dd4ce39a5c36b60f52b30dde33,6001215,128,bits-sq,128,128,4,transform_isolated,30,0.04738150000000001,0.047342,0.047509499999999996,0.9746420016251067,False,False
3477e494de0e1677418b4764a19e7ba3b12289dd4ce39a5c36b60f52b30dde33,6001215,128,bits-sq,128,128,4,upload_shared,1,5.10157,5.10157,5.10157,0.9986709973596364,False,False
3477e494de0e1677418b4764a19e7ba3b12289dd4ce39a5c36b60f52b30dde33,6001215,128,bits-sq,128,128,7,download,30,0.0087535,0.008673,0.009284,1.0045696007311362,False,False
3477e494de0e1677418b4764a19e7ba3b12289dd4ce39a5c36b60f52b30dde33,6001215,128,bits-sq,128,128,7,operator,30,0.2306145,0.23040650000000001,0.230985,0.5497811282464893,False,False
3477e494de0e1677418b4764a19e7ba3b12289dd4ce39a5c36b60f52b30dde33,6001215,128,bits-sq,128,128,7,output_isolated,30,0.008317499999999999,0.00822725,0.0086305,1.8832581905620684,False,False
3477e494de0e1677418b4764a19e7ba3b12289dd4ce39a5c36b60f52b30dde33,6001215,128,bits-sq,128,128,7,selection_isolated,30,0.1807185,0.18052300000000002,0.18114475000000002,0.38455111125867025,False,False
3477e494de0e1677418b4764a19e7ba3b12289dd4ce39a5c36b60f52b30dde33,6001215,128,bits-sq,128,128,7,transform_isolated,30,0.047367,0.0472345,0.047432,0.9749403593218907,False,False
3477e494de0e1677418b4764a19e7ba3b12289dd4ce39a5c36b60f52b30dde33,6001215,128,bits-sq,128,128,7,upload_shared,1,5.09422,5.09422,5.09422,1.0001118915162674,False,False
3477e494de0e1677418b4764a19e7ba3b12289dd4ce39a5c36b60f52b30dde33,6001215,128,bits-sq,128,128,8,download,30,0.008824,0.008678,0.00887075,0.9965435176790572,False,False
3477e494de0e1677418b4764a19e7ba3b12289dd4ce39a5c36b60f52b30dde33,6001215,128,bits-sq,128,128,8,operator,30,0.233614,0.23338625000000002,0.234355,0.5427221827458971,False,False
3477e494de0e1677418b4764a19e7ba3b12289dd4ce39a5c36b60f52b30dde33,6001215,128,bits-sq,128,128,8,output_isolated,30,0.008398000000000001,0.00825525,0.008583,1.8652060014289116,False,False
3477e494de0e1677418b4764a19e7ba3b12289dd4ce39a5c36b60f52b30dde33,6001215,128,bits-sq,128,128,8,selection_isolated,30,0.1838735,0.1835255,0.18411399999999997,0.37795277731701415,False,False
3477e494de0e1677418b4764a19e7ba3b12289dd4ce39a5c36b60f52b30dde33,6001215,128,bits-sq,128,128,8,transform_isolated,30,0.0473615,0.0472345,0.04752175,0.9750535772726793,False,False
3477e494de0e1677418b4764a19e7ba3b12289dd4ce39a5c36b60f52b30dde33,6001215,128,bits-sq,128,128,8,upload_shared,1,5.0655850000000004,5.0655850000000004,5.0655850000000004,1.0057653755686657,False,False
3477e494de0e1677418b4764a19e7ba3b12289dd4ce39a5c36b60f52b30dde33,6001215,128,bits-sq,128,128,13,download,30,0.008919,0.008788,0.009519,0.9859289157977353,False,False
3477e494de0e1677418b4764a19e7ba3b12289dd4ce39a5c36b60f52b30dde33,6001215,128,bits-sq,128,128,13,operator,30,0.24745,0.24711975,0.2481785,0.5123762376237624,False,False
3477e494de0e1677418b4764a19e7ba3b12289dd4ce39a5c36b60f52b30dde33,6001215,128,bits-sq,128,128,13,output_isolated,30,0.008487999999999999,0.00831525,0.0086105,1.8454288407163058,False,False
3477e494de0e1677418b4764a19e7ba3b12289dd4ce39a5c36b60f52b30dde33,6001215,128,bits-sq,128,128,13,selection_isolated,30,0.197884,0.1975125,0.1981725,0.35119312324392066,False,False
3477e494de0e1677418b4764a19e7ba3b12289dd4ce39a5c36b60f52b30dde33,6001215,128,bits-sq,128,128,13,transform_isolated,30,0.047322,0.04725125000000001,0.047556999999999995,0.9758674612231096,False,False
3477e494de0e1677418b4764a19e7ba3b12289dd4ce39a5c36b60f52b30dde33,6001215,128,bits-sq,128,128,13,upload_shared,1,5.096743,5.096743,5.096743,0.9996168141105015,False,False
3477e494de0e1677418b4764a19e7ba3b12289dd4ce39a5c36b60f52b30dde33,6001215,128,bits-sq,128,128,16,download,30,0.0088635,0.0087705,0.009259,0.9921024426016811,False,False
3477e494de0e1677418b4764a19e7ba3b12289dd4ce39a5c36b60f52b30dde33,6001215,128,bits-sq,128,128,16,operator,30,0.25705449999999996,0.25688925,0.25752850000000005,0.4932319799886795,False,False
3477e494de0e1677418b4764a19e7ba3b12289dd4ce39a5c36b60f52b30dde33,6001215,128,bits-sq,128,128,16,output_isolated,30,0.0084425,0.00833025,0.008611249999999999,1.8553745928338763,False,False
3477e494de0e1677418b4764a19e7ba3b12289dd4ce39a5c36b60f52b30dde33,6001215,128,bits-sq,128,128,16,selection_isolated,30,0.20712399999999997,0.206954,0.20736400000000002,0.3355260616828567,False,False
3477e494de0e1677418b4764a19e7ba3b12289dd4ce39a5c36b60f52b30dde33,6001215,128,bits-sq,128,128,16,transform_isolated,30,0.047457,0.04732425,0.0475495,0.9730914301367554,False,False
3477e494de0e1677418b4764a19e7ba3b12289dd4ce39a5c36b60f52b30dde33,6001215,128,bits-sq,128,128,16,upload_shared,1,5.097073,5.097073,5.097073,0.9995520958793409,False,False
3477e494de0e1677418b4764a19e7ba3b12289dd4ce39a5c36b60f52b30dde33,6001215,128,bits-sq,128,256,4,download,30,0.008758,0.008695499999999998,0.0088815,1.00405343685773,False,False
3477e494de0e1677418b4764a19e7ba3b12289dd4ce39a5c36b60f52b30dde33,6001215,128,bits-sq,128,256,4,operator,30,0.1754505,0.17525525000000003,0.175817,0.722639718895073,False,False
3477e494de0e1677418b4764a19e7ba3b12289dd4ce39a5c36b60f52b30dde33,6001215,128,bits-sq,128,256,4,output_isolated,30,0.008407000000000001,0.00825775,0.008568000000000001,1.8632092304032353,False,False
3477e494de0e1677418b4764a19e7ba3b12289dd4ce39a5c36b60f52b30dde33,6001215,128,bits-sq,128,256,4,selection_isolated,30,0.125651,0.12537500000000001,0.12593100000000002,0.5530835409188943,False,False
3477e494de0e1677418b4764a19e7ba3b12289dd4ce39a5c36b60f52b30dde33,6001215,128,bits-sq,128,256,4,transform_isolated,30,0.047512,0.04735425,0.04758275000000001,0.9719649772689005,False,False
3477e494de0e1677418b4764a19e7ba3b12289dd4ce39a5c36b60f52b30dde33,6001215,128,bits-sq,128,256,4,upload_shared,1,5.089251,5.089251,5.089251,1.0010883723361257,False,False
3477e494de0e1677418b4764a19e7ba3b12289dd4ce39a5c36b60f52b30dde33,6001215,128,bits-sq,128,256,7,download,30,0.0087735,0.0086905,0.009249,1.0022795919530405,False,False
3477e494de0e1677418b4764a19e7ba3b12289dd4ce39a5c36b60f52b30dde33,6001215,128,bits-sq,128,256,7,operator,30,0.17284700000000003,0.1725935,0.173072,0.7335244464757849,False,False
3477e494de0e1677418b4764a19e7ba3b12289dd4ce39a5c36b60f52b30dde33,6001215,128,bits-sq,128,256,7,output_isolated,30,0.0083675,0.008264750000000001,0.008532999999999999,1.8720047804003586,False,False
3477e494de0e1677418b4764a19e7ba3b12289dd4ce39a5c36b60f52b30dde33,6001215,128,bits-sq,128,256,7,selection_isolated,30,0.123362,0.12298200000000002,0.12368774999999999,0.5633460871256951,False,False
3477e494de0e1677418b4764a19e7ba3b12289dd4ce39a5c36b60f52b30dde33,6001215,128,bits-sq,128,256,7,transform_isolated,30,0.047317,0.047206250000000005,0.047459249999999994,0.9759705813978063,False,False
3477e494de0e1677418b4764a19e7ba3b12289dd4ce39a5c36b60f52b30dde33,6001215,128,bits-sq,128,256,7,upload_shared,1,5.0962819999999995,5.0962819999999995,5.0962819999999995,0.9997072375508264,False,False
3477e494de0e1677418b4764a19e7ba3b12289dd4ce39a5c36b60f52b30dde33,6001215,128,bits-sq,128,256,8,download,30,0.008909,0.00877575,0.0093565,0.9870355819957347,False,False
3477e494de0e1677418b4764a19e7ba3b12289dd4ce39a5c36b60f52b30dde33,6001215,128,bits-sq,128,256,8,operator,30,0.17814,0.17792725,0.17849,0.7117295385651735,False,False
3477e494de0e1677418b4764a19e7ba3b12289dd4ce39a5c36b60f52b30dde33,6001215,128,bits-sq,128,256,8,output_isolated,30,0.008357999999999999,0.008264500000000001,0.008460500000000001,1.8741325675999045,False,False
3477e494de0e1677418b4764a19e7ba3b12289dd4ce39a5c36b60f52b30dde33,6001215,128,bits-sq,128,256,8,selection_isolated,30,0.1285295,0.1282725,0.1287825,0.5406968828167853,False,False
3477e494de0e1677418b4764a19e7ba3b12289dd4ce39a5c36b60f52b30dde33,6001215,128,bits-sq,128,256,8,transform_isolated,30,0.0473415,0.04726425000000001,0.047487,0.9754655006706588,False,False
3477e494de0e1677418b4764a19e7ba3b12289dd4ce39a5c36b60f52b30dde33,6001215,128,bits-sq,128,256,8,upload_shared,1,5.083293,5.083293,5.083293,1.0022617228635058,False,False
3477e494de0e1677418b4764a19e7ba3b12289dd4ce39a5c36b60f52b30dde33,6001215,128,bits-sq,128,256,13,download,30,0.008829,0.0087555,0.008989,0.9959791595877224,False,False
3477e494de0e1677418b4764a19e7ba3b12289dd4ce39a5c36b60f52b30dde33,6001215,128,bits-sq,128,256,13,operator,30,0.19366850000000002,0.19315525,0.193854,0.6546624773775807,False,False
3477e494de0e1677418b4764a19e7ba3b12289dd4ce39a5c36b60f52b30dde33,6001215,128,bits-sq,128,256,13,output_isolated,30,0.008553,0.0083855,0.00891875,1.8314041856658483,False,False
3477e494de0e1677418b4764a19e7ba3b12289dd4ce39a5c36b60f52b30dde33,6001215,128,bits-sq,128,256,13,selection_isolated,30,0.14372249999999998,0.14341775,0.143948,0.48353945972272966,False,False
3477e494de0e1677418b4764a19e7ba3b12289dd4ce39a5c36b60f52b30dde33,6001215,128,bits-sq,128,256,13,transform_isolated,30,0.047387,0.04721125,0.04751949999999999,0.9745288792284804,False,False
3477e494de0e1677418b4764a19e7ba3b12289dd4ce39a5c36b60f52b30dde33,6001215,128,bits-sq,128,256,13,upload_shared,1,5.10165,5.10165,5.10165,0.998655336998814,False,False
3477e494de0e1677418b4764a19e7ba3b12289dd4ce39a5c36b60f52b30dde33,6001215,128,bits-sq,128,256,16,download,30,0.0088885,0.00871625,0.009319,0.9893120324014176,False,False
3477e494de0e1677418b4764a19e7ba3b12289dd4ce39a5c36b60f52b30dde33,6001215,128,bits-sq,128,256,16,operator,30,0.200484,0.20026125,0.20107975,0.6324070748787933,False,False
3477e494de0e1677418b4764a19e7ba3b12289dd4ce39a5c36b60f52b30dde33,6001215,128,bits-sq,128,256,16,output_isolated,30,0.008482,0.00826225,0.008537999999999999,1.8467342607875503,False,False
3477e494de0e1677418b4764a19e7ba3b12289dd4ce39a5c36b60f52b30dde33,6001215,128,bits-sq,128,256,16,selection_isolated,30,0.15077849999999998,0.15059625,0.15095899999999998,0.4609112041836204,False,False
3477e494de0e1677418b4764a19e7ba3b12289dd4ce39a5c36b60f52b30dde33,6001215,128,bits-sq,128,256,16,transform_isolated,30,0.047387,0.04723875,0.047527,0.9745288792284804,False,False
3477e494de0e1677418b4764a19e7ba3b12289dd4ce39a5c36b60f52b30dde33,6001215,128,bits-sq,128,256,16,upload_shared,1,5.10832,5.10832,5.10832,0.9973513797099633,False,False
3477e494de0e1677418b4764a19e7ba3b12289dd4ce39a5c36b60f52b30dde33,6001215,128,bits-sq,128,512,4,download,30,0.008874,0.0087355,0.008996500000000001,0.9909285553301782,False,True
3477e494de0e1677418b4764a19e7ba3b12289dd4ce39a5c36b60f52b30dde33,6001215,128,bits-sq,128,512,4,operator,30,0.15879100000000002,0.15836999999999998,0.15924675,0.7984552021210269,False,True
3477e494de0e1677418b4764a19e7ba3b12289dd4ce39a5c36b60f52b30dde33,6001215,128,bits-sq,128,512,4,output_isolated,30,0.008393000000000001,0.00826525,0.00852725,1.8663171690694624,False,True
3477e494de0e1677418b4764a19e7ba3b12289dd4ce39a5c36b60f52b30dde33,6001215,128,bits-sq,128,512,4,selection_isolated,30,0.109541,0.109171,0.10971600000000001,0.6344245533635807,False,True
3477e494de0e1677418b4764a19e7ba3b12289dd4ce39a5c36b60f52b30dde33,6001215,128,bits-sq,128,512,4,transform_isolated,30,0.0472665,0.047183749999999997,0.0474545,0.9770133181005574,False,True
3477e494de0e1677418b4764a19e7ba3b12289dd4ce39a5c36b60f52b30dde33,6001215,128,bits-sq,128,512,4,upload_shared,1,5.085506,5.085506,5.085506,1.0018255803847247,False,True
3477e494de0e1677418b4764a19e7ba3b12289dd4ce39a5c36b60f52b30dde33,6001215,128,bits-sq,128,512,7,download,30,0.0088885,0.008790500000000001,0.009371500000000001,0.9893120324014176,False,False
3477e494de0e1677418b4764a19e7ba3b12289dd4ce39a5c36b60f52b30dde33,6001215,128,bits-sq,128,512,7,operator,30,0.18315749999999997,0.18274425,0.18379875,0.6922320953277917,False,False
3477e494de0e1677418b4764a19e7ba3b12289dd4ce39a5c36b60f52b30dde33,6001215,128,bits-sq,128,512,7,output_isolated,30,0.0084675,0.008372999999999998,0.0086655,1.8498966637142016,False,False
3477e494de0e1677418b4764a19e7ba3b12289dd4ce39a5c36b60f52b30dde33,6001215,128,bits-sq,128,512,7,selection_isolated,30,0.133287,0.13317700000000002,0.13369725000000002,0.5213974356088742,False,False
3477e494de0e1677418b4764a19e7ba3b12289dd4ce39a5c36b60f52b30dde33,6001215,128,bits-sq,128,512,7,transform_isolated,30,0.047192,0.04706375,0.04738450000000001,0.9785556874046448,False,False
3477e494de0e1677418b4764a19e7ba3b12289dd4ce39a5c36b60f52b30dde33,6001215,128,bits-sq,128,512,7,upload_shared,1,5.007047,5.007047,5.007047,1.017523901812785,False,False
3477e494de0e1677418b4764a19e7ba3b12289dd4ce39a5c36b60f52b30dde33,6001215,128,bits-sq,128,512,8,download,30,0.008733,0.008643,0.009091499999999999,1.0069277453337915,True,False
3477e494de0e1677418b4764a19e7ba3b12289dd4ce39a5c36b60f52b30dde33,6001215,128,bits-sq,128,512,8,operator,30,0.157609,0.157193,0.15821975,0.804443274178505,True,False
3477e494de0e1677418b4764a19e7ba3b12289dd4ce39a5c36b60f52b30dde33,6001215,128,bits-sq,128,512,8,output_isolated,30,0.0083625,0.0082495,0.008470499999999999,1.8731240657698058,True,False
3477e494de0e1677418b4764a19e7ba3b12289dd4ce39a5c36b60f52b30dde33,6001215,128,bits-sq,128,512,8,selection_isolated,30,0.107903,0.107713,0.10806374999999999,0.6440553089348767,True,False
3477e494de0e1677418b4764a19e7ba3b12289dd4ce39a5c36b60f52b30dde33,6001215,128,bits-sq,128,512,8,transform_isolated,30,0.047472,0.047351250000000004,0.047576999999999994,0.9727839568587798,True,False
3477e494de0e1677418b4764a19e7ba3b12289dd4ce39a5c36b60f52b30dde33,6001215,128,bits-sq,128,512,8,upload_shared,1,5.078855,5.078855,5.078855,1.0031375182004605,True,False
3477e494de0e1677418b4764a19e7ba3b12289dd4ce39a5c36b60f52b30dde33,6001215,128,bits-sq,128,512,13,download,30,0.0088985,0.0087655,0.009274,0.9882002584705288,False,False
3477e494de0e1677418b4764a19e7ba3b12289dd4ce39a5c36b60f52b30dde33,6001215,128,bits-sq,128,512,13,operator,30,0.196127,0.19581949999999998,0.19646550000000002,0.6464561228183779,False,False
3477e494de0e1677418b4764a19e7ba3b12289dd4ce39a5c36b60f52b30dde33,6001215,128,bits-sq,128,512,13,output_isolated,30,0.008558,0.008463,0.00876075,1.8303341902313626,False,False
3477e494de0e1677418b4764a19e7ba3b12289dd4ce39a5c36b60f52b30dde33,6001215,128,bits-sq,128,512,13,selection_isolated,30,0.1466175,0.1463795,0.14678799999999997,0.4739918495404709,False,False
3477e494de0e1677418b4764a19e7ba3b12289dd4ce39a5c36b60f52b30dde33,6001215,128,bits-sq,128,512,13,transform_isolated,30,0.047160999999999995,0.04700425,0.04728925,0.979198914357202,False,False
3477e494de0e1677418b4764a19e7ba3b12289dd4ce39a5c36b60f52b30dde33,6001215,128,bits-sq,128,512,13,upload_shared,1,5.005795,5.005795,5.005795,1.01777839484038,False,False
3477e494de0e1677418b4764a19e7ba3b12289dd4ce39a5c36b60f52b30dde33,6001215,128,bits-sq,128,512,16,download,30,0.008683,0.008608000000000001,0.0092515,1.012726016353795,False,False
3477e494de0e1677418b4764a19e7ba3b12289dd4ce39a5c36b60f52b30dde33,6001215,128,bits-sq,128,512,16,operator,30,0.20814549999999998,0.20771975,0.2084985,0.609129190878496,False,False
3477e494de0e1677418b4764a19e7ba3b12289dd4ce39a5c36b60f52b30dde33,6001215,128,bits-sq,128,512,16,output_isolated,30,0.008472,0.008353,0.008828250000000001,1.8489140698772426,False,False
3477e494de0e1677418b4764a19e7ba3b12289dd4ce39a5c36b60f52b30dde33,6001215,128,bits-sq,128,512,16,selection_isolated,30,0.1587005,0.15854025,0.158851,0.4379034722637925,False,False
3477e494de0e1677418b4764a19e7ba3b12289dd4ce39a5c36b60f52b30dde33,6001215,128,bits-sq,128,512,16,transform_isolated,30,0.047106499999999996,0.04694349999999999,0.04724375,0.9803318013437636,False,False
3477e494de0e1677418b4764a19e7ba3b12289dd4ce39a5c36b60f52b30dde33,6001215,128,bits-sq,128,512,16,upload_shared,1,5.106217,5.106217,5.106217,0.9977621397602178,False,False
3477e494de0e1677418b4764a19e7ba3b12289dd4ce39a5c36b60f52b30dde33,6001215,128,bits-sq,512,128,4,download,30,0.008827999999999999,0.008713,0.0092415,0.9960919800634347,False,False
3477e494de0e1677418b4764a19e7ba3b12289dd4ce39a5c36b60f52b30dde33,6001215,128,bits-sq,512,128,4,operator,30,0.312288,0.312068,0.3127715,0.40599542729787885,False,False
3477e494de0e1677418b4764a19e7ba3b12289dd4ce39a5c36b60f52b30dde33,6001215,128,bits-sq,512,128,4,output_isolated,30,0.0083175,0.00822525,0.0085205,1.883258190562068,False,False
3477e494de0e1677418b4764a19e7ba3b12289dd4ce39a5c36b60f52b30dde33,6001215,128,bits-sq,512,128,4,selection_isolated,30,0.2622825,0.262088,0.2628665,0.26496430375644586,False,False
3477e494de0e1677418b4764a19e7ba3b12289dd4ce39a5c36b60f52b30dde33,6001215,128,bits-sq,512,128,4,transform_isolated,30,0.047382,0.0472845,0.047466999999999995,0.9746317166856612,False,False
3477e494de0e1677418b4764a19e7ba3b12289dd4ce39a5c36b60f52b30dde33,6001215,128,bits-sq,512,128,4,upload_shared,1,5.090794,5.090794,5.090794,1.0007849463168221,False,False
3477e494de0e1677418b4764a19e7ba3b12289dd4ce39a5c36b60f52b30dde33,6001215,128,bits-sq,512,128,7,download,30,0.0088785,0.0087715,0.009184000000000001,0.9904263107506901,False,False
3477e494de0e1677418b4764a19e7ba3b12289dd4ce39a5c36b60f52b30dde33,6001215,128,bits-sq,512,128,7,operator,30,0.30194750000000004,0.3015895,0.30247650000000004,0.41989915465436867,False,False
3477e494de0e1677418b4764a19e7ba3b12289dd4ce39a5c36b60f52b30dde33,6001215,128,bits-sq,512,128,7,output_isolated,30,0.008403,0.008223000000000001,0.008598749999999999,1.8640961561347138,False,False
3477e494de0e1677418b4764a19e7ba3b12289dd4ce39a5c36b60f52b30dde33,6001215,128,bits-sq,512,128,7,selection_isolated,30,0.25225200000000003,0.2519695,0.25235275,0.2755002933574362,False,False
3477e494de0e1677418b4764a19e7ba3b12289dd4ce39a5c36b60f52b30dde33,6001215,128,bits-sq,512,128,7,transform_isolated,30,0.0472465,0.047156,0.0473995,0.9774268993470416,False,False
3477e494de0e1677418b4764a19e7ba3b12289dd4ce39a5c36b60f52b30dde33,6001215,128,bits-sq,512,128,7,upload_shared,1,5.084815000000001,5.084815000000001,5.084815000000001,1.0019617232878677,False,False
3477e494de0e1677418b4764a19e7ba3b12289dd4ce39a5c36b60f52b30dde33,6001215,128,bits-sq,512,128,8,download,30,0.0087735,0.008646250000000001,0.009469,1.0022795919530405,False,False
3477e494de0e1677418b4764a19e7ba3b12289dd4ce39a5c36b60f52b30dde33,6001215,128,bits-sq,512,128,8,operator,30,0.3091085,0.3087705,0.309489,0.4101715093567469,False,False
3477e494de0e1677418b4764a19e7ba3b12289dd4ce39a5c36b60f52b30dde33,6001215,128,bits-sq,512,128,8,output_isolated,30,0.008262499999999999,0.008202250000000001,0.00849525,1.8957942511346448,False,False
3477e494de0e1677418b4764a19e7ba3b12289dd4ce39a5c36b60f52b30dde33,6001215,128,bits-sq,512,128,8,selection_isolated,30,0.259318,0.25876775,0.25992899999999997,0.2679933517920083,False,False
3477e494de0e1677418b4764a19e7ba3b12289dd4ce39a5c36b60f52b30dde33,6001215,128,bits-sq,512,128,8,transform_isolated,30,0.047271499999999994,0.047181,0.0474295,0.9769099774705691,False,False
3477e494de0e1677418b4764a19e7ba3b12289dd4ce39a5c36b60f52b30dde33,6001215,128,bits-sq,512,128,8,upload_shared,1,5.085986,5.085986,5.085986,1.0017310311117646,False,False
3477e494de0e1677418b4764a19e7ba3b12289dd4ce39a5c36b60f52b30dde33,6001215,128,bits-sq,512,128,13,download,30,0.008847999999999998,0.0087105,0.009274,0.993840415913201,False,False
3477e494de0e1677418b4764a19e7ba3b12289dd4ce39a5c36b60f52b30dde33,6001215,128,bits-sq,512,128,13,operator,30,0.3298145,0.329464,0.3301325,0.38442063644867036,False,False
3477e494de0e1677418b4764a19e7ba3b12289dd4ce39a5c36b60f52b30dde33,6001215,128,bits-sq,512,128,13,output_isolated,30,0.008477499999999999,0.008355499999999998,0.0086305,1.8477145384842233,False,False
3477e494de0e1677418b4764a19e7ba3b12289dd4ce39a5c36b60f52b30dde33,6001215,128,bits-sq,512,128,13,selection_isolated,30,0.279894,0.27958825,0.28010424999999994,0.24829221062259288,False,False
3477e494de0e1677418b4764a19e7ba3b12289dd4ce39a5c36b60f52b30dde33,6001215,128,bits-sq,512,128,13,transform_isolated,30,0.0471065,0.046978500000000006,0.0472795,0.9803318013437635,False,False
3477e494de0e1677418b4764a19e7ba3b12289dd4ce39a5c36b60f52b30dde33,6001215,128,bits-sq,512,128,13,upload_shared,1,5.08176,5.08176,5.08176,1.0025640722899152,False,False
3477e494de0e1677418b4764a19e7ba3b12289dd4ce39a5c36b60f52b30dde33,6001215,128,bits-sq,512,128,16,download,30,0.009079,0.008833,0.009464,0.9685538054851857,False,False
3477e494de0e1677418b4764a19e7ba3b12289dd4ce39a5c36b60f52b30dde33,6001215,128,bits-sq,512,128,16,operator,30,0.343706,0.34333775,0.3440885,0.3688835807346977,False,False
3477e494de0e1677418b4764a19e7ba3b12289dd4ce39a5c36b60f52b30dde33,6001215,128,bits-sq,512,128,16,output_isolated,30,0.008443,0.00820025,0.008602750000000001,1.855264716333057,False,False
3477e494de0e1677418b4764a19e7ba3b12289dd4ce39a5c36b60f52b30dde33,6001215,128,bits-sq,512,128,16,selection_isolated,30,0.2942005,0.2938875,0.2946585,0.23621815734507592,False,False
3477e494de0e1677418b4764a19e7ba3b12289dd4ce39a5c36b60f52b30dde33,6001215,128,bits-sq,512,128,16,transform_isolated,30,0.0470565,0.046920500000000004,0.047151000000000005,0.981373455314356,False,False
3477e494de0e1677418b4764a19e7ba3b12289dd4ce39a5c36b60f52b30dde33,6001215,128,bits-sq,512,128,16,upload_shared,1,5.0918350000000006,5.0918350000000006,5.0918350000000006,1.0005803408790739,False,False
3477e494de0e1677418b4764a19e7ba3b12289dd4ce39a5c36b60f52b30dde33,6001215,128,bits-sq,512,256,4,download,30,0.008818,0.008715500000000001,0.009139,0.9972215921977774,False,False
3477e494de0e1677418b4764a19e7ba3b12289dd4ce39a5c36b60f52b30dde33,6001215,128,bits-sq,512,256,4,operator,30,0.25066,0.25039,0.25093325,0.5058146493257799,False,False
3477e494de0e1677418b4764a19e7ba3b12289dd4ce39a5c36b60f52b30dde33,6001215,128,bits-sq,512,256,4,output_isolated,30,0.008428,0.0082655,0.008723,1.8585666824869485,False,False
3477e494de0e1677418b4764a19e7ba3b12289dd4ce39a5c36b60f52b30dde33,6001215,128,bits-sq,512,256,4,selection_isolated,30,0.2008045,0.20055825,0.2013025,0.3460853715927681,False,False
3477e494de0e1677418b4764a19e7ba3b12289dd4ce39a5c36b60f52b30dde33,6001215,128,bits-sq,512,256,4,transform_isolated,30,0.047096,0.0469235,0.04718875,0.980550365211483,False,False
3477e494de0e1677418b4764a19e7ba3b12289dd4ce39a5c36b60f52b30dde33,6001215,128,bits-sq,512,256,4,upload_shared,1,5.095261,5.095261,5.095261,0.9999075611632063,False,False
3477e494de0e1677418b4764a19e7ba3b12289dd4ce39a5c36b60f52b30dde33,6001215,128,bits-sq,512,256,7,download,30,0.0088085,0.008713,0.00909875,0.9982970993926322,False,False
3477e494de0e1677418b4764a19e7ba3b12289dd4ce39a5c36b60f52b30dde33,6001215,128,bits-sq,512,256,7,operator,30,0.245427,0.2448535,0.24583275,0.5165996406263369,False,False
3477e494de0e1677418b4764a19e7ba3b12289dd4ce39a5c36b60f52b30dde33,6001215,128,bits-sq,512,256,7,output_isolated,30,0.008603,0.008403,0.00885825,1.8207601999302572,False,False
3477e494de0e1677418b4764a19e7ba3b12289dd4ce39a5c36b60f52b30dde33,6001215,128,bits-sq,512,256,7,selection_isolated,30,0.1962525,0.195917,0.19677299999999998,0.35411268646259286,False,False
3477e494de0e1677418b4764a19e7ba3b12289dd4ce39a5c36b60f52b30dde33,6001215,128,bits-sq,512,256,7,transform_isolated,30,0.0466755,0.0465435,0.046748250000000005,0.9893841522854602,False,False
3477e494de0e1677418b4764a19e7ba3b12289dd4ce39a5c36b60f52b30dde33,6001215,128,bits-sq,512,256,7,upload_shared,1,5.101841,5.101841,5.101841,0.9986179498733887,False,False
3477e494de0e1677418b4764a19e7ba3b12289dd4ce39a5c36b60f52b30dde33,6001215,128,bits-sq,512,256,8,download,30,0.008793500000000001,0.008626250000000002,0.0091065,1.0,False,False
3477e494de0e1677418b4764a19e7ba3b12289dd4ce39a5c36b60f52b30dde33,6001215,128,bits-sq,512,256,8,operator,30,0.25223700000000004,0.2514385,0.25254049999999995,0.5026522675103176,False,False
3477e494de0e1677418b4764a19e7ba3b12289dd4ce39a5c36b60f52b30dde33,6001215,128,bits-sq,512,256,8,output_isolated,30,0.008468,0.0083855,0.008849000000000001,1.8497874350495986,False,False
3477e494de0e1677418b4764a19e7ba3b12289dd4ce39a5c36b60f52b30dde33,6001215,128,bits-sq,512,256,8,selection_isolated,30,0.203283,0.20255449999999997,0.20357899999999998,0.34186577333077534,False,False
3477e494de0e1677418b4764a19e7ba3b12289dd4ce39a5c36b60f52b30dde33,6001215,128,bits-sq,512,256,8,transform_isolated,30,0.046701,0.046508249999999994,0.046838500000000005,0.9888439219716922,False,False
3477e494de0e1677418b4764a19e7ba3b12289dd4ce39a5c36b60f52b30dde33,6001215,128,bits-sq,512,256,8,upload_shared,1,5.071695,5.071695,5.071695,1.0045537044321473,False,False
3477e494de0e1677418b4764a19e7ba3b12289dd4ce39a5c36b60f52b30dde33,6001215,128,bits-sq,512,256,13,download,30,0.0088185,0.008718,0.011920749999999999,0.9971650507455918,False,False
3477e494de0e1677418b4764a19e7ba3b12289dd4ce39a5c36b60f52b30dde33,6001215,128,bits-sq,512,256,13,operator,30,0.27812099999999995,0.2774785,0.28070775,0.4558717248967177,False,False
3477e494de0e1677418b4764a19e7ba3b12289dd4ce39a5c36b60f52b30dde33,6001215,128,bits-sq,512,256,13,output_isolated,30,0.008667999999999999,0.008413,0.009499,1.8071065989847719,False,False
3477e494de0e1677418b4764a19e7ba3b12289dd4ce39a5c36b60f52b30dde33,6001215,128,bits-sq,512,256,13,selection_isolated,30,0.2291925,0.22837125,0.23145849999999998,0.30321890986834216,False,False
3477e494de0e1677418b4764a19e7ba3b12289dd4ce39a5c36b60f52b30dde33,6001215,128,bits-sq,512,256,13,transform_isolated,30,0.046776,0.04667275,0.04749175,0.9872584231229691,False,False
3477e494de0e1677418b4764a19e7ba3b12289dd4ce39a5c36b60f52b30dde33,6001215,128,bits-sq,512,256,13,upload_shared,1,5.092697,5.092697,5.092697,1.000410980665058,False,False
3477e494de0e1677418b4764a19e7ba3b12289dd4ce39a5c36b60f52b30dde33,6001215,128,bits-sq,512,256,16,download,30,0.008733,0.008628,0.0091265,1.0069277453337915,False,False
3477e494de0e1677418b4764a19e7ba3b12289dd4ce39a5c36b60f52b30dde33,6001215,128,bits-sq,512,256,16,operator,30,0.292343,0.29184475,0.2930815,0.43369432481708126,False,False
3477e494de0e1677418b4764a19e7ba3b12289dd4ce39a5c36b60f52b30dde33,6001215,128,bits-sq,512,256,16,output_isolated,30,0.008527999999999999,0.0083755,0.00883375,1.8367729831144468,False,False
3477e494de0e1677418b4764a19e7ba3b12289dd4ce39a5c36b60f52b30dde33,6001215,128,bits-sq,512,256,16,selection_isolated,30,0.2428075,0.24237699999999998,0.24334124999999995,0.28621644718552763,False,False
3477e494de0e1677418b4764a19e7ba3b12289dd4ce39a5c36b60f52b30dde33,6001215,128,bits-sq,512,256,16,transform_isolated,30,0.04675599999999999,0.04663825,0.046941000000000004,0.9876807254683893,False,False
3477e494de0e1677418b4764a19e7ba3b12289dd4ce39a5c36b60f52b30dde33,6001215,128,bits-sq,512,256,16,upload_shared,1,5.105947,5.105947,5.105947,0.997814900938063,False,False
3477e494de0e1677418b4764a19e7ba3b12289dd4ce39a5c36b60f52b30dde33,6001215,128,bits-sq,512,512,4,download,30,0.008783000000000001,0.008663,0.008975750000000001,1.001195491289992,False,False
3477e494de0e1677418b4764a19e7ba3b12289dd4ce39a5c36b60f52b30dde33,6001215,128,bits-sq,512,512,4,operator,30,0.227785,0.22615225,0.22925449999999997,0.5566104001580437,False,False
3477e494de0e1677418b4764a19e7ba3b12289dd4ce39a5c36b60f52b30dde33,6001215,128,bits-sq,512,512,4,output_isolated,30,0.008603,0.00832725,0.0089105,1.8207601999302572,False,False
3477e494de0e1677418b4764a19e7ba3b12289dd4ce39a5c36b60f52b30dde33,6001215,128,bits-sq,512,512,4,selection_isolated,30,0.1789765,0.17719100000000002,0.1798195,0.38829399390422764,False,False
3477e494de0e1677418b4764a19e7ba3b12289dd4ce39a5c36b60f52b30dde33,6001215,128,bits-sq,512,512,4,transform_isolated,30,0.0464905,0.0464225,0.046676,0.9933212161624418,False,False
3477e494de0e1677418b4764a19e7ba3b12289dd4ce39a5c36b60f52b30dde33,6001215,128,bits-sq,512,512,4,upload_shared,1,5.093287999999999,5.093287999999999,5.093287999999999,1.000294897912704,False,False
3477e494de0e1677418b4764a19e7ba3b12289dd4ce39a5c36b60f52b30dde33,6001215,128,bits-sq,512,512,7,download,30,0.0088435,0.008713,0.00934975,0.9943461299259343,False,False
3477e494de0e1677418b4764a19e7ba3b12289dd4ce39a5c36b60f52b30dde33,6001215,128,bits-sq,512,512,7,operator,30,0.266163,0.265447,0.26669899999999996,0.4763528364197879,False,False
3477e494de0e1677418b4764a19e7ba3b12289dd4ce39a5c36b60f52b30dde33,6001215,128,bits-sq,512,512,7,output_isolated,30,0.008498,0.00841225,0.008795500000000001,1.8432572369969404,False,False
3477e494de0e1677418b4764a19e7ba3b12289dd4ce39a5c36b60f52b30dde33,6001215,128,bits-sq,512,512,7,selection_isolated,30,0.216698,0.21644549999999999,0.21700875,0.3207020830833695,False,False
3477e494de0e1677418b4764a19e7ba3b12289dd4ce39a5c36b60f52b30dde33,6001215,128,bits-sq,512,512,7,transform_isolated,30,0.0465155,0.04638575,0.04664575,0.9927873504530748,False,False
3477e494de0e1677418b4764a19e7ba3b12289dd4ce39a5c36b60f52b30dde33,6001215,128,bits-sq,512,512,7,upload_shared,1,5.085105,5.085105,5.085105,1.0019045821079406,False,False
3477e494de0e1677418b4764a19e7ba3b12289dd4ce39a5c36b60f52b30dde33,6001215,128,bits-sq,512,512,8,download,30,0.0088485,0.0086555,0.009216499999999999,0.9937842572187376,False,False
3477e494de0e1677418b4764a19e7ba3b12289dd4ce39a5c36b60f52b30dde33,6001215,128,bits-sq,512,512,8,operator,30,0.2260875,0.22569450000000002,0.22658625,0.5607895173328911,False,False
3477e494de0e1677418b4764a19e7ba3b12289dd4ce39a5c36b60f52b30dde33,6001215,128,bits-sq,512,512,8,output_isolated,30,0.008657999999999999,0.00854625,0.00873825,1.8091938091938096,False,False
3477e494de0e1677418b4764a19e7ba3b12289dd4ce39a5c36b60f52b30dde33,6001215,128,bits-sq,512,512,8,selection_isolated,30,0.176012,0.17565875,0.17641525,0.3948338749630707,False,False
3477e494de0e1677418b4764a19e7ba3b12289dd4ce39a5c36b60f52b30dde33,6001215,128,bits-sq,512,512,8,transform_isolated,30,0.046921,0.046791,0.04704925,0.984207497708915,False,False
3477e494de0e1677418b4764a19e7ba3b12289dd4ce39a5c36b60f52b30dde33,6001215,128,bits-sq,512,512,8,upload_shared,1,5.022971,5.022971,5.022971,1.0142981116156156,False,False
3477e494de0e1677418b4764a19e7ba3b12289dd4ce39a5c36b60f52b30dde33,6001215,128,bits-sq,512,512,13,download,30,0.008944,0.008683,0.00947175,0.983173076923077,False,False
3477e494de0e1677418b4764a19e7ba3b12289dd4ce39a5c36b60f52b30dde33,6001215,128,bits-sq,512,512,13,operator,30,0.29760549999999997,0.297215,0.29794175,0.42602539267587464,False,False
3477e494de0e1677418b4764a19e7ba3b12289dd4ce39a5c36b60f52b30dde33,6001215,128,bits-sq,512,512,13,output_isolated,30,0.008588,0.008458,0.008888,1.823940381928272,False,False
3477e494de0e1677418b4764a19e7ba3b12289dd4ce39a5c36b60f52b30dde33,6001215,128,bits-sq,512,512,13,selection_isolated,30,0.24788549999999998,0.24748749999999997,0.24827100000000002,0.28035322759903264,False,False
3477e494de0e1677418b4764a19e7ba3b12289dd4ce39a5c36b60f52b30dde33,6001215,128,bits-sq,512,512,13,transform_isolated,30,0.046475,0.0463175,0.04668025,0.993652501344809,False,False
3477e494de0e1677418b4764a19e7ba3b12289dd4ce39a5c36b60f52b30dde33,6001215,128,bits-sq,512,512,13,upload_shared,1,5.078235,5.078235,5.078235,1.0032599909220428,False,False
3477e494de0e1677418b4764a19e7ba3b12289dd4ce39a5c36b60f52b30dde33,6001215,128,bits-sq,512,512,16,download,30,0.009084,0.008833,0.0096475,0.9680206957287539,False,False
3477e494de0e1677418b4764a19e7ba3b12289dd4ce39a5c36b60f52b30dde33,6001215,128,bits-sq,512,512,16,operator,30,0.3261695,0.32519975,0.32663,0.38871660287059334,False,False
3477e494de0e1677418b4764a19e7ba3b12289dd4ce39a5c36b60f52b30dde33,6001215,128,bits-sq,512,512,16,output_isolated,30,0.008532999999999999,0.008372000000000001,0.008715500000000001,1.8356967069026138,False,False
3477e494de0e1677418b4764a19e7ba3b12289dd4ce39a5c36b60f52b30dde33,6001215,128,bits-sq,512,512,16,selection_isolated,30,0.276184,0.2759505,0.27654650000000003,0.25162753816296385,False,False
3477e494de0e1677418b4764a19e7ba3b12289dd4ce39a5c36b60f52b30dde33,6001215,128,bits-sq,512,512,16,transform_isolated,30,0.046375,0.046239999999999996,0.046470750000000005,0.9957951482479784,False,False
3477e494de0e1677418b4764a19e7ba3b12289dd4ce39a5c36b60f52b30dde33,6001215,128,bits-sq,512,512,16,upload_shared,1,5.101069,5.101069,5.101069,0.9987690815395753,False,False
3477e494de0e1677418b4764a19e7ba3b12289dd4ce39a5c36b60f52b30dde33,6001215,128,block-select,1,128,3,download,30,0.0160345,0.014749749999999999,0.016412500000000003,0.5484112382674858,False,False
3477e494de0e1677418b4764a19e7ba3b12289dd4ce39a5c36b60f52b30dde33,6001215,128,block-select,1,128,3,operator,30,22.246694500000004,22.14898375,22.36529125,0.005699161284387664,False,False
3477e494de0e1677418b4764a19e7ba3b12289dd4ce39a5c36b60f52b30dde33,6001215,128,block-select,1,128,3,output_isolated,30,0.0166905,0.0156765,0.017381,0.9384979479344537,False,False
3477e494de0e1677418b4764a19e7ba3b12289dd4ce39a5c36b60f52b30dde33,6001215,128,block-select,1,128,3,selection_isolated,30,22.1311795,22.034510250000004,22.24403025,0.0031401625024097793,False,False
3477e494de0e1677418b4764a19e7ba3b12289dd4ce39a5c36b60f52b30dde33,6001215,128,block-select,1,128,3,transform_isolated,30,0.048238,0.048048,0.048618,0.9573365396575313,False,False
3477e494de0e1677418b4764a19e7ba3b12289dd4ce39a5c36b60f52b30dde33,6001215,128,block-select,1,128,3,upload_shared,1,5.09479,5.09479,5.09479,1.0,False,False
3477e494de0e1677418b4764a19e7ba3b12289dd4ce39a5c36b60f52b30dde33,6001215,128,grid-select,1,0,0,download,30,0.008843,0.00872875,0.009309749999999999,0.994402352142938,True,True
3477e494de0e1677418b4764a19e7ba3b12289dd4ce39a5c36b60f52b30dde33,6001215,128,grid-select,1,0,0,operator,30,0.19330799999999998,0.192432,0.19429500000000002,0.6558833571295549,True,True
3477e494de0e1677418b4764a19e7ba3b12289dd4ce39a5c36b60f52b30dde33,6001215,128,grid-select,1,0,0,output_isolated,30,0.0084425,0.0083255,0.008703,1.8553745928338763,True,True
3477e494de0e1677418b4764a19e7ba3b12289dd4ce39a5c36b60f52b30dde33,6001215,128,grid-select,1,0,0,selection_isolated,30,0.1501075,0.14955200000000002,0.15087325,0.46297153706510336,True,True
3477e494de0e1677418b4764a19e7ba3b12289dd4ce39a5c36b60f52b30dde33,6001215,128,grid-select,1,0,0,transform_isolated,30,0.047016,0.046878500000000004,0.047197,0.9822188191254041,True,True
3477e494de0e1677418b4764a19e7ba3b12289dd4ce39a5c36b60f52b30dde33,6001215,128,grid-select,1,0,0,upload_shared,1,5.09479,5.09479,5.09479,1.0,True,True
3477e494de0e1677418b4764a19e7ba3b12289dd4ce39a5c36b60f52b30dde33,6001215,256,air-topk,1,512,0,download,30,0.0091185,0.00896825,0.009458999999999999,1.0,True,True
3477e494de0e1677418b4764a19e7ba3b12289dd4ce39a5c36b60f52b30dde33,6001215,256,air-topk,1,512,0,operator,30,0.127173,0.1266545,0.12784800000000002,1.0,True,True
3477e494de0e1677418b4764a19e7ba3b12289dd4ce39a5c36b60f52b30dde33,6001215,256,air-topk,1,512,0,output_isolated,30,0.018012,0.01788725,0.0182045,1.0,True,True
3477e494de0e1677418b4764a19e7ba3b12289dd4ce39a5c36b60f52b30dde33,6001215,256,air-topk,1,512,0,selection_isolated,30,0.067557,0.0672445,0.06797800000000001,1.0,True,True
3477e494de0e1677418b4764a19e7ba3b12289dd4ce39a5c36b60f52b30dde33,6001215,256,air-topk,1,512,0,transform_isolated,30,0.046199500000000004,0.04611,0.046287499999999995,1.0,True,True
3477e494de0e1677418b4764a19e7ba3b12289dd4ce39a5c36b60f52b30dde33,6001215,256,air-topk,1,512,0,upload_shared,1,5.089211,5.089211,5.089211,1.0,True,True
3477e494de0e1677418b4764a19e7ba3b12289dd4ce39a5c36b60f52b30dde33,6001215,256,bits-prefetch,1,128,4,download,30,0.012048,0.0112395,0.012409,0.756847609561753,False,False
3477e494de0e1677418b4764a19e7ba3b12289dd4ce39a5c36b60f52b30dde33,6001215,256,bits-prefetch,1,128,4,operator,30,6.411004,6.409719000000001,6.4125464999999995,0.019836674567665222,False,False
3477e494de0e1677418b4764a19e7ba3b12289dd4ce39a5c36b60f52b30dde33,6001215,256,bits-prefetch,1,128,4,output_isolated,30,0.012123499999999999,0.011401999999999999,0.013178,1.4857095723182252,False,False
3477e494de0e1677418b4764a19e7ba3b12289dd4ce39a5c36b60f52b30dde33,6001215,256,bits-prefetch,1,128,4,selection_isolated,30,6.3572825,6.356361250000001,6.358771,0.010626710390799843,False,False
3477e494de0e1677418b4764a19e7ba3b12289dd4ce39a5c36b60f52b30dde33,6001215,256,bits-prefetch,1,128,4,transform_isolated,30,0.048003000000000004,0.047773,0.048103,0.962429431493865,False,False
3477e494de0e1677418b4764a19e7ba3b12289dd4ce39a5c36b60f52b30dde33,6001215,256,bits-prefetch,1,128,4,upload_shared,1,5.071254,5.071254,5.071254,1.0035409387894987,False,False
3477e494de0e1677418b4764a19e7ba3b12289dd4ce39a5c36b60f52b30dde33,6001215,256,bits-prefetch,1,128,7,download,30,0.011052,0.010543499999999999,0.012561500000000001,0.8250542888165039,False,False
3477e494de0e1677418b4764a19e7ba3b12289dd4ce39a5c36b60f52b30dde33,6001215,256,bits-prefetch,1,128,7,operator,30,4.435371,4.434596750000001,4.436372,0.028672460545014163,False,False
3477e494de0e1677418b4764a19e7ba3b12289dd4ce39a5c36b60f52b30dde33,6001215,256,bits-prefetch,1,128,7,output_isolated,30,0.011457000000000002,0.010811000000000001,0.012168749999999999,1.5721393034825868,False,False
3477e494de0e1677418b4764a19e7ba3b12289dd4ce39a5c36b60f52b30dde33,6001215,256,bits-prefetch,1,128,7,selection_isolated,30,4.383236500000001,4.382600999999999,4.3842455000000005,0.015412583829323376,False,False
3477e494de0e1677418b4764a19e7ba3b12289dd4ce39a5c36b60f52b30dde33,6001215,256,bits-prefetch,1,128,7,transform_isolated,30,0.0477325,0.047634499999999996,0.0478595,0.96788351751951,False,False
3477e494de0e1677418b4764a19e7ba3b12289dd4ce39a5c36b60f52b30dde33,6001215,256,bits-prefetch,1,128,7,upload_shared,1,5.089482,5.089482,5.089482,0.9999467529308482,False,False
3477e494de0e1677418b4764a19e7ba3b12289dd4ce39a5c36b60f52b30dde33,6001215,256,bits-prefetch,1,128,8,download,30,0.010591,0.010326000000000002,0.011282000000000002,0.8609668586535738,False,False
3477e494de0e1677418b4764a19e7ba3b12289dd4ce39a5c36b60f52b30dde33,6001215,256,bits-prefetch,1,128,8,operator,30,4.1931235000000004,4.192563000000001,4.19349475,0.03032894213585648,False,False
3477e494de0e1677418b4764a19e7ba3b12289dd4ce39a5c36b60f52b30dde33,6001215,256,bits-prefetch,1,128,8,output_isolated,30,0.0109365,0.010425249999999999,0.011557999999999999,1.6469620079550131,False,False
3477e494de0e1677418b4764a19e7ba3b12289dd4ce39a5c36b60f52b30dde33,6001215,256,bits-prefetch,1,128,8,selection_isolated,30,4.140709000000001,4.14014375,4.14134775,0.01631532184464061,False,False
3477e494de0e1677418b4764a19e7ba3b12289dd4ce39a5c36b60f52b30dde33,6001215,256,bits-prefetch,1,128,8,transform_isolated,30,0.0477325,0.0475645,0.047882,0.96788351751951,False,False
3477e494de0e1677418b4764a19e7ba3b12289dd4ce39a5c36b60f52b30dde33,6001215,256,bits-prefetch,1,128,8,upload_shared,1,5.071013,5.071013,5.071013,1.0035886320938243,False,False
3477e494de0e1677418b4764a19e7ba3b12289dd4ce39a5c36b60f52b30dde33,6001215,256,bits-prefetch,1,128,13,download,30,0.010626,0.010091,0.0112395,0.8581309994353472,False,False
3477e494de0e1677418b4764a19e7ba3b12289dd4ce39a5c36b60f52b30dde33,6001215,256,bits-prefetch,1,128,13,operator,30,3.5669545,3.5659914999999995,3.5675685,0.03565310406959214,False,False
3477e494de0e1677418b4764a19e7ba3b12289dd4ce39a5c36b60f52b30dde33,6001215,256,bits-prefetch,1,128,13,output_isolated,30,0.010851,0.01040775,0.011528,1.6599391761128008,False,False
3477e494de0e1677418b4764a19e7ba3b12289dd4ce39a5c36b60f52b30dde33,6001215,256,bits-prefetch,1,128,13,selection_isolated,30,3.515006,3.51445775,3.51579275,0.019219597349193714,False,False
3477e494de0e1677418b4764a19e7ba3b12289dd4ce39a5c36b60f52b30dde33,6001215,256,bits-prefetch,1,128,13,transform_isolated,30,0.0477775,0.0476395,0.047967249999999996,0.9669719009994245,False,False
3477e494de0e1677418b4764a19e7ba3b12289dd4ce39a5c36b60f52b30dde33,6001215,256,bits-prefetch,1,128,13,upload_shared,1,5.1304039999999995,5.1304039999999995,5.1304039999999995,0.9919708077570499,False,False
3477e494de0e1677418b4764a19e7ba3b12289dd4ce39a5c36b60f52b30dde33,6001215,256,bits-prefetch,1,128,16,download,30,0.010586,0.010363500000000001,0.0114995,0.8613735121859059,False,False
3477e494de0e1677418b4764a19e7ba3b12289dd4ce39a5c36b60f52b30dde33,6001215,256,bits-prefetch,1,128,16,operator,30,3.3212230000000003,3.3203034999999996,3.3219065000000003,0.03829101508691226,False,False
3477e494de0e1677418b4764a19e7ba3b12289dd4ce39a5c36b60f52b30dde33,6001215,256,bits-prefetch,1,128,16,output_isolated,30,0.010496,0.0100575,0.0111445,1.7160823170731707,False,False
3477e494de0e1677418b4764a19e7ba3b12289dd4ce39a5c36b60f52b30dde33,6001215,256,bits-prefetch,1,128,16,selection_isolated,30,3.269514,3.2692665,3.26983475,0.02066270399820891,False,False
3477e494de0e1677418b4764a19e7ba3b12289dd4ce39a5c36b60f52b30dde33,6001215,256,bits-prefetch,1,128,16,transform_isolated,30,0.04783749999999999,0.0476245,0.04812799999999999,0.9657590802194933,False,False
3477e494de0e1677418b4764a19e7ba3b12289dd4ce39a5c36b60f52b30dde33,6001215,256,bits-prefetch,1,128,16,upload_shared,1,5.058425,5.058425,5.058425,1.0060860841072072,False,False
3477e494de0e1677418b4764a19e7ba3b12289dd4ce39a5c36b60f52b30dde33,6001215,256,bits-prefetch,1,256,4,download,30,0.010977,0.010336000000000001,0.01180275,0.8306914457502049,False,False
3477e494de0e1677418b4764a19e7ba3b12289dd4ce39a5c36b60f52b30dde33,6001215,256,bits-prefetch,1,256,4,operator,30,4.104915,4.104269,4.1054785,0.030980665860316232,False,False
3477e494de0e1677418b4764a19e7ba3b12289dd4ce39a5c36b60f52b30dde33,6001215,256,bits-prefetch,1,256,4,output_isolated,30,0.011081,0.01060125,0.011782749999999998,1.6254850645248624,False,False
3477e494de0e1677418b4764a19e7ba3b12289dd4ce39a5c36b60f52b30dde33,6001215,256,bits-prefetch,1,256,4,selection_isolated,30,4.0522755,4.05178225,4.05298375,0.016671373898442986,False,False
3477e494de0e1677418b4764a19e7ba3b12289dd4ce39a5c36b60f52b30dde33,6001215,256,bits-prefetch,1,256,4,transform_isolated,30,0.0477625,0.04767025,0.0479905,0.9672755823082964,False,False
3477e494de0e1677418b4764a19e7ba3b12289dd4ce39a5c36b60f52b30dde33,6001215,256,bits-prefetch,1,256,4,upload_shared,1,5.06848,5.06848,5.06848,1.0040901808826315,False,False
3477e494de0e1677418b4764a19e7ba3b12289dd4ce39a5c36b60f52b30dde33,6001215,256,bits-prefetch,1,256,7,download,30,0.0103555,0.00992,0.010873750000000001,0.8805465694558448,False,False
3477e494de0e1677418b4764a19e7ba3b12289dd4ce39a5c36b60f52b30dde33,6001215,256,bits-prefetch,1,256,7,operator,30,2.67306,2.6725942500000004,2.6738245,0.04757581199075218,False,False
3477e494de0e1677418b4764a19e7ba3b12289dd4ce39a5c36b60f52b30dde33,6001215,256,bits-prefetch,1,256,7,output_isolated,30,0.010440999999999999,0.010151,0.010791,1.7251221147399676,False,False
3477e494de0e1677418b4764a19e7ba3b12289dd4ce39a5c36b60f52b30dde33,6001215,256,bits-prefetch,1,256,7,selection_isolated,30,2.6214370000000002,2.621137,2.621902,0.025770979809928676,False,False
3477e494de0e1677418b4764a19e7ba3b12289dd4ce39a5c36b60f52b30dde33,6001215,256,bits-prefetch,1,256,7,transform_isolated,30,0.0477825,0.0476645,0.047909749999999994,0.9668707162664156,False,False
3477e494de0e1677418b4764a19e7ba3b12289dd4ce39a5c36b60f52b30dde33,6001215,256,bits-prefetch,1,256,7,upload_shared,1,5.010642,5.010642,5.010642,1.015680425781766,False,False
3477e494de0e1677418b4764a19e7ba3b12289dd4ce39a5c36b60f52b30dde33,6001215,256,bits-prefetch,1,256,8,download,30,0.010125499999999999,0.009744,0.0107135,0.9005481210804406,False,False
3477e494de0e1677418b4764a19e7ba3b12289dd4ce39a5c36b60f52b30dde33,6001215,256,bits-prefetch,1,256,8,operator,30,2.5265435,2.525547,2.52699575,0.050334775554032624,False,False
3477e494de0e1677418b4764a19e7ba3b12289dd4ce39a5c36b60f52b30dde33,6001215,256,bits-prefetch,1,256,8,output_isolated,30,0.01034,0.00964,0.0107535,1.741972920696325,False,False
3477e494de0e1677418b4764a19e7ba3b12289dd4ce39a5c36b60f52b30dde33,6001215,256,bits-prefetch,1,256,8,selection_isolated,30,2.4748155,2.47456925,2.47523025,0.027297792502107735,False,False
3477e494de0e1677418b4764a19e7ba3b12289dd4ce39a5c36b60f52b30dde33,6001215,256,bits-prefetch,1,256,8,transform_isolated,30,0.0477975,0.047552000000000004,0.048183,0.9665672890841572,False,False
3477e494de0e1677418b4764a19e7ba3b12289dd4ce39a5c36b60f52b30dde33,6001215,256,bits-prefetch,1,256,8,upload_shared,1,5.072987,5.072987,5.072987,1.0031981158240697,False,False
3477e494de0e1677418b4764a19e7ba3b12289dd4ce39a5c36b60f52b30dde33,6001215,256,bits-prefetch,1,256,13,download,30,0.010100999999999999,0.00956425,0.01051575,0.9027324027324028,False,False
3477e494de0e1677418b4764a19e7ba3b12289dd4ce39a5c36b60f52b30dde33,6001215,256,bits-prefetch,1,256,13,operator,30,2.1623910000000004,2.1618957500000002,2.16287775,0.058811288060299914,False,False
3477e494de0e1677418b4764a19e7ba3b12289dd4ce39a5c36b60f52b30dde33,6001215,256,bits-prefetch,1,256,13,output_isolated,30,0.010044999999999998,0.00953675,0.01056075,1.7931309109009461,False,False
3477e494de0e1677418b4764a19e7ba3b12289dd4ce39a5c36b60f52b30dde33,6001215,256,bits-prefetch,1,256,13,selection_isolated,30,2.110538,2.11009275,2.1109887499999997,0.03200937391319181,False,False
3477e494de0e1677418b4764a19e7ba3b12289dd4ce39a5c36b60f52b30dde33,6001215,256,bits-prefetch,1,256,13,transform_isolated,30,0.047742,0.0476545,0.04795724999999999,0.9676909220392946,False,False
3477e494de0e1677418b4764a19e7ba3b12289dd4ce39a5c36b60f52b30dde33,6001215,256,bits-prefetch,1,256,13,upload_shared,1,5.09544,5.09544,5.09544,0.9987775344229349,False,False
3477e494de0e1677418b4764a19e7ba3b12289dd4ce39a5c36b60f52b30dde33,6001215,256,bits-prefetch,1,256,16,download,30,0.00995,0.009574,0.010411,0.91643216080402,False,False
3477e494de0e1677418b4764a19e7ba3b12289dd4ce39a5c36b60f52b30dde33,6001215,256,bits-prefetch,1,256,16,operator,30,2.086251,2.085806,2.0868845,0.06095767000231517,False,False
3477e494de0e1677418b4764a19e7ba3b12289dd4ce39a5c36b60f52b30dde33,6001215,256,bits-prefetch,1,256,16,output_isolated,30,0.0101505,0.009839249999999999,0.010561000000000001,1.7744938672971775,False,False
3477e494de0e1677418b4764a19e7ba3b12289dd4ce39a5c36b60f52b30dde33,6001215,256,bits-prefetch,1,256,16,selection_isolated,30,2.034808,2.03442275,2.03531225,0.03320067544456283,False,False
3477e494de0e1677418b4764a19e7ba3b12289dd4ce39a5c36b60f52b30dde33,6001215,256,bits-prefetch,1,256,16,transform_isolated,30,0.0477425,0.047584499999999995,0.04791975,0.9676807875582553,False,False
3477e494de0e1677418b4764a19e7ba3b12289dd4ce39a5c36b60f52b30dde33,6001215,256,bits-prefetch,1,256,16,upload_shared,1,5.069472,5.069472,5.069472,1.0038936993832888,False,False
3477e494de0e1677418b4764a19e7ba3b12289dd4ce39a5c36b60f52b30dde33,6001215,256,bits-prefetch,1,512,4,download,30,0.010100000000000001,0.009795,0.01054,0.9028217821782177,False,False
3477e494de0e1677418b4764a19e7ba3b12289dd4ce39a5c36b60f52b30dde33,6001215,256,bits-prefetch,1,512,4,operator,30,2.2105094999999997,2.210018,2.2113185,0.05753108050429099,False,False
3477e494de0e1677418b4764a19e7ba3b12289dd4ce39a5c36b60f52b30dde33,6001215,256,bits-prefetch,1,512,4,output_isolated,30,0.01027,0.00980675,0.010635999999999998,1.7538461538461538,False,False
3477e494de0e1677418b4764a19e7ba3b12289dd4ce39a5c36b60f52b30dde33,6001215,256,bits-prefetch,1,512,4,selection_isolated,30,2.159136,2.15870125,2.15977525,0.031288904450669154,False,False
3477e494de0e1677418b4764a19e7ba3b12289dd4ce39a5c36b60f52b30dde33,6001215,256,bits-prefetch,1,512,4,transform_isolated,30,0.047842499999999996,0.047627,0.047980499999999995,0.9656581491351833,False,False
3477e494de0e1677418b4764a19e7ba3b12289dd4ce39a5c36b60f52b30dde33,6001215,256,bits-prefetch,1,512,4,upload_shared,1,5.0707130000000005,5.0707130000000005,5.0707130000000005,1.0036480076864929,False,False
3477e494de0e1677418b4764a19e7ba3b12289dd4ce39a5c36b60f52b30dde33,6001215,256,bits-prefetch,1,512,7,download,30,0.0101055,0.009576500000000002,0.01066425,0.9023304141309189,False,False
3477e494de0e1677418b4764a19e7ba3b12289dd4ce39a5c36b60f52b30dde33,6001215,256,bits-prefetch,1,512,7,operator,30,1.6387930000000002,1.6383222499999999,1.6397672500000002,0.07760162509847186,False,False
3477e494de0e1677418b4764a19e7ba3b12289dd4ce39a5c36b60f52b30dde33,6001215,256,bits-prefetch,1,512,7,output_isolated,30,0.009945,0.009646749999999999,0.010237499999999998,1.8111613876319756,False,False
3477e494de0e1677418b4764a19e7ba3b12289dd4ce39a5c36b60f52b30dde33,6001215,256,bits-prefetch,1,512,7,selection_isolated,30,1.5877965,1.5868890000000002,1.5881169999999998,0.04254764385738349,False,False
3477e494de0e1677418b4764a19e7ba3b12289dd4ce39a5c36b60f52b30dde33,6001215,256,bits-prefetch,1,512,7,transform_isolated,30,0.047808,0.0476395,0.04787475,0.9663550033467202,False,False
3477e494de0e1677418b4764a19e7ba3b12289dd4ce39a5c36b60f52b30dde33,6001215,256,bits-prefetch,1,512,7,upload_shared,1,5.093067,5.093067,5.093067,0.9992428923475776,False,False
3477e494de0e1677418b4764a19e7ba3b12289dd4ce39a5c36b60f52b30dde33,6001215,256,bits-prefetch,1,512,8,download,30,0.0103005,0.0095525,0.01095675,0.8852482889180137,False,False
3477e494de0e1677418b4764a19e7ba3b12289dd4ce39a5c36b60f52b30dde33,6001215,256,bits-prefetch,1,512,8,operator,30,1.569643,1.5692555,1.570149,0.08102033392306404,False,False
3477e494de0e1677418b4764a19e7ba3b12289dd4ce39a5c36b60f52b30dde33,6001215,256,bits-prefetch,1,512,8,output_isolated,30,0.0097595,0.00944225,0.010258249999999998,1.8455863517598237,False,False
3477e494de0e1677418b4764a19e7ba3b12289dd4ce39a5c36b60f52b30dde33,6001215,256,bits-prefetch,1,512,8,selection_isolated,30,1.5181455,1.5178425,1.5185007499999998,0.0444996872829383,False,False
3477e494de0e1677418b4764a19e7ba3b12289dd4ce39a5c36b60f52b30dde33,6001215,256,bits-prefetch,1,512,8,transform_isolated,30,0.047646999999999995,0.0475445,0.047847,0.9696203328646087,False,False
3477e494de0e1677418b4764a19e7ba3b12289dd4ce39a5c36b60f52b30dde33,6001215,256,bits-prefetch,1,512,8,upload_shared,1,5.077444000000001,5.077444000000001,5.077444000000001,1.0023175046342212,False,False
3477e494de0e1677418b4764a19e7ba3b12289dd4ce39a5c36b60f52b30dde33,6001215,256,bits-prefetch,1,512,13,download,30,0.009715,0.00957,0.010296000000000001,0.9386001029336078,False,False
3477e494de0e1677418b4764a19e7ba3b12289dd4ce39a5c36b60f52b30dde33,6001215,256,bits-prefetch,1,512,13,operator,30,1.4885,1.4878772500000002,1.4892192499999999,0.08543701713134029,False,False
3477e494de0e1677418b4764a19e7ba3b12289dd4ce39a5c36b60f52b30dde33,6001215,256,bits-prefetch,1,512,13,output_isolated,30,0.009684499999999999,0.009416500000000001,0.01008775,1.8598791883938255,False,False
3477e494de0e1677418b4764a19e7ba3b12289dd4ce39a5c36b60f52b30dde33,6001215,256,bits-prefetch,1,512,13,selection_isolated,30,1.437233,1.43698275,1.4375605,0.04700490456314321,False,False
3477e494de0e1677418b4764a19e7ba3b12289dd4ce39a5c36b60f52b30dde33,6001215,256,bits-prefetch,1,512,13,transform_isolated,30,0.0476875,0.0475445,0.047849749999999996,0.9687968545216252,False,False
3477e494de0e1677418b4764a19e7ba3b12289dd4ce39a5c36b60f52b30dde33,6001215,256,bits-prefetch,1,512,13,upload_shared,1,5.0891210000000004,5.0891210000000004,5.0891210000000004,1.0000176847828925,False,False
3477e494de0e1677418b4764a19e7ba3b12289dd4ce39a5c36b60f52b30dde33,6001215,256,bits-prefetch,1,512,16,download,30,0.009770000000000001,0.009361749999999999,0.01000775,0.9333162743091095,True,False
3477e494de0e1677418b4764a19e7ba3b12289dd4ce39a5c36b60f52b30dde33,6001215,256,bits-prefetch,1,512,16,operator,30,1.4160905,1.4151592499999999,1.41678675,0.0898057009774446,True,False
3477e494de0e1677418b4764a19e7ba3b12289dd4ce39a5c36b60f52b30dde33,6001215,256,bits-prefetch,1,512,16,output_isolated,30,0.009649999999999999,0.009266499999999999,0.0100225,1.8665284974093266,True,False
3477e494de0e1677418b4764a19e7ba3b12289dd4ce39a5c36b60f52b30dde33,6001215,256,bits-prefetch,1,512,16,selection_isolated,30,1.3637015,1.3633305,1.36405975,0.04953943366638521,True,False
3477e494de0e1677418b4764a19e7ba3b12289dd4ce39a5c36b60f52b30dde33,6001215,256,bits-prefetch,1,512,16,transform_isolated,30,0.047807,0.047692,0.048033,0.9663752170184283,True,False
3477e494de0e1677418b4764a19e7ba3b12289dd4ce39a5c36b60f52b30dde33,6001215,256,bits-prefetch,1,512,16,upload_shared,1,5.089211,5.089211,5.089211,1.0,True,False
3477e494de0e1677418b4764a19e7ba3b12289dd4ce39a5c36b60f52b30dde33,6001215,256,bits-sq,8,128,4,download,30,0.009714500000000001,0.0090965,0.010148500000000001,0.9386484121673786,False,False
3477e494de0e1677418b4764a19e7ba3b12289dd4ce39a5c36b60f52b30dde33,6001215,256,bits-sq,8,128,4,operator,30,1.1936185,1.1930980000000002,1.19401475,0.10654409260580329,False,False
3477e494de0e1677418b4764a19e7ba3b12289dd4ce39a5c36b60f52b30dde33,6001215,256,bits-sq,8,128,4,output_isolated,30,0.009199,0.0089005,0.009554,1.9580389172736166,False,False
3477e494de0e1677418b4764a19e7ba3b12289dd4ce39a5c36b60f52b30dde33,6001215,256,bits-sq,8,128,4,selection_isolated,30,1.142586,1.14232825,1.14289625,0.05912640273904984,False,False
3477e494de0e1677418b4764a19e7ba3b12289dd4ce39a5c36b60f52b30dde33,6001215,256,bits-sq,8,128,4,transform_isolated,30,0.0476475,0.04757449999999999,0.04776225,0.9696101579306365,False,False
3477e494de0e1677418b4764a19e7ba3b12289dd4ce39a5c36b60f52b30dde33,6001215,256,bits-sq,8,128,4,upload_shared,1,5.071254,5.071254,5.071254,1.0035409387894987,False,False
3477e494de0e1677418b4764a19e7ba3b12289dd4ce39a5c36b60f52b30dde33,6001215,256,bits-sq,8,128,7,download,30,0.009489000000000001,0.009113,0.009902500000000002,0.9609547897565601,False,False
3477e494de0e1677418b4764a19e7ba3b12289dd4ce39a5c36b60f52b30dde33,6001215,256,bits-sq,8,128,7,operator,30,0.8754215,0.8750859999999999,0.8759872499999999,0.14527059250886573,False,False
3477e494de0e1677418b4764a19e7ba3b12289dd4ce39a5c36b60f52b30dde33,6001215,256,bits-sq,8,128,7,output_isolated,30,0.008949,0.0085955,0.00924225,2.0127388535031847,False,False
3477e494de0e1677418b4764a19e7ba3b12289dd4ce39a5c36b60f52b30dde33,6001215,256,bits-sq,8,128,7,selection_isolated,30,0.8245445,0.82427925,0.8248150000000001,0.08193250940367683,False,False
3477e494de0e1677418b4764a19e7ba3b12289dd4ce39a5c36b60f52b30dde33,6001215,256,bits-sq,8,128,7,transform_isolated,30,0.047658000000000006,0.0475695,0.047827,0.9693965336354862,False,False
3477e494de0e1677418b4764a19e7ba3b12289dd4ce39a5c36b60f52b30dde33,6001215,256,bits-sq,8,128,7,upload_shared,1,5.089482,5.089482,5.089482,0.9999467529308482,False,False
3477e494de0e1677418b4764a19e7ba3b12289dd4ce39a5c36b60f52b30dde33,6001215,256,bits-sq,8,128,8,download,30,0.009719,0.00911325,0.01013275,0.9382138080049387,False,False
3477e494de0e1677418b4764a19e7ba3b12289dd4ce39a5c36b60f52b30dde33,6001215,256,bits-sq,8,128,8,operator,30,0.821365,0.820789,0.8218705000000001,0.15483128694307646,False,False
3477e494de0e1677418b4764a19e7ba3b12289dd4ce39a5c36b60f52b30dde33,6001215,256,bits-sq,8,128,8,output_isolated,30,0.009007999999999999,0.00875825,0.009249,1.9995559502664302,False,False
3477e494de0e1677418b4764a19e7ba3b12289dd4ce39a5c36b60f52b30dde33,6001215,256,bits-sq,8,128,8,selection_isolated,30,0.771043,0.7706054999999999,0.771409,0.0876176815041444,False,False
3477e494de0e1677418b4764a19e7ba3b12289dd4ce39a5c36b60f52b30dde33,6001215,256,bits-sq,8,128,8,transform_isolated,30,0.047592,0.047474249999999996,0.04772475,0.970740880820306,False,False
3477e494de0e1677418b4764a19e7ba3b12289dd4ce39a5c36b60f52b30dde33,6001215,256,bits-sq,8,128,8,upload_shared,1,5.071013,5.071013,5.071013,1.0035886320938243,False,False
3477e494de0e1677418b4764a19e7ba3b12289dd4ce39a5c36b60f52b30dde33,6001215,256,bits-sq,8,128,13,download,30,0.009605,0.0091565,0.00987,0.9493492972410202,False,False
3477e494de0e1677418b4764a19e7ba3b12289dd4ce39a5c36b60f52b30dde33,6001215,256,bits-sq,8,128,13,operator,30,0.7446285,0.7439895000000001,0.74493875,0.17078717776716845,False,False
3477e494de0e1677418b4764a19e7ba3b12289dd4ce39a5c36b60f52b30dde33,6001215,256,bits-sq,8,128,13,output_isolated,30,0.008903000000000001,0.0086155,0.0091415,2.0231382679995504,False,False
3477e494de0e1677418b4764a19e7ba3b12289dd4ce39a5c36b60f52b30dde33,6001215,256,bits-sq,8,128,13,selection_isolated,30,0.6940219999999999,0.6937135,0.694382,0.09734129465636537,False,False
3477e494de0e1677418b4764a19e7ba3b12289dd4ce39a5c36b60f52b30dde33,6001215,256,bits-sq,8,128,13,transform_isolated,30,0.047697,0.04757449999999999,0.0478305,0.9686038954231923,False,False
3477e494de0e1677418b4764a19e7ba3b12289dd4ce39a5c36b60f52b30dde33,6001215,256,bits-sq,8,128,13,upload_shared,1,5.1304039999999995,5.1304039999999995,5.1304039999999995,0.9919708077570499,False,False
3477e494de0e1677418b4764a19e7ba3b12289dd4ce39a5c36b60f52b30dde33,6001215,256,bits-sq,8,128,16,download,30,0.009304,0.00898075,0.0098925,0.9800623387790198,False,False
3477e494de0e1677418b4764a19e7ba3b12289dd4ce39a5c36b60f52b30dde33,6001215,256,bits-sq,8,128,16,operator,30,0.7268065,0.7266060000000001,0.7272017500000001,0.1749750449397467,False,False
3477e494de0e1677418b4764a19e7ba3b12289dd4ce39a5c36b60f52b30dde33,6001215,256,bits-sq,8,128,16,output_isolated,30,0.008808,0.008535499999999998,0.0092765,2.044959128065395,False,False
3477e494de0e1677418b4764a19e7ba3b12289dd4ce39a5c36b60f52b30dde33,6001215,256,bits-sq,8,128,16,selection_isolated,30,0.676155,0.6760065000000001,0.67636475,0.09991348137631166,False,False
3477e494de0e1677418b4764a19e7ba3b12289dd4ce39a5c36b60f52b30dde33,6001215,256,bits-sq,8,128,16,transform_isolated,30,0.047597,0.047497,0.04774975,0.9706389058133917,False,False
3477e494de0e1677418b4764a19e7ba3b12289dd4ce39a5c36b60f52b30dde33,6001215,256,bits-sq,8,128,16,upload_shared,1,5.058425,5.058425,5.058425,1.0060860841072072,False,False
3477e494de0e1677418b4764a19e7ba3b12289dd4ce39a5c36b60f52b30dde33,6001215,256,bits-sq,8,256,4,download,30,0.009414,0.009136499999999999,0.010077500000000001,0.968610579987253,False,False
3477e494de0e1677418b4764a19e7ba3b12289dd4ce39a5c36b60f52b30dde33,6001215,256,bits-sq,8,256,4,operator,30,0.7068165,0.706245,0.7071835000000001,0.1799236435482194,False,False
3477e494de0e1677418b4764a19e7ba3b12289dd4ce39a5c36b60f52b30dde33,6001215,256,bits-sq,8,256,4,output_isolated,30,0.008804000000000001,0.008661249999999999,0.0092365,2.0458882326215355,False,False
3477e494de0e1677418b4764a19e7ba3b12289dd4ce39a5c36b60f52b30dde33,6001215,256,bits-sq,8,256,4,selection_isolated,30,0.655974,0.65572575,0.6563017499999999,0.10298731352157252,False,False
3477e494de0e1677418b4764a19e7ba3b12289dd4ce39a5c36b60f52b30dde33,6001215,256,bits-sq,8,256,4,transform_isolated,30,0.0477375,0.047682,0.04788975000000001,0.9677821419219691,False,False
3477e494de0e1677418b4764a19e7ba3b12289dd4ce39a5c36b60f52b30dde33,6001215,256,bits-sq,8,256,4,upload_shared,1,5.06848,5.06848,5.06848,1.0040901808826315,False,False
3477e494de0e1677418b4764a19e7ba3b12289dd4ce39a5c36b60f52b30dde33,6001215,256,bits-sq,8,256,7,download,30,0.0094095,0.009056499999999999,0.0100275,0.9690738083851427,False,False
3477e494de0e1677418b4764a19e7ba3b12289dd4ce39a5c36b60f52b30dde33,6001215,256,bits-sq,8,256,7,operator,30,0.602112,0.6016295,0.60240975,0.21121153539540818,False,False
3477e494de0e1677418b4764a19e7ba3b12289dd4ce39a5c36b60f52b30dde33,6001215,256,bits-sq,8,256,7,output_isolated,30,0.008943,0.008698,0.0092515,2.014089231801409,False,False
3477e494de0e1677418b4764a19e7ba3b12289dd4ce39a5c36b60f52b30dde33,6001215,256,bits-sq,8,256,7,selection_isolated,30,0.5515760000000001,0.551376,0.552022,0.12247994836613631,False,False
3477e494de0e1677418b4764a19e7ba3b12289dd4ce39a5c36b60f52b30dde33,6001215,256,bits-sq,8,256,7,transform_isolated,30,0.047567,0.047517,0.047643,0.9712510774276285,False,False
3477e494de0e1677418b4764a19e7ba3b12289dd4ce39a5c36b60f52b30dde33,6001215,256,bits-sq,8,256,7,upload_shared,1,5.010642,5.010642,5.010642,1.015680425781766,False,False
3477e494de0e1677418b4764a19e7ba3b12289dd4ce39a5c36b60f52b30dde33,6001215,256,bits-sq,8,256,8,download,30,0.0093495,0.009064,0.00981975,0.9752927964062249,False,False
3477e494de0e1677418b4764a19e7ba3b12289dd4ce39a5c36b60f52b30dde33,6001215,256,bits-sq,8,256,8,operator,30,0.596489,0.5959905000000001,0.5969547500000001,0.2132025904920292,False,False
3477e494de0e1677418b4764a19e7ba3b12289dd4ce39a5c36b60f52b30dde33,6001215,256,bits-sq,8,256,8,output_isolated,30,0.008882999999999999,0.00866625,0.0091815,2.0276933468422835,False,False
3477e494de0e1677418b4764a19e7ba3b12289dd4ce39a5c36b60f52b30dde33,6001215,256,bits-sq,8,256,8,selection_isolated,30,0.545812,0.545737,0.54611275,0.12377338717360559,False,False
3477e494de0e1677418b4764a19e7ba3b12289dd4ce39a5c36b60f52b30dde33,6001215,256,bits-sq,8,256,8,transform_isolated,30,0.047582,0.047472,0.04774225,0.97094489512841,False,False
3477e494de0e1677418b4764a19e7ba3b12289dd4ce39a5c36b60f52b30dde33,6001215,256,bits-sq,8,256,8,upload_shared,1,5.072987,5.072987,5.072987,1.0031981158240697,False,False
3477e494de0e1677418b4764a19e7ba3b12289dd4ce39a5c36b60f52b30dde33,6001215,256,bits-sq,8,256,13,download,30,0.009319000000000001,0.00906125,0.0098125,0.9784848159673784,False,False
3477e494de0e1677418b4764a19e7ba3b12289dd4ce39a5c36b60f52b30dde33,6001215,256,bits-sq,8,256,13,operator,30,0.5656775,0.565287,0.5663104999999999,0.22481537625236994,False,False
3477e494de0e1677418b4764a19e7ba3b12289dd4ce39a5c36b60f52b30dde33,6001215,256,bits-sq,8,256,13,output_isolated,30,0.008813000000000001,0.008610500000000002,0.00892575,2.0437989333938495,False,False
3477e494de0e1677418b4764a19e7ba3b12289dd4ce39a5c36b60f52b30dde33,6001215,256,bits-sq,8,256,13,selection_isolated,30,0.515261,0.51499575,0.51561425,0.13111219362614288,False,False
3477e494de0e1677418b4764a19e7ba3b12289dd4ce39a5c36b60f52b30dde33,6001215,256,bits-sq,8,256,13,transform_isolated,30,0.047646999999999995,0.0474895,0.047772999999999996,0.9696203328646087,False,False
3477e494de0e1677418b4764a19e7ba3b12289dd4ce39a5c36b60f52b30dde33,6001215,256,bits-sq,8,256,13,upload_shared,1,5.09544,5.09544,5.09544,0.9987775344229349,False,False
3477e494de0e1677418b4764a19e7ba3b12289dd4ce39a5c36b60f52b30dde33,6001215,256,bits-sq,8,256,16,download,30,0.0091085,0.0089365,0.009699000000000001,1.0010978756106932,False,False
3477e494de0e1677418b4764a19e7ba3b12289dd4ce39a5c36b60f52b30dde33,6001215,256,bits-sq,8,256,16,operator,30,0.5739745,0.5737124999999998,0.57442325,0.22156559219965347,False,False
3477e494de0e1677418b4764a19e7ba3b12289dd4ce39a5c36b60f52b30dde33,6001215,256,bits-sq,8,256,16,output_isolated,30,0.008708,0.0084155,0.0089315,2.0684428112080844,False,False
3477e494de0e1677418b4764a19e7ba3b12289dd4ce39a5c36b60f52b30dde33,6001215,256,bits-sq,8,256,16,selection_isolated,30,0.5235235,0.5234055,0.5237855,0.12904291784418465,False,False
3477e494de0e1677418b4764a19e7ba3b12289dd4ce39a5c36b60f52b30dde33,6001215,256,bits-sq,8,256,16,transform_isolated,30,0.047637,0.047502,0.0477405,0.9698238763985978,False,False
3477e494de0e1677418b4764a19e7ba3b12289dd4ce39a5c36b60f52b30dde33,6001215,256,bits-sq,8,256,16,upload_shared,1,5.069472,5.069472,5.069472,1.0038936993832888,False,False
3477e494de0e1677418b4764a19e7ba3b12289dd4ce39a5c36b60f52b30dde33,6001215,256,bits-sq,8,512,4,download,30,0.009118999999999999,0.0089855,0.009715000000000001,0.9999451694264724,False,False
3477e494de0e1677418b4764a19e7ba3b12289dd4ce39a5c36b60f52b30dde33,6001215,256,bits-sq,8,512,4,operator,30,0.447974,0.44753799999999994,0.44842150000000003,0.2838847790273543,False,False
3477e494de0e1677418b4764a19e7ba3b12289dd4ce39a5c36b60f52b30dde33,6001215,256,bits-sq,8,512,4,output_isolated,30,0.008864,0.008605500000000002,0.009276499999999998,2.0320397111913358,False,False
3477e494de0e1677418b4764a19e7ba3b12289dd4ce39a5c36b60f52b30dde33,6001215,256,bits-sq,8,512,4,selection_isolated,30,0.397412,0.3972745,0.39767725,0.16999235050778538,False,False
3477e494de0e1677418b4764a19e7ba3b12289dd4ce39a5c36b60f52b30dde33,6001215,256,bits-sq,8,512,4,transform_isolated,30,0.047597,0.047427,0.047834499999999995,0.9706389058133917,False,False
3477e494de0e1677418b4764a19e7ba3b12289dd4ce39a5c36b60f52b30dde33,6001215,256,bits-sq,8,512,4,upload_shared,1,5.0707130000000005,5.0707130000000005,5.0707130000000005,1.0036480076864929,False,False
3477e494de0e1677418b4764a19e7ba3b12289dd4ce39a5c36b60f52b30dde33,6001215,256,bits-sq,8,512,7,download,30,0.009139000000000001,0.00889325,0.009474,0.9977568661779187,False,False
3477e494de0e1677418b4764a19e7ba3b12289dd4ce39a5c36b60f52b30dde33,6001215,256,bits-sq,8,512,7,operator,30,0.392986,0.39268499999999995,0.39342099999999997,0.3236069478302026,False,False
3477e494de0e1677418b4764a19e7ba3b12289dd4ce39a5c36b60f52b30dde33,6001215,256,bits-sq,8,512,7,output_isolated,30,0.0086135,0.008514750000000001,0.008900749999999999,2.091136007430197,False,False
3477e494de0e1677418b4764a19e7ba3b12289dd4ce39a5c36b60f52b30dde33,6001215,256,bits-sq,8,512,7,selection_isolated,30,0.342599,0.3423715,0.342915,0.1971897174247444,False,False
3477e494de0e1677418b4764a19e7ba3b12289dd4ce39a5c36b60f52b30dde33,6001215,256,bits-sq,8,512,7,transform_isolated,30,0.047647,0.04751425,0.04775025000000001,0.9696203328646086,False,False
3477e494de0e1677418b4764a19e7ba3b12289dd4ce39a5c36b60f52b30dde33,6001215,256,bits-sq,8,512,7,upload_shared,1,5.093067,5.093067,5.093067,0.9992428923475776,False,False
3477e494de0e1677418b4764a19e7ba3b12289dd4ce39a5c36b60f52b30dde33,6001215,256,bits-sq,8,512,8,download,30,0.0090735,0.008953000000000001,0.009269,1.004959497437593,False,False
3477e494de0e1677418b4764a19e7ba3b12289dd4ce39a5c36b60f52b30dde33,6001215,256,bits-sq,8,512,8,operator,30,0.3789745,0.37855325,0.37933000000000006,0.33557139068723624,False,False
3477e494de0e1677418b4764a19e7ba3b12289dd4ce39a5c36b60f52b30dde33,6001215,256,bits-sq,8,512,8,output_isolated,30,0.0087635,0.00851725,0.008900749999999999,2.055343184800593,False,False
3477e494de0e1677418b4764a19e7ba3b12289dd4ce39a5c36b60f52b30dde33,6001215,256,bits-sq,8,512,8,selection_isolated,30,0.3282975,0.32812975,0.3285605,0.20577981860964523,False,False
3477e494de0e1677418b4764a19e7ba3b12289dd4ce39a5c36b60f52b30dde33,6001215,256,bits-sq,8,512,8,transform_isolated,30,0.04761699999999999,0.047492,0.0477755,0.9702312199424578,False,False
3477e494de0e1677418b4764a19e7ba3b12289dd4ce39a5c36b60f52b30dde33,6001215,256,bits-sq,8,512,8,upload_shared,1,5.077444000000001,5.077444000000001,5.077444000000001,1.0023175046342212,False,False
3477e494de0e1677418b4764a19e7ba3b12289dd4ce39a5c36b60f52b30dde33,6001215,256,bits-sq,8,512,13,download,30,0.009198999999999999,0.00905325,0.00959225,0.9912490488096534,False,False
3477e494de0e1677418b4764a19e7ba3b12289dd4ce39a5c36b60f52b30dde33,6001215,256,bits-sq,8,512,13,operator,30,0.37870400000000004,0.375757,0.379365,0.3358110820059994,False,False
3477e494de0e1677418b4764a19e7ba3b12289dd4ce39a5c36b60f52b30dde33,6001215,256,bits-sq,8,512,13,output_isolated,30,0.008733000000000001,0.008618,0.009029,2.0625214702851253,False,False
3477e494de0e1677418b4764a19e7ba3b12289dd4ce39a5c36b60f52b30dde33,6001215,256,bits-sq,8,512,13,selection_isolated,30,0.3284925,0.3250305,0.32884575000000005,0.205657663416973,False,False
3477e494de0e1677418b4764a19e7ba3b12289dd4ce39a5c36b60f52b30dde33,6001215,256,bits-sq,8,512,13,transform_isolated,30,0.047637,0.0475145,0.047777,0.9698238763985978,False,False
3477e494de0e1677418b4764a19e7ba3b12289dd4ce39a5c36b60f52b30dde33,6001215,256,bits-sq,8,512,13,upload_shared,1,5.0891210000000004,5.0891210000000004,5.0891210000000004,1.0000176847828925,False,False
3477e494de0e1677418b4764a19e7ba3b12289dd4ce39a5c36b60f52b30dde33,6001215,256,bits-sq,8,512,16,download,30,0.0093895,0.009099,0.00981725,0.9711379732680121,False,False
3477e494de0e1677418b4764a19e7ba3b12289dd4ce39a5c36b60f52b30dde33,6001215,256,bits-sq,8,512,16,operator,30,0.381443,0.380922,0.38182399999999994,0.33339974779980236,False,False
3477e494de0e1677418b4764a19e7ba3b12289dd4ce39a5c36b60f52b30dde33,6001215,256,bits-sq,8,512,16,output_isolated,30,0.008872999999999999,0.0086755,0.00906575,2.029978586723769,False,False
3477e494de0e1677418b4764a19e7ba3b12289dd4ce39a5c36b60f52b30dde33,6001215,256,bits-sq,8,512,16,selection_isolated,30,0.3301855,0.33000275,0.330421,0.2046031700362372,False,False
3477e494de0e1677418b4764a19e7ba3b12289dd4ce39a5c36b60f52b30dde33,6001215,256,bits-sq,8,512,16,transform_isolated,30,0.047743,0.04756475,0.0479105,0.9676706532894875,False,False
3477e494de0e1677418b4764a19e7ba3b12289dd4ce39a5c36b60f52b30dde33,6001215,256,bits-sq,8,512,16,upload_shared,1,5.089211,5.089211,5.089211,1.0,False,False
3477e494de0e1677418b4764a19e7ba3b12289dd4ce39a5c36b60f52b30dde33,6001215,256,bits-sq,32,128,4,download,30,0.009349,0.009129,0.00990475,0.9753449566798589,False,False
3477e494de0e1677418b4764a19e7ba3b12289dd4ce39a5c36b60f52b30dde33,6001215,256,bits-sq,32,128,4,operator,30,0.4335875,0.43326349999999997,0.43389449999999996,0.2933041196990227,False,False
3477e494de0e1677418b4764a19e7ba3b12289dd4ce39a5c36b60f52b30dde33,6001215,256,bits-sq,32,128,4,output_isolated,30,0.008813,0.008623,0.00908875,2.04379893339385,False,False
3477e494de0e1677418b4764a19e7ba3b12289dd4ce39a5c36b60f52b30dde33,6001215,256,bits-sq,32,128,4,selection_isolated,30,0.383451,0.383205,0.38372175000000003,0.17618157209134938,False,False
3477e494de0e1677418b4764a19e7ba3b12289dd4ce39a5c36b60f52b30dde33,6001215,256,bits-sq,32,128,4,transform_isolated,30,0.047457,0.0473645,0.04765975,0.9735023284236257,False,False
3477e494de0e1677418b4764a19e7ba3b12289dd4ce39a5c36b60f52b30dde33,6001215,256,bits-sq,32,128,4,upload_shared,1,5.0937980000000005,5.0937980000000005,5.0937980000000005,0.9990994931483343,False,False
3477e494de0e1677418b4764a19e7ba3b12289dd4ce39a5c36b60f52b30dde33,6001215,256,bits-sq,32,128,7,download,30,0.009163500000000002,0.00895325,0.00937475,0.9950892126370926,False,False
3477e494de0e1677418b4764a19e7ba3b12289dd4ce39a5c36b60f52b30dde33,6001215,256,bits-sq,32,128,7,operator,30,0.3503305,0.34967000000000004,0.35056099999999996,0.3630086446940818,False,False
3477e494de0e1677418b4764a19e7ba3b12289dd4ce39a5c36b60f52b30dde33,6001215,256,bits-sq,32,128,7,output_isolated,30,0.008623,0.008523,0.008739,2.0888321929722835,False,False
3477e494de0e1677418b4764a19e7ba3b12289dd4ce39a5c36b60f52b30dde33,6001215,256,bits-sq,32,128,7,selection_isolated,30,0.29997399999999996,0.299764,0.30022249999999995,0.22520951815824042,False,False
3477e494de0e1677418b4764a19e7ba3b12289dd4ce39a5c36b60f52b30dde33,6001215,256,bits-sq,32,128,7,transform_isolated,30,0.047436500000000006,0.04738425,0.0476395,0.9739230339506498,False,False
3477e494de0e1677418b4764a19e7ba3b12289dd4ce39a5c36b60f52b30dde33,6001215,256,bits-sq,32,128,7,upload_shared,1,5.0914150000000005,5.0914150000000005,5.0914150000000005,0.9995671144465732,False,False
3477e494de0e1677418b4764a19e7ba3b12289dd4ce39a5c36b60f52b30dde33,6001215,256,bits-sq,32,128,8,download,30,0.009264,0.00901325,0.009591500000000001,0.9842940414507773,False,False
3477e494de0e1677418b4764a19e7ba3b12289dd4ce39a5c36b60f52b30dde33,6001215,256,bits-sq,32,128,8,operator,30,0.3350975,0.33476975,0.3356405,0.37951044099105485,False,False
3477e494de0e1677418b4764a19e7ba3b12289dd4ce39a5c36b60f52b30dde33,6001215,256,bits-sq,32,128,8,output_isolated,30,0.008773,0.0084855,0.0089615,2.0531175196626013,False,False
3477e494de0e1677418b4764a19e7ba3b12289dd4ce39a5c36b60f52b30dde33,6001215,256,bits-sq,32,128,8,selection_isolated,30,0.2853425,0.28508449999999996,0.28560975,0.23675758080201864,False,False
3477e494de0e1677418b4764a19e7ba3b12289dd4ce39a5c36b60f52b30dde33,6001215,256,bits-sq,32,128,8,transform_isolated,30,0.047337000000000004,0.04724425,0.047479499999999994,0.9759701713247565,False,False
3477e494de0e1677418b4764a19e7ba3b12289dd4ce39a5c36b60f52b30dde33,6001215,256,bits-sq,32,128,8,upload_shared,1,5.065876,5.065876,5.065876,1.0046063109322059,False,False
3477e494de0e1677418b4764a19e7ba3b12289dd4ce39a5c36b60f52b30dde33,6001215,256,bits-sq,32,128,13,download,30,0.009159,0.00905625,0.009475,0.9955781198820831,False,False
3477e494de0e1677418b4764a19e7ba3b12289dd4ce39a5c36b60f52b30dde33,6001215,256,bits-sq,32,128,13,operator,30,0.321407,0.32100375000000003,0.322058,0.39567588758178884,False,False
3477e494de0e1677418b4764a19e7ba3b12289dd4ce39a5c36b60f52b30dde33,6001215,256,bits-sq,32,128,13,output_isolated,30,0.008678,0.0085955,0.008753,2.0755934547130677,False,False
3477e494de0e1677418b4764a19e7ba3b12289dd4ce39a5c36b60f52b30dde33,6001215,256,bits-sq,32,128,13,selection_isolated,30,0.271592,0.27128100000000005,0.27186699999999997,0.24874444018969633,False,False
3477e494de0e1677418b4764a19e7ba3b12289dd4ce39a5c36b60f52b30dde33,6001215,256,bits-sq,32,128,13,transform_isolated,30,0.0473815,0.0472745,0.047547,0.9750535546574086,False,False
3477e494de0e1677418b4764a19e7ba3b12289dd4ce39a5c36b60f52b30dde33,6001215,256,bits-sq,32,128,13,upload_shared,1,5.0957110000000005,5.0957110000000005,5.0957110000000005,0.9987244174561704,False,False
3477e494de0e1677418b4764a19e7ba3b12289dd4ce39a5c36b60f52b30dde33,6001215,256,bits-sq,32,128,16,download,30,0.009179,0.009059000000000001,0.0098175,0.9934088680684171,False,False
3477e494de0e1677418b4764a19e7ba3b12289dd4ce39a5c36b60f52b30dde33,6001215,256,bits-sq,32,128,16,operator,30,0.32323999999999997,0.3228915,0.32384825,0.39343212473703754,False,False
3477e494de0e1677418b4764a19e7ba3b12289dd4ce39a5c36b60f52b30dde33,6001215,256,bits-sq,32,128,16,output_isolated,30,0.008683,0.008523,0.008900499999999999,2.0743982494529543,False,False
3477e494de0e1677418b4764a19e7ba3b12289dd4ce39a5c36b60f52b30dde33,6001215,256,bits-sq,32,128,16,selection_isolated,30,0.27323400000000003,0.27295875,0.27341675,0.24724961022420341,False,False
3477e494de0e1677418b4764a19e7ba3b12289dd4ce39a5c36b60f52b30dde33,6001215,256,bits-sq,32,128,16,transform_isolated,30,0.047442,0.047302000000000004,0.047587000000000004,0.973810126048649,False,False
3477e494de0e1677418b4764a19e7ba3b12289dd4ce39a5c36b60f52b30dde33,6001215,256,bits-sq,32,128,16,upload_shared,1,5.011644,5.011644,5.011644,1.0154773563325725,False,False
3477e494de0e1677418b4764a19e7ba3b12289dd4ce39a5c36b60f52b30dde33,6001215,256,bits-sq,32,256,4,download,30,0.009164,0.0090515,0.009489,0.9950349192492361,False,False
3477e494de0e1677418b4764a19e7ba3b12289dd4ce39a5c36b60f52b30dde33,6001215,256,bits-sq,32,256,4,operator,30,0.30113599999999996,0.3007135,0.30143374999999994,0.42231084958291276,False,False
3477e494de0e1677418b4764a19e7ba3b12289dd4ce39a5c36b60f52b30dde33,6001215,256,bits-sq,32,256,4,output_isolated,30,0.0086935,0.00859625,0.008886499999999999,2.071892793466383,False,False
3477e494de0e1677418b4764a19e7ba3b12289dd4ce39a5c36b60f52b30dde33,6001215,256,bits-sq,32,256,4,selection_isolated,30,0.25075499999999995,0.25060475000000004,0.25102349999999996,0.2694143686068075,False,False
3477e494de0e1677418b4764a19e7ba3b12289dd4ce39a5c36b60f52b30dde33,6001215,256,bits-sq,32,256,4,transform_isolated,30,0.047532,0.047402,0.047602000000000005,0.9719662543128841,False,False
3477e494de0e1677418b4764a19e7ba3b12289dd4ce39a5c36b60f52b30dde33,6001215,256,bits-sq,32,256,4,upload_shared,1,5.092877,5.092877,5.092877,0.9992801711095712,False,False
3477e494de0e1677418b4764a19e7ba3b12289dd4ce39a5c36b60f52b30dde33,6001215,256,bits-sq,32,256,7,download,30,0.009164,0.008983,0.00964475,0.9950349192492361,False,False
3477e494de0e1677418b4764a19e7ba3b12289dd4ce39a5c36b60f52b30dde33,6001215,256,bits-sq,32,256,7,operator,30,0.28393,0.2834425,0.284196,0.447902652062128,False,False
3477e494de0e1677418b4764a19e7ba3b12289dd4ce39a5c36b60f52b30dde33,6001215,256,bits-sq,32,256,7,output_isolated,30,0.0086885,0.008578,0.00891825,2.0730851125050354,False,False
3477e494de0e1677418b4764a19e7ba3b12289dd4ce39a5c36b60f52b30dde33,6001215,256,bits-sq,32,256,7,selection_isolated,30,0.2337245,0.2335665,0.2339065,0.2890454359726944,False,False
3477e494de0e1677418b4764a19e7ba3b12289dd4ce39a5c36b60f52b30dde33,6001215,256,bits-sq,32,256,7,transform_isolated,30,0.047437,0.047246250000000004,0.047689499999999996,0.9739127685140292,False,False
3477e494de0e1677418b4764a19e7ba3b12289dd4ce39a5c36b60f52b30dde33,6001215,256,bits-sq,32,256,7,upload_shared,1,5.095121,5.095121,5.095121,0.9988400668011613,False,False
3477e494de0e1677418b4764a19e7ba3b12289dd4ce39a5c36b60f52b30dde33,6001215,256,bits-sq,32,256,8,download,30,0.009249,0.009086499999999999,0.009707499999999999,0.9858903665261108,False,False
3477e494de0e1677418b4764a19e7ba3b12289dd4ce39a5c36b60f52b30dde33,6001215,256,bits-sq,32,256,8,operator,30,0.2864395,0.28588125,0.28692675,0.44397857139116637,False,False
3477e494de0e1677418b4764a19e7ba3b12289dd4ce39a5c36b60f52b30dde33,6001215,256,bits-sq,32,256,8,output_isolated,30,0.0089085,0.0085755,0.00905125,2.0218892069371948,False,False
3477e494de0e1677418b4764a19e7ba3b12289dd4ce39a5c36b60f52b30dde33,6001215,256,bits-sq,32,256,8,selection_isolated,30,0.2362485,0.236118,0.236423,0.28595737115791214,False,False
3477e494de0e1677418b4764a19e7ba3b12289dd4ce39a5c36b60f52b30dde33,6001215,256,bits-sq,32,256,8,transform_isolated,30,0.047426499999999996,0.0473145,0.047572750000000004,0.9741283881374339,False,False
3477e494de0e1677418b4764a19e7ba3b12289dd4ce39a5c36b60f52b30dde33,6001215,256,bits-sq,32,256,8,upload_shared,1,5.013106,5.013106,5.013106,1.0151812070201587,False,False
3477e494de0e1677418b4764a19e7ba3b12289dd4ce39a5c36b60f52b30dde33,6001215,256,bits-sq,32,256,13,download,30,0.0091635,0.0090065,0.0094515,0.9950892126370928,False,False
3477e494de0e1677418b4764a19e7ba3b12289dd4ce39a5c36b60f52b30dde33,6001215,256,bits-sq,32,256,13,operator,30,0.303951,0.30327225,0.3044235,0.41839967626360824,False,False
3477e494de0e1677418b4764a19e7ba3b12289dd4ce39a5c36b60f52b30dde33,6001215,256,bits-sq,32,256,13,output_isolated,30,0.0088035,0.0086455,0.0090665,2.0460044300562275,False,False
3477e494de0e1677418b4764a19e7ba3b12289dd4ce39a5c36b60f52b30dde33,6001215,256,bits-sq,32,256,13,selection_isolated,30,0.25370899999999996,0.25358649999999994,0.25392975,0.2662775069075201,False,False
3477e494de0e1677418b4764a19e7ba3b12289dd4ce39a5c36b60f52b30dde33,6001215,256,bits-sq,32,256,13,transform_isolated,30,0.047357,0.04725625,0.04750175,0.9755579956500623,False,False
3477e494de0e1677418b4764a19e7ba3b12289dd4ce39a5c36b60f52b30dde33,6001215,256,bits-sq,32,256,13,upload_shared,1,5.08792,5.08792,5.08792,1.0002537382663248,False,False
3477e494de0e1677418b4764a19e7ba3b12289dd4ce39a5c36b60f52b30dde33,6001215,256,bits-sq,32,256,16,download,30,0.009144,0.0090265,0.009454750000000001,0.9972112860892389,False,False
3477e494de0e1677418b4764a19e7ba3b12289dd4ce39a5c36b60f52b30dde33,6001215,256,bits-sq,32,256,16,operator,30,0.318608,0.31834275,0.31892875,0.3991519359212575,False,False
3477e494de0e1677418b4764a19e7ba3b12289dd4ce39a5c36b60f52b30dde33,6001215,256,bits-sq,32,256,16,output_isolated,30,0.008753,0.008648,0.00891575,2.0578087512852736,False,False
3477e494de0e1677418b4764a19e7ba3b12289dd4ce39a5c36b60f52b30dde33,6001215,256,bits-sq,32,256,16,selection_isolated,30,0.268582,0.2684145,0.2687895,0.2515321205441914,False,False
3477e494de0e1677418b4764a19e7ba3b12289dd4ce39a5c36b60f52b30dde33,6001215,256,bits-sq,32,256,16,transform_isolated,30,0.0473815,0.04730125,0.04746175,0.9750535546574086,False,False
3477e494de0e1677418b4764a19e7ba3b12289dd4ce39a5c36b60f52b30dde33,6001215,256,bits-sq,32,256,16,upload_shared,1,4.9997560000000005,4.9997560000000005,4.9997560000000005,1.0178918731234083,False,False
3477e494de0e1677418b4764a19e7ba3b12289dd4ce39a5c36b60f52b30dde33,6001215,256,bits-sq,32,512,4,download,30,0.009114,0.00898325,0.00924225,1.0004937458854508,False,False
3477e494de0e1677418b4764a19e7ba3b12289dd4ce39a5c36b60f52b30dde33,6001215,256,bits-sq,32,512,4,operator,30,0.2218565,0.221115,0.22213950000000002,0.57322187990886,False,False
3477e494de0e1677418b4764a19e7ba3b12289dd4ce39a5c36b60f52b30dde33,6001215,256,bits-sq,32,512,4,output_isolated,30,0.008593,0.008459749999999999,0.008803,2.0961247527056908,False,False
3477e494de0e1677418b4764a19e7ba3b12289dd4ce39a5c36b60f52b30dde33,6001215,256,bits-sq,32,512,4,selection_isolated,30,0.1714045,0.17111225000000002,0.17167,0.39413784352219466,False,False
3477e494de0e1677418b4764a19e7ba3b12289dd4ce39a5c36b60f52b30dde33,6001215,256,bits-sq,32,512,4,transform_isolated,30,0.0473965,0.047301,0.047536999999999996,0.9747449706201935,False,False
3477e494de0e1677418b4764a19e7ba3b12289dd4ce39a5c36b60f52b30dde33,6001215,256,bits-sq,32,512,4,upload_shared,1,5.087469,5.087469,5.087469,1.0003424099488372,False,False
3477e494de0e1677418b4764a19e7ba3b12289dd4ce39a5c36b60f52b30dde33,6001215,256,bits-sq,32,512,7,download,30,0.009309499999999998,0.00908875,0.00966,0.979483323486761,False,False
3477e494de0e1677418b4764a19e7ba3b12289dd4ce39a5c36b60f52b30dde33,6001215,256,bits-sq,32,512,7,operator,30,0.21761400000000003,0.2171115,0.21811325,0.5843971435661308,False,False
3477e494de0e1677418b4764a19e7ba3b12289dd4ce39a5c36b60f52b30dde33,6001215,256,bits-sq,32,512,7,output_isolated,30,0.008648,0.008518,0.008899,2.082793709528215,False,False
3477e494de0e1677418b4764a19e7ba3b12289dd4ce39a5c36b60f52b30dde33,6001215,256,bits-sq,32,512,7,selection_isolated,30,0.1675685,0.167118,0.16796925000000001,0.40316049854238717,False,False
3477e494de0e1677418b4764a19e7ba3b12289dd4ce39a5c36b60f52b30dde33,6001215,256,bits-sq,32,512,7,transform_isolated,30,0.047481499999999996,0.047332,0.047682749999999996,0.9730000105304173,False,False
3477e494de0e1677418b4764a19e7ba3b12289dd4ce39a5c36b60f52b30dde33,6001215,256,bits-sq,32,512,7,upload_shared,1,5.007167,5.007167,5.007167,1.0163853132919274,False,False
3477e494de0e1677418b4764a19e7ba3b12289dd4ce39a5c36b60f52b30dde33,6001215,256,bits-sq,32,512,8,download,30,0.009209,0.00914625,0.009812499999999998,0.9901726571831904,False,False
3477e494de0e1677418b4764a19e7ba3b12289dd4ce39a5c36b60f52b30dde33,6001215,256,bits-sq,32,512,8,operator,30,0.2126825,0.21233375000000002,0.21294025000000003,0.5979476449637371,False,False
3477e494de0e1677418b4764a19e7ba3b12289dd4ce39a5c36b60f52b30dde33,6001215,256,bits-sq,32,512,8,output_isolated,30,0.008684,0.008527999999999999,0.0088615,2.0741593735605712,False,False
3477e494de0e1677418b4764a19e7ba3b12289dd4ce39a5c36b60f52b30dde33,6001215,256,bits-sq,32,512,8,selection_isolated,30,0.16297699999999998,0.16245374999999998,0.16320274999999998,0.41451861305583004,False,False
3477e494de0e1677418b4764a19e7ba3b12289dd4ce39a5c36b60f52b30dde33,6001215,256,bits-sq,32,512,8,transform_isolated,30,0.0474515,0.047312,0.047512,0.9736151649579045,False,False
3477e494de0e1677418b4764a19e7ba3b12289dd4ce39a5c36b60f52b30dde33,6001215,256,bits-sq,32,512,8,upload_shared,1,5.082772,5.082772,5.082772,1.0012668284156754,False,False
3477e494de0e1677418b4764a19e7ba3b12289dd4ce39a5c36b60f52b30dde33,6001215,256,bits-sq,32,512,13,download,30,0.0091985,0.009064,0.009667499999999999,0.991302929825515,False,False
3477e494de0e1677418b4764a19e7ba3b12289dd4ce39a5c36b60f52b30dde33,6001215,256,bits-sq,32,512,13,operator,30,0.23621799999999998,0.23558025,0.2366105,0.5383713349533059,False,False
3477e494de0e1677418b4764a19e7ba3b12289dd4ce39a5c36b60f52b30dde33,6001215,256,bits-sq,32,512,13,output_isolated,30,0.008643,0.0085105,0.008958,2.0839986115931968,False,False
3477e494de0e1677418b4764a19e7ba3b12289dd4ce39a5c36b60f52b30dde33,6001215,256,bits-sq,32,512,13,selection_isolated,30,0.185972,0.18568875,0.186182,0.36326436237713206,False,False
3477e494de0e1677418b4764a19e7ba3b12289dd4ce39a5c36b60f52b30dde33,6001215,256,bits-sq,32,512,13,transform_isolated,30,0.0473265,0.04726675,0.047452,0.9761867030099417,False,False
3477e494de0e1677418b4764a19e7ba3b12289dd4ce39a5c36b60f52b30dde33,6001215,256,bits-sq,32,512,13,upload_shared,1,5.053026,5.053026,5.053026,1.0071610555734325,False,False
3477e494de0e1677418b4764a19e7ba3b12289dd4ce39a5c36b60f52b30dde33,6001215,256,bits-sq,32,512,16,download,30,0.009144,0.009085499999999998,0.009765,0.9972112860892389,False,False
3477e494de0e1677418b4764a19e7ba3b12289dd4ce39a5c36b60f52b30dde33,6001215,256,bits-sq,32,512,16,operator,30,0.24594749999999999,0.2455545,0.2463315,0.517073765742689,False,False
3477e494de0e1677418b4764a19e7ba3b12289dd4ce39a5c36b60f52b30dde33,6001215,256,bits-sq,32,512,16,output_isolated,30,0.0087185,0.008547250000000001,0.00895575,2.065951711877043,False,False
3477e494de0e1677418b4764a19e7ba3b12289dd4ce39a5c36b60f52b30dde33,6001215,256,bits-sq,32,512,16,selection_isolated,30,0.19595200000000002,0.1956195,0.19633775,0.34476300318445335,False,False
3477e494de0e1677418b4764a19e7ba3b12289dd4ce39a5c36b60f52b30dde33,6001215,256,bits-sq,32,512,16,transform_isolated,30,0.047356499999999996,0.04726125,0.047507,0.9755682957988874,False,False
3477e494de0e1677418b4764a19e7ba3b12289dd4ce39a5c36b60f52b30dde33,6001215,256,bits-sq,32,512,16,upload_shared,1,5.016352,5.016352,5.016352,1.0145242997301624,False,False
3477e494de0e1677418b4764a19e7ba3b12289dd4ce39a5c36b60f52b30dde33,6001215,256,bits-sq,128,128,4,download,30,0.009154,0.00903825,0.00972475,0.9961219139174131,False,False
3477e494de0e1677418b4764a19e7ba3b12289dd4ce39a5c36b60f52b30dde33,6001215,256,bits-sq,128,128,4,operator,30,0.2914665,0.2909735,0.292038,0.43632115526141085,False,False
3477e494de0e1677418b4764a19e7ba3b12289dd4ce39a5c36b60f52b30dde33,6001215,256,bits-sq,128,128,4,output_isolated,30,0.0087335,0.008493,0.009014000000000001,2.062403389248297,False,False
3477e494de0e1677418b4764a19e7ba3b12289dd4ce39a5c36b60f52b30dde33,6001215,256,bits-sq,128,128,4,selection_isolated,30,0.24124050000000002,0.24063,0.24152274999999998,0.2800400430276011,False,False
3477e494de0e1677418b4764a19e7ba3b12289dd4ce39a5c36b60f52b30dde33,6001215,256,bits-sq,128,128,4,transform_isolated,30,0.0474715,0.047404249999999995,0.047607,0.9732049756169492,False,False
3477e494de0e1677418b4764a19e7ba3b12289dd4ce39a5c36b60f52b30dde33,6001215,256,bits-sq,128,128,4,upload_shared,1,5.07471,5.07471,5.07471,1.0028575031873743,False,False
3477e494de0e1677418b4764a19e7ba3b12289dd4ce39a5c36b60f52b30dde33,6001215,256,bits-sq,128,128,7,download,30,0.009254,0.009144,0.0093665,0.9853576831640372,False,False
3477e494de0e1677418b4764a19e7ba3b12289dd4ce39a5c36b60f52b30dde33,6001215,256,bits-sq,128,128,7,operator,30,0.266188,0.26553024999999997,0.2669475,0.47775632259906536,False,False
3477e494de0e1677418b4764a19e7ba3b12289dd4ce39a5c36b60f52b30dde33,6001215,256,bits-sq,128,128,7,output_isolated,30,0.008657999999999999,0.0085455,0.008818,2.0803880803880808,False,False
3477e494de0e1677418b4764a19e7ba3b12289dd4ce39a5c36b60f52b30dde33,6001215,256,bits-sq,128,128,7,selection_isolated,30,0.2159975,0.21585949999999998,0.2162905,0.3127675088832047,False,False
3477e494de0e1677418b4764a19e7ba3b12289dd4ce39a5c36b60f52b30dde33,6001215,256,bits-sq,128,128,7,transform_isolated,30,0.047512,0.0473495,0.047667749999999995,0.972375399898973,False,False
3477e494de0e1677418b4764a19e7ba3b12289dd4ce39a5c36b60f52b30dde33,6001215,256,bits-sq,128,128,7,upload_shared,1,5.016341,5.016341,5.016341,1.0145265244129138,False,False
3477e494de0e1677418b4764a19e7ba3b12289dd4ce39a5c36b60f52b30dde33,6001215,256,bits-sq,128,128,8,download,30,0.009234,0.009034,0.00959925,0.9874918778427552,False,False
3477e494de0e1677418b4764a19e7ba3b12289dd4ce39a5c36b60f52b30dde33,6001215,256,bits-sq,128,128,8,operator,30,0.2654825,0.26486175,0.2661232499999999,0.4790259244959649,False,False
3477e494de0e1677418b4764a19e7ba3b12289dd4ce39a5c36b60f52b30dde33,6001215,256,bits-sq,128,128,8,output_isolated,30,0.008683,0.008532999999999999,0.008968750000000001,2.0743982494529543,False,False
3477e494de0e1677418b4764a19e7ba3b12289dd4ce39a5c36b60f52b30dde33,6001215,256,bits-sq,128,128,8,selection_isolated,30,0.21506550000000002,0.21374425000000002,0.21567199999999997,0.31412290674236454,False,False
3477e494de0e1677418b4764a19e7ba3b12289dd4ce39a5c36b60f52b30dde33,6001215,256,bits-sq,128,128,8,transform_isolated,30,0.047407000000000005,0.0473285,0.047472,0.9745290779842639,False,False
3477e494de0e1677418b4764a19e7ba3b12289dd4ce39a5c36b60f52b30dde33,6001215,256,bits-sq,128,128,8,upload_shared,1,5.080057,5.080057,5.080057,1.0018019482852258,False,False
3477e494de0e1677418b4764a19e7ba3b12289dd4ce39a5c36b60f52b30dde33,6001215,256,bits-sq,128,128,13,download,30,0.009169,0.009086249999999999,0.009309,0.9944923110480969,False,False
3477e494de0e1677418b4764a19e7ba3b12289dd4ce39a5c36b60f52b30dde33,6001215,256,bits-sq,128,128,13,operator,30,0.26665399999999995,0.266013,0.26713749999999997,0.476921403766679,False,False
3477e494de0e1677418b4764a19e7ba3b12289dd4ce39a5c36b60f52b30dde33,6001215,256,bits-sq,128,128,13,output_isolated,30,0.008713499999999999,0.008570499999999998,0.00880375,2.067137200895163,False,False
3477e494de0e1677418b4764a19e7ba3b12289dd4ce39a5c36b60f52b30dde33,6001215,256,bits-sq,128,128,13,selection_isolated,30,0.216328,0.21600025,0.21671875000000002,0.312289671239969,False,False
3477e494de0e1677418b4764a19e7ba3b12289dd4ce39a5c36b60f52b30dde33,6001215,256,bits-sq,128,128,13,transform_isolated,30,0.047427,0.04732125,0.047807,0.974118118371392,False,False
3477e494de0e1677418b4764a19e7ba3b12289dd4ce39a5c36b60f52b30dde33,6001215,256,bits-sq,128,128,13,upload_shared,1,5.094891,5.094891,5.094891,0.9988851577001353,False,False
3477e494de0e1677418b4764a19e7ba3b12289dd4ce39a5c36b60f52b30dde33,6001215,256,bits-sq,128,128,16,download,30,0.009243999999999999,0.0090765,0.00993775,0.9864236261358721,False,False
3477e494de0e1677418b4764a19e7ba3b12289dd4ce39a5c36b60f52b30dde33,6001215,256,bits-sq,128,128,16,operator,30,0.273875,0.27360925,0.27454850000000003,0.4643468735737107,False,False
3477e494de0e1677418b4764a19e7ba3b12289dd4ce39a5c36b60f52b30dde33,6001215,256,bits-sq,128,128,16,output_isolated,30,0.008673,0.008535499999999998,0.008793,2.076790038049118,False,False
3477e494de0e1677418b4764a19e7ba3b12289dd4ce39a5c36b60f52b30dde33,6001215,256,bits-sq,128,128,16,selection_isolated,30,0.22388950000000002,0.2237465,0.22425250000000002,0.30174260070257874,False,False
3477e494de0e1677418b4764a19e7ba3b12289dd4ce39a5c36b60f52b30dde33,6001215,256,bits-sq,128,128,16,transform_isolated,30,0.047582,0.04746449999999999,0.047669750000000004,0.97094489512841,False,False
3477e494de0e1677418b4764a19e7ba3b12289dd4ce39a5c36b60f52b30dde33,6001215,256,bits-sq,128,128,16,upload_shared,1,5.088982,5.088982,5.088982,1.0000449991766527,False,False
3477e494de0e1677418b4764a19e7ba3b12289dd4ce39a5c36b60f52b30dde33,6001215,256,bits-sq,128,256,4,download,30,0.009209,0.009063249999999998,0.009589750000000001,0.9901726571831904,False,False
3477e494de0e1677418b4764a19e7ba3b12289dd4ce39a5c36b60f52b30dde33,6001215,256,bits-sq,128,256,4,operator,30,0.23224699999999998,0.23181125000000002,0.2328405,0.5475765026028324,False,False
3477e494de0e1677418b4764a19e7ba3b12289dd4ce39a5c36b60f52b30dde33,6001215,256,bits-sq,128,256,4,output_isolated,30,0.008788,0.008663,0.008976500000000002,2.0496131087847065,False,False
3477e494de0e1677418b4764a19e7ba3b12289dd4ce39a5c36b60f52b30dde33,6001215,256,bits-sq,128,256,4,selection_isolated,30,0.1822965,0.18191275,0.18264425,0.37058857410866364,False,False
3477e494de0e1677418b4764a19e7ba3b12289dd4ce39a5c36b60f52b30dde33,6001215,256,bits-sq,128,256,4,transform_isolated,30,0.047501999999999996,0.0474245,0.047647,0.9725801018904469,False,False
3477e494de0e1677418b4764a19e7ba3b12289dd4ce39a5c36b60f52b30dde33,6001215,256,bits-sq,128,256,4,upload_shared,1,5.086167,5.086167,5.086167,1.0005984860504973,False,False
3477e494de0e1677418b4764a19e7ba3b12289dd4ce39a5c36b60f52b30dde33,6001215,256,bits-sq,128,256,7,download,30,0.009099,0.009034,0.00926975,1.0021430926475436,False,False
3477e494de0e1677418b4764a19e7ba3b12289dd4ce39a5c36b60f52b30dde33,6001215,256,bits-sq,128,256,7,operator,30,0.23959799999999998,0.2391295,0.24011575000000002,0.5307765507224602,False,False
3477e494de0e1677418b4764a19e7ba3b12289dd4ce39a5c36b60f52b30dde33,6001215,256,bits-sq,128,256,7,output_isolated,30,0.008743500000000001,0.008685499999999999,0.008833750000000001,2.0600446045633896,False,False
3477e494de0e1677418b4764a19e7ba3b12289dd4ce39a5c36b60f52b30dde33,6001215,256,bits-sq,128,256,7,selection_isolated,30,0.18951250000000003,0.18933200000000003,0.18976300000000001,0.3564778048941363,False,False
3477e494de0e1677418b4764a19e7ba3b12289dd4ce39a5c36b60f52b30dde33,6001215,256,bits-sq,128,256,7,transform_isolated,30,0.047296500000000005,0.047202,0.04744425,0.9768058947279397,False,False
3477e494de0e1677418b4764a19e7ba3b12289dd4ce39a5c36b60f52b30dde33,6001215,256,bits-sq,128,256,7,upload_shared,1,5.079617,5.079617,5.079617,1.0018887250751385,False,False
3477e494de0e1677418b4764a19e7ba3b12289dd4ce39a5c36b60f52b30dde33,6001215,256,bits-sq,128,256,8,download,30,0.009039,0.008964,0.0095475,1.0087952207102555,False,False
3477e494de0e1677418b4764a19e7ba3b12289dd4ce39a5c36b60f52b30dde33,6001215,256,bits-sq,128,256,8,operator,30,0.24554749999999997,0.2451135,0.24591049999999998,0.5179160854824424,False,False
3477e494de0e1677418b4764a19e7ba3b12289dd4ce39a5c36b60f52b30dde33,6001215,256,bits-sq,128,256,8,output_isolated,30,0.008923,0.008623,0.009163999999999999,2.0186036086517984,False,False
3477e494de0e1677418b4764a19e7ba3b12289dd4ce39a5c36b60f52b30dde33,6001215,256,bits-sq,128,256,8,selection_isolated,30,0.195131,0.19478499999999999,0.19541850000000002,0.3462135693457216,False,False
3477e494de0e1677418b4764a19e7ba3b12289dd4ce39a5c36b60f52b30dde33,6001215,256,bits-sq,128,256,8,transform_isolated,30,0.047442,0.04729125,0.047571999999999996,0.973810126048649,False,False
3477e494de0e1677418b4764a19e7ba3b12289dd4ce39a5c36b60f52b30dde33,6001215,256,bits-sq,128,256,8,upload_shared,1,5.009791000000001,5.009791000000001,5.009791000000001,1.0158529567401113,False,False
3477e494de0e1677418b4764a19e7ba3b12289dd4ce39a5c36b60f52b30dde33,6001215,256,bits-sq,128,256,13,download,30,0.009114,0.0089965,0.0094865,1.0004937458854508,False,False
3477e494de0e1677418b4764a19e7ba3b12289dd4ce39a5c36b60f52b30dde33,6001215,256,bits-sq,128,256,13,operator,30,0.27642900000000004,0.2758855,0.27676500000000004,0.4600566510749595,False,False
3477e494de0e1677418b4764a19e7ba3b12289dd4ce39a5c36b60f52b30dde33,6001215,256,bits-sq,128,256,13,output_isolated,30,0.008657999999999999,0.0085555,0.00883075,2.0803880803880808,False,False
3477e494de0e1677418b4764a19e7ba3b12289dd4ce39a5c36b60f52b30dde33,6001215,256,bits-sq,128,256,13,selection_isolated,30,0.226348,0.226152,0.22661799999999999,0.29846519518617354,False,False
3477e494de0e1677418b4764a19e7ba3b12289dd4ce39a5c36b60f52b30dde33,6001215,256,bits-sq,128,256,13,transform_isolated,30,0.047297000000000006,0.047210999999999996,0.0474695,0.9767955684292873,False,False
3477e494de0e1677418b4764a19e7ba3b12289dd4ce39a5c36b60f52b30dde33,6001215,256,bits-sq,128,256,13,upload_shared,1,5.0134669999999995,5.0134669999999995,5.0134669999999995,1.0151081078223911,False,False
3477e494de0e1677418b4764a19e7ba3b12289dd4ce39a5c36b60f52b30dde33,6001215,256,bits-sq,128,256,16,download,30,0.009104,0.0090155,0.009374,1.0015927065026362,False,False
3477e494de0e1677418b4764a19e7ba3b12289dd4ce39a5c36b60f52b30dde33,6001215,256,bits-sq,128,256,16,operator,30,0.296369,0.29606875,0.29672225,0.42910358370814766,False,False
3477e494de0e1677418b4764a19e7ba3b12289dd4ce39a5c36b60f52b30dde33,6001215,256,bits-sq,128,256,16,output_isolated,30,0.008758000000000002,0.008628,0.00889625,2.0566339346882847,False,False
3477e494de0e1677418b4764a19e7ba3b12289dd4ce39a5c36b60f52b30dde33,6001215,256,bits-sq,128,256,16,selection_isolated,30,0.246338,0.24597975,0.246769,0.2742451428525035,False,False
3477e494de0e1677418b4764a19e7ba3b12289dd4ce39a5c36b60f52b30dde33,6001215,256,bits-sq,128,256,16,transform_isolated,30,0.047432,0.04734875,0.0475795,0.9740154326193288,False,False
3477e494de0e1677418b4764a19e7ba3b12289dd4ce39a5c36b60f52b30dde33,6001215,256,bits-sq,128,256,16,upload_shared,1,5.065095,5.065095,5.065095,1.0047612137580835,False,False
3477e494de0e1677418b4764a19e7ba3b12289dd4ce39a5c36b60f52b30dde33,6001215,256,bits-sq,128,512,4,download,30,0.009124,0.008999,0.0093215,0.9993971942130644,True,True
3477e494de0e1677418b4764a19e7ba3b12289dd4ce39a5c36b60f52b30dde33,6001215,256,bits-sq,128,512,4,operator,30,0.19522100000000003,0.19140825,0.19586199999999998,0.6514309423678805,True,True
3477e494de0e1677418b4764a19e7ba3b12289dd4ce39a5c36b60f52b30dde33,6001215,256,bits-sq,128,512,4,output_isolated,30,0.008653000000000001,0.008537999999999999,0.00884325,2.08159019993066,True,True
3477e494de0e1677418b4764a19e7ba3b12289dd4ce39a5c36b60f52b30dde33,6001215,256,bits-sq,128,512,4,selection_isolated,30,0.142341,0.14197,0.1459085,0.474613779585643,True,True
3477e494de0e1677418b4764a19e7ba3b12289dd4ce39a5c36b60f52b30dde33,6001215,256,bits-sq,128,512,4,transform_isolated,30,0.0473315,0.047196999999999996,0.0474545,0.9760835807020696,True,True
3477e494de0e1677418b4764a19e7ba3b12289dd4ce39a5c36b60f52b30dde33,6001215,256,bits-sq,128,512,4,upload_shared,1,5.08823,5.08823,5.08823,1.0001927978884602,True,True
3477e494de0e1677418b4764a19e7ba3b12289dd4ce39a5c36b60f52b30dde33,6001215,256,bits-sq,128,512,7,download,30,0.009129,0.0090665,0.009216499999999999,0.9988498192573119,False,False
3477e494de0e1677418b4764a19e7ba3b12289dd4ce39a5c36b60f52b30dde33,6001215,256,bits-sq,128,512,7,operator,30,0.23262699999999997,0.23206675,0.23302624999999996,0.5466820274516717,False,False
3477e494de0e1677418b4764a19e7ba3b12289dd4ce39a5c36b60f52b30dde33,6001215,256,bits-sq,128,512,7,output_isolated,30,0.008853,0.0086705,0.0090115,2.034564554388343,False,False
3477e494de0e1677418b4764a19e7ba3b12289dd4ce39a5c36b60f52b30dde33,6001215,256,bits-sq,128,512,7,selection_isolated,30,0.182296,0.182096,0.18245175,0.3705895905560188,False,False
3477e494de0e1677418b4764a19e7ba3b12289dd4ce39a5c36b60f52b30dde33,6001215,256,bits-sq,128,512,7,transform_isolated,30,0.047237,0.04711124999999999,0.047302000000000004,0.9780362851154816,False,False
3477e494de0e1677418b4764a19e7ba3b12289dd4ce39a5c36b60f52b30dde33,6001215,256,bits-sq,128,512,7,upload_shared,1,5.018915,5.018915,5.018915,1.0140062144905821,False,False
3477e494de0e1677418b4764a19e7ba3b12289dd4ce39a5c36b60f52b30dde33,6001215,256,bits-sq,128,512,8,download,30,0.009214,0.009046499999999999,0.00969975,0.9896353375298459,False,False
3477e494de0e1677418b4764a19e7ba3b12289dd4ce39a5c36b60f52b30dde33,6001215,256,bits-sq,128,512,8,operator,30,0.21469,0.2144125,0.21541100000000002,0.5923564208859287,False,False
3477e494de0e1677418b4764a19e7ba3b12289dd4ce39a5c36b60f52b30dde33,6001215,256,bits-sq,128,512,8,output_isolated,30,0.008673,0.008513,0.00889825,2.076790038049118,False,False
3477e494de0e1677418b4764a19e7ba3b12289dd4ce39a5c36b60f52b30dde33,6001215,256,bits-sq,128,512,8,selection_isolated,30,0.16505999999999998,0.16482675,0.16556025,0.40928753180661587,False,False
3477e494de0e1677418b4764a19e7ba3b12289dd4ce39a5c36b60f52b30dde33,6001215,256,bits-sq,128,512,8,transform_isolated,30,0.047426499999999996,0.0472545,0.047492,0.9741283881374339,False,False
3477e494de0e1677418b4764a19e7ba3b12289dd4ce39a5c36b60f52b30dde33,6001215,256,bits-sq,128,512,8,upload_shared,1,5.078295,5.078295,5.078295,1.0021495403476954,False,False
3477e494de0e1677418b4764a19e7ba3b12289dd4ce39a5c36b60f52b30dde33,6001215,256,bits-sq,128,512,13,download,30,0.009099,0.0090265,0.009453999999999999,1.0021430926475436,False,False
3477e494de0e1677418b4764a19e7ba3b12289dd4ce39a5c36b60f52b30dde33,6001215,256,bits-sq,128,512,13,operator,30,0.2742905,0.27386,0.274666,0.46364347288732205,False,False
3477e494de0e1677418b4764a19e7ba3b12289dd4ce39a5c36b60f52b30dde33,6001215,256,bits-sq,128,512,13,output_isolated,30,0.008833500000000001,0.00866625,0.00894875,2.039055866870436,False,False
3477e494de0e1677418b4764a19e7ba3b12289dd4ce39a5c36b60f52b30dde33,6001215,256,bits-sq,128,512,13,selection_isolated,30,0.2240545,0.223739,0.224245,0.3015203890124948,False,False
3477e494de0e1677418b4764a19e7ba3b12289dd4ce39a5c36b60f52b30dde33,6001215,256,bits-sq,128,512,13,transform_isolated,30,0.0471915,0.04704125,0.04730425,0.9789792653337996,False,False
3477e494de0e1677418b4764a19e7ba3b12289dd4ce39a5c36b60f52b30dde33,6001215,256,bits-sq,128,512,13,upload_shared,1,5.093198,5.093198,5.093198,0.9992171912421233,False,False
3477e494de0e1677418b4764a19e7ba3b12289dd4ce39a5c36b60f52b30dde33,6001215,256,bits-sq,128,512,16,download,30,0.0090835,0.008948000000000001,0.0093265,1.0038531403093522,False,False
3477e494de0e1677418b4764a19e7ba3b12289dd4ce39a5c36b60f52b30dde33,6001215,256,bits-sq,128,512,16,operator,30,0.29688,0.29646975000000003,0.29728275000000004,0.42836499595796285,False,False
3477e494de0e1677418b4764a19e7ba3b12289dd4ce39a5c36b60f52b30dde33,6001215,256,bits-sq,128,512,16,output_isolated,30,0.008758,0.008635499999999999,0.008848,2.056633934688285,False,False
3477e494de0e1677418b4764a19e7ba3b12289dd4ce39a5c36b60f52b30dde33,6001215,256,bits-sq,128,512,16,selection_isolated,30,0.246729,0.246479,0.24701649999999997,0.27381053706698444,False,False
3477e494de0e1677418b4764a19e7ba3b12289dd4ce39a5c36b60f52b30dde33,6001215,256,bits-sq,128,512,16,transform_isolated,30,0.047051,0.04694349999999999,0.047222,0.9819026163099616,False,False
3477e494de0e1677418b4764a19e7ba3b12289dd4ce39a5c36b60f52b30dde33,6001215,256,bits-sq,128,512,16,upload_shared,1,5.081910000000001,5.081910000000001,5.081910000000001,1.001436664561159,False,False
3477e494de0e1677418b4764a19e7ba3b12289dd4ce39a5c36b60f52b30dde33,6001215,256,bits-sq,512,128,4,download,30,0.009314,0.009136499999999999,0.009774999999999999,0.9790100923341207,False,False
3477e494de0e1677418b4764a19e7ba3b12289dd4ce39a5c36b60f52b30dde33,6001215,256,bits-sq,512,128,4,operator,30,0.4821105,0.4816215,0.48261125000000005,0.2637839250545259,False,False
3477e494de0e1677418b4764a19e7ba3b12289dd4ce39a5c36b60f52b30dde33,6001215,256,bits-sq,512,128,4,output_isolated,30,0.008854,0.0084655,0.0092915,2.0343347639484977,False,False
3477e494de0e1677418b4764a19e7ba3b12289dd4ce39a5c36b60f52b30dde33,6001215,256,bits-sq,512,128,4,selection_isolated,30,0.43181899999999995,0.43118049999999997,0.432561,0.15644749304685532,False,False
3477e494de0e1677418b4764a19e7ba3b12289dd4ce39a5c36b60f52b30dde33,6001215,256,bits-sq,512,128,4,transform_isolated,30,0.047497,0.04740375000000001,0.04757775,0.9726824852095923,False,False
3477e494de0e1677418b4764a19e7ba3b12289dd4ce39a5c36b60f52b30dde33,6001215,256,bits-sq,512,128,4,upload_shared,1,5.027216999999999,5.027216999999999,5.027216999999999,1.0123316737670167,False,False
3477e494de0e1677418b4764a19e7ba3b12289dd4ce39a5c36b60f52b30dde33,6001215,256,bits-sq,512,128,7,download,30,0.009063,0.0090065,0.009702249999999999,1.0061238000662032,False,False
3477e494de0e1677418b4764a19e7ba3b12289dd4ce39a5c36b60f52b30dde33,6001215,256,bits-sq,512,128,7,operator,30,0.4616995,0.46122149999999995,0.462431,0.2754453925117961,False,False
3477e494de0e1677418b4764a19e7ba3b12289dd4ce39a5c36b60f52b30dde33,6001215,256,bits-sq,512,128,7,output_isolated,30,0.008632500000000001,0.0084855,0.008750500000000001,2.0865334491746306,False,False
3477e494de0e1677418b4764a19e7ba3b12289dd4ce39a5c36b60f52b30dde33,6001215,256,bits-sq,512,128,7,selection_isolated,30,0.411619,0.410968,0.41208475,0.16412507683075855,False,False
3477e494de0e1677418b4764a19e7ba3b12289dd4ce39a5c36b60f52b30dde33,6001215,256,bits-sq,512,128,7,transform_isolated,30,0.047317,0.04719949999999999,0.0474195,0.976382695437158,False,False
3477e494de0e1677418b4764a19e7ba3b12289dd4ce39a5c36b60f52b30dde33,6001215,256,bits-sq,512,128,7,upload_shared,1,5.009259999999999,5.009259999999999,5.009259999999999,1.0159606408930661,False,False
3477e494de0e1677418b4764a19e7ba3b12289dd4ce39a5c36b60f52b30dde33,6001215,256,bits-sq,512,128,8,download,30,0.009089,0.009025749999999999,0.00975175,1.0032456815931345,False,False
3477e494de0e1677418b4764a19e7ba3b12289dd4ce39a5c36b60f52b30dde33,6001215,256,bits-sq,512,128,8,operator,30,0.46484899999999996,0.464023,0.46573100000000006,0.273579162265596,False,False
3477e494de0e1677418b4764a19e7ba3b12289dd4ce39a5c36b60f52b30dde33,6001215,256,bits-sq,512,128,8,output_isolated,30,0.008738,0.008525499999999998,0.0090165,2.06134126802472,False,False
3477e494de0e1677418b4764a19e7ba3b12289dd4ce39a5c36b60f52b30dde33,6001215,256,bits-sq,512,128,8,selection_isolated,30,0.4147285,0.41419725,0.415219,0.16289452014992942,False,False
3477e494de0e1677418b4764a19e7ba3b12289dd4ce39a5c36b60f52b30dde33,6001215,256,bits-sq,512,128,8,transform_isolated,30,0.047297000000000006,0.04720425,0.047412,0.9767955684292873,False,False
3477e494de0e1677418b4764a19e7ba3b12289dd4ce39a5c36b60f52b30dde33,6001215,256,bits-sq,512,128,8,upload_shared,1,5.101541,5.101541,5.101541,0.9975830832291653,False,False
3477e494de0e1677418b4764a19e7ba3b12289dd4ce39a5c36b60f52b30dde33,6001215,256,bits-sq,512,128,13,download,30,0.009124,0.00897575,0.009795,0.9993971942130644,False,False
3477e494de0e1677418b4764a19e7ba3b12289dd4ce39a5c36b60f52b30dde33,6001215,256,bits-sq,512,128,13,operator,30,0.47396799999999994,0.47357725,0.47488475,0.26831558248658144,False,False
3477e494de0e1677418b4764a19e7ba3b12289dd4ce39a5c36b60f52b30dde33,6001215,256,bits-sq,512,128,13,output_isolated,30,0.008743500000000001,0.008538,0.00907325,2.0600446045633896,False,False
3477e494de0e1677418b4764a19e7ba3b12289dd4ce39a5c36b60f52b30dde33,6001215,256,bits-sq,512,128,13,selection_isolated,30,0.42380699999999993,0.42342199999999997,0.424143,0.1594051065697358,False,False
3477e494de0e1677418b4764a19e7ba3b12289dd4ce39a5c36b60f52b30dde33,6001215,256,bits-sq,512,128,13,transform_isolated,30,0.0470815,0.047006,0.0471745,0.9812665271922094,False,False
3477e494de0e1677418b4764a19e7ba3b12289dd4ce39a5c36b60f52b30dde33,6001215,256,bits-sq,512,128,13,upload_shared,1,5.095721,5.095721,5.095721,0.9987224575285812,False,False
3477e494de0e1677418b4764a19e7ba3b12289dd4ce39a5c36b60f52b30dde33,6001215,256,bits-sq,512,128,16,download,30,0.0089985,0.00887125,0.009550000000000001,1.0133355559259878,False,False
3477e494de0e1677418b4764a19e7ba3b12289dd4ce39a5c36b60f52b30dde33,6001215,256,bits-sq,512,128,16,operator,30,0.479997,0.479687,0.48058799999999996,0.26494540590878696,False,False
3477e494de0e1677418b4764a19e7ba3b12289dd4ce39a5c36b60f52b30dde33,6001215,256,bits-sq,512,128,16,output_isolated,30,0.008778000000000001,0.0086055,0.00901625,2.0519480519480515,False,False
3477e494de0e1677418b4764a19e7ba3b12289dd4ce39a5c36b60f52b30dde33,6001215,256,bits-sq,512,128,16,selection_isolated,30,0.4291505,0.42884,0.42990175,0.15742029893941636,False,False
3477e494de0e1677418b4764a19e7ba3b12289dd4ce39a5c36b60f52b30dde33,6001215,256,bits-sq,512,128,16,transform_isolated,30,0.047211,0.04711124999999999,0.04731924999999999,0.9785749083899938,False,False
3477e494de0e1677418b4764a19e7ba3b12289dd4ce39a5c36b60f52b30dde33,6001215,256,bits-sq,512,128,16,upload_shared,1,5.083623,5.083623,5.083623,1.0010992160512295,False,False
3477e494de0e1677418b4764a19e7ba3b12289dd4ce39a5c36b60f52b30dde33,6001215,256,bits-sq,512,256,4,download,30,0.009014000000000001,0.008923,0.009254,1.0115930774351007,False,False
3477e494de0e1677418b4764a19e7ba3b12289dd4ce39a5c36b60f52b30dde33,6001215,256,bits-sq,512,256,4,operator,30,0.3724145,0.37202399999999997,0.3728825,0.34148240737135643,False,False
3477e494de0e1677418b4764a19e7ba3b12289dd4ce39a5c36b60f52b30dde33,6001215,256,bits-sq,512,256,4,output_isolated,30,0.008743,0.008603000000000001,0.009003750000000001,2.060162415646803,False,False
3477e494de0e1677418b4764a19e7ba3b12289dd4ce39a5c36b60f52b30dde33,6001215,256,bits-sq,512,256,4,selection_isolated,30,0.322589,0.3222305,0.32299975,0.20942127598895188,False,False
3477e494de0e1677418b4764a19e7ba3b12289dd4ce39a5c36b60f52b30dde33,6001215,256,bits-sq,512,256,4,transform_isolated,30,0.047157000000000004,0.0470545,0.047239249999999997,0.9796954852938058,False,False
3477e494de0e1677418b4764a19e7ba3b12289dd4ce39a5c36b60f52b30dde33,6001215,256,bits-sq,512,256,4,upload_shared,1,5.085856,5.085856,5.085856,1.0006596726293469,False,False
3477e494de0e1677418b4764a19e7ba3b12289dd4ce39a5c36b60f52b30dde33,6001215,256,bits-sq,512,256,7,download,30,0.009449,0.009166500000000001,0.009765,0.9650227537305534,False,False
3477e494de0e1677418b4764a19e7ba3b12289dd4ce39a5c36b60f52b30dde33,6001215,256,bits-sq,512,256,7,operator,30,0.3785735,0.378218,0.3787965,0.3359268411550201,False,False
3477e494de0e1677418b4764a19e7ba3b12289dd4ce39a5c36b60f52b30dde33,6001215,256,bits-sq,512,256,7,output_isolated,30,0.008868,0.008733,0.009069,2.0311231393775375,False,False
3477e494de0e1677418b4764a19e7ba3b12289dd4ce39a5c36b60f52b30dde33,6001215,256,bits-sq,512,256,7,selection_isolated,30,0.32866799999999996,0.32824475,0.32928474999999996,0.20554784767607437,False,False
3477e494de0e1677418b4764a19e7ba3b12289dd4ce39a5c36b60f52b30dde33,6001215,256,bits-sq,512,256,7,transform_isolated,30,0.046886,0.04678025,0.046993499999999994,0.9853581026319158,False,False
3477e494de0e1677418b4764a19e7ba3b12289dd4ce39a5c36b60f52b30dde33,6001215,256,bits-sq,512,256,7,upload_shared,1,5.02271,5.02271,5.02271,1.013240063630988,False,False
3477e494de0e1677418b4764a19e7ba3b12289dd4ce39a5c36b60f52b30dde33,6001215,256,bits-sq,512,256,8,download,30,0.0093145,0.00894075,0.009671750000000002,0.9789575393204144,False,False
3477e494de0e1677418b4764a19e7ba3b12289dd4ce39a5c36b60f52b30dde33,6001215,256,bits-sq,512,256,8,operator,30,0.387107,0.386561,0.3873845,0.32852157155515144,False,False
3477e494de0e1677418b4764a19e7ba3b12289dd4ce39a5c36b60f52b30dde33,6001215,256,bits-sq,512,256,8,output_isolated,30,0.0088885,0.008763,0.009239,2.02643865669123,False,False
3477e494de0e1677418b4764a19e7ba3b12289dd4ce39a5c36b60f52b30dde33,6001215,256,bits-sq,512,256,8,selection_isolated,30,0.33699599999999996,0.33669750000000004,0.33752175000000006,0.20046825481608094,False,False
3477e494de0e1677418b4764a19e7ba3b12289dd4ce39a5c36b60f52b30dde33,6001215,256,bits-sq,512,256,8,transform_isolated,30,0.046841,0.04673025,0.046978500000000006,0.9863047330330267,False,False
3477e494de0e1677418b4764a19e7ba3b12289dd4ce39a5c36b60f52b30dde33,6001215,256,bits-sq,512,256,8,upload_shared,1,5.118556,5.118556,5.118556,0.9942669377847971,False,False
3477e494de0e1677418b4764a19e7ba3b12289dd4ce39a5c36b60f52b30dde33,6001215,256,bits-sq,512,256,13,download,30,0.009153999999999999,0.009014000000000001,0.009667249999999999,0.9961219139174132,False,False
3477e494de0e1677418b4764a19e7ba3b12289dd4ce39a5c36b60f52b30dde33,6001215,256,bits-sq,512,256,13,operator,30,0.4406425,0.44007450000000004,0.44099625000000003,0.2886081120182461,False,False
3477e494de0e1677418b4764a19e7ba3b12289dd4ce39a5c36b60f52b30dde33,6001215,256,bits-sq,512,256,13,output_isolated,30,0.0089085,0.008723,0.0091515,2.0218892069371948,False,False
3477e494de0e1677418b4764a19e7ba3b12289dd4ce39a5c36b60f52b30dde33,6001215,256,bits-sq,512,256,13,selection_isolated,30,0.39122199999999996,0.3906395,0.3914412500000001,0.1726820066356187,False,False
3477e494de0e1677418b4764a19e7ba3b12289dd4ce39a5c36b60f52b30dde33,6001215,256,bits-sq,512,256,13,transform_isolated,30,0.046951,0.0468035,0.04710175,0.9839939511405509,False,False
3477e494de0e1677418b4764a19e7ba3b12289dd4ce39a5c36b60f52b30dde33,6001215,256,bits-sq,512,256,13,upload_shared,1,5.074019,5.074019,5.074019,1.0029940762933682,False,False
3477e494de0e1677418b4764a19e7ba3b12289dd4ce39a5c36b60f52b30dde33,6001215,256,bits-sq,512,256,16,download,30,0.0091685,0.00908875,0.009709249999999999,0.9945465452364073,False,False
3477e494de0e1677418b4764a19e7ba3b12289dd4ce39a5c36b60f52b30dde33,6001215,256,bits-sq,512,256,16,operator,30,0.469922,0.46943599999999996,0.470488,0.27062576342456834,False,False
3477e494de0e1677418b4764a19e7ba3b12289dd4ce39a5c36b60f52b30dde33,6001215,256,bits-sq,512,256,16,output_isolated,30,0.0089685,0.00877325,0.0091715,2.00836260244188,False,False
3477e494de0e1677418b4764a19e7ba3b12289dd4ce39a5c36b60f52b30dde33,6001215,256,bits-sq,512,256,16,selection_isolated,30,0.41948549999999996,0.41910749999999997,0.41979675000000005,0.16104728292157897,False,False
3477e494de0e1677418b4764a19e7ba3b12289dd4ce39a5c36b60f52b30dde33,6001215,256,bits-sq,512,256,16,transform_isolated,30,0.046961,0.046891,0.04703175,0.9837844168565406,False,False
3477e494de0e1677418b4764a19e7ba3b12289dd4ce39a5c36b60f52b30dde33,6001215,256,bits-sq,512,256,16,upload_shared,1,5.02237,5.02237,5.02237,1.0133086570682766,False,False
3477e494de0e1677418b4764a19e7ba3b12289dd4ce39a5c36b60f52b30dde33,6001215,256,bits-sq,512,512,4,download,30,0.009153999999999999,0.008975499999999999,0.00955425,0.9961219139174132,False,False
3477e494de0e1677418b4764a19e7ba3b12289dd4ce39a5c36b60f52b30dde33,6001215,256,bits-sq,512,512,4,operator,30,0.2992285,0.29876225,0.29958399999999996,0.42500296596079584,False,False
3477e494de0e1677418b4764a19e7ba3b12289dd4ce39a5c36b60f52b30dde33,6001215,256,bits-sq,512,512,4,output_isolated,30,0.008713499999999999,0.00848525,0.008840500000000001,2.067137200895163,False,False
3477e494de0e1677418b4764a19e7ba3b12289dd4ce39a5c36b60f52b30dde33,6001215,256,bits-sq,512,512,4,selection_isolated,30,0.2489475,0.2487295,0.249508,0.27137046967734163,False,False
3477e494de0e1677418b4764a19e7ba3b12289dd4ce39a5c36b60f52b30dde33,6001215,256,bits-sq,512,512,4,transform_isolated,30,0.046785499999999994,0.046643250000000004,0.0469535,0.9874747517927566,False,False
3477e494de0e1677418b4764a19e7ba3b12289dd4ce39a5c36b60f52b30dde33,6001215,256,bits-sq,512,512,4,upload_shared,1,5.093909,5.093909,5.093909,0.9990777220401856,False,False
3477e494de0e1677418b4764a19e7ba3b12289dd4ce39a5c36b60f52b30dde33,6001215,256,bits-sq,512,512,7,download,30,0.009113999999999999,0.009008,0.00968475,1.000493745885451,False,False
3477e494de0e1677418b4764a19e7ba3b12289dd4ce39a5c36b60f52b30dde33,6001215,256,bits-sq,512,512,7,operator,30,0.374568,0.3739895,0.375594,0.33951912603319023,False,False
3477e494de0e1677418b4764a19e7ba3b12289dd4ce39a5c36b60f52b30dde33,6001215,256,bits-sq,512,512,7,output_isolated,30,0.008879,0.00870325,0.00915575,2.028606825092916,False,False
3477e494de0e1677418b4764a19e7ba3b12289dd4ce39a5c36b60f52b30dde33,6001215,256,bits-sq,512,512,7,selection_isolated,30,0.3241715,0.3234685,0.32450924999999997,0.20839894932157826,False,False
3477e494de0e1677418b4764a19e7ba3b12289dd4ce39a5c36b60f52b30dde33,6001215,256,bits-sq,512,512,7,transform_isolated,30,0.0466305,0.04656325,0.046761000000000004,0.9907571224842111,False,False
3477e494de0e1677418b4764a19e7ba3b12289dd4ce39a5c36b60f52b30dde33,6001215,256,bits-sq,512,512,7,upload_shared,1,5.023442,5.023442,5.023442,1.013092417509747,False,False
3477e494de0e1677418b4764a19e7ba3b12289dd4ce39a5c36b60f52b30dde33,6001215,256,bits-sq,512,512,8,download,30,0.009124,0.008991250000000001,0.0095125,0.9993971942130644,False,False
3477e494de0e1677418b4764a19e7ba3b12289dd4ce39a5c36b60f52b30dde33,6001215,256,bits-sq,512,512,8,operator,30,0.32534799999999997,0.32491975,0.32596125,0.39088299297982476,False,False
3477e494de0e1677418b4764a19e7ba3b12289dd4ce39a5c36b60f52b30dde33,6001215,256,bits-sq,512,512,8,output_isolated,30,0.008953,0.00875575,0.0091465,2.011839606835698,False,False
3477e494de0e1677418b4764a19e7ba3b12289dd4ce39a5c36b60f52b30dde33,6001215,256,bits-sq,512,512,8,selection_isolated,30,0.2749665,0.274646,0.2755455,0.24569174790383558,False,False
3477e494de0e1677418b4764a19e7ba3b12289dd4ce39a5c36b60f52b30dde33,6001215,256,bits-sq,512,512,8,transform_isolated,30,0.047041,0.046896,0.047153499999999994,0.982111349673689,False,False
3477e494de0e1677418b4764a19e7ba3b12289dd4ce39a5c36b60f52b30dde33,6001215,256,bits-sq,512,512,8,upload_shared,1,5.105186000000001,5.105186000000001,5.105186000000001,0.9968708289962401,False,False
3477e494de0e1677418b4764a19e7ba3b12289dd4ce39a5c36b60f52b30dde33,6001215,256,bits-sq,512,512,13,download,30,0.009164,0.00901625,0.009549000000000002,0.9950349192492361,False,False
3477e494de0e1677418b4764a19e7ba3b12289dd4ce39a5c36b60f52b30dde33,6001215,256,bits-sq,512,512,13,operator,30,0.449997,0.4493235,0.4507405,0.2826085507236715,False,False
3477e494de0e1677418b4764a19e7ba3b12289dd4ce39a5c36b60f52b30dde33,6001215,256,bits-sq,512,512,13,output_isolated,30,0.008993000000000001,0.008785500000000002,0.009194,2.002891137551429,False,False
3477e494de0e1677418b4764a19e7ba3b12289dd4ce39a5c36b60f52b30dde33,6001215,256,bits-sq,512,512,13,selection_isolated,30,0.40047699999999997,0.40000875,0.40097775,0.1686913355823181,False,False
3477e494de0e1677418b4764a19e7ba3b12289dd4ce39a5c36b60f52b30dde33,6001215,256,bits-sq,512,512,13,transform_isolated,30,0.046626,0.04649825,0.04672074999999999,0.9908527431047056,False,False
3477e494de0e1677418b4764a19e7ba3b12289dd4ce39a5c36b60f52b30dde33,6001215,256,bits-sq,512,512,13,upload_shared,1,5.112127,5.112127,5.112127,0.995517325762838,False,False
3477e494de0e1677418b4764a19e7ba3b12289dd4ce39a5c36b60f52b30dde33,6001215,256,bits-sq,512,512,16,download,30,0.0091135,0.00896125,0.00949425,1.0005486366379546,False,False
3477e494de0e1677418b4764a19e7ba3b12289dd4ce39a5c36b60f52b30dde33,6001215,256,bits-sq,512,512,16,operator,30,0.4982,0.49780175,0.49859774999999995,0.2552649538338017,False,False
3477e494de0e1677418b4764a19e7ba3b12289dd4ce39a5c36b60f52b30dde33,6001215,256,bits-sq,512,512,16,output_isolated,30,0.008858,0.008696249999999999,0.009211500000000001,2.0334161210205464,False,False
3477e494de0e1677418b4764a19e7ba3b12289dd4ce39a5c36b60f52b30dde33,6001215,256,bits-sq,512,512,16,selection_isolated,30,0.44816900000000004,0.44769825,0.44941099999999995,0.15074001102262763,False,False
3477e494de0e1677418b4764a19e7ba3b12289dd4ce39a5c36b60f52b30dde33,6001215,256,bits-sq,512,512,16,transform_isolated,30,0.0465405,0.04643,0.046690999999999996,0.9926730482053266,False,False
3477e494de0e1677418b4764a19e7ba3b12289dd4ce39a5c36b60f52b30dde33,6001215,256,bits-sq,512,512,16,upload_shared,1,5.024404,5.024404,5.024404,1.0128984452683343,False,False
3477e494de0e1677418b4764a19e7ba3b12289dd4ce39a5c36b60f52b30dde33,6001215,256,block-select,1,128,4,download,30,0.01627,0.014755500000000001,0.017048249999999997,0.5604486785494776,False,False
3477e494de0e1677418b4764a19e7ba3b12289dd4ce39a5c36b60f52b30dde33,6001215,256,block-select,1,128,4,operator,30,22.7985455,22.767971250000002,22.820096,0.005578119007635817,False,False
3477e494de0e1677418b4764a19e7ba3b12289dd4ce39a5c36b60f52b30dde33,6001215,256,block-select,1,128,4,output_isolated,30,0.0171415,0.016355,0.017797,1.0507831870023043,False,False
3477e494de0e1677418b4764a19e7ba3b12289dd4ce39a5c36b60f52b30dde33,6001215,256,block-select,1,128,4,selection_isolated,30,22.706321,22.687467250000005,22.7339245,0.0029752508123178567,False,False
3477e494de0e1677418b4764a19e7ba3b12289dd4ce39a5c36b60f52b30dde33,6001215,256,block-select,1,128,4,transform_isolated,30,0.048127500000000004,0.047982,0.048358,0.9599397433899538,False,False
3477e494de0e1677418b4764a19e7ba3b12289dd4ce39a5c36b60f52b30dde33,6001215,256,block-select,1,128,4,upload_shared,1,5.089211,5.089211,5.089211,1.0,False,False
3477e494de0e1677418b4764a19e7ba3b12289dd4ce39a5c36b60f52b30dde33,6001215,256,grid-select,1,0,0,download,30,0.0091985,0.008970500000000001,0.0095365,0.991302929825515,True,True
3477e494de0e1677418b4764a19e7ba3b12289dd4ce39a5c36b60f52b30dde33,6001215,256,grid-select,1,0,0,operator,30,0.28351950000000004,0.282959,0.28425849999999997,0.44855115785686694,True,True
3477e494de0e1677418b4764a19e7ba3b12289dd4ce39a5c36b60f52b30dde33,6001215,256,grid-select,1,0,0,output_isolated,30,0.008643,0.00850525,0.008760500000000001,2.0839986115931968,True,True
3477e494de0e1677418b4764a19e7ba3b12289dd4ce39a5c36b60f52b30dde33,6001215,256,grid-select,1,0,0,selection_isolated,30,0.239568,0.23901475,0.24069474999999999,0.2819950911640954,True,True
3477e494de0e1677418b4764a19e7ba3b12289dd4ce39a5c36b60f52b30dde33,6001215,256,grid-select,1,0,0,transform_isolated,30,0.047166,0.047051,0.04728375,0.9795085442903788,True,True
3477e494de0e1677418b4764a19e7ba3b12289dd4ce39a5c36b60f52b30dde33,6001215,256,grid-select,1,0,0,upload_shared,1,5.089211,5.089211,5.089211,1.0,True,True
3477e494de0e1677418b4764a19e7ba3b12289dd4ce39a5c36b60f52b30dde33,6001215,512,air-topk,1,512,0,download,30,0.0096995,0.009614,0.01013075,1.0,True,True
3477e494de0e1677418b4764a19e7ba3b12289dd4ce39a5c36b60f52b30dde33,6001215,512,air-topk,1,512,0,operator,30,0.13194999999999998,0.13164425,0.1322475,1.0,True,True
3477e494de0e1677418b4764a19e7ba3b12289dd4ce39a5c36b60f52b30dde33,6001215,512,air-topk,1,512,0,output_isolated,30,0.026625500000000003,0.026523249999999998,0.0269175,1.0,True,True
3477e494de0e1677418b4764a19e7ba3b12289dd4ce39a5c36b60f52b30dde33,6001215,512,air-topk,1,512,0,selection_isolated,30,0.064508,0.06426950000000001,0.0648455,1.0,True,True
3477e494de0e1677418b4764a19e7ba3b12289dd4ce39a5c36b60f52b30dde33,6001215,512,air-topk,1,512,0,transform_isolated,30,0.046204999999999996,0.0461275,0.046367500000000006,1.0,True,True
3477e494de0e1677418b4764a19e7ba3b12289dd4ce39a5c36b60f52b30dde33,6001215,512,air-topk,1,512,0,upload_shared,1,5.074189,5.074189,5.074189,1.0,True,True
3477e494de0e1677418b4764a19e7ba3b12289dd4ce39a5c36b60f52b30dde33,6001215,512,bits-prefetch,1,128,4,download,30,0.0127545,0.012231249999999999,0.01354325,0.7604766944999803,False,False
3477e494de0e1677418b4764a19e7ba3b12289dd4ce39a5c36b60f52b30dde33,6001215,512,bits-prefetch,1,128,4,operator,30,7.6007425,7.59897675,7.60157625,0.017360146064677232,False,False
3477e494de0e1677418b4764a19e7ba3b12289dd4ce39a5c36b60f52b30dde33,6001215,512,bits-prefetch,1,128,4,output_isolated,30,0.01318,0.012319,0.0135535,2.020144157814871,False,False
3477e494de0e1677418b4764a19e7ba3b12289dd4ce39a5c36b60f52b30dde33,6001215,512,bits-prefetch,1,128,4,selection_isolated,30,7.547155500000001,7.545901499999999,7.5484979999999995,0.00854732620786732,False,False
3477e494de0e1677418b4764a19e7ba3b12289dd4ce39a5c36b60f52b30dde33,6001215,512,bits-prefetch,1,128,4,transform_isolated,30,0.047888,0.04771449999999999,0.0480505,0.9648554961577013,False,False
3477e494de0e1677418b4764a19e7ba3b12289dd4ce39a5c36b60f52b30dde33,6001215,512,bits-prefetch,1,128,4,upload_shared,1,5.021259000000001,5.021259000000001,5.021259000000001,1.010541181006596,False,False
3477e494de0e1677418b4764a19e7ba3b12289dd4ce39a5c36b60f52b30dde33,6001215,512,bits-prefetch,1,128,7,download,30,0.012319,0.0116905,0.0126065,0.7873609870931082,False,False
3477e494de0e1677418b4764a19e7ba3b12289dd4ce39a5c36b60f52b30dde33,6001215,512,bits-prefetch,1,128,7,operator,30,5.8030930000000005,5.80194675,5.80366675,0.02273787444040617,False,False
3477e494de0e1677418b4764a19e7ba3b12289dd4ce39a5c36b60f52b30dde33,6001215,512,bits-prefetch,1,128,7,output_isolated,30,0.0122235,0.011657999999999998,0.0130425,2.178222276761975,False,False
3477e494de0e1677418b4764a19e7ba3b12289dd4ce39a5c36b60f52b30dde33,6001215,512,bits-prefetch,1,128,7,selection_isolated,30,5.749327,5.748365,5.75010875,0.011220095847740091,False,False
3477e494de0e1677418b4764a19e7ba3b12289dd4ce39a5c36b60f52b30dde33,6001215,512,bits-prefetch,1,128,7,transform_isolated,30,0.04797800000000001,0.04774725,0.04820049999999999,0.9630455625495017,False,False
3477e494de0e1677418b4764a19e7ba3b12289dd4ce39a5c36b60f52b30dde33,6001215,512,bits-prefetch,1,128,7,upload_shared,1,5.081269,5.081269,5.081269,0.9986066472764973,False,False
3477e494de0e1677418b4764a19e7ba3b12289dd4ce39a5c36b60f52b30dde33,6001215,512,bits-prefetch,1,128,8,download,30,0.011828,0.011337,0.012819,0.8200456543794385,False,False
3477e494de0e1677418b4764a19e7ba3b12289dd4ce39a5c36b60f52b30dde33,6001215,512,bits-prefetch,1,128,8,operator,30,4.3825405,4.38178925,4.3833269999999995,0.03010810738657178,False,False
3477e494de0e1677418b4764a19e7ba3b12289dd4ce39a5c36b60f52b30dde33,6001215,512,bits-prefetch,1,128,8,output_isolated,30,0.011457,0.010907,0.012044,2.3239504233219868,False,False
3477e494de0e1677418b4764a19e7ba3b12289dd4ce39a5c36b60f52b30dde33,6001215,512,bits-prefetch,1,128,8,selection_isolated,30,4.329826000000001,4.3293925,4.330592,0.014898520171480328,False,False
3477e494de0e1677418b4764a19e7ba3b12289dd4ce39a5c36b60f52b30dde33,6001215,512,bits-prefetch,1,128,8,transform_isolated,30,0.047832,0.047694499999999994,0.047998,0.9659851145676533,False,False
3477e494de0e1677418b4764a19e7ba3b12289dd4ce39a5c36b60f52b30dde33,6001215,512,bits-prefetch,1,128,8,upload_shared,1,5.081039,5.081039,5.081039,0.9986518505368686,False,False
3477e494de0e1677418b4764a19e7ba3b12289dd4ce39a5c36b60f52b30dde33,6001215,512,bits-prefetch,1,128,13,download,30,0.011382,0.0106185,0.0120155,0.8521788789316465,False,False
3477e494de0e1677418b4764a19e7ba3b12289dd4ce39a5c36b60f52b30dde33,6001215,512,bits-prefetch,1,128,13,operator,30,3.6812084999999994,3.680186,3.6824897500000007,0.03584420714012803,False,False
3477e494de0e1677418b4764a19e7ba3b12289dd4ce39a5c36b60f52b30dde33,6001215,512,bits-prefetch,1,128,13,output_isolated,30,0.0116075,0.01095125,0.01201875,2.293818651733793,False,False
3477e494de0e1677418b4764a19e7ba3b12289dd4ce39a5c36b60f52b30dde33,6001215,512,bits-prefetch,1,128,13,selection_isolated,30,3.6296749999999998,3.6290915,3.6302459999999996,0.017772390090021833,False,False
3477e494de0e1677418b4764a19e7ba3b12289dd4ce39a5c36b60f52b30dde33,6001215,512,bits-prefetch,1,128,13,transform_isolated,30,0.047821999999999996,0.04768525,0.047970500000000006,0.9661871105349003,False,False
3477e494de0e1677418b4764a19e7ba3b12289dd4ce39a5c36b60f52b30dde33,6001215,512,bits-prefetch,1,128,13,upload_shared,1,5.083703,5.083703,5.083703,0.9981285295384092,False,False
3477e494de0e1677418b4764a19e7ba3b12289dd4ce39a5c36b60f52b30dde33,6001215,512,bits-prefetch,1,128,16,download,30,0.011437,0.01087625,0.01239325,0.8480807904170674,False,False
3477e494de0e1677418b4764a19e7ba3b12289dd4ce39a5c36b60f52b30dde33,6001215,512,bits-prefetch,1,128,16,operator,30,3.3081329999999998,3.30737925,3.3088889999999997,0.03988654627852024,False,False
3477e494de0e1677418b4764a19e7ba3b12289dd4ce39a5c36b60f52b30dde33,6001215,512,bits-prefetch,1,128,16,output_isolated,30,0.010771,0.010371000000000002,0.01136275,2.471961749141213,False,False
3477e494de0e1677418b4764a19e7ba3b12289dd4ce39a5c36b60f52b30dde33,6001215,512,bits-prefetch,1,128,16,selection_isolated,30,3.2558035,3.25507725,3.2562689999999996,0.019813235043208227,False,False
3477e494de0e1677418b4764a19e7ba3b12289dd4ce39a5c36b60f52b30dde33,6001215,512,bits-prefetch,1,128,16,transform_isolated,30,0.047733,0.047611999999999995,0.047953,0.9679886032723692,False,False
3477e494de0e1677418b4764a19e7ba3b12289dd4ce39a5c36b60f52b30dde33,6001215,512,bits-prefetch,1,128,16,upload_shared,1,5.087319,5.087319,5.087319,0.9974190727964964,False,False
3477e494de0e1677418b4764a19e7ba3b12289dd4ce39a5c36b60f52b30dde33,6001215,512,bits-prefetch,1,256,4,download,30,0.0114225,0.01069175,0.012188749999999998,0.8491573648500765,False,False
3477e494de0e1677418b4764a19e7ba3b12289dd4ce39a5c36b60f52b30dde33,6001215,512,bits-prefetch,1,256,4,operator,30,3.729055,3.7282165000000003,3.7300627499999996,0.03538429977568043,False,False
3477e494de0e1677418b4764a19e7ba3b12289dd4ce39a5c36b60f52b30dde33,6001215,512,bits-prefetch,1,256,4,output_isolated,30,0.011221499999999999,0.01048525,0.0115445,2.3727220068618284,False,False
3477e494de0e1677418b4764a19e7ba3b12289dd4ce39a5c36b60f52b30dde33,6001215,512,bits-prefetch,1,256,4,selection_isolated,30,3.676726,3.67611525,3.6776045,0.017544957116739184,False,False
3477e494de0e1677418b4764a19e7ba3b12289dd4ce39a5c36b60f52b30dde33,6001215,512,bits-prefetch,1,256,4,transform_isolated,30,0.047833,0.047712750000000005,0.04798275,0.9659649196161645,False,False
3477e494de0e1677418b4764a19e7ba3b12289dd4ce39a5c36b60f52b30dde33,6001215,512,bits-prefetch,1,256,4,upload_shared,1,5.084915,5.084915,5.084915,0.9978906235404131,False,False
3477e494de0e1677418b4764a19e7ba3b12289dd4ce39a5c36b60f52b30dde33,6001215,512,bits-prefetch,1,256,7,download,30,0.010786500000000001,0.01044325,0.01122925,0.8992258842071107,False,False
3477e494de0e1677418b4764a19e7ba3b12289dd4ce39a5c36b60f52b30dde33,6001215,512,bits-prefetch,1,256,7,operator,30,2.65958,2.65892825,2.66043325,0.04961309680475864,False,False
3477e494de0e1677418b4764a19e7ba3b12289dd4ce39a5c36b60f52b30dde33,6001215,512,bits-prefetch,1,256,7,output_isolated,30,0.010826,0.010466,0.01147275,2.4594032883798267,False,False
3477e494de0e1677418b4764a19e7ba3b12289dd4ce39a5c36b60f52b30dde33,6001215,512,bits-prefetch,1,256,7,selection_isolated,30,2.6077909999999997,2.6073085000000003,2.6081595,0.024736644922848498,False,False
3477e494de0e1677418b4764a19e7ba3b12289dd4ce39a5c36b60f52b30dde33,6001215,512,bits-prefetch,1,256,7,transform_isolated,30,0.047938,0.047807249999999996,0.048113,0.9638491384705243,False,False
3477e494de0e1677418b4764a19e7ba3b12289dd4ce39a5c36b60f52b30dde33,6001215,512,bits-prefetch,1,256,7,upload_shared,1,5.092276,5.092276,5.092276,0.9964481501002694,False,False
3477e494de0e1677418b4764a19e7ba3b12289dd4ce39a5c36b60f52b30dde33,6001215,512,bits-prefetch,1,256,8,download,30,0.011237,0.01052775,0.0122455,0.8631752247041025,False,False
3477e494de0e1677418b4764a19e7ba3b12289dd4ce39a5c36b60f52b30dde33,6001215,512,bits-prefetch,1,256,8,operator,30,2.538792,2.5380635,2.5396229999999997,0.05197353702075632,False,False
3477e494de0e1677418b4764a19e7ba3b12289dd4ce39a5c36b60f52b30dde33,6001215,512,bits-prefetch,1,256,8,output_isolated,30,0.010736,0.01018275,0.011084250000000002,2.4800204918032787,False,False
3477e494de0e1677418b4764a19e7ba3b12289dd4ce39a5c36b60f52b30dde33,6001215,512,bits-prefetch,1,256,8,selection_isolated,30,2.486638,2.4862954999999998,2.4872282500000003,0.025941854021373435,False,False
3477e494de0e1677418b4764a19e7ba3b12289dd4ce39a5c36b60f52b30dde33,6001215,512,bits-prefetch,1,256,8,transform_isolated,30,0.0479025,0.04779025,0.0480605,0.9645634361463388,False,False
3477e494de0e1677418b4764a19e7ba3b12289dd4ce39a5c36b60f52b30dde33,6001215,512,bits-prefetch,1,256,8,upload_shared,1,5.0897820000000005,5.0897820000000005,5.0897820000000005,0.9969364110289988,False,False
3477e494de0e1677418b4764a19e7ba3b12289dd4ce39a5c36b60f52b30dde33,6001215,512,bits-prefetch,1,256,13,download,30,0.010741500000000001,0.010270999999999999,0.011186999999999999,0.9029930642833868,False,False
3477e494de0e1677418b4764a19e7ba3b12289dd4ce39a5c36b60f52b30dde33,6001215,512,bits-prefetch,1,256,13,operator,30,2.1234325,2.1229795,2.12422075,0.062139955002101545,False,False
3477e494de0e1677418b4764a19e7ba3b12289dd4ce39a5c36b60f52b30dde33,6001215,512,bits-prefetch,1,256,13,output_isolated,30,0.010681,0.010315999999999999,0.011132,2.4927909371781674,False,False
3477e494de0e1677418b4764a19e7ba3b12289dd4ce39a5c36b60f52b30dde33,6001215,512,bits-prefetch,1,256,13,selection_isolated,30,2.071789,2.07136825,2.07243525,0.031136375374133177,False,False
3477e494de0e1677418b4764a19e7ba3b12289dd4ce39a5c36b60f52b30dde33,6001215,512,bits-prefetch,1,256,13,transform_isolated,30,0.048003,0.047657,0.048112999999999996,0.9625440076661875,False,False
3477e494de0e1677418b4764a19e7ba3b12289dd4ce39a5c36b60f52b30dde33,6001215,512,bits-prefetch,1,256,13,upload_shared,1,5.043062,5.043062,5.043062,1.0061722421814365,False,False
3477e494de0e1677418b4764a19e7ba3b12289dd4ce39a5c36b60f52b30dde33,6001215,512,bits-prefetch,1,256,16,download,30,0.0109265,0.01043525,0.011838749999999999,0.88770420537226,False,False
3477e494de0e1677418b4764a19e7ba3b12289dd4ce39a5c36b60f52b30dde33,6001215,512,bits-prefetch,1,256,16,operator,30,2.5222170000000004,2.521832,2.5230930000000003,0.05231508629114781,False,False
3477e494de0e1677418b4764a19e7ba3b12289dd4ce39a5c36b60f52b30dde33,6001215,512,bits-prefetch,1,256,16,output_isolated,30,0.010601,0.010220749999999999,0.011032,2.5116026789925483,False,False
3477e494de0e1677418b4764a19e7ba3b12289dd4ce39a5c36b60f52b30dde33,6001215,512,bits-prefetch,1,256,16,selection_isolated,30,2.4706585,2.470178,2.4708232499999996,0.026109638381832213,False,False
3477e494de0e1677418b4764a19e7ba3b12289dd4ce39a5c36b60f52b30dde33,6001215,512,bits-prefetch,1,256,16,transform_isolated,30,0.04779749999999999,0.04769949999999999,0.047993,0.9666823578639051,False,False
3477e494de0e1677418b4764a19e7ba3b12289dd4ce39a5c36b60f52b30dde33,6001215,512,bits-prefetch,1,256,16,upload_shared,1,5.024673,5.024673,5.024673,1.0098545716308305,False,False
3477e494de0e1677418b4764a19e7ba3b12289dd4ce39a5c36b60f52b30dde33,6001215,512,bits-prefetch,1,512,4,download,30,0.010681000000000001,0.010466,0.011292,0.9081078550697499,False,False
3477e494de0e1677418b4764a19e7ba3b12289dd4ce39a5c36b60f52b30dde33,6001215,512,bits-prefetch,1,512,4,operator,30,2.2612870000000003,2.26044275,2.26193725,0.05835172625146652,False,False
3477e494de0e1677418b4764a19e7ba3b12289dd4ce39a5c36b60f52b30dde33,6001215,512,bits-prefetch,1,512,4,output_isolated,30,0.0103755,0.009917500000000001,0.01082625,2.5661895812250015,False,False
3477e494de0e1677418b4764a19e7ba3b12289dd4ce39a5c36b60f52b30dde33,6001215,512,bits-prefetch,1,512,4,selection_isolated,30,2.2091269999999996,2.2087319999999995,2.20988325,0.02920067519884552,False,False
3477e494de0e1677418b4764a19e7ba3b12289dd4ce39a5c36b60f52b30dde33,6001215,512,bits-prefetch,1,512,4,transform_isolated,30,0.047783,0.047669500000000004,0.04789475,0.9669757026557562,False,False
3477e494de0e1677418b4764a19e7ba3b12289dd4ce39a5c36b60f52b30dde33,6001215,512,bits-prefetch,1,512,4,upload_shared,1,5.072927,5.072927,5.072927,1.000248771567184,False,False
3477e494de0e1677418b4764a19e7ba3b12289dd4ce39a5c36b60f52b30dde33,6001215,512,bits-prefetch,1,512,7,download,30,0.010565999999999999,0.010258499999999999,0.011227000000000001,0.9179916713988265,False,False
3477e494de0e1677418b4764a19e7ba3b12289dd4ce39a5c36b60f52b30dde33,6001215,512,bits-prefetch,1,512,7,operator,30,1.6872615,1.68667275,1.6880355,0.07820364537447218,False,False
3477e494de0e1677418b4764a19e7ba3b12289dd4ce39a5c36b60f52b30dde33,6001215,512,bits-prefetch,1,512,7,output_isolated,30,0.009965,0.0096715,0.010376,2.671901655795284,False,False
3477e494de0e1677418b4764a19e7ba3b12289dd4ce39a5c36b60f52b30dde33,6001215,512,bits-prefetch,1,512,7,selection_isolated,30,1.6361249999999998,1.6356505000000001,1.6365297499999998,0.03942730537092215,False,False
3477e494de0e1677418b4764a19e7ba3b12289dd4ce39a5c36b60f52b30dde33,6001215,512,bits-prefetch,1,512,7,transform_isolated,30,0.047797,0.0476445,0.04799775,0.9666924702387178,False,False
3477e494de0e1677418b4764a19e7ba3b12289dd4ce39a5c36b60f52b30dde33,6001215,512,bits-prefetch,1,512,7,upload_shared,1,5.105246,5.105246,5.105246,0.9939166496580183,False,False
3477e494de0e1677418b4764a19e7ba3b12289dd4ce39a5c36b60f52b30dde33,6001215,512,bits-prefetch,1,512,8,download,30,0.010646,0.009855,0.011131750000000001,0.9110933684012775,False,False
3477e494de0e1677418b4764a19e7ba3b12289dd4ce39a5c36b60f52b30dde33,6001215,512,bits-prefetch,1,512,8,operator,30,1.619514,1.6190155000000002,1.62027425,0.08147505980189118,False,False
3477e494de0e1677418b4764a19e7ba3b12289dd4ce39a5c36b60f52b30dde33,6001215,512,bits-prefetch,1,512,8,output_isolated,30,0.0101805,0.009792499999999999,0.0106085,2.6153430578065913,False,False
3477e494de0e1677418b4764a19e7ba3b12289dd4ce39a5c36b60f52b30dde33,6001215,512,bits-prefetch,1,512,8,selection_isolated,30,1.5680765,1.5676352500000001,1.5685245,0.04113829905620038,False,False
3477e494de0e1677418b4764a19e7ba3b12289dd4ce39a5c36b60f52b30dde33,6001215,512,bits-prefetch,1,512,8,transform_isolated,30,0.047818,0.04771225,0.048033000000000006,0.9662679325776904,False,False
3477e494de0e1677418b4764a19e7ba3b12289dd4ce39a5c36b60f52b30dde33,6001215,512,bits-prefetch,1,512,8,upload_shared,1,5.104374,5.104374,5.104374,0.9940864442926791,False,False
3477e494de0e1677418b4764a19e7ba3b12289dd4ce39a5c36b60f52b30dde33,6001215,512,bits-prefetch,1,512,13,download,30,0.010461,0.01025275,0.011058750000000001,0.9272058120638562,False,False
3477e494de0e1677418b4764a19e7ba3b12289dd4ce39a5c36b60f52b30dde33,6001215,512,bits-prefetch,1,512,13,operator,30,1.5439295,1.54338325,1.54445325,0.08546374688740645,False,False
3477e494de0e1677418b4764a19e7ba3b12289dd4ce39a5c36b60f52b30dde33,6001215,512,bits-prefetch,1,512,13,output_isolated,30,0.01,0.009696499999999999,0.010615999999999999,2.6625500000000004,False,False
3477e494de0e1677418b4764a19e7ba3b12289dd4ce39a5c36b60f52b30dde33,6001215,512,bits-prefetch,1,512,13,selection_isolated,30,1.492056,1.491956,1.4925087499999998,0.04323430219777273,False,False
3477e494de0e1677418b4764a19e7ba3b12289dd4ce39a5c36b60f52b30dde33,6001215,512,bits-prefetch,1,512,13,transform_isolated,30,0.047858,0.0477495,0.047952999999999996,0.9654603201136696,False,False
3477e494de0e1677418b4764a19e7ba3b12289dd4ce39a5c36b60f52b30dde33,6001215,512,bits-prefetch,1,512,13,upload_shared,1,5.10126,5.10126,5.10126,0.9946932718583251,False,False
3477e494de0e1677418b4764a19e7ba3b12289dd4ce39a5c36b60f52b30dde33,6001215,512,bits-prefetch,1,512,16,download,30,0.010461,0.010283249999999999,0.01082675,0.9272058120638562,True,False
3477e494de0e1677418b4764a19e7ba3b12289dd4ce39a5c36b60f52b30dde33,6001215,512,bits-prefetch,1,512,16,operator,30,1.484024,1.482942,1.4845840000000001,0.08891365638291562,True,False
3477e494de0e1677418b4764a19e7ba3b12289dd4ce39a5c36b60f52b30dde33,6001215,512,bits-prefetch,1,512,16,output_isolated,30,0.009985,0.009684749999999999,0.010403500000000001,2.6665498247371056,True,False
3477e494de0e1677418b4764a19e7ba3b12289dd4ce39a5c36b60f52b30dde33,6001215,512,bits-prefetch,1,512,16,selection_isolated,30,1.431339,1.431014,1.432115,0.045068289203326395,True,False
3477e494de0e1677418b4764a19e7ba3b12289dd4ce39a5c36b60f52b30dde33,6001215,512,bits-prefetch,1,512,16,transform_isolated,30,0.047948000000000005,0.047747,0.048070499999999995,0.9636481187953615,True,False
3477e494de0e1677418b4764a19e7ba3b12289dd4ce39a5c36b60f52b30dde33,6001215,512,bits-prefetch,1,512,16,upload_shared,1,5.074189,5.074189,5.074189,1.0,True,False
3477e494de0e1677418b4764a19e7ba3b12289dd4ce39a5c36b60f52b30dde33,6001215,512,bits-sq,8,128,4,download,30,0.010495999999999998,0.0100075,0.010827,0.9241139481707318,False,False
3477e494de0e1677418b4764a19e7ba3b12289dd4ce39a5c36b60f52b30dde33,6001215,512,bits-sq,8,128,4,operator,30,1.300596,1.3001052499999999,1.30127175,0.10145348747804851,False,False
3477e494de0e1677418b4764a19e7ba3b12289dd4ce39a5c36b60f52b30dde33,6001215,512,bits-sq,8,128,4,output_isolated,30,0.0096995,0.0092315,0.01001,2.7450384040414457,False,False
3477e494de0e1677418b4764a19e7ba3b12289dd4ce39a5c36b60f52b30dde33,6001215,512,bits-sq,8,128,4,selection_isolated,30,1.2491530000000002,1.248897,1.24969075,0.05164139220735969,False,False
3477e494de0e1677418b4764a19e7ba3b12289dd4ce39a5c36b60f52b30dde33,6001215,512,bits-sq,8,128,4,transform_isolated,30,0.047832,0.0476495,0.04799275,0.9659851145676533,False,False
3477e494de0e1677418b4764a19e7ba3b12289dd4ce39a5c36b60f52b30dde33,6001215,512,bits-sq,8,128,4,upload_shared,1,5.021259000000001,5.021259000000001,5.021259000000001,1.010541181006596,False,False
3477e494de0e1677418b4764a19e7ba3b12289dd4ce39a5c36b60f52b30dde33,6001215,512,bits-sq,8,128,7,download,30,0.010506000000000001,0.009832500000000001,0.0107885,0.9232343422806014,False,False
3477e494de0e1677418b4764a19e7ba3b12289dd4ce39a5c36b60f52b30dde33,6001215,512,bits-sq,8,128,7,operator,30,1.0891359999999999,1.08863175,1.0898910000000002,0.12115107755138017,False,False
3477e494de0e1677418b4764a19e7ba3b12289dd4ce39a5c36b60f52b30dde33,6001215,512,bits-sq,8,128,7,output_isolated,30,0.0093845,0.0090965,0.00972925,2.8371783259630243,False,False
3477e494de0e1677418b4764a19e7ba3b12289dd4ce39a5c36b60f52b30dde33,6001215,512,bits-sq,8,128,7,selection_isolated,30,1.0380574999999999,1.0376447500000001,1.0383965,0.06214299304229294,False,False
3477e494de0e1677418b4764a19e7ba3b12289dd4ce39a5c36b60f52b30dde33,6001215,512,bits-sq,8,128,7,transform_isolated,30,0.047817,0.047682,0.04796550000000001,0.9662881402011836,False,False
3477e494de0e1677418b4764a19e7ba3b12289dd4ce39a5c36b60f52b30dde33,6001215,512,bits-sq,8,128,7,upload_shared,1,5.081269,5.081269,5.081269,0.9986066472764973,False,False
3477e494de0e1677418b4764a19e7ba3b12289dd4ce39a5c36b60f52b30dde33,6001215,512,bits-sq,8,128,8,download,30,0.01006,0.00973925,0.010541,0.9641650099403579,False,False
3477e494de0e1677418b4764a19e7ba3b12289dd4ce39a5c36b60f52b30dde33,6001215,512,bits-sq,8,128,8,operator,30,1.0747885,1.074435,1.07543225,0.12276834000363791,False,False
3477e494de0e1677418b4764a19e7ba3b12289dd4ce39a5c36b60f52b30dde33,6001215,512,bits-sq,8,128,8,output_isolated,30,0.009694,0.00933675,0.010125,2.7465958324736954,False,False
3477e494de0e1677418b4764a19e7ba3b12289dd4ce39a5c36b60f52b30dde33,6001215,512,bits-sq,8,128,8,selection_isolated,30,1.023576,1.0231577499999998,1.02379625,0.06302218887508108,False,False
3477e494de0e1677418b4764a19e7ba3b12289dd4ce39a5c36b60f52b30dde33,6001215,512,bits-sq,8,128,8,transform_isolated,30,0.0478875,0.047764749999999995,0.048009750000000004,0.9648655703471678,False,False
3477e494de0e1677418b4764a19e7ba3b12289dd4ce39a5c36b60f52b30dde33,6001215,512,bits-sq,8,128,8,upload_shared,1,5.081039,5.081039,5.081039,0.9986518505368686,False,False
3477e494de0e1677418b4764a19e7ba3b12289dd4ce39a5c36b60f52b30dde33,6001215,512,bits-sq,8,128,13,download,30,0.010265,0.009704749999999998,0.010721,0.9449098879688261,False,False
3477e494de0e1677418b4764a19e7ba3b12289dd4ce39a5c36b60f52b30dde33,6001215,512,bits-sq,8,128,13,operator,30,0.819161,0.8188259999999999,0.8203285,0.16107944592088733,False,False
3477e494de0e1677418b4764a19e7ba3b12289dd4ce39a5c36b60f52b30dde33,6001215,512,bits-sq,8,128,13,output_isolated,30,0.0091485,0.0089365,0.00962975,2.9103678198611798,False,False
3477e494de0e1677418b4764a19e7ba3b12289dd4ce39a5c36b60f52b30dde33,6001215,512,bits-sq,8,128,13,selection_isolated,30,0.7681290000000001,0.7679465000000001,0.7684650000000001,0.08398068553589305,False,False
3477e494de0e1677418b4764a19e7ba3b12289dd4ce39a5c36b60f52b30dde33,6001215,512,bits-sq,8,128,13,transform_isolated,30,0.047927,0.047760250000000004,0.048055249999999994,0.9640703570012727,False,False
3477e494de0e1677418b4764a19e7ba3b12289dd4ce39a5c36b60f52b30dde33,6001215,512,bits-sq,8,128,13,upload_shared,1,5.083703,5.083703,5.083703,0.9981285295384092,False,False
3477e494de0e1677418b4764a19e7ba3b12289dd4ce39a5c36b60f52b30dde33,6001215,512,bits-sq,8,128,16,download,30,0.0101855,0.00989,0.0105535,0.9522851111874724,False,False
3477e494de0e1677418b4764a19e7ba3b12289dd4ce39a5c36b60f52b30dde33,6001215,512,bits-sq,8,128,16,operator,30,0.811064,0.81067575,0.8115717499999999,0.16268753144018225,False,False
3477e494de0e1677418b4764a19e7ba3b12289dd4ce39a5c36b60f52b30dde33,6001215,512,bits-sq,8,128,16,output_isolated,30,0.009134,0.00890325,0.009645,2.914987957083425,False,False
3477e494de0e1677418b4764a19e7ba3b12289dd4ce39a5c36b60f52b30dde33,6001215,512,bits-sq,8,128,16,selection_isolated,30,0.7601215,0.7597485,0.760632,0.08486538007410657,False,False
3477e494de0e1677418b4764a19e7ba3b12289dd4ce39a5c36b60f52b30dde33,6001215,512,bits-sq,8,128,16,transform_isolated,30,0.047803,0.047657,0.048022,0.9665711357027801,False,False
3477e494de0e1677418b4764a19e7ba3b12289dd4ce39a5c36b60f52b30dde33,6001215,512,bits-sq,8,128,16,upload_shared,1,5.087319,5.087319,5.087319,0.9974190727964964,False,False
3477e494de0e1677418b4764a19e7ba3b12289dd4ce39a5c36b60f52b30dde33,6001215,512,bits-sq,8,256,4,download,30,0.010141,0.009652500000000001,0.0105485,0.956463859579923,False,False
3477e494de0e1677418b4764a19e7ba3b12289dd4ce39a5c36b60f52b30dde33,6001215,512,bits-sq,8,256,4,operator,30,0.69275,0.6923265000000001,0.693115,0.19047275351858534,False,False
3477e494de0e1677418b4764a19e7ba3b12289dd4ce39a5c36b60f52b30dde33,6001215,512,bits-sq,8,256,4,output_isolated,30,0.009264,0.0090165,0.00951175,2.8740824697754754,False,False
3477e494de0e1677418b4764a19e7ba3b12289dd4ce39a5c36b60f52b30dde33,6001215,512,bits-sq,8,256,4,selection_isolated,30,0.6414920000000001,0.641237,0.6418077499999999,0.10055932108272587,False,False
3477e494de0e1677418b4764a19e7ba3b12289dd4ce39a5c36b60f52b30dde33,6001215,512,bits-sq,8,256,4,transform_isolated,30,0.047697,0.047607000000000003,0.04785275,0.9687192066586996,False,False
3477e494de0e1677418b4764a19e7ba3b12289dd4ce39a5c36b60f52b30dde33,6001215,512,bits-sq,8,256,4,upload_shared,1,5.084915,5.084915,5.084915,0.9978906235404131,False,False
3477e494de0e1677418b4764a19e7ba3b12289dd4ce39a5c36b60f52b30dde33,6001215,512,bits-sq,8,256,7,download,30,0.009930000000000001,0.00974975,0.010331000000000002,0.9767875125881167,False,False
3477e494de0e1677418b4764a19e7ba3b12289dd4ce39a5c36b60f52b30dde33,6001215,512,bits-sq,8,256,7,operator,30,0.5742054999999999,0.573739,0.57477275,0.22979577868898854,False,False
3477e494de0e1677418b4764a19e7ba3b12289dd4ce39a5c36b60f52b30dde33,6001215,512,bits-sq,8,256,7,output_isolated,30,0.009128500000000001,0.0089765,0.009441499999999999,2.9167442624746673,False,False
3477e494de0e1677418b4764a19e7ba3b12289dd4ce39a5c36b60f52b30dde33,6001215,512,bits-sq,8,256,7,selection_isolated,30,0.5234734999999999,0.5232045000000001,0.5238165,0.123230688850534,False,False
3477e494de0e1677418b4764a19e7ba3b12289dd4ce39a5c36b60f52b30dde33,6001215,512,bits-sq,8,256,7,transform_isolated,30,0.047687,0.04753199999999999,0.047807749999999996,0.9689223478096755,False,False
3477e494de0e1677418b4764a19e7ba3b12289dd4ce39a5c36b60f52b30dde33,6001215,512,bits-sq,8,256,7,upload_shared,1,5.092276,5.092276,5.092276,0.9964481501002694,False,False
3477e494de0e1677418b4764a19e7ba3b12289dd4ce39a5c36b60f52b30dde33,6001215,512,bits-sq,8,256,8,download,30,0.010160500000000001,0.00979,0.010620999999999998,0.9546282171152993,False,False
3477e494de0e1677418b4764a19e7ba3b12289dd4ce39a5c36b60f52b30dde33,6001215,512,bits-sq,8,256,8,operator,30,0.55779,0.5569915,0.5581285,0.23655856146578458,False,False
3477e494de0e1677418b4764a19e7ba3b12289dd4ce39a5c36b60f52b30dde33,6001215,512,bits-sq,8,256,8,output_isolated,30,0.00949,0.009041500000000001,0.009712499999999999,2.80563751317176,False,False
3477e494de0e1677418b4764a19e7ba3b12289dd4ce39a5c36b60f52b30dde33,6001215,512,bits-sq,8,256,8,selection_isolated,30,0.5070779999999999,0.506793,0.5072965,0.12721514244356885,False,False
3477e494de0e1677418b4764a19e7ba3b12289dd4ce39a5c36b60f52b30dde33,6001215,512,bits-sq,8,256,8,transform_isolated,30,0.047667,0.04759775,0.0478995,0.9693288858119872,False,False
3477e494de0e1677418b4764a19e7ba3b12289dd4ce39a5c36b60f52b30dde33,6001215,512,bits-sq,8,256,8,upload_shared,1,5.0897820000000005,5.0897820000000005,5.0897820000000005,0.9969364110289988,False,False
3477e494de0e1677418b4764a19e7ba3b12289dd4ce39a5c36b60f52b30dde33,6001215,512,bits-sq,8,256,13,download,30,0.009745,0.00962225,0.01022025,0.9953309389430477,False,False
3477e494de0e1677418b4764a19e7ba3b12289dd4ce39a5c36b60f52b30dde33,6001215,512,bits-sq,8,256,13,operator,30,0.5242990000000001,0.523819,0.524885,0.2516693718660535,False,False
3477e494de0e1677418b4764a19e7ba3b12289dd4ce39a5c36b60f52b30dde33,6001215,512,bits-sq,8,256,13,output_isolated,30,0.0094945,0.009261750000000001,0.009745,2.804307757122545,False,False
3477e494de0e1677418b4764a19e7ba3b12289dd4ce39a5c36b60f52b30dde33,6001215,512,bits-sq,8,256,13,selection_isolated,30,0.4735625,0.473242,0.47376799999999997,0.13621855615679027,False,False
3477e494de0e1677418b4764a19e7ba3b12289dd4ce39a5c36b60f52b30dde33,6001215,512,bits-sq,8,256,13,transform_isolated,30,0.047682,0.047571999999999996,0.04783950000000001,0.9690239503376535,False,False
3477e494de0e1677418b4764a19e7ba3b12289dd4ce39a5c36b60f52b30dde33,6001215,512,bits-sq,8,256,13,upload_shared,1,5.043062,5.043062,5.043062,1.0061722421814365,False,False
3477e494de0e1677418b4764a19e7ba3b12289dd4ce39a5c36b60f52b30dde33,6001215,512,bits-sq,8,256,16,download,30,0.009765,0.0096375,0.01030025,0.9932923707117256,False,False
3477e494de0e1677418b4764a19e7ba3b12289dd4ce39a5c36b60f52b30dde33,6001215,512,bits-sq,8,256,16,operator,30,0.530173,0.5299757500000001,0.5308165,0.24888102562748382,False,False
3477e494de0e1677418b4764a19e7ba3b12289dd4ce39a5c36b60f52b30dde33,6001215,512,bits-sq,8,256,16,output_isolated,30,0.009405,0.0091865,0.009697250000000001,2.830994152046784,False,False
3477e494de0e1677418b4764a19e7ba3b12289dd4ce39a5c36b60f52b30dde33,6001215,512,bits-sq,8,256,16,selection_isolated,30,0.47923099999999996,0.4788025,0.47947675,0.13460731880867474,False,False
3477e494de0e1677418b4764a19e7ba3b12289dd4ce39a5c36b60f52b30dde33,6001215,512,bits-sq,8,256,16,transform_isolated,30,0.047892000000000004,0.0477845,0.048103,0.9647749102146495,False,False
3477e494de0e1677418b4764a19e7ba3b12289dd4ce39a5c36b60f52b30dde33,6001215,512,bits-sq,8,256,16,upload_shared,1,5.024673,5.024673,5.024673,1.0098545716308305,False,False
3477e494de0e1677418b4764a19e7ba3b12289dd4ce39a5c36b60f52b30dde33,6001215,512,bits-sq,8,512,4,download,30,0.00998,0.00972,0.010432750000000001,0.9718937875751503,False,False
3477e494de0e1677418b4764a19e7ba3b12289dd4ce39a5c36b60f52b30dde33,6001215,512,bits-sq,8,512,4,operator,30,0.497549,0.49688049999999995,0.4980225,0.26520001045123187,False,False
3477e494de0e1677418b4764a19e7ba3b12289dd4ce39a5c36b60f52b30dde33,6001215,512,bits-sq,8,512,4,output_isolated,30,0.009124,0.0088605,0.0093965,2.91818281455502,False,False
3477e494de0e1677418b4764a19e7ba3b12289dd4ce39a5c36b60f52b30dde33,6001215,512,bits-sq,8,512,4,selection_isolated,30,0.4463865,0.4460435,0.44665674999999994,0.14451153876741343,False,False
3477e494de0e1677418b4764a19e7ba3b12289dd4ce39a5c36b60f52b30dde33,6001215,512,bits-sq,8,512,4,transform_isolated,30,0.0476525,0.047529749999999996,0.047783,0.9696238392529247,False,False
3477e494de0e1677418b4764a19e7ba3b12289dd4ce39a5c36b60f52b30dde33,6001215,512,bits-sq,8,512,4,upload_shared,1,5.072927,5.072927,5.072927,1.000248771567184,False,False
3477e494de0e1677418b4764a19e7ba3b12289dd4ce39a5c36b60f52b30dde33,6001215,512,bits-sq,8,512,7,download,30,0.0101005,0.009792499999999999,0.0103385,0.9602989950992524,False,False
3477e494de0e1677418b4764a19e7ba3b12289dd4ce39a5c36b60f52b30dde33,6001215,512,bits-sq,8,512,7,operator,30,0.46026199999999995,0.459962,0.46087625,0.2866845405442987,False,False
3477e494de0e1677418b4764a19e7ba3b12289dd4ce39a5c36b60f52b30dde33,6001215,512,bits-sq,8,512,7,output_isolated,30,0.009189000000000001,0.008966499999999999,0.009379,2.8975405375993035,False,False
3477e494de0e1677418b4764a19e7ba3b12289dd4ce39a5c36b60f52b30dde33,6001215,512,bits-sq,8,512,7,selection_isolated,30,0.40965550000000006,0.4094027499999999,0.40991849999999996,0.15746889764692526,False,False
3477e494de0e1677418b4764a19e7ba3b12289dd4ce39a5c36b60f52b30dde33,6001215,512,bits-sq,8,512,7,transform_isolated,30,0.047692,0.0475645,0.04780475,0.9688207665855908,False,False
3477e494de0e1677418b4764a19e7ba3b12289dd4ce39a5c36b60f52b30dde33,6001215,512,bits-sq,8,512,7,upload_shared,1,5.105246,5.105246,5.105246,0.9939166496580183,False,False
3477e494de0e1677418b4764a19e7ba3b12289dd4ce39a5c36b60f52b30dde33,6001215,512,bits-sq,8,512,8,download,30,0.0101005,0.00972425,0.0103185,0.9602989950992524,False,False
3477e494de0e1677418b4764a19e7ba3b12289dd4ce39a5c36b60f52b30dde33,6001215,512,bits-sq,8,512,8,operator,30,0.447839,0.44734024999999994,0.4482065,0.2946371352204698,False,False
3477e494de0e1677418b4764a19e7ba3b12289dd4ce39a5c36b60f52b30dde33,6001215,512,bits-sq,8,512,8,output_isolated,30,0.009048500000000001,0.008924,0.009314,2.9425319113665247,False,False
3477e494de0e1677418b4764a19e7ba3b12289dd4ce39a5c36b60f52b30dde33,6001215,512,bits-sq,8,512,8,selection_isolated,30,0.396731,0.39636275000000004,0.39707675,0.16259883901182412,False,False
3477e494de0e1677418b4764a19e7ba3b12289dd4ce39a5c36b60f52b30dde33,6001215,512,bits-sq,8,512,8,transform_isolated,30,0.047777,0.0476245,0.047908,0.9670971387906314,False,False
3477e494de0e1677418b4764a19e7ba3b12289dd4ce39a5c36b60f52b30dde33,6001215,512,bits-sq,8,512,8,upload_shared,1,5.104374,5.104374,5.104374,0.9940864442926791,False,False
3477e494de0e1677418b4764a19e7ba3b12289dd4ce39a5c36b60f52b30dde33,6001215,512,bits-sq,8,512,13,download,30,0.009989999999999999,0.009722499999999999,0.010483500000000001,0.970920920920921,False,False
3477e494de0e1677418b4764a19e7ba3b12289dd4ce39a5c36b60f52b30dde33,6001215,512,bits-sq,8,512,13,operator,30,0.459396,0.458835,0.45976675,0.28722496495398303,False,False
3477e494de0e1677418b4764a19e7ba3b12289dd4ce39a5c36b60f52b30dde33,6001215,512,bits-sq,8,512,13,output_isolated,30,0.009219,0.009094,0.009369,2.8881115088404385,False,False
3477e494de0e1677418b4764a19e7ba3b12289dd4ce39a5c36b60f52b30dde33,6001215,512,bits-sq,8,512,13,selection_isolated,30,0.40874900000000003,0.408294,0.4091325,0.1578181231024418,False,False
3477e494de0e1677418b4764a19e7ba3b12289dd4ce39a5c36b60f52b30dde33,6001215,512,bits-sq,8,512,13,transform_isolated,30,0.0477825,0.047677750000000005,0.047913000000000004,0.9669858211688379,False,False
3477e494de0e1677418b4764a19e7ba3b12289dd4ce39a5c36b60f52b30dde33,6001215,512,bits-sq,8,512,13,upload_shared,1,5.10126,5.10126,5.10126,0.9946932718583251,False,False
3477e494de0e1677418b4764a19e7ba3b12289dd4ce39a5c36b60f52b30dde33,6001215,512,bits-sq,8,512,16,download,30,0.0103755,0.00997025,0.0106185,0.93484651342104,False,False
3477e494de0e1677418b4764a19e7ba3b12289dd4ce39a5c36b60f52b30dde33,6001215,512,bits-sq,8,512,16,operator,30,0.473528,0.4730245,0.473978,0.27865300467976545,False,False
3477e494de0e1677418b4764a19e7ba3b12289dd4ce39a5c36b60f52b30dde33,6001215,512,bits-sq,8,512,16,output_isolated,30,0.0092285,0.009074,0.009409,2.8851384298640084,False,False
3477e494de0e1677418b4764a19e7ba3b12289dd4ce39a5c36b60f52b30dde33,6001215,512,bits-sq,8,512,16,selection_isolated,30,0.42174449999999997,0.42139575,0.42209675,0.152955165983196,False,False
3477e494de0e1677418b4764a19e7ba3b12289dd4ce39a5c36b60f52b30dde33,6001215,512,bits-sq,8,512,16,transform_isolated,30,0.047853,0.047627,0.048033,0.9655611978350364,False,False
3477e494de0e1677418b4764a19e7ba3b12289dd4ce39a5c36b60f52b30dde33,6001215,512,bits-sq,8,512,16,upload_shared,1,5.074189,5.074189,5.074189,1.0,False,False
3477e494de0e1677418b4764a19e7ba3b12289dd4ce39a5c36b60f52b30dde33,6001215,512,bits-sq,32,128,4,download,30,0.0100355,0.0097375,0.010331000000000002,0.9665188580539087,False,False
3477e494de0e1677418b4764a19e7ba3b12289dd4ce39a5c36b60f52b30dde33,6001215,512,bits-sq,32,128,4,operator,30,0.5386515,0.5382185,0.53929475,0.24496358034833282,False,False
3477e494de0e1677418b4764a19e7ba3b12289dd4ce39a5c36b60f52b30dde33,6001215,512,bits-sq,32,128,4,output_isolated,30,0.009309,0.0091165,0.00970225,2.860189064346332,False,False
3477e494de0e1677418b4764a19e7ba3b12289dd4ce39a5c36b60f52b30dde33,6001215,512,bits-sq,32,128,4,selection_isolated,30,0.4879795,0.48784675,0.48812749999999994,0.1321940778249906,False,False
3477e494de0e1677418b4764a19e7ba3b12289dd4ce39a5c36b60f52b30dde33,6001215,512,bits-sq,32,128,4,transform_isolated,30,0.047552000000000004,0.047396999999999995,0.0476505,0.9716731157469716,False,False
3477e494de0e1677418b4764a19e7ba3b12289dd4ce39a5c36b60f52b30dde33,6001215,512,bits-sq,32,128,4,upload_shared,1,5.088961,5.088961,5.088961,0.9970972463730807,False,False
3477e494de0e1677418b4764a19e7ba3b12289dd4ce39a5c36b60f52b30dde33,6001215,512,bits-sq,32,128,7,download,30,0.009775,0.00965175,0.0102485,0.9922762148337595,False,False
3477e494de0e1677418b4764a19e7ba3b12289dd4ce39a5c36b60f52b30dde33,6001215,512,bits-sq,32,128,7,operator,30,0.4781145,0.477624,0.47846250000000007,0.27597991694458124,False,False
3477e494de0e1677418b4764a19e7ba3b12289dd4ce39a5c36b60f52b30dde33,6001215,512,bits-sq,32,128,7,output_isolated,30,0.009118500000000002,0.00901325,0.00939475,2.919942973076712,False,False
3477e494de0e1677418b4764a19e7ba3b12289dd4ce39a5c36b60f52b30dde33,6001215,512,bits-sq,32,128,7,selection_isolated,30,0.427187,0.426817,0.4275905,0.15100646789345182,False,False
3477e494de0e1677418b4764a19e7ba3b12289dd4ce39a5c36b60f52b30dde33,6001215,512,bits-sq,32,128,7,transform_isolated,30,0.047597,0.0474695,0.047758,0.9707544593146626,False,False
3477e494de0e1677418b4764a19e7ba3b12289dd4ce39a5c36b60f52b30dde33,6001215,512,bits-sq,32,128,7,upload_shared,1,5.093507,5.093507,5.093507,0.9962073282710714,False,False
3477e494de0e1677418b4764a19e7ba3b12289dd4ce39a5c36b60f52b30dde33,6001215,512,bits-sq,32,128,8,download,30,0.009835,0.009737250000000001,0.01032275,0.98622267412303,False,False
3477e494de0e1677418b4764a19e7ba3b12289dd4ce39a5c36b60f52b30dde33,6001215,512,bits-sq,32,128,8,operator,30,0.4723955,0.47182250000000003,0.47282199999999996,0.2793210350225605,False,False
3477e494de0e1677418b4764a19e7ba3b12289dd4ce39a5c36b60f52b30dde33,6001215,512,bits-sq,32,128,8,output_isolated,30,0.009264,0.009041500000000001,0.0096115,2.8740824697754754,False,False
3477e494de0e1677418b4764a19e7ba3b12289dd4ce39a5c36b60f52b30dde33,6001215,512,bits-sq,32,128,8,selection_isolated,30,0.421173,0.42093775,0.42147375,0.15316271460896114,False,False
3477e494de0e1677418b4764a19e7ba3b12289dd4ce39a5c36b60f52b30dde33,6001215,512,bits-sq,32,128,8,transform_isolated,30,0.0476025,0.04743375,0.047752,0.9706422981986239,False,False
3477e494de0e1677418b4764a19e7ba3b12289dd4ce39a5c36b60f52b30dde33,6001215,512,bits-sq,32,128,8,upload_shared,1,5.075971,5.075971,5.075971,0.9996489341645174,False,False
3477e494de0e1677418b4764a19e7ba3b12289dd4ce39a5c36b60f52b30dde33,6001215,512,bits-sq,32,128,13,download,30,0.0101355,0.00967,0.010460999999999998,0.9569828819495831,False,False
3477e494de0e1677418b4764a19e7ba3b12289dd4ce39a5c36b60f52b30dde33,6001215,512,bits-sq,32,128,13,operator,30,0.40658649999999996,0.406065,0.40699949999999996,0.3245311883203205,False,False
3477e494de0e1677418b4764a19e7ba3b12289dd4ce39a5c36b60f52b30dde33,6001215,512,bits-sq,32,128,13,output_isolated,30,0.009243999999999999,0.00904375,0.009432250000000001,2.88030073561229,False,False
3477e494de0e1677418b4764a19e7ba3b12289dd4ce39a5c36b60f52b30dde33,6001215,512,bits-sq,32,128,13,selection_isolated,30,0.35610949999999997,0.35569400000000007,0.35662999999999995,0.1811465293680736,False,False
3477e494de0e1677418b4764a19e7ba3b12289dd4ce39a5c36b60f52b30dde33,6001215,512,bits-sq,32,128,13,transform_isolated,30,0.047571999999999996,0.047407000000000005,0.047712750000000005,0.9712646094341209,False,False
3477e494de0e1677418b4764a19e7ba3b12289dd4ce39a5c36b60f52b30dde33,6001215,512,bits-sq,32,128,13,upload_shared,1,5.0113639999999995,5.0113639999999995,5.0113639999999995,1.0125365070268295,False,False
3477e494de0e1677418b4764a19e7ba3b12289dd4ce39a5c36b60f52b30dde33,6001215,512,bits-sq,32,128,16,download,30,0.009889499999999999,0.009705,0.010335249999999999,0.9807877041306436,False,False
3477e494de0e1677418b4764a19e7ba3b12289dd4ce39a5c36b60f52b30dde33,6001215,512,bits-sq,32,128,16,operator,30,0.41422749999999997,0.413492,0.41471625,0.31854476103107593,False,False
3477e494de0e1677418b4764a19e7ba3b12289dd4ce39a5c36b60f52b30dde33,6001215,512,bits-sq,32,128,16,output_isolated,30,0.009219000000000001,0.00905075,0.009607250000000001,2.888111508840438,False,False
3477e494de0e1677418b4764a19e7ba3b12289dd4ce39a5c36b60f52b30dde33,6001215,512,bits-sq,32,128,16,selection_isolated,30,0.363375,0.3631375,0.3639835,0.17752459580323357,False,False
3477e494de0e1677418b4764a19e7ba3b12289dd4ce39a5c36b60f52b30dde33,6001215,512,bits-sq,32,128,16,transform_isolated,30,0.047536999999999996,0.0474245,0.047712000000000004,0.9719797210593853,False,False
3477e494de0e1677418b4764a19e7ba3b12289dd4ce39a5c36b60f52b30dde33,6001215,512,bits-sq,32,128,16,upload_shared,1,5.0239519999999995,5.0239519999999995,5.0239519999999995,1.009999498402851,False,False
3477e494de0e1677418b4764a19e7ba3b12289dd4ce39a5c36b60f52b30dde33,6001215,512,bits-sq,32,256,4,download,30,0.00979,0.009689999999999999,0.009905,0.9907558733401429,False,False
3477e494de0e1677418b4764a19e7ba3b12289dd4ce39a5c36b60f52b30dde33,6001215,512,bits-sq,32,256,4,operator,30,0.3182375,0.31772675,0.31881375,0.4146274401979653,False,False
3477e494de0e1677418b4764a19e7ba3b12289dd4ce39a5c36b60f52b30dde33,6001215,512,bits-sq,32,256,4,output_isolated,30,0.009124,0.009001499999999999,0.009385000000000001,2.91818281455502,False,False
3477e494de0e1677418b4764a19e7ba3b12289dd4ce39a5c36b60f52b30dde33,6001215,512,bits-sq,32,256,4,selection_isolated,30,0.267695,0.26742750000000004,0.26788850000000003,0.24097573731298677,False,False
3477e494de0e1677418b4764a19e7ba3b12289dd4ce39a5c36b60f52b30dde33,6001215,512,bits-sq,32,256,4,transform_isolated,30,0.0474715,0.04732125,0.04756775,0.9733208346060267,False,False
3477e494de0e1677418b4764a19e7ba3b12289dd4ce39a5c36b60f52b30dde33,6001215,512,bits-sq,32,256,4,upload_shared,1,5.082381000000001,5.082381000000001,5.082381000000001,0.9983881570468642,False,False
3477e494de0e1677418b4764a19e7ba3b12289dd4ce39a5c36b60f52b30dde33,6001215,512,bits-sq,32,256,7,download,30,0.010135000000000002,0.0098115,0.010536,0.9570300937345829,False,False
3477e494de0e1677418b4764a19e7ba3b12289dd4ce39a5c36b60f52b30dde33,6001215,512,bits-sq,32,256,7,operator,30,0.29044499999999995,0.2900015,0.29090575,0.45430288006335107,False,False
3477e494de0e1677418b4764a19e7ba3b12289dd4ce39a5c36b60f52b30dde33,6001215,512,bits-sq,32,256,7,output_isolated,30,0.009194,0.00908325,0.00935475,2.895964759625843,False,False
3477e494de0e1677418b4764a19e7ba3b12289dd4ce39a5c36b60f52b30dde33,6001215,512,bits-sq,32,256,7,selection_isolated,30,0.23990299999999998,0.23961300000000002,0.24018899999999999,0.2688920105209189,False,False
3477e494de0e1677418b4764a19e7ba3b12289dd4ce39a5c36b60f52b30dde33,6001215,512,bits-sq,32,256,7,transform_isolated,30,0.04749149999999999,0.04729625,0.0477195,0.9729109419580346,False,False
3477e494de0e1677418b4764a19e7ba3b12289dd4ce39a5c36b60f52b30dde33,6001215,512,bits-sq,32,256,7,upload_shared,1,5.043582,5.043582,5.043582,1.0060685044874853,False,False
3477e494de0e1677418b4764a19e7ba3b12289dd4ce39a5c36b60f52b30dde33,6001215,512,bits-sq,32,256,8,download,30,0.009925,0.0096425,0.0103725,0.97727959697733,False,False
3477e494de0e1677418b4764a19e7ba3b12289dd4ce39a5c36b60f52b30dde33,6001215,512,bits-sq,32,256,8,operator,30,0.2800795,0.279749,0.28311725,0.471116236639954,False,False
3477e494de0e1677418b4764a19e7ba3b12289dd4ce39a5c36b60f52b30dde33,6001215,512,bits-sq,32,256,8,output_isolated,30,0.009319,0.009113999999999999,0.009569000000000001,2.8571198626462073,False,False
3477e494de0e1677418b4764a19e7ba3b12289dd4ce39a5c36b60f52b30dde33,6001215,512,bits-sq,32,256,8,selection_isolated,30,0.2297035,0.2293045,0.23209200000000002,0.28083159377197126,False,False
3477e494de0e1677418b4764a19e7ba3b12289dd4ce39a5c36b60f52b30dde33,6001215,512,bits-sq,32,256,8,transform_isolated,30,0.047457,0.047352000000000005,0.047569499999999994,0.97361822281223,False,False
3477e494de0e1677418b4764a19e7ba3b12289dd4ce39a5c36b60f52b30dde33,6001215,512,bits-sq,32,256,8,upload_shared,1,5.113879,5.113879,5.113879,0.9922387682618223,False,False
3477e494de0e1677418b4764a19e7ba3b12289dd4ce39a5c36b60f52b30dde33,6001215,512,bits-sq,32,256,13,download,30,0.010010000000000002,0.009645,0.010423250000000002,0.9689810189810188,False,False
3477e494de0e1677418b4764a19e7ba3b12289dd4ce39a5c36b60f52b30dde33,6001215,512,bits-sq,32,256,13,operator,30,0.2854875,0.28522525,0.285978,0.46219186479267915,False,False
3477e494de0e1677418b4764a19e7ba3b12289dd4ce39a5c36b60f52b30dde33,6001215,512,bits-sq,32,256,13,output_isolated,30,0.0093895,0.009194,0.009579,2.8356675009318923,False,False
3477e494de0e1677418b4764a19e7ba3b12289dd4ce39a5c36b60f52b30dde33,6001215,512,bits-sq,32,256,13,selection_isolated,30,0.234896,0.23464075,0.235231,0.27462366323819903,False,False
3477e494de0e1677418b4764a19e7ba3b12289dd4ce39a5c36b60f52b30dde33,6001215,512,bits-sq,32,256,13,transform_isolated,30,0.047437,0.047317,0.0476445,0.9740287117650778,False,False
3477e494de0e1677418b4764a19e7ba3b12289dd4ce39a5c36b60f52b30dde33,6001215,512,bits-sq,32,256,13,upload_shared,1,5.088,5.088,5.088,0.997285573899371,False,False
3477e494de0e1677418b4764a19e7ba3b12289dd4ce39a5c36b60f52b30dde33,6001215,512,bits-sq,32,256,16,download,30,0.009874999999999998,0.0097125,0.010305749999999999,0.982227848101266,False,False
3477e494de0e1677418b4764a19e7ba3b12289dd4ce39a5c36b60f52b30dde33,6001215,512,bits-sq,32,256,16,operator,30,0.311647,0.31129925,0.311978,0.42339570090519074,False,False
3477e494de0e1677418b4764a19e7ba3b12289dd4ce39a5c36b60f52b30dde33,6001215,512,bits-sq,32,256,16,output_isolated,30,0.009229000000000001,0.009049,0.009445,2.8849821215733016,False,False
3477e494de0e1677418b4764a19e7ba3b12289dd4ce39a5c36b60f52b30dde33,6001215,512,bits-sq,32,256,16,selection_isolated,30,0.2611505,0.26088825,0.26137374999999996,0.24701465247051027,False,False
3477e494de0e1677418b4764a19e7ba3b12289dd4ce39a5c36b60f52b30dde33,6001215,512,bits-sq,32,256,16,transform_isolated,30,0.04761699999999999,0.047477,0.047682749999999996,0.9703467249091712,False,False
3477e494de0e1677418b4764a19e7ba3b12289dd4ce39a5c36b60f52b30dde33,6001215,512,bits-sq,32,256,16,upload_shared,1,5.074228,5.074228,5.074228,0.9999923141017707,False,False
3477e494de0e1677418b4764a19e7ba3b12289dd4ce39a5c36b60f52b30dde33,6001215,512,bits-sq,32,512,4,download,30,0.0096895,0.00960425,0.01009575,1.001032044997162,False,False
3477e494de0e1677418b4764a19e7ba3b12289dd4ce39a5c36b60f52b30dde33,6001215,512,bits-sq,32,512,4,operator,30,0.2696785,0.269413,0.26991725,0.48928631685506996,False,False
3477e494de0e1677418b4764a19e7ba3b12289dd4ce39a5c36b60f52b30dde33,6001215,512,bits-sq,32,512,4,output_isolated,30,0.009214,0.009106499999999998,0.009319,2.8896787497286742,False,False
3477e494de0e1677418b4764a19e7ba3b12289dd4ce39a5c36b60f52b30dde33,6001215,512,bits-sq,32,512,4,selection_isolated,30,0.218847,0.21870624999999996,0.21912750000000003,0.2947630079461907,False,False
3477e494de0e1677418b4764a19e7ba3b12289dd4ce39a5c36b60f52b30dde33,6001215,512,bits-sq,32,512,4,transform_isolated,30,0.047462000000000004,0.04732625,0.04762775,0.9735156546289662,False,False
3477e494de0e1677418b4764a19e7ba3b12289dd4ce39a5c36b60f52b30dde33,6001215,512,bits-sq,32,512,4,upload_shared,1,5.0948,5.0948,5.0948,0.9959545026301325,False,False
3477e494de0e1677418b4764a19e7ba3b12289dd4ce39a5c36b60f52b30dde33,6001215,512,bits-sq,32,512,7,download,30,0.0097745,0.0096365,0.01020325,0.9923269732467134,False,False
3477e494de0e1677418b4764a19e7ba3b12289dd4ce39a5c36b60f52b30dde33,6001215,512,bits-sq,32,512,7,operator,30,0.28105100000000005,0.28029499999999996,0.28144125,0.46948774421724154,False,False
3477e494de0e1677418b4764a19e7ba3b12289dd4ce39a5c36b60f52b30dde33,6001215,512,bits-sq,32,512,7,output_isolated,30,0.009159,0.00901625,0.009329,2.9070313352986137,False,False
3477e494de0e1677418b4764a19e7ba3b12289dd4ce39a5c36b60f52b30dde33,6001215,512,bits-sq,32,512,7,selection_isolated,30,0.230329,0.230169,0.230544,0.2800689448571391,False,False
3477e494de0e1677418b4764a19e7ba3b12289dd4ce39a5c36b60f52b30dde33,6001215,512,bits-sq,32,512,7,transform_isolated,30,0.047512,0.047359500000000006,0.047697,0.9724911601279677,False,False
3477e494de0e1677418b4764a19e7ba3b12289dd4ce39a5c36b60f52b30dde33,6001215,512,bits-sq,32,512,7,upload_shared,1,5.008269,5.008269,5.008269,1.0131622323002218,False,False
3477e494de0e1677418b4764a19e7ba3b12289dd4ce39a5c36b60f52b30dde33,6001215,512,bits-sq,32,512,8,download,30,0.009920000000000002,0.0097525,0.01042275,0.9777721774193546,False,False
3477e494de0e1677418b4764a19e7ba3b12289dd4ce39a5c36b60f52b30dde33,6001215,512,bits-sq,32,512,8,operator,30,0.28664999999999996,0.28606625,0.287416,0.46031746031746035,False,False
3477e494de0e1677418b4764a19e7ba3b12289dd4ce39a5c36b60f52b30dde33,6001215,512,bits-sq,32,512,8,output_isolated,30,0.009114,0.00903875,0.009251500000000001,2.9213846829054204,False,False
3477e494de0e1677418b4764a19e7ba3b12289dd4ce39a5c36b60f52b30dde33,6001215,512,bits-sq,32,512,8,selection_isolated,30,0.23577700000000001,0.235547,0.23610799999999998,0.2735975095111058,False,False
3477e494de0e1677418b4764a19e7ba3b12289dd4ce39a5c36b60f52b30dde33,6001215,512,bits-sq,32,512,8,transform_isolated,30,0.047451999999999994,0.047321999999999996,0.04763275,0.9737208126106381,False,False
3477e494de0e1677418b4764a19e7ba3b12289dd4ce39a5c36b60f52b30dde33,6001215,512,bits-sq,32,512,8,upload_shared,1,5.024163,5.024163,5.024163,1.0099570814083858,False,False
3477e494de0e1677418b4764a19e7ba3b12289dd4ce39a5c36b60f52b30dde33,6001215,512,bits-sq,32,512,13,download,30,0.009749500000000001,0.009677499999999999,0.009917500000000001,0.9948715318734292,False,False
3477e494de0e1677418b4764a19e7ba3b12289dd4ce39a5c36b60f52b30dde33,6001215,512,bits-sq,32,512,13,operator,30,0.328147,0.32774625,0.32857299999999995,0.40210637305841584,False,False
3477e494de0e1677418b4764a19e7ba3b12289dd4ce39a5c36b60f52b30dde33,6001215,512,bits-sq,32,512,13,output_isolated,30,0.009189000000000001,0.00899625,0.009323999999999999,2.8975405375993035,False,False
3477e494de0e1677418b4764a19e7ba3b12289dd4ce39a5c36b60f52b30dde33,6001215,512,bits-sq,32,512,13,selection_isolated,30,0.2779615,0.277721,0.278322,0.23207530539301308,False,False
3477e494de0e1677418b4764a19e7ba3b12289dd4ce39a5c36b60f52b30dde33,6001215,512,bits-sq,32,512,13,transform_isolated,30,0.0473815,0.047226750000000005,0.04749950000000001,0.9751696337178012,False,False
3477e494de0e1677418b4764a19e7ba3b12289dd4ce39a5c36b60f52b30dde33,6001215,512,bits-sq,32,512,13,upload_shared,1,5.081849999999999,5.081849999999999,5.081849999999999,0.9984924781329635,False,False
3477e494de0e1677418b4764a19e7ba3b12289dd4ce39a5c36b60f52b30dde33,6001215,512,bits-sq,32,512,16,download,30,0.0097995,0.009600000000000001,0.0102925,0.9897953977243737,False,False
3477e494de0e1677418b4764a19e7ba3b12289dd4ce39a5c36b60f52b30dde33,6001215,512,bits-sq,32,512,16,operator,30,0.35533349999999997,0.3549455,0.3557815,0.37134128923954535,False,False
3477e494de0e1677418b4764a19e7ba3b12289dd4ce39a5c36b60f52b30dde33,6001215,512,bits-sq,32,512,16,output_isolated,30,0.009139,0.008945500000000002,0.009214,2.913393150235256,False,False
3477e494de0e1677418b4764a19e7ba3b12289dd4ce39a5c36b60f52b30dde33,6001215,512,bits-sq,32,512,16,selection_isolated,30,0.3048115,0.3046245,0.30499699999999996,0.2116324351279397,False,False
3477e494de0e1677418b4764a19e7ba3b12289dd4ce39a5c36b60f52b30dde33,6001215,512,bits-sq,32,512,16,transform_isolated,30,0.047517,0.047387,0.047592,0.9723888292611066,False,False
3477e494de0e1677418b4764a19e7ba3b12289dd4ce39a5c36b60f52b30dde33,6001215,512,bits-sq,32,512,16,upload_shared,1,5.086818,5.086818,5.086818,0.9975173084627756,False,False
3477e494de0e1677418b4764a19e7ba3b12289dd4ce39a5c36b60f52b30dde33,6001215,512,bits-sq,128,128,4,download,30,0.00987,0.0096975,0.010148250000000001,0.982725430597771,False,False
3477e494de0e1677418b4764a19e7ba3b12289dd4ce39a5c36b60f52b30dde33,6001215,512,bits-sq,128,128,4,operator,30,0.449121,0.44843750000000004,0.4494885,0.29379610394526195,False,False
3477e494de0e1677418b4764a19e7ba3b12289dd4ce39a5c36b60f52b30dde33,6001215,512,bits-sq,128,128,4,output_isolated,30,0.009364,0.0091865,0.009729999999999999,2.843389577103802,False,False
3477e494de0e1677418b4764a19e7ba3b12289dd4ce39a5c36b60f52b30dde33,6001215,512,bits-sq,128,128,4,selection_isolated,30,0.398439,0.398023,0.3987415,0.1619018218598079,False,False
3477e494de0e1677418b4764a19e7ba3b12289dd4ce39a5c36b60f52b30dde33,6001215,512,bits-sq,128,128,4,transform_isolated,30,0.047892500000000005,0.04779525,0.04799525,0.9647648379182543,False,False
3477e494de0e1677418b4764a19e7ba3b12289dd4ce39a5c36b60f52b30dde33,6001215,512,bits-sq,128,128,4,upload_shared,1,5.09489,5.09489,5.09489,0.995936909334647,False,False
3477e494de0e1677418b4764a19e7ba3b12289dd4ce39a5c36b60f52b30dde33,6001215,512,bits-sq,128,128,7,download,30,0.009615,0.009539,0.00977975,1.0087883515340612,False,False
3477e494de0e1677418b4764a19e7ba3b12289dd4ce39a5c36b60f52b30dde33,6001215,512,bits-sq,128,128,7,operator,30,0.4248885,0.42448075,0.42524475,0.31055206248227474,False,False
3477e494de0e1677418b4764a19e7ba3b12289dd4ce39a5c36b60f52b30dde33,6001215,512,bits-sq,128,128,7,output_isolated,30,0.009369,0.009201750000000002,0.009552250000000002,2.841872131497492,False,False
3477e494de0e1677418b4764a19e7ba3b12289dd4ce39a5c36b60f52b30dde33,6001215,512,bits-sq,128,128,7,selection_isolated,30,0.373976,0.3736585,0.37424199999999996,0.17249235245042463,False,False
3477e494de0e1677418b4764a19e7ba3b12289dd4ce39a5c36b60f52b30dde33,6001215,512,bits-sq,128,128,7,transform_isolated,30,0.047782,0.047684500000000005,0.047868,0.9669959398936838,False,False
3477e494de0e1677418b4764a19e7ba3b12289dd4ce39a5c36b60f52b30dde33,6001215,512,bits-sq,128,128,7,upload_shared,1,5.080388,5.080388,5.080388,0.9987798176044821,False,False
3477e494de0e1677418b4764a19e7ba3b12289dd4ce39a5c36b60f52b30dde33,6001215,512,bits-sq,128,128,8,download,30,0.0097445,0.00960925,0.01037075,0.9953820103648212,False,False
3477e494de0e1677418b4764a19e7ba3b12289dd4ce39a5c36b60f52b30dde33,6001215,512,bits-sq,128,128,8,operator,30,0.4134465,0.413016,0.4138945,0.3191464917468161,False,False
3477e494de0e1677418b4764a19e7ba3b12289dd4ce39a5c36b60f52b30dde33,6001215,512,bits-sq,128,128,8,output_isolated,30,0.0093245,0.009108999999999999,0.0095025,2.8554346077537676,False,False
3477e494de0e1677418b4764a19e7ba3b12289dd4ce39a5c36b60f52b30dde33,6001215,512,bits-sq,128,128,8,selection_isolated,30,0.3628,0.36255725,0.36331500000000005,0.17780595369349503,False,False
3477e494de0e1677418b4764a19e7ba3b12289dd4ce39a5c36b60f52b30dde33,6001215,512,bits-sq,128,128,8,transform_isolated,30,0.047853,0.04770225,0.0480195,0.9655611978350364,False,False
3477e494de0e1677418b4764a19e7ba3b12289dd4ce39a5c36b60f52b30dde33,6001215,512,bits-sq,128,128,8,upload_shared,1,5.099547,5.099547,5.099547,0.9950274014535015,False,False
3477e494de0e1677418b4764a19e7ba3b12289dd4ce39a5c36b60f52b30dde33,6001215,512,bits-sq,128,128,13,download,30,0.0098045,0.009589,0.010195000000000001,0.9892906318527206,False,False
3477e494de0e1677418b4764a19e7ba3b12289dd4ce39a5c36b60f52b30dde33,6001215,512,bits-sq,128,128,13,operator,30,0.395214,0.394773,0.3958825,0.3338697515776263,False,False
3477e494de0e1677418b4764a19e7ba3b12289dd4ce39a5c36b60f52b30dde33,6001215,512,bits-sq,128,128,13,output_isolated,30,0.009284,0.009164,0.009524999999999999,2.8678909952606637,False,False
3477e494de0e1677418b4764a19e7ba3b12289dd4ce39a5c36b60f52b30dde33,6001215,512,bits-sq,128,128,13,selection_isolated,30,0.3445975,0.344332,0.34493050000000003,0.18719810793752129,False,False
3477e494de0e1677418b4764a19e7ba3b12289dd4ce39a5c36b60f52b30dde33,6001215,512,bits-sq,128,128,13,transform_isolated,30,0.047797,0.047587,0.0479905,0.9666924702387178,False,False
3477e494de0e1677418b4764a19e7ba3b12289dd4ce39a5c36b60f52b30dde33,6001215,512,bits-sq,128,128,13,upload_shared,1,5.004524,5.004524,5.004524,1.0139204048177208,False,False
3477e494de0e1677418b4764a19e7ba3b12289dd4ce39a5c36b60f52b30dde33,6001215,512,bits-sq,128,128,16,download,30,0.009915,0.0096725,0.010326,0.9782652546646495,False,False
3477e494de0e1677418b4764a19e7ba3b12289dd4ce39a5c36b60f52b30dde33,6001215,512,bits-sq,128,128,16,operator,30,0.403641,0.40308774999999997,0.404207,0.3268993982276329,False,False
3477e494de0e1677418b4764a19e7ba3b12289dd4ce39a5c36b60f52b30dde33,6001215,512,bits-sq,128,128,16,output_isolated,30,0.009368999999999999,0.009238999999999999,0.0096425,2.8418721314974924,False,False
3477e494de0e1677418b4764a19e7ba3b12289dd4ce39a5c36b60f52b30dde33,6001215,512,bits-sq,128,128,16,selection_isolated,30,0.352955,0.35272475,0.35328824999999997,0.1827655083509229,False,False
3477e494de0e1677418b4764a19e7ba3b12289dd4ce39a5c36b60f52b30dde33,6001215,512,bits-sq,128,128,16,transform_isolated,30,0.0477775,0.047672,0.04800275,0.9670870179477786,False,False
3477e494de0e1677418b4764a19e7ba3b12289dd4ce39a5c36b60f52b30dde33,6001215,512,bits-sq,128,128,16,upload_shared,1,5.088170000000001,5.088170000000001,5.088170000000001,0.9972522537572446,False,False
3477e494de0e1677418b4764a19e7ba3b12289dd4ce39a5c36b60f52b30dde33,6001215,512,bits-sq,128,256,4,download,30,0.0096595,0.0095325,0.00994,1.0041410010870129,False,False
3477e494de0e1677418b4764a19e7ba3b12289dd4ce39a5c36b60f52b30dde33,6001215,512,bits-sq,128,256,4,operator,30,0.288157,0.28735350000000004,0.28879025,0.45791009762039436,False,False
3477e494de0e1677418b4764a19e7ba3b12289dd4ce39a5c36b60f52b30dde33,6001215,512,bits-sq,128,256,4,output_isolated,30,0.009329500000000001,0.00920425,0.00945475,2.853904282115869,False,False
3477e494de0e1677418b4764a19e7ba3b12289dd4ce39a5c36b60f52b30dde33,6001215,512,bits-sq,128,256,4,selection_isolated,30,0.237765,0.2374075,0.23811325,0.27130990684078815,False,False
3477e494de0e1677418b4764a19e7ba3b12289dd4ce39a5c36b60f52b30dde33,6001215,512,bits-sq,128,256,4,transform_isolated,30,0.0476825,0.0475545,0.04776725,0.9690137891259895,False,False
3477e494de0e1677418b4764a19e7ba3b12289dd4ce39a5c36b60f52b30dde33,6001215,512,bits-sq,128,256,4,upload_shared,1,5.095200999999999,5.095200999999999,5.095200999999999,0.9958761195093188,False,False
3477e494de0e1677418b4764a19e7ba3b12289dd4ce39a5c36b60f52b30dde33,6001215,512,bits-sq,128,256,7,download,30,0.00983,0.00972425,0.010035750000000001,0.9867243133265513,False,False
3477e494de0e1677418b4764a19e7ba3b12289dd4ce39a5c36b60f52b30dde33,6001215,512,bits-sq,128,256,7,operator,30,0.288232,0.28795375,0.28860775,0.45779094618224203,False,False
3477e494de0e1677418b4764a19e7ba3b12289dd4ce39a5c36b60f52b30dde33,6001215,512,bits-sq,128,256,7,output_isolated,30,0.009364,0.009219,0.009511750000000001,2.843389577103802,False,False
3477e494de0e1677418b4764a19e7ba3b12289dd4ce39a5c36b60f52b30dde33,6001215,512,bits-sq,128,256,7,selection_isolated,30,0.237545,0.23723224999999998,0.23786075,0.2715611778820855,False,False
3477e494de0e1677418b4764a19e7ba3b12289dd4ce39a5c36b60f52b30dde33,6001215,512,bits-sq,128,256,7,transform_isolated,30,0.047562,0.047417,0.04775275,0.9714688196459358,False,False
3477e494de0e1677418b4764a19e7ba3b12289dd4ce39a5c36b60f52b30dde33,6001215,512,bits-sq,128,256,7,upload_shared,1,5.091365,5.091365,5.091365,0.9966264449710441,False,False
3477e494de0e1677418b4764a19e7ba3b12289dd4ce39a5c36b60f52b30dde33,6001215,512,bits-sq,128,256,8,download,30,0.009724,0.009623999999999999,0.009822500000000001,0.9974804607157548,False,False
3477e494de0e1677418b4764a19e7ba3b12289dd4ce39a5c36b60f52b30dde33,6001215,512,bits-sq,128,256,8,operator,30,0.279879,0.2794865,0.28052499999999997,0.4714537353642109,False,False
3477e494de0e1677418b4764a19e7ba3b12289dd4ce39a5c36b60f52b30dde33,6001215,512,bits-sq,128,256,8,output_isolated,30,0.009244,0.009089,0.009524999999999999,2.8803007356122894,False,False
3477e494de0e1677418b4764a19e7ba3b12289dd4ce39a5c36b60f52b30dde33,6001215,512,bits-sq,128,256,8,selection_isolated,30,0.229163,0.22880125,0.22948475,0.2814939584487897,False,False
3477e494de0e1677418b4764a19e7ba3b12289dd4ce39a5c36b60f52b30dde33,6001215,512,bits-sq,128,256,8,transform_isolated,30,0.0476225,0.047547,0.047807999999999996,0.9702346579872959,False,False
3477e494de0e1677418b4764a19e7ba3b12289dd4ce39a5c36b60f52b30dde33,6001215,512,bits-sq,128,256,8,upload_shared,1,5.077404,5.077404,5.077404,0.9993668024053237,False,False
3477e494de0e1677418b4764a19e7ba3b12289dd4ce39a5c36b60f52b30dde33,6001215,512,bits-sq,128,256,13,download,30,0.009884500000000001,0.009759750000000001,0.01034275,0.9812838282158934,False,False
3477e494de0e1677418b4764a19e7ba3b12289dd4ce39a5c36b60f52b30dde33,6001215,512,bits-sq,128,256,13,operator,30,0.2994435,0.2991205,0.29998475,0.44065074045688085,False,False
3477e494de0e1677418b4764a19e7ba3b12289dd4ce39a5c36b60f52b30dde33,6001215,512,bits-sq,128,256,13,output_isolated,30,0.0095545,0.009414,0.00993825,2.7866973677324824,False,False
3477e494de0e1677418b4764a19e7ba3b12289dd4ce39a5c36b60f52b30dde33,6001215,512,bits-sq,128,256,13,selection_isolated,30,0.2489525,0.2487995,0.24936275000000002,0.2591177031763087,False,False
3477e494de0e1677418b4764a19e7ba3b12289dd4ce39a5c36b60f52b30dde33,6001215,512,bits-sq,128,256,13,transform_isolated,30,0.047547,0.0474045,0.0477545,0.9717752960228826,False,False
3477e494de0e1677418b4764a19e7ba3b12289dd4ce39a5c36b60f52b30dde33,6001215,512,bits-sq,128,256,13,upload_shared,1,5.097774,5.097774,5.097774,0.9953734708521796,False,False
3477e494de0e1677418b4764a19e7ba3b12289dd4ce39a5c36b60f52b30dde33,6001215,512,bits-sq,128,256,16,download,30,0.00978,0.009685,0.01021325,0.9917689161554192,False,False
3477e494de0e1677418b4764a19e7ba3b12289dd4ce39a5c36b60f52b30dde33,6001215,512,bits-sq,128,256,16,operator,30,0.33870849999999997,0.335914,0.3391465,0.38956802087931064,False,False
3477e494de0e1677418b4764a19e7ba3b12289dd4ce39a5c36b60f52b30dde33,6001215,512,bits-sq,128,256,16,output_isolated,30,0.0094595,0.0092515,0.00981475,2.8146836513557805,False,False
3477e494de0e1677418b4764a19e7ba3b12289dd4ce39a5c36b60f52b30dde33,6001215,512,bits-sq,128,256,16,selection_isolated,30,0.288212,0.287716,0.2884245,0.22382135372572964,False,False
3477e494de0e1677418b4764a19e7ba3b12289dd4ce39a5c36b60f52b30dde33,6001215,512,bits-sq,128,256,16,transform_isolated,30,0.0477075,0.0475545,0.0478005,0.9685060001048053,False,False
3477e494de0e1677418b4764a19e7ba3b12289dd4ce39a5c36b60f52b30dde33,6001215,512,bits-sq,128,256,16,upload_shared,1,5.106167,5.106167,5.106167,0.9937373767837988,False,False
3477e494de0e1677418b4764a19e7ba3b12289dd4ce39a5c36b60f52b30dde33,6001215,512,bits-sq,128,512,4,download,30,0.009760000000000001,0.009652500000000001,0.010257500000000001,0.9938012295081966,True,True
3477e494de0e1677418b4764a19e7ba3b12289dd4ce39a5c36b60f52b30dde33,6001215,512,bits-sq,128,512,4,operator,30,0.266153,0.2657955,0.26668400000000003,0.4957674720931194,True,True
3477e494de0e1677418b4764a19e7ba3b12289dd4ce39a5c36b60f52b30dde33,6001215,512,bits-sq,128,512,4,output_isolated,30,0.009349,0.009194,0.009529,2.8479516525831645,True,True
3477e494de0e1677418b4764a19e7ba3b12289dd4ce39a5c36b60f52b30dde33,6001215,512,bits-sq,128,512,4,selection_isolated,30,0.21528150000000001,0.21171600000000002,0.21577949999999999,0.2996448835594326,True,True
3477e494de0e1677418b4764a19e7ba3b12289dd4ce39a5c36b60f52b30dde33,6001215,512,bits-sq,128,512,4,transform_isolated,30,0.047487,0.047337000000000004,0.0476095,0.9730031377008443,True,True
3477e494de0e1677418b4764a19e7ba3b12289dd4ce39a5c36b60f52b30dde33,6001215,512,bits-sq,128,512,4,upload_shared,1,4.994318,4.994318,4.994318,1.0159923737335108,True,True
3477e494de0e1677418b4764a19e7ba3b12289dd4ce39a5c36b60f52b30dde33,6001215,512,bits-sq,128,512,7,download,30,0.00989,0.009609,0.01018075,0.9807381193124368,False,False
3477e494de0e1677418b4764a19e7ba3b12289dd4ce39a5c36b60f52b30dde33,6001215,512,bits-sq,128,512,7,operator,30,0.339394,0.3390415,0.33979175,0.38878118057478916,False,False
3477e494de0e1677418b4764a19e7ba3b12289dd4ce39a5c36b60f52b30dde33,6001215,512,bits-sq,128,512,7,output_isolated,30,0.009204500000000001,0.009089,0.009429,2.8926611983269055,False,False
3477e494de0e1677418b4764a19e7ba3b12289dd4ce39a5c36b60f52b30dde33,6001215,512,bits-sq,128,512,7,selection_isolated,30,0.288613,0.2884295,0.288978,0.22351037548551173,False,False
3477e494de0e1677418b4764a19e7ba3b12289dd4ce39a5c36b60f52b30dde33,6001215,512,bits-sq,128,512,7,transform_isolated,30,0.0473665,0.04715375000000001,0.047537,0.9754784499593594,False,False
3477e494de0e1677418b4764a19e7ba3b12289dd4ce39a5c36b60f52b30dde33,6001215,512,bits-sq,128,512,7,upload_shared,1,5.004843,5.004843,5.004843,1.0138557792921774,False,False
3477e494de0e1677418b4764a19e7ba3b12289dd4ce39a5c36b60f52b30dde33,6001215,512,bits-sq,128,512,8,download,30,0.00982,0.00967,0.0101685,0.9877291242362525,False,False
3477e494de0e1677418b4764a19e7ba3b12289dd4ce39a5c36b60f52b30dde33,6001215,512,bits-sq,128,512,8,operator,30,0.30445599999999995,0.30394275,0.304922,0.43339595869353864,False,False
3477e494de0e1677418b4764a19e7ba3b12289dd4ce39a5c36b60f52b30dde33,6001215,512,bits-sq,128,512,8,output_isolated,30,0.0091135,0.00899575,0.009441499999999999,2.9215449607724806,False,False
3477e494de0e1677418b4764a19e7ba3b12289dd4ce39a5c36b60f52b30dde33,6001215,512,bits-sq,128,512,8,selection_isolated,30,0.253544,0.2533915,0.25397,0.25442526740920707,False,False
3477e494de0e1677418b4764a19e7ba3b12289dd4ce39a5c36b60f52b30dde33,6001215,512,bits-sq,128,512,8,transform_isolated,30,0.047481999999999996,0.04737925,0.04775775,0.9731055979107872,False,False
3477e494de0e1677418b4764a19e7ba3b12289dd4ce39a5c36b60f52b30dde33,6001215,512,bits-sq,128,512,8,upload_shared,1,5.005505,5.005505,5.005505,1.0137216924166492,False,False
3477e494de0e1677418b4764a19e7ba3b12289dd4ce39a5c36b60f52b30dde33,6001215,512,bits-sq,128,512,13,download,30,0.00985,0.009656499999999998,0.01023825,0.9847208121827412,False,False
3477e494de0e1677418b4764a19e7ba3b12289dd4ce39a5c36b60f52b30dde33,6001215,512,bits-sq,128,512,13,operator,30,0.419125,0.4189175,0.4196635,0.31482254697286005,False,False
3477e494de0e1677418b4764a19e7ba3b12289dd4ce39a5c36b60f52b30dde33,6001215,512,bits-sq,128,512,13,output_isolated,30,0.009259,0.00907125,0.009444,2.875634517766498,False,False
3477e494de0e1677418b4764a19e7ba3b12289dd4ce39a5c36b60f52b30dde33,6001215,512,bits-sq,128,512,13,selection_isolated,30,0.36857850000000003,0.3682255,0.368729,0.17501834751620074,False,False
3477e494de0e1677418b4764a19e7ba3b12289dd4ce39a5c36b60f52b30dde33,6001215,512,bits-sq,128,512,13,transform_isolated,30,0.047402,0.047273749999999996,0.047492,0.97474790093245,False,False
3477e494de0e1677418b4764a19e7ba3b12289dd4ce39a5c36b60f52b30dde33,6001215,512,bits-sq,128,512,13,upload_shared,1,5.077915,5.077915,5.077915,0.9992662342713495,False,False
3477e494de0e1677418b4764a19e7ba3b12289dd4ce39a5c36b60f52b30dde33,6001215,512,bits-sq,128,512,16,download,30,0.009904999999999999,0.00962675,0.0103135,0.9792529025744574,False,False
3477e494de0e1677418b4764a19e7ba3b12289dd4ce39a5c36b60f52b30dde33,6001215,512,bits-sq,128,512,16,operator,30,0.461289,0.460883,0.4616775,0.28604627467813015,False,False
3477e494de0e1677418b4764a19e7ba3b12289dd4ce39a5c36b60f52b30dde33,6001215,512,bits-sq,128,512,16,output_isolated,30,0.009229000000000001,0.00911625,0.00950475,2.8849821215733016,False,False
3477e494de0e1677418b4764a19e7ba3b12289dd4ce39a5c36b60f52b30dde33,6001215,512,bits-sq,128,512,16,selection_isolated,30,0.410592,0.41044450000000005,0.41090025,0.1571097342373938,False,False
3477e494de0e1677418b4764a19e7ba3b12289dd4ce39a5c36b60f52b30dde33,6001215,512,bits-sq,128,512,16,transform_isolated,30,0.0472865,0.0471645,0.047462,0.9771287788269378,False,False
3477e494de0e1677418b4764a19e7ba3b12289dd4ce39a5c36b60f52b30dde33,6001215,512,bits-sq,128,512,16,upload_shared,1,5.093338,5.093338,5.093338,0.996240383025827,False,False
3477e494de0e1677418b4764a19e7ba3b12289dd4ce39a5c36b60f52b30dde33,6001215,512,bits-sq,512,128,4,download,30,0.010110000000000001,0.00975,0.01028025,0.9593966369930761,False,False
3477e494de0e1677418b4764a19e7ba3b12289dd4ce39a5c36b60f52b30dde33,6001215,512,bits-sq,512,128,4,operator,30,0.931236,0.9305800000000001,0.9316445,0.14169340532367733,False,False
3477e494de0e1677418b4764a19e7ba3b12289dd4ce39a5c36b60f52b30dde33,6001215,512,bits-sq,512,128,4,output_isolated,30,0.00958,0.009184,0.0098425,2.77927974947808,False,False
3477e494de0e1677418b4764a19e7ba3b12289dd4ce39a5c36b60f52b30dde33,6001215,512,bits-sq,512,128,4,selection_isolated,30,0.8799585000000001,0.8792752500000001,0.880379,0.0733080025933041,False,False
3477e494de0e1677418b4764a19e7ba3b12289dd4ce39a5c36b60f52b30dde33,6001215,512,bits-sq,512,128,4,transform_isolated,30,0.0481225,0.048062999999999995,0.048258749999999996,0.9601537742220374,False,False
3477e494de0e1677418b4764a19e7ba3b12289dd4ce39a5c36b60f52b30dde33,6001215,512,bits-sq,512,128,4,upload_shared,1,5.081759,5.081759,5.081759,0.9985103583227776,False,False
3477e494de0e1677418b4764a19e7ba3b12289dd4ce39a5c36b60f52b30dde33,6001215,512,bits-sq,512,128,7,download,30,0.01033,0.00972425,0.010751,0.9389641819941916,False,False
3477e494de0e1677418b4764a19e7ba3b12289dd4ce39a5c36b60f52b30dde33,6001215,512,bits-sq,512,128,7,operator,30,0.899443,0.8987842500000001,0.9001239999999999,0.14670190328903554,False,False
3477e494de0e1677418b4764a19e7ba3b12289dd4ce39a5c36b60f52b30dde33,6001215,512,bits-sq,512,128,7,output_isolated,30,0.0096795,0.00950925,0.0099125,2.7507102639599155,False,False
3477e494de0e1677418b4764a19e7ba3b12289dd4ce39a5c36b60f52b30dde33,6001215,512,bits-sq,512,128,7,selection_isolated,30,0.84803,0.8474947500000001,0.8489535,0.07606806362982442,False,False
3477e494de0e1677418b4764a19e7ba3b12289dd4ce39a5c36b60f52b30dde33,6001215,512,bits-sq,512,128,7,transform_isolated,30,0.048148,0.047983000000000005,0.0482355,0.9596452604469551,False,False
3477e494de0e1677418b4764a19e7ba3b12289dd4ce39a5c36b60f52b30dde33,6001215,512,bits-sq,512,128,7,upload_shared,1,5.074759,5.074759,5.074759,0.9998876793952185,False,False
3477e494de0e1677418b4764a19e7ba3b12289dd4ce39a5c36b60f52b30dde33,6001215,512,bits-sq,512,128,8,download,30,0.0097595,0.009624249999999999,0.010308250000000001,0.9938521440647573,False,False
3477e494de0e1677418b4764a19e7ba3b12289dd4ce39a5c36b60f52b30dde33,6001215,512,bits-sq,512,128,8,operator,30,0.841745,0.8406215000000001,0.842347,0.156757687898354,False,False
3477e494de0e1677418b4764a19e7ba3b12289dd4ce39a5c36b60f52b30dde33,6001215,512,bits-sq,512,128,8,output_isolated,30,0.00953,0.0092315,0.0098675,2.79386149003148,False,False
3477e494de0e1677418b4764a19e7ba3b12289dd4ce39a5c36b60f52b30dde33,6001215,512,bits-sq,512,128,8,selection_isolated,30,0.7899575,0.7896437500000001,0.7907737499999999,0.08166008930860204,False,False
3477e494de0e1677418b4764a19e7ba3b12289dd4ce39a5c36b60f52b30dde33,6001215,512,bits-sq,512,128,8,transform_isolated,30,0.048272999999999996,0.048163,0.04841125,0.9571603173616722,False,False
3477e494de0e1677418b4764a19e7ba3b12289dd4ce39a5c36b60f52b30dde33,6001215,512,bits-sq,512,128,8,upload_shared,1,5.0306120000000005,5.0306120000000005,5.0306120000000005,1.008662365533259,False,False
3477e494de0e1677418b4764a19e7ba3b12289dd4ce39a5c36b60f52b30dde33,6001215,512,bits-sq,512,128,13,download,30,0.009905,0.009675,0.010411,0.9792529025744573,False,False
3477e494de0e1677418b4764a19e7ba3b12289dd4ce39a5c36b60f52b30dde33,6001215,512,bits-sq,512,128,13,operator,30,0.8590665,0.85793025,0.8602314999999999,0.1535969566966003,False,False
3477e494de0e1677418b4764a19e7ba3b12289dd4ce39a5c36b60f52b30dde33,6001215,512,bits-sq,512,128,13,output_isolated,30,0.0096345,0.00943925,0.010065,2.7635580466033525,False,False
3477e494de0e1677418b4764a19e7ba3b12289dd4ce39a5c36b60f52b30dde33,6001215,512,bits-sq,512,128,13,selection_isolated,30,0.8089955,0.80723575,0.8103255,0.07973839162269752,False,False
3477e494de0e1677418b4764a19e7ba3b12289dd4ce39a5c36b60f52b30dde33,6001215,512,bits-sq,512,128,13,transform_isolated,30,0.047812999999999994,0.047687999999999994,0.04789025,0.9663689791479305,False,False
3477e494de0e1677418b4764a19e7ba3b12289dd4ce39a5c36b60f52b30dde33,6001215,512,bits-sq,512,128,13,upload_shared,1,5.08214,5.08214,5.08214,0.998435501580043,False,False
3477e494de0e1677418b4764a19e7ba3b12289dd4ce39a5c36b60f52b30dde33,6001215,512,bits-sq,512,128,16,download,30,0.009995,0.00969975,0.010281,0.9704352176088044,False,False
3477e494de0e1677418b4764a19e7ba3b12289dd4ce39a5c36b60f52b30dde33,6001215,512,bits-sq,512,128,16,operator,30,0.8420704999999999,0.8412142499999999,0.843168,0.1566970936518973,False,False
3477e494de0e1677418b4764a19e7ba3b12289dd4ce39a5c36b60f52b30dde33,6001215,512,bits-sq,512,128,16,output_isolated,30,0.009874999999999998,0.00951425,0.010300750000000001,2.6962531645569627,False,False
3477e494de0e1677418b4764a19e7ba3b12289dd4ce39a5c36b60f52b30dde33,6001215,512,bits-sq,512,128,16,selection_isolated,30,0.790498,0.79001775,0.7914792500000001,0.08160425453321829,False,False
3477e494de0e1677418b4764a19e7ba3b12289dd4ce39a5c36b60f52b30dde33,6001215,512,bits-sq,512,128,16,transform_isolated,30,0.0478475,0.0477355,0.0481295,0.9656721876796069,False,False
3477e494de0e1677418b4764a19e7ba3b12289dd4ce39a5c36b60f52b30dde33,6001215,512,bits-sq,512,128,16,upload_shared,1,5.082681,5.082681,5.082681,0.9983292282163684,False,False
3477e494de0e1677418b4764a19e7ba3b12289dd4ce39a5c36b60f52b30dde33,6001215,512,bits-sq,512,256,4,download,30,0.010321,0.00984,0.010523749999999998,0.9397829667667861,False,False
3477e494de0e1677418b4764a19e7ba3b12289dd4ce39a5c36b60f52b30dde33,6001215,512,bits-sq,512,256,4,operator,30,0.5652865,0.5650085,0.5657527499999999,0.2334214597376728,False,False
3477e494de0e1677418b4764a19e7ba3b12289dd4ce39a5c36b60f52b30dde33,6001215,512,bits-sq,512,256,4,output_isolated,30,0.009323999999999999,0.0091315,0.009607250000000001,2.855587730587731,False,False
3477e494de0e1677418b4764a19e7ba3b12289dd4ce39a5c36b60f52b30dde33,6001215,512,bits-sq,512,256,4,selection_isolated,30,0.5144545,0.5139940000000001,0.5148832499999999,0.12539106956980645,False,False
3477e494de0e1677418b4764a19e7ba3b12289dd4ce39a5c36b60f52b30dde33,6001215,512,bits-sq,512,256,4,transform_isolated,30,0.047672,0.04754725,0.047791999999999994,0.9692272193321027,False,False
3477e494de0e1677418b4764a19e7ba3b12289dd4ce39a5c36b60f52b30dde33,6001215,512,bits-sq,512,256,4,upload_shared,1,5.085224999999999,5.085224999999999,5.085224999999999,0.9978297912088453,False,False
3477e494de0e1677418b4764a19e7ba3b12289dd4ce39a5c36b60f52b30dde33,6001215,512,bits-sq,512,256,7,download,30,0.010215499999999999,0.009735,0.0106285,0.9494885223434977,False,False
3477e494de0e1677418b4764a19e7ba3b12289dd4ce39a5c36b60f52b30dde33,6001215,512,bits-sq,512,256,7,operator,30,0.572738,0.572187,0.5734115000000001,0.23038457374925356,False,False
3477e494de0e1677418b4764a19e7ba3b12289dd4ce39a5c36b60f52b30dde33,6001215,512,bits-sq,512,256,7,output_isolated,30,0.0095845,0.009334,0.01009275,2.7779748552350156,False,False
3477e494de0e1677418b4764a19e7ba3b12289dd4ce39a5c36b60f52b30dde33,6001215,512,bits-sq,512,256,7,selection_isolated,30,0.5218855,0.5215602500000001,0.5221785,0.12360565679636625,False,False
3477e494de0e1677418b4764a19e7ba3b12289dd4ce39a5c36b60f52b30dde33,6001215,512,bits-sq,512,256,7,transform_isolated,30,0.047492,0.047384499999999996,0.0476395,0.9729006990651057,False,False
3477e494de0e1677418b4764a19e7ba3b12289dd4ce39a5c36b60f52b30dde33,6001215,512,bits-sq,512,256,7,upload_shared,1,5.077174,5.077174,5.077174,0.9994120745123172,False,False
3477e494de0e1677418b4764a19e7ba3b12289dd4ce39a5c36b60f52b30dde33,6001215,512,bits-sq,512,256,8,download,30,0.009945,0.009677499999999999,0.010467750000000001,0.9753142282554046,False,False
3477e494de0e1677418b4764a19e7ba3b12289dd4ce39a5c36b60f52b30dde33,6001215,512,bits-sq,512,256,8,operator,30,0.554755,0.5541874999999999,0.5554892499999999,0.23785274580670743,False,False
3477e494de0e1677418b4764a19e7ba3b12289dd4ce39a5c36b60f52b30dde33,6001215,512,bits-sq,512,256,8,output_isolated,30,0.009298999999999998,0.00911325,0.00969175,2.863264867190021,False,False
3477e494de0e1677418b4764a19e7ba3b12289dd4ce39a5c36b60f52b30dde33,6001215,512,bits-sq,512,256,8,selection_isolated,30,0.5043390000000001,0.5037105,0.5047600000000001,0.1279060314589988,False,False
3477e494de0e1677418b4764a19e7ba3b12289dd4ce39a5c36b60f52b30dde33,6001215,512,bits-sq,512,256,8,transform_isolated,30,0.047732,0.0476045,0.047837000000000005,0.9680088829296908,False,False
3477e494de0e1677418b4764a19e7ba3b12289dd4ce39a5c36b60f52b30dde33,6001215,512,bits-sq,512,256,8,upload_shared,1,5.052426,5.052426,5.052426,1.0043074356754558,False,False
3477e494de0e1677418b4764a19e7ba3b12289dd4ce39a5c36b60f52b30dde33,6001215,512,bits-sq,512,256,13,download,30,0.0103,0.009795,0.01067675,0.9416990291262135,False,False
3477e494de0e1677418b4764a19e7ba3b12289dd4ce39a5c36b60f52b30dde33,6001215,512,bits-sq,512,256,13,operator,30,0.5943405,0.5937592500000001,0.5948559999999999,0.22201078338090702,False,False
3477e494de0e1677418b4764a19e7ba3b12289dd4ce39a5c36b60f52b30dde33,6001215,512,bits-sq,512,256,13,output_isolated,30,0.009579500000000001,0.009425000000000001,0.009869999999999999,2.7794248134036224,False,False
3477e494de0e1677418b4764a19e7ba3b12289dd4ce39a5c36b60f52b30dde33,6001215,512,bits-sq,512,256,13,selection_isolated,30,0.543403,0.5431480000000001,0.5438265,0.11871115912131512,False,False
3477e494de0e1677418b4764a19e7ba3b12289dd4ce39a5c36b60f52b30dde33,6001215,512,bits-sq,512,256,13,transform_isolated,30,0.047492,0.04741375,0.047597,0.9729006990651057,False,False
3477e494de0e1677418b4764a19e7ba3b12289dd4ce39a5c36b60f52b30dde33,6001215,512,bits-sq,512,256,13,upload_shared,1,5.079587,5.079587,5.079587,0.9989373151793639,False,False
3477e494de0e1677418b4764a19e7ba3b12289dd4ce39a5c36b60f52b30dde33,6001215,512,bits-sq,512,256,16,download,30,0.0098805,0.009663999999999999,0.010533500000000001,0.9816810890137139,False,False
3477e494de0e1677418b4764a19e7ba3b12289dd4ce39a5c36b60f52b30dde33,6001215,512,bits-sq,512,256,16,operator,30,0.6859345,0.68543075,0.68670025,0.1923653060168281,False,False
3477e494de0e1677418b4764a19e7ba3b12289dd4ce39a5c36b60f52b30dde33,6001215,512,bits-sq,512,256,16,output_isolated,30,0.0097895,0.009376500000000001,0.01033,2.7198018284897088,False,False
3477e494de0e1677418b4764a19e7ba3b12289dd4ce39a5c36b60f52b30dde33,6001215,512,bits-sq,512,256,16,selection_isolated,30,0.6357729999999999,0.63514275,0.63636225,0.10146388726793998,False,False
3477e494de0e1677418b4764a19e7ba3b12289dd4ce39a5c36b60f52b30dde33,6001215,512,bits-sq,512,256,16,transform_isolated,30,0.047622,0.047517,0.047817000000000005,0.9702448448196211,False,False
3477e494de0e1677418b4764a19e7ba3b12289dd4ce39a5c36b60f52b30dde33,6001215,512,bits-sq,512,256,16,upload_shared,1,5.094519,5.094519,5.094519,0.9960094368084601,False,False
3477e494de0e1677418b4764a19e7ba3b12289dd4ce39a5c36b60f52b30dde33,6001215,512,bits-sq,512,512,4,download,30,0.010159999999999999,0.009859999999999999,0.010476,0.9546751968503938,False,False
3477e494de0e1677418b4764a19e7ba3b12289dd4ce39a5c36b60f52b30dde33,6001215,512,bits-sq,512,512,4,operator,30,0.47150000000000003,0.47100149999999996,0.47271850000000004,0.27985153764581117,False,False
3477e494de0e1677418b4764a19e7ba3b12289dd4ce39a5c36b60f52b30dde33,6001215,512,bits-sq,512,512,4,output_isolated,30,0.0093795,0.009216499999999999,0.009544750000000001,2.838690761767685,False,False
3477e494de0e1677418b4764a19e7ba3b12289dd4ce39a5c36b60f52b30dde33,6001215,512,bits-sq,512,512,4,selection_isolated,30,0.421288,0.420107,0.42212975,0.15312090541387363,False,False
3477e494de0e1677418b4764a19e7ba3b12289dd4ce39a5c36b60f52b30dde33,6001215,512,bits-sq,512,512,4,transform_isolated,30,0.0472565,0.04716675,0.047479499999999994,0.9777490927174038,False,False
3477e494de0e1677418b4764a19e7ba3b12289dd4ce39a5c36b60f52b30dde33,6001215,512,bits-sq,512,512,4,upload_shared,1,5.040177,5.040177,5.040177,1.0067481757089085,False,False
3477e494de0e1677418b4764a19e7ba3b12289dd4ce39a5c36b60f52b30dde33,6001215,512,bits-sq,512,512,7,download,30,0.0100655,0.009729999999999999,0.010378499999999999,0.9636381699865878,False,False
3477e494de0e1677418b4764a19e7ba3b12289dd4ce39a5c36b60f52b30dde33,6001215,512,bits-sq,512,512,7,operator,30,0.608773,0.60711425,0.609999,0.21674745759092467,False,False
3477e494de0e1677418b4764a19e7ba3b12289dd4ce39a5c36b60f52b30dde33,6001215,512,bits-sq,512,512,7,output_isolated,30,0.009479,0.009216499999999999,0.009645,2.808893343179661,False,False
3477e494de0e1677418b4764a19e7ba3b12289dd4ce39a5c36b60f52b30dde33,6001215,512,bits-sq,512,512,7,selection_isolated,30,0.5581505,0.5568865,0.5590095,0.11557456277473548,False,False
3477e494de0e1677418b4764a19e7ba3b12289dd4ce39a5c36b60f52b30dde33,6001215,512,bits-sq,512,512,7,transform_isolated,30,0.0470415,0.04698125,0.04717875,0.9822178289382778,False,False
3477e494de0e1677418b4764a19e7ba3b12289dd4ce39a5c36b60f52b30dde33,6001215,512,bits-sq,512,512,7,upload_shared,1,5.098996,5.098996,5.098996,0.995134924600843,False,False
3477e494de0e1677418b4764a19e7ba3b12289dd4ce39a5c36b60f52b30dde33,6001215,512,bits-sq,512,512,8,download,30,0.009945,0.009683999999999998,0.010371,0.9753142282554046,False,False
3477e494de0e1677418b4764a19e7ba3b12289dd4ce39a5c36b60f52b30dde33,6001215,512,bits-sq,512,512,8,operator,30,0.540875,0.5396155,0.542111,0.24395655188352205,False,False
3477e494de0e1677418b4764a19e7ba3b12289dd4ce39a5c36b60f52b30dde33,6001215,512,bits-sq,512,512,8,output_isolated,30,0.0094645,0.009166500000000001,0.00962475,2.813196682339268,False,False
3477e494de0e1677418b4764a19e7ba3b12289dd4ce39a5c36b60f52b30dde33,6001215,512,bits-sq,512,512,8,selection_isolated,30,0.490463,0.48937349999999996,0.49090399999999995,0.13152470216917483,False,False
3477e494de0e1677418b4764a19e7ba3b12289dd4ce39a5c36b60f52b30dde33,6001215,512,bits-sq,512,512,8,transform_isolated,30,0.0475725,0.04746449999999999,0.04776975,0.9712544011771507,False,False
3477e494de0e1677418b4764a19e7ba3b12289dd4ce39a5c36b60f52b30dde33,6001215,512,bits-sq,512,512,8,upload_shared,1,5.087008,5.087008,5.087008,0.9974800511420465,False,False
3477e494de0e1677418b4764a19e7ba3b12289dd4ce39a5c36b60f52b30dde33,6001215,512,bits-sq,512,512,13,download,30,0.0101755,0.00975225,0.010611,0.9532209719424106,False,False
3477e494de0e1677418b4764a19e7ba3b12289dd4ce39a5c36b60f52b30dde33,6001215,512,bits-sq,512,512,13,operator,30,0.763277,0.7622317500000001,0.7647005,0.17287301988662043,False,False
3477e494de0e1677418b4764a19e7ba3b12289dd4ce39a5c36b60f52b30dde33,6001215,512,bits-sq,512,512,13,output_isolated,30,0.0097345,0.0093615,0.0099725,2.7351687297755407,False,False
3477e494de0e1677418b4764a19e7ba3b12289dd4ce39a5c36b60f52b30dde33,6001215,512,bits-sq,512,512,13,selection_isolated,30,0.7126,0.7115204999999999,0.7141195,0.09052483861914117,False,False
3477e494de0e1677418b4764a19e7ba3b12289dd4ce39a5c36b60f52b30dde33,6001215,512,bits-sq,512,512,13,transform_isolated,30,0.047006000000000006,0.046883499999999995,0.04716175,0.9829596221758923,False,False
3477e494de0e1677418b4764a19e7ba3b12289dd4ce39a5c36b60f52b30dde33,6001215,512,bits-sq,512,512,13,upload_shared,1,5.096984,5.096984,5.096984,0.9955277473894365,False,False
3477e494de0e1677418b4764a19e7ba3b12289dd4ce39a5c36b60f52b30dde33,6001215,512,bits-sq,512,512,16,download,30,0.009915,0.00972425,0.010618500000000001,0.9782652546646495,False,False
3477e494de0e1677418b4764a19e7ba3b12289dd4ce39a5c36b60f52b30dde33,6001215,512,bits-sq,512,512,16,operator,30,0.8670185,0.8657597499999999,0.8682985,0.1521882174371135,False,False
3477e494de0e1677418b4764a19e7ba3b12289dd4ce39a5c36b60f52b30dde33,6001215,512,bits-sq,512,512,16,output_isolated,30,0.009535,0.009219,0.01000825,2.7923964341898273,False,False
3477e494de0e1677418b4764a19e7ba3b12289dd4ce39a5c36b60f52b30dde33,6001215,512,bits-sq,512,512,16,selection_isolated,30,0.816282,0.81505825,0.817654,0.07902661090162469,False,False
3477e494de0e1677418b4764a19e7ba3b12289dd4ce39a5c36b60f52b30dde33,6001215,512,bits-sq,512,512,16,transform_isolated,30,0.046986,0.046835999999999996,0.047147,0.9833780274975524,False,False
3477e494de0e1677418b4764a19e7ba3b12289dd4ce39a5c36b60f52b30dde33,6001215,512,bits-sq,512,512,16,upload_shared,1,5.019826,5.019826,5.019826,1.01082965823915,False,False
3477e494de0e1677418b4764a19e7ba3b12289dd4ce39a5c36b60f52b30dde33,6001215,512,block-select,1,128,8,download,30,0.016776,0.015964250000000003,0.0178295,0.5781771578445398,False,False
3477e494de0e1677418b4764a19e7ba3b12289dd4ce39a5c36b60f52b30dde33,6001215,512,block-select,1,128,8,operator,30,23.376435999999998,23.298122749999997,23.419311,0.005644573022166424,False,False
3477e494de0e1677418b4764a19e7ba3b12289dd4ce39a5c36b60f52b30dde33,6001215,512,block-select,1,128,8,output_isolated,30,0.017206,0.016224250000000003,0.0179695,1.5474543763803328,False,False
3477e494de0e1677418b4764a19e7ba3b12289dd4ce39a5c36b60f52b30dde33,6001215,512,block-select,1,128,8,selection_isolated,30,23.3210275,23.258067250000003,23.3728305,0.002766087386158264,False,False
3477e494de0e1677418b4764a19e7ba3b12289dd4ce39a5c36b60f52b30dde33,6001215,512,block-select,1,128,8,transform_isolated,30,0.048503500000000005,0.0481355,0.04872075000000001,0.9526116671992741,False,False
3477e494de0e1677418b4764a19e7ba3b12289dd4ce39a5c36b60f52b30dde33,6001215,512,block-select,1,128,8,upload_shared,1,5.074189,5.074189,5.074189,1.0,False,False
3477e494de0e1677418b4764a19e7ba3b12289dd4ce39a5c36b60f52b30dde33,6001215,512,grid-select,1,0,0,download,30,0.010065,0.00977975,0.010445750000000002,0.9636860407352211,True,True
3477e494de0e1677418b4764a19e7ba3b12289dd4ce39a5c36b60f52b30dde33,6001215,512,grid-select,1,0,0,operator,30,0.3862955,0.38574924999999993,0.38741250000000005,0.3415778853235411,True,True
3477e494de0e1677418b4764a19e7ba3b12289dd4ce39a5c36b60f52b30dde33,6001215,512,grid-select,1,0,0,output_isolated,30,0.0094645,0.0092615,0.00963925,2.813196682339268,True,True
3477e494de0e1677418b4764a19e7ba3b12289dd4ce39a5c36b60f52b30dde33,6001215,512,grid-select,1,0,0,selection_isolated,30,0.3401655,0.33901575000000006,0.34070425,0.18963710311598322,True,True
3477e494de0e1677418b4764a19e7ba3b12289dd4ce39a5c36b60f52b30dde33,6001215,512,grid-select,1,0,0,transform_isolated,30,0.047833,0.04774475,0.0479095,0.9659649196161645,True,True
3477e494de0e1677418b4764a19e7ba3b12289dd4ce39a5c36b60f52b30dde33,6001215,512,grid-select,1,0,0,upload_shared,1,5.074189,5.074189,5.074189,1.0,True,True
3477e494de0e1677418b4764a19e7ba3b12289dd4ce39a5c36b60f52b30dde33,6001215,1024,air-topk,1,512,0,download,30,0.011723,0.0115805,0.012314,1.0,True,True
3477e494de0e1677418b4764a19e7ba3b12289dd4ce39a5c36b60f52b30dde33,6001215,1024,air-topk,1,512,0,operator,30,0.150483,0.15001525000000002,0.1509065,1.0,True,True
3477e494de0e1677418b4764a19e7ba3b12289dd4ce39a5c36b60f52b30dde33,6001215,1024,air-topk,1,512,0,output_isolated,30,0.04459300000000001,0.04443950000000001,0.04470775,1.0,True,True
3477e494de0e1677418b4764a19e7ba3b12289dd4ce39a5c36b60f52b30dde33,6001215,1024,air-topk,1,512,0,selection_isolated,30,0.064588,0.06437300000000001,0.06500375,1.0,True,True
3477e494de0e1677418b4764a19e7ba3b12289dd4ce39a5c36b60f52b30dde33,6001215,1024,air-topk,1,512,0,transform_isolated,30,0.0463755,0.04632275,0.04649,1.0,True,True
3477e494de0e1677418b4764a19e7ba3b12289dd4ce39a5c36b60f52b30dde33,6001215,1024,air-topk,1,512,0,upload_shared,1,5.093027,5.093027,5.093027,1.0,True,True
3477e494de0e1677418b4764a19e7ba3b12289dd4ce39a5c36b60f52b30dde33,6001215,1024,bits-prefetch,1,128,4,download,30,0.013760499999999998,0.01298175,0.014857,0.8519312524980925,False,False
3477e494de0e1677418b4764a19e7ba3b12289dd4ce39a5c36b60f52b30dde33,6001215,1024,bits-prefetch,1,128,4,operator,30,6.620722000000001,6.61956325,6.62270825,0.022729092083914715,False,False
3477e494de0e1677418b4764a19e7ba3b12289dd4ce39a5c36b60f52b30dde33,6001215,1024,bits-prefetch,1,128,4,output_isolated,30,0.0123135,0.011643,0.01308975,3.6214723677264797,False,False
3477e494de0e1677418b4764a19e7ba3b12289dd4ce39a5c36b60f52b30dde33,6001215,1024,bits-prefetch,1,128,4,selection_isolated,30,6.5673165,6.566036749999999,6.568383,0.00983476279847332,False,False
3477e494de0e1677418b4764a19e7ba3b12289dd4ce39a5c36b60f52b30dde33,6001215,1024,bits-prefetch,1,128,4,transform_isolated,30,0.0477175,0.04758199999999999,0.0478905,0.9718761460680043,False,False
3477e494de0e1677418b4764a19e7ba3b12289dd4ce39a5c36b60f52b30dde33,6001215,1024,bits-prefetch,1,128,4,upload_shared,1,5.092626999999999,5.092626999999999,5.092626999999999,1.0000785449238676,False,False
3477e494de0e1677418b4764a19e7ba3b12289dd4ce39a5c36b60f52b30dde33,6001215,1024,bits-prefetch,1,128,7,download,30,0.01321,0.01268175,0.0141885,0.887433762301287,False,False
3477e494de0e1677418b4764a19e7ba3b12289dd4ce39a5c36b60f52b30dde33,6001215,1024,bits-prefetch,1,128,7,operator,30,6.0775595,6.07707325,6.0783450000000006,0.024760432209672324,False,False
3477e494de0e1677418b4764a19e7ba3b12289dd4ce39a5c36b60f52b30dde33,6001215,1024,bits-prefetch,1,128,7,output_isolated,30,0.0120885,0.011397,0.012677250000000001,3.688877859122307,False,False
3477e494de0e1677418b4764a19e7ba3b12289dd4ce39a5c36b60f52b30dde33,6001215,1024,bits-prefetch,1,128,7,selection_isolated,30,6.024869000000001,6.023800250000001,6.025215,0.01072023308722563,False,False
3477e494de0e1677418b4764a19e7ba3b12289dd4ce39a5c36b60f52b30dde33,6001215,1024,bits-prefetch,1,128,7,transform_isolated,30,0.047928,0.04782275,0.048107250000000004,0.9676076614922384,False,False
3477e494de0e1677418b4764a19e7ba3b12289dd4ce39a5c36b60f52b30dde33,6001215,1024,bits-prefetch,1,128,7,upload_shared,1,5.016921,5.016921,5.016921,1.0151698621525036,False,False
3477e494de0e1677418b4764a19e7ba3b12289dd4ce39a5c36b60f52b30dde33,6001215,1024,bits-prefetch,1,128,8,download,30,0.012733999999999999,0.012354,0.014098749999999998,0.9206062509816242,False,False
3477e494de0e1677418b4764a19e7ba3b12289dd4ce39a5c36b60f52b30dde33,6001215,1024,bits-prefetch,1,128,8,operator,30,5.7239985,5.72346525,5.724344,0.026289839174486157,False,False
3477e494de0e1677418b4764a19e7ba3b12289dd4ce39a5c36b60f52b30dde33,6001215,1024,bits-prefetch,1,128,8,output_isolated,30,0.011977999999999999,0.011549750000000001,0.012355749999999999,3.722908665887461,False,False
3477e494de0e1677418b4764a19e7ba3b12289dd4ce39a5c36b60f52b30dde33,6001215,1024,bits-prefetch,1,128,8,selection_isolated,30,5.670973,5.67023125,5.671731500000001,0.011389227210215956,False,False
3477e494de0e1677418b4764a19e7ba3b12289dd4ce39a5c36b60f52b30dde33,6001215,1024,bits-prefetch,1,128,8,transform_isolated,30,0.0477575,0.0476745,0.0480405,0.9710621368371459,False,False
3477e494de0e1677418b4764a19e7ba3b12289dd4ce39a5c36b60f52b30dde33,6001215,1024,bits-prefetch,1,128,8,upload_shared,1,5.0887709999999995,5.0887709999999995,5.0887709999999995,1.0008363512525913,False,False
3477e494de0e1677418b4764a19e7ba3b12289dd4ce39a5c36b60f52b30dde33,6001215,1024,bits-prefetch,1,128,13,download,30,0.013389999999999999,0.0127415,0.0143695,0.8755041075429426,False,False
3477e494de0e1677418b4764a19e7ba3b12289dd4ce39a5c36b60f52b30dde33,6001215,1024,bits-prefetch,1,128,13,operator,30,5.1611955,5.160634249999999,5.1620842499999995,0.029156616911721327,False,False
3477e494de0e1677418b4764a19e7ba3b12289dd4ce39a5c36b60f52b30dde33,6001215,1024,bits-prefetch,1,128,13,output_isolated,30,0.0117725,0.0110695,0.012393749999999999,3.787895519218518,False,False
3477e494de0e1677418b4764a19e7ba3b12289dd4ce39a5c36b60f52b30dde33,6001215,1024,bits-prefetch,1,128,13,selection_isolated,30,5.108822,5.10808,5.109319500000001,0.012642444774940292,False,False
3477e494de0e1677418b4764a19e7ba3b12289dd4ce39a5c36b60f52b30dde33,6001215,1024,bits-prefetch,1,128,13,transform_isolated,30,0.047813,0.0475845,0.048170500000000005,0.9699349549285758,False,False
3477e494de0e1677418b4764a19e7ba3b12289dd4ce39a5c36b60f52b30dde33,6001215,1024,bits-prefetch,1,128,13,upload_shared,1,5.082581,5.082581,5.082581,1.0020552549974118,False,False
3477e494de0e1677418b4764a19e7ba3b12289dd4ce39a5c36b60f52b30dde33,6001215,1024,bits-prefetch,1,128,16,download,30,0.0129995,0.012319,0.01400925,0.9018039155352129,False,False
3477e494de0e1677418b4764a19e7ba3b12289dd4ce39a5c36b60f52b30dde33,6001215,1024,bits-prefetch,1,128,16,operator,30,3.673006,3.6724724999999996,3.6741045,0.04096998480263849,False,False
3477e494de0e1677418b4764a19e7ba3b12289dd4ce39a5c36b60f52b30dde33,6001215,1024,bits-prefetch,1,128,16,output_isolated,30,0.011192,0.0106085,0.0117755,3.9843638313080776,False,False
3477e494de0e1677418b4764a19e7ba3b12289dd4ce39a5c36b60f52b30dde33,6001215,1024,bits-prefetch,1,128,16,selection_isolated,30,3.620411,3.61997775,3.6210545,0.017839963473760302,False,False
3477e494de0e1677418b4764a19e7ba3b12289dd4ce39a5c36b60f52b30dde33,6001215,1024,bits-prefetch,1,128,16,transform_isolated,30,0.047973,0.0477845,0.048108,0.9667000187605528,False,False
3477e494de0e1677418b4764a19e7ba3b12289dd4ce39a5c36b60f52b30dde33,6001215,1024,bits-prefetch,1,128,16,upload_shared,1,5.09441,5.09441,5.09441,0.9997285259725857,False,False
3477e494de0e1677418b4764a19e7ba3b12289dd4ce39a5c36b60f52b30dde33,6001215,1024,bits-prefetch,1,256,4,download,30,0.012809999999999998,0.01228825,0.013811,0.9151444184231071,False,False
3477e494de0e1677418b4764a19e7ba3b12289dd4ce39a5c36b60f52b30dde33,6001215,1024,bits-prefetch,1,256,4,operator,30,4.148942,4.1484885,4.150118750000001,0.03627021057416566,False,False
3477e494de0e1677418b4764a19e7ba3b12289dd4ce39a5c36b60f52b30dde33,6001215,1024,bits-prefetch,1,256,4,output_isolated,30,0.0114725,0.0107645,0.011918,3.8869470472869914,False,False
3477e494de0e1677418b4764a19e7ba3b12289dd4ce39a5c36b60f52b30dde33,6001215,1024,bits-prefetch,1,256,4,selection_isolated,30,4.0964220000000005,4.095540999999999,4.0968705,0.015766930262555958,False,False
3477e494de0e1677418b4764a19e7ba3b12289dd4ce39a5c36b60f52b30dde33,6001215,1024,bits-prefetch,1,256,4,transform_isolated,30,0.048053000000000005,0.047771999999999995,0.0482505,0.9650906290970386,False,False
3477e494de0e1677418b4764a19e7ba3b12289dd4ce39a5c36b60f52b30dde33,6001215,1024,bits-prefetch,1,256,4,upload_shared,1,5.096162,5.096162,5.096162,0.9993848311729495,False,False
3477e494de0e1677418b4764a19e7ba3b12289dd4ce39a5c36b60f52b30dde33,6001215,1024,bits-prefetch,1,256,7,download,30,0.012249,0.01159725,0.01303725,0.9570577189974693,False,False
3477e494de0e1677418b4764a19e7ba3b12289dd4ce39a5c36b60f52b30dde33,6001215,1024,bits-prefetch,1,256,7,operator,30,2.873945,2.873224,2.8747535,0.05236112730062684,False,False
3477e494de0e1677418b4764a19e7ba3b12289dd4ce39a5c36b60f52b30dde33,6001215,1024,bits-prefetch,1,256,7,output_isolated,30,0.010516,0.010035,0.01129775,4.240490680867251,False,False
3477e494de0e1677418b4764a19e7ba3b12289dd4ce39a5c36b60f52b30dde33,6001215,1024,bits-prefetch,1,256,7,selection_isolated,30,2.821936,2.82146525,2.822712,0.022887833033775395,False,False
3477e494de0e1677418b4764a19e7ba3b12289dd4ce39a5c36b60f52b30dde33,6001215,1024,bits-prefetch,1,256,7,transform_isolated,30,0.048128000000000004,0.047943,0.048343000000000004,0.9635866855053191,False,False
3477e494de0e1677418b4764a19e7ba3b12289dd4ce39a5c36b60f52b30dde33,6001215,1024,bits-prefetch,1,256,7,upload_shared,1,5.084744000000001,5.084744000000001,5.084744000000001,1.0016289905647167,False,False
3477e494de0e1677418b4764a19e7ba3b12289dd4ce39a5c36b60f52b30dde33,6001215,1024,bits-prefetch,1,256,8,download,30,0.011953,0.011393,0.012554,0.9807579687107839,False,False
3477e494de0e1677418b4764a19e7ba3b12289dd4ce39a5c36b60f52b30dde33,6001215,1024,bits-prefetch,1,256,8,operator,30,2.6929755,2.69238725,2.69357625,0.05587982512280561,False,False
3477e494de0e1677418b4764a19e7ba3b12289dd4ce39a5c36b60f52b30dde33,6001215,1024,bits-prefetch,1,256,8,output_isolated,30,0.010756,0.0101985,0.01132725,4.1458720714020085,False,False
3477e494de0e1677418b4764a19e7ba3b12289dd4ce39a5c36b60f52b30dde33,6001215,1024,bits-prefetch,1,256,8,selection_isolated,30,2.640631,2.6403832499999997,2.6411937500000002,0.024459305370572414,False,False
3477e494de0e1677418b4764a19e7ba3b12289dd4ce39a5c36b60f52b30dde33,6001215,1024,bits-prefetch,1,256,8,transform_isolated,30,0.0479275,0.04772475,0.04820049999999999,0.9676177559856033,False,False
3477e494de0e1677418b4764a19e7ba3b12289dd4ce39a5c36b60f52b30dde33,6001215,1024,bits-prefetch,1,256,8,upload_shared,1,5.021589,5.021589,5.021589,1.0142261742249317,False,False
3477e494de0e1677418b4764a19e7ba3b12289dd4ce39a5c36b60f52b30dde33,6001215,1024,bits-prefetch,1,256,13,download,30,0.011913,0.011419499999999999,0.0127965,0.9840510366826157,False,False
3477e494de0e1677418b4764a19e7ba3b12289dd4ce39a5c36b60f52b30dde33,6001215,1024,bits-prefetch,1,256,13,operator,30,2.2234540000000003,2.22252225,2.2239025000000003,0.06767983506742212,False,False
3477e494de0e1677418b4764a19e7ba3b12289dd4ce39a5c36b60f52b30dde33,6001215,1024,bits-prefetch,1,256,13,output_isolated,30,0.0104055,0.00996075,0.010786,4.2855220796694065,False,False
3477e494de0e1677418b4764a19e7ba3b12289dd4ce39a5c36b60f52b30dde33,6001215,1024,bits-prefetch,1,256,13,selection_isolated,30,2.1710145,2.170434,2.1713975,0.029750146763183757,False,False
3477e494de0e1677418b4764a19e7ba3b12289dd4ce39a5c36b60f52b30dde33,6001215,1024,bits-prefetch,1,256,13,transform_isolated,30,0.048018,0.0478645,0.048202999999999996,0.9657940772210422,False,False
3477e494de0e1677418b4764a19e7ba3b12289dd4ce39a5c36b60f52b30dde33,6001215,1024,bits-prefetch,1,256,13,upload_shared,1,5.08902,5.08902,5.08902,1.0007873814604777,False,False
3477e494de0e1677418b4764a19e7ba3b12289dd4ce39a5c36b60f52b30dde33,6001215,1024,bits-prefetch,1,256,16,download,30,0.011688,0.0112095,0.0125515,1.0029945242984257,False,False
3477e494de0e1677418b4764a19e7ba3b12289dd4ce39a5c36b60f52b30dde33,6001215,1024,bits-prefetch,1,256,16,operator,30,2.132391,2.13141,2.1329495,0.07057007837680801,False,False
3477e494de0e1677418b4764a19e7ba3b12289dd4ce39a5c36b60f52b30dde33,6001215,1024,bits-prefetch,1,256,16,output_isolated,30,0.010120500000000001,0.00981925,0.01073125,4.406205227014476,False,False
3477e494de0e1677418b4764a19e7ba3b12289dd4ce39a5c36b60f52b30dde33,6001215,1024,bits-prefetch,1,256,16,selection_isolated,30,2.0802065,2.0795535,2.0807480000000003,0.0310488405838555,False,False
3477e494de0e1677418b4764a19e7ba3b12289dd4ce39a5c36b60f52b30dde33,6001215,1024,bits-prefetch,1,256,16,transform_isolated,30,0.047867999999999994,0.0477355,0.0481205,0.9688205063925798,False,False
3477e494de0e1677418b4764a19e7ba3b12289dd4ce39a5c36b60f52b30dde33,6001215,1024,bits-prefetch,1,256,16,upload_shared,1,5.005845,5.005845,5.005845,1.017416040648482,False,False
3477e494de0e1677418b4764a19e7ba3b12289dd4ce39a5c36b60f52b30dde33,6001215,1024,bits-prefetch,1,512,4,download,30,0.011903,0.011407249999999999,0.0126915,0.9848777619087625,False,False
3477e494de0e1677418b4764a19e7ba3b12289dd4ce39a5c36b60f52b30dde33,6001215,1024,bits-prefetch,1,512,4,operator,30,2.3284935,2.32775475,2.329785,0.06462676404293162,False,False
3477e494de0e1677418b4764a19e7ba3b12289dd4ce39a5c36b60f52b30dde33,6001215,1024,bits-prefetch,1,512,4,output_isolated,30,0.0103705,0.009970250000000002,0.01084175,4.299985535895088,False,False
3477e494de0e1677418b4764a19e7ba3b12289dd4ce39a5c36b60f52b30dde33,6001215,1024,bits-prefetch,1,512,4,selection_isolated,30,2.2762795000000002,2.27597825,2.2773835,0.02837437142495023,False,False
3477e494de0e1677418b4764a19e7ba3b12289dd4ce39a5c36b60f52b30dde33,6001215,1024,bits-prefetch,1,512,4,transform_isolated,30,0.047943,0.047844500000000005,0.0481005,0.9673049245979601,False,False
3477e494de0e1677418b4764a19e7ba3b12289dd4ce39a5c36b60f52b30dde33,6001215,1024,bits-prefetch,1,512,4,upload_shared,1,5.016121,5.016121,5.016121,1.0153317673158204,False,False
3477e494de0e1677418b4764a19e7ba3b12289dd4ce39a5c36b60f52b30dde33,6001215,1024,bits-prefetch,1,512,7,download,30,0.0115625,0.0112345,0.012224,1.0138810810810812,False,False
3477e494de0e1677418b4764a19e7ba3b12289dd4ce39a5c36b60f52b30dde33,6001215,1024,bits-prefetch,1,512,7,operator,30,1.9231984999999998,1.9225254999999999,1.923575,0.0782462132743968,False,False
3477e494de0e1677418b4764a19e7ba3b12289dd4ce39a5c36b60f52b30dde33,6001215,1024,bits-prefetch,1,512,7,output_isolated,30,0.01015,0.009579,0.010751,4.393399014778327,False,False
3477e494de0e1677418b4764a19e7ba3b12289dd4ce39a5c36b60f52b30dde33,6001215,1024,bits-prefetch,1,512,7,selection_isolated,30,1.8710505,1.87065175,1.871759,0.03451964551464538,False,False
3477e494de0e1677418b4764a19e7ba3b12289dd4ce39a5c36b60f52b30dde33,6001215,1024,bits-prefetch,1,512,7,transform_isolated,30,0.0480375,0.047867999999999994,0.0482305,0.9654020296643248,False,False
3477e494de0e1677418b4764a19e7ba3b12289dd4ce39a5c36b60f52b30dde33,6001215,1024,bits-prefetch,1,512,7,upload_shared,1,5.019035,5.019035,5.019035,1.0147422761546792,False,False
3477e494de0e1677418b4764a19e7ba3b12289dd4ce39a5c36b60f52b30dde33,6001215,1024,bits-prefetch,1,512,8,download,30,0.011452,0.011283000000000001,0.012464,1.023663988822913,False,False
3477e494de0e1677418b4764a19e7ba3b12289dd4ce39a5c36b60f52b30dde33,6001215,1024,bits-prefetch,1,512,8,operator,30,1.8657675,1.86518275,1.866073,0.08065474395925537,False,False
3477e494de0e1677418b4764a19e7ba3b12289dd4ce39a5c36b60f52b30dde33,6001215,1024,bits-prefetch,1,512,8,output_isolated,30,0.01017,0.009875,0.010799499999999998,4.384759095378565,False,False
3477e494de0e1677418b4764a19e7ba3b12289dd4ce39a5c36b60f52b30dde33,6001215,1024,bits-prefetch,1,512,8,selection_isolated,30,1.813853,1.8132879999999998,1.8143715,0.03560817772994835,False,False
3477e494de0e1677418b4764a19e7ba3b12289dd4ce39a5c36b60f52b30dde33,6001215,1024,bits-prefetch,1,512,8,transform_isolated,30,0.048022,0.047943,0.04816775,0.9657136312523427,False,False
3477e494de0e1677418b4764a19e7ba3b12289dd4ce39a5c36b60f52b30dde33,6001215,1024,bits-prefetch,1,512,8,upload_shared,1,4.994608,4.994608,4.994608,1.01970504992584,False,False
3477e494de0e1677418b4764a19e7ba3b12289dd4ce39a5c36b60f52b30dde33,6001215,1024,bits-prefetch,1,512,13,download,30,0.0115525,0.01104175,0.0121405,1.0147587102358797,True,False
3477e494de0e1677418b4764a19e7ba3b12289dd4ce39a5c36b60f52b30dde33,6001215,1024,bits-prefetch,1,512,13,operator,30,1.5663679999999998,1.5657205,1.566809,0.09607129359128891,True,False
3477e494de0e1677418b4764a19e7ba3b12289dd4ce39a5c36b60f52b30dde33,6001215,1024,bits-prefetch,1,512,13,output_isolated,30,0.010156,0.009725,0.010496,4.390803465931469,True,False
3477e494de0e1677418b4764a19e7ba3b12289dd4ce39a5c36b60f52b30dde33,6001215,1024,bits-prefetch,1,512,13,selection_isolated,30,1.51443,1.51395175,1.5149135,0.04264838916291939,True,False
3477e494de0e1677418b4764a19e7ba3b12289dd4ce39a5c36b60f52b30dde33,6001215,1024,bits-prefetch,1,512,13,transform_isolated,30,0.048003000000000004,0.04786525,0.0481905,0.9660958690081869,True,False
3477e494de0e1677418b4764a19e7ba3b12289dd4ce39a5c36b60f52b30dde33,6001215,1024,bits-prefetch,1,512,13,upload_shared,1,5.013046,5.013046,5.013046,1.0159545713324794,True,False
3477e494de0e1677418b4764a19e7ba3b12289dd4ce39a5c36b60f52b30dde33,6001215,1024,bits-prefetch,1,512,16,download,30,0.012083,0.01137525,0.01230825,0.9702060746503353,False,False
3477e494de0e1677418b4764a19e7ba3b12289dd4ce39a5c36b60f52b30dde33,6001215,1024,bits-prefetch,1,512,16,operator,30,1.6483125,1.647762,1.64917375,0.0912951882607212,False,False
3477e494de0e1677418b4764a19e7ba3b12289dd4ce39a5c36b60f52b30dde33,6001215,1024,bits-prefetch,1,512,16,output_isolated,30,0.0100905,0.00973425,0.010616,4.419305287151281,False,False
3477e494de0e1677418b4764a19e7ba3b12289dd4ce39a5c36b60f52b30dde33,6001215,1024,bits-prefetch,1,512,16,selection_isolated,30,1.5937904999999999,1.59322675,1.59417575,0.04052477411554405,False,False
3477e494de0e1677418b4764a19e7ba3b12289dd4ce39a5c36b60f52b30dde33,6001215,1024,bits-prefetch,1,512,16,transform_isolated,30,0.0478675,0.04774525,0.0481155,0.968830626207761,False,False
3477e494de0e1677418b4764a19e7ba3b12289dd4ce39a5c36b60f52b30dde33,6001215,1024,bits-prefetch,1,512,16,upload_shared,1,5.093027,5.093027,5.093027,1.0,False,False
3477e494de0e1677418b4764a19e7ba3b12289dd4ce39a5c36b60f52b30dde33,6001215,1024,bits-sq,8,128,4,download,30,0.0115675,0.01099925,0.012023250000000001,1.0134428355305816,False,False
3477e494de0e1677418b4764a19e7ba3b12289dd4ce39a5c36b60f52b30dde33,6001215,1024,bits-sq,8,128,4,operator,30,1.3388185,1.3382047499999998,1.339585,0.1123998510627094,False,False
3477e494de0e1677418b4764a19e7ba3b12289dd4ce39a5c36b60f52b30dde33,6001215,1024,bits-sq,8,128,4,output_isolated,30,0.009694000000000001,0.009601750000000001,0.01,4.600061893955024,False,False
3477e494de0e1677418b4764a19e7ba3b12289dd4ce39a5c36b60f52b30dde33,6001215,1024,bits-sq,8,128,4,selection_isolated,30,1.2873155,1.286695,1.287621,0.05017262667931832,False,False
3477e494de0e1677418b4764a19e7ba3b12289dd4ce39a5c36b60f52b30dde33,6001215,1024,bits-sq,8,128,4,transform_isolated,30,0.0479875,0.04782275,0.048228,0.9664079187288356,False,False
3477e494de0e1677418b4764a19e7ba3b12289dd4ce39a5c36b60f52b30dde33,6001215,1024,bits-sq,8,128,4,upload_shared,1,5.092626999999999,5.092626999999999,5.092626999999999,1.0000785449238676,False,False
3477e494de0e1677418b4764a19e7ba3b12289dd4ce39a5c36b60f52b30dde33,6001215,1024,bits-sq,8,128,7,download,30,0.011452,0.011112,0.011678000000000001,1.023663988822913,False,False
3477e494de0e1677418b4764a19e7ba3b12289dd4ce39a5c36b60f52b30dde33,6001215,1024,bits-sq,8,128,7,operator,30,1.138249,1.137599,1.1389535,0.13220569488749825,False,False
3477e494de0e1677418b4764a19e7ba3b12289dd4ce39a5c36b60f52b30dde33,6001215,1024,bits-sq,8,128,7,output_isolated,30,0.009764499999999999,0.00943675,0.01008325,4.566849301039481,False,False
3477e494de0e1677418b4764a19e7ba3b12289dd4ce39a5c36b60f52b30dde33,6001215,1024,bits-sq,8,128,7,selection_isolated,30,1.0866865,1.08650675,1.08710025,0.059435725022810165,False,False
3477e494de0e1677418b4764a19e7ba3b12289dd4ce39a5c36b60f52b30dde33,6001215,1024,bits-sq,8,128,7,transform_isolated,30,0.048013,0.0478855,0.04819324999999999,0.9658946535313353,False,False
3477e494de0e1677418b4764a19e7ba3b12289dd4ce39a5c36b60f52b30dde33,6001215,1024,bits-sq,8,128,7,upload_shared,1,5.016921,5.016921,5.016921,1.0151698621525036,False,False
3477e494de0e1677418b4764a19e7ba3b12289dd4ce39a5c36b60f52b30dde33,6001215,1024,bits-sq,8,128,8,download,30,0.011532,0.011182750000000002,0.011798,1.016562608394034,False,False
3477e494de0e1677418b4764a19e7ba3b12289dd4ce39a5c36b60f52b30dde33,6001215,1024,bits-sq,8,128,8,operator,30,1.283229,1.2822105,1.28379575,0.11726901433804879,False,False
3477e494de0e1677418b4764a19e7ba3b12289dd4ce39a5c36b60f52b30dde33,6001215,1024,bits-sq,8,128,8,output_isolated,30,0.00964,0.009316499999999998,0.009970000000000001,4.625829875518673,False,False
3477e494de0e1677418b4764a19e7ba3b12289dd4ce39a5c36b60f52b30dde33,6001215,1024,bits-sq,8,128,8,selection_isolated,30,1.231481,1.2308702500000002,1.2318612500000001,0.05244741900199841,False,False
3477e494de0e1677418b4764a19e7ba3b12289dd4ce39a5c36b60f52b30dde33,6001215,1024,bits-sq,8,128,8,transform_isolated,30,0.047947000000000004,0.047768,0.0481105,0.9672242267503701,False,False
3477e494de0e1677418b4764a19e7ba3b12289dd4ce39a5c36b60f52b30dde33,6001215,1024,bits-sq,8,128,8,upload_shared,1,5.0887709999999995,5.0887709999999995,5.0887709999999995,1.0008363512525913,False,False
3477e494de0e1677418b4764a19e7ba3b12289dd4ce39a5c36b60f52b30dde33,6001215,1024,bits-sq,8,128,13,download,30,0.0116175,0.011307,0.0121455,1.0090811276092104,False,False
3477e494de0e1677418b4764a19e7ba3b12289dd4ce39a5c36b60f52b30dde33,6001215,1024,bits-sq,8,128,13,operator,30,1.216088,1.2152667499999998,1.2169315000000003,0.12374351198268546,False,False
3477e494de0e1677418b4764a19e7ba3b12289dd4ce39a5c36b60f52b30dde33,6001215,1024,bits-sq,8,128,13,output_isolated,30,0.009594,0.009298999999999998,0.009787500000000001,4.6480091723994175,False,False
3477e494de0e1677418b4764a19e7ba3b12289dd4ce39a5c36b60f52b30dde33,6001215,1024,bits-sq,8,128,13,selection_isolated,30,1.1650855,1.1646450000000002,1.165321,0.05543627484849825,False,False
3477e494de0e1677418b4764a19e7ba3b12289dd4ce39a5c36b60f52b30dde33,6001215,1024,bits-sq,8,128,13,transform_isolated,30,0.0479175,0.047787750000000004,0.0483355,0.9678196900923461,False,False
3477e494de0e1677418b4764a19e7ba3b12289dd4ce39a5c36b60f52b30dde33,6001215,1024,bits-sq,8,128,13,upload_shared,1,5.082581,5.082581,5.082581,1.0020552549974118,False,False
3477e494de0e1677418b4764a19e7ba3b12289dd4ce39a5c36b60f52b30dde33,6001215,1024,bits-sq,8,128,16,download,30,0.011422999999999999,0.0111845,0.0119655,1.0262628031165195,False,False
3477e494de0e1677418b4764a19e7ba3b12289dd4ce39a5c36b60f52b30dde33,6001215,1024,bits-sq,8,128,16,operator,30,1.18426,1.1834612500000001,1.18457,0.12706922466350296,False,False
3477e494de0e1677418b4764a19e7ba3b12289dd4ce39a5c36b60f52b30dde33,6001215,1024,bits-sq,8,128,16,output_isolated,30,0.009444,0.009139,0.00972975,4.72183396865735,False,False
3477e494de0e1677418b4764a19e7ba3b12289dd4ce39a5c36b60f52b30dde33,6001215,1024,bits-sq,8,128,16,selection_isolated,30,1.1324505,1.1319575,1.13296375,0.05703383944817014,False,False
3477e494de0e1677418b4764a19e7ba3b12289dd4ce39a5c36b60f52b30dde33,6001215,1024,bits-sq,8,128,16,transform_isolated,30,0.048022499999999996,0.047854749999999995,0.048183000000000004,0.9657035764485399,False,False
3477e494de0e1677418b4764a19e7ba3b12289dd4ce39a5c36b60f52b30dde33,6001215,1024,bits-sq,8,128,16,upload_shared,1,5.09441,5.09441,5.09441,0.9997285259725857,False,False
3477e494de0e1677418b4764a19e7ba3b12289dd4ce39a5c36b60f52b30dde33,6001215,1024,bits-sq,8,256,4,download,30,0.011102,0.0107135,0.0114295,1.0559358674112773,False,False
3477e494de0e1677418b4764a19e7ba3b12289dd4ce39a5c36b60f52b30dde33,6001215,1024,bits-sq,8,256,4,operator,30,0.8700785,0.86937525,0.870534,0.1729533599554523,False,False
3477e494de0e1677418b4764a19e7ba3b12289dd4ce39a5c36b60f52b30dde33,6001215,1024,bits-sq,8,256,4,output_isolated,30,0.0095195,0.009278999999999999,0.0097575,4.684384684069542,False,False
3477e494de0e1677418b4764a19e7ba3b12289dd4ce39a5c36b60f52b30dde33,6001215,1024,bits-sq,8,256,4,selection_isolated,30,0.8186055,0.818135,0.8187807500000001,0.07890003182241019,False,False
3477e494de0e1677418b4764a19e7ba3b12289dd4ce39a5c36b60f52b30dde33,6001215,1024,bits-sq,8,256,4,transform_isolated,30,0.048083,0.047977750000000007,0.048295500000000005,0.964488488655034,False,False
3477e494de0e1677418b4764a19e7ba3b12289dd4ce39a5c36b60f52b30dde33,6001215,1024,bits-sq,8,256,4,upload_shared,1,5.096162,5.096162,5.096162,0.9993848311729495,False,False
3477e494de0e1677418b4764a19e7ba3b12289dd4ce39a5c36b60f52b30dde33,6001215,1024,bits-sq,8,256,7,download,30,0.011157,0.0107295,0.011623,1.0507304831047772,False,False
3477e494de0e1677418b4764a19e7ba3b12289dd4ce39a5c36b60f52b30dde33,6001215,1024,bits-sq,8,256,7,operator,30,0.7458955,0.7456075,0.7467509999999999,0.20174810010249425,False,False
3477e494de0e1677418b4764a19e7ba3b12289dd4ce39a5c36b60f52b30dde33,6001215,1024,bits-sq,8,256,7,output_isolated,30,0.0095,0.009199,0.0096125,4.694000000000001,False,False
3477e494de0e1677418b4764a19e7ba3b12289dd4ce39a5c36b60f52b30dde33,6001215,1024,bits-sq,8,256,7,selection_isolated,30,0.6945675,0.694312,0.6950205,0.09299024212909474,False,False
3477e494de0e1677418b4764a19e7ba3b12289dd4ce39a5c36b60f52b30dde33,6001215,1024,bits-sq,8,256,7,transform_isolated,30,0.04797800000000001,0.0478895,0.04809050000000001,0.9665992746675558,False,False
3477e494de0e1677418b4764a19e7ba3b12289dd4ce39a5c36b60f52b30dde33,6001215,1024,bits-sq,8,256,7,upload_shared,1,5.084744000000001,5.084744000000001,5.084744000000001,1.0016289905647167,False,False
3477e494de0e1677418b4764a19e7ba3b12289dd4ce39a5c36b60f52b30dde33,6001215,1024,bits-sq,8,256,8,download,30,0.0110015,0.0105685,0.011345250000000001,1.0655819660955324,False,False
3477e494de0e1677418b4764a19e7ba3b12289dd4ce39a5c36b60f52b30dde33,6001215,1024,bits-sq,8,256,8,operator,30,0.689821,0.689244,0.6903709999999998,0.21814789633832546,False,False
3477e494de0e1677418b4764a19e7ba3b12289dd4ce39a5c36b60f52b30dde33,6001215,1024,bits-sq,8,256,8,output_isolated,30,0.009199,0.009088249999999999,0.00944975,4.8475921295793025,False,False
3477e494de0e1677418b4764a19e7ba3b12289dd4ce39a5c36b60f52b30dde33,6001215,1024,bits-sq,8,256,8,selection_isolated,30,0.6387625,0.6384872500000001,0.6392964999999999,0.10111426390872978,False,False
3477e494de0e1677418b4764a19e7ba3b12289dd4ce39a5c36b60f52b30dde33,6001215,1024,bits-sq,8,256,8,transform_isolated,30,0.048163,0.04806225,0.0482755,0.9628864481033159,False,False
3477e494de0e1677418b4764a19e7ba3b12289dd4ce39a5c36b60f52b30dde33,6001215,1024,bits-sq,8,256,8,upload_shared,1,5.021589,5.021589,5.021589,1.0142261742249317,False,False
3477e494de0e1677418b4764a19e7ba3b12289dd4ce39a5c36b60f52b30dde33,6001215,1024,bits-sq,8,256,13,download,30,0.011052,0.010655999999999999,0.011247,1.0607129931234167,False,False
3477e494de0e1677418b4764a19e7ba3b12289dd4ce39a5c36b60f52b30dde33,6001215,1024,bits-sq,8,256,13,operator,30,0.6180915,0.6174634999999999,0.618898,0.24346395315256722,False,False
3477e494de0e1677418b4764a19e7ba3b12289dd4ce39a5c36b60f52b30dde33,6001215,1024,bits-sq,8,256,13,output_isolated,30,0.009304,0.0091515,0.0097065,4.792884780739468,False,False
3477e494de0e1677418b4764a19e7ba3b12289dd4ce39a5c36b60f52b30dde33,6001215,1024,bits-sq,8,256,13,selection_isolated,30,0.566824,0.566488,0.567219,0.11394718642823876,False,False
3477e494de0e1677418b4764a19e7ba3b12289dd4ce39a5c36b60f52b30dde33,6001215,1024,bits-sq,8,256,13,transform_isolated,30,0.04804800000000001,0.04782474999999999,0.04822525,0.9651910589410588,False,False
3477e494de0e1677418b4764a19e7ba3b12289dd4ce39a5c36b60f52b30dde33,6001215,1024,bits-sq,8,256,13,upload_shared,1,5.08902,5.08902,5.08902,1.0007873814604777,False,False
3477e494de0e1677418b4764a19e7ba3b12289dd4ce39a5c36b60f52b30dde33,6001215,1024,bits-sq,8,256,16,download,30,0.0113925,0.010814250000000001,0.01187275,1.0290103138029407,False,False
3477e494de0e1677418b4764a19e7ba3b12289dd4ce39a5c36b60f52b30dde33,6001215,1024,bits-sq,8,256,16,operator,30,0.6307305000000001,0.630115,0.6314295,0.23858525947294446,False,False
3477e494de0e1677418b4764a19e7ba3b12289dd4ce39a5c36b60f52b30dde33,6001215,1024,bits-sq,8,256,16,output_isolated,30,0.009209,0.00894375,0.009432250000000001,4.842328157237485,False,False
3477e494de0e1677418b4764a19e7ba3b12289dd4ce39a5c36b60f52b30dde33,6001215,1024,bits-sq,8,256,16,selection_isolated,30,0.5796735,0.5792855,0.5801915,0.11142134322165842,False,False
3477e494de0e1677418b4764a19e7ba3b12289dd4ce39a5c36b60f52b30dde33,6001215,1024,bits-sq,8,256,16,transform_isolated,30,0.048068,0.04791474999999999,0.04821075,0.96478946492469,False,False
3477e494de0e1677418b4764a19e7ba3b12289dd4ce39a5c36b60f52b30dde33,6001215,1024,bits-sq,8,256,16,upload_shared,1,5.005845,5.005845,5.005845,1.017416040648482,False,False
3477e494de0e1677418b4764a19e7ba3b12289dd4ce39a5c36b60f52b30dde33,6001215,1024,bits-sq,8,512,4,download,30,0.0114025,0.011194499999999998,0.011910500000000001,1.0281078710809035,False,False
3477e494de0e1677418b4764a19e7ba3b12289dd4ce39a5c36b60f52b30dde33,6001215,1024,bits-sq,8,512,4,operator,30,0.5545755,0.5542297500000001,0.5553085,0.2713480851570255,False,False
3477e494de0e1677418b4764a19e7ba3b12289dd4ce39a5c36b60f52b30dde33,6001215,1024,bits-sq,8,512,4,output_isolated,30,0.009229000000000001,0.009113999999999999,0.00954975,4.831834434933363,False,False
3477e494de0e1677418b4764a19e7ba3b12289dd4ce39a5c36b60f52b30dde33,6001215,1024,bits-sq,8,512,4,selection_isolated,30,0.5033829999999999,0.5029177499999999,0.503623,0.12830786895862598,False,False
3477e494de0e1677418b4764a19e7ba3b12289dd4ce39a5c36b60f52b30dde33,6001215,1024,bits-sq,8,512,4,transform_isolated,30,0.048158,0.04800025,0.048298,0.9629864197018149,False,False
3477e494de0e1677418b4764a19e7ba3b12289dd4ce39a5c36b60f52b30dde33,6001215,1024,bits-sq,8,512,4,upload_shared,1,5.016121,5.016121,5.016121,1.0153317673158204,False,False
3477e494de0e1677418b4764a19e7ba3b12289dd4ce39a5c36b60f52b30dde33,6001215,1024,bits-sq,8,512,7,download,30,0.0111165,0.010797000000000001,0.011618,1.0545585391085324,False,False
3477e494de0e1677418b4764a19e7ba3b12289dd4ce39a5c36b60f52b30dde33,6001215,1024,bits-sq,8,512,7,operator,30,0.488896,0.4884325,0.48923674999999994,0.30780165924859276,False,False
3477e494de0e1677418b4764a19e7ba3b12289dd4ce39a5c36b60f52b30dde33,6001215,1024,bits-sq,8,512,7,output_isolated,30,0.009224,0.0091005,0.009506500000000001,4.834453599306159,False,False
3477e494de0e1677418b4764a19e7ba3b12289dd4ce39a5c36b60f52b30dde33,6001215,1024,bits-sq,8,512,7,selection_isolated,30,0.43713250000000003,0.4366995,0.43763300000000005,0.14775382750081498,False,False
3477e494de0e1677418b4764a19e7ba3b12289dd4ce39a5c36b60f52b30dde33,6001215,1024,bits-sq,8,512,7,transform_isolated,30,0.048058000000000003,0.0478155,0.048195499999999995,0.9649902201506513,False,False
3477e494de0e1677418b4764a19e7ba3b12289dd4ce39a5c36b60f52b30dde33,6001215,1024,bits-sq,8,512,7,upload_shared,1,5.019035,5.019035,5.019035,1.0147422761546792,False,False
3477e494de0e1677418b4764a19e7ba3b12289dd4ce39a5c36b60f52b30dde33,6001215,1024,bits-sq,8,512,8,download,30,0.011107,0.010786249999999999,0.011252,1.0554605203925453,False,False
3477e494de0e1677418b4764a19e7ba3b12289dd4ce39a5c36b60f52b30dde33,6001215,1024,bits-sq,8,512,8,operator,30,0.474619,0.47417075,0.47511475,0.3170606317909734,False,False
3477e494de0e1677418b4764a19e7ba3b12289dd4ce39a5c36b60f52b30dde33,6001215,1024,bits-sq,8,512,8,output_isolated,30,0.009259,0.0090965,0.0094615,4.8161788530078855,False,False
3477e494de0e1677418b4764a19e7ba3b12289dd4ce39a5c36b60f52b30dde33,6001215,1024,bits-sq,8,512,8,selection_isolated,30,0.4235115,0.42318425,0.423797,0.15250589417288551,False,False
3477e494de0e1677418b4764a19e7ba3b12289dd4ce39a5c36b60f52b30dde33,6001215,1024,bits-sq,8,512,8,transform_isolated,30,0.048083,0.04798050000000001,0.0482855,0.964488488655034,False,False
3477e494de0e1677418b4764a19e7ba3b12289dd4ce39a5c36b60f52b30dde33,6001215,1024,bits-sq,8,512,8,upload_shared,1,4.994608,4.994608,4.994608,1.01970504992584,False,False
3477e494de0e1677418b4764a19e7ba3b12289dd4ce39a5c36b60f52b30dde33,6001215,1024,bits-sq,8,512,13,download,30,0.011167,0.010827,0.011607,1.0497895585206412,False,False
3477e494de0e1677418b4764a19e7ba3b12289dd4ce39a5c36b60f52b30dde33,6001215,1024,bits-sq,8,512,13,operator,30,0.483843,0.48319525,0.48434299999999997,0.3110161767350153,False,False
3477e494de0e1677418b4764a19e7ba3b12289dd4ce39a5c36b60f52b30dde33,6001215,1024,bits-sq,8,512,13,output_isolated,30,0.009323999999999999,0.00906075,0.0096825,4.782604032604034,False,False
3477e494de0e1677418b4764a19e7ba3b12289dd4ce39a5c36b60f52b30dde33,6001215,1024,bits-sq,8,512,13,selection_isolated,30,0.432335,0.43202999999999997,0.43257275,0.1493934102027363,False,False
3477e494de0e1677418b4764a19e7ba3b12289dd4ce39a5c36b60f52b30dde33,6001215,1024,bits-sq,8,512,13,transform_isolated,30,0.0480325,0.047858,0.048113,0.9655025243324833,False,False
3477e494de0e1677418b4764a19e7ba3b12289dd4ce39a5c36b60f52b30dde33,6001215,1024,bits-sq,8,512,13,upload_shared,1,5.013046,5.013046,5.013046,1.0159545713324794,False,False
3477e494de0e1677418b4764a19e7ba3b12289dd4ce39a5c36b60f52b30dde33,6001215,1024,bits-sq,8,512,16,download,30,0.011231999999999999,0.010728500000000002,0.01163525,1.0437143874643877,False,False
3477e494de0e1677418b4764a19e7ba3b12289dd4ce39a5c36b60f52b30dde33,6001215,1024,bits-sq,8,512,16,operator,30,0.497474,0.49696549999999995,0.4981725,0.3024942007019462,False,False
3477e494de0e1677418b4764a19e7ba3b12289dd4ce39a5c36b60f52b30dde33,6001215,1024,bits-sq,8,512,16,output_isolated,30,0.009179,0.00901875,0.009556499999999999,4.858154483059158,False,False
3477e494de0e1677418b4764a19e7ba3b12289dd4ce39a5c36b60f52b30dde33,6001215,1024,bits-sq,8,512,16,selection_isolated,30,0.44584100000000004,0.445641,0.446752,0.14486778918941956,False,False
3477e494de0e1677418b4764a19e7ba3b12289dd4ce39a5c36b60f52b30dde33,6001215,1024,bits-sq,8,512,16,transform_isolated,30,0.047922,0.04768225,0.04808975,0.9677288093151372,False,False
3477e494de0e1677418b4764a19e7ba3b12289dd4ce39a5c36b60f52b30dde33,6001215,1024,bits-sq,8,512,16,upload_shared,1,5.093027,5.093027,5.093027,1.0,False,False
3477e494de0e1677418b4764a19e7ba3b12289dd4ce39a5c36b60f52b30dde33,6001215,1024,bits-sq,32,128,4,download,30,0.011297000000000001,0.0106835,0.011768,1.037709126316721,False,False
3477e494de0e1677418b4764a19e7ba3b12289dd4ce39a5c36b60f52b30dde33,6001215,1024,bits-sq,32,128,4,operator,30,0.6944625,0.693586,0.694963,0.21668988606296238,False,False
3477e494de0e1677418b4764a19e7ba3b12289dd4ce39a5c36b60f52b30dde33,6001215,1024,bits-sq,32,128,4,output_isolated,30,0.009489000000000001,0.00922675,0.00987825,4.699441458530931,False,False
3477e494de0e1677418b4764a19e7ba3b12289dd4ce39a5c36b60f52b30dde33,6001215,1024,bits-sq,32,128,4,selection_isolated,30,0.6437255,0.643195,0.6441885,0.10033469234945643,False,False
3477e494de0e1677418b4764a19e7ba3b12289dd4ce39a5c36b60f52b30dde33,6001215,1024,bits-sq,32,128,4,transform_isolated,30,0.0477875,0.047646999999999995,0.04795050000000001,0.970452524195658,False,False
3477e494de0e1677418b4764a19e7ba3b12289dd4ce39a5c36b60f52b30dde33,6001215,1024,bits-sq,32,128,4,upload_shared,1,5.107248,5.107248,5.107248,0.9972155258565866,False,False
3477e494de0e1677418b4764a19e7ba3b12289dd4ce39a5c36b60f52b30dde33,6001215,1024,bits-sq,32,128,7,download,30,0.011182000000000001,0.010913750000000002,0.011696999999999999,1.0483813271328921,False,False
3477e494de0e1677418b4764a19e7ba3b12289dd4ce39a5c36b60f52b30dde33,6001215,1024,bits-sq,32,128,7,operator,30,0.641797,0.641111,0.6420804999999999,0.23447133595202224,False,False
3477e494de0e1677418b4764a19e7ba3b12289dd4ce39a5c36b60f52b30dde33,6001215,1024,bits-sq,32,128,7,output_isolated,30,0.009364500000000001,0.009169,0.009955,4.761920017085803,False,False
3477e494de0e1677418b4764a19e7ba3b12289dd4ce39a5c36b60f52b30dde33,6001215,1024,bits-sq,32,128,7,selection_isolated,30,0.5901540000000001,0.5898365,0.5912457499999999,0.10944262006188216,False,False
3477e494de0e1677418b4764a19e7ba3b12289dd4ce39a5c36b60f52b30dde33,6001215,1024,bits-sq,32,128,7,transform_isolated,30,0.0479325,0.04775775000000001,0.048048,0.9675168205288687,False,False
3477e494de0e1677418b4764a19e7ba3b12289dd4ce39a5c36b60f52b30dde33,6001215,1024,bits-sq,32,128,7,upload_shared,1,5.014068,5.014068,5.014068,1.0157474928541057,False,False
3477e494de0e1677418b4764a19e7ba3b12289dd4ce39a5c36b60f52b30dde33,6001215,1024,bits-sq,32,128,8,download,30,0.0112425,0.010818749999999999,0.011622,1.0427396041805648,False,False
3477e494de0e1677418b4764a19e7ba3b12289dd4ce39a5c36b60f52b30dde33,6001215,1024,bits-sq,32,128,8,operator,30,0.7101655,0.7095400000000001,0.7107345,0.2118984940834214,False,False
3477e494de0e1677418b4764a19e7ba3b12289dd4ce39a5c36b60f52b30dde33,6001215,1024,bits-sq,32,128,8,output_isolated,30,0.0096245,0.009349,0.00977975,4.633279650890956,False,False
3477e494de0e1677418b4764a19e7ba3b12289dd4ce39a5c36b60f52b30dde33,6001215,1024,bits-sq,32,128,8,selection_isolated,30,0.6590185,0.658598,0.6597715000000001,0.0980063533876515,False,False
3477e494de0e1677418b4764a19e7ba3b12289dd4ce39a5c36b60f52b30dde33,6001215,1024,bits-sq,32,128,8,transform_isolated,30,0.0479075,0.047687749999999994,0.04803275,0.9680217085007566,False,False
3477e494de0e1677418b4764a19e7ba3b12289dd4ce39a5c36b60f52b30dde33,6001215,1024,bits-sq,32,128,8,upload_shared,1,5.025184,5.025184,5.025184,1.0135006001770284,False,False
3477e494de0e1677418b4764a19e7ba3b12289dd4ce39a5c36b60f52b30dde33,6001215,1024,bits-sq,32,128,13,download,30,0.0114625,0.011109500000000001,0.01180525,1.0227262813522355,False,False
3477e494de0e1677418b4764a19e7ba3b12289dd4ce39a5c36b60f52b30dde33,6001215,1024,bits-sq,32,128,13,operator,30,0.6696195,0.66880575,0.670496,0.2247291185516551,False,False
3477e494de0e1677418b4764a19e7ba3b12289dd4ce39a5c36b60f52b30dde33,6001215,1024,bits-sq,32,128,13,output_isolated,30,0.0093595,0.009204,0.009885,4.764463913670603,False,False
3477e494de0e1677418b4764a19e7ba3b12289dd4ce39a5c36b60f52b30dde33,6001215,1024,bits-sq,32,128,13,selection_isolated,30,0.6187579999999999,0.6182570000000001,0.619478,0.10438329686242442,False,False
3477e494de0e1677418b4764a19e7ba3b12289dd4ce39a5c36b60f52b30dde33,6001215,1024,bits-sq,32,128,13,transform_isolated,30,0.047702,0.047521999999999995,0.047849749999999996,0.9721919416376672,False,False
3477e494de0e1677418b4764a19e7ba3b12289dd4ce39a5c36b60f52b30dde33,6001215,1024,bits-sq,32,128,13,upload_shared,1,5.043793,5.043793,5.043793,1.0097613046372047,False,False
3477e494de0e1677418b4764a19e7ba3b12289dd4ce39a5c36b60f52b30dde33,6001215,1024,bits-sq,32,128,16,download,30,0.011297499999999999,0.01103175,0.011634499999999999,1.03766319982297,False,False
3477e494de0e1677418b4764a19e7ba3b12289dd4ce39a5c36b60f52b30dde33,6001215,1024,bits-sq,32,128,16,operator,30,0.664412,0.66358575,0.6653629999999999,0.22649049084002096,False,False
3477e494de0e1677418b4764a19e7ba3b12289dd4ce39a5c36b60f52b30dde33,6001215,1024,bits-sq,32,128,16,output_isolated,30,0.009339,0.0091615,0.00962725,4.7749223685619455,False,False
3477e494de0e1677418b4764a19e7ba3b12289dd4ce39a5c36b60f52b30dde33,6001215,1024,bits-sq,32,128,16,selection_isolated,30,0.6130439999999999,0.61261575,0.61356475,0.1053562223918675,False,False
3477e494de0e1677418b4764a19e7ba3b12289dd4ce39a5c36b60f52b30dde33,6001215,1024,bits-sq,32,128,16,transform_isolated,30,0.0477625,0.04764525,0.047849749999999996,0.9709604815493327,False,False
3477e494de0e1677418b4764a19e7ba3b12289dd4ce39a5c36b60f52b30dde33,6001215,1024,bits-sq,32,128,16,upload_shared,1,5.084854,5.084854,5.084854,1.0016073224521294,False,False
3477e494de0e1677418b4764a19e7ba3b12289dd4ce39a5c36b60f52b30dde33,6001215,1024,bits-sq,32,256,4,download,30,0.011247,0.01064175,0.012538999999999998,1.0423223970836668,False,False
3477e494de0e1677418b4764a19e7ba3b12289dd4ce39a5c36b60f52b30dde33,6001215,1024,bits-sq,32,256,4,operator,30,0.45643599999999995,0.45604775,0.45758875,0.329691347746453,False,False
3477e494de0e1677418b4764a19e7ba3b12289dd4ce39a5c36b60f52b30dde33,6001215,1024,bits-sq,32,256,4,output_isolated,30,0.0093295,0.009129,0.009754750000000001,4.779784554370546,False,False
3477e494de0e1677418b4764a19e7ba3b12289dd4ce39a5c36b60f52b30dde33,6001215,1024,bits-sq,32,256,4,selection_isolated,30,0.405499,0.405154,0.40586475,0.15928029415608919,False,False
3477e494de0e1677418b4764a19e7ba3b12289dd4ce39a5c36b60f52b30dde33,6001215,1024,bits-sq,32,256,4,transform_isolated,30,0.047892000000000004,0.047753000000000004,0.048028,0.9683350037584565,False,False
3477e494de0e1677418b4764a19e7ba3b12289dd4ce39a5c36b60f52b30dde33,6001215,1024,bits-sq,32,256,4,upload_shared,1,5.04145,5.04145,5.04145,1.0102305884219818,False,False
3477e494de0e1677418b4764a19e7ba3b12289dd4ce39a5c36b60f52b30dde33,6001215,1024,bits-sq,32,256,7,download,30,0.011147,0.010746,0.01158225,1.0516730959002423,False,False
3477e494de0e1677418b4764a19e7ba3b12289dd4ce39a5c36b60f52b30dde33,6001215,1024,bits-sq,32,256,7,operator,30,0.41835350000000004,0.4175605,0.42033950000000003,0.35970297846199445,False,False
3477e494de0e1677418b4764a19e7ba3b12289dd4ce39a5c36b60f52b30dde33,6001215,1024,bits-sq,32,256,7,output_isolated,30,0.009298999999999998,0.00910825,0.00984,4.795461877621252,False,False
3477e494de0e1677418b4764a19e7ba3b12289dd4ce39a5c36b60f52b30dde33,6001215,1024,bits-sq,32,256,7,selection_isolated,30,0.36856849999999997,0.36690849999999997,0.36976074999999997,0.1752401521019838,False,False
3477e494de0e1677418b4764a19e7ba3b12289dd4ce39a5c36b60f52b30dde33,6001215,1024,bits-sq,32,256,7,transform_isolated,30,0.0478875,0.04772950000000001,0.0481655,0.9684259984338293,False,False
3477e494de0e1677418b4764a19e7ba3b12289dd4ce39a5c36b60f52b30dde33,6001215,1024,bits-sq,32,256,7,upload_shared,1,5.102291,5.102291,5.102291,0.998184345032457,False,False
3477e494de0e1677418b4764a19e7ba3b12289dd4ce39a5c36b60f52b30dde33,6001215,1024,bits-sq,32,256,8,download,30,0.011282,0.011021999999999999,0.011588,1.0390888140400638,False,False
3477e494de0e1677418b4764a19e7ba3b12289dd4ce39a5c36b60f52b30dde33,6001215,1024,bits-sq,32,256,8,operator,30,0.410482,0.41016175,0.4110155,0.3666007279247324,False,False
3477e494de0e1677418b4764a19e7ba3b12289dd4ce39a5c36b60f52b30dde33,6001215,1024,bits-sq,32,256,8,output_isolated,30,0.009184000000000001,0.009046499999999999,0.009419,4.855509581881534,False,False
3477e494de0e1677418b4764a19e7ba3b12289dd4ce39a5c36b60f52b30dde33,6001215,1024,bits-sq,32,256,8,selection_isolated,30,0.35941449999999997,0.359144,0.359765,0.17970337868950756,False,False
3477e494de0e1677418b4764a19e7ba3b12289dd4ce39a5c36b60f52b30dde33,6001215,1024,bits-sq,32,256,8,transform_isolated,30,0.047963,0.04772225,0.0480205,0.9669015699601776,False,False
3477e494de0e1677418b4764a19e7ba3b12289dd4ce39a5c36b60f52b30dde33,6001215,1024,bits-sq,32,256,8,upload_shared,1,5.083143,5.083143,5.083143,1.0019444662485397,False,False
3477e494de0e1677418b4764a19e7ba3b12289dd4ce39a5c36b60f52b30dde33,6001215,1024,bits-sq,32,256,13,download,30,0.011087,0.010665999999999998,0.01163775,1.0573644809236042,False,False
3477e494de0e1677418b4764a19e7ba3b12289dd4ce39a5c36b60f52b30dde33,6001215,1024,bits-sq,32,256,13,operator,30,0.3987945,0.397828,0.39924424999999997,0.3773447226579103,False,False
3477e494de0e1677418b4764a19e7ba3b12289dd4ce39a5c36b60f52b30dde33,6001215,1024,bits-sq,32,256,13,output_isolated,30,0.009299,0.0091315,0.009505,4.795461877621251,False,False
3477e494de0e1677418b4764a19e7ba3b12289dd4ce39a5c36b60f52b30dde33,6001215,1024,bits-sq,32,256,13,selection_isolated,30,0.3475365,0.3471585,0.34802774999999997,0.18584522776744314,False,False
3477e494de0e1677418b4764a19e7ba3b12289dd4ce39a5c36b60f52b30dde33,6001215,1024,bits-sq,32,256,13,transform_isolated,30,0.04779750000000001,0.04766525,0.04806049999999999,0.9702494900360896,False,False
3477e494de0e1677418b4764a19e7ba3b12289dd4ce39a5c36b60f52b30dde33,6001215,1024,bits-sq,32,256,13,upload_shared,1,5.069882000000001,5.069882000000001,5.069882000000001,1.0045651950084833,False,False
3477e494de0e1677418b4764a19e7ba3b12289dd4ce39a5c36b60f52b30dde33,6001215,1024,bits-sq,32,256,16,download,30,0.011272,0.01113175,0.011378,1.0400106458481193,False,False
3477e494de0e1677418b4764a19e7ba3b12289dd4ce39a5c36b60f52b30dde33,6001215,1024,bits-sq,32,256,16,operator,30,0.4095405,0.40894400000000003,0.41054250000000003,0.3674435129126424,False,False
3477e494de0e1677418b4764a19e7ba3b12289dd4ce39a5c36b60f52b30dde33,6001215,1024,bits-sq,32,256,16,output_isolated,30,0.009229000000000001,0.009076500000000001,0.00950475,4.831834434933363,False,False
3477e494de0e1677418b4764a19e7ba3b12289dd4ce39a5c36b60f52b30dde33,6001215,1024,bits-sq,32,256,16,selection_isolated,30,0.3585135,0.35817475,0.35904875,0.18015500113663785,False,False
3477e494de0e1677418b4764a19e7ba3b12289dd4ce39a5c36b60f52b30dde33,6001215,1024,bits-sq,32,256,16,transform_isolated,30,0.047823,0.047707,0.04804775,0.969732137256132,False,False
3477e494de0e1677418b4764a19e7ba3b12289dd4ce39a5c36b60f52b30dde33,6001215,1024,bits-sq,32,256,16,upload_shared,1,5.089021,5.089021,5.089021,1.0007871848043073,False,False
3477e494de0e1677418b4764a19e7ba3b12289dd4ce39a5c36b60f52b30dde33,6001215,1024,bits-sq,32,512,4,download,30,0.011347,0.010923750000000001,0.012010499999999999,1.0331365118533535,False,False
3477e494de0e1677418b4764a19e7ba3b12289dd4ce39a5c36b60f52b30dde33,6001215,1024,bits-sq,32,512,4,operator,30,0.3280225,0.32774375,0.3283655,0.4587581644551822,False,False
3477e494de0e1677418b4764a19e7ba3b12289dd4ce39a5c36b60f52b30dde33,6001215,1024,bits-sq,32,512,4,output_isolated,30,0.009294,0.009154,0.00959925,4.798041747363891,False,False
3477e494de0e1677418b4764a19e7ba3b12289dd4ce39a5c36b60f52b30dde33,6001215,1024,bits-sq,32,512,4,selection_isolated,30,0.276674,0.276449,0.27695725000000004,0.23344441472635669,False,False
3477e494de0e1677418b4764a19e7ba3b12289dd4ce39a5c36b60f52b30dde33,6001215,1024,bits-sq,32,512,4,transform_isolated,30,0.047923,0.047853,0.04815049999999999,0.9677086159046804,False,False
3477e494de0e1677418b4764a19e7ba3b12289dd4ce39a5c36b60f52b30dde33,6001215,1024,bits-sq,32,512,4,upload_shared,1,5.085666,5.085666,5.085666,1.001447401382631,False,False
3477e494de0e1677418b4764a19e7ba3b12289dd4ce39a5c36b60f52b30dde33,6001215,1024,bits-sq,32,512,7,download,30,0.011182000000000001,0.011049499999999999,0.0115345,1.0483813271328921,False,False
3477e494de0e1677418b4764a19e7ba3b12289dd4ce39a5c36b60f52b30dde33,6001215,1024,bits-sq,32,512,7,operator,30,0.323445,0.32289475,0.3241435,0.4652506608542411,False,False
3477e494de0e1677418b4764a19e7ba3b12289dd4ce39a5c36b60f52b30dde33,6001215,1024,bits-sq,32,512,7,output_isolated,30,0.009364,0.0091265,0.009544750000000001,4.762174284493806,False,False
3477e494de0e1677418b4764a19e7ba3b12289dd4ce39a5c36b60f52b30dde33,6001215,1024,bits-sq,32,512,7,selection_isolated,30,0.272262,0.27190949999999997,0.27263550000000003,0.23722737657109697,False,False
3477e494de0e1677418b4764a19e7ba3b12289dd4ce39a5c36b60f52b30dde33,6001215,1024,bits-sq,32,512,7,transform_isolated,30,0.0477925,0.04768225,0.04795050000000001,0.970350996495266,False,False
3477e494de0e1677418b4764a19e7ba3b12289dd4ce39a5c36b60f52b30dde33,6001215,1024,bits-sq,32,512,7,upload_shared,1,5.083162,5.083162,5.083162,1.0019407211495523,False,False
3477e494de0e1677418b4764a19e7ba3b12289dd4ce39a5c36b60f52b30dde33,6001215,1024,bits-sq,32,512,8,download,30,0.011127000000000001,0.010764250000000001,0.011332,1.0535634043318054,True,False
3477e494de0e1677418b4764a19e7ba3b12289dd4ce39a5c36b60f52b30dde33,6001215,1024,bits-sq,32,512,8,operator,30,0.3171155,0.31665,0.31851025,0.474536880095738,True,False
3477e494de0e1677418b4764a19e7ba3b12289dd4ce39a5c36b60f52b30dde33,6001215,1024,bits-sq,32,512,8,output_isolated,30,0.009204,0.009068749999999999,0.009399000000000001,4.844958713602782,True,False
3477e494de0e1677418b4764a19e7ba3b12289dd4ce39a5c36b60f52b30dde33,6001215,1024,bits-sq,32,512,8,selection_isolated,30,0.265998,0.26559725,0.2666765,0.24281385574327627,True,False
3477e494de0e1677418b4764a19e7ba3b12289dd4ce39a5c36b60f52b30dde33,6001215,1024,bits-sq,32,512,8,transform_isolated,30,0.047833,0.047707,0.048045250000000005,0.9695294043860933,True,False
3477e494de0e1677418b4764a19e7ba3b12289dd4ce39a5c36b60f52b30dde33,6001215,1024,bits-sq,32,512,8,upload_shared,1,5.06808,5.06808,5.06808,1.004922376915913,True,False
3477e494de0e1677418b4764a19e7ba3b12289dd4ce39a5c36b60f52b30dde33,6001215,1024,bits-sq,32,512,13,download,30,0.011132,0.0109745,0.01163525,1.0530901904419692,False,False
3477e494de0e1677418b4764a19e7ba3b12289dd4ce39a5c36b60f52b30dde33,6001215,1024,bits-sq,32,512,13,operator,30,0.342429,0.34195825,0.3430075,0.4394575225813235,False,False
3477e494de0e1677418b4764a19e7ba3b12289dd4ce39a5c36b60f52b30dde33,6001215,1024,bits-sq,32,512,13,output_isolated,30,0.0090835,0.00896625,0.00934975,4.9092310232839775,False,False
3477e494de0e1677418b4764a19e7ba3b12289dd4ce39a5c36b60f52b30dde33,6001215,1024,bits-sq,32,512,13,selection_isolated,30,0.2912015,0.290741,0.29146875,0.22179830804442974,False,False
3477e494de0e1677418b4764a19e7ba3b12289dd4ce39a5c36b60f52b30dde33,6001215,1024,bits-sq,32,512,13,transform_isolated,30,0.047878,0.047705500000000005,0.047998,0.9686181544759598,False,False
3477e494de0e1677418b4764a19e7ba3b12289dd4ce39a5c36b60f52b30dde33,6001215,1024,bits-sq,32,512,13,upload_shared,1,5.0835230000000005,5.0835230000000005,5.0835230000000005,1.0018695695878626,False,False
3477e494de0e1677418b4764a19e7ba3b12289dd4ce39a5c36b60f52b30dde33,6001215,1024,bits-sq,32,512,16,download,30,0.011141499999999999,0.010831249999999997,0.011484750000000002,1.0521922541848048,False,False
3477e494de0e1677418b4764a19e7ba3b12289dd4ce39a5c36b60f52b30dde33,6001215,1024,bits-sq,32,512,16,operator,30,0.37556849999999997,0.37463225,0.3760192499999999,0.4006805682585201,False,False
3477e494de0e1677418b4764a19e7ba3b12289dd4ce39a5c36b60f52b30dde33,6001215,1024,bits-sq,32,512,16,output_isolated,30,0.009189,0.00901875,0.00939475,4.852867559037981,False,False
3477e494de0e1677418b4764a19e7ba3b12289dd4ce39a5c36b60f52b30dde33,6001215,1024,bits-sq,32,512,16,selection_isolated,30,0.3244415,0.32399849999999997,0.32464950000000004,0.1990744094081676,False,False
3477e494de0e1677418b4764a19e7ba3b12289dd4ce39a5c36b60f52b30dde33,6001215,1024,bits-sq,32,512,16,transform_isolated,30,0.047788,0.0476745,0.048052750000000005,0.970442370469574,False,False
3477e494de0e1677418b4764a19e7ba3b12289dd4ce39a5c36b60f52b30dde33,6001215,1024,bits-sq,32,512,16,upload_shared,1,5.004133,5.004133,5.004133,1.0177641161815643,False,False
3477e494de0e1677418b4764a19e7ba3b12289dd4ce39a5c36b60f52b30dde33,6001215,1024,bits-sq,128,128,4,download,30,0.011403,0.01104125,0.011855499999999998,1.0280627904937298,False,False
3477e494de0e1677418b4764a19e7ba3b12289dd4ce39a5c36b60f52b30dde33,6001215,1024,bits-sq,128,128,4,operator,30,0.7164455000000001,0.7161332499999999,0.717798,0.21004109872977078,False,False
3477e494de0e1677418b4764a19e7ba3b12289dd4ce39a5c36b60f52b30dde33,6001215,1024,bits-sq,128,128,4,output_isolated,30,0.0096095,0.0093665,0.01021825,4.640511993339925,False,False
3477e494de0e1677418b4764a19e7ba3b12289dd4ce39a5c36b60f52b30dde33,6001215,1024,bits-sq,128,128,4,selection_isolated,30,0.665248,0.6646194999999999,0.6656887499999999,0.09708860455048345,False,False
3477e494de0e1677418b4764a19e7ba3b12289dd4ce39a5c36b60f52b30dde33,6001215,1024,bits-sq,128,128,4,transform_isolated,30,0.048288,0.048193,0.04844375000000001,0.9603938866799205,False,False
3477e494de0e1677418b4764a19e7ba3b12289dd4ce39a5c36b60f52b30dde33,6001215,1024,bits-sq,128,128,4,upload_shared,1,5.077584,5.077584,5.077584,1.0030414070943978,False,False
3477e494de0e1677418b4764a19e7ba3b12289dd4ce39a5c36b60f52b30dde33,6001215,1024,bits-sq,128,128,7,download,30,0.011262499999999998,0.010913750000000002,0.011632,1.0408879023307438,False,False
3477e494de0e1677418b4764a19e7ba3b12289dd4ce39a5c36b60f52b30dde33,6001215,1024,bits-sq,128,128,7,operator,30,0.7290995,0.72858475,0.7302312500000001,0.20639569770655447,False,False
3477e494de0e1677418b4764a19e7ba3b12289dd4ce39a5c36b60f52b30dde33,6001215,1024,bits-sq,128,128,7,output_isolated,30,0.0094495,0.0092365,0.00970225,4.71908566590825,False,False
3477e494de0e1677418b4764a19e7ba3b12289dd4ce39a5c36b60f52b30dde33,6001215,1024,bits-sq,128,128,7,selection_isolated,30,0.678203,0.6776745,0.6787182500000001,0.0952340228515651,False,False
3477e494de0e1677418b4764a19e7ba3b12289dd4ce39a5c36b60f52b30dde33,6001215,1024,bits-sq,128,128,7,transform_isolated,30,0.048213,0.0480905,0.048333,0.9618878725654907,False,False
3477e494de0e1677418b4764a19e7ba3b12289dd4ce39a5c36b60f52b30dde33,6001215,1024,bits-sq,128,128,7,upload_shared,1,5.070473,5.070473,5.070473,1.0044481057289922,False,False
3477e494de0e1677418b4764a19e7ba3b12289dd4ce39a5c36b60f52b30dde33,6001215,1024,bits-sq,128,128,8,download,30,0.011257000000000001,0.01097925,0.011918750000000002,1.0413964644221372,False,False
3477e494de0e1677418b4764a19e7ba3b12289dd4ce39a5c36b60f52b30dde33,6001215,1024,bits-sq,128,128,8,operator,30,0.7635719999999999,0.76325675,0.7642380000000001,0.19707768226179068,False,False
3477e494de0e1677418b4764a19e7ba3b12289dd4ce39a5c36b60f52b30dde33,6001215,1024,bits-sq,128,128,8,output_isolated,30,0.009600000000000001,0.009329,0.010145000000000001,4.645104166666667,False,False
3477e494de0e1677418b4764a19e7ba3b12289dd4ce39a5c36b60f52b30dde33,6001215,1024,bits-sq,128,128,8,selection_isolated,30,0.712695,0.7123365,0.713001,0.09062502192382436,False,False
3477e494de0e1677418b4764a19e7ba3b12289dd4ce39a5c36b60f52b30dde33,6001215,1024,bits-sq,128,128,8,transform_isolated,30,0.048168,0.047945249999999995,0.0483355,0.9627864972595914,False,False
3477e494de0e1677418b4764a19e7ba3b12289dd4ce39a5c36b60f52b30dde33,6001215,1024,bits-sq,128,128,8,upload_shared,1,5.100769,5.100769,5.100769,0.9984821896463064,False,False
3477e494de0e1677418b4764a19e7ba3b12289dd4ce39a5c36b60f52b30dde33,6001215,1024,bits-sq,128,128,13,download,30,0.011112,0.010661,0.01144525,1.0549856011519079,False,False
3477e494de0e1677418b4764a19e7ba3b12289dd4ce39a5c36b60f52b30dde33,6001215,1024,bits-sq,128,128,13,operator,30,0.7487595,0.748048,0.7495785,0.20097641499039412,False,False
3477e494de0e1677418b4764a19e7ba3b12289dd4ce39a5c36b60f52b30dde33,6001215,1024,bits-sq,128,128,13,output_isolated,30,0.009495,0.0092865,0.00985,4.696471827277516,False,False
3477e494de0e1677418b4764a19e7ba3b12289dd4ce39a5c36b60f52b30dde33,6001215,1024,bits-sq,128,128,13,selection_isolated,30,0.6976519999999999,0.69715625,0.6979145,0.09257910820867712,False,False
3477e494de0e1677418b4764a19e7ba3b12289dd4ce39a5c36b60f52b30dde33,6001215,1024,bits-sq,128,128,13,transform_isolated,30,0.048183000000000004,0.048043,0.048323,0.9624867691924537,False,False
3477e494de0e1677418b4764a19e7ba3b12289dd4ce39a5c36b60f52b30dde33,6001215,1024,bits-sq,128,128,13,upload_shared,1,5.016732,5.016732,5.016732,1.015208107588765,False,False
3477e494de0e1677418b4764a19e7ba3b12289dd4ce39a5c36b60f52b30dde33,6001215,1024,bits-sq,128,128,16,download,30,0.011357,0.01083925,0.012098,1.0322268204631504,False,False
3477e494de0e1677418b4764a19e7ba3b12289dd4ce39a5c36b60f52b30dde33,6001215,1024,bits-sq,128,128,16,operator,30,0.7058040000000001,0.7050605000000001,0.70655525,0.21320791607868472,False,False
3477e494de0e1677418b4764a19e7ba3b12289dd4ce39a5c36b60f52b30dde33,6001215,1024,bits-sq,128,128,16,output_isolated,30,0.009499500000000001,0.009371500000000001,0.00975925,4.694247065635034,False,False
3477e494de0e1677418b4764a19e7ba3b12289dd4ce39a5c36b60f52b30dde33,6001215,1024,bits-sq,128,128,16,selection_isolated,30,0.6543764999999999,0.6539035,0.6550445,0.09870158845863201,False,False
3477e494de0e1677418b4764a19e7ba3b12289dd4ce39a5c36b60f52b30dde33,6001215,1024,bits-sq,128,128,16,transform_isolated,30,0.048093000000000004,0.047948,0.048243,0.9642879421121576,False,False
3477e494de0e1677418b4764a19e7ba3b12289dd4ce39a5c36b60f52b30dde33,6001215,1024,bits-sq,128,128,16,upload_shared,1,5.105145,5.105145,5.105145,0.9976263161966996,False,False
3477e494de0e1677418b4764a19e7ba3b12289dd4ce39a5c36b60f52b30dde33,6001215,1024,bits-sq,128,256,4,download,30,0.0112675,0.01095175,0.011740500000000001,1.0404260039937876,False,False
3477e494de0e1677418b4764a19e7ba3b12289dd4ce39a5c36b60f52b30dde33,6001215,1024,bits-sq,128,256,4,operator,30,0.479351,0.47885574999999997,0.4801005,0.3139307104814635,False,False
3477e494de0e1677418b4764a19e7ba3b12289dd4ce39a5c36b60f52b30dde33,6001215,1024,bits-sq,128,256,4,output_isolated,30,0.0093995,0.009238999999999999,0.009667499999999999,4.744188520665994,False,False
3477e494de0e1677418b4764a19e7ba3b12289dd4ce39a5c36b60f52b30dde33,6001215,1024,bits-sq,128,256,4,selection_isolated,30,0.428214,0.42789825000000004,0.42871499999999996,0.15083112649282837,False,False
3477e494de0e1677418b4764a19e7ba3b12289dd4ce39a5c36b60f52b30dde33,6001215,1024,bits-sq,128,256,4,transform_isolated,30,0.048158000000000006,0.048077999999999996,0.048306249999999995,0.9629864197018148,False,False
3477e494de0e1677418b4764a19e7ba3b12289dd4ce39a5c36b60f52b30dde33,6001215,1024,bits-sq,128,256,4,upload_shared,1,5.086928,5.086928,5.086928,1.0011989554402971,False,False
3477e494de0e1677418b4764a19e7ba3b12289dd4ce39a5c36b60f52b30dde33,6001215,1024,bits-sq,128,256,7,download,30,0.0112875,0.01083925,0.011692750000000002,1.0385825027685494,False,False
3477e494de0e1677418b4764a19e7ba3b12289dd4ce39a5c36b60f52b30dde33,6001215,1024,bits-sq,128,256,7,operator,30,0.448615,0.4481665,0.4490085,0.3354390735931701,False,False
3477e494de0e1677418b4764a19e7ba3b12289dd4ce39a5c36b60f52b30dde33,6001215,1024,bits-sq,128,256,7,output_isolated,30,0.0093495,0.009306499999999999,0.009504,4.769559869511739,False,False
3477e494de0e1677418b4764a19e7ba3b12289dd4ce39a5c36b60f52b30dde33,6001215,1024,bits-sq,128,256,7,selection_isolated,30,0.39748700000000003,0.397172,0.39775775,0.16249084875731784,False,False
3477e494de0e1677418b4764a19e7ba3b12289dd4ce39a5c36b60f52b30dde33,6001215,1024,bits-sq,128,256,7,transform_isolated,30,0.048103,0.047938,0.04828075,0.9640874789514168,False,False
3477e494de0e1677418b4764a19e7ba3b12289dd4ce39a5c36b60f52b30dde33,6001215,1024,bits-sq,128,256,7,upload_shared,1,5.073697999999999,5.073697999999999,5.073697999999999,1.003809647322328,False,False
3477e494de0e1677418b4764a19e7ba3b12289dd4ce39a5c36b60f52b30dde33,6001215,1024,bits-sq,128,256,8,download,30,0.0109115,0.010665999999999998,0.011384749999999999,1.074371076387298,False,False
3477e494de0e1677418b4764a19e7ba3b12289dd4ce39a5c36b60f52b30dde33,6001215,1024,bits-sq,128,256,8,operator,30,0.452105,0.45157400000000003,0.4525935,0.3328496698775727,False,False
3477e494de0e1677418b4764a19e7ba3b12289dd4ce39a5c36b60f52b30dde33,6001215,1024,bits-sq,128,256,8,output_isolated,30,0.0093595,0.009134,0.0096575,4.764463913670603,False,False
3477e494de0e1677418b4764a19e7ba3b12289dd4ce39a5c36b60f52b30dde33,6001215,1024,bits-sq,128,256,8,selection_isolated,30,0.401193,0.400903,0.40183875,0.16098984777899913,False,False
3477e494de0e1677418b4764a19e7ba3b12289dd4ce39a5c36b60f52b30dde33,6001215,1024,bits-sq,128,256,8,transform_isolated,30,0.047998,0.04791775,0.048228,0.9661965081878412,False,False
3477e494de0e1677418b4764a19e7ba3b12289dd4ce39a5c36b60f52b30dde33,6001215,1024,bits-sq,128,256,8,upload_shared,1,5.113148,5.113148,5.113148,0.9960648508511782,False,False
3477e494de0e1677418b4764a19e7ba3b12289dd4ce39a5c36b60f52b30dde33,6001215,1024,bits-sq,128,256,13,download,30,0.0112675,0.010845999999999998,0.011583,1.0404260039937876,False,False
3477e494de0e1677418b4764a19e7ba3b12289dd4ce39a5c36b60f52b30dde33,6001215,1024,bits-sq,128,256,13,operator,30,0.45563600000000004,0.45479899999999995,0.45652675,0.33027021569849613,False,False
3477e494de0e1677418b4764a19e7ba3b12289dd4ce39a5c36b60f52b30dde33,6001215,1024,bits-sq,128,256,13,output_isolated,30,0.0093795,0.00929425,0.0097575,4.754304600458447,False,False
3477e494de0e1677418b4764a19e7ba3b12289dd4ce39a5c36b60f52b30dde33,6001215,1024,bits-sq,128,256,13,selection_isolated,30,0.4039625,0.4036895,0.4043105,0.15988612804406352,False,False
3477e494de0e1677418b4764a19e7ba3b12289dd4ce39a5c36b60f52b30dde33,6001215,1024,bits-sq,128,256,13,transform_isolated,30,0.048088,0.047997,0.048353,0.9643882049575778,False,False
3477e494de0e1677418b4764a19e7ba3b12289dd4ce39a5c36b60f52b30dde33,6001215,1024,bits-sq,128,256,13,upload_shared,1,5.001759,5.001759,5.001759,1.0182471806418503,False,False
3477e494de0e1677418b4764a19e7ba3b12289dd4ce39a5c36b60f52b30dde33,6001215,1024,bits-sq,128,256,16,download,30,0.011227,0.01090875,0.0116855,1.0441792108310324,False,False
3477e494de0e1677418b4764a19e7ba3b12289dd4ce39a5c36b60f52b30dde33,6001215,1024,bits-sq,128,256,16,operator,30,0.47206,0.46508,0.47372275,0.3187793924501123,False,False
3477e494de0e1677418b4764a19e7ba3b12289dd4ce39a5c36b60f52b30dde33,6001215,1024,bits-sq,128,256,16,output_isolated,30,0.009409500000000001,0.009211500000000001,0.00968,4.739146607152346,False,False
3477e494de0e1677418b4764a19e7ba3b12289dd4ce39a5c36b60f52b30dde33,6001215,1024,bits-sq,128,256,16,selection_isolated,30,0.421809,0.41426725000000003,0.42247250000000003,0.15312143647954407,False,False
3477e494de0e1677418b4764a19e7ba3b12289dd4ce39a5c36b60f52b30dde33,6001215,1024,bits-sq,128,256,16,transform_isolated,30,0.048098,0.048007999999999995,0.04825549999999999,0.9641877001122707,False,False
3477e494de0e1677418b4764a19e7ba3b12289dd4ce39a5c36b60f52b30dde33,6001215,1024,bits-sq,128,256,16,upload_shared,1,5.014579,5.014579,5.014579,1.0156439852677563,False,False
3477e494de0e1677418b4764a19e7ba3b12289dd4ce39a5c36b60f52b30dde33,6001215,1024,bits-sq,128,512,4,download,30,0.011196999999999999,0.0108485,0.01166725,1.046976868804144,False,True
3477e494de0e1677418b4764a19e7ba3b12289dd4ce39a5c36b60f52b30dde33,6001215,1024,bits-sq,128,512,4,operator,30,0.37937999999999994,0.3787065,0.37984275000000006,0.39665506879645746,False,True
3477e494de0e1677418b4764a19e7ba3b12289dd4ce39a5c36b60f52b30dde33,6001215,1024,bits-sq,128,512,4,output_isolated,30,0.009364,0.0091165,0.009559,4.762174284493806,False,True
3477e494de0e1677418b4764a19e7ba3b12289dd4ce39a5c36b60f52b30dde33,6001215,1024,bits-sq,128,512,4,selection_isolated,30,0.327421,0.32704025,0.32779375,0.19726285119158515,False,True
3477e494de0e1677418b4764a19e7ba3b12289dd4ce39a5c36b60f52b30dde33,6001215,1024,bits-sq,128,512,4,transform_isolated,30,0.0482335,0.04807549999999999,0.0484305,0.9614790550136316,False,True
3477e494de0e1677418b4764a19e7ba3b12289dd4ce39a5c36b60f52b30dde33,6001215,1024,bits-sq,128,512,4,upload_shared,1,5.082891,5.082891,5.082891,1.0019941407360498,False,True
3477e494de0e1677418b4764a19e7ba3b12289dd4ce39a5c36b60f52b30dde33,6001215,1024,bits-sq,128,512,7,download,30,0.0107615,0.01063875,0.0111945,1.0893462807229477,False,False
3477e494de0e1677418b4764a19e7ba3b12289dd4ce39a5c36b60f52b30dde33,6001215,1024,bits-sq,128,512,7,operator,30,0.4299365,0.4292575,0.43049550000000003,0.3500121529574716,False,False
3477e494de0e1677418b4764a19e7ba3b12289dd4ce39a5c36b60f52b30dde33,6001215,1024,bits-sq,128,512,7,output_isolated,30,0.0093395,0.0091765,0.00967,4.774666738048076,False,False
3477e494de0e1677418b4764a19e7ba3b12289dd4ce39a5c36b60f52b30dde33,6001215,1024,bits-sq,128,512,7,selection_isolated,30,0.378433,0.37795699999999993,0.37887149999999997,0.1706722193889011,False,False
3477e494de0e1677418b4764a19e7ba3b12289dd4ce39a5c36b60f52b30dde33,6001215,1024,bits-sq,128,512,7,transform_isolated,30,0.047928,0.04779525,0.048070499999999995,0.9676076614922384,False,False
3477e494de0e1677418b4764a19e7ba3b12289dd4ce39a5c36b60f52b30dde33,6001215,1024,bits-sq,128,512,7,upload_shared,1,5.06844,5.06844,5.06844,1.0048509995185897,False,False
3477e494de0e1677418b4764a19e7ba3b12289dd4ce39a5c36b60f52b30dde33,6001215,1024,bits-sq,128,512,8,download,30,0.010801,0.01059825,0.0113245,1.0853624664382928,False,False
3477e494de0e1677418b4764a19e7ba3b12289dd4ce39a5c36b60f52b30dde33,6001215,1024,bits-sq,128,512,8,operator,30,0.4325505,0.43209425,0.43297349999999996,0.3478969507606626,False,False
3477e494de0e1677418b4764a19e7ba3b12289dd4ce39a5c36b60f52b30dde33,6001215,1024,bits-sq,128,512,8,output_isolated,30,0.009359000000000001,0.00926425,0.0097015,4.764718452826157,False,False
3477e494de0e1677418b4764a19e7ba3b12289dd4ce39a5c36b60f52b30dde33,6001215,1024,bits-sq,128,512,8,selection_isolated,30,0.381093,0.380707,0.38152549999999996,0.1694809403478941,False,False
3477e494de0e1677418b4764a19e7ba3b12289dd4ce39a5c36b60f52b30dde33,6001215,1024,bits-sq,128,512,8,transform_isolated,30,0.0479175,0.047607000000000003,0.0480205,0.9678196900923461,False,False
3477e494de0e1677418b4764a19e7ba3b12289dd4ce39a5c36b60f52b30dde33,6001215,1024,bits-sq,128,512,8,upload_shared,1,5.140769,5.140769,5.140769,0.9907130625787699,False,False
3477e494de0e1677418b4764a19e7ba3b12289dd4ce39a5c36b60f52b30dde33,6001215,1024,bits-sq,128,512,13,download,30,0.011196999999999999,0.010691,0.011712750000000001,1.046976868804144,False,False
3477e494de0e1677418b4764a19e7ba3b12289dd4ce39a5c36b60f52b30dde33,6001215,1024,bits-sq,128,512,13,operator,30,0.463147,0.4627095,0.46353199999999994,0.32491412013896237,False,False
3477e494de0e1677418b4764a19e7ba3b12289dd4ce39a5c36b60f52b30dde33,6001215,1024,bits-sq,128,512,13,output_isolated,30,0.009504499999999999,0.009328999999999999,0.009877499999999999,4.691777579041508,False,False
3477e494de0e1677418b4764a19e7ba3b12289dd4ce39a5c36b60f52b30dde33,6001215,1024,bits-sq,128,512,13,selection_isolated,30,0.41176900000000005,0.41151875,0.41193225,0.15685493565567102,False,False
3477e494de0e1677418b4764a19e7ba3b12289dd4ce39a5c36b60f52b30dde33,6001215,1024,bits-sq,128,512,13,transform_isolated,30,0.0479575,0.0478005,0.0481005,0.9670124589480269,False,False
3477e494de0e1677418b4764a19e7ba3b12289dd4ce39a5c36b60f52b30dde33,6001215,1024,bits-sq,128,512,13,upload_shared,1,5.098015,5.098015,5.098015,0.9990215799678894,False,False
3477e494de0e1677418b4764a19e7ba3b12289dd4ce39a5c36b60f52b30dde33,6001215,1024,bits-sq,128,512,16,download,30,0.0110015,0.0106535,0.011397,1.0655819660955324,False,False
3477e494de0e1677418b4764a19e7ba3b12289dd4ce39a5c36b60f52b30dde33,6001215,1024,bits-sq,128,512,16,operator,30,0.5202180000000001,0.51968775,0.52113675,0.2892691141021648,False,False
3477e494de0e1677418b4764a19e7ba3b12289dd4ce39a5c36b60f52b30dde33,6001215,1024,bits-sq,128,512,16,output_isolated,30,0.009354000000000001,0.009243999999999999,0.009744,4.767265341030575,False,False
3477e494de0e1677418b4764a19e7ba3b12289dd4ce39a5c36b60f52b30dde33,6001215,1024,bits-sq,128,512,16,selection_isolated,30,0.46896499999999997,0.468515,0.469416,0.1377245636667982,False,False
3477e494de0e1677418b4764a19e7ba3b12289dd4ce39a5c36b60f52b30dde33,6001215,1024,bits-sq,128,512,16,transform_isolated,30,0.047958,0.0477795,0.048062,0.967002377079945,False,False
3477e494de0e1677418b4764a19e7ba3b12289dd4ce39a5c36b60f52b30dde33,6001215,1024,bits-sq,128,512,16,upload_shared,1,5.009721,5.009721,5.009721,1.0166288701506532,False,False
3477e494de0e1677418b4764a19e7ba3b12289dd4ce39a5c36b60f52b30dde33,6001215,1024,bits-sq,512,128,4,download,30,0.0114025,0.011206999999999998,0.0118755,1.0281078710809035,False,False
3477e494de0e1677418b4764a19e7ba3b12289dd4ce39a5c36b60f52b30dde33,6001215,1024,bits-sq,512,128,4,operator,30,1.5943304999999999,1.5935375,1.5950469999999999,0.09438632705075893,False,False
3477e494de0e1677418b4764a19e7ba3b12289dd4ce39a5c36b60f52b30dde33,6001215,1024,bits-sq,512,128,4,output_isolated,30,0.00995,0.00965925,0.010335249999999999,4.4817085427135686,False,False
3477e494de0e1677418b4764a19e7ba3b12289dd4ce39a5c36b60f52b30dde33,6001215,1024,bits-sq,512,128,4,selection_isolated,30,1.5402135000000001,1.5397055000000002,1.5410150000000002,0.04193444610114117,False,False
3477e494de0e1677418b4764a19e7ba3b12289dd4ce39a5c36b60f52b30dde33,6001215,1024,bits-sq,512,128,4,transform_isolated,30,0.0499905,0.049801,0.050141,0.927686260389474,False,False
3477e494de0e1677418b4764a19e7ba3b12289dd4ce39a5c36b60f52b30dde33,6001215,1024,bits-sq,512,128,4,upload_shared,1,5.080989,5.080989,5.080989,1.002369223786944,False,False
3477e494de0e1677418b4764a19e7ba3b12289dd4ce39a5c36b60f52b30dde33,6001215,1024,bits-sq,512,128,7,download,30,0.011753,0.0111645,0.012186500000000001,0.9974474602229219,False,False
3477e494de0e1677418b4764a19e7ba3b12289dd4ce39a5c36b60f52b30dde33,6001215,1024,bits-sq,512,128,7,operator,30,1.6847880000000002,1.683506,1.6868684999999999,0.0893186561157843,False,False
3477e494de0e1677418b4764a19e7ba3b12289dd4ce39a5c36b60f52b30dde33,6001215,1024,bits-sq,512,128,7,output_isolated,30,0.010251,0.009787500000000001,0.0107835,4.350112184177155,False,False
3477e494de0e1677418b4764a19e7ba3b12289dd4ce39a5c36b60f52b30dde33,6001215,1024,bits-sq,512,128,7,selection_isolated,30,1.6326684999999999,1.63,1.63505025,0.03955977591286903,False,False
3477e494de0e1677418b4764a19e7ba3b12289dd4ce39a5c36b60f52b30dde33,6001215,1024,bits-sq,512,128,7,transform_isolated,30,0.049394999999999994,0.04928,0.0496675,0.9388703310051626,False,False
3477e494de0e1677418b4764a19e7ba3b12289dd4ce39a5c36b60f52b30dde33,6001215,1024,bits-sq,512,128,7,upload_shared,1,5.091315,5.091315,5.091315,1.0003362589036429,False,False
3477e494de0e1677418b4764a19e7ba3b12289dd4ce39a5c36b60f52b30dde33,6001215,1024,bits-sq,512,128,8,download,30,0.011963,0.0113295,0.012448750000000001,0.9799381426063697,False,False
3477e494de0e1677418b4764a19e7ba3b12289dd4ce39a5c36b60f52b30dde33,6001215,1024,bits-sq,512,128,8,operator,30,1.71612,1.7151607500000001,1.718704,0.08768792392140409,False,False
3477e494de0e1677418b4764a19e7ba3b12289dd4ce39a5c36b60f52b30dde33,6001215,1024,bits-sq,512,128,8,output_isolated,30,0.010385499999999999,0.0099875,0.01055925,4.293774974724377,False,False
3477e494de0e1677418b4764a19e7ba3b12289dd4ce39a5c36b60f52b30dde33,6001215,1024,bits-sq,512,128,8,selection_isolated,30,1.6625795,1.6617530000000003,1.6638235000000001,0.03884806711498608,False,False
3477e494de0e1677418b4764a19e7ba3b12289dd4ce39a5c36b60f52b30dde33,6001215,1024,bits-sq,512,128,8,transform_isolated,30,0.049415,0.049304249999999994,0.04971999999999999,0.9384903369422241,False,False
3477e494de0e1677418b4764a19e7ba3b12289dd4ce39a5c36b60f52b30dde33,6001215,1024,bits-sq,512,128,8,upload_shared,1,5.020798,5.020798,5.020798,1.014385960160118,False,False
3477e494de0e1677418b4764a19e7ba3b12289dd4ce39a5c36b60f52b30dde33,6001215,1024,bits-sq,512,128,13,download,30,0.0120785,0.011394499999999998,0.01248375,0.9705675373597715,False,False
3477e494de0e1677418b4764a19e7ba3b12289dd4ce39a5c36b60f52b30dde33,6001215,1024,bits-sq,512,128,13,operator,30,1.757477,1.7566169999999999,1.75931275,0.08562444913930595,False,False
3477e494de0e1677418b4764a19e7ba3b12289dd4ce39a5c36b60f52b30dde33,6001215,1024,bits-sq,512,128,13,output_isolated,30,0.010235500000000002,0.010002500000000001,0.010826,4.356699721557325,False,False
3477e494de0e1677418b4764a19e7ba3b12289dd4ce39a5c36b60f52b30dde33,6001215,1024,bits-sq,512,128,13,selection_isolated,30,1.704553,1.70351375,1.70582175,0.03789145893380846,False,False
3477e494de0e1677418b4764a19e7ba3b12289dd4ce39a5c36b60f52b30dde33,6001215,1024,bits-sq,512,128,13,transform_isolated,30,0.049104499999999995,0.048935000000000006,0.04926,0.944424645399098,False,False
3477e494de0e1677418b4764a19e7ba3b12289dd4ce39a5c36b60f52b30dde33,6001215,1024,bits-sq,512,128,13,upload_shared,1,5.091775,5.091775,5.091775,1.0002458867487272,False,False
3477e494de0e1677418b4764a19e7ba3b12289dd4ce39a5c36b60f52b30dde33,6001215,1024,bits-sq,512,128,16,download,30,0.012058,0.011257000000000001,0.01247625,0.9722176148615028,False,False
3477e494de0e1677418b4764a19e7ba3b12289dd4ce39a5c36b60f52b30dde33,6001215,1024,bits-sq,512,128,16,operator,30,1.634797,1.6334325,1.63626425,0.09204996094316298,False,False
3477e494de0e1677418b4764a19e7ba3b12289dd4ce39a5c36b60f52b30dde33,6001215,1024,bits-sq,512,128,16,output_isolated,30,0.010069999999999999,0.009955,0.0104685,4.428301886792454,False,False
3477e494de0e1677418b4764a19e7ba3b12289dd4ce39a5c36b60f52b30dde33,6001215,1024,bits-sq,512,128,16,selection_isolated,30,1.5825580000000001,1.5814037500000002,1.5842475,0.04081240624356264,False,False
3477e494de0e1677418b4764a19e7ba3b12289dd4ce39a5c36b60f52b30dde33,6001215,1024,bits-sq,512,128,16,transform_isolated,30,0.048904,0.048806499999999996,0.0490425,0.9482966628496646,False,False
3477e494de0e1677418b4764a19e7ba3b12289dd4ce39a5c36b60f52b30dde33,6001215,1024,bits-sq,512,128,16,upload_shared,1,5.086648,5.086648,5.086648,1.0012540675116501,False,False
3477e494de0e1677418b4764a19e7ba3b12289dd4ce39a5c36b60f52b30dde33,6001215,1024,bits-sq,512,256,4,download,30,0.011637999999999999,0.011022,0.012427999999999998,1.0073036604227532,False,False
3477e494de0e1677418b4764a19e7ba3b12289dd4ce39a5c36b60f52b30dde33,6001215,1024,bits-sq,512,256,4,operator,30,1.0558550000000002,1.0552290000000002,1.0561985,0.14252241074768787,False,False
3477e494de0e1677418b4764a19e7ba3b12289dd4ce39a5c36b60f52b30dde33,6001215,1024,bits-sq,512,256,4,output_isolated,30,0.0097,0.009464750000000001,0.01027275,4.5972164948453615,False,False
3477e494de0e1677418b4764a19e7ba3b12289dd4ce39a5c36b60f52b30dde33,6001215,1024,bits-sq,512,256,4,selection_isolated,30,1.00319,1.00276175,1.0035910000000001,0.06438261944397373,False,False
3477e494de0e1677418b4764a19e7ba3b12289dd4ce39a5c36b60f52b30dde33,6001215,1024,bits-sq,512,256,4,transform_isolated,30,0.0491595,0.04897475,0.049314000000000004,0.9433680163549263,False,False
3477e494de0e1677418b4764a19e7ba3b12289dd4ce39a5c36b60f52b30dde33,6001215,1024,bits-sq,512,256,4,upload_shared,1,5.087979000000001,5.087979000000001,5.087979000000001,1.0009921424597075,False,False
3477e494de0e1677418b4764a19e7ba3b12289dd4ce39a5c36b60f52b30dde33,6001215,1024,bits-sq,512,256,7,download,30,0.011332,0.011058750000000001,0.0116005,1.0345040593010943,False,False
3477e494de0e1677418b4764a19e7ba3b12289dd4ce39a5c36b60f52b30dde33,6001215,1024,bits-sq,512,256,7,operator,30,0.9689030000000001,0.96820475,0.96936575,0.15531276092653237,False,False
3477e494de0e1677418b4764a19e7ba3b12289dd4ce39a5c36b60f52b30dde33,6001215,1024,bits-sq,512,256,7,output_isolated,30,0.00979,0.009531500000000002,0.010217500000000001,4.554954034729317,False,False
3477e494de0e1677418b4764a19e7ba3b12289dd4ce39a5c36b60f52b30dde33,6001215,1024,bits-sq,512,256,7,selection_isolated,30,0.9161480000000001,0.9158102499999999,0.9165807499999999,0.0704995262774137,False,False
3477e494de0e1677418b4764a19e7ba3b12289dd4ce39a5c36b60f52b30dde33,6001215,1024,bits-sq,512,256,7,transform_isolated,30,0.048995000000000004,0.048884000000000004,0.049126500000000003,0.946535360751097,False,False
3477e494de0e1677418b4764a19e7ba3b12289dd4ce39a5c36b60f52b30dde33,6001215,1024,bits-sq,512,256,7,upload_shared,1,5.1074090000000005,5.1074090000000005,5.1074090000000005,0.9971840907982893,False,False
3477e494de0e1677418b4764a19e7ba3b12289dd4ce39a5c36b60f52b30dde33,6001215,1024,bits-sq,512,256,8,download,30,0.011297500000000002,0.011071250000000001,0.0118805,1.0376631998229695,False,False
3477e494de0e1677418b4764a19e7ba3b12289dd4ce39a5c36b60f52b30dde33,6001215,1024,bits-sq,512,256,8,operator,30,0.9736605,0.9733099999999999,0.9739734999999999,0.1545538717037407,False,False
3477e494de0e1677418b4764a19e7ba3b12289dd4ce39a5c36b60f52b30dde33,6001215,1024,bits-sq,512,256,8,output_isolated,30,0.00989,0.009639749999999999,0.01030275,4.508897876643075,False,False
3477e494de0e1677418b4764a19e7ba3b12289dd4ce39a5c36b60f52b30dde33,6001215,1024,bits-sq,512,256,8,selection_isolated,30,0.9217315,0.9211985,0.9220745000000001,0.07007246687348756,False,False
3477e494de0e1677418b4764a19e7ba3b12289dd4ce39a5c36b60f52b30dde33,6001215,1024,bits-sq,512,256,8,transform_isolated,30,0.0488435,0.0486665,0.049034,0.9494712704863493,False,False
3477e494de0e1677418b4764a19e7ba3b12289dd4ce39a5c36b60f52b30dde33,6001215,1024,bits-sq,512,256,8,upload_shared,1,5.078575,5.078575,5.078575,1.0028456801366525,False,False
3477e494de0e1677418b4764a19e7ba3b12289dd4ce39a5c36b60f52b30dde33,6001215,1024,bits-sq,512,256,13,download,30,0.011532,0.0112395,0.012115750000000002,1.016562608394034,False,False
3477e494de0e1677418b4764a19e7ba3b12289dd4ce39a5c36b60f52b30dde33,6001215,1024,bits-sq,512,256,13,operator,30,0.9823335,0.9819304999999999,0.9826065,0.1531893191059859,False,False
3477e494de0e1677418b4764a19e7ba3b12289dd4ce39a5c36b60f52b30dde33,6001215,1024,bits-sq,512,256,13,output_isolated,30,0.00983,0.00959725,0.010241,4.536419125127162,False,False
3477e494de0e1677418b4764a19e7ba3b12289dd4ce39a5c36b60f52b30dde33,6001215,1024,bits-sq,512,256,13,selection_isolated,30,0.929899,0.9295955,0.9301775,0.06945700554576358,False,False
3477e494de0e1677418b4764a19e7ba3b12289dd4ce39a5c36b60f52b30dde33,6001215,1024,bits-sq,512,256,13,transform_isolated,30,0.0488585,0.048724,0.049029,0.9491797742460371,False,False
3477e494de0e1677418b4764a19e7ba3b12289dd4ce39a5c36b60f52b30dde33,6001215,1024,bits-sq,512,256,13,upload_shared,1,5.11479,5.11479,5.11479,0.9957450843534144,False,False
3477e494de0e1677418b4764a19e7ba3b12289dd4ce39a5c36b60f52b30dde33,6001215,1024,bits-sq,512,256,16,download,30,0.0112275,0.01098125,0.01163275,1.0441327098641728,False,False
3477e494de0e1677418b4764a19e7ba3b12289dd4ce39a5c36b60f52b30dde33,6001215,1024,bits-sq,512,256,16,operator,30,1.023025,1.0226342499999999,1.02325525,0.14709611202072284,False,False
3477e494de0e1677418b4764a19e7ba3b12289dd4ce39a5c36b60f52b30dde33,6001215,1024,bits-sq,512,256,16,output_isolated,30,0.009749500000000001,0.009574,0.0101175,4.573875583363249,False,False
3477e494de0e1677418b4764a19e7ba3b12289dd4ce39a5c36b60f52b30dde33,6001215,1024,bits-sq,512,256,16,selection_isolated,30,0.970395,0.9699625,0.97102825,0.06655846330617946,False,False
3477e494de0e1677418b4764a19e7ba3b12289dd4ce39a5c36b60f52b30dde33,6001215,1024,bits-sq,512,256,16,transform_isolated,30,0.048769,0.048675500000000003,0.048959749999999996,0.9509216920584798,False,False
3477e494de0e1677418b4764a19e7ba3b12289dd4ce39a5c36b60f52b30dde33,6001215,1024,bits-sq,512,256,16,upload_shared,1,5.073888999999999,5.073888999999999,5.073888999999999,1.0037718602042733,False,False
3477e494de0e1677418b4764a19e7ba3b12289dd4ce39a5c36b60f52b30dde33,6001215,1024,bits-sq,512,512,4,download,30,0.0116625,0.01128475,0.012153,1.0051875669882102,False,False
3477e494de0e1677418b4764a19e7ba3b12289dd4ce39a5c36b60f52b30dde33,6001215,1024,bits-sq,512,512,4,operator,30,0.7499865,0.7486449999999999,0.7515205,0.20064761165700984,False,False
3477e494de0e1677418b4764a19e7ba3b12289dd4ce39a5c36b60f52b30dde33,6001215,1024,bits-sq,512,512,4,output_isolated,30,0.0096795,0.009444250000000001,0.0099825,4.606952838473062,False,False
3477e494de0e1677418b4764a19e7ba3b12289dd4ce39a5c36b60f52b30dde33,6001215,1024,bits-sq,512,512,4,selection_isolated,30,0.6971269999999999,0.6960975,0.69776525,0.09264882869261987,False,False
3477e494de0e1677418b4764a19e7ba3b12289dd4ce39a5c36b60f52b30dde33,6001215,1024,bits-sq,512,512,4,transform_isolated,30,0.04937,0.049297499999999994,0.0494975,0.9393457565323071,False,False
3477e494de0e1677418b4764a19e7ba3b12289dd4ce39a5c36b60f52b30dde33,6001215,1024,bits-sq,512,512,4,upload_shared,1,5.012966,5.012966,5.012966,1.0159707845614754,False,False
3477e494de0e1677418b4764a19e7ba3b12289dd4ce39a5c36b60f52b30dde33,6001215,1024,bits-sq,512,512,7,download,30,0.011343,0.011236999999999999,0.0118055,1.033500837520938,False,False
3477e494de0e1677418b4764a19e7ba3b12289dd4ce39a5c36b60f52b30dde33,6001215,1024,bits-sq,512,512,7,operator,30,0.8121305000000001,0.8113142499999999,0.812601,0.1852941122147241,False,False
3477e494de0e1677418b4764a19e7ba3b12289dd4ce39a5c36b60f52b30dde33,6001215,1024,bits-sq,512,512,7,output_isolated,30,0.009579,0.0094015,0.009882499999999999,4.655287608309845,False,False
3477e494de0e1677418b4764a19e7ba3b12289dd4ce39a5c36b60f52b30dde33,6001215,1024,bits-sq,512,512,7,selection_isolated,30,0.759911,0.7593334999999999,0.7603120000000001,0.08499416379023333,False,False
3477e494de0e1677418b4764a19e7ba3b12289dd4ce39a5c36b60f52b30dde33,6001215,1024,bits-sq,512,512,7,transform_isolated,30,0.048529,0.048350500000000005,0.048664,0.9556244719652166,False,False
3477e494de0e1677418b4764a19e7ba3b12289dd4ce39a5c36b60f52b30dde33,6001215,1024,bits-sq,512,512,7,upload_shared,1,5.094348999999999,5.094348999999999,5.094348999999999,0.9997404967739746,False,False
3477e494de0e1677418b4764a19e7ba3b12289dd4ce39a5c36b60f52b30dde33,6001215,1024,bits-sq,512,512,8,download,30,0.011202,0.010848749999999999,0.011808,1.0465095518657384,False,False
3477e494de0e1677418b4764a19e7ba3b12289dd4ce39a5c36b60f52b30dde33,6001215,1024,bits-sq,512,512,8,operator,30,0.8391419999999999,0.8387485,0.8396730000000001,0.17932960094954134,False,False
3477e494de0e1677418b4764a19e7ba3b12289dd4ce39a5c36b60f52b30dde33,6001215,1024,bits-sq,512,512,8,output_isolated,30,0.009554,0.00935675,0.00988,4.66746912288047,False,False
3477e494de0e1677418b4764a19e7ba3b12289dd4ce39a5c36b60f52b30dde33,6001215,1024,bits-sq,512,512,8,selection_isolated,30,0.7867925,0.7861502499999999,0.787258,0.08209025886749048,False,False
3477e494de0e1677418b4764a19e7ba3b12289dd4ce39a5c36b60f52b30dde33,6001215,1024,bits-sq,512,512,8,transform_isolated,30,0.0486385,0.0484555,0.048769,0.9534730717435776,False,False
3477e494de0e1677418b4764a19e7ba3b12289dd4ce39a5c36b60f52b30dde33,6001215,1024,bits-sq,512,512,8,upload_shared,1,5.100969,5.100969,5.100969,0.9984430409202644,False,False
3477e494de0e1677418b4764a19e7ba3b12289dd4ce39a5c36b60f52b30dde33,6001215,1024,bits-sq,512,512,13,download,30,0.011347,0.011076250000000001,0.01206875,1.0331365118533535,False,False
3477e494de0e1677418b4764a19e7ba3b12289dd4ce39a5c36b60f52b30dde33,6001215,1024,bits-sq,512,512,13,operator,30,0.908612,0.907771,0.90890775,0.1656185478510079,False,False
3477e494de0e1677418b4764a19e7ba3b12289dd4ce39a5c36b60f52b30dde33,6001215,1024,bits-sq,512,512,13,output_isolated,30,0.009665,0.009444,0.00988,4.613864459389551,False,False
3477e494de0e1677418b4764a19e7ba3b12289dd4ce39a5c36b60f52b30dde33,6001215,1024,bits-sq,512,512,13,selection_isolated,30,0.855837,0.855321,0.85630275,0.07546764161867273,False,False
3477e494de0e1677418b4764a19e7ba3b12289dd4ce39a5c36b60f52b30dde33,6001215,1024,bits-sq,512,512,13,transform_isolated,30,0.0485935,0.0485415,0.04876375,0.9543560352722072,False,False
3477e494de0e1677418b4764a19e7ba3b12289dd4ce39a5c36b60f52b30dde33,6001215,1024,bits-sq,512,512,13,upload_shared,1,5.021599,5.021599,5.021599,1.0142241544974022,False,False
3477e494de0e1677418b4764a19e7ba3b12289dd4ce39a5c36b60f52b30dde33,6001215,1024,bits-sq,512,512,16,download,30,0.011362,0.011112,0.0118405,1.0317725752508362,False,False
3477e494de0e1677418b4764a19e7ba3b12289dd4ce39a5c36b60f52b30dde33,6001215,1024,bits-sq,512,512,16,operator,30,1.0281879999999999,1.0275595000000002,1.028708,0.1463574754811377,False,False
3477e494de0e1677418b4764a19e7ba3b12289dd4ce39a5c36b60f52b30dde33,6001215,1024,bits-sq,512,512,16,output_isolated,30,0.0098045,0.00959175,0.010211,4.548217655158346,False,False
3477e494de0e1677418b4764a19e7ba3b12289dd4ce39a5c36b60f52b30dde33,6001215,1024,bits-sq,512,512,16,selection_isolated,30,0.976074,0.975468,0.9765539999999999,0.06617121242856587,False,False
3477e494de0e1677418b4764a19e7ba3b12289dd4ce39a5c36b60f52b30dde33,6001215,1024,bits-sq,512,512,16,transform_isolated,30,0.048563499999999996,0.04842625,0.048729,0.9549455867060653,False,False
3477e494de0e1677418b4764a19e7ba3b12289dd4ce39a5c36b60f52b30dde33,6001215,1024,bits-sq,512,512,16,upload_shared,1,5.0632719999999996,5.0632719999999996,5.0632719999999996,1.0058766347136794,False,False
3477e494de0e1677418b4764a19e7ba3b12289dd4ce39a5c36b60f52b30dde33,6001215,1024,block-select,1,128,8,download,30,0.0185685,0.01759725,0.019153999999999997,0.6313380186875622,False,False
3477e494de0e1677418b4764a19e7ba3b12289dd4ce39a5c36b60f52b30dde33,6001215,1024,block-select,1,128,8,operator,30,23.759172,23.6957925,23.8097805,0.006333680315122093,False,False
3477e494de0e1677418b4764a19e7ba3b12289dd4ce39a5c36b60f52b30dde33,6001215,1024,block-select,1,128,8,output_isolated,30,0.017321000000000003,0.0165525,0.017862000000000003,2.5745049362046073,False,False
3477e494de0e1677418b4764a19e7ba3b12289dd4ce39a5c36b60f52b30dde33,6001215,1024,block-select,1,128,8,selection_isolated,30,23.751464500000004,23.686717500000004,23.794725000000003,0.002719327054548573,False,False
3477e494de0e1677418b4764a19e7ba3b12289dd4ce39a5c36b60f52b30dde33,6001215,1024,block-select,1,128,8,transform_isolated,30,0.048734,0.0483055,0.048993999999999996,0.9516046292116387,False,False
3477e494de0e1677418b4764a19e7ba3b12289dd4ce39a5c36b60f52b30dde33,6001215,1024,block-select,1,128,8,upload_shared,1,5.093027,5.093027,5.093027,1.0,False,False
3477e494de0e1677418b4764a19e7ba3b12289dd4ce39a5c36b60f52b30dde33,6001215,1024,grid-select,1,0,0,download,30,0.0120935,0.011623,0.012579,0.9693637077769051,True,True
3477e494de0e1677418b4764a19e7ba3b12289dd4ce39a5c36b60f52b30dde33,6001215,1024,grid-select,1,0,0,operator,30,2.0094195,1.99987775,2.01772275,0.07488879250947848,True,True
3477e494de0e1677418b4764a19e7ba3b12289dd4ce39a5c36b60f52b30dde33,6001215,1024,grid-select,1,0,0,output_isolated,30,0.0103905,0.01018275,0.010794249999999998,4.291708772436361,True,True
3477e494de0e1677418b4764a19e7ba3b12289dd4ce39a5c36b60f52b30dde33,6001215,1024,grid-select,1,0,0,selection_isolated,30,1.9651625,1.957003,1.9826867499999998,0.032866493228931454,True,True
3477e494de0e1677418b4764a19e7ba3b12289dd4ce39a5c36b60f52b30dde33,6001215,1024,grid-select,1,0,0,transform_isolated,30,0.055369,0.05526400000000001,0.055549,0.8375715653163323,True,True
3477e494de0e1677418b4764a19e7ba3b12289dd4ce39a5c36b60f52b30dde33,6001215,1024,grid-select,1,0,0,upload_shared,1,5.093027,5.093027,5.093027,1.0,True,True
