dataset_id,rows,k,backend,degree,block_size,items_per_thread,phase,samples,median_ms,p25_ms,p75_ms,speedup_vs_air,paper_selected,paper_global_selected
2749d31664905c24a21b64a3a74ce59d83e4f5ee9b5495dd2530667804fffa96,59986052,32,air-topk,1,512,0,download,30,0.0093945,0.009214,0.009802499999999999,1.0,True,True
2749d31664905c24a21b64a3a74ce59d83e4f5ee9b5495dd2530667804fffa96,59986052,32,air-topk,1,512,0,operator,30,0.79183,0.7903145,0.7939305,1.0,True,True
2749d31664905c24a21b64a3a74ce59d83e4f5ee9b5495dd2530667804fffa96,59986052,32,air-topk,1,512,0,output_isolated,30,0.013916,0.013731,0.01417425,1.0,True,True
2749d31664905c24a21b64a3a74ce59d83e4f5ee9b5495dd2530667804fffa96,59986052,32,air-topk,1,512,0,selection_isolated,30,0.3541915,0.35207575,0.35487275,1.0,True,True
2749d31664905c24a21b64a3a74ce59d83e4f5ee9b5495dd2530667804fffa96,59986052,32,air-topk,1,512,0,transform_isolated,30,0.44838449999999996,0.44770075,0.4497545,1.0,True,True
2749d31664905c24a21b64a3a74ce59d83e4f5ee9b5495dd2530667804fffa96,59986052,32,air-topk,1,512,0,upload_shared,1,48.805682000000004,48.805682000000004,48.805682000000004,1.0,True,True
2749d31664905c24a21b64a3a74ce59d83e4f5ee9b5495dd2530667804fffa96,59986052,32,bits-prefetch,1,128,4,download,30,0.021247000000000002,0.020824250000000002,0.021998749999999997,0.44215653974678776,False,False
2749d31664905c24a21b64a3a74ce59d83e4f5ee9b5495dd2530667804fffa96,59986052,32,bits-prefetch,1,128,4,operator,30,72.5891365,72.578863,72.60216,0.010908381586823258,False,False
2749d31664905c24a21b64a3a74ce59d83e4f5ee9b5495dd2530667804fffa96,59986052,32,bits-prefetch,1,128,4,output_isolated,30,0.02309,0.022289000000000003,0.024322000000000003,0.6026851450844521,False,False
2749d31664905c24a21b64a3a74ce59d83e4f5ee9b5495dd2530667804fffa96,59986052,32,bits-prefetch,1,128,4,selection_isolated,30,72.1313925,72.12201099999999,72.14239425,0.004910365483378128,False,False
2749d31664905c24a21b64a3a74ce59d83e4f5ee9b5495dd2530667804fffa96,59986052,32,bits-prefetch,1,128,4,transform_isolated,30,0.4461315,0.44549925,0.44668450000000004,1.0050500805255849,False,False
2749d31664905c24a21b64a3a74ce59d83e4f5ee9b5495dd2530667804fffa96,59986052,32,bits-prefetch,1,128,4,upload_shared,1,48.54001,48.54001,48.54001,1.00547325804012,False,False
2749d31664905c24a21b64a3a74ce59d83e4f5ee9b5495dd2530667804fffa96,59986052,32,bits-prefetch,1,128,7,download,30,0.019164,0.018638750000000003,0.0195975,0.49021603005635567,False,False
2749d31664905c24a21b64a3a74ce59d83e4f5ee9b5495dd2530667804fffa96,59986052,32,bits-prefetch,1,128,7,operator,30,45.0979495,45.095699499999995,45.102910249999994,0.017558004494195464,False,False
2749d31664905c24a21b64a3a74ce59d83e4f5ee9b5495dd2530667804fffa96,59986052,32,bits-prefetch,1,128,7,output_isolated,30,0.020360499999999997,0.0199225,0.020583499999999998,0.6834802681663025,False,False
2749d31664905c24a21b64a3a74ce59d83e4f5ee9b5495dd2530667804fffa96,59986052,32,bits-prefetch,1,128,7,selection_isolated,30,44.6414985,44.638130499999995,44.644622999999996,0.007934131064171155,False,False
2749d31664905c24a21b64a3a74ce59d83e4f5ee9b5495dd2530667804fffa96,59986052,32,bits-prefetch,1,128,7,transform_isolated,30,0.4456205,0.44464824999999997,0.44648600000000005,1.006202587179001,False,False
2749d31664905c24a21b64a3a74ce59d83e4f5ee9b5495dd2530667804fffa96,59986052,32,bits-prefetch,1,128,7,upload_shared,1,48.870281,48.870281,48.870281,0.9986781537024517,False,False
2749d31664905c24a21b64a3a74ce59d83e4f5ee9b5495dd2530667804fffa96,59986052,32,bits-prefetch,1,128,8,download,30,0.0188585,0.018539,0.01942975,0.4981573295861283,False,False
2749d31664905c24a21b64a3a74ce59d83e4f5ee9b5495dd2530667804fffa96,59986052,32,bits-prefetch,1,128,8,operator,30,41.817239,41.81428400000001,41.819950500000004,0.018935492130410618,False,False
2749d31664905c24a21b64a3a74ce59d83e4f5ee9b5495dd2530667804fffa96,59986052,32,bits-prefetch,1,128,8,output_isolated,30,0.01999,0.019411750000000002,0.0205785,0.6961480740370185,False,False
2749d31664905c24a21b64a3a74ce59d83e4f5ee9b5495dd2530667804fffa96,59986052,32,bits-prefetch,1,128,8,selection_isolated,30,41.35849400000001,41.35416975,41.36419975,0.008563936104636691,False,False
2749d31664905c24a21b64a3a74ce59d83e4f5ee9b5495dd2530667804fffa96,59986052,32,bits-prefetch,1,128,8,transform_isolated,30,0.4452295,0.44474650000000004,0.44609575,1.0070862330550872,False,False
2749d31664905c24a21b64a3a74ce59d83e4f5ee9b5495dd2530667804fffa96,59986052,32,bits-prefetch,1,128,8,upload_shared,1,48.685159999999996,48.685159999999996,48.685159999999996,1.002475538747331,False,False
2749d31664905c24a21b64a3a74ce59d83e4f5ee9b5495dd2530667804fffa96,59986052,32,bits-prefetch,1,128,13,download,30,0.0174465,0.01689575,0.017879500000000003,0.5384747657123206,False,False
2749d31664905c24a21b64a3a74ce59d83e4f5ee9b5495dd2530667804fffa96,59986052,32,bits-prefetch,1,128,13,operator,30,35.034020999999996,35.02893075,35.03920825,0.02260174474405893,False,False
2749d31664905c24a21b64a3a74ce59d83e4f5ee9b5495dd2530667804fffa96,59986052,32,bits-prefetch,1,128,13,output_isolated,30,0.0188235,0.018508,0.01955975,0.7392886551385236,False,False
2749d31664905c24a21b64a3a74ce59d83e4f5ee9b5495dd2530667804fffa96,59986052,32,bits-prefetch,1,128,13,selection_isolated,30,34.580964,34.57673,34.584168,0.010242383642052315,False,False
2749d31664905c24a21b64a3a74ce59d83e4f5ee9b5495dd2530667804fffa96,59986052,32,bits-prefetch,1,128,13,transform_isolated,30,0.44517399999999996,0.444293,0.446046,1.0072117868518826,False,False
2749d31664905c24a21b64a3a74ce59d83e4f5ee9b5495dd2530667804fffa96,59986052,32,bits-prefetch,1,128,13,upload_shared,1,48.795548000000004,48.795548000000004,48.795548000000004,1.0002076828812334,False,False
2749d31664905c24a21b64a3a74ce59d83e4f5ee9b5495dd2530667804fffa96,59986052,32,bits-prefetch,1,128,16,download,30,0.017426499999999998,0.01669275,0.017877,0.539092761024876,False,False
2749d31664905c24a21b64a3a74ce59d83e4f5ee9b5495dd2530667804fffa96,59986052,32,bits-prefetch,1,128,16,operator,30,31.578564,31.566028249999995,31.58930375,0.025074921076208533,False,False
2749d31664905c24a21b64a3a74ce59d83e4f5ee9b5495dd2530667804fffa96,59986052,32,bits-prefetch,1,128,16,output_isolated,30,0.018452999999999997,0.017707,0.0190965,0.7541321194385737,False,False
2749d31664905c24a21b64a3a74ce59d83e4f5ee9b5495dd2530667804fffa96,59986052,32,bits-prefetch,1,128,16,selection_isolated,30,31.122153,31.11047775,31.131880499999998,0.011380687576466833,False,False
2749d31664905c24a21b64a3a74ce59d83e4f5ee9b5495dd2530667804fffa96,59986052,32,bits-prefetch,1,128,16,transform_isolated,30,0.44505,0.44435325000000003,0.44659175,1.0074924165824064,False,False
2749d31664905c24a21b64a3a74ce59d83e4f5ee9b5495dd2530667804fffa96,59986052,32,bits-prefetch,1,128,16,upload_shared,1,48.716728,48.716728,48.716728,1.0018259436471186,False,False
2749d31664905c24a21b64a3a74ce59d83e4f5ee9b5495dd2530667804fffa96,59986052,32,bits-prefetch,1,256,4,download,30,0.018037499999999998,0.017677,0.01892875,0.5208316008316008,False,False
2749d31664905c24a21b64a3a74ce59d83e4f5ee9b5495dd2530667804fffa96,59986052,32,bits-prefetch,1,256,4,operator,30,39.393591,39.390471500000004,39.396393499999995,0.02010047776553298,False,False
2749d31664905c24a21b64a3a74ce59d83e4f5ee9b5495dd2530667804fffa96,59986052,32,bits-prefetch,1,256,4,output_isolated,30,0.019474,0.01885825,0.020050000000000002,0.7145938173975557,False,False
2749d31664905c24a21b64a3a74ce59d83e4f5ee9b5495dd2530667804fffa96,59986052,32,bits-prefetch,1,256,4,selection_isolated,30,38.939218,38.9355745,38.943249,0.009096009580880644,False,False
2749d31664905c24a21b64a3a74ce59d83e4f5ee9b5495dd2530667804fffa96,59986052,32,bits-prefetch,1,256,4,transform_isolated,30,0.445355,0.44461375000000003,0.44609825000000003,1.0068024385041145,False,False
2749d31664905c24a21b64a3a74ce59d83e4f5ee9b5495dd2530667804fffa96,59986052,32,bits-prefetch,1,256,4,upload_shared,1,48.739593,48.739593,48.739593,1.0013559612613099,False,False
2749d31664905c24a21b64a3a74ce59d83e4f5ee9b5495dd2530667804fffa96,59986052,32,bits-prefetch,1,256,7,download,30,0.01627,0.01561075,0.01658575,0.5774124154886294,False,False
2749d31664905c24a21b64a3a74ce59d83e4f5ee9b5495dd2530667804fffa96,59986052,32,bits-prefetch,1,256,7,operator,30,25.238292,25.23640175,25.2392805,0.031374151626425435,False,False
2749d31664905c24a21b64a3a74ce59d83e4f5ee9b5495dd2530667804fffa96,59986052,32,bits-prefetch,1,256,7,output_isolated,30,0.017331,0.01679825,0.0180945,0.8029542438405171,False,False
2749d31664905c24a21b64a3a74ce59d83e4f5ee9b5495dd2530667804fffa96,59986052,32,bits-prefetch,1,256,7,selection_isolated,30,24.785636500000003,24.784422499999998,24.786906249999998,0.014290191821380095,False,False
2749d31664905c24a21b64a3a74ce59d83e4f5ee9b5495dd2530667804fffa96,59986052,32,bits-prefetch,1,256,7,transform_isolated,30,0.444528,0.443928,0.4455,1.0086754940071265,False,False
2749d31664905c24a21b64a3a74ce59d83e4f5ee9b5495dd2530667804fffa96,59986052,32,bits-prefetch,1,256,7,upload_shared,1,48.712091,48.712091,48.712091,1.001921309434243,False,False
2749d31664905c24a21b64a3a74ce59d83e4f5ee9b5495dd2530667804fffa96,59986052,32,bits-prefetch,1,256,8,download,30,0.0159245,0.014762999999999998,0.016557500000000003,0.5899400295142704,False,False
2749d31664905c24a21b64a3a74ce59d83e4f5ee9b5495dd2530667804fffa96,59986052,32,bits-prefetch,1,256,8,operator,30,23.7609585,23.7584345,23.765918999999997,0.03332483409707567,False,False
2749d31664905c24a21b64a3a74ce59d83e4f5ee9b5495dd2530667804fffa96,59986052,32,bits-prefetch,1,256,8,output_isolated,30,0.01663,0.015719,0.017887,0.8368009621166567,False,False
2749d31664905c24a21b64a3a74ce59d83e4f5ee9b5495dd2530667804fffa96,59986052,32,bits-prefetch,1,256,8,selection_isolated,30,23.308392499999997,23.30557875,23.311662750000004,0.015195878480251267,False,False
2749d31664905c24a21b64a3a74ce59d83e4f5ee9b5495dd2530667804fffa96,59986052,32,bits-prefetch,1,256,8,transform_isolated,30,0.44538500000000003,0.44423549999999995,0.44625349999999997,1.0067346228543843,False,False
2749d31664905c24a21b64a3a74ce59d83e4f5ee9b5495dd2530667804fffa96,59986052,32,bits-prefetch,1,256,8,upload_shared,1,48.714082999999995,48.714082999999995,48.714082999999995,1.0018803392029367,False,False
2749d31664905c24a21b64a3a74ce59d83e4f5ee9b5495dd2530667804fffa96,59986052,32,bits-prefetch,1,256,13,download,30,0.0156385,0.01430675,0.01676075,0.6007289701697733,False,False
2749d31664905c24a21b64a3a74ce59d83e4f5ee9b5495dd2530667804fffa96,59986052,32,bits-prefetch,1,256,13,operator,30,20.3307305,20.327679,20.333125000000003,0.038947444608544685,False,False
2749d31664905c24a21b64a3a74ce59d83e4f5ee9b5495dd2530667804fffa96,59986052,32,bits-prefetch,1,256,13,output_isolated,30,0.015909,0.0152255,0.017026,0.8747249984285624,False,False
2749d31664905c24a21b64a3a74ce59d83e4f5ee9b5495dd2530667804fffa96,59986052,32,bits-prefetch,1,256,13,selection_isolated,30,19.8785655,19.87683825,19.880534,0.017817759536018832,False,False
2749d31664905c24a21b64a3a74ce59d83e4f5ee9b5495dd2530667804fffa96,59986052,32,bits-prefetch,1,256,13,transform_isolated,30,0.445009,0.44456625000000005,0.44572100000000003,1.0075852398490817,False,False
2749d31664905c24a21b64a3a74ce59d83e4f5ee9b5495dd2530667804fffa96,59986052,32,bits-prefetch,1,256,13,upload_shared,1,48.734314,48.734314,48.734314,1.0014644301754203,False,False
2749d31664905c24a21b64a3a74ce59d83e4f5ee9b5495dd2530667804fffa96,59986052,32,bits-prefetch,1,256,16,download,30,0.0152485,0.0146245,0.0161725,0.6160933862347117,False,False
2749d31664905c24a21b64a3a74ce59d83e4f5ee9b5495dd2530667804fffa96,59986052,32,bits-prefetch,1,256,16,operator,30,19.610594,19.60882875,19.6126255,0.0403776652558306,False,False
2749d31664905c24a21b64a3a74ce59d83e4f5ee9b5495dd2530667804fffa96,59986052,32,bits-prefetch,1,256,16,output_isolated,30,0.015704000000000003,0.015125500000000002,0.0164225,0.8861436576668363,False,False
2749d31664905c24a21b64a3a74ce59d83e4f5ee9b5495dd2530667804fffa96,59986052,32,bits-prefetch,1,256,16,selection_isolated,30,19.158915999999998,19.156557000000003,19.161376500000003,0.018487032356110336,False,False
2749d31664905c24a21b64a3a74ce59d83e4f5ee9b5495dd2530667804fffa96,59986052,32,bits-prefetch,1,256,16,transform_isolated,30,0.44427300000000003,0.44394049999999996,0.44543,1.0092544449021208,False,False
2749d31664905c24a21b64a3a74ce59d83e4f5ee9b5495dd2530667804fffa96,59986052,32,bits-prefetch,1,256,16,upload_shared,1,48.779802,48.779802,48.779802,1.000530547458967,False,False
2749d31664905c24a21b64a3a74ce59d83e4f5ee9b5495dd2530667804fffa96,59986052,32,bits-prefetch,1,512,4,download,30,0.015539,0.015003,0.01631925,0.6045755840144154,False,False
2749d31664905c24a21b64a3a74ce59d83e4f5ee9b5495dd2530667804fffa96,59986052,32,bits-prefetch,1,512,4,operator,30,20.923769,20.92232225,20.9257095,0.037843564417099046,False,False
2749d31664905c24a21b64a3a74ce59d83e4f5ee9b5495dd2530667804fffa96,59986052,32,bits-prefetch,1,512,4,output_isolated,30,0.01619,0.015914249999999998,0.016883250000000002,0.8595429277331686,False,False
2749d31664905c24a21b64a3a74ce59d83e4f5ee9b5495dd2530667804fffa96,59986052,32,bits-prefetch,1,512,4,selection_isolated,30,20.472701,20.47069225,20.47376275,0.017300672734877533,False,False
2749d31664905c24a21b64a3a74ce59d83e4f5ee9b5495dd2530667804fffa96,59986052,32,bits-prefetch,1,512,4,transform_isolated,30,0.4450545,0.44360975,0.44562275,1.007482229704452,False,False
2749d31664905c24a21b64a3a74ce59d83e4f5ee9b5495dd2530667804fffa96,59986052,32,bits-prefetch,1,512,4,upload_shared,1,48.681484,48.681484,48.681484,1.002551236934355,False,False
2749d31664905c24a21b64a3a74ce59d83e4f5ee9b5495dd2530667804fffa96,59986052,32,bits-prefetch,1,512,7,download,30,0.01319,0.01269475,0.014507,0.7122441243366187,False,False
2749d31664905c24a21b64a3a74ce59d83e4f5ee9b5495dd2530667804fffa96,59986052,32,bits-prefetch,1,512,7,operator,30,15.386885,15.385785499999999,15.388695499999999,0.05146135816313699,False,False
2749d31664905c24a21b64a3a74ce59d83e4f5ee9b5495dd2530667804fffa96,59986052,32,bits-prefetch,1,512,7,output_isolated,30,0.014731999999999999,0.013605,0.0159265,0.9446103719793647,False,False
2749d31664905c24a21b64a3a74ce59d83e4f5ee9b5495dd2530667804fffa96,59986052,32,bits-prefetch,1,512,7,selection_isolated,30,14.935441,14.934386499999999,14.9377065,0.02371483373005189,False,False
2749d31664905c24a21b64a3a74ce59d83e4f5ee9b5495dd2530667804fffa96,59986052,32,bits-prefetch,1,512,7,transform_isolated,30,0.444834,0.4441455,0.4455775,1.007981629102092,False,False
2749d31664905c24a21b64a3a74ce59d83e4f5ee9b5495dd2530667804fffa96,59986052,32,bits-prefetch,1,512,7,upload_shared,1,48.718669999999996,48.718669999999996,48.718669999999996,1.0017860093471356,False,False
2749d31664905c24a21b64a3a74ce59d83e4f5ee9b5495dd2530667804fffa96,59986052,32,bits-prefetch,1,512,8,download,30,0.014026,0.012646499999999998,0.014629499999999998,0.6697918152003423,False,False
2749d31664905c24a21b64a3a74ce59d83e4f5ee9b5495dd2530667804fffa96,59986052,32,bits-prefetch,1,512,8,operator,30,14.742869500000001,14.741328750000001,14.74493225,0.053709354206791286,False,False
2749d31664905c24a21b64a3a74ce59d83e4f5ee9b5495dd2530667804fffa96,59986052,32,bits-prefetch,1,512,8,output_isolated,30,0.014657,0.01393875,0.015549,0.9494439516954356,False,False
2749d31664905c24a21b64a3a74ce59d83e4f5ee9b5495dd2530667804fffa96,59986052,32,bits-prefetch,1,512,8,selection_isolated,30,14.2921315,14.290619,14.293125499999999,0.024782272679201137,False,False
2749d31664905c24a21b64a3a74ce59d83e4f5ee9b5495dd2530667804fffa96,59986052,32,bits-prefetch,1,512,8,transform_isolated,30,0.4446985,0.443963,0.44558499999999995,1.008288761936458,False,False
2749d31664905c24a21b64a3a74ce59d83e4f5ee9b5495dd2530667804fffa96,59986052,32,bits-prefetch,1,512,8,upload_shared,1,48.712651,48.712651,48.712651,1.0019097913599488,False,False
2749d31664905c24a21b64a3a74ce59d83e4f5ee9b5495dd2530667804fffa96,59986052,32,bits-prefetch,1,512,13,download,30,0.013335,0.012839250000000002,0.0149895,0.7044994375703038,False,False
2749d31664905c24a21b64a3a74ce59d83e4f5ee9b5495dd2530667804fffa96,59986052,32,bits-prefetch,1,512,13,operator,30,13.976493000000001,13.974710000000002,13.9781905,0.056654412519649956,False,False
2749d31664905c24a21b64a3a74ce59d83e4f5ee9b5495dd2530667804fffa96,59986052,32,bits-prefetch,1,512,13,output_isolated,30,0.014582500000000002,0.01397925,0.0157715,0.9542945311160637,False,False
2749d31664905c24a21b64a3a74ce59d83e4f5ee9b5495dd2530667804fffa96,59986052,32,bits-prefetch,1,512,13,selection_isolated,30,13.525404,13.524678,13.52631775,0.02618712904989751,False,False
2749d31664905c24a21b64a3a74ce59d83e4f5ee9b5495dd2530667804fffa96,59986052,32,bits-prefetch,1,512,13,transform_isolated,30,0.44469349999999996,0.44378975000000004,0.44550500000000004,1.008300098832117,False,False
2749d31664905c24a21b64a3a74ce59d83e4f5ee9b5495dd2530667804fffa96,59986052,32,bits-prefetch,1,512,13,upload_shared,1,48.827746,48.827746,48.827746,0.9995481257725886,False,False
2749d31664905c24a21b64a3a74ce59d83e4f5ee9b5495dd2530667804fffa96,59986052,32,bits-prefetch,1,512,16,download,30,0.013731,0.01279725,0.014371000000000002,0.6841817784575049,True,False
2749d31664905c24a21b64a3a74ce59d83e4f5ee9b5495dd2530667804fffa96,59986052,32,bits-prefetch,1,512,16,operator,30,13.1674415,13.164227,13.16932725,0.060135448484810054,True,False
2749d31664905c24a21b64a3a74ce59d83e4f5ee9b5495dd2530667804fffa96,59986052,32,bits-prefetch,1,512,16,output_isolated,30,0.014347,0.01338325,0.015432999999999999,0.9699588764201574,True,False
2749d31664905c24a21b64a3a74ce59d83e4f5ee9b5495dd2530667804fffa96,59986052,32,bits-prefetch,1,512,16,selection_isolated,30,12.712703,12.71071,12.714450750000001,0.02786122668011673,True,False
2749d31664905c24a21b64a3a74ce59d83e4f5ee9b5495dd2530667804fffa96,59986052,32,bits-prefetch,1,512,16,transform_isolated,30,0.44495450000000003,0.44384275,0.44573825,1.0077086533566915,True,False
2749d31664905c24a21b64a3a74ce59d83e4f5ee9b5495dd2530667804fffa96,59986052,32,bits-prefetch,1,512,16,upload_shared,1,48.805682000000004,48.805682000000004,48.805682000000004,1.0,True,False
2749d31664905c24a21b64a3a74ce59d83e4f5ee9b5495dd2530667804fffa96,59986052,32,bits-sq,8,128,4,download,30,0.012844499999999998,0.012071499999999999,0.01366775,0.7314025458367396,False,False
2749d31664905c24a21b64a3a74ce59d83e4f5ee9b5495dd2530667804fffa96,59986052,32,bits-sq,8,128,4,operator,30,10.496375,10.494670500000002,10.497774499999998,0.07543842517059461,False,False
2749d31664905c24a21b64a3a74ce59d83e4f5ee9b5495dd2530667804fffa96,59986052,32,bits-sq,8,128,4,output_isolated,30,0.012994499999999999,0.01247575,0.01431425,1.0709146177228828,False,False
2749d31664905c24a21b64a3a74ce59d83e4f5ee9b5495dd2530667804fffa96,59986052,32,bits-sq,8,128,4,selection_isolated,30,10.044645,10.044184999999999,10.045681250000001,0.03526172403305443,False,False
2749d31664905c24a21b64a3a74ce59d83e4f5ee9b5495dd2530667804fffa96,59986052,32,bits-sq,8,128,4,transform_isolated,30,0.444393,0.4438195,0.44555249999999996,1.0089819146566215,False,False
2749d31664905c24a21b64a3a74ce59d83e4f5ee9b5495dd2530667804fffa96,59986052,32,bits-sq,8,128,4,upload_shared,1,48.54001,48.54001,48.54001,1.00547325804012,False,False
2749d31664905c24a21b64a3a74ce59d83e4f5ee9b5495dd2530667804fffa96,59986052,32,bits-sq,8,128,7,download,30,0.0120635,0.01102875,0.012766749999999999,0.7787540929249389,False,False
2749d31664905c24a21b64a3a74ce59d83e4f5ee9b5495dd2530667804fffa96,59986052,32,bits-sq,8,128,7,operator,30,8.4503695,8.449630500000001,8.45158925,0.0937035948546392,False,False
2749d31664905c24a21b64a3a74ce59d83e4f5ee9b5495dd2530667804fffa96,59986052,32,bits-sq,8,128,7,output_isolated,30,0.012559,0.011605500000000001,0.0133325,1.1080500039812087,False,False
2749d31664905c24a21b64a3a74ce59d83e4f5ee9b5495dd2530667804fffa96,59986052,32,bits-sq,8,128,7,selection_isolated,30,8.000343,7.9996185,8.0011615,0.04427203933631345,False,False
2749d31664905c24a21b64a3a74ce59d83e4f5ee9b5495dd2530667804fffa96,59986052,32,bits-sq,8,128,7,transform_isolated,30,0.444369,0.443507,0.44525000000000003,1.0090364089304158,False,False
2749d31664905c24a21b64a3a74ce59d83e4f5ee9b5495dd2530667804fffa96,59986052,32,bits-sq,8,128,7,upload_shared,1,48.870281,48.870281,48.870281,0.9986781537024517,False,False
2749d31664905c24a21b64a3a74ce59d83e4f5ee9b5495dd2530667804fffa96,59986052,32,bits-sq,8,128,8,download,30,0.011888,0.011272,0.01278725,0.7902506729475102,False,False
2749d31664905c24a21b64a3a74ce59d83e4f5ee9b5495dd2530667804fffa96,59986052,32,bits-sq,8,128,8,operator,30,8.25921,8.25802075,8.260722000000001,0.09587236551679883,False,False
2749d31664905c24a21b64a3a74ce59d83e4f5ee9b5495dd2530667804fffa96,59986052,32,bits-sq,8,128,8,output_isolated,30,0.012514500000000001,0.012008,0.01304725,1.111990091493867,False,False
2749d31664905c24a21b64a3a74ce59d83e4f5ee9b5495dd2530667804fffa96,59986052,32,bits-sq,8,128,8,selection_isolated,30,7.8093129999999995,7.8080535,7.809934,0.04535501394296784,False,False
2749d31664905c24a21b64a3a74ce59d83e4f5ee9b5495dd2530667804fffa96,59986052,32,bits-sq,8,128,8,transform_isolated,30,0.4445485,0.44378525,0.44538225,1.0086289797401182,False,False
2749d31664905c24a21b64a3a74ce59d83e4f5ee9b5495dd2530667804fffa96,59986052,32,bits-sq,8,128,8,upload_shared,1,48.685159999999996,48.685159999999996,48.685159999999996,1.002475538747331,False,False
2749d31664905c24a21b64a3a74ce59d83e4f5ee9b5495dd2530667804fffa96,59986052,32,bits-sq,8,128,13,download,30,0.012208499999999999,0.011703,0.012639,0.769504853176066,False,False
2749d31664905c24a21b64a3a74ce59d83e4f5ee9b5495dd2530667804fffa96,59986052,32,bits-sq,8,128,13,operator,30,7.569153999999999,7.5678245,7.57115525,0.10461274800327752,False,False
2749d31664905c24a21b64a3a74ce59d83e4f5ee9b5495dd2530667804fffa96,59986052,32,bits-sq,8,128,13,output_isolated,30,0.012509,0.0120955,0.01337825,1.1124790151091215,False,False
2749d31664905c24a21b64a3a74ce59d83e4f5ee9b5495dd2530667804fffa96,59986052,32,bits-sq,8,128,13,selection_isolated,30,7.118997,7.118374500000001,7.11951525,0.04975300593608903,False,False
2749d31664905c24a21b64a3a74ce59d83e4f5ee9b5495dd2530667804fffa96,59986052,32,bits-sq,8,128,13,transform_isolated,30,0.444458,0.44338625000000004,0.44529975,1.0088343555521555,False,False
2749d31664905c24a21b64a3a74ce59d83e4f5ee9b5495dd2530667804fffa96,59986052,32,bits-sq,8,128,13,upload_shared,1,48.795548000000004,48.795548000000004,48.795548000000004,1.0002076828812334,False,False
2749d31664905c24a21b64a3a74ce59d83e4f5ee9b5495dd2530667804fffa96,59986052,32,bits-sq,8,128,16,download,30,0.0116675,0.011137250000000001,0.01272125,0.8051853439040068,False,False
2749d31664905c24a21b64a3a74ce59d83e4f5ee9b5495dd2530667804fffa96,59986052,32,bits-sq,8,128,16,operator,30,7.443348500000001,7.4416885,7.4446235,0.10638088489340516,False,False
2749d31664905c24a21b64a3a74ce59d83e4f5ee9b5495dd2530667804fffa96,59986052,32,bits-sq,8,128,16,output_isolated,30,0.012289,0.01163975,0.01303725,1.1323948246399218,False,False
2749d31664905c24a21b64a3a74ce59d83e4f5ee9b5495dd2530667804fffa96,59986052,32,bits-sq,8,128,16,selection_isolated,30,6.993557,6.9928110000000006,6.994415750000001,0.05064540118855112,False,False
2749d31664905c24a21b64a3a74ce59d83e4f5ee9b5495dd2530667804fffa96,59986052,32,bits-sq,8,128,16,transform_isolated,30,0.4444385,0.44334425,0.44574274999999997,1.0088786187515257,False,False
2749d31664905c24a21b64a3a74ce59d83e4f5ee9b5495dd2530667804fffa96,59986052,32,bits-sq,8,128,16,upload_shared,1,48.716728,48.716728,48.716728,1.0018259436471186,False,False
2749d31664905c24a21b64a3a74ce59d83e4f5ee9b5495dd2530667804fffa96,59986052,32,bits-sq,8,256,4,download,30,0.011282,0.010655999999999999,0.012266250000000001,0.8326981031731963,False,False
2749d31664905c24a21b64a3a74ce59d83e4f5ee9b5495dd2530667804fffa96,59986052,32,bits-sq,8,256,4,operator,30,5.789963,5.789054500000001,5.791738500000001,0.13675907773503906,False,False
2749d31664905c24a21b64a3a74ce59d83e4f5ee9b5495dd2530667804fffa96,59986052,32,bits-sq,8,256,4,output_isolated,30,0.011487,0.010974500000000002,0.011995750000000001,1.2114564290067031,False,False
2749d31664905c24a21b64a3a74ce59d83e4f5ee9b5495dd2530667804fffa96,59986052,32,bits-sq,8,256,4,selection_isolated,30,5.340325999999999,5.33974375,5.34108125,0.06632394726464265,False,False
2749d31664905c24a21b64a3a74ce59d83e4f5ee9b5495dd2530667804fffa96,59986052,32,bits-sq,8,256,4,transform_isolated,30,0.444614,0.443567,0.44522224999999993,1.0084803897313175,False,False
2749d31664905c24a21b64a3a74ce59d83e4f5ee9b5495dd2530667804fffa96,59986052,32,bits-sq,8,256,4,upload_shared,1,48.739593,48.739593,48.739593,1.0013559612613099,False,False
2749d31664905c24a21b64a3a74ce59d83e4f5ee9b5495dd2530667804fffa96,59986052,32,bits-sq,8,256,7,download,30,0.010641,0.010038499999999999,0.011354499999999998,0.8828587538765155,False,False
2749d31664905c24a21b64a3a74ce59d83e4f5ee9b5495dd2530667804fffa96,59986052,32,bits-sq,8,256,7,operator,30,4.7045835,4.7030905,4.7055475,0.16831032970293758,False,False
2749d31664905c24a21b64a3a74ce59d83e4f5ee9b5495dd2530667804fffa96,59986052,32,bits-sq,8,256,7,output_isolated,30,0.010917,0.01029075,0.0117045,1.2747091691856738,False,False
2749d31664905c24a21b64a3a74ce59d83e4f5ee9b5495dd2530667804fffa96,59986052,32,bits-sq,8,256,7,selection_isolated,30,4.255488,4.2549745,4.25614975,0.08323169986614931,False,False
2749d31664905c24a21b64a3a74ce59d83e4f5ee9b5495dd2530667804fffa96,59986052,32,bits-sq,8,256,7,transform_isolated,30,0.4442485,0.443237,0.44550325,1.009310104592362,False,False
2749d31664905c24a21b64a3a74ce59d83e4f5ee9b5495dd2530667804fffa96,59986052,32,bits-sq,8,256,7,upload_shared,1,48.712091,48.712091,48.712091,1.001921309434243,False,False
2749d31664905c24a21b64a3a74ce59d83e4f5ee9b5495dd2530667804fffa96,59986052,32,bits-sq,8,256,8,download,30,0.010626,0.009914999999999998,0.011797750000000003,0.8841050254093732,False,False
2749d31664905c24a21b64a3a74ce59d83e4f5ee9b5495dd2530667804fffa96,59986052,32,bits-sq,8,256,8,operator,30,4.578838,4.57773125,4.579759749999999,0.17293252130780778,False,False
2749d31664905c24a21b64a3a74ce59d83e4f5ee9b5495dd2530667804fffa96,59986052,32,bits-sq,8,256,8,output_isolated,30,0.0107265,0.01032,0.011292,1.297347690299725,False,False
2749d31664905c24a21b64a3a74ce59d83e4f5ee9b5495dd2530667804fffa96,59986052,32,bits-sq,8,256,8,selection_isolated,30,4.1296025,4.12883875,4.1297555,0.08576890875090278,False,False
2749d31664905c24a21b64a3a74ce59d83e4f5ee9b5495dd2530667804fffa96,59986052,32,bits-sq,8,256,8,transform_isolated,30,0.4442685,0.4432745,0.4451465,1.0092646676503059,False,False
2749d31664905c24a21b64a3a74ce59d83e4f5ee9b5495dd2530667804fffa96,59986052,32,bits-sq,8,256,8,upload_shared,1,48.714082999999995,48.714082999999995,48.714082999999995,1.0018803392029367,False,False
2749d31664905c24a21b64a3a74ce59d83e4f5ee9b5495dd2530667804fffa96,59986052,32,bits-sq,8,256,13,download,30,0.010420500000000001,0.00975175,0.011663,0.9015402331941844,False,False
2749d31664905c24a21b64a3a74ce59d83e4f5ee9b5495dd2530667804fffa96,59986052,32,bits-sq,8,256,13,operator,30,4.1927484999999995,4.191072500000001,4.19320875,0.1888570230243956,False,False
2749d31664905c24a21b64a3a74ce59d83e4f5ee9b5495dd2530667804fffa96,59986052,32,bits-sq,8,256,13,output_isolated,30,0.010791499999999999,0.01023525,0.011277750000000001,1.289533429087708,False,False
2749d31664905c24a21b64a3a74ce59d83e4f5ee9b5495dd2530667804fffa96,59986052,32,bits-sq,8,256,13,selection_isolated,30,3.7441934999999997,3.7438054999999997,3.744714,0.09459754149992515,False,False
2749d31664905c24a21b64a3a74ce59d83e4f5ee9b5495dd2530667804fffa96,59986052,32,bits-sq,8,256,13,transform_isolated,30,0.444653,0.443702,0.44535675,1.0083919370835235,False,False
2749d31664905c24a21b64a3a74ce59d83e4f5ee9b5495dd2530667804fffa96,59986052,32,bits-sq,8,256,13,upload_shared,1,48.734314,48.734314,48.734314,1.0014644301754203,False,False
2749d31664905c24a21b64a3a74ce59d83e4f5ee9b5495dd2530667804fffa96,59986052,32,bits-sq,8,256,16,download,30,0.0108415,0.0097465,0.0112495,0.8665313840335747,False,False
2749d31664905c24a21b64a3a74ce59d83e4f5ee9b5495dd2530667804fffa96,59986052,32,bits-sq,8,256,16,operator,30,4.1380095,4.13716575,4.13903425,0.19135528809201624,False,False
2749d31664905c24a21b64a3a74ce59d83e4f5ee9b5495dd2530667804fffa96,59986052,32,bits-sq,8,256,16,output_isolated,30,0.0107715,0.0102425,0.011222,1.2919277723622522,False,False
2749d31664905c24a21b64a3a74ce59d83e4f5ee9b5495dd2530667804fffa96,59986052,32,bits-sq,8,256,16,selection_isolated,30,3.6892899999999997,3.68880925,3.69000625,0.09600532893863048,False,False
2749d31664905c24a21b64a3a74ce59d83e4f5ee9b5495dd2530667804fffa96,59986052,32,bits-sq,8,256,16,transform_isolated,30,0.4448935,0.4441255,0.44589524999999997,1.0078468217674565,False,False
2749d31664905c24a21b64a3a74ce59d83e4f5ee9b5495dd2530667804fffa96,59986052,32,bits-sq,8,256,16,upload_shared,1,48.779802,48.779802,48.779802,1.000530547458967,False,False
2749d31664905c24a21b64a3a74ce59d83e4f5ee9b5495dd2530667804fffa96,59986052,32,bits-sq,8,512,4,download,30,0.0101805,0.009877499999999999,0.0106085,0.9227935759540298,False,False
2749d31664905c24a21b64a3a74ce59d83e4f5ee9b5495dd2530667804fffa96,59986052,32,bits-sq,8,512,4,operator,30,3.528086,3.52724225,3.52906775,0.22443613902835702,False,False
2749d31664905c24a21b64a3a74ce59d83e4f5ee9b5495dd2530667804fffa96,59986052,32,bits-sq,8,512,4,output_isolated,30,0.010131000000000001,0.0097075,0.010621750000000001,1.373605764485243,False,False
2749d31664905c24a21b64a3a74ce59d83e4f5ee9b5495dd2530667804fffa96,59986052,32,bits-sq,8,512,4,selection_isolated,30,3.0796765,3.079186,3.080342,0.11500931997240618,False,False
2749d31664905c24a21b64a3a74ce59d83e4f5ee9b5495dd2530667804fffa96,59986052,32,bits-sq,8,512,4,transform_isolated,30,0.444453,0.44364775,0.4449415,1.008845704720184,False,False
2749d31664905c24a21b64a3a74ce59d83e4f5ee9b5495dd2530667804fffa96,59986052,32,bits-sq,8,512,4,upload_shared,1,48.681484,48.681484,48.681484,1.002551236934355,False,False
2749d31664905c24a21b64a3a74ce59d83e4f5ee9b5495dd2530667804fffa96,59986052,32,bits-sq,8,512,7,download,30,0.0100155,0.009484,0.0107635,0.9379961060356448,False,False
2749d31664905c24a21b64a3a74ce59d83e4f5ee9b5495dd2530667804fffa96,59986052,32,bits-sq,8,512,7,operator,30,2.9878324999999997,2.9867125,2.9890465,0.2650182029949805,False,False
2749d31664905c24a21b64a3a74ce59d83e4f5ee9b5495dd2530667804fffa96,59986052,32,bits-sq,8,512,7,output_isolated,30,0.010225499999999998,0.009725,0.0108585,1.3609114468730137,False,False
2749d31664905c24a21b64a3a74ce59d83e4f5ee9b5495dd2530667804fffa96,59986052,32,bits-sq,8,512,7,selection_isolated,30,2.539503,2.539188,2.5400840000000002,0.13947276297763775,False,False
2749d31664905c24a21b64a3a74ce59d83e4f5ee9b5495dd2530667804fffa96,59986052,32,bits-sq,8,512,7,transform_isolated,30,0.4441385,0.44387550000000003,0.44505724999999996,1.0095600809207037,False,False
2749d31664905c24a21b64a3a74ce59d83e4f5ee9b5495dd2530667804fffa96,59986052,32,bits-sq,8,512,7,upload_shared,1,48.718669999999996,48.718669999999996,48.718669999999996,1.0017860093471356,False,False
2749d31664905c24a21b64a3a74ce59d83e4f5ee9b5495dd2530667804fffa96,59986052,32,bits-sq,8,512,8,download,30,0.01014,0.009675,0.01107375,0.9264792899408284,False,False
2749d31664905c24a21b64a3a74ce59d83e4f5ee9b5495dd2530667804fffa96,59986052,32,bits-sq,8,512,8,operator,30,2.8281004999999997,2.8266090000000004,2.8288312500000004,0.2799865139163195,False,False
2749d31664905c24a21b64a3a74ce59d83e4f5ee9b5495dd2530667804fffa96,59986052,32,bits-sq,8,512,8,output_isolated,30,0.00992,0.00954925,0.010456,1.4028225806451613,False,False
2749d31664905c24a21b64a3a74ce59d83e4f5ee9b5495dd2530667804fffa96,59986052,32,bits-sq,8,512,8,selection_isolated,30,2.380076,2.3796035000000004,2.38045925,0.14881520590098804,False,False
2749d31664905c24a21b64a3a74ce59d83e4f5ee9b5495dd2530667804fffa96,59986052,32,bits-sq,8,512,8,transform_isolated,30,0.44390300000000005,0.44330200000000003,0.44527725,1.0100956740549172,False,False
2749d31664905c24a21b64a3a74ce59d83e4f5ee9b5495dd2530667804fffa96,59986052,32,bits-sq,8,512,8,upload_shared,1,48.712651,48.712651,48.712651,1.0019097913599488,False,False
2749d31664905c24a21b64a3a74ce59d83e4f5ee9b5495dd2530667804fffa96,59986052,32,bits-sq,8,512,13,download,30,0.00983,0.00927925,0.010405750000000002,0.9556968463886063,False,False
2749d31664905c24a21b64a3a74ce59d83e4f5ee9b5495dd2530667804fffa96,59986052,32,bits-sq,8,512,13,operator,30,2.6971825000000003,2.69643525,2.698694,0.2935767231175495,False,False
2749d31664905c24a21b64a3a74ce59d83e4f5ee9b5495dd2530667804fffa96,59986052,32,bits-sq,8,512,13,output_isolated,30,0.009985500000000001,0.009479749999999999,0.0103175,1.3936207500876268,False,False
2749d31664905c24a21b64a3a74ce59d83e4f5ee9b5495dd2530667804fffa96,59986052,32,bits-sq,8,512,13,selection_isolated,30,2.249403,2.2489722500000005,2.2497844999999996,0.15746022389051673,False,False
2749d31664905c24a21b64a3a74ce59d83e4f5ee9b5495dd2530667804fffa96,59986052,32,bits-sq,8,512,13,transform_isolated,30,0.444248,0.442996,0.44457875,1.009311240568331,False,False
2749d31664905c24a21b64a3a74ce59d83e4f5ee9b5495dd2530667804fffa96,59986052,32,bits-sq,8,512,13,upload_shared,1,48.827746,48.827746,48.827746,0.9995481257725886,False,False
2749d31664905c24a21b64a3a74ce59d83e4f5ee9b5495dd2530667804fffa96,59986052,32,bits-sq,8,512,16,download,30,0.01021,0.0098075,0.01131675,0.9201273261508325,False,False
2749d31664905c24a21b64a3a74ce59d83e4f5ee9b5495dd2530667804fffa96,59986052,32,bits-sq,8,512,16,operator,30,2.648754,2.64773625,2.65014275,0.2989443338263954,False,False
2749d31664905c24a21b64a3a74ce59d83e4f5ee9b5495dd2530667804fffa96,59986052,32,bits-sq,8,512,16,output_isolated,30,0.009864999999999999,0.009254,0.010283249999999999,1.4106436898124683,False,False
2749d31664905c24a21b64a3a74ce59d83e4f5ee9b5495dd2530667804fffa96,59986052,32,bits-sq,8,512,16,selection_isolated,30,2.1987165,2.1983377500000003,2.19926275,0.16109011780281812,False,False
2749d31664905c24a21b64a3a74ce59d83e4f5ee9b5495dd2530667804fffa96,59986052,32,bits-sq,8,512,16,transform_isolated,30,0.44491400000000003,0.444303,0.4455675,1.0078003838944154,False,False
2749d31664905c24a21b64a3a74ce59d83e4f5ee9b5495dd2530667804fffa96,59986052,32,bits-sq,8,512,16,upload_shared,1,48.805682000000004,48.805682000000004,48.805682000000004,1.0,False,False
2749d31664905c24a21b64a3a74ce59d83e4f5ee9b5495dd2530667804fffa96,59986052,32,bits-sq,32,128,4,download,30,0.01021,0.0095065,0.01077925,0.9201273261508325,False,False
2749d31664905c24a21b64a3a74ce59d83e4f5ee9b5495dd2530667804fffa96,59986052,32,bits-sq,32,128,4,operator,30,3.066075,3.0654425,3.06677175,0.2582552612052869,False,False
2749d31664905c24a21b64a3a74ce59d83e4f5ee9b5495dd2530667804fffa96,59986052,32,bits-sq,32,128,4,output_isolated,30,0.009915,0.009777500000000001,0.010749249999999998,1.4035300050428643,False,False
2749d31664905c24a21b64a3a74ce59d83e4f5ee9b5495dd2530667804fffa96,59986052,32,bits-sq,32,128,4,selection_isolated,30,2.618297,2.6176287499999997,2.618728,0.13527552451077932,False,False
2749d31664905c24a21b64a3a74ce59d83e4f5ee9b5495dd2530667804fffa96,59986052,32,bits-sq,32,128,4,transform_isolated,30,0.444363,0.44362225000000005,0.44494924999999996,1.0090500334186239,False,False
2749d31664905c24a21b64a3a74ce59d83e4f5ee9b5495dd2530667804fffa96,59986052,32,bits-sq,32,128,4,upload_shared,1,48.766984,48.766984,48.766984,1.000793528670955,False,False
2749d31664905c24a21b64a3a74ce59d83e4f5ee9b5495dd2530667804fffa96,59986052,32,bits-sq,32,128,7,download,30,0.0096895,0.00933675,0.01047825,0.9695546725837246,False,False
2749d31664905c24a21b64a3a74ce59d83e4f5ee9b5495dd2530667804fffa96,59986052,32,bits-sq,32,128,7,operator,30,2.5172445,2.516609,2.526656,0.31456221276876367,False,False
2749d31664905c24a21b64a3a74ce59d83e4f5ee9b5495dd2530667804fffa96,59986052,32,bits-sq,32,128,7,output_isolated,30,0.0096945,0.00935675,0.01011775,1.4354530919593584,False,False
2749d31664905c24a21b64a3a74ce59d83e4f5ee9b5495dd2530667804fffa96,59986052,32,bits-sq,32,128,7,selection_isolated,30,2.070142,2.0694035,2.078344,0.17109526786085205,False,False
2749d31664905c24a21b64a3a74ce59d83e4f5ee9b5495dd2530667804fffa96,59986052,32,bits-sq,32,128,7,transform_isolated,30,0.4444435,0.44331625,0.4450215,1.0088672688429463,False,False
2749d31664905c24a21b64a3a74ce59d83e4f5ee9b5495dd2530667804fffa96,59986052,32,bits-sq,32,128,7,upload_shared,1,48.685541,48.685541,48.685541,1.0024676936423487,False,False
2749d31664905c24a21b64a3a74ce59d83e4f5ee9b5495dd2530667804fffa96,59986052,32,bits-sq,32,128,8,download,30,0.009774999999999999,0.00926425,0.0103135,0.961074168797954,False,False
2749d31664905c24a21b64a3a74ce59d83e4f5ee9b5495dd2530667804fffa96,59986052,32,bits-sq,32,128,8,operator,30,2.4822509999999998,2.481195,2.48296525,0.31899674932148286,False,False
2749d31664905c24a21b64a3a74ce59d83e4f5ee9b5495dd2530667804fffa96,59986052,32,bits-sq,32,128,8,output_isolated,30,0.0099605,0.00931225,0.010247499999999998,1.3971186185432456,False,False
2749d31664905c24a21b64a3a74ce59d83e4f5ee9b5495dd2530667804fffa96,59986052,32,bits-sq,32,128,8,selection_isolated,30,2.034458,2.0340045,2.0348112499999997,0.1740962457814317,False,False
2749d31664905c24a21b64a3a74ce59d83e4f5ee9b5495dd2530667804fffa96,59986052,32,bits-sq,32,128,8,transform_isolated,30,0.444193,0.44334375000000004,0.44553,1.009436213537809,False,False
2749d31664905c24a21b64a3a74ce59d83e4f5ee9b5495dd2530667804fffa96,59986052,32,bits-sq,32,128,8,upload_shared,1,48.612640999999996,48.612640999999996,48.612640999999996,1.0039710041674141,False,False
2749d31664905c24a21b64a3a74ce59d83e4f5ee9b5495dd2530667804fffa96,59986052,32,bits-sq,32,128,13,download,30,0.009624500000000001,0.00919675,0.010256,0.9761026546833601,False,False
2749d31664905c24a21b64a3a74ce59d83e4f5ee9b5495dd2530667804fffa96,59986052,32,bits-sq,32,128,13,operator,30,2.2786479999999996,2.2781320000000003,2.2800874999999996,0.34749992100578947,False,False
2749d31664905c24a21b64a3a74ce59d83e4f5ee9b5495dd2530667804fffa96,59986052,32,bits-sq,32,128,13,output_isolated,30,0.00979,0.009506500000000001,0.010055,1.4214504596527069,False,False
2749d31664905c24a21b64a3a74ce59d83e4f5ee9b5495dd2530667804fffa96,59986052,32,bits-sq,32,128,13,selection_isolated,30,1.831425,1.83114425,1.83183025,0.19339667199038998,False,False
2749d31664905c24a21b64a3a74ce59d83e4f5ee9b5495dd2530667804fffa96,59986052,32,bits-sq,32,128,13,transform_isolated,30,0.443868,0.44339199999999995,0.444864,1.0101753223931438,False,False
2749d31664905c24a21b64a3a74ce59d83e4f5ee9b5495dd2530667804fffa96,59986052,32,bits-sq,32,128,13,upload_shared,1,48.699953,48.699953,48.699953,1.0021710287892887,False,False
2749d31664905c24a21b64a3a74ce59d83e4f5ee9b5495dd2530667804fffa96,59986052,32,bits-sq,32,128,16,download,30,0.00964,0.009205749999999999,0.010276,0.974533195020747,False,False
2749d31664905c24a21b64a3a74ce59d83e4f5ee9b5495dd2530667804fffa96,59986052,32,bits-sq,32,128,16,operator,30,2.2485524999999997,2.2477560000000003,2.2493555,0.35215099491784163,False,False
2749d31664905c24a21b64a3a74ce59d83e4f5ee9b5495dd2530667804fffa96,59986052,32,bits-sq,32,128,16,output_isolated,30,0.009664,0.009386499999999999,0.0102275,1.4399834437086092,False,False
2749d31664905c24a21b64a3a74ce59d83e4f5ee9b5495dd2530667804fffa96,59986052,32,bits-sq,32,128,16,selection_isolated,30,1.8010989999999998,1.8007415,1.8014997499999998,0.19665298798122705,False,False
2749d31664905c24a21b64a3a74ce59d83e4f5ee9b5495dd2530667804fffa96,59986052,32,bits-sq,32,128,16,transform_isolated,30,0.444113,0.443452,0.44495625000000005,1.0096180476590417,False,False
2749d31664905c24a21b64a3a74ce59d83e4f5ee9b5495dd2530667804fffa96,59986052,32,bits-sq,32,128,16,upload_shared,1,48.740744,48.740744,48.740744,1.0013323145005748,False,False
2749d31664905c24a21b64a3a74ce59d83e4f5ee9b5495dd2530667804fffa96,59986052,32,bits-sq,32,256,4,download,30,0.009624500000000001,0.009241,0.0100275,0.9761026546833601,False,False
2749d31664905c24a21b64a3a74ce59d83e4f5ee9b5495dd2530667804fffa96,59986052,32,bits-sq,32,256,4,operator,30,1.872232,1.8709752499999999,1.8730480000000003,0.4229336962513193,False,False
2749d31664905c24a21b64a3a74ce59d83e4f5ee9b5495dd2530667804fffa96,59986052,32,bits-sq,32,256,4,output_isolated,30,0.009329,0.0090215,0.00986175,1.4916925715510772,False,False
2749d31664905c24a21b64a3a74ce59d83e4f5ee9b5495dd2530667804fffa96,59986052,32,bits-sq,32,256,4,selection_isolated,30,1.4240430000000002,1.4238705,1.4245815,0.2487224753746902,False,False
2749d31664905c24a21b64a3a74ce59d83e4f5ee9b5495dd2530667804fffa96,59986052,32,bits-sq,32,256,4,transform_isolated,30,0.4443985,0.44366525,0.44502425,1.0089694272145382,False,False
2749d31664905c24a21b64a3a74ce59d83e4f5ee9b5495dd2530667804fffa96,59986052,32,bits-sq,32,256,4,upload_shared,1,48.848939,48.848939,48.848939,0.9991144741137572,False,False
2749d31664905c24a21b64a3a74ce59d83e4f5ee9b5495dd2530667804fffa96,59986052,32,bits-sq,32,256,7,download,30,0.009479,0.00903375,0.010025,0.9910855575482647,False,False
2749d31664905c24a21b64a3a74ce59d83e4f5ee9b5495dd2530667804fffa96,59986052,32,bits-sq,32,256,7,operator,30,1.5671599999999999,1.5658997500000003,1.5686019999999998,0.5052642997524185,False,False
2749d31664905c24a21b64a3a74ce59d83e4f5ee9b5495dd2530667804fffa96,59986052,32,bits-sq,32,256,7,output_isolated,30,0.009108999999999999,0.00894575,0.00964675,1.5277198375233287,False,False
2749d31664905c24a21b64a3a74ce59d83e4f5ee9b5495dd2530667804fffa96,59986052,32,bits-sq,32,256,7,selection_isolated,30,1.1204825,1.12003725,1.12075825,0.31610623102101104,False,False
2749d31664905c24a21b64a3a74ce59d83e4f5ee9b5495dd2530667804fffa96,59986052,32,bits-sq,32,256,7,transform_isolated,30,0.44457349999999995,0.4435845,0.44547500000000007,1.0085722608297616,False,False
2749d31664905c24a21b64a3a74ce59d83e4f5ee9b5495dd2530667804fffa96,59986052,32,bits-sq,32,256,7,upload_shared,1,48.860625,48.860625,48.860625,0.9988755158166726,False,False
2749d31664905c24a21b64a3a74ce59d83e4f5ee9b5495dd2530667804fffa96,59986052,32,bits-sq,32,256,8,download,30,0.009429,0.009029,0.010000750000000001,0.9963410754056634,False,False
2749d31664905c24a21b64a3a74ce59d83e4f5ee9b5495dd2530667804fffa96,59986052,32,bits-sq,32,256,8,operator,30,1.5523820000000002,1.55134025,1.5536990000000002,0.5100741956554508,False,False
2749d31664905c24a21b64a3a74ce59d83e4f5ee9b5495dd2530667804fffa96,59986052,32,bits-sq,32,256,8,output_isolated,30,0.009184000000000001,0.009024,0.00948975,1.515243902439024,False,False
2749d31664905c24a21b64a3a74ce59d83e4f5ee9b5495dd2530667804fffa96,59986052,32,bits-sq,32,256,8,selection_isolated,30,1.1054,1.1050875,1.1058425,0.32041930522887646,False,False
2749d31664905c24a21b64a3a74ce59d83e4f5ee9b5495dd2530667804fffa96,59986052,32,bits-sq,32,256,8,transform_isolated,30,0.444018,0.4429435,0.444904,1.0098340607813194,False,False
2749d31664905c24a21b64a3a74ce59d83e4f5ee9b5495dd2530667804fffa96,59986052,32,bits-sq,32,256,8,upload_shared,1,48.82383,48.82383,48.82383,0.9996282962643448,False,False
2749d31664905c24a21b64a3a74ce59d83e4f5ee9b5495dd2530667804fffa96,59986052,32,bits-sq,32,256,13,download,30,0.009299,0.0087865,0.009810000000000001,1.010269921496935,False,False
2749d31664905c24a21b64a3a74ce59d83e4f5ee9b5495dd2530667804fffa96,59986052,32,bits-sq,32,256,13,operator,30,1.429416,1.4285917499999998,1.4299567499999999,0.5539535026892102,False,False
2749d31664905c24a21b64a3a74ce59d83e4f5ee9b5495dd2530667804fffa96,59986052,32,bits-sq,32,256,13,output_isolated,30,0.009274,0.00891325,0.0096115,1.5005391416864353,False,False
2749d31664905c24a21b64a3a74ce59d83e4f5ee9b5495dd2530667804fffa96,59986052,32,bits-sq,32,256,13,selection_isolated,30,0.9825389999999999,0.9820104999999999,0.9829190000000001,0.360485945087167,False,False
2749d31664905c24a21b64a3a74ce59d83e4f5ee9b5495dd2530667804fffa96,59986052,32,bits-sq,32,256,13,transform_isolated,30,0.444323,0.4435445,0.44520400000000004,1.009140872743477,False,False
2749d31664905c24a21b64a3a74ce59d83e4f5ee9b5495dd2530667804fffa96,59986052,32,bits-sq,32,256,13,upload_shared,1,48.632059,48.632059,48.632059,1.0035701346718633,False,False
2749d31664905c24a21b64a3a74ce59d83e4f5ee9b5495dd2530667804fffa96,59986052,32,bits-sq,32,256,16,download,30,0.009209,0.0086455,0.01008075,1.020143338038875,False,False
2749d31664905c24a21b64a3a74ce59d83e4f5ee9b5495dd2530667804fffa96,59986052,32,bits-sq,32,256,16,operator,30,1.4181185,1.41709375,1.41922075,0.5583665963034824,False,False
2749d31664905c24a21b64a3a74ce59d83e4f5ee9b5495dd2530667804fffa96,59986052,32,bits-sq,32,256,16,output_isolated,30,0.009139,0.00891325,0.009489,1.5227048911259438,False,False
2749d31664905c24a21b64a3a74ce59d83e4f5ee9b5495dd2530667804fffa96,59986052,32,bits-sq,32,256,16,selection_isolated,30,0.9708015,0.97055575,0.97128375,0.3648444094905086,False,False
2749d31664905c24a21b64a3a74ce59d83e4f5ee9b5495dd2530667804fffa96,59986052,32,bits-sq,32,256,16,transform_isolated,30,0.4445135,0.44373975,0.444989,1.0087083969328265,False,False
2749d31664905c24a21b64a3a74ce59d83e4f5ee9b5495dd2530667804fffa96,59986052,32,bits-sq,32,256,16,upload_shared,1,48.789277,48.789277,48.789277,1.0003362419164359,False,False
2749d31664905c24a21b64a3a74ce59d83e4f5ee9b5495dd2530667804fffa96,59986052,32,bits-sq,32,512,4,download,30,0.009339,0.008707999999999999,0.00972475,1.005942820430453,False,False
2749d31664905c24a21b64a3a74ce59d83e4f5ee9b5495dd2530667804fffa96,59986052,32,bits-sq,32,512,4,operator,30,1.2690475,1.268352,1.2702322499999998,0.623956156093448,False,False
2749d31664905c24a21b64a3a74ce59d83e4f5ee9b5495dd2530667804fffa96,59986052,32,bits-sq,32,512,4,output_isolated,30,0.0090385,0.008768999999999999,0.009369,1.5396360015489297,False,False
2749d31664905c24a21b64a3a74ce59d83e4f5ee9b5495dd2530667804fffa96,59986052,32,bits-sq,32,512,4,selection_isolated,30,0.8220255000000001,0.8213364999999999,0.8229420000000001,0.4308765360685282,False,False
2749d31664905c24a21b64a3a74ce59d83e4f5ee9b5495dd2530667804fffa96,59986052,32,bits-sq,32,512,4,transform_isolated,30,0.44401250000000003,0.44345450000000003,0.444814,1.0098465696348637,False,False
2749d31664905c24a21b64a3a74ce59d83e4f5ee9b5495dd2530667804fffa96,59986052,32,bits-sq,32,512,4,upload_shared,1,48.65265,48.65265,48.65265,1.0031453990687045,False,False
2749d31664905c24a21b64a3a74ce59d83e4f5ee9b5495dd2530667804fffa96,59986052,32,bits-sq,32,512,7,download,30,0.009448999999999999,0.008730749999999999,0.0099225,0.9942321938829507,False,False
2749d31664905c24a21b64a3a74ce59d83e4f5ee9b5495dd2530667804fffa96,59986052,32,bits-sq,32,512,7,operator,30,1.1298314999999999,1.1295520000000001,1.13079625,0.7008390189156526,False,False
2749d31664905c24a21b64a3a74ce59d83e4f5ee9b5495dd2530667804fffa96,59986052,32,bits-sq,32,512,7,output_isolated,30,0.0088885,0.00855225,0.009126249999999999,1.5656184958091914,False,False
2749d31664905c24a21b64a3a74ce59d83e4f5ee9b5495dd2530667804fffa96,59986052,32,bits-sq,32,512,7,selection_isolated,30,0.6829449999999999,0.682745,0.68316075,0.5186237544751042,False,False
2749d31664905c24a21b64a3a74ce59d83e4f5ee9b5495dd2530667804fffa96,59986052,32,bits-sq,32,512,7,transform_isolated,30,0.44438300000000003,0.44320625,0.44537000000000004,1.0090046198886995,False,False
2749d31664905c24a21b64a3a74ce59d83e4f5ee9b5495dd2530667804fffa96,59986052,32,bits-sq,32,512,7,upload_shared,1,48.731509,48.731509,48.731509,1.0015220747627578,False,False
2749d31664905c24a21b64a3a74ce59d83e4f5ee9b5495dd2530667804fffa96,59986052,32,bits-sq,32,512,8,download,30,0.0091685,0.0087915,0.0099475,1.0246496155314393,False,False
2749d31664905c24a21b64a3a74ce59d83e4f5ee9b5495dd2530667804fffa96,59986052,32,bits-sq,32,512,8,operator,30,1.091789,1.090808,1.0925734999999999,0.7252591846959441,False,False
2749d31664905c24a21b64a3a74ce59d83e4f5ee9b5495dd2530667804fffa96,59986052,32,bits-sq,32,512,8,output_isolated,30,0.008808,0.008660499999999998,0.009214,1.5799273387829247,False,False
2749d31664905c24a21b64a3a74ce59d83e4f5ee9b5495dd2530667804fffa96,59986052,32,bits-sq,32,512,8,selection_isolated,30,0.644997,0.6445595,0.6454329999999999,0.549136662651144,False,False
2749d31664905c24a21b64a3a74ce59d83e4f5ee9b5495dd2530667804fffa96,59986052,32,bits-sq,32,512,8,transform_isolated,30,0.44437800000000005,0.443612,0.4451115,1.0090159728879466,False,False
2749d31664905c24a21b64a3a74ce59d83e4f5ee9b5495dd2530667804fffa96,59986052,32,bits-sq,32,512,8,upload_shared,1,48.645229,48.645229,48.645229,1.0032984324115322,False,False
2749d31664905c24a21b64a3a74ce59d83e4f5ee9b5495dd2530667804fffa96,59986052,32,bits-sq,32,512,13,download,30,0.009118999999999999,0.0086905,0.0098675,1.0302116460138175,False,False
2749d31664905c24a21b64a3a74ce59d83e4f5ee9b5495dd2530667804fffa96,59986052,32,bits-sq,32,512,13,operator,30,1.052875,1.05195925,1.05368175,0.7520645850647039,False,False
2749d31664905c24a21b64a3a74ce59d83e4f5ee9b5495dd2530667804fffa96,59986052,32,bits-sq,32,512,13,output_isolated,30,0.008964,0.008663,0.009299,1.5524319500223114,False,False
2749d31664905c24a21b64a3a74ce59d83e4f5ee9b5495dd2530667804fffa96,59986052,32,bits-sq,32,512,13,selection_isolated,30,0.6056675,0.60530975,0.60615625,0.5847952878435775,False,False
2749d31664905c24a21b64a3a74ce59d83e4f5ee9b5495dd2530667804fffa96,59986052,32,bits-sq,32,512,13,transform_isolated,30,0.444138,0.44331875,0.44505975,1.0095612174594382,False,False
2749d31664905c24a21b64a3a74ce59d83e4f5ee9b5495dd2530667804fffa96,59986052,32,bits-sq,32,512,13,upload_shared,1,48.822277,48.822277,48.822277,0.9996600936904275,False,False
2749d31664905c24a21b64a3a74ce59d83e4f5ee9b5495dd2530667804fffa96,59986052,32,bits-sq,32,512,16,download,30,0.008864,0.008578,0.009532249999999999,1.0598488267148014,False,False
2749d31664905c24a21b64a3a74ce59d83e4f5ee9b5495dd2530667804fffa96,59986052,32,bits-sq,32,512,16,operator,30,1.0400809999999998,1.038814,1.04102275,0.761315705219113,False,False
2749d31664905c24a21b64a3a74ce59d83e4f5ee9b5495dd2530667804fffa96,59986052,32,bits-sq,32,512,16,output_isolated,30,0.0089185,0.008715500000000001,0.009369,1.5603520771430175,False,False
2749d31664905c24a21b64a3a74ce59d83e4f5ee9b5495dd2530667804fffa96,59986052,32,bits-sq,32,512,16,selection_isolated,30,0.5932235,0.592889,0.59351475,0.5970624899384465,False,False
2749d31664905c24a21b64a3a74ce59d83e4f5ee9b5495dd2530667804fffa96,59986052,32,bits-sq,32,512,16,transform_isolated,30,0.444268,0.4429645,0.44510725,1.009265803523999,False,False
2749d31664905c24a21b64a3a74ce59d83e4f5ee9b5495dd2530667804fffa96,59986052,32,bits-sq,32,512,16,upload_shared,1,48.726973,48.726973,48.726973,1.0016153065777347,False,False
2749d31664905c24a21b64a3a74ce59d83e4f5ee9b5495dd2530667804fffa96,59986052,32,bits-sq,128,128,4,download,30,0.009339,0.008864,0.0098925,1.005942820430453,False,False
2749d31664905c24a21b64a3a74ce59d83e4f5ee9b5495dd2530667804fffa96,59986052,32,bits-sq,128,128,4,operator,30,1.185997,1.1842017500000002,1.18695125,0.6676492436321508,False,False
2749d31664905c24a21b64a3a74ce59d83e4f5ee9b5495dd2530667804fffa96,59986052,32,bits-sq,128,128,4,output_isolated,30,0.0090785,0.0088815,0.009281499999999998,1.5328523434488077,False,False
2749d31664905c24a21b64a3a74ce59d83e4f5ee9b5495dd2530667804fffa96,59986052,32,bits-sq,128,128,4,selection_isolated,30,0.7387295,0.73824325,0.739325,0.47946034373881097,False,False
2749d31664905c24a21b64a3a74ce59d83e4f5ee9b5495dd2530667804fffa96,59986052,32,bits-sq,128,128,4,transform_isolated,30,0.444168,0.44367524999999997,0.44493425,1.009493029664451,False,False
2749d31664905c24a21b64a3a74ce59d83e4f5ee9b5495dd2530667804fffa96,59986052,32,bits-sq,128,128,4,upload_shared,1,48.702487000000005,48.702487000000005,48.702487000000005,1.002118885633089,False,False
2749d31664905c24a21b64a3a74ce59d83e4f5ee9b5495dd2530667804fffa96,59986052,32,bits-sq,128,128,7,download,30,0.009219000000000001,0.008635750000000001,0.009432250000000001,1.0190367718841522,False,False
2749d31664905c24a21b64a3a74ce59d83e4f5ee9b5495dd2530667804fffa96,59986052,32,bits-sq,128,128,7,operator,30,1.0439065,1.04254225,1.04511625,0.758525787510663,False,False
2749d31664905c24a21b64a3a74ce59d83e4f5ee9b5495dd2530667804fffa96,59986052,32,bits-sq,128,128,7,output_isolated,30,0.009104000000000001,0.008743,0.0094165,1.5285588752196835,False,False
2749d31664905c24a21b64a3a74ce59d83e4f5ee9b5495dd2530667804fffa96,59986052,32,bits-sq,128,128,7,selection_isolated,30,0.5975005,0.596279,0.59847625,0.5927886252814851,False,False
2749d31664905c24a21b64a3a74ce59d83e4f5ee9b5495dd2530667804fffa96,59986052,32,bits-sq,128,128,7,transform_isolated,30,0.444548,0.44361700000000004,0.44514475,1.008630114183395,False,False
2749d31664905c24a21b64a3a74ce59d83e4f5ee9b5495dd2530667804fffa96,59986052,32,bits-sq,128,128,7,upload_shared,1,48.825373,48.825373,48.825373,0.99959670558994,False,False
2749d31664905c24a21b64a3a74ce59d83e4f5ee9b5495dd2530667804fffa96,59986052,32,bits-sq,128,128,8,download,30,0.009128500000000001,0.008608000000000001,0.00953225,1.0291395081338663,False,False
2749d31664905c24a21b64a3a74ce59d83e4f5ee9b5495dd2530667804fffa96,59986052,32,bits-sq,128,128,8,operator,30,1.030537,1.0297684999999999,1.0313344999999998,0.7683663953841541,False,False
2749d31664905c24a21b64a3a74ce59d83e4f5ee9b5495dd2530667804fffa96,59986052,32,bits-sq,128,128,8,output_isolated,30,0.009164,0.008859,0.0093315,1.5185508511567,False,False
2749d31664905c24a21b64a3a74ce59d83e4f5ee9b5495dd2530667804fffa96,59986052,32,bits-sq,128,128,8,selection_isolated,30,0.583845,0.5833037500000001,0.5841425,0.6066533069564697,False,False
2749d31664905c24a21b64a3a74ce59d83e4f5ee9b5495dd2530667804fffa96,59986052,32,bits-sq,128,128,8,transform_isolated,30,0.444143,0.44339700000000004,0.444909,1.009549852187246,False,False
2749d31664905c24a21b64a3a74ce59d83e4f5ee9b5495dd2530667804fffa96,59986052,32,bits-sq,128,128,8,upload_shared,1,48.647433,48.647433,48.647433,1.0032529773975947,False,False
2749d31664905c24a21b64a3a74ce59d83e4f5ee9b5495dd2530667804fffa96,59986052,32,bits-sq,128,128,13,download,30,0.008874,0.0085655,0.009309749999999999,1.0586544962812712,False,False
2749d31664905c24a21b64a3a74ce59d83e4f5ee9b5495dd2530667804fffa96,59986052,32,bits-sq,128,128,13,operator,30,0.9785675,0.9775659999999999,0.97969225,0.8091725915687983,False,False
2749d31664905c24a21b64a3a74ce59d83e4f5ee9b5495dd2530667804fffa96,59986052,32,bits-sq,128,128,13,output_isolated,30,0.009044,0.0086455,0.009426750000000001,1.5386996904024768,False,False
2749d31664905c24a21b64a3a74ce59d83e4f5ee9b5495dd2530667804fffa96,59986052,32,bits-sq,128,128,13,selection_isolated,30,0.531666,0.5314875000000001,0.5322785,0.6661917444410589,False,False
2749d31664905c24a21b64a3a74ce59d83e4f5ee9b5495dd2530667804fffa96,59986052,32,bits-sq,128,128,13,transform_isolated,30,0.4441935,0.4435565,0.4443905,1.0094350772805094,False,False
2749d31664905c24a21b64a3a74ce59d83e4f5ee9b5495dd2530667804fffa96,59986052,32,bits-sq,128,128,13,upload_shared,1,48.765572,48.765572,48.765572,1.000822506501103,False,False
2749d31664905c24a21b64a3a74ce59d83e4f5ee9b5495dd2530667804fffa96,59986052,32,bits-sq,128,128,16,download,30,0.008973499999999999,0.008707999999999999,0.00946725,1.0469159190951136,False,False
2749d31664905c24a21b64a3a74ce59d83e4f5ee9b5495dd2530667804fffa96,59986052,32,bits-sq,128,128,16,operator,30,0.973205,0.97220575,0.9740215,0.8136312493256816,False,False
2749d31664905c24a21b64a3a74ce59d83e4f5ee9b5495dd2530667804fffa96,59986052,32,bits-sq,128,128,16,output_isolated,30,0.0088035,0.0086755,0.008979000000000001,1.5807349349690463,False,False
2749d31664905c24a21b64a3a74ce59d83e4f5ee9b5495dd2530667804fffa96,59986052,32,bits-sq,128,128,16,selection_isolated,30,0.525922,0.5255235,0.52632275,0.673467738561992,False,False
2749d31664905c24a21b64a3a74ce59d83e4f5ee9b5495dd2530667804fffa96,59986052,32,bits-sq,128,128,16,transform_isolated,30,0.44445350000000006,0.44354225,0.44486725000000005,1.0088445697918902,False,False
2749d31664905c24a21b64a3a74ce59d83e4f5ee9b5495dd2530667804fffa96,59986052,32,bits-sq,128,128,16,upload_shared,1,48.758902,48.758902,48.758902,1.000959414549573,False,False
2749d31664905c24a21b64a3a74ce59d83e4f5ee9b5495dd2530667804fffa96,59986052,32,bits-sq,128,256,4,download,30,0.009184,0.008527999999999999,0.00959425,1.0229202961672474,False,False
2749d31664905c24a21b64a3a74ce59d83e4f5ee9b5495dd2530667804fffa96,59986052,32,bits-sq,128,256,4,operator,30,0.8746750000000001,0.8730705,0.8757820000000001,0.9052848200760282,False,False
2749d31664905c24a21b64a3a74ce59d83e4f5ee9b5495dd2530667804fffa96,59986052,32,bits-sq,128,256,4,output_isolated,30,0.0090435,0.008648,0.0092365,1.5387847625366287,False,False
2749d31664905c24a21b64a3a74ce59d83e4f5ee9b5495dd2530667804fffa96,59986052,32,bits-sq,128,256,4,selection_isolated,30,0.4273525,0.427012,0.42811875,0.828804090300162,False,False
2749d31664905c24a21b64a3a74ce59d83e4f5ee9b5495dd2530667804fffa96,59986052,32,bits-sq,128,256,4,transform_isolated,30,0.4443585,0.44365525,0.444789,1.0090602520262355,False,False
2749d31664905c24a21b64a3a74ce59d83e4f5ee9b5495dd2530667804fffa96,59986052,32,bits-sq,128,256,4,upload_shared,1,48.777921,48.777921,48.777921,1.0005691304473596,False,False
2749d31664905c24a21b64a3a74ce59d83e4f5ee9b5495dd2530667804fffa96,59986052,32,bits-sq,128,256,7,download,30,0.009174,0.008986250000000001,0.009767500000000002,1.0240353172007848,False,False
2749d31664905c24a21b64a3a74ce59d83e4f5ee9b5495dd2530667804fffa96,59986052,32,bits-sq,128,256,7,operator,30,0.8033319999999999,0.8021777500000001,0.80466425,0.9856821339122556,False,False
2749d31664905c24a21b64a3a74ce59d83e4f5ee9b5495dd2530667804fffa96,59986052,32,bits-sq,128,256,7,output_isolated,30,0.008698000000000001,0.00858875,0.0089405,1.5999080248332949,False,False
2749d31664905c24a21b64a3a74ce59d83e4f5ee9b5495dd2530667804fffa96,59986052,32,bits-sq,128,256,7,selection_isolated,30,0.355939,0.355348,0.35668275,0.9950904508918663,False,False
2749d31664905c24a21b64a3a74ce59d83e4f5ee9b5495dd2530667804fffa96,59986052,32,bits-sq,128,256,7,transform_isolated,30,0.444619,0.44363225,0.44549500000000003,1.0084690487810912,False,False
2749d31664905c24a21b64a3a74ce59d83e4f5ee9b5495dd2530667804fffa96,59986052,32,bits-sq,128,256,7,upload_shared,1,48.598818,48.598818,48.598818,1.0042565644292007,False,False
2749d31664905c24a21b64a3a74ce59d83e4f5ee9b5495dd2530667804fffa96,59986052,32,bits-sq,128,256,8,download,30,0.008874,0.008580500000000001,0.009599,1.0586544962812712,False,False
2749d31664905c24a21b64a3a74ce59d83e4f5ee9b5495dd2530667804fffa96,59986052,32,bits-sq,128,256,8,operator,30,0.7954650000000001,0.7942965,0.79640875,0.9954303457725984,False,False
2749d31664905c24a21b64a3a74ce59d83e4f5ee9b5495dd2530667804fffa96,59986052,32,bits-sq,128,256,8,output_isolated,30,0.008643,0.008537999999999999,0.00885375,1.6100890894365383,False,False
2749d31664905c24a21b64a3a74ce59d83e4f5ee9b5495dd2530667804fffa96,59986052,32,bits-sq,128,256,8,selection_isolated,30,0.348418,0.347832,0.3488965,1.0165706134585468,False,False
2749d31664905c24a21b64a3a74ce59d83e4f5ee9b5495dd2530667804fffa96,59986052,32,bits-sq,128,256,8,transform_isolated,30,0.444323,0.443382,0.444849,1.009140872743477,False,False
2749d31664905c24a21b64a3a74ce59d83e4f5ee9b5495dd2530667804fffa96,59986052,32,bits-sq,128,256,8,upload_shared,1,48.823259,48.823259,48.823259,0.999639987162676,False,False
2749d31664905c24a21b64a3a74ce59d83e4f5ee9b5495dd2530667804fffa96,59986052,32,bits-sq,128,256,13,download,30,0.008889,0.008547999999999998,0.009424,1.0568680391495107,False,False
2749d31664905c24a21b64a3a74ce59d83e4f5ee9b5495dd2530667804fffa96,59986052,32,bits-sq,128,256,13,operator,30,0.76893,0.768024,0.7694635,1.0297816446230477,False,False
2749d31664905c24a21b64a3a74ce59d83e4f5ee9b5495dd2530667804fffa96,59986052,32,bits-sq,128,256,13,output_isolated,30,0.008718,0.008493,0.009080499999999998,1.5962376691901812,False,False
2749d31664905c24a21b64a3a74ce59d83e4f5ee9b5495dd2530667804fffa96,59986052,32,bits-sq,128,256,13,selection_isolated,30,0.322013,0.321612,0.322747,1.0999291954051544,False,False
2749d31664905c24a21b64a3a74ce59d83e4f5ee9b5495dd2530667804fffa96,59986052,32,bits-sq,128,256,13,transform_isolated,30,0.44438849999999996,0.44342625,0.4450715,1.008992131884601,False,False
2749d31664905c24a21b64a3a74ce59d83e4f5ee9b5495dd2530667804fffa96,59986052,32,bits-sq,128,256,13,upload_shared,1,48.724319,48.724319,48.724319,1.001669864282762,False,False
2749d31664905c24a21b64a3a74ce59d83e4f5ee9b5495dd2530667804fffa96,59986052,32,bits-sq,128,256,16,download,30,0.009093500000000001,0.0085855,0.009604249999999998,1.0331005663385935,False,False
2749d31664905c24a21b64a3a74ce59d83e4f5ee9b5495dd2530667804fffa96,59986052,32,bits-sq,128,256,16,operator,30,0.7703725,0.7697985,0.7714415,1.0278534085783178,False,False
2749d31664905c24a21b64a3a74ce59d83e4f5ee9b5495dd2530667804fffa96,59986052,32,bits-sq,128,256,16,output_isolated,30,0.008698,0.00856325,0.008944,1.599908024833295,False,False
2749d31664905c24a21b64a3a74ce59d83e4f5ee9b5495dd2530667804fffa96,59986052,32,bits-sq,128,256,16,selection_isolated,30,0.3236405,0.32316925,0.3239885,1.0943979508127073,False,False
2749d31664905c24a21b64a3a74ce59d83e4f5ee9b5495dd2530667804fffa96,59986052,32,bits-sq,128,256,16,transform_isolated,30,0.445139,0.44417575,0.445715,1.0072909810194117,False,False
2749d31664905c24a21b64a3a74ce59d83e4f5ee9b5495dd2530667804fffa96,59986052,32,bits-sq,128,256,16,upload_shared,1,48.580842,48.580842,48.580842,1.0046281618585369,False,False
2749d31664905c24a21b64a3a74ce59d83e4f5ee9b5495dd2530667804fffa96,59986052,32,bits-sq,128,512,4,download,30,0.008993000000000001,0.008523,0.00946475,1.04464583564995,False,False
2749d31664905c24a21b64a3a74ce59d83e4f5ee9b5495dd2530667804fffa96,59986052,32,bits-sq,128,512,4,operator,30,0.747598,0.746922,0.7486065,1.059165487334102,False,False
2749d31664905c24a21b64a3a74ce59d83e4f5ee9b5495dd2530667804fffa96,59986052,32,bits-sq,128,512,4,output_isolated,30,0.008618,0.00850775,0.00877825,1.6147598050591783,False,False
2749d31664905c24a21b64a3a74ce59d83e4f5ee9b5495dd2530667804fffa96,59986052,32,bits-sq,128,512,4,selection_isolated,30,0.30038,0.299999,0.30074024999999993,1.1791447499833545,False,False
2749d31664905c24a21b64a3a74ce59d83e4f5ee9b5495dd2530667804fffa96,59986052,32,bits-sq,128,512,4,transform_isolated,30,0.4443835,0.44358450000000005,0.4448765,1.0090034846028262,False,False
2749d31664905c24a21b64a3a74ce59d83e4f5ee9b5495dd2530667804fffa96,59986052,32,bits-sq,128,512,4,upload_shared,1,48.82405,48.82405,48.82405,0.9996237919631822,False,False
2749d31664905c24a21b64a3a74ce59d83e4f5ee9b5495dd2530667804fffa96,59986052,32,bits-sq,128,512,7,download,30,0.0089935,0.0085655,0.009635000000000001,1.044587757825096,False,False
2749d31664905c24a21b64a3a74ce59d83e4f5ee9b5495dd2530667804fffa96,59986052,32,bits-sq,128,512,7,operator,30,0.8390365,0.8382125,0.83977775,0.9437372510015953,False,False
2749d31664905c24a21b64a3a74ce59d83e4f5ee9b5495dd2530667804fffa96,59986052,32,bits-sq,128,512,7,output_isolated,30,0.008733,0.0085855,0.00893625,1.5934959349593496,False,False
2749d31664905c24a21b64a3a74ce59d83e4f5ee9b5495dd2530667804fffa96,59986052,32,bits-sq,128,512,7,selection_isolated,30,0.39224950000000003,0.39163050000000005,0.39282849999999997,0.9029750197259652,False,False
2749d31664905c24a21b64a3a74ce59d83e4f5ee9b5495dd2530667804fffa96,59986052,32,bits-sq,128,512,7,transform_isolated,30,0.444529,0.44364950000000003,0.44481324999999994,1.0086732249189592,False,False
2749d31664905c24a21b64a3a74ce59d83e4f5ee9b5495dd2530667804fffa96,59986052,32,bits-sq,128,512,7,upload_shared,1,48.775076,48.775076,48.775076,1.0006274926152858,False,False
2749d31664905c24a21b64a3a74ce59d83e4f5ee9b5495dd2530667804fffa96,59986052,32,bits-sq,128,512,8,download,30,0.009049,0.008663,0.00952725,1.0381810144767378,False,True
2749d31664905c24a21b64a3a74ce59d83e4f5ee9b5495dd2530667804fffa96,59986052,32,bits-sq,128,512,8,operator,30,0.7170865,0.71592025,0.7179355000000001,1.104232195139638,False,True
2749d31664905c24a21b64a3a74ce59d83e4f5ee9b5495dd2530667804fffa96,59986052,32,bits-sq,128,512,8,output_isolated,30,0.008648,0.008498,0.008849000000000001,1.6091581868640148,False,True
2749d31664905c24a21b64a3a74ce59d83e4f5ee9b5495dd2530667804fffa96,59986052,32,bits-sq,128,512,8,selection_isolated,30,0.2686825,0.26755524999999997,0.2706925,1.3182529565565304,False,True
2749d31664905c24a21b64a3a74ce59d83e4f5ee9b5495dd2530667804fffa96,59986052,32,bits-sq,128,512,8,transform_isolated,30,0.444924,0.44416574999999997,0.445805,1.0077777328262805,False,True
2749d31664905c24a21b64a3a74ce59d83e4f5ee9b5495dd2530667804fffa96,59986052,32,bits-sq,128,512,8,upload_shared,1,48.622294000000004,48.622294000000004,48.622294000000004,1.0037716854741572,False,True
2749d31664905c24a21b64a3a74ce59d83e4f5ee9b5495dd2530667804fffa96,59986052,32,bits-sq,128,512,13,download,30,0.009093500000000001,0.0085605,0.00969725,1.0331005663385935,False,False
2749d31664905c24a21b64a3a74ce59d83e4f5ee9b5495dd2530667804fffa96,59986052,32,bits-sq,128,512,13,operator,30,0.8092459999999999,0.8077765,0.8098295,0.9784787320542828,False,False
2749d31664905c24a21b64a3a74ce59d83e4f5ee9b5495dd2530667804fffa96,59986052,32,bits-sq,128,512,13,output_isolated,30,0.008833500000000001,0.008598,0.009154,1.5753665025188202,False,False
2749d31664905c24a21b64a3a74ce59d83e4f5ee9b5495dd2530667804fffa96,59986052,32,bits-sq,128,512,13,selection_isolated,30,0.3612075,0.36063175,0.36209875,0.9805762615671048,False,False
2749d31664905c24a21b64a3a74ce59d83e4f5ee9b5495dd2530667804fffa96,59986052,32,bits-sq,128,512,13,transform_isolated,30,0.444213,0.4438355,0.4445715,1.009390765240999,False,False
2749d31664905c24a21b64a3a74ce59d83e4f5ee9b5495dd2530667804fffa96,59986052,32,bits-sq,128,512,13,upload_shared,1,48.735254999999995,48.735254999999995,48.735254999999995,1.0014450934954584,False,False
2749d31664905c24a21b64a3a74ce59d83e4f5ee9b5495dd2530667804fffa96,59986052,32,bits-sq,128,512,16,download,30,0.008888,0.008585750000000001,0.009624750000000001,1.0569869486948695,False,False
2749d31664905c24a21b64a3a74ce59d83e4f5ee9b5495dd2530667804fffa96,59986052,32,bits-sq,128,512,16,operator,30,0.8052095,0.8039405000000001,0.8067827500000001,0.9833838274386977,False,False
2749d31664905c24a21b64a3a74ce59d83e4f5ee9b5495dd2530667804fffa96,59986052,32,bits-sq,128,512,16,output_isolated,30,0.0087685,0.008547250000000001,0.00896825,1.5870445344129553,False,False
2749d31664905c24a21b64a3a74ce59d83e4f5ee9b5495dd2530667804fffa96,59986052,32,bits-sq,128,512,16,selection_isolated,30,0.35746100000000003,0.35701350000000004,0.35811449999999995,0.9908535476597446,False,False
2749d31664905c24a21b64a3a74ce59d83e4f5ee9b5495dd2530667804fffa96,59986052,32,bits-sq,128,512,16,transform_isolated,30,0.44482900000000003,0.443662,0.4454165,1.0079929590921455,False,False
2749d31664905c24a21b64a3a74ce59d83e4f5ee9b5495dd2530667804fffa96,59986052,32,bits-sq,128,512,16,upload_shared,1,48.85085,48.85085,48.85085,0.9990753896810394,False,False
2749d31664905c24a21b64a3a74ce59d83e4f5ee9b5495dd2530667804fffa96,59986052,32,bits-sq,512,128,4,download,30,0.008608000000000001,0.0084705,0.00912875,1.0913684944237918,False,False
2749d31664905c24a21b64a3a74ce59d83e4f5ee9b5495dd2530667804fffa96,59986052,32,bits-sq,512,128,4,operator,30,0.735905,0.7344697499999999,0.73745275,1.0759948634674312,False,False
2749d31664905c24a21b64a3a74ce59d83e4f5ee9b5495dd2530667804fffa96,59986052,32,bits-sq,512,128,4,output_isolated,30,0.008798,0.0086155,0.008959,1.5817231188906569,False,False
2749d31664905c24a21b64a3a74ce59d83e4f5ee9b5495dd2530667804fffa96,59986052,32,bits-sq,512,128,4,selection_isolated,30,0.2887825,0.28800424999999996,0.28939824999999997,1.226499181910261,False,False
2749d31664905c24a21b64a3a74ce59d83e4f5ee9b5495dd2530667804fffa96,59986052,32,bits-sq,512,128,4,transform_isolated,30,0.44431350000000003,0.44363700000000006,0.4450065,1.0091624494866798,False,False
2749d31664905c24a21b64a3a74ce59d83e4f5ee9b5495dd2530667804fffa96,59986052,32,bits-sq,512,128,4,upload_shared,1,48.722517,48.722517,48.722517,1.0017069109955876,False,False
2749d31664905c24a21b64a3a74ce59d83e4f5ee9b5495dd2530667804fffa96,59986052,32,bits-sq,512,128,7,download,30,0.008663500000000001,0.0084855,0.00894875,1.0843769838979627,False,False
2749d31664905c24a21b64a3a74ce59d83e4f5ee9b5495dd2530667804fffa96,59986052,32,bits-sq,512,128,7,operator,30,0.699074,0.698218,0.700569,1.1326840935294404,False,False
2749d31664905c24a21b64a3a74ce59d83e4f5ee9b5495dd2530667804fffa96,59986052,32,bits-sq,512,128,7,output_isolated,30,0.0086885,0.0085305,0.00897375,1.6016573631812165,False,False
2749d31664905c24a21b64a3a74ce59d83e4f5ee9b5495dd2530667804fffa96,59986052,32,bits-sq,512,128,7,selection_isolated,30,0.25039,0.24973375,0.251771,1.414559287511482,False,False
2749d31664905c24a21b64a3a74ce59d83e4f5ee9b5495dd2530667804fffa96,59986052,32,bits-sq,512,128,7,transform_isolated,30,0.4458255,0.44492899999999996,0.44638599999999995,1.0057399139349363,False,False
2749d31664905c24a21b64a3a74ce59d83e4f5ee9b5495dd2530667804fffa96,59986052,32,bits-sq,512,128,7,upload_shared,1,48.784731,48.784731,48.784731,1.0004294581433688,False,False
2749d31664905c24a21b64a3a74ce59d83e4f5ee9b5495dd2530667804fffa96,59986052,32,bits-sq,512,128,8,download,30,0.0087935,0.008598,0.00948175,1.0683459373400808,True,False
2749d31664905c24a21b64a3a74ce59d83e4f5ee9b5495dd2530667804fffa96,59986052,32,bits-sq,512,128,8,operator,30,0.6974814999999999,0.6958365,0.6984762499999999,1.1352702544798683,True,False
2749d31664905c24a21b64a3a74ce59d83e4f5ee9b5495dd2530667804fffa96,59986052,32,bits-sq,512,128,8,output_isolated,30,0.008743500000000001,0.008605500000000002,0.008911500000000001,1.5915823182935893,True,False
2749d31664905c24a21b64a3a74ce59d83e4f5ee9b5495dd2530667804fffa96,59986052,32,bits-sq,512,128,8,selection_isolated,30,0.2476805,0.246699,0.24942775,1.4300338540983242,True,False
2749d31664905c24a21b64a3a74ce59d83e4f5ee9b5495dd2530667804fffa96,59986052,32,bits-sq,512,128,8,transform_isolated,30,0.446121,0.44522175,0.447193,1.0050737356008794,True,False
2749d31664905c24a21b64a3a74ce59d83e4f5ee9b5495dd2530667804fffa96,59986052,32,bits-sq,512,128,8,upload_shared,1,48.803608999999994,48.803608999999994,48.803608999999994,1.0000424763668607,True,False
2749d31664905c24a21b64a3a74ce59d83e4f5ee9b5495dd2530667804fffa96,59986052,32,bits-sq,512,128,13,download,30,0.008944,0.008527999999999999,0.009434999999999999,1.0503689624329158,False,False
2749d31664905c24a21b64a3a74ce59d83e4f5ee9b5495dd2530667804fffa96,59986052,32,bits-sq,512,128,13,operator,30,0.6982885000000001,0.6962125,0.69905675,1.1339582421878636,False,False
2749d31664905c24a21b64a3a74ce59d83e4f5ee9b5495dd2530667804fffa96,59986052,32,bits-sq,512,128,13,output_isolated,30,0.0086835,0.0085055,0.0088815,1.6025796049979846,False,False
2749d31664905c24a21b64a3a74ce59d83e4f5ee9b5495dd2530667804fffa96,59986052,32,bits-sq,512,128,13,selection_isolated,30,0.24910749999999998,0.24786500000000003,0.25112,1.4218419758537981,False,False
2749d31664905c24a21b64a3a74ce59d83e4f5ee9b5495dd2530667804fffa96,59986052,32,bits-sq,512,128,13,transform_isolated,30,0.445861,0.445315,0.44667425000000005,1.005659835688701,False,False
2749d31664905c24a21b64a3a74ce59d83e4f5ee9b5495dd2530667804fffa96,59986052,32,bits-sq,512,128,13,upload_shared,1,48.763219,48.763219,48.763219,1.0008707997722628,False,False
2749d31664905c24a21b64a3a74ce59d83e4f5ee9b5495dd2530667804fffa96,59986052,32,bits-sq,512,128,16,download,30,0.008728,0.008503,0.009714750000000001,1.0763634280476628,False,False
2749d31664905c24a21b64a3a74ce59d83e4f5ee9b5495dd2530667804fffa96,59986052,32,bits-sq,512,128,16,operator,30,0.7029650000000001,0.7008145,0.7041195,1.126414544109593,False,False
2749d31664905c24a21b64a3a74ce59d83e4f5ee9b5495dd2530667804fffa96,59986052,32,bits-sq,512,128,16,output_isolated,30,0.008702999999999999,0.008598,0.00892125,1.5989888544180169,False,False
2749d31664905c24a21b64a3a74ce59d83e4f5ee9b5495dd2530667804fffa96,59986052,32,bits-sq,512,128,16,selection_isolated,30,0.25413549999999996,0.2522545,0.25648099999999996,1.393711228852325,False,False
2749d31664905c24a21b64a3a74ce59d83e4f5ee9b5495dd2530667804fffa96,59986052,32,bits-sq,512,128,16,transform_isolated,30,0.44616599999999995,0.4451475,0.4470545,1.0049723645459314,False,False
2749d31664905c24a21b64a3a74ce59d83e4f5ee9b5495dd2530667804fffa96,59986052,32,bits-sq,512,128,16,upload_shared,1,48.728705999999995,48.728705999999995,48.728705999999995,1.0015796848781497,False,False
2749d31664905c24a21b64a3a74ce59d83e4f5ee9b5495dd2530667804fffa96,59986052,32,bits-sq,512,256,4,download,30,0.008728,0.008553,0.009507499999999999,1.0763634280476628,False,False
2749d31664905c24a21b64a3a74ce59d83e4f5ee9b5495dd2530667804fffa96,59986052,32,bits-sq,512,256,4,operator,30,0.7642985,0.762886,0.766437,1.0360219207547836,False,False
2749d31664905c24a21b64a3a74ce59d83e4f5ee9b5495dd2530667804fffa96,59986052,32,bits-sq,512,256,4,output_isolated,30,0.008668,0.008515499999999999,0.0091215,1.6054453161052145,False,False
2749d31664905c24a21b64a3a74ce59d83e4f5ee9b5495dd2530667804fffa96,59986052,32,bits-sq,512,256,4,selection_isolated,30,0.315238,0.31397375,0.317789,1.1235685418636077,False,False
2749d31664905c24a21b64a3a74ce59d83e4f5ee9b5495dd2530667804fffa96,59986052,32,bits-sq,512,256,4,transform_isolated,30,0.44448849999999995,0.44372775,0.44519675000000003,1.0087651311563741,False,False
2749d31664905c24a21b64a3a74ce59d83e4f5ee9b5495dd2530667804fffa96,59986052,32,bits-sq,512,256,4,upload_shared,1,48.835947999999995,48.835947999999995,48.835947999999995,0.9993802516130128,False,False
2749d31664905c24a21b64a3a74ce59d83e4f5ee9b5495dd2530667804fffa96,59986052,32,bits-sq,512,256,7,download,30,0.0087285,0.008583,0.00954175,1.0763017700635849,False,False
2749d31664905c24a21b64a3a74ce59d83e4f5ee9b5495dd2530667804fffa96,59986052,32,bits-sq,512,256,7,operator,30,0.725374,0.7237512500000001,0.7265885,1.0916161869601062,False,False
2749d31664905c24a21b64a3a74ce59d83e4f5ee9b5495dd2530667804fffa96,59986052,32,bits-sq,512,256,7,output_isolated,30,0.0086585,0.0084855,0.00877075,1.60720679101461,False,False
2749d31664905c24a21b64a3a74ce59d83e4f5ee9b5495dd2530667804fffa96,59986052,32,bits-sq,512,256,7,selection_isolated,30,0.2764885,0.2733915,0.27802425000000003,1.2810351967622522,False,False
2749d31664905c24a21b64a3a74ce59d83e4f5ee9b5495dd2530667804fffa96,59986052,32,bits-sq,512,256,7,transform_isolated,30,0.444378,0.4438205,0.44513225,1.0090159728879466,False,False
2749d31664905c24a21b64a3a74ce59d83e4f5ee9b5495dd2530667804fffa96,59986052,32,bits-sq,512,256,7,upload_shared,1,48.841897,48.841897,48.841897,0.9992585259331758,False,False
2749d31664905c24a21b64a3a74ce59d83e4f5ee9b5495dd2530667804fffa96,59986052,32,bits-sq,512,256,8,download,30,0.0087735,0.00850575,0.0093865,1.0707813301419047,False,False
2749d31664905c24a21b64a3a74ce59d83e4f5ee9b5495dd2530667804fffa96,59986052,32,bits-sq,512,256,8,operator,30,0.7235959999999999,0.7217462499999999,0.72603,1.0942984759451408,False,False
2749d31664905c24a21b64a3a74ce59d83e4f5ee9b5495dd2530667804fffa96,59986052,32,bits-sq,512,256,8,output_isolated,30,0.008708500000000001,0.0085755,0.00902375,1.5979789860481137,False,False
2749d31664905c24a21b64a3a74ce59d83e4f5ee9b5495dd2530667804fffa96,59986052,32,bits-sq,512,256,8,selection_isolated,30,0.274706,0.26701949999999997,0.27703975000000003,1.2893475206220468,False,False
2749d31664905c24a21b64a3a74ce59d83e4f5ee9b5495dd2530667804fffa96,59986052,32,bits-sq,512,256,8,transform_isolated,30,0.444809,0.4441155,0.4455825,1.008038281599518,False,False
2749d31664905c24a21b64a3a74ce59d83e4f5ee9b5495dd2530667804fffa96,59986052,32,bits-sq,512,256,8,upload_shared,1,48.830199,48.830199,48.830199,0.9994979131663995,False,False
2749d31664905c24a21b64a3a74ce59d83e4f5ee9b5495dd2530667804fffa96,59986052,32,bits-sq,512,256,13,download,30,0.009034,0.008580500000000001,0.00952475,1.0399048040735002,False,False
2749d31664905c24a21b64a3a74ce59d83e4f5ee9b5495dd2530667804fffa96,59986052,32,bits-sq,512,256,13,operator,30,0.7077775,0.7040122499999999,0.7181559999999999,1.1187555411128498,False,False
2749d31664905c24a21b64a3a74ce59d83e4f5ee9b5495dd2530667804fffa96,59986052,32,bits-sq,512,256,13,output_isolated,30,0.008723499999999999,0.008547999999999998,0.008855749999999999,1.5952312718518946,False,False
2749d31664905c24a21b64a3a74ce59d83e4f5ee9b5495dd2530667804fffa96,59986052,32,bits-sq,512,256,13,selection_isolated,30,0.2588525,0.2565585,0.269398,1.3683140012169093,False,False
2749d31664905c24a21b64a3a74ce59d83e4f5ee9b5495dd2530667804fffa96,59986052,32,bits-sq,512,256,13,transform_isolated,30,0.4456155,0.44504425000000003,0.44621849999999996,1.0062138772102855,False,False
2749d31664905c24a21b64a3a74ce59d83e4f5ee9b5495dd2530667804fffa96,59986052,32,bits-sq,512,256,13,upload_shared,1,48.821586,48.821586,48.821586,0.9996742424549666,False,False
2749d31664905c24a21b64a3a74ce59d83e4f5ee9b5495dd2530667804fffa96,59986052,32,bits-sq,512,256,16,download,30,0.009048500000000001,0.008555499999999999,0.0094015,1.0382383820522738,False,False
2749d31664905c24a21b64a3a74ce59d83e4f5ee9b5495dd2530667804fffa96,59986052,32,bits-sq,512,256,16,operator,30,0.710046,0.7082029999999999,0.7114105000000001,1.115181269945891,False,False
2749d31664905c24a21b64a3a74ce59d83e4f5ee9b5495dd2530667804fffa96,59986052,32,bits-sq,512,256,16,output_isolated,30,0.0086435,0.008535499999999998,0.008949,1.6099959507144095,False,False
2749d31664905c24a21b64a3a74ce59d83e4f5ee9b5495dd2530667804fffa96,59986052,32,bits-sq,512,256,16,selection_isolated,30,0.261721,0.26028,0.262883,1.3533170819307585,False,False
2749d31664905c24a21b64a3a74ce59d83e4f5ee9b5495dd2530667804fffa96,59986052,32,bits-sq,512,256,16,transform_isolated,30,0.4460955,0.44541,0.44642699999999996,1.0051311882769496,False,False
2749d31664905c24a21b64a3a74ce59d83e4f5ee9b5495dd2530667804fffa96,59986052,32,bits-sq,512,256,16,upload_shared,1,48.639089000000006,48.639089000000006,48.639089000000006,1.0034250847091317,False,False
2749d31664905c24a21b64a3a74ce59d83e4f5ee9b5495dd2530667804fffa96,59986052,32,bits-sq,512,512,4,download,30,0.008622999999999999,0.008513,0.009151250000000001,1.089470022034095,False,False
2749d31664905c24a21b64a3a74ce59d83e4f5ee9b5495dd2530667804fffa96,59986052,32,bits-sq,512,512,4,operator,30,0.7408325,0.7392175000000001,0.74215225,1.0688380976806497,False,False
2749d31664905c24a21b64a3a74ce59d83e4f5ee9b5495dd2530667804fffa96,59986052,32,bits-sq,512,512,4,output_isolated,30,0.008733000000000001,0.00852475,0.00894625,1.5934959349593494,False,False
2749d31664905c24a21b64a3a74ce59d83e4f5ee9b5495dd2530667804fffa96,59986052,32,bits-sq,512,512,4,selection_isolated,30,0.2926335,0.291474,0.2938775,1.2103586909906077,False,False
2749d31664905c24a21b64a3a74ce59d83e4f5ee9b5495dd2530667804fffa96,59986052,32,bits-sq,512,512,4,transform_isolated,30,0.444739,0.44392475,0.4457225,1.0081969424763737,False,False
2749d31664905c24a21b64a3a74ce59d83e4f5ee9b5495dd2530667804fffa96,59986052,32,bits-sq,512,512,4,upload_shared,1,48.728515,48.728515,48.728515,1.0015836107461924,False,False
2749d31664905c24a21b64a3a74ce59d83e4f5ee9b5495dd2530667804fffa96,59986052,32,bits-sq,512,512,7,download,30,0.0087835,0.008578,0.009204,1.0695622473956852,False,False
2749d31664905c24a21b64a3a74ce59d83e4f5ee9b5495dd2530667804fffa96,59986052,32,bits-sq,512,512,7,operator,30,0.8096015000000001,0.8087475000000001,0.8105027499999999,0.9780490772312057,False,False
2749d31664905c24a21b64a3a74ce59d83e4f5ee9b5495dd2530667804fffa96,59986052,32,bits-sq,512,512,7,output_isolated,30,0.008683,0.0085955,0.008866249999999999,1.6026718875964527,False,False
2749d31664905c24a21b64a3a74ce59d83e4f5ee9b5495dd2530667804fffa96,59986052,32,bits-sq,512,512,7,selection_isolated,30,0.3621785,0.36154800000000004,0.36255649999999995,0.9779473381219481,False,False
2749d31664905c24a21b64a3a74ce59d83e4f5ee9b5495dd2530667804fffa96,59986052,32,bits-sq,512,512,7,transform_isolated,30,0.444188,0.44315950000000004,0.444709,1.009447576251497,False,False
2749d31664905c24a21b64a3a74ce59d83e4f5ee9b5495dd2530667804fffa96,59986052,32,bits-sq,512,512,7,upload_shared,1,48.843818999999996,48.843818999999996,48.843818999999996,0.9992192051976937,False,False
2749d31664905c24a21b64a3a74ce59d83e4f5ee9b5495dd2530667804fffa96,59986052,32,bits-sq,512,512,8,download,30,0.008923,0.008638,0.009759,1.0528409727670065,False,False
2749d31664905c24a21b64a3a74ce59d83e4f5ee9b5495dd2530667804fffa96,59986052,32,bits-sq,512,512,8,operator,30,0.721723,0.7204870000000001,0.7229632500000001,1.0971383758034592,False,False
2749d31664905c24a21b64a3a74ce59d83e4f5ee9b5495dd2530667804fffa96,59986052,32,bits-sq,512,512,8,output_isolated,30,0.008744,0.008613,0.0088815,1.591491308325709,False,False
2749d31664905c24a21b64a3a74ce59d83e4f5ee9b5495dd2530667804fffa96,59986052,32,bits-sq,512,512,8,selection_isolated,30,0.2740505,0.2732865,0.27592625,1.292431504412508,False,False
2749d31664905c24a21b64a3a74ce59d83e4f5ee9b5495dd2530667804fffa96,59986052,32,bits-sq,512,512,8,transform_isolated,30,0.445665,0.44476400000000005,0.446482,1.0061021170610212,False,False
2749d31664905c24a21b64a3a74ce59d83e4f5ee9b5495dd2530667804fffa96,59986052,32,bits-sq,512,512,8,upload_shared,1,48.75823,48.75823,48.75823,1.0009732100611528,False,False
2749d31664905c24a21b64a3a74ce59d83e4f5ee9b5495dd2530667804fffa96,59986052,32,bits-sq,512,512,13,download,30,0.008882999999999999,0.00850225,0.009299,1.05758189800743,False,False
2749d31664905c24a21b64a3a74ce59d83e4f5ee9b5495dd2530667804fffa96,59986052,32,bits-sq,512,512,13,operator,30,0.7907230000000001,0.7902772499999999,0.7915597500000001,1.0013999845710824,False,False
2749d31664905c24a21b64a3a74ce59d83e4f5ee9b5495dd2530667804fffa96,59986052,32,bits-sq,512,512,13,output_isolated,30,0.008657999999999999,0.008518,0.0089355,1.6072996072996075,False,False
2749d31664905c24a21b64a3a74ce59d83e4f5ee9b5495dd2530667804fffa96,59986052,32,bits-sq,512,512,13,selection_isolated,30,0.343696,0.34328000000000003,0.3439385,1.0305371607467064,False,False
2749d31664905c24a21b64a3a74ce59d83e4f5ee9b5495dd2530667804fffa96,59986052,32,bits-sq,512,512,13,transform_isolated,30,0.444423,0.44346449999999993,0.444974,1.0089138050910955,False,False
2749d31664905c24a21b64a3a74ce59d83e4f5ee9b5495dd2530667804fffa96,59986052,32,bits-sq,512,512,13,upload_shared,1,48.792342000000005,48.792342000000005,48.792342000000005,1.0002734035599274,False,False
2749d31664905c24a21b64a3a74ce59d83e4f5ee9b5495dd2530667804fffa96,59986052,32,bits-sq,512,512,16,download,30,0.008869,0.008532999999999999,0.009574,1.059251324839328,False,False
2749d31664905c24a21b64a3a74ce59d83e4f5ee9b5495dd2530667804fffa96,59986052,32,bits-sq,512,512,16,operator,30,0.7894510000000001,0.788094,0.79016525,1.0030134865875144,False,False
2749d31664905c24a21b64a3a74ce59d83e4f5ee9b5495dd2530667804fffa96,59986052,32,bits-sq,512,512,16,output_isolated,30,0.0087485,0.0085555,0.008968,1.5906726867462995,False,False
2749d31664905c24a21b64a3a74ce59d83e4f5ee9b5495dd2530667804fffa96,59986052,32,bits-sq,512,512,16,selection_isolated,30,0.341743,0.3414195,0.34220874999999995,1.036426495934079,False,False
2749d31664905c24a21b64a3a74ce59d83e4f5ee9b5495dd2530667804fffa96,59986052,32,bits-sq,512,512,16,transform_isolated,30,0.44472849999999997,0.44420800000000005,0.44522,1.0082207459157666,False,False
2749d31664905c24a21b64a3a74ce59d83e4f5ee9b5495dd2530667804fffa96,59986052,32,bits-sq,512,512,16,upload_shared,1,48.676356,48.676356,48.676356,1.0026568545928132,False,False
2749d31664905c24a21b64a3a74ce59d83e4f5ee9b5495dd2530667804fffa96,59986052,32,block-select,1,128,2,download,30,0.022489,0.02216125,0.0231125,0.417737560585175,False,False
2749d31664905c24a21b64a3a74ce59d83e4f5ee9b5495dd2530667804fffa96,59986052,32,block-select,1,128,2,operator,30,237.35821299999998,235.9494755,237.76333425,0.003336012645157554,False,False
2749d31664905c24a21b64a3a74ce59d83e4f5ee9b5495dd2530667804fffa96,59986052,32,block-select,1,128,2,output_isolated,30,0.023815999999999997,0.0231675,0.024412,0.584313066845818,False,False
2749d31664905c24a21b64a3a74ce59d83e4f5ee9b5495dd2530667804fffa96,59986052,32,block-select,1,128,2,selection_isolated,30,236.083506,234.7876355,237.0212995,0.0015002805829222139,False,False
2749d31664905c24a21b64a3a74ce59d83e4f5ee9b5495dd2530667804fffa96,59986052,32,block-select,1,128,2,transform_isolated,30,0.44626600000000005,0.44576275,0.447784,1.0047471687289642,False,False
2749d31664905c24a21b64a3a74ce59d83e4f5ee9b5495dd2530667804fffa96,59986052,32,block-select,1,128,2,upload_shared,1,48.805682000000004,48.805682000000004,48.805682000000004,1.0,False,False
2749d31664905c24a21b64a3a74ce59d83e4f5ee9b5495dd2530667804fffa96,59986052,32,grid-select,1,0,0,download,30,0.009229,0.009024,0.00967925,1.017932603749052,True,True
2749d31664905c24a21b64a3a74ce59d83e4f5ee9b5495dd2530667804fffa96,59986052,32,grid-select,1,0,0,operator,30,0.7503515,0.74896725,0.7508252500000001,1.0552787593547825,True,True
2749d31664905c24a21b64a3a74ce59d83e4f5ee9b5495dd2530667804fffa96,59986052,32,grid-select,1,0,0,output_isolated,30,0.0088485,0.008695499999999998,0.00902875,1.572695937164491,True,True
2749d31664905c24a21b64a3a74ce59d83e4f5ee9b5495dd2530667804fffa96,59986052,32,grid-select,1,0,0,selection_isolated,30,0.3025835,0.30206225000000003,0.30340999999999996,1.170557879064787,True,True
2749d31664905c24a21b64a3a74ce59d83e4f5ee9b5495dd2530667804fffa96,59986052,32,grid-select,1,0,0,transform_isolated,30,0.445315,0.44428550000000006,0.4463284999999999,1.0068928735838676,True,True
2749d31664905c24a21b64a3a74ce59d83e4f5ee9b5495dd2530667804fffa96,59986052,32,grid-select,1,0,0,upload_shared,1,48.805682000000004,48.805682000000004,48.805682000000004,1.0,True,True
2749d31664905c24a21b64a3a74ce59d83e4f5ee9b5495dd2530667804fffa96,59986052,64,air-topk,1,512,0,download,30,0.008999,0.008648,0.010033249999999999,1.0,True,True
2749d31664905c24a21b64a3a74ce59d83e4f5ee9b5495dd2530667804fffa96,59986052,64,air-topk,1,512,0,operator,30,0.7928109999999999,0.791354,0.7963842499999999,1.0,True,True
2749d31664905c24a21b64a3a74ce59d83e4f5ee9b5495dd2530667804fffa96,59986052,64,air-topk,1,512,0,output_isolated,30,0.014962,0.01482025,0.0150855,1.0,True,True
2749d31664905c24a21b64a3a74ce59d83e4f5ee9b5495dd2530667804fffa96,59986052,64,air-topk,1,512,0,selection_isolated,30,0.3532,0.35071874999999997,0.35549575,1.0,True,True
2749d31664905c24a21b64a3a74ce59d83e4f5ee9b5495dd2530667804fffa96,59986052,64,air-topk,1,512,0,transform_isolated,30,0.448264,0.447478,0.44927525,1.0,True,True
2749d31664905c24a21b64a3a74ce59d83e4f5ee9b5495dd2530667804fffa96,59986052,64,air-topk,1,512,0,upload_shared,1,48.818732,48.818732,48.818732,1.0,True,True
2749d31664905c24a21b64a3a74ce59d83e4f5ee9b5495dd2530667804fffa96,59986052,64,bits-prefetch,1,128,4,download,30,0.021427500000000002,0.020992,0.02215625,0.4199743320499358,False,False
2749d31664905c24a21b64a3a74ce59d83e4f5ee9b5495dd2530667804fffa96,59986052,64,bits-prefetch,1,128,4,operator,30,72.61563000000001,72.60722725000001,72.6227575,0.010917911199007705,False,False
2749d31664905c24a21b64a3a74ce59d83e4f5ee9b5495dd2530667804fffa96,59986052,64,bits-prefetch,1,128,4,output_isolated,30,0.022624,0.02229825,0.023471,0.6613330975954739,False,False
2749d31664905c24a21b64a3a74ce59d83e4f5ee9b5495dd2530667804fffa96,59986052,64,bits-prefetch,1,128,4,selection_isolated,30,72.1628485,72.15489900000001,72.16754075,0.004894485283518153,False,False
2749d31664905c24a21b64a3a74ce59d83e4f5ee9b5495dd2530667804fffa96,59986052,64,bits-prefetch,1,128,4,transform_isolated,30,0.445876,0.4455525,0.4469795,1.0053557491320457,False,False
2749d31664905c24a21b64a3a74ce59d83e4f5ee9b5495dd2530667804fffa96,59986052,64,bits-prefetch,1,128,4,upload_shared,1,48.655775,48.655775,48.655775,1.003349181058158,False,False
2749d31664905c24a21b64a3a74ce59d83e4f5ee9b5495dd2530667804fffa96,59986052,64,bits-prefetch,1,128,7,download,30,0.019389,0.019020750000000003,0.019772500000000002,0.46412914539171696,False,False
2749d31664905c24a21b64a3a74ce59d83e4f5ee9b5495dd2530667804fffa96,59986052,64,bits-prefetch,1,128,7,operator,30,45.123873,45.11907599999999,45.126745,0.01756965763998139,False,False
2749d31664905c24a21b64a3a74ce59d83e4f5ee9b5495dd2530667804fffa96,59986052,64,bits-prefetch,1,128,7,output_isolated,30,0.020136,0.0196265,0.020683499999999997,0.743047278506158,False,False
2749d31664905c24a21b64a3a74ce59d83e4f5ee9b5495dd2530667804fffa96,59986052,64,bits-prefetch,1,128,7,selection_isolated,30,44.665884500000004,44.6640335,44.67,0.007907601158105354,False,False
2749d31664905c24a21b64a3a74ce59d83e4f5ee9b5495dd2530667804fffa96,59986052,64,bits-prefetch,1,128,7,transform_isolated,30,0.4453295,0.4445865,0.44594575000000003,1.0065895028288043,False,False
2749d31664905c24a21b64a3a74ce59d83e4f5ee9b5495dd2530667804fffa96,59986052,64,bits-prefetch,1,128,7,upload_shared,1,48.717338,48.717338,48.717338,1.0020812713535374,False,False
2749d31664905c24a21b64a3a74ce59d83e4f5ee9b5495dd2530667804fffa96,59986052,64,bits-prefetch,1,128,8,download,30,0.0187035,0.0182305,0.019173999999999997,0.48113989360280157,False,False
2749d31664905c24a21b64a3a74ce59d83e4f5ee9b5495dd2530667804fffa96,59986052,64,bits-prefetch,1,128,8,operator,30,41.842470999999996,41.83984725,41.8474165,0.018947518658733134,False,False
2749d31664905c24a21b64a3a74ce59d83e4f5ee9b5495dd2530667804fffa96,59986052,64,bits-prefetch,1,128,8,output_isolated,30,0.019604,0.018990749999999997,0.0205035,0.7632115894715364,False,False
2749d31664905c24a21b64a3a74ce59d83e4f5ee9b5495dd2530667804fffa96,59986052,64,bits-prefetch,1,128,8,selection_isolated,30,41.385869,41.382647,41.39134275,0.008534313970790368,False,False
2749d31664905c24a21b64a3a74ce59d83e4f5ee9b5495dd2530667804fffa96,59986052,64,bits-prefetch,1,128,8,transform_isolated,30,0.44572500000000004,0.444709,0.44602600000000003,1.005696337427786,False,False
2749d31664905c24a21b64a3a74ce59d83e4f5ee9b5495dd2530667804fffa96,59986052,64,bits-prefetch,1,128,8,upload_shared,1,48.724279,48.724279,48.724279,1.0019385202190472,False,False
2749d31664905c24a21b64a3a74ce59d83e4f5ee9b5495dd2530667804fffa96,59986052,64,bits-prefetch,1,128,13,download,30,0.017627,0.017368500000000002,0.018292750000000003,0.5105236285244228,False,False
2749d31664905c24a21b64a3a74ce59d83e4f5ee9b5495dd2530667804fffa96,59986052,64,bits-prefetch,1,128,13,operator,30,35.064631,35.060384500000005,35.06778325,0.02260999124730558,False,False
2749d31664905c24a21b64a3a74ce59d83e4f5ee9b5495dd2530667804fffa96,59986052,64,bits-prefetch,1,128,13,output_isolated,30,0.018448,0.017587,0.019303999999999998,0.8110364267129229,False,False
2749d31664905c24a21b64a3a74ce59d83e4f5ee9b5495dd2530667804fffa96,59986052,64,bits-prefetch,1,128,13,selection_isolated,30,34.6093015,34.604299,34.616322,0.010205348986890128,False,False
2749d31664905c24a21b64a3a74ce59d83e4f5ee9b5495dd2530667804fffa96,59986052,64,bits-prefetch,1,128,13,transform_isolated,30,0.444558,0.444118,0.44584749999999995,1.0083363700574504,False,False
2749d31664905c24a21b64a3a74ce59d83e4f5ee9b5495dd2530667804fffa96,59986052,64,bits-prefetch,1,128,13,upload_shared,1,48.715185,48.715185,48.715185,1.0021255590017772,False,False
2749d31664905c24a21b64a3a74ce59d83e4f5ee9b5495dd2530667804fffa96,59986052,64,bits-prefetch,1,128,16,download,30,0.017957499999999998,0.016921,0.018869,0.5011276625365447,False,False
2749d31664905c24a21b64a3a74ce59d83e4f5ee9b5495dd2530667804fffa96,59986052,64,bits-prefetch,1,128,16,operator,30,31.6073525,31.584355000000002,31.612482750000005,0.02508311950518475,False,False
2749d31664905c24a21b64a3a74ce59d83e4f5ee9b5495dd2530667804fffa96,59986052,64,bits-prefetch,1,128,16,output_isolated,30,0.018563,0.01797725,0.019449,0.8060119592738243,False,False
2749d31664905c24a21b64a3a74ce59d83e4f5ee9b5495dd2530667804fffa96,59986052,64,bits-prefetch,1,128,16,selection_isolated,30,31.145197,31.132768249999998,31.15129925,0.0113404323626529,False,False
2749d31664905c24a21b64a3a74ce59d83e4f5ee9b5495dd2530667804fffa96,59986052,64,bits-prefetch,1,128,16,transform_isolated,30,0.4455355,0.44431149999999997,0.44602024999999995,1.0061240911218075,False,False
2749d31664905c24a21b64a3a74ce59d83e4f5ee9b5495dd2530667804fffa96,59986052,64,bits-prefetch,1,128,16,upload_shared,1,48.811561000000005,48.811561000000005,48.811561000000005,1.0001469119170352,False,False
2749d31664905c24a21b64a3a74ce59d83e4f5ee9b5495dd2530667804fffa96,59986052,64,bits-prefetch,1,256,4,download,30,0.0183425,0.0180245,0.0193965,0.4906092408341284,False,False
2749d31664905c24a21b64a3a74ce59d83e4f5ee9b5495dd2530667804fffa96,59986052,64,bits-prefetch,1,256,4,operator,30,39.420750999999996,39.41638275,39.425921499999994,0.020111514364604573,False,False
2749d31664905c24a21b64a3a74ce59d83e4f5ee9b5495dd2530667804fffa96,59986052,64,bits-prefetch,1,256,4,output_isolated,30,0.019674999999999998,0.018785749999999997,0.020231,0.7604574332909785,False,False
2749d31664905c24a21b64a3a74ce59d83e4f5ee9b5495dd2530667804fffa96,59986052,64,bits-prefetch,1,256,4,selection_isolated,30,38.9617715,38.958839499999996,38.964280499999994,0.009065296222477976,False,False
2749d31664905c24a21b64a3a74ce59d83e4f5ee9b5495dd2530667804fffa96,59986052,64,bits-prefetch,1,256,4,transform_isolated,30,0.445395,0.444444,0.446116,1.006441473298982,False,False
2749d31664905c24a21b64a3a74ce59d83e4f5ee9b5495dd2530667804fffa96,59986052,64,bits-prefetch,1,256,4,upload_shared,1,48.764990000000004,48.764990000000004,48.764990000000004,1.0011020611303312,False,False
2749d31664905c24a21b64a3a74ce59d83e4f5ee9b5495dd2530667804fffa96,59986052,64,bits-prefetch,1,256,7,download,30,0.016415000000000003,0.015008,0.016857499999999997,0.5482180932074322,False,False
2749d31664905c24a21b64a3a74ce59d83e4f5ee9b5495dd2530667804fffa96,59986052,64,bits-prefetch,1,256,7,operator,30,25.2604055,25.2582965,25.262413750000004,0.03138552150320785,False,False
2749d31664905c24a21b64a3a74ce59d83e4f5ee9b5495dd2530667804fffa96,59986052,64,bits-prefetch,1,256,7,output_isolated,30,0.017181000000000002,0.016755000000000003,0.017891999999999998,0.8708457016471682,False,False
2749d31664905c24a21b64a3a74ce59d83e4f5ee9b5495dd2530667804fffa96,59986052,64,bits-prefetch,1,256,7,selection_isolated,30,24.807664,24.805541,24.809309499999998,0.014237535626087166,False,False
2749d31664905c24a21b64a3a74ce59d83e4f5ee9b5495dd2530667804fffa96,59986052,64,bits-prefetch,1,256,7,transform_isolated,30,0.4450945,0.44417299999999993,0.44637325,1.0071209597063095,False,False
2749d31664905c24a21b64a3a74ce59d83e4f5ee9b5495dd2530667804fffa96,59986052,64,bits-prefetch,1,256,7,upload_shared,1,48.762917,48.762917,48.762917,1.0011446197937666,False,False
2749d31664905c24a21b64a3a74ce59d83e4f5ee9b5495dd2530667804fffa96,59986052,64,bits-prefetch,1,256,8,download,30,0.01644,0.015486500000000002,0.017376,0.5473844282238443,False,False
2749d31664905c24a21b64a3a74ce59d83e4f5ee9b5495dd2530667804fffa96,59986052,64,bits-prefetch,1,256,8,operator,30,23.784414,23.782906250000003,23.7870755,0.033333215609180025,False,False
2749d31664905c24a21b64a3a74ce59d83e4f5ee9b5495dd2530667804fffa96,59986052,64,bits-prefetch,1,256,8,output_isolated,30,0.0174215,0.0167875,0.0183455,0.8588238670608157,False,False
2749d31664905c24a21b64a3a74ce59d83e4f5ee9b5495dd2530667804fffa96,59986052,64,bits-prefetch,1,256,8,selection_isolated,30,23.331207999999997,23.328127499999997,23.33372325,0.015138521760210619,False,False
2749d31664905c24a21b64a3a74ce59d83e4f5ee9b5495dd2530667804fffa96,59986052,64,bits-prefetch,1,256,8,transform_isolated,30,0.44528999999999996,0.44430575,0.44602575,1.0066787935951853,False,False
2749d31664905c24a21b64a3a74ce59d83e4f5ee9b5495dd2530667804fffa96,59986052,64,bits-prefetch,1,256,8,upload_shared,1,48.75826,48.75826,48.75826,1.0012402411406804,False,False
2749d31664905c24a21b64a3a74ce59d83e4f5ee9b5495dd2530667804fffa96,59986052,64,bits-prefetch,1,256,13,download,30,0.0155385,0.0146595,0.01617225,0.5791421308363098,False,False
2749d31664905c24a21b64a3a74ce59d83e4f5ee9b5495dd2530667804fffa96,59986052,64,bits-prefetch,1,256,13,operator,30,20.345618,20.343545,20.34802675,0.03896716236390558,False,False
2749d31664905c24a21b64a3a74ce59d83e4f5ee9b5495dd2530667804fffa96,59986052,64,bits-prefetch,1,256,13,output_isolated,30,0.0161995,0.01600675,0.016739999999999998,0.9236087533565851,False,False
2749d31664905c24a21b64a3a74ce59d83e4f5ee9b5495dd2530667804fffa96,59986052,64,bits-prefetch,1,256,13,selection_isolated,30,19.892066,19.89052575,19.89376125,0.017755822849170117,False,False
2749d31664905c24a21b64a3a74ce59d83e4f5ee9b5495dd2530667804fffa96,59986052,64,bits-prefetch,1,256,13,transform_isolated,30,0.445215,0.4441655,0.44615099999999996,1.0068483766270229,False,False
2749d31664905c24a21b64a3a74ce59d83e4f5ee9b5495dd2530667804fffa96,59986052,64,bits-prefetch,1,256,13,upload_shared,1,48.740443,48.740443,48.740443,1.001606243094672,False,False
2749d31664905c24a21b64a3a74ce59d83e4f5ee9b5495dd2530667804fffa96,59986052,64,bits-prefetch,1,256,16,download,30,0.0154085,0.014767249999999999,0.01604975,0.5840282960703508,False,False
2749d31664905c24a21b64a3a74ce59d83e4f5ee9b5495dd2530667804fffa96,59986052,64,bits-prefetch,1,256,16,operator,30,19.6263185,19.62352175,19.62924075,0.04039529879228241,False,False
2749d31664905c24a21b64a3a74ce59d83e4f5ee9b5495dd2530667804fffa96,59986052,64,bits-prefetch,1,256,16,output_isolated,30,0.016215,0.0157515,0.016737750000000003,0.9227258711069997,False,False
2749d31664905c24a21b64a3a74ce59d83e4f5ee9b5495dd2530667804fffa96,59986052,64,bits-prefetch,1,256,16,selection_isolated,30,19.173898,19.172195,19.17526,0.018420876130664718,False,False
2749d31664905c24a21b64a3a74ce59d83e4f5ee9b5495dd2530667804fffa96,59986052,64,bits-prefetch,1,256,16,transform_isolated,30,0.4446135,0.44377225,0.446091,1.0082105019303282,False,False
2749d31664905c24a21b64a3a74ce59d83e4f5ee9b5495dd2530667804fffa96,59986052,64,bits-prefetch,1,256,16,upload_shared,1,48.699221,48.699221,48.699221,1.002454063895601,False,False
2749d31664905c24a21b64a3a74ce59d83e4f5ee9b5495dd2530667804fffa96,59986052,64,bits-prefetch,1,512,4,download,30,0.015669000000000002,0.0146745,0.016399999999999998,0.5743187184887356,False,False
2749d31664905c24a21b64a3a74ce59d83e4f5ee9b5495dd2530667804fffa96,59986052,64,bits-prefetch,1,512,4,operator,30,20.939197999999998,20.93744775,20.94147175,0.03786252940537646,False,False
2749d31664905c24a21b64a3a74ce59d83e4f5ee9b5495dd2530667804fffa96,59986052,64,bits-prefetch,1,512,4,output_isolated,30,0.016704999999999998,0.015262999999999999,0.017196,0.8956599820413051,False,False
2749d31664905c24a21b64a3a74ce59d83e4f5ee9b5495dd2530667804fffa96,59986052,64,bits-prefetch,1,512,4,selection_isolated,30,20.486687500000002,20.4852025,20.48780875,0.017240464081858035,False,False
2749d31664905c24a21b64a3a74ce59d83e4f5ee9b5495dd2530667804fffa96,59986052,64,bits-prefetch,1,512,4,transform_isolated,30,0.444774,0.44401525,0.4455125,1.0078466816855303,False,False
2749d31664905c24a21b64a3a74ce59d83e4f5ee9b5495dd2530667804fffa96,59986052,64,bits-prefetch,1,512,4,upload_shared,1,48.68623100000001,48.68623100000001,48.68623100000001,1.0027215292142864,False,False
2749d31664905c24a21b64a3a74ce59d83e4f5ee9b5495dd2530667804fffa96,59986052,64,bits-prefetch,1,512,7,download,30,0.013976,0.013610999999999998,0.015368000000000001,0.6438895248998282,False,False
2749d31664905c24a21b64a3a74ce59d83e4f5ee9b5495dd2530667804fffa96,59986052,64,bits-prefetch,1,512,7,operator,30,15.395192,15.3943485,15.397696499999999,0.05149731162820184,False,False
2749d31664905c24a21b64a3a74ce59d83e4f5ee9b5495dd2530667804fffa96,59986052,64,bits-prefetch,1,512,7,output_isolated,30,0.014547000000000001,0.01429425,0.015834,1.0285282188767442,False,False
2749d31664905c24a21b64a3a74ce59d83e4f5ee9b5495dd2530667804fffa96,59986052,64,bits-prefetch,1,512,7,selection_isolated,30,14.9448,14.943368249999999,14.9455735,0.023633638456185428,False,False
2749d31664905c24a21b64a3a74ce59d83e4f5ee9b5495dd2530667804fffa96,59986052,64,bits-prefetch,1,512,7,transform_isolated,30,0.444634,0.443923,0.44579574999999994,1.0081640180463034,False,False
2749d31664905c24a21b64a3a74ce59d83e4f5ee9b5495dd2530667804fffa96,59986052,64,bits-prefetch,1,512,7,upload_shared,1,48.671659,48.671659,48.671659,1.0030217379687016,False,False
2749d31664905c24a21b64a3a74ce59d83e4f5ee9b5495dd2530667804fffa96,59986052,64,bits-prefetch,1,512,8,download,30,0.013771,0.01303425,0.015233,0.6534746931958464,False,False
2749d31664905c24a21b64a3a74ce59d83e4f5ee9b5495dd2530667804fffa96,59986052,64,bits-prefetch,1,512,8,operator,30,14.7507305,14.7498915,14.7525415,0.053747236450425284,False,False
2749d31664905c24a21b64a3a74ce59d83e4f5ee9b5495dd2530667804fffa96,59986052,64,bits-prefetch,1,512,8,output_isolated,30,0.014787,0.013841250000000001,0.015794,1.0118347196862107,False,False
2749d31664905c24a21b64a3a74ce59d83e4f5ee9b5495dd2530667804fffa96,59986052,64,bits-prefetch,1,512,8,selection_isolated,30,14.300307499999999,14.299193500000001,14.30081075,0.024698769589395195,False,False
2749d31664905c24a21b64a3a74ce59d83e4f5ee9b5495dd2530667804fffa96,59986052,64,bits-prefetch,1,512,8,transform_isolated,30,0.4452245,0.44441050000000004,0.4458085,1.0068268929495119,False,False
2749d31664905c24a21b64a3a74ce59d83e4f5ee9b5495dd2530667804fffa96,59986052,64,bits-prefetch,1,512,8,upload_shared,1,48.836558000000004,48.836558000000004,48.836558000000004,0.9996349865606825,False,False
2749d31664905c24a21b64a3a74ce59d83e4f5ee9b5495dd2530667804fffa96,59986052,64,bits-prefetch,1,512,13,download,30,0.0136805,0.01301175,0.014388749999999999,0.6577975951171375,False,False
2749d31664905c24a21b64a3a74ce59d83e4f5ee9b5495dd2530667804fffa96,59986052,64,bits-prefetch,1,512,13,operator,30,13.981871,13.979848,13.98321725,0.056702783196898324,False,False
2749d31664905c24a21b64a3a74ce59d83e4f5ee9b5495dd2530667804fffa96,59986052,64,bits-prefetch,1,512,13,output_isolated,30,0.014762,0.014136249999999998,0.0153105,1.013548299688389,False,False
2749d31664905c24a21b64a3a74ce59d83e4f5ee9b5495dd2530667804fffa96,59986052,64,bits-prefetch,1,512,13,selection_isolated,30,13.530467,13.529477499999999,13.53125975,0.0261040509540432,False,False
2749d31664905c24a21b64a3a74ce59d83e4f5ee9b5495dd2530667804fffa96,59986052,64,bits-prefetch,1,512,13,transform_isolated,30,0.444243,0.443788,0.44501149999999995,1.0090513525255322,False,False
2749d31664905c24a21b64a3a74ce59d83e4f5ee9b5495dd2530667804fffa96,59986052,64,bits-prefetch,1,512,13,upload_shared,1,48.743077,48.743077,48.743077,1.0015521178525517,False,False
2749d31664905c24a21b64a3a74ce59d83e4f5ee9b5495dd2530667804fffa96,59986052,64,bits-prefetch,1,512,16,download,30,0.0135055,0.012896749999999998,0.01429925,0.6663211284291585,True,False
2749d31664905c24a21b64a3a74ce59d83e4f5ee9b5495dd2530667804fffa96,59986052,64,bits-prefetch,1,512,16,operator,30,13.176536,13.1758225,13.17755525,0.060168393271190536,True,False
2749d31664905c24a21b64a3a74ce59d83e4f5ee9b5495dd2530667804fffa96,59986052,64,bits-prefetch,1,512,16,output_isolated,30,0.014842000000000001,0.01402175,0.015190249999999999,1.0080851637245654,True,False
2749d31664905c24a21b64a3a74ce59d83e4f5ee9b5495dd2530667804fffa96,59986052,64,bits-prefetch,1,512,16,selection_isolated,30,12.724936499999998,12.722514749999998,12.726170500000002,0.027756523578722776,True,False
2749d31664905c24a21b64a3a74ce59d83e4f5ee9b5495dd2530667804fffa96,59986052,64,bits-prefetch,1,512,16,transform_isolated,30,0.44460900000000003,0.44370299999999996,0.445665,1.0082207062834985,True,False
2749d31664905c24a21b64a3a74ce59d83e4f5ee9b5495dd2530667804fffa96,59986052,64,bits-prefetch,1,512,16,upload_shared,1,48.818732,48.818732,48.818732,1.0,True,False
2749d31664905c24a21b64a3a74ce59d83e4f5ee9b5495dd2530667804fffa96,59986052,64,bits-sq,8,128,4,download,30,0.013255,0.012068249999999999,0.013850999999999999,0.6789136175028292,False,False
2749d31664905c24a21b64a3a74ce59d83e4f5ee9b5495dd2530667804fffa96,59986052,64,bits-sq,8,128,4,operator,30,10.518543000000001,10.517482,10.520085,0.07537270133325498,False,False
2749d31664905c24a21b64a3a74ce59d83e4f5ee9b5495dd2530667804fffa96,59986052,64,bits-sq,8,128,4,output_isolated,30,0.013345,0.012444,0.014307,1.1211689771449982,False,False
2749d31664905c24a21b64a3a74ce59d83e4f5ee9b5495dd2530667804fffa96,59986052,64,bits-sq,8,128,4,selection_isolated,30,10.066979,10.0665005,10.06767725,0.03508500415069903,False,False
2749d31664905c24a21b64a3a74ce59d83e4f5ee9b5495dd2530667804fffa96,59986052,64,bits-sq,8,128,4,transform_isolated,30,0.4445635,0.44388025000000003,0.44575075000000003,1.0083238952365634,False,False
2749d31664905c24a21b64a3a74ce59d83e4f5ee9b5495dd2530667804fffa96,59986052,64,bits-sq,8,128,4,upload_shared,1,48.655775,48.655775,48.655775,1.003349181058158,False,False
2749d31664905c24a21b64a3a74ce59d83e4f5ee9b5495dd2530667804fffa96,59986052,64,bits-sq,8,128,7,download,30,0.012274,0.01140725,0.01328,0.7331758188039759,False,False
2749d31664905c24a21b64a3a74ce59d83e4f5ee9b5495dd2530667804fffa96,59986052,64,bits-sq,8,128,7,operator,30,8.474927000000001,8.473766999999999,8.4762205,0.09354782642965537,False,False
2749d31664905c24a21b64a3a74ce59d83e4f5ee9b5495dd2530667804fffa96,59986052,64,bits-sq,8,128,7,output_isolated,30,0.012389,0.011713,0.013197500000000001,1.2076842360158204,False,False
2749d31664905c24a21b64a3a74ce59d83e4f5ee9b5495dd2530667804fffa96,59986052,64,bits-sq,8,128,7,selection_isolated,30,8.0252605,8.024233249999998,8.026539500000002,0.04401103241446181,False,False
2749d31664905c24a21b64a3a74ce59d83e4f5ee9b5495dd2530667804fffa96,59986052,64,bits-sq,8,128,7,transform_isolated,30,0.444324,0.44390799999999997,0.44541,1.008867403066231,False,False
2749d31664905c24a21b64a3a74ce59d83e4f5ee9b5495dd2530667804fffa96,59986052,64,bits-sq,8,128,7,upload_shared,1,48.717338,48.717338,48.717338,1.0020812713535374,False,False
2749d31664905c24a21b64a3a74ce59d83e4f5ee9b5495dd2530667804fffa96,59986052,64,bits-sq,8,128,8,download,30,0.011948,0.01099375,0.012484,0.7531804486106461,False,False
2749d31664905c24a21b64a3a74ce59d83e4f5ee9b5495dd2530667804fffa96,59986052,64,bits-sq,8,128,8,operator,30,8.2811035,8.27946,8.282532499999999,0.09573736157264547,False,False
2749d31664905c24a21b64a3a74ce59d83e4f5ee9b5495dd2530667804fffa96,59986052,64,bits-sq,8,128,8,output_isolated,30,0.012559,0.011729749999999999,0.01299225,1.1913368898797674,False,False
2749d31664905c24a21b64a3a74ce59d83e4f5ee9b5495dd2530667804fffa96,59986052,64,bits-sq,8,128,8,selection_isolated,30,7.8310759999999995,7.830337499999999,7.831997,0.04510235885847616,False,False
2749d31664905c24a21b64a3a74ce59d83e4f5ee9b5495dd2530667804fffa96,59986052,64,bits-sq,8,128,8,transform_isolated,30,0.443992,0.443572,0.4451665,1.009621794987297,False,False
2749d31664905c24a21b64a3a74ce59d83e4f5ee9b5495dd2530667804fffa96,59986052,64,bits-sq,8,128,8,upload_shared,1,48.724279,48.724279,48.724279,1.0019385202190472,False,False
2749d31664905c24a21b64a3a74ce59d83e4f5ee9b5495dd2530667804fffa96,59986052,64,bits-sq,8,128,13,download,30,0.012053,0.011462,0.013085,0.7466190989795072,False,False
2749d31664905c24a21b64a3a74ce59d83e4f5ee9b5495dd2530667804fffa96,59986052,64,bits-sq,8,128,13,operator,30,7.596486,7.5957515,7.597442,0.104365492149923,False,False
2749d31664905c24a21b64a3a74ce59d83e4f5ee9b5495dd2530667804fffa96,59986052,64,bits-sq,8,128,13,output_isolated,30,0.012479,0.012078249999999999,0.01282725,1.1989742767849987,False,False
2749d31664905c24a21b64a3a74ce59d83e4f5ee9b5495dd2530667804fffa96,59986052,64,bits-sq,8,128,13,selection_isolated,30,7.146509,7.14570775,7.1470215,0.04942273213396919,False,False
2749d31664905c24a21b64a3a74ce59d83e4f5ee9b5495dd2530667804fffa96,59986052,64,bits-sq,8,128,13,transform_isolated,30,0.4445035,0.44407525000000003,0.4453925000000001,1.0084600008773834,False,False
2749d31664905c24a21b64a3a74ce59d83e4f5ee9b5495dd2530667804fffa96,59986052,64,bits-sq,8,128,13,upload_shared,1,48.715185,48.715185,48.715185,1.0021255590017772,False,False
2749d31664905c24a21b64a3a74ce59d83e4f5ee9b5495dd2530667804fffa96,59986052,64,bits-sq,8,128,16,download,30,0.011653,0.0110145,0.01236875,0.7722474899167596,False,False
2749d31664905c24a21b64a3a74ce59d83e4f5ee9b5495dd2530667804fffa96,59986052,64,bits-sq,8,128,16,operator,30,7.471942,7.4708552500000005,7.47382725,0.10610507950945014,False,False
2749d31664905c24a21b64a3a74ce59d83e4f5ee9b5495dd2530667804fffa96,59986052,64,bits-sq,8,128,16,output_isolated,30,0.0122535,0.011803000000000001,0.01281925,1.2210388868486555,False,False
2749d31664905c24a21b64a3a74ce59d83e4f5ee9b5495dd2530667804fffa96,59986052,64,bits-sq,8,128,16,selection_isolated,30,7.0224655,7.02131875,7.023132,0.05029572590993861,False,False
2749d31664905c24a21b64a3a74ce59d83e4f5ee9b5495dd2530667804fffa96,59986052,64,bits-sq,8,128,16,transform_isolated,30,0.443747,0.4430235,0.44547225,1.0101792237468648,False,False
2749d31664905c24a21b64a3a74ce59d83e4f5ee9b5495dd2530667804fffa96,59986052,64,bits-sq,8,128,16,upload_shared,1,48.811561000000005,48.811561000000005,48.811561000000005,1.0001469119170352,False,False
2749d31664905c24a21b64a3a74ce59d83e4f5ee9b5495dd2530667804fffa96,59986052,64,bits-sq,8,256,4,download,30,0.0114975,0.01078925,0.011987999999999999,0.7826918895412046,False,False
2749d31664905c24a21b64a3a74ce59d83e4f5ee9b5495dd2530667804fffa96,59986052,64,bits-sq,8,256,4,operator,30,5.806303,5.80463275,5.8074065,0.13654316696872346,False,False
2749d31664905c24a21b64a3a74ce59d83e4f5ee9b5495dd2530667804fffa96,59986052,64,bits-sq,8,256,4,output_isolated,30,0.011593,0.01072375,0.011985500000000001,1.290606400414043,False,False
2749d31664905c24a21b64a3a74ce59d83e4f5ee9b5495dd2530667804fffa96,59986052,64,bits-sq,8,256,4,selection_isolated,30,5.356661,5.3562460000000005,5.357658000000001,0.06593659744381808,False,False
2749d31664905c24a21b64a3a74ce59d83e4f5ee9b5495dd2530667804fffa96,59986052,64,bits-sq,8,256,4,transform_isolated,30,0.444108,0.44373025,0.4447715,1.0093580840696408,False,False
2749d31664905c24a21b64a3a74ce59d83e4f5ee9b5495dd2530667804fffa96,59986052,64,bits-sq,8,256,4,upload_shared,1,48.764990000000004,48.764990000000004,48.764990000000004,1.0011020611303312,False,False
2749d31664905c24a21b64a3a74ce59d83e4f5ee9b5495dd2530667804fffa96,59986052,64,bits-sq,8,256,7,download,30,0.011061499999999998,0.010217750000000001,0.01207125,0.8135424671156716,False,False
2749d31664905c24a21b64a3a74ce59d83e4f5ee9b5495dd2530667804fffa96,59986052,64,bits-sq,8,256,7,operator,30,4.7245735,4.723854749999999,4.726193500000001,0.16780583474889318,False,False
2749d31664905c24a21b64a3a74ce59d83e4f5ee9b5495dd2530667804fffa96,59986052,64,bits-sq,8,256,7,output_isolated,30,0.010887,0.010171,0.01170525,1.3742996234040596,False,False
2749d31664905c24a21b64a3a74ce59d83e4f5ee9b5495dd2530667804fffa96,59986052,64,bits-sq,8,256,7,selection_isolated,30,4.274773,4.27442125,4.275569,0.08262427034137253,False,False
2749d31664905c24a21b64a3a74ce59d83e4f5ee9b5495dd2530667804fffa96,59986052,64,bits-sq,8,256,7,transform_isolated,30,0.44429300000000005,0.44360449999999996,0.44473150000000006,1.0089377955538348,False,False
2749d31664905c24a21b64a3a74ce59d83e4f5ee9b5495dd2530667804fffa96,59986052,64,bits-sq,8,256,7,upload_shared,1,48.762917,48.762917,48.762917,1.0011446197937666,False,False
2749d31664905c24a21b64a3a74ce59d83e4f5ee9b5495dd2530667804fffa96,59986052,64,bits-sq,8,256,8,download,30,0.010366,0.009925,0.011528,0.8681265676249277,False,False
2749d31664905c24a21b64a3a74ce59d83e4f5ee9b5495dd2530667804fffa96,59986052,64,bits-sq,8,256,8,operator,30,4.59019,4.588763,4.59177775,0.17271855849104284,False,False
2749d31664905c24a21b64a3a74ce59d83e4f5ee9b5495dd2530667804fffa96,59986052,64,bits-sq,8,256,8,output_isolated,30,0.011227,0.010456,0.011673000000000001,1.332680146076423,False,False
2749d31664905c24a21b64a3a74ce59d83e4f5ee9b5495dd2530667804fffa96,59986052,64,bits-sq,8,256,8,selection_isolated,30,4.140658999999999,4.1400805,4.1417735,0.08530043164626695,False,False
2749d31664905c24a21b64a3a74ce59d83e4f5ee9b5495dd2530667804fffa96,59986052,64,bits-sq,8,256,8,transform_isolated,30,0.444438,0.44383525,0.44575775,1.0086086248250599,False,False
2749d31664905c24a21b64a3a74ce59d83e4f5ee9b5495dd2530667804fffa96,59986052,64,bits-sq,8,256,8,upload_shared,1,48.75826,48.75826,48.75826,1.0012402411406804,False,False
2749d31664905c24a21b64a3a74ce59d83e4f5ee9b5495dd2530667804fffa96,59986052,64,bits-sq,8,256,13,download,30,0.0102555,0.0096975,0.0114395,0.8774803763834039,False,False
2749d31664905c24a21b64a3a74ce59d83e4f5ee9b5495dd2530667804fffa96,59986052,64,bits-sq,8,256,13,operator,30,4.2127435,4.2120619999999995,4.213875,0.18819351332451167,False,False
2749d31664905c24a21b64a3a74ce59d83e4f5ee9b5495dd2530667804fffa96,59986052,64,bits-sq,8,256,13,output_isolated,30,0.010621,0.01035275,0.011377,1.4087185764052348,False,False
2749d31664905c24a21b64a3a74ce59d83e4f5ee9b5495dd2530667804fffa96,59986052,64,bits-sq,8,256,13,selection_isolated,30,3.763788,3.7633870000000003,3.7644189999999997,0.09384162976235644,False,False
2749d31664905c24a21b64a3a74ce59d83e4f5ee9b5495dd2530667804fffa96,59986052,64,bits-sq,8,256,13,transform_isolated,30,0.444013,0.44315125,0.44500975,1.0095740440032162,False,False
2749d31664905c24a21b64a3a74ce59d83e4f5ee9b5495dd2530667804fffa96,59986052,64,bits-sq,8,256,13,upload_shared,1,48.740443,48.740443,48.740443,1.001606243094672,False,False
2749d31664905c24a21b64a3a74ce59d83e4f5ee9b5495dd2530667804fffa96,59986052,64,bits-sq,8,256,16,download,30,0.010596000000000001,0.01012325,0.01113275,0.8492827482068704,False,False
2749d31664905c24a21b64a3a74ce59d83e4f5ee9b5495dd2530667804fffa96,59986052,64,bits-sq,8,256,16,operator,30,4.1594875,4.157825000000001,4.160073000000001,0.19060304905351919,False,False
2749d31664905c24a21b64a3a74ce59d83e4f5ee9b5495dd2530667804fffa96,59986052,64,bits-sq,8,256,16,output_isolated,30,0.010826,0.0104285,0.01144025,1.3820432292628855,False,False
2749d31664905c24a21b64a3a74ce59d83e4f5ee9b5495dd2530667804fffa96,59986052,64,bits-sq,8,256,16,selection_isolated,30,3.7102820000000003,3.7097609999999994,3.7105595000000005,0.09519492049391394,False,False
2749d31664905c24a21b64a3a74ce59d83e4f5ee9b5495dd2530667804fffa96,59986052,64,bits-sq,8,256,16,transform_isolated,30,0.4450895,0.44425575,0.4455724999999999,1.0071322733966988,False,False
2749d31664905c24a21b64a3a74ce59d83e4f5ee9b5495dd2530667804fffa96,59986052,64,bits-sq,8,256,16,upload_shared,1,48.699221,48.699221,48.699221,1.002454063895601,False,False
2749d31664905c24a21b64a3a74ce59d83e4f5ee9b5495dd2530667804fffa96,59986052,64,bits-sq,8,512,4,download,30,0.010376,0.010057749999999999,0.011141999999999999,0.867289899768697,False,False
2749d31664905c24a21b64a3a74ce59d83e4f5ee9b5495dd2530667804fffa96,59986052,64,bits-sq,8,512,4,operator,30,3.5396530000000004,3.5388244999999996,3.5413435,0.2239798646929515,False,False
2749d31664905c24a21b64a3a74ce59d83e4f5ee9b5495dd2530667804fffa96,59986052,64,bits-sq,8,512,4,output_isolated,30,0.010411,0.00988,0.010907,1.4371338007876284,False,False
2749d31664905c24a21b64a3a74ce59d83e4f5ee9b5495dd2530667804fffa96,59986052,64,bits-sq,8,512,4,selection_isolated,30,3.091985,3.0913272499999995,3.092491,0.1142308258287152,False,False
2749d31664905c24a21b64a3a74ce59d83e4f5ee9b5495dd2530667804fffa96,59986052,64,bits-sq,8,512,4,transform_isolated,30,0.444413,0.443462,0.4451315,1.0086653630744375,False,False
2749d31664905c24a21b64a3a74ce59d83e4f5ee9b5495dd2530667804fffa96,59986052,64,bits-sq,8,512,4,upload_shared,1,48.68623100000001,48.68623100000001,48.68623100000001,1.0027215292142864,False,False
2749d31664905c24a21b64a3a74ce59d83e4f5ee9b5495dd2530667804fffa96,59986052,64,bits-sq,8,512,7,download,30,0.009965000000000002,0.009349,0.010505750000000001,0.9030607124937279,False,False
2749d31664905c24a21b64a3a74ce59d83e4f5ee9b5495dd2530667804fffa96,59986052,64,bits-sq,8,512,7,operator,30,2.9971515,2.99599,2.9988915000000005,0.2645214964942546,False,False
2749d31664905c24a21b64a3a74ce59d83e4f5ee9b5495dd2530667804fffa96,59986052,64,bits-sq,8,512,7,output_isolated,30,0.010069999999999999,0.009745,0.010704249999999998,1.4857994041708045,False,False
2749d31664905c24a21b64a3a74ce59d83e4f5ee9b5495dd2530667804fffa96,59986052,64,bits-sq,8,512,7,selection_isolated,30,2.5491875000000004,2.5486020000000003,2.550239,0.1385539510138034,False,False
2749d31664905c24a21b64a3a74ce59d83e4f5ee9b5495dd2530667804fffa96,59986052,64,bits-sq,8,512,7,transform_isolated,30,0.444003,0.443537,0.444764,1.0095967820037253,False,False
2749d31664905c24a21b64a3a74ce59d83e4f5ee9b5495dd2530667804fffa96,59986052,64,bits-sq,8,512,7,upload_shared,1,48.671659,48.671659,48.671659,1.0030217379687016,False,False
2749d31664905c24a21b64a3a74ce59d83e4f5ee9b5495dd2530667804fffa96,59986052,64,bits-sq,8,512,8,download,30,0.009974999999999998,0.009594000000000002,0.01091675,0.9021553884711782,False,False
2749d31664905c24a21b64a3a74ce59d83e4f5ee9b5495dd2530667804fffa96,59986052,64,bits-sq,8,512,8,operator,30,2.8382005,2.8364355000000003,2.83943725,0.27933579745335113,False,False
2749d31664905c24a21b64a3a74ce59d83e4f5ee9b5495dd2530667804fffa96,59986052,64,bits-sq,8,512,8,output_isolated,30,0.010025,0.00965925,0.010435999999999999,1.4924688279301745,False,False
2749d31664905c24a21b64a3a74ce59d83e4f5ee9b5495dd2530667804fffa96,59986052,64,bits-sq,8,512,8,selection_isolated,30,2.389355,2.3890625,2.39043275,0.14782232024960712,False,False
2749d31664905c24a21b64a3a74ce59d83e4f5ee9b5495dd2530667804fffa96,59986052,64,bits-sq,8,512,8,transform_isolated,30,0.4442785,0.4434745,0.44567249999999997,1.0089707244442394,False,False
2749d31664905c24a21b64a3a74ce59d83e4f5ee9b5495dd2530667804fffa96,59986052,64,bits-sq,8,512,8,upload_shared,1,48.836558000000004,48.836558000000004,48.836558000000004,0.9996349865606825,False,False
2749d31664905c24a21b64a3a74ce59d83e4f5ee9b5495dd2530667804fffa96,59986052,64,bits-sq,8,512,13,download,30,0.0101905,0.00946,0.01080675,0.8830773759874393,False,False
2749d31664905c24a21b64a3a74ce59d83e4f5ee9b5495dd2530667804fffa96,59986052,64,bits-sq,8,512,13,operator,30,2.7044230000000002,2.7034717500000003,2.7052614999999998,0.293153474881703,False,False
2749d31664905c24a21b64a3a74ce59d83e4f5ee9b5495dd2530667804fffa96,59986052,64,bits-sq,8,512,13,output_isolated,30,0.009995,0.0096475,0.0105985,1.4969484742371184,False,False
2749d31664905c24a21b64a3a74ce59d83e4f5ee9b5495dd2530667804fffa96,59986052,64,bits-sq,8,512,13,selection_isolated,30,2.256384,2.2558605,2.25673,0.15653363966417064,False,False
2749d31664905c24a21b64a3a74ce59d83e4f5ee9b5495dd2530667804fffa96,59986052,64,bits-sq,8,512,13,transform_isolated,30,0.44451850000000004,0.44316675,0.44516475,1.0084259710225782,False,False
2749d31664905c24a21b64a3a74ce59d83e4f5ee9b5495dd2530667804fffa96,59986052,64,bits-sq,8,512,13,upload_shared,1,48.743077,48.743077,48.743077,1.0015521178525517,False,False
2749d31664905c24a21b64a3a74ce59d83e4f5ee9b5495dd2530667804fffa96,59986052,64,bits-sq,8,512,16,download,30,0.009899999999999999,0.0093915,0.010949249999999999,0.9089898989898991,False,False
2749d31664905c24a21b64a3a74ce59d83e4f5ee9b5495dd2530667804fffa96,59986052,64,bits-sq,8,512,16,operator,30,2.655719,2.65414625,2.6568907499999996,0.29852970137277324,False,False
2749d31664905c24a21b64a3a74ce59d83e4f5ee9b5495dd2530667804fffa96,59986052,64,bits-sq,8,512,16,output_isolated,30,0.01006,0.00970925,0.010375,1.4872763419483102,False,False
2749d31664905c24a21b64a3a74ce59d83e4f5ee9b5495dd2530667804fffa96,59986052,64,bits-sq,8,512,16,selection_isolated,30,2.2060779999999998,2.205698,2.2067837499999996,0.16010313325276807,False,False
2749d31664905c24a21b64a3a74ce59d83e4f5ee9b5495dd2530667804fffa96,59986052,64,bits-sq,8,512,16,transform_isolated,30,0.443848,0.44315625,0.44467899999999994,1.0099493520304248,False,False
2749d31664905c24a21b64a3a74ce59d83e4f5ee9b5495dd2530667804fffa96,59986052,64,bits-sq,8,512,16,upload_shared,1,48.818732,48.818732,48.818732,1.0,False,False
2749d31664905c24a21b64a3a74ce59d83e4f5ee9b5495dd2530667804fffa96,59986052,64,bits-sq,32,128,4,download,30,0.010054999999999998,0.009381750000000001,0.01100425,0.8949776230730981,False,False
2749d31664905c24a21b64a3a74ce59d83e4f5ee9b5495dd2530667804fffa96,59986052,64,bits-sq,32,128,4,operator,30,3.0930720000000003,3.09178675,3.0943365000000003,0.256318313961007,False,False
2749d31664905c24a21b64a3a74ce59d83e4f5ee9b5495dd2530667804fffa96,59986052,64,bits-sq,32,128,4,output_isolated,30,0.010141,0.009756750000000002,0.010461,1.4753969036584162,False,False
2749d31664905c24a21b64a3a74ce59d83e4f5ee9b5495dd2530667804fffa96,59986052,64,bits-sq,32,128,4,selection_isolated,30,2.644988,2.6445545000000004,2.64566825,0.1335355774771001,False,False
2749d31664905c24a21b64a3a74ce59d83e4f5ee9b5495dd2530667804fffa96,59986052,64,bits-sq,32,128,4,transform_isolated,30,0.444589,0.443387,0.44525925,1.008266061463509,False,False
2749d31664905c24a21b64a3a74ce59d83e4f5ee9b5495dd2530667804fffa96,59986052,64,bits-sq,32,128,4,upload_shared,1,48.776447,48.776447,48.776447,1.0008669143121474,False,False
2749d31664905c24a21b64a3a74ce59d83e4f5ee9b5495dd2530667804fffa96,59986052,64,bits-sq,32,128,7,download,30,0.0097245,0.0092865,0.0108035,0.9253946218314566,False,False
2749d31664905c24a21b64a3a74ce59d83e4f5ee9b5495dd2530667804fffa96,59986052,64,bits-sq,32,128,7,operator,30,2.544536,2.54375475,2.54613625,0.3115738979523182,False,False
2749d31664905c24a21b64a3a74ce59d83e4f5ee9b5495dd2530667804fffa96,59986052,64,bits-sq,32,128,7,output_isolated,30,0.009864999999999999,0.009474,0.0102785,1.5166751140395338,False,False
2749d31664905c24a21b64a3a74ce59d83e4f5ee9b5495dd2530667804fffa96,59986052,64,bits-sq,32,128,7,selection_isolated,30,2.0963865000000004,2.0960885000000005,2.09701775,0.168480382792009,False,False
2749d31664905c24a21b64a3a74ce59d83e4f5ee9b5495dd2530667804fffa96,59986052,64,bits-sq,32,128,7,transform_isolated,30,0.443963,0.443187,0.4449415,1.0096877442489576,False,False
2749d31664905c24a21b64a3a74ce59d83e4f5ee9b5495dd2530667804fffa96,59986052,64,bits-sq,32,128,7,upload_shared,1,48.736757999999995,48.736757999999995,48.736757999999995,1.0016819748248336,False,False
2749d31664905c24a21b64a3a74ce59d83e4f5ee9b5495dd2530667804fffa96,59986052,64,bits-sq,32,128,8,download,30,0.009915,0.009333999999999999,0.0105735,0.9076147251638931,False,False
2749d31664905c24a21b64a3a74ce59d83e4f5ee9b5495dd2530667804fffa96,59986052,64,bits-sq,32,128,8,operator,30,2.508997,2.5079775,2.5098054999999997,0.31598722517404365,False,False
2749d31664905c24a21b64a3a74ce59d83e4f5ee9b5495dd2530667804fffa96,59986052,64,bits-sq,32,128,8,output_isolated,30,0.0097245,0.009424,0.01032275,1.5385881022160521,False,False
2749d31664905c24a21b64a3a74ce59d83e4f5ee9b5495dd2530667804fffa96,59986052,64,bits-sq,32,128,8,selection_isolated,30,2.0613485000000003,2.0609622499999998,2.0616165,0.17134414680487067,False,False
2749d31664905c24a21b64a3a74ce59d83e4f5ee9b5495dd2530667804fffa96,59986052,64,bits-sq,32,128,8,transform_isolated,30,0.4442385,0.44357450000000004,0.44496424999999995,1.0090615739068092,False,False
2749d31664905c24a21b64a3a74ce59d83e4f5ee9b5495dd2530667804fffa96,59986052,64,bits-sq,32,128,8,upload_shared,1,48.696667,48.696667,48.696667,1.0025066397254663,False,False
2749d31664905c24a21b64a3a74ce59d83e4f5ee9b5495dd2530667804fffa96,59986052,64,bits-sq,32,128,13,download,30,0.009674,0.0091965,0.00994275,0.9302253462890221,False,False
2749d31664905c24a21b64a3a74ce59d83e4f5ee9b5495dd2530667804fffa96,59986052,64,bits-sq,32,128,13,operator,30,2.3158190000000003,2.3145995,2.3168482500000005,0.3423458396359991,False,False
2749d31664905c24a21b64a3a74ce59d83e4f5ee9b5495dd2530667804fffa96,59986052,64,bits-sq,32,128,13,output_isolated,30,0.0094595,0.00898875,0.009917500000000001,1.5816903641841535,False,False
2749d31664905c24a21b64a3a74ce59d83e4f5ee9b5495dd2530667804fffa96,59986052,64,bits-sq,32,128,13,selection_isolated,30,1.8684560000000001,1.86817325,1.86920775,0.1890330840009077,False,False
2749d31664905c24a21b64a3a74ce59d83e4f5ee9b5495dd2530667804fffa96,59986052,64,bits-sq,32,128,13,transform_isolated,30,0.444108,0.44342200000000004,0.44511999999999996,1.0093580840696408,False,False
2749d31664905c24a21b64a3a74ce59d83e4f5ee9b5495dd2530667804fffa96,59986052,64,bits-sq,32,128,13,upload_shared,1,48.745340999999996,48.745340999999996,48.745340999999996,1.0015056002993188,False,False
2749d31664905c24a21b64a3a74ce59d83e4f5ee9b5495dd2530667804fffa96,59986052,64,bits-sq,32,128,16,download,30,0.009704500000000001,0.009364250000000001,0.010626,0.927301767221392,False,False
2749d31664905c24a21b64a3a74ce59d83e4f5ee9b5495dd2530667804fffa96,59986052,64,bits-sq,32,128,16,operator,30,2.2859635000000003,2.28468125,2.2866875,0.34681699860912035,False,False
2749d31664905c24a21b64a3a74ce59d83e4f5ee9b5495dd2530667804fffa96,59986052,64,bits-sq,32,128,16,output_isolated,30,0.009874999999999998,0.009439,0.0101175,1.5151392405063293,False,False
2749d31664905c24a21b64a3a74ce59d83e4f5ee9b5495dd2530667804fffa96,59986052,64,bits-sq,32,128,16,selection_isolated,30,1.838611,1.8381174999999998,1.8393745,0.19210153751935566,False,False
2749d31664905c24a21b64a3a74ce59d83e4f5ee9b5495dd2530667804fffa96,59986052,64,bits-sq,32,128,16,transform_isolated,30,0.44429300000000005,0.4435845,0.44503475000000003,1.0089377955538348,False,False
2749d31664905c24a21b64a3a74ce59d83e4f5ee9b5495dd2530667804fffa96,59986052,64,bits-sq,32,128,16,upload_shared,1,48.684228000000004,48.684228000000004,48.684228000000004,1.0027627838732494,False,False
2749d31664905c24a21b64a3a74ce59d83e4f5ee9b5495dd2530667804fffa96,59986052,64,bits-sq,32,256,4,download,30,0.009454500000000001,0.0091465,0.010120249999999999,0.9518218837590564,False,False
2749d31664905c24a21b64a3a74ce59d83e4f5ee9b5495dd2530667804fffa96,59986052,64,bits-sq,32,256,4,operator,30,1.890069,1.8891097500000003,1.89129325,0.4194614059063452,False,False
2749d31664905c24a21b64a3a74ce59d83e4f5ee9b5495dd2530667804fffa96,59986052,64,bits-sq,32,256,4,output_isolated,30,0.009429,0.008793,0.0098175,1.5868066603033195,False,False
2749d31664905c24a21b64a3a74ce59d83e4f5ee9b5495dd2530667804fffa96,59986052,64,bits-sq,32,256,4,selection_isolated,30,1.44189,1.4411539999999998,1.4424785,0.24495627266989856,False,False
2749d31664905c24a21b64a3a74ce59d83e4f5ee9b5495dd2530667804fffa96,59986052,64,bits-sq,32,256,4,transform_isolated,30,0.44435800000000003,0.44358275,0.44528500000000004,1.0087902096957857,False,False
2749d31664905c24a21b64a3a74ce59d83e4f5ee9b5495dd2530667804fffa96,59986052,64,bits-sq,32,256,4,upload_shared,1,48.858751999999996,48.858751999999996,48.858751999999996,0.9991809041704545,False,False
2749d31664905c24a21b64a3a74ce59d83e4f5ee9b5495dd2530667804fffa96,59986052,64,bits-sq,32,256,7,download,30,0.0092895,0.009009,0.009940000000000001,0.9687281339146349,False,False
2749d31664905c24a21b64a3a74ce59d83e4f5ee9b5495dd2530667804fffa96,59986052,64,bits-sq,32,256,7,operator,30,1.5843005000000001,1.583179,1.5855895000000002,0.5004170610310353,False,False
2749d31664905c24a21b64a3a74ce59d83e4f5ee9b5495dd2530667804fffa96,59986052,64,bits-sq,32,256,7,output_isolated,30,0.009394,0.0090265,0.00996,1.5927187566531829,False,False
2749d31664905c24a21b64a3a74ce59d83e4f5ee9b5495dd2530667804fffa96,59986052,64,bits-sq,32,256,7,selection_isolated,30,1.1370179999999999,1.13665225,1.13752375,0.3106371227192534,False,False
2749d31664905c24a21b64a3a74ce59d83e4f5ee9b5495dd2530667804fffa96,59986052,64,bits-sq,32,256,7,transform_isolated,30,0.4445285,0.44315625,0.44510974999999997,1.0084032857285865,False,False
2749d31664905c24a21b64a3a74ce59d83e4f5ee9b5495dd2530667804fffa96,59986052,64,bits-sq,32,256,7,upload_shared,1,48.746703000000004,48.746703000000004,48.746703000000004,1.0014776178811517,False,False
2749d31664905c24a21b64a3a74ce59d83e4f5ee9b5495dd2530667804fffa96,59986052,64,bits-sq,32,256,8,download,30,0.0096595,0.0092565,0.01018575,0.9316217195507014,False,False
2749d31664905c24a21b64a3a74ce59d83e4f5ee9b5495dd2530667804fffa96,59986052,64,bits-sq,32,256,8,operator,30,1.5683660000000001,1.567245,1.5691802500000003,0.5055012669236644,False,False
2749d31664905c24a21b64a3a74ce59d83e4f5ee9b5495dd2530667804fffa96,59986052,64,bits-sq,32,256,8,output_isolated,30,0.009234,0.008888749999999999,0.00970975,1.620316222655404,False,False
2749d31664905c24a21b64a3a74ce59d83e4f5ee9b5495dd2530667804fffa96,59986052,64,bits-sq,32,256,8,selection_isolated,30,1.120793,1.1202545,1.12111625,0.31513401671851987,False,False
2749d31664905c24a21b64a3a74ce59d83e4f5ee9b5495dd2530667804fffa96,59986052,64,bits-sq,32,256,8,transform_isolated,30,0.4443635,0.44373275,0.44539925,1.0087777236429185,False,False
2749d31664905c24a21b64a3a74ce59d83e4f5ee9b5495dd2530667804fffa96,59986052,64,bits-sq,32,256,8,upload_shared,1,48.751329000000005,48.751329000000005,48.751329000000005,1.0013825879495508,False,False
2749d31664905c24a21b64a3a74ce59d83e4f5ee9b5495dd2530667804fffa96,59986052,64,bits-sq,32,256,13,download,30,0.0092745,0.008640499999999999,0.0101125,0.9702948946034827,False,False
2749d31664905c24a21b64a3a74ce59d83e4f5ee9b5495dd2530667804fffa96,59986052,64,bits-sq,32,256,13,operator,30,1.450083,1.44903275,1.45055525,0.5467349110361268,False,False
2749d31664905c24a21b64a3a74ce59d83e4f5ee9b5495dd2530667804fffa96,59986052,64,bits-sq,32,256,13,output_isolated,30,0.0091795,0.00890825,0.00977225,1.6299362710387275,False,False
2749d31664905c24a21b64a3a74ce59d83e4f5ee9b5495dd2530667804fffa96,59986052,64,bits-sq,32,256,13,selection_isolated,30,1.0027895,1.00230625,1.00317,0.35221748931355984,False,False
2749d31664905c24a21b64a3a74ce59d83e4f5ee9b5495dd2530667804fffa96,59986052,64,bits-sq,32,256,13,transform_isolated,30,0.444118,0.442951,0.4448915,1.009335356819584,False,False
2749d31664905c24a21b64a3a74ce59d83e4f5ee9b5495dd2530667804fffa96,59986052,64,bits-sq,32,256,13,upload_shared,1,48.628814,48.628814,48.628814,1.003905462304715,False,False
2749d31664905c24a21b64a3a74ce59d83e4f5ee9b5495dd2530667804fffa96,59986052,64,bits-sq,32,256,16,download,30,0.009379,0.0091015,0.0098425,0.9594839535131677,False,False
2749d31664905c24a21b64a3a74ce59d83e4f5ee9b5495dd2530667804fffa96,59986052,64,bits-sq,32,256,16,operator,30,1.440047,1.4389150000000002,1.4415140000000002,0.5505452252600088,False,False
2749d31664905c24a21b64a3a74ce59d83e4f5ee9b5495dd2530667804fffa96,59986052,64,bits-sq,32,256,16,output_isolated,30,0.0091385,0.00894625,0.00941225,1.6372490014772663,False,False
2749d31664905c24a21b64a3a74ce59d83e4f5ee9b5495dd2530667804fffa96,59986052,64,bits-sq,32,256,16,selection_isolated,30,0.9928790000000001,0.9907385000000001,0.99357575,0.3557331759459108,False,False
2749d31664905c24a21b64a3a74ce59d83e4f5ee9b5495dd2530667804fffa96,59986052,64,bits-sq,32,256,16,transform_isolated,30,0.443938,0.44339699999999993,0.44494924999999996,1.009744603976231,False,False
2749d31664905c24a21b64a3a74ce59d83e4f5ee9b5495dd2530667804fffa96,59986052,64,bits-sq,32,256,16,upload_shared,1,48.702726,48.702726,48.702726,1.0023819200592592,False,False
2749d31664905c24a21b64a3a74ce59d83e4f5ee9b5495dd2530667804fffa96,59986052,64,bits-sq,32,512,4,download,30,0.0090685,0.00872575,0.009729999999999999,0.9923361085074709,False,False
2749d31664905c24a21b64a3a74ce59d83e4f5ee9b5495dd2530667804fffa96,59986052,64,bits-sq,32,512,4,operator,30,1.276489,1.2757230000000002,1.27740075,0.6210872165760927,False,False
2749d31664905c24a21b64a3a74ce59d83e4f5ee9b5495dd2530667804fffa96,59986052,64,bits-sq,32,512,4,output_isolated,30,0.0091685,0.0089365,0.009559000000000002,1.6318918034574903,False,False
2749d31664905c24a21b64a3a74ce59d83e4f5ee9b5495dd2530667804fffa96,59986052,64,bits-sq,32,512,4,selection_isolated,30,0.829322,0.8288510000000001,0.8295945,0.4258900644140636,False,False
2749d31664905c24a21b64a3a74ce59d83e4f5ee9b5495dd2530667804fffa96,59986052,64,bits-sq,32,512,4,transform_isolated,30,0.44443350000000004,0.44351949999999996,0.44531475,1.008618837238867,False,False
2749d31664905c24a21b64a3a74ce59d83e4f5ee9b5495dd2530667804fffa96,59986052,64,bits-sq,32,512,4,upload_shared,1,48.833484000000006,48.833484000000006,48.833484000000006,0.9996979121948373,False,False
2749d31664905c24a21b64a3a74ce59d83e4f5ee9b5495dd2530667804fffa96,59986052,64,bits-sq,32,512,7,download,30,0.009204,0.008893,0.009785,0.9777270751847023,False,False
2749d31664905c24a21b64a3a74ce59d83e4f5ee9b5495dd2530667804fffa96,59986052,64,bits-sq,32,512,7,operator,30,1.1388055000000001,1.1379615,1.139611,0.6961777054993147,False,False
2749d31664905c24a21b64a3a74ce59d83e4f5ee9b5495dd2530667804fffa96,59986052,64,bits-sq,32,512,7,output_isolated,30,0.0089435,0.008808,0.00918325,1.672946832895399,False,False
2749d31664905c24a21b64a3a74ce59d83e4f5ee9b5495dd2530667804fffa96,59986052,64,bits-sq,32,512,7,selection_isolated,30,0.6919785,0.691753,0.6925315000000001,0.5104204827173099,False,False
2749d31664905c24a21b64a3a74ce59d83e4f5ee9b5495dd2530667804fffa96,59986052,64,bits-sq,32,512,7,transform_isolated,30,0.444233,0.44371225,0.44532974999999997,1.0090740669873692,False,False
2749d31664905c24a21b64a3a74ce59d83e4f5ee9b5495dd2530667804fffa96,59986052,64,bits-sq,32,512,7,upload_shared,1,48.797889999999995,48.797889999999995,48.797889999999995,1.0004271086311314,False,False
2749d31664905c24a21b64a3a74ce59d83e4f5ee9b5495dd2530667804fffa96,59986052,64,bits-sq,32,512,8,download,30,0.009339,0.0086755,0.0097625,0.9635935324981262,False,False
2749d31664905c24a21b64a3a74ce59d83e4f5ee9b5495dd2530667804fffa96,59986052,64,bits-sq,32,512,8,operator,30,1.0956005,1.09491925,1.0965820000000002,0.7236314696826078,False,False
2749d31664905c24a21b64a3a74ce59d83e4f5ee9b5495dd2530667804fffa96,59986052,64,bits-sq,32,512,8,output_isolated,30,0.009064,0.00892325,0.009306499999999999,1.6507060900264785,False,False
2749d31664905c24a21b64a3a74ce59d83e4f5ee9b5495dd2530667804fffa96,59986052,64,bits-sq,32,512,8,selection_isolated,30,0.6486780000000001,0.6483495,0.6490637499999999,0.5444920284023814,False,False
2749d31664905c24a21b64a3a74ce59d83e4f5ee9b5495dd2530667804fffa96,59986052,64,bits-sq,32,512,8,transform_isolated,30,0.444198,0.44323625,0.44506225,1.0091535756577021,False,False
2749d31664905c24a21b64a3a74ce59d83e4f5ee9b5495dd2530667804fffa96,59986052,64,bits-sq,32,512,8,upload_shared,1,48.722086,48.722086,48.722086,1.0019836178606967,False,False
2749d31664905c24a21b64a3a74ce59d83e4f5ee9b5495dd2530667804fffa96,59986052,64,bits-sq,32,512,13,download,30,0.0092495,0.0086705,0.009665,0.9729174549975673,False,False
2749d31664905c24a21b64a3a74ce59d83e4f5ee9b5495dd2530667804fffa96,59986052,64,bits-sq,32,512,13,operator,30,1.0596555,1.05880975,1.0608405,0.7481780635310248,False,False
2749d31664905c24a21b64a3a74ce59d83e4f5ee9b5495dd2530667804fffa96,59986052,64,bits-sq,32,512,13,output_isolated,30,0.0090335,0.008738,0.0092915,1.6562794044390325,False,False
2749d31664905c24a21b64a3a74ce59d83e4f5ee9b5495dd2530667804fffa96,59986052,64,bits-sq,32,512,13,selection_isolated,30,0.613174,0.61252075,0.6136897499999999,0.5760192049891222,False,False
2749d31664905c24a21b64a3a74ce59d83e4f5ee9b5495dd2530667804fffa96,59986052,64,bits-sq,32,512,13,transform_isolated,30,0.4440275,0.44327625000000004,0.444529,1.0095410757216614,False,False
2749d31664905c24a21b64a3a74ce59d83e4f5ee9b5495dd2530667804fffa96,59986052,64,bits-sq,32,512,13,upload_shared,1,48.671199,48.671199,48.671199,1.00303121770228,False,False
2749d31664905c24a21b64a3a74ce59d83e4f5ee9b5495dd2530667804fffa96,59986052,64,bits-sq,32,512,16,download,30,0.009134,0.008568,0.0097,0.9852200569301511,False,False
2749d31664905c24a21b64a3a74ce59d83e4f5ee9b5495dd2530667804fffa96,59986052,64,bits-sq,32,512,16,operator,30,1.0476225000000001,1.0468885,1.0482255,0.7567716424570872,False,False
2749d31664905c24a21b64a3a74ce59d83e4f5ee9b5495dd2530667804fffa96,59986052,64,bits-sq,32,512,16,output_isolated,30,0.0089235,0.00873125,0.009278999999999999,1.6766963635344878,False,False
2749d31664905c24a21b64a3a74ce59d83e4f5ee9b5495dd2530667804fffa96,59986052,64,bits-sq,32,512,16,selection_isolated,30,0.6002689999999999,0.5998264999999999,0.60076775,0.5884028660483884,False,False
2749d31664905c24a21b64a3a74ce59d83e4f5ee9b5495dd2530667804fffa96,59986052,64,bits-sq,32,512,16,transform_isolated,30,0.444619,0.442818,0.44539999999999996,1.0081980302236297,False,False
2749d31664905c24a21b64a3a74ce59d83e4f5ee9b5495dd2530667804fffa96,59986052,64,bits-sq,32,512,16,upload_shared,1,48.722716,48.722716,48.722716,1.0019706618982407,False,False
2749d31664905c24a21b64a3a74ce59d83e4f5ee9b5495dd2530667804fffa96,59986052,64,bits-sq,128,128,4,download,30,0.0094845,0.0087965,0.01000825,0.9488112183035479,False,False
2749d31664905c24a21b64a3a74ce59d83e4f5ee9b5495dd2530667804fffa96,59986052,64,bits-sq,128,128,4,operator,30,1.214665,1.21385725,1.2156295000000001,0.6526993039233039,False,False
2749d31664905c24a21b64a3a74ce59d83e4f5ee9b5495dd2530667804fffa96,59986052,64,bits-sq,128,128,4,output_isolated,30,0.009124,0.008893,0.0097625,1.6398509425690486,False,False
2749d31664905c24a21b64a3a74ce59d83e4f5ee9b5495dd2530667804fffa96,59986052,64,bits-sq,128,128,4,selection_isolated,30,0.7675175000000001,0.766266,0.7681115000000001,0.4601849469230343,False,False
2749d31664905c24a21b64a3a74ce59d83e4f5ee9b5495dd2530667804fffa96,59986052,64,bits-sq,128,128,4,transform_isolated,30,0.444353,0.44379725,0.4449815,1.0088015609211596,False,False
2749d31664905c24a21b64a3a74ce59d83e4f5ee9b5495dd2530667804fffa96,59986052,64,bits-sq,128,128,4,upload_shared,1,48.684399000000006,48.684399000000006,48.684399000000006,1.0027592617503605,False,False
2749d31664905c24a21b64a3a74ce59d83e4f5ee9b5495dd2530667804fffa96,59986052,64,bits-sq,128,128,7,download,30,0.009319000000000001,0.008660499999999998,0.0097375,0.9656615516686339,False,False
2749d31664905c24a21b64a3a74ce59d83e4f5ee9b5495dd2530667804fffa96,59986052,64,bits-sq,128,128,7,operator,30,1.0718295,1.071138,1.072596,0.7396801450230657,False,False
2749d31664905c24a21b64a3a74ce59d83e4f5ee9b5495dd2530667804fffa96,59986052,64,bits-sq,128,128,7,output_isolated,30,0.0089335,0.00873325,0.009234000000000001,1.6748194996362007,False,False
2749d31664905c24a21b64a3a74ce59d83e4f5ee9b5495dd2530667804fffa96,59986052,64,bits-sq,128,128,7,selection_isolated,30,0.6241205000000001,0.6236175,0.6246719999999999,0.5659163574982715,False,False
2749d31664905c24a21b64a3a74ce59d83e4f5ee9b5495dd2530667804fffa96,59986052,64,bits-sq,128,128,7,transform_isolated,30,0.4442935,0.443297,0.44499725,1.0089366601131908,False,False
2749d31664905c24a21b64a3a74ce59d83e4f5ee9b5495dd2530667804fffa96,59986052,64,bits-sq,128,128,7,upload_shared,1,48.820425,48.820425,48.820425,0.999965321891401,False,False
2749d31664905c24a21b64a3a74ce59d83e4f5ee9b5495dd2530667804fffa96,59986052,64,bits-sq,128,128,8,download,30,0.008923,0.008537999999999999,0.00986975,1.008517314804438,False,False
2749d31664905c24a21b64a3a74ce59d83e4f5ee9b5495dd2530667804fffa96,59986052,64,bits-sq,128,128,8,operator,30,1.063431,1.062695,1.0649407499999999,0.7455218063043112,False,False
2749d31664905c24a21b64a3a74ce59d83e4f5ee9b5495dd2530667804fffa96,59986052,64,bits-sq,128,128,8,output_isolated,30,0.008924,0.00876075,0.00914825,1.6766024204392649,False,False
2749d31664905c24a21b64a3a74ce59d83e4f5ee9b5495dd2530667804fffa96,59986052,64,bits-sq,128,128,8,selection_isolated,30,0.6160430000000001,0.6153745,0.61651475,0.5733366015034664,False,False
2749d31664905c24a21b64a3a74ce59d83e4f5ee9b5495dd2530667804fffa96,59986052,64,bits-sq,128,128,8,transform_isolated,30,0.44365699999999997,0.4432445,0.44487899999999997,1.0103841481144218,False,False
2749d31664905c24a21b64a3a74ce59d83e4f5ee9b5495dd2530667804fffa96,59986052,64,bits-sq,128,128,8,upload_shared,1,48.801246,48.801246,48.801246,1.0003583105234648,False,False
2749d31664905c24a21b64a3a74ce59d83e4f5ee9b5495dd2530667804fffa96,59986052,64,bits-sq,128,128,13,download,30,0.0088735,0.008553,0.00943225,1.0141432354764186,False,False
2749d31664905c24a21b64a3a74ce59d83e4f5ee9b5495dd2530667804fffa96,59986052,64,bits-sq,128,128,13,operator,30,1.0132400000000001,1.01202325,1.0140384999999998,0.7824513442027553,False,False
2749d31664905c24a21b64a3a74ce59d83e4f5ee9b5495dd2530667804fffa96,59986052,64,bits-sq,128,128,13,output_isolated,30,0.008783000000000001,0.008678,0.009204,1.7035181600819764,False,False
2749d31664905c24a21b64a3a74ce59d83e4f5ee9b5495dd2530667804fffa96,59986052,64,bits-sq,128,128,13,selection_isolated,30,0.5653865,0.56512925,0.5660605000000001,0.6247054006418619,False,False
2749d31664905c24a21b64a3a74ce59d83e4f5ee9b5495dd2530667804fffa96,59986052,64,bits-sq,128,128,13,transform_isolated,30,0.4444085,0.44386775,0.4448915,1.0086755766372606,False,False
2749d31664905c24a21b64a3a74ce59d83e4f5ee9b5495dd2530667804fffa96,59986052,64,bits-sq,128,128,13,upload_shared,1,48.853214,48.853214,48.853214,0.9992941713108169,False,False
2749d31664905c24a21b64a3a74ce59d83e4f5ee9b5495dd2530667804fffa96,59986052,64,bits-sq,128,128,16,download,30,0.008892999999999998,0.008613,0.009484,1.011919487237153,False,False
2749d31664905c24a21b64a3a74ce59d83e4f5ee9b5495dd2530667804fffa96,59986052,64,bits-sq,128,128,16,operator,30,1.0104864999999998,1.009334,1.0110219999999999,0.7845834654891481,False,False
2749d31664905c24a21b64a3a74ce59d83e4f5ee9b5495dd2530667804fffa96,59986052,64,bits-sq,128,128,16,output_isolated,30,0.0087885,0.008648,0.00919875,1.702452068043466,False,False
2749d31664905c24a21b64a3a74ce59d83e4f5ee9b5495dd2530667804fffa96,59986052,64,bits-sq,128,128,16,selection_isolated,30,0.5631740000000001,0.56275275,0.5637265,0.6271596345001722,False,False
2749d31664905c24a21b64a3a74ce59d83e4f5ee9b5495dd2530667804fffa96,59986052,64,bits-sq,128,128,16,transform_isolated,30,0.44403800000000004,0.44315175,0.44504974999999997,1.0095172034825848,False,False
2749d31664905c24a21b64a3a74ce59d83e4f5ee9b5495dd2530667804fffa96,59986052,64,bits-sq,128,128,16,upload_shared,1,48.81105,48.81105,48.81105,1.0001573823959942,False,False
2749d31664905c24a21b64a3a74ce59d83e4f5ee9b5495dd2530667804fffa96,59986052,64,bits-sq,128,256,4,download,30,0.008749,0.008628,0.009298999999999998,1.0285746942507716,False,False
2749d31664905c24a21b64a3a74ce59d83e4f5ee9b5495dd2530667804fffa96,59986052,64,bits-sq,128,256,4,operator,30,0.8977755,0.8966415000000001,0.8989020000000001,0.8830837999032052,False,False
2749d31664905c24a21b64a3a74ce59d83e4f5ee9b5495dd2530667804fffa96,59986052,64,bits-sq,128,256,4,output_isolated,30,0.0088135,0.00865325,0.0091615,1.697622964769955,False,False
2749d31664905c24a21b64a3a74ce59d83e4f5ee9b5495dd2530667804fffa96,59986052,64,bits-sq,128,256,4,selection_isolated,30,0.451264,0.45035725000000004,0.451759,0.782690398525032,False,False
2749d31664905c24a21b64a3a74ce59d83e4f5ee9b5495dd2530667804fffa96,59986052,64,bits-sq,128,256,4,transform_isolated,30,0.4439425,0.4432745,0.44496149999999995,1.00973436875271,False,False
2749d31664905c24a21b64a3a74ce59d83e4f5ee9b5495dd2530667804fffa96,59986052,64,bits-sq,128,256,4,upload_shared,1,48.841216,48.841216,48.841216,0.9995396511012338,False,False
2749d31664905c24a21b64a3a74ce59d83e4f5ee9b5495dd2530667804fffa96,59986052,64,bits-sq,128,256,7,download,30,0.009094000000000001,0.0086355,0.00969975,0.9895535517923905,False,False
2749d31664905c24a21b64a3a74ce59d83e4f5ee9b5495dd2530667804fffa96,59986052,64,bits-sq,128,256,7,operator,30,0.8196919999999999,0.8186899999999999,0.8206805,0.9672059749271679,False,False
2749d31664905c24a21b64a3a74ce59d83e4f5ee9b5495dd2530667804fffa96,59986052,64,bits-sq,128,256,7,output_isolated,30,0.008743500000000001,0.008598,0.008993250000000001,1.7112140447189337,False,False
2749d31664905c24a21b64a3a74ce59d83e4f5ee9b5495dd2530667804fffa96,59986052,64,bits-sq,128,256,7,selection_isolated,30,0.37298,0.372559,0.373451,0.946967665826586,False,False
2749d31664905c24a21b64a3a74ce59d83e4f5ee9b5495dd2530667804fffa96,59986052,64,bits-sq,128,256,7,transform_isolated,30,0.4439925,0.44309875,0.4445515,1.0096206580066105,False,False
2749d31664905c24a21b64a3a74ce59d83e4f5ee9b5495dd2530667804fffa96,59986052,64,bits-sq,128,256,7,upload_shared,1,48.726733,48.726733,48.726733,1.0018880600921878,False,False
2749d31664905c24a21b64a3a74ce59d83e4f5ee9b5495dd2530667804fffa96,59986052,64,bits-sq,128,256,8,download,30,0.0090385,0.008590500000000001,0.0097825,0.9956298058306136,False,False
2749d31664905c24a21b64a3a74ce59d83e4f5ee9b5495dd2530667804fffa96,59986052,64,bits-sq,128,256,8,operator,30,0.813528,0.81261375,0.8147249999999999,0.9745343737400556,False,False
2749d31664905c24a21b64a3a74ce59d83e4f5ee9b5495dd2530667804fffa96,59986052,64,bits-sq,128,256,8,output_isolated,30,0.008859,0.008660499999999998,0.00913875,1.688903939496557,False,False
2749d31664905c24a21b64a3a74ce59d83e4f5ee9b5495dd2530667804fffa96,59986052,64,bits-sq,128,256,8,selection_isolated,30,0.36665000000000003,0.36635000000000006,0.36709425,0.9633165143870176,False,False
2749d31664905c24a21b64a3a74ce59d83e4f5ee9b5495dd2530667804fffa96,59986052,64,bits-sq,128,256,8,transform_isolated,30,0.4442885,0.44320125,0.445234,1.008948014634635,False,False
2749d31664905c24a21b64a3a74ce59d83e4f5ee9b5495dd2530667804fffa96,59986052,64,bits-sq,128,256,8,upload_shared,1,48.710899000000005,48.710899000000005,48.710899000000005,1.0022137345484015,False,False
2749d31664905c24a21b64a3a74ce59d83e4f5ee9b5495dd2530667804fffa96,59986052,64,bits-sq,128,256,13,download,30,0.0091985,0.0085755,0.009494,0.9783116812523781,False,False
2749d31664905c24a21b64a3a74ce59d83e4f5ee9b5495dd2530667804fffa96,59986052,64,bits-sq,128,256,13,operator,30,0.797688,0.79639725,0.79861075,0.9938860807734352,False,False
2749d31664905c24a21b64a3a74ce59d83e4f5ee9b5495dd2530667804fffa96,59986052,64,bits-sq,128,256,13,output_isolated,30,0.0088885,0.0087055,0.0090115,1.6832986443156888,False,False
2749d31664905c24a21b64a3a74ce59d83e4f5ee9b5495dd2530667804fffa96,59986052,64,bits-sq,128,256,13,selection_isolated,30,0.349645,0.34932425,0.34992749999999995,1.01016745556207,False,False
2749d31664905c24a21b64a3a74ce59d83e4f5ee9b5495dd2530667804fffa96,59986052,64,bits-sq,128,256,13,transform_isolated,30,0.44434299999999993,0.4440005,0.44521225,1.0088242641382896,False,False
2749d31664905c24a21b64a3a74ce59d83e4f5ee9b5495dd2530667804fffa96,59986052,64,bits-sq,128,256,13,upload_shared,1,48.768776,48.768776,48.768776,1.0010243439367843,False,False
2749d31664905c24a21b64a3a74ce59d83e4f5ee9b5495dd2530667804fffa96,59986052,64,bits-sq,128,256,16,download,30,0.009173999999999998,0.0087455,0.0098625,0.9809243514279488,False,False
2749d31664905c24a21b64a3a74ce59d83e4f5ee9b5495dd2530667804fffa96,59986052,64,bits-sq,128,256,16,operator,30,0.7994614999999999,0.79850775,0.8005905,0.991681275458543,False,False
2749d31664905c24a21b64a3a74ce59d83e4f5ee9b5495dd2530667804fffa96,59986052,64,bits-sq,128,256,16,output_isolated,30,0.008868000000000001,0.008673,0.009108749999999999,1.687189896256202,False,False
2749d31664905c24a21b64a3a74ce59d83e4f5ee9b5495dd2530667804fffa96,59986052,64,bits-sq,128,256,16,selection_isolated,30,0.351437,0.35100200000000004,0.351998,1.0050165463511243,False,False
2749d31664905c24a21b64a3a74ce59d83e4f5ee9b5495dd2530667804fffa96,59986052,64,bits-sq,128,256,16,transform_isolated,30,0.44431350000000003,0.44377475,0.44538475,1.0088912445829352,False,False
2749d31664905c24a21b64a3a74ce59d83e4f5ee9b5495dd2530667804fffa96,59986052,64,bits-sq,128,256,16,upload_shared,1,48.860685000000004,48.860685000000004,48.860685000000004,0.999141375115801,False,False
2749d31664905c24a21b64a3a74ce59d83e4f5ee9b5495dd2530667804fffa96,59986052,64,bits-sq,128,512,4,download,30,0.008909,0.008638,0.0097175,1.0101021438994275,False,False
2749d31664905c24a21b64a3a74ce59d83e4f5ee9b5495dd2530667804fffa96,59986052,64,bits-sq,128,512,4,operator,30,0.7656000000000001,0.76460575,0.7664059999999999,1.0355420585161963,False,False
2749d31664905c24a21b64a3a74ce59d83e4f5ee9b5495dd2530667804fffa96,59986052,64,bits-sq,128,512,4,output_isolated,30,0.008793500000000001,0.008618,0.009239,1.701484050719281,False,False
2749d31664905c24a21b64a3a74ce59d83e4f5ee9b5495dd2530667804fffa96,59986052,64,bits-sq,128,512,4,selection_isolated,30,0.318032,0.317656,0.3183605,1.1105800674145998,False,False
2749d31664905c24a21b64a3a74ce59d83e4f5ee9b5495dd2530667804fffa96,59986052,64,bits-sq,128,512,4,transform_isolated,30,0.444724,0.44356725,0.44531499999999996,1.0079599931642995,False,False
2749d31664905c24a21b64a3a74ce59d83e4f5ee9b5495dd2530667804fffa96,59986052,64,bits-sq,128,512,4,upload_shared,1,48.761244000000005,48.761244000000005,48.761244000000005,1.0011789691009523,False,False
2749d31664905c24a21b64a3a74ce59d83e4f5ee9b5495dd2530667804fffa96,59986052,64,bits-sq,128,512,7,download,30,0.009214,0.008618,0.009810000000000001,0.9766659431300195,False,False
2749d31664905c24a21b64a3a74ce59d83e4f5ee9b5495dd2530667804fffa96,59986052,64,bits-sq,128,512,7,operator,30,0.8639135,0.8630605,0.8645775,0.9176972000090287,False,False
2749d31664905c24a21b64a3a74ce59d83e4f5ee9b5495dd2530667804fffa96,59986052,64,bits-sq,128,512,7,output_isolated,30,0.008969000000000001,0.008685499999999999,0.009204750000000001,1.668190433716133,False,False
2749d31664905c24a21b64a3a74ce59d83e4f5ee9b5495dd2530667804fffa96,59986052,64,bits-sq,128,512,7,selection_isolated,30,0.416832,0.41608325,0.417242,0.8473437739904807,False,False
2749d31664905c24a21b64a3a74ce59d83e4f5ee9b5495dd2530667804fffa96,59986052,64,bits-sq,128,512,7,transform_isolated,30,0.44425899999999996,0.44289850000000003,0.44492975,1.009015011513554,False,False
2749d31664905c24a21b64a3a74ce59d83e4f5ee9b5495dd2530667804fffa96,59986052,64,bits-sq,128,512,7,upload_shared,1,48.749827,48.749827,48.749827,1.0014134409133388,False,False
2749d31664905c24a21b64a3a74ce59d83e4f5ee9b5495dd2530667804fffa96,59986052,64,bits-sq,128,512,8,download,30,0.009079,0.00868325,0.00934475,0.9911884568785109,True,True
2749d31664905c24a21b64a3a74ce59d83e4f5ee9b5495dd2530667804fffa96,59986052,64,bits-sq,128,512,8,operator,30,0.7313885,0.7304919999999999,0.73265225,1.083980675113158,True,True
2749d31664905c24a21b64a3a74ce59d83e4f5ee9b5495dd2530667804fffa96,59986052,64,bits-sq,128,512,8,output_isolated,30,0.008763,0.008514750000000001,0.009091499999999999,1.70740613944996,True,True
2749d31664905c24a21b64a3a74ce59d83e4f5ee9b5495dd2530667804fffa96,59986052,64,bits-sq,128,512,8,selection_isolated,30,0.2840805,0.28376999999999997,0.28443575,1.24330955486209,True,True
2749d31664905c24a21b64a3a74ce59d83e4f5ee9b5495dd2530667804fffa96,59986052,64,bits-sq,128,512,8,transform_isolated,30,0.44504449999999995,0.444098,0.44568250000000004,1.0072341080498692,True,True
2749d31664905c24a21b64a3a74ce59d83e4f5ee9b5495dd2530667804fffa96,59986052,64,bits-sq,128,512,8,upload_shared,1,48.768225,48.768225,48.768225,1.0010356538504321,True,True
2749d31664905c24a21b64a3a74ce59d83e4f5ee9b5495dd2530667804fffa96,59986052,64,bits-sq,128,512,13,download,30,0.0090085,0.008547999999999998,0.00952225,0.9989454404173836,False,False
2749d31664905c24a21b64a3a74ce59d83e4f5ee9b5495dd2530667804fffa96,59986052,64,bits-sq,128,512,13,operator,30,0.8271685,0.8263222499999999,0.8283699999999999,0.9584637229294877,False,False
2749d31664905c24a21b64a3a74ce59d83e4f5ee9b5495dd2530667804fffa96,59986052,64,bits-sq,128,512,13,output_isolated,30,0.008878,0.008605500000000002,0.00914375,1.6852894796125253,False,False
2749d31664905c24a21b64a3a74ce59d83e4f5ee9b5495dd2530667804fffa96,59986052,64,bits-sq,128,512,13,selection_isolated,30,0.380101,0.37942750000000003,0.380577,0.9292267055335293,False,False
2749d31664905c24a21b64a3a74ce59d83e4f5ee9b5495dd2530667804fffa96,59986052,64,bits-sq,128,512,13,transform_isolated,30,0.4443685,0.44363450000000004,0.44519175,1.0087663729539784,False,False
2749d31664905c24a21b64a3a74ce59d83e4f5ee9b5495dd2530667804fffa96,59986052,64,bits-sq,128,512,13,upload_shared,1,48.599159,48.599159,48.599159,1.0045180411455268,False,False
2749d31664905c24a21b64a3a74ce59d83e4f5ee9b5495dd2530667804fffa96,59986052,64,bits-sq,128,512,16,download,30,0.0092845,0.008693,0.00962175,0.9692498249771124,False,False
2749d31664905c24a21b64a3a74ce59d83e4f5ee9b5495dd2530667804fffa96,59986052,64,bits-sq,128,512,16,operator,30,0.8267074999999999,0.82593625,0.8271482499999999,0.9589981946456274,False,False
2749d31664905c24a21b64a3a74ce59d83e4f5ee9b5495dd2530667804fffa96,59986052,64,bits-sq,128,512,16,output_isolated,30,0.008788,0.008558,0.008993000000000001,1.702548930359581,False,False
2749d31664905c24a21b64a3a74ce59d83e4f5ee9b5495dd2530667804fffa96,59986052,64,bits-sq,128,512,16,selection_isolated,30,0.3788485,0.37819299999999995,0.37929250000000003,0.9322987949008642,False,False
2749d31664905c24a21b64a3a74ce59d83e4f5ee9b5495dd2530667804fffa96,59986052,64,bits-sq,128,512,16,transform_isolated,30,0.444504,0.4437195,0.445234,1.0084588665118874,False,False
2749d31664905c24a21b64a3a74ce59d83e4f5ee9b5495dd2530667804fffa96,59986052,64,bits-sq,128,512,16,upload_shared,1,48.783438,48.783438,48.783438,1.000723483244457,False,False
2749d31664905c24a21b64a3a74ce59d83e4f5ee9b5495dd2530667804fffa96,59986052,64,bits-sq,512,128,4,download,30,0.008823000000000001,0.0086955,0.0094665,1.0199478635384789,False,False
2749d31664905c24a21b64a3a74ce59d83e4f5ee9b5495dd2530667804fffa96,59986052,64,bits-sq,512,128,4,operator,30,0.79534,0.7942065,0.796562,0.9968202278270927,False,False
2749d31664905c24a21b64a3a74ce59d83e4f5ee9b5495dd2530667804fffa96,59986052,64,bits-sq,512,128,4,output_isolated,30,0.008798,0.008685499999999999,0.00899075,1.7006137758581494,False,False
2749d31664905c24a21b64a3a74ce59d83e4f5ee9b5495dd2530667804fffa96,59986052,64,bits-sq,512,128,4,selection_isolated,30,0.3483425,0.34792200000000006,0.34890075,1.0139446091131574,False,False
2749d31664905c24a21b64a3a74ce59d83e4f5ee9b5495dd2530667804fffa96,59986052,64,bits-sq,512,128,4,transform_isolated,30,0.44464349999999997,0.44355700000000003,0.44536250000000005,1.0081424781875818,False,False
2749d31664905c24a21b64a3a74ce59d83e4f5ee9b5495dd2530667804fffa96,59986052,64,bits-sq,512,128,4,upload_shared,1,48.669646,48.669646,48.669646,1.0030632234308834,False,False
2749d31664905c24a21b64a3a74ce59d83e4f5ee9b5495dd2530667804fffa96,59986052,64,bits-sq,512,128,7,download,30,0.0092895,0.008791499999999999,0.00960225,0.9687281339146349,False,False
2749d31664905c24a21b64a3a74ce59d83e4f5ee9b5495dd2530667804fffa96,59986052,64,bits-sq,512,128,7,operator,30,0.757538,0.7564909999999999,0.7583690000000001,1.0465626806840052,False,False
2749d31664905c24a21b64a3a74ce59d83e4f5ee9b5495dd2530667804fffa96,59986052,64,bits-sq,512,128,7,output_isolated,30,0.0087635,0.0086755,0.009124,1.7073087236834597,False,False
2749d31664905c24a21b64a3a74ce59d83e4f5ee9b5495dd2530667804fffa96,59986052,64,bits-sq,512,128,7,selection_isolated,30,0.309108,0.30876275,0.3096115,1.1426427009330073,False,False
2749d31664905c24a21b64a3a74ce59d83e4f5ee9b5495dd2530667804fffa96,59986052,64,bits-sq,512,128,7,transform_isolated,30,0.444499,0.4435895,0.44542249999999994,1.008470210281688,False,False
2749d31664905c24a21b64a3a74ce59d83e4f5ee9b5495dd2530667804fffa96,59986052,64,bits-sq,512,128,7,upload_shared,1,48.883790000000005,48.883790000000005,48.883790000000005,0.9986691293780615,False,False
2749d31664905c24a21b64a3a74ce59d83e4f5ee9b5495dd2530667804fffa96,59986052,64,bits-sq,512,128,8,download,30,0.0088185,0.008563000000000001,0.00982725,1.0204683336168283,False,False
2749d31664905c24a21b64a3a74ce59d83e4f5ee9b5495dd2530667804fffa96,59986052,64,bits-sq,512,128,8,operator,30,0.7555495,0.75456125,0.757202,1.0493170864384134,False,False
2749d31664905c24a21b64a3a74ce59d83e4f5ee9b5495dd2530667804fffa96,59986052,64,bits-sq,512,128,8,output_isolated,30,0.0088235,0.00866575,0.009066500000000002,1.6956989856632856,False,False
2749d31664905c24a21b64a3a74ce59d83e4f5ee9b5495dd2530667804fffa96,59986052,64,bits-sq,512,128,8,selection_isolated,30,0.30778099999999997,0.30711574999999997,0.30817200000000006,1.1475692131743027,False,False
2749d31664905c24a21b64a3a74ce59d83e4f5ee9b5495dd2530667804fffa96,59986052,64,bits-sq,512,128,8,transform_isolated,30,0.444704,0.44374525,0.44554975,1.008005324890264,False,False
2749d31664905c24a21b64a3a74ce59d83e4f5ee9b5495dd2530667804fffa96,59986052,64,bits-sq,512,128,8,upload_shared,1,48.697929,48.697929,48.697929,1.0024806599065024,False,False
2749d31664905c24a21b64a3a74ce59d83e4f5ee9b5495dd2530667804fffa96,59986052,64,bits-sq,512,128,13,download,30,0.0087835,0.008605500000000002,0.009329,1.0245346388114078,False,False
2749d31664905c24a21b64a3a74ce59d83e4f5ee9b5495dd2530667804fffa96,59986052,64,bits-sq,512,128,13,operator,30,0.7650295,0.7626525,0.7657555,1.0363142859196932,False,False
2749d31664905c24a21b64a3a74ce59d83e4f5ee9b5495dd2530667804fffa96,59986052,64,bits-sq,512,128,13,output_isolated,30,0.008747999999999999,0.0085755,0.008899,1.7103337905807043,False,False
2749d31664905c24a21b64a3a74ce59d83e4f5ee9b5495dd2530667804fffa96,59986052,64,bits-sq,512,128,13,selection_isolated,30,0.3157185,0.314276,0.31685,1.118718098559318,False,False
2749d31664905c24a21b64a3a74ce59d83e4f5ee9b5495dd2530667804fffa96,59986052,64,bits-sq,512,128,13,transform_isolated,30,0.44498950000000004,0.44456625,0.44573825,1.0073586005961936,False,False
2749d31664905c24a21b64a3a74ce59d83e4f5ee9b5495dd2530667804fffa96,59986052,64,bits-sq,512,128,13,upload_shared,1,48.784089,48.784089,48.784089,1.000710129075076,False,False
2749d31664905c24a21b64a3a74ce59d83e4f5ee9b5495dd2530667804fffa96,59986052,64,bits-sq,512,128,16,download,30,0.008783,0.0085305,0.009201500000000001,1.024592963679836,False,False
2749d31664905c24a21b64a3a74ce59d83e4f5ee9b5495dd2530667804fffa96,59986052,64,bits-sq,512,128,16,operator,30,0.7685995000000001,0.7676404999999998,0.76986175,1.0315008011324491,False,False
2749d31664905c24a21b64a3a74ce59d83e4f5ee9b5495dd2530667804fffa96,59986052,64,bits-sq,512,128,16,output_isolated,30,0.008788500000000001,0.008618250000000001,0.00901325,1.7024520680434656,False,False
2749d31664905c24a21b64a3a74ce59d83e4f5ee9b5495dd2530667804fffa96,59986052,64,bits-sq,512,128,16,selection_isolated,30,0.32161700000000004,0.32081175,0.32232299999999997,1.098200654816132,False,False
2749d31664905c24a21b64a3a74ce59d83e4f5ee9b5495dd2530667804fffa96,59986052,64,bits-sq,512,128,16,transform_isolated,30,0.444553,0.4438655,0.44580325,1.0083477110715708,False,False
2749d31664905c24a21b64a3a74ce59d83e4f5ee9b5495dd2530667804fffa96,59986052,64,bits-sq,512,128,16,upload_shared,1,48.803267999999996,48.803267999999996,48.803267999999996,1.0003168640264009,False,False
2749d31664905c24a21b64a3a74ce59d83e4f5ee9b5495dd2530667804fffa96,59986052,64,bits-sq,512,256,4,download,30,0.008838500000000001,0.008583,0.009409,1.0181591899077898,False,False
2749d31664905c24a21b64a3a74ce59d83e4f5ee9b5495dd2530667804fffa96,59986052,64,bits-sq,512,256,4,operator,30,0.8141985,0.811945,0.8158110000000001,0.973731835664153,False,False
2749d31664905c24a21b64a3a74ce59d83e4f5ee9b5495dd2530667804fffa96,59986052,64,bits-sq,512,256,4,output_isolated,30,0.008868,0.008610500000000002,0.00905125,1.6871898962562022,False,False
2749d31664905c24a21b64a3a74ce59d83e4f5ee9b5495dd2530667804fffa96,59986052,64,bits-sq,512,256,4,selection_isolated,30,0.366476,0.36465800000000004,0.36775975,0.9637738896953688,False,False
2749d31664905c24a21b64a3a74ce59d83e4f5ee9b5495dd2530667804fffa96,59986052,64,bits-sq,512,256,4,transform_isolated,30,0.44425800000000004,0.443432,0.44518725000000003,1.0090172827501136,False,False
2749d31664905c24a21b64a3a74ce59d83e4f5ee9b5495dd2530667804fffa96,59986052,64,bits-sq,512,256,4,upload_shared,1,48.855057,48.855057,48.855057,0.9992564741046152,False,False
2749d31664905c24a21b64a3a74ce59d83e4f5ee9b5495dd2530667804fffa96,59986052,64,bits-sq,512,256,7,download,30,0.009024,0.008590500000000001,0.0094115,0.9972296099290779,False,False
2749d31664905c24a21b64a3a74ce59d83e4f5ee9b5495dd2530667804fffa96,59986052,64,bits-sq,512,256,7,operator,30,0.762946,0.76116075,0.772886,1.0391443168979193,False,False
2749d31664905c24a21b64a3a74ce59d83e4f5ee9b5495dd2530667804fffa96,59986052,64,bits-sq,512,256,7,output_isolated,30,0.0086735,0.008543,0.0088915,1.7250244999135296,False,False
2749d31664905c24a21b64a3a74ce59d83e4f5ee9b5495dd2530667804fffa96,59986052,64,bits-sq,512,256,7,selection_isolated,30,0.314932,0.31369274999999996,0.3259795,1.1215119454358402,False,False
2749d31664905c24a21b64a3a74ce59d83e4f5ee9b5495dd2530667804fffa96,59986052,64,bits-sq,512,256,7,transform_isolated,30,0.4446485,0.44329700000000005,0.44524474999999997,1.0081311417895258,False,False
2749d31664905c24a21b64a3a74ce59d83e4f5ee9b5495dd2530667804fffa96,59986052,64,bits-sq,512,256,7,upload_shared,1,48.773914000000005,48.773914000000005,48.773914000000005,1.0009188928327546,False,False
2749d31664905c24a21b64a3a74ce59d83e4f5ee9b5495dd2530667804fffa96,59986052,64,bits-sq,512,256,8,download,30,0.0088435,0.0085755,0.009379,1.0175835359303442,False,False
2749d31664905c24a21b64a3a74ce59d83e4f5ee9b5495dd2530667804fffa96,59986052,64,bits-sq,512,256,8,operator,30,0.7591954999999999,0.758559,0.7604927499999999,1.0442777914252652,False,False
2749d31664905c24a21b64a3a74ce59d83e4f5ee9b5495dd2530667804fffa96,59986052,64,bits-sq,512,256,8,output_isolated,30,0.008733000000000001,0.008623,0.0090515,1.713271498912172,False,False
2749d31664905c24a21b64a3a74ce59d83e4f5ee9b5495dd2530667804fffa96,59986052,64,bits-sq,512,256,8,selection_isolated,30,0.31246850000000004,0.31119375,0.31396275,1.1303539396771194,False,False
2749d31664905c24a21b64a3a74ce59d83e4f5ee9b5495dd2530667804fffa96,59986052,64,bits-sq,512,256,8,transform_isolated,30,0.44481899999999996,0.44409975,0.44570999999999994,1.0077447231345784,False,False
2749d31664905c24a21b64a3a74ce59d83e4f5ee9b5495dd2530667804fffa96,59986052,64,bits-sq,512,256,8,upload_shared,1,48.695705,48.695705,48.695705,1.0025264445806874,False,False
2749d31664905c24a21b64a3a74ce59d83e4f5ee9b5495dd2530667804fffa96,59986052,64,bits-sq,512,256,13,download,30,0.008844,0.008547999999999998,0.00967925,1.0175260063319767,False,False
2749d31664905c24a21b64a3a74ce59d83e4f5ee9b5495dd2530667804fffa96,59986052,64,bits-sq,512,256,13,operator,30,0.761684,0.7601195000000001,0.7624,1.040866028431738,False,False
2749d31664905c24a21b64a3a74ce59d83e4f5ee9b5495dd2530667804fffa96,59986052,64,bits-sq,512,256,13,output_isolated,30,0.008903999999999999,0.00871625,0.009021250000000001,1.6803683737646005,False,False
2749d31664905c24a21b64a3a74ce59d83e4f5ee9b5495dd2530667804fffa96,59986052,64,bits-sq,512,256,13,selection_isolated,30,0.31465699999999996,0.31265575,0.315478,1.1224921104567833,False,False
2749d31664905c24a21b64a3a74ce59d83e4f5ee9b5495dd2530667804fffa96,59986052,64,bits-sq,512,256,13,transform_isolated,30,0.4448795,0.4434245,0.4454725,1.0076076780341643,False,False
2749d31664905c24a21b64a3a74ce59d83e4f5ee9b5495dd2530667804fffa96,59986052,64,bits-sq,512,256,13,upload_shared,1,48.716667,48.716667,48.716667,1.002095073540232,False,False
2749d31664905c24a21b64a3a74ce59d83e4f5ee9b5495dd2530667804fffa96,59986052,64,bits-sq,512,256,16,download,30,0.008874,0.00860575,0.00957425,1.014086094207798,False,False
2749d31664905c24a21b64a3a74ce59d83e4f5ee9b5495dd2530667804fffa96,59986052,64,bits-sq,512,256,16,operator,30,0.7699860000000001,0.7691702499999999,0.7710180000000001,1.0296433961136955,False,False
2749d31664905c24a21b64a3a74ce59d83e4f5ee9b5495dd2530667804fffa96,59986052,64,bits-sq,512,256,16,output_isolated,30,0.008823000000000001,0.008603000000000001,0.009063249999999998,1.6957950810381954,False,False
2749d31664905c24a21b64a3a74ce59d83e4f5ee9b5495dd2530667804fffa96,59986052,64,bits-sq,512,256,16,selection_isolated,30,0.323445,0.32140225,0.32538775000000003,1.0919940020714496,False,False
2749d31664905c24a21b64a3a74ce59d83e4f5ee9b5495dd2530667804fffa96,59986052,64,bits-sq,512,256,16,transform_isolated,30,0.44490949999999996,0.44388225,0.4454775,1.007539735609152,False,False
2749d31664905c24a21b64a3a74ce59d83e4f5ee9b5495dd2530667804fffa96,59986052,64,bits-sq,512,256,16,upload_shared,1,48.742126,48.742126,48.742126,1.0015716589793395,False,False
2749d31664905c24a21b64a3a74ce59d83e4f5ee9b5495dd2530667804fffa96,59986052,64,bits-sq,512,512,4,download,30,0.008808,0.0085655,0.0093315,1.0216848319709355,False,False
2749d31664905c24a21b64a3a74ce59d83e4f5ee9b5495dd2530667804fffa96,59986052,64,bits-sq,512,512,4,operator,30,0.770232,0.769451,0.7709355,1.029314544189283,False,False
2749d31664905c24a21b64a3a74ce59d83e4f5ee9b5495dd2530667804fffa96,59986052,64,bits-sq,512,512,4,output_isolated,30,0.008798,0.008613,0.00893825,1.7006137758581494,False,False
2749d31664905c24a21b64a3a74ce59d83e4f5ee9b5495dd2530667804fffa96,59986052,64,bits-sq,512,512,4,selection_isolated,30,0.32281899999999997,0.322093,0.32318749999999996,1.094111560967601,False,False
2749d31664905c24a21b64a3a74ce59d83e4f5ee9b5495dd2530667804fffa96,59986052,64,bits-sq,512,512,4,transform_isolated,30,0.4443335,0.443732,0.44466875,1.0088458331410979,False,False
2749d31664905c24a21b64a3a74ce59d83e4f5ee9b5495dd2530667804fffa96,59986052,64,bits-sq,512,512,4,upload_shared,1,48.712781,48.712781,48.712781,1.0021750143971455,False,False
2749d31664905c24a21b64a3a74ce59d83e4f5ee9b5495dd2530667804fffa96,59986052,64,bits-sq,512,512,7,download,30,0.009084,0.0085355,0.009739999999999999,0.9906428885953324,False,False
2749d31664905c24a21b64a3a74ce59d83e4f5ee9b5495dd2530667804fffa96,59986052,64,bits-sq,512,512,7,operator,30,0.8522865,0.8513649999999999,0.85290975,0.9302165410340302,False,False
2749d31664905c24a21b64a3a74ce59d83e4f5ee9b5495dd2530667804fffa96,59986052,64,bits-sq,512,512,7,output_isolated,30,0.008663,0.0085655,0.0089865,1.7271153180191618,False,False
2749d31664905c24a21b64a3a74ce59d83e4f5ee9b5495dd2530667804fffa96,59986052,64,bits-sq,512,512,7,selection_isolated,30,0.4045285,0.40382925,0.40502150000000003,0.8731152440433739,False,False
2749d31664905c24a21b64a3a74ce59d83e4f5ee9b5495dd2530667804fffa96,59986052,64,bits-sq,512,512,7,transform_isolated,30,0.443963,0.44337699999999997,0.44493400000000005,1.0096877442489576,False,False
2749d31664905c24a21b64a3a74ce59d83e4f5ee9b5495dd2530667804fffa96,59986052,64,bits-sq,512,512,7,upload_shared,1,48.703898,48.703898,48.703898,1.0023577989589252,False,False
2749d31664905c24a21b64a3a74ce59d83e4f5ee9b5495dd2530667804fffa96,59986052,64,bits-sq,512,512,8,download,30,0.008813,0.008628,0.009334,1.0211051855213888,False,False
2749d31664905c24a21b64a3a74ce59d83e4f5ee9b5495dd2530667804fffa96,59986052,64,bits-sq,512,512,8,operator,30,0.7541925,0.752831,0.7552865,1.0512050968419864,False,False
2749d31664905c24a21b64a3a74ce59d83e4f5ee9b5495dd2530667804fffa96,59986052,64,bits-sq,512,512,8,output_isolated,30,0.008808,0.008638,0.008919,1.6986830154405086,False,False
2749d31664905c24a21b64a3a74ce59d83e4f5ee9b5495dd2530667804fffa96,59986052,64,bits-sq,512,512,8,selection_isolated,30,0.306054,0.305408,0.307276,1.1540447110640606,False,False
2749d31664905c24a21b64a3a74ce59d83e4f5ee9b5495dd2530667804fffa96,59986052,64,bits-sq,512,512,8,transform_isolated,30,0.44481899999999996,0.4440655,0.44540475,1.0077447231345784,False,False
2749d31664905c24a21b64a3a74ce59d83e4f5ee9b5495dd2530667804fffa96,59986052,64,bits-sq,512,512,8,upload_shared,1,48.707564000000005,48.707564000000005,48.707564000000005,1.0022823559806848,False,False
2749d31664905c24a21b64a3a74ce59d83e4f5ee9b5495dd2530667804fffa96,59986052,64,bits-sq,512,512,13,download,30,0.0092035,0.00879625,0.009399000000000001,0.9777801923181398,False,False
2749d31664905c24a21b64a3a74ce59d83e4f5ee9b5495dd2530667804fffa96,59986052,64,bits-sq,512,512,13,operator,30,0.8312744999999999,0.82999475,0.8326445,0.9537294840633269,False,False
2749d31664905c24a21b64a3a74ce59d83e4f5ee9b5495dd2530667804fffa96,59986052,64,bits-sq,512,512,13,output_isolated,30,0.0089635,0.008631250000000002,0.0091165,1.6692140346962683,False,False
2749d31664905c24a21b64a3a74ce59d83e4f5ee9b5495dd2530667804fffa96,59986052,64,bits-sq,512,512,13,selection_isolated,30,0.384127,0.38356450000000003,0.38496874999999997,0.9194875653104312,False,False
2749d31664905c24a21b64a3a74ce59d83e4f5ee9b5495dd2530667804fffa96,59986052,64,bits-sq,512,512,13,transform_isolated,30,0.444639,0.44390525000000003,0.44529,1.0081526811638206,False,False
2749d31664905c24a21b64a3a74ce59d83e4f5ee9b5495dd2530667804fffa96,59986052,64,bits-sq,512,512,13,upload_shared,1,48.742416,48.742416,48.742416,1.0015656999849987,False,False
2749d31664905c24a21b64a3a74ce59d83e4f5ee9b5495dd2530667804fffa96,59986052,64,bits-sq,512,512,16,download,30,0.008673,0.00850025,0.009396499999999999,1.0375879165225412,False,False
2749d31664905c24a21b64a3a74ce59d83e4f5ee9b5495dd2530667804fffa96,59986052,64,bits-sq,512,512,16,operator,30,0.842416,0.8415525,0.8438155,0.9411157907732045,False,False
2749d31664905c24a21b64a3a74ce59d83e4f5ee9b5495dd2530667804fffa96,59986052,64,bits-sq,512,512,16,output_isolated,30,0.008723,0.008613,0.008993000000000001,1.715235584088043,False,False
2749d31664905c24a21b64a3a74ce59d83e4f5ee9b5495dd2530667804fffa96,59986052,64,bits-sq,512,512,16,selection_isolated,30,0.39537449999999996,0.39479325,0.395785,0.8933302476512776,False,False
2749d31664905c24a21b64a3a74ce59d83e4f5ee9b5495dd2530667804fffa96,59986052,64,bits-sq,512,512,16,transform_isolated,30,0.444148,0.4430387499999999,0.4451415,1.009267181209867,False,False
2749d31664905c24a21b64a3a74ce59d83e4f5ee9b5495dd2530667804fffa96,59986052,64,bits-sq,512,512,16,upload_shared,1,48.643947,48.643947,48.643947,1.0035931500377633,False,False
2749d31664905c24a21b64a3a74ce59d83e4f5ee9b5495dd2530667804fffa96,59986052,64,block-select,1,128,3,download,30,0.02309,0.02198825,0.0244995,0.38973581637072324,False,False
2749d31664905c24a21b64a3a74ce59d83e4f5ee9b5495dd2530667804fffa96,59986052,64,block-select,1,128,3,operator,30,237.2215455,236.90287325000003,237.47368550000002,0.003342069955445931,False,False
2749d31664905c24a21b64a3a74ce59d83e4f5ee9b5495dd2530667804fffa96,59986052,64,block-select,1,128,3,output_isolated,30,0.0234405,0.0230075,0.0245845,0.6382969646551908,False,False
2749d31664905c24a21b64a3a74ce59d83e4f5ee9b5495dd2530667804fffa96,59986052,64,block-select,1,128,3,selection_isolated,30,236.4960515,236.34715825,236.71037375,0.00149347102313038,False,False
2749d31664905c24a21b64a3a74ce59d83e4f5ee9b5495dd2530667804fffa96,59986052,64,block-select,1,128,3,transform_isolated,30,0.445715,0.44499475,0.4468495,1.0057189010915046,False,False
2749d31664905c24a21b64a3a74ce59d83e4f5ee9b5495dd2530667804fffa96,59986052,64,block-select,1,128,3,upload_shared,1,48.818732,48.818732,48.818732,1.0,False,False
2749d31664905c24a21b64a3a74ce59d83e4f5ee9b5495dd2530667804fffa96,59986052,64,grid-select,1,0,0,download,30,0.009204,0.008643,0.0099425,0.9777270751847023,True,True
2749d31664905c24a21b64a3a74ce59d83e4f5ee9b5495dd2530667804fffa96,59986052,64,grid-select,1,0,0,operator,30,0.813508,0.8110364999999999,0.8150449999999999,0.974558332554812,True,True
2749d31664905c24a21b64a3a74ce59d83e4f5ee9b5495dd2530667804fffa96,59986052,64,grid-select,1,0,0,output_isolated,30,0.0088735,0.008660499999999998,0.008980750000000001,1.6861441370372459,True,True
2749d31664905c24a21b64a3a74ce59d83e4f5ee9b5495dd2530667804fffa96,59986052,64,grid-select,1,0,0,selection_isolated,30,0.369715,0.36871575,0.3704885,0.9553304572440934,True,True
2749d31664905c24a21b64a3a74ce59d83e4f5ee9b5495dd2530667804fffa96,59986052,64,grid-select,1,0,0,transform_isolated,30,0.4447335,0.443938,0.44599599999999995,1.0079384620227618,True,True
2749d31664905c24a21b64a3a74ce59d83e4f5ee9b5495dd2530667804fffa96,59986052,64,grid-select,1,0,0,upload_shared,1,48.818732,48.818732,48.818732,1.0,True,True
2749d31664905c24a21b64a3a74ce59d83e4f5ee9b5495dd2530667804fffa96,59986052,128,air-topk,1,512,0,download,30,0.0093595,0.0090115,0.00967475,1.0,True,True
2749d31664905c24a21b64a3a74ce59d83e4f5ee9b5495dd2530667804fffa96,59986052,128,air-topk,1,512,0,operator,30,0.7953195,0.79238275,0.79766625,1.0,True,True
2749d31664905c24a21b64a3a74ce59d83e4f5ee9b5495dd2530667804fffa96,59986052,128,air-topk,1,512,0,output_isolated,30,0.016120000000000002,0.01603425,0.01669325,1.0,True,True
2749d31664905c24a21b64a3a74ce59d83e4f5ee9b5495dd2530667804fffa96,59986052,128,air-topk,1,512,0,selection_isolated,30,0.3536555,0.35165325000000003,0.355338,1.0,True,True
2749d31664905c24a21b64a3a74ce59d83e4f5ee9b5495dd2530667804fffa96,59986052,128,air-topk,1,512,0,transform_isolated,30,0.44894,0.44766300000000003,0.44996925,1.0,True,True
2749d31664905c24a21b64a3a74ce59d83e4f5ee9b5495dd2530667804fffa96,59986052,128,air-topk,1,512,0,upload_shared,1,48.786843000000005,48.786843000000005,48.786843000000005,1.0,True,True
2749d31664905c24a21b64a3a74ce59d83e4f5ee9b5495dd2530667804fffa96,59986052,128,bits-prefetch,1,128,4,download,30,0.0235555,0.02186825,0.026564749999999998,0.3973382012693426,False,False
2749d31664905c24a21b64a3a74ce59d83e4f5ee9b5495dd2530667804fffa96,59986052,128,bits-prefetch,1,128,4,operator,30,72.6725755,72.66270800000001,72.681041,0.010943873868898455,False,False
2749d31664905c24a21b64a3a74ce59d83e4f5ee9b5495dd2530667804fffa96,59986052,128,bits-prefetch,1,128,4,output_isolated,30,0.022394,0.021993,0.025271000000000002,0.7198356702688221,False,False
2749d31664905c24a21b64a3a74ce59d83e4f5ee9b5495dd2530667804fffa96,59986052,128,bits-prefetch,1,128,4,selection_isolated,30,72.21584899999999,72.208618,72.22112375,0.004897200613123029,False,False
2749d31664905c24a21b64a3a74ce59d83e4f5ee9b5495dd2530667804fffa96,59986052,128,bits-prefetch,1,128,4,transform_isolated,30,0.44597050000000005,0.44510975,0.44645100000000004,1.0066585121661633,False,False
2749d31664905c24a21b64a3a74ce59d83e4f5ee9b5495dd2530667804fffa96,59986052,128,bits-prefetch,1,128,4,upload_shared,1,48.667773999999994,48.667773999999994,48.667773999999994,1.0024465676198795,False,False
2749d31664905c24a21b64a3a74ce59d83e4f5ee9b5495dd2530667804fffa96,59986052,128,bits-prefetch,1,128,7,download,30,0.019354000000000003,0.0187965,0.019957500000000003,0.4835951224553063,False,False
2749d31664905c24a21b64a3a74ce59d83e4f5ee9b5495dd2530667804fffa96,59986052,128,bits-prefetch,1,128,7,operator,30,45.176653,45.1741525,45.179793,0.01760465743223607,False,False
2749d31664905c24a21b64a3a74ce59d83e4f5ee9b5495dd2530667804fffa96,59986052,128,bits-prefetch,1,128,7,output_isolated,30,0.020682000000000002,0.020215250000000004,0.021112,0.7794217193695001,False,False
2749d31664905c24a21b64a3a74ce59d83e4f5ee9b5495dd2530667804fffa96,59986052,128,bits-prefetch,1,128,7,selection_isolated,30,44.719801000000004,44.717957999999996,44.72301775,0.007908252990660669,False,False
2749d31664905c24a21b64a3a74ce59d83e4f5ee9b5495dd2530667804fffa96,59986052,128,bits-prefetch,1,128,7,transform_isolated,30,0.445315,0.444163,0.44626849999999996,1.008140305177234,False,False
2749d31664905c24a21b64a3a74ce59d83e4f5ee9b5495dd2530667804fffa96,59986052,128,bits-prefetch,1,128,7,upload_shared,1,48.705009000000004,48.705009000000004,48.705009000000004,1.0016801967945432,False,False
2749d31664905c24a21b64a3a74ce59d83e4f5ee9b5495dd2530667804fffa96,59986052,128,bits-prefetch,1,128,8,download,30,0.019254,0.01884575,0.020030250000000003,0.4861067830061286,False,False
2749d31664905c24a21b64a3a74ce59d83e4f5ee9b5495dd2530667804fffa96,59986052,128,bits-prefetch,1,128,8,operator,30,41.8993275,41.893267249999994,41.90310275,0.018981676973216337,False,False
2749d31664905c24a21b64a3a74ce59d83e4f5ee9b5495dd2530667804fffa96,59986052,128,bits-prefetch,1,128,8,output_isolated,30,0.0205015,0.01967,0.020796749999999996,0.786283930444114,False,False
2749d31664905c24a21b64a3a74ce59d83e4f5ee9b5495dd2530667804fffa96,59986052,128,bits-prefetch,1,128,8,selection_isolated,30,41.439891,41.43769975,41.445359499999995,0.008534180266062959,False,False
2749d31664905c24a21b64a3a74ce59d83e4f5ee9b5495dd2530667804fffa96,59986052,128,bits-prefetch,1,128,8,transform_isolated,30,0.4455555,0.444654,0.44687950000000004,1.0075961356104908,False,False
2749d31664905c24a21b64a3a74ce59d83e4f5ee9b5495dd2530667804fffa96,59986052,128,bits-prefetch,1,128,8,upload_shared,1,48.553661,48.553661,48.553661,1.0048025626739043,False,False
2749d31664905c24a21b64a3a74ce59d83e4f5ee9b5495dd2530667804fffa96,59986052,128,bits-prefetch,1,128,13,download,30,0.018277,0.017491249999999996,0.0188865,0.5120916999507578,False,False
2749d31664905c24a21b64a3a74ce59d83e4f5ee9b5495dd2530667804fffa96,59986052,128,bits-prefetch,1,128,13,operator,30,35.1181275,35.114481250000004,35.1230625,0.022646979113564638,False,False
2749d31664905c24a21b64a3a74ce59d83e4f5ee9b5495dd2530667804fffa96,59986052,128,bits-prefetch,1,128,13,output_isolated,30,0.0197745,0.019119,0.02031575,0.8151912817011809,False,False
2749d31664905c24a21b64a3a74ce59d83e4f5ee9b5495dd2530667804fffa96,59986052,128,bits-prefetch,1,128,13,selection_isolated,30,34.664314000000005,34.660496499999994,34.66892425,0.010202293344100217,False,False
2749d31664905c24a21b64a3a74ce59d83e4f5ee9b5495dd2530667804fffa96,59986052,128,bits-prefetch,1,128,13,transform_isolated,30,0.4455,0.44462075,0.4461535,1.0077216610549944,False,False
2749d31664905c24a21b64a3a74ce59d83e4f5ee9b5495dd2530667804fffa96,59986052,128,bits-prefetch,1,128,13,upload_shared,1,48.771781,48.771781,48.771781,1.0003088261222204,False,False
2749d31664905c24a21b64a3a74ce59d83e4f5ee9b5495dd2530667804fffa96,59986052,128,bits-prefetch,1,128,16,download,30,0.0174015,0.016916,0.018175249999999997,0.5378559319598885,False,False
2749d31664905c24a21b64a3a74ce59d83e4f5ee9b5495dd2530667804fffa96,59986052,128,bits-prefetch,1,128,16,operator,30,31.6582395,31.6447395,31.666612250000004,0.025122038134811633,False,False
2749d31664905c24a21b64a3a74ce59d83e4f5ee9b5495dd2530667804fffa96,59986052,128,bits-prefetch,1,128,16,output_isolated,30,0.018548,0.018155499999999998,0.0198675,0.8690963985335348,False,False
2749d31664905c24a21b64a3a74ce59d83e4f5ee9b5495dd2530667804fffa96,59986052,128,bits-prefetch,1,128,16,selection_isolated,30,31.2058945,31.19713625,31.21452525,0.0113329710833958,False,False
2749d31664905c24a21b64a3a74ce59d83e4f5ee9b5495dd2530667804fffa96,59986052,128,bits-prefetch,1,128,16,transform_isolated,30,0.44573549999999995,0.44424149999999996,0.44649675000000005,1.0071892411531056,False,False
2749d31664905c24a21b64a3a74ce59d83e4f5ee9b5495dd2530667804fffa96,59986052,128,bits-prefetch,1,128,16,upload_shared,1,48.795525999999995,48.795525999999995,48.795525999999995,0.9998220533579248,False,False
2749d31664905c24a21b64a3a74ce59d83e4f5ee9b5495dd2530667804fffa96,59986052,128,bits-prefetch,1,256,4,download,30,0.018598,0.018027,0.01929175,0.5032530379610711,False,False
2749d31664905c24a21b64a3a74ce59d83e4f5ee9b5495dd2530667804fffa96,59986052,128,bits-prefetch,1,256,4,operator,30,39.462469999999996,39.457277250000004,39.46568475,0.020153819565779843,False,False
2749d31664905c24a21b64a3a74ce59d83e4f5ee9b5495dd2530667804fffa96,59986052,128,bits-prefetch,1,256,4,output_isolated,30,0.020346,0.019885,0.0207095,0.7922933254693799,False,False
2749d31664905c24a21b64a3a74ce59d83e4f5ee9b5495dd2530667804fffa96,59986052,128,bits-prefetch,1,256,4,selection_isolated,30,39.006484,39.00410575,39.011074,0.009066582366152253,False,False
2749d31664905c24a21b64a3a74ce59d83e4f5ee9b5495dd2530667804fffa96,59986052,128,bits-prefetch,1,256,4,transform_isolated,30,0.4450195,0.44433049999999996,0.44567275,1.0088097263153637,False,False
2749d31664905c24a21b64a3a74ce59d83e4f5ee9b5495dd2530667804fffa96,59986052,128,bits-prefetch,1,256,4,upload_shared,1,48.744769,48.744769,48.744769,1.0008631490283606,False,False
2749d31664905c24a21b64a3a74ce59d83e4f5ee9b5495dd2530667804fffa96,59986052,128,bits-prefetch,1,256,7,download,30,0.016704999999999998,0.015408,0.0172685,0.5602813528883569,False,False
2749d31664905c24a21b64a3a74ce59d83e4f5ee9b5495dd2530667804fffa96,59986052,128,bits-prefetch,1,256,7,operator,30,25.2977465,25.29529075,25.298878,0.03143835360987588,False,False
2749d31664905c24a21b64a3a74ce59d83e4f5ee9b5495dd2530667804fffa96,59986052,128,bits-prefetch,1,256,7,output_isolated,30,0.017271,0.016615,0.01849125,0.9333564935440913,False,False
2749d31664905c24a21b64a3a74ce59d83e4f5ee9b5495dd2530667804fffa96,59986052,128,bits-prefetch,1,256,7,selection_isolated,30,24.842387,24.840506749999996,24.845164250000003,0.014235970963659814,False,False
2749d31664905c24a21b64a3a74ce59d83e4f5ee9b5495dd2530667804fffa96,59986052,128,bits-prefetch,1,256,7,transform_isolated,30,0.4449645,0.44412299999999993,0.44588325000000006,1.0089344206110824,False,False
2749d31664905c24a21b64a3a74ce59d83e4f5ee9b5495dd2530667804fffa96,59986052,128,bits-prefetch,1,256,7,upload_shared,1,48.684137,48.684137,48.684137,1.0021096399428833,False,False
2749d31664905c24a21b64a3a74ce59d83e4f5ee9b5495dd2530667804fffa96,59986052,128,bits-prefetch,1,256,8,download,30,0.016405000000000003,0.015535749999999997,0.016635,0.5705272782688203,False,False
2749d31664905c24a21b64a3a74ce59d83e4f5ee9b5495dd2530667804fffa96,59986052,128,bits-prefetch,1,256,8,operator,30,23.8227525,23.8181275,23.825210749999997,0.03338487019919298,False,False
2749d31664905c24a21b64a3a74ce59d83e4f5ee9b5495dd2530667804fffa96,59986052,128,bits-prefetch,1,256,8,output_isolated,30,0.017556,0.016211499999999997,0.018250250000000003,0.9182046024151289,False,False
2749d31664905c24a21b64a3a74ce59d83e4f5ee9b5495dd2530667804fffa96,59986052,128,bits-prefetch,1,256,8,selection_isolated,30,23.366816,23.365229000000003,23.36899725,0.015134946070530106,False,False
2749d31664905c24a21b64a3a74ce59d83e4f5ee9b5495dd2530667804fffa96,59986052,128,bits-prefetch,1,256,8,transform_isolated,30,0.44494449999999997,0.4439455,0.4459185,1.00897977163444,False,False
2749d31664905c24a21b64a3a74ce59d83e4f5ee9b5495dd2530667804fffa96,59986052,128,bits-prefetch,1,256,8,upload_shared,1,48.799482,48.799482,48.799482,0.9997410013491538,False,False
2749d31664905c24a21b64a3a74ce59d83e4f5ee9b5495dd2530667804fffa96,59986052,128,bits-prefetch,1,256,13,download,30,0.015653,0.015153,0.016682499999999996,0.5979364977959496,False,False
2749d31664905c24a21b64a3a74ce59d83e4f5ee9b5495dd2530667804fffa96,59986052,128,bits-prefetch,1,256,13,operator,30,20.371753,20.37012025,20.37322975,0.03904030742960608,False,False
2749d31664905c24a21b64a3a74ce59d83e4f5ee9b5495dd2530667804fffa96,59986052,128,bits-prefetch,1,256,13,output_isolated,30,0.016375,0.01540325,0.0172585,0.9844274809160306,False,False
2749d31664905c24a21b64a3a74ce59d83e4f5ee9b5495dd2530667804fffa96,59986052,128,bits-prefetch,1,256,13,selection_isolated,30,19.919743,19.918151,19.9212325,0.01775401921601097,False,False
2749d31664905c24a21b64a3a74ce59d83e4f5ee9b5495dd2530667804fffa96,59986052,128,bits-prefetch,1,256,13,transform_isolated,30,0.44479349999999995,0.444388,0.44539999999999996,1.009322303495892,False,False
2749d31664905c24a21b64a3a74ce59d83e4f5ee9b5495dd2530667804fffa96,59986052,128,bits-prefetch,1,256,13,upload_shared,1,48.871683,48.871683,48.871683,0.9982640254071056,False,False
2749d31664905c24a21b64a3a74ce59d83e4f5ee9b5495dd2530667804fffa96,59986052,128,bits-prefetch,1,256,16,download,30,0.015678499999999998,0.01455225,0.01665825,0.5969639952801608,False,False
2749d31664905c24a21b64a3a74ce59d83e4f5ee9b5495dd2530667804fffa96,59986052,128,bits-prefetch,1,256,16,operator,30,19.648607,19.646268499999998,19.650442249999998,0.040477144257605645,False,False
2749d31664905c24a21b64a3a74ce59d83e4f5ee9b5495dd2530667804fffa96,59986052,128,bits-prefetch,1,256,16,output_isolated,30,0.0161745,0.0152555,0.01685075,0.9966304986243779,False,False
2749d31664905c24a21b64a3a74ce59d83e4f5ee9b5495dd2530667804fffa96,59986052,128,bits-prefetch,1,256,16,selection_isolated,30,19.1970025,19.19470925,19.199028499999997,0.018422433398130777,False,False
2749d31664905c24a21b64a3a74ce59d83e4f5ee9b5495dd2530667804fffa96,59986052,128,bits-prefetch,1,256,16,transform_isolated,30,0.44506999999999997,0.444313,0.44638924999999996,1.0086952614195521,False,False
2749d31664905c24a21b64a3a74ce59d83e4f5ee9b5495dd2530667804fffa96,59986052,128,bits-prefetch,1,256,16,upload_shared,1,48.716797,48.716797,48.716797,1.0014378203066183,False,False
2749d31664905c24a21b64a3a74ce59d83e4f5ee9b5495dd2530667804fffa96,59986052,128,bits-prefetch,1,512,4,download,30,0.015689,0.01476475,0.0160475,0.5965644719230033,False,False
2749d31664905c24a21b64a3a74ce59d83e4f5ee9b5495dd2530667804fffa96,59986052,128,bits-prefetch,1,512,4,operator,30,20.9648265,20.963802499999996,20.966507249999996,0.03793589706072693,False,False
2749d31664905c24a21b64a3a74ce59d83e4f5ee9b5495dd2530667804fffa96,59986052,128,bits-prefetch,1,512,4,output_isolated,30,0.016931,0.0160515,0.01756175,0.9520996987773906,False,False
2749d31664905c24a21b64a3a74ce59d83e4f5ee9b5495dd2530667804fffa96,59986052,128,bits-prefetch,1,512,4,selection_isolated,30,20.5124365,20.511509999999998,20.5137265,0.017241028387827064,False,False
2749d31664905c24a21b64a3a74ce59d83e4f5ee9b5495dd2530667804fffa96,59986052,128,bits-prefetch,1,512,4,transform_isolated,30,0.444819,0.44448325,0.44562275,1.0092644423911747,False,False
2749d31664905c24a21b64a3a74ce59d83e4f5ee9b5495dd2530667804fffa96,59986052,128,bits-prefetch,1,512,4,upload_shared,1,48.71119899999999,48.71119899999999,48.71119899999999,1.0015529077820484,False,False
2749d31664905c24a21b64a3a74ce59d83e4f5ee9b5495dd2530667804fffa96,59986052,128,bits-prefetch,1,512,7,download,30,0.014547000000000001,0.01336325,0.015934,0.6433972640406956,False,False
2749d31664905c24a21b64a3a74ce59d83e4f5ee9b5495dd2530667804fffa96,59986052,128,bits-prefetch,1,512,7,operator,30,15.4142865,15.41298925,15.41596325,0.051596257796298256,False,False
2749d31664905c24a21b64a3a74ce59d83e4f5ee9b5495dd2530667804fffa96,59986052,128,bits-prefetch,1,512,7,output_isolated,30,0.015103,0.014128749999999999,0.015738999999999996,1.067337615043369,False,False
2749d31664905c24a21b64a3a74ce59d83e4f5ee9b5495dd2530667804fffa96,59986052,128,bits-prefetch,1,512,7,selection_isolated,30,14.962832500000001,14.962140999999999,14.96465725,0.023635598406919277,False,False
2749d31664905c24a21b64a3a74ce59d83e4f5ee9b5495dd2530667804fffa96,59986052,128,bits-prefetch,1,512,7,transform_isolated,30,0.444093,0.443597,0.44491149999999996,1.0109143805464171,False,False
2749d31664905c24a21b64a3a74ce59d83e4f5ee9b5495dd2530667804fffa96,59986052,128,bits-prefetch,1,512,7,upload_shared,1,48.61658499999999,48.61658499999999,48.61658499999999,1.0035020559342045,False,False
2749d31664905c24a21b64a3a74ce59d83e4f5ee9b5495dd2530667804fffa96,59986052,128,bits-prefetch,1,512,8,download,30,0.0140115,0.01289675,0.015659,0.6679870106698069,False,False
2749d31664905c24a21b64a3a74ce59d83e4f5ee9b5495dd2530667804fffa96,59986052,128,bits-prefetch,1,512,8,operator,30,14.766860000000001,14.765635500000002,14.7679645,0.05385840320826499,False,False
2749d31664905c24a21b64a3a74ce59d83e4f5ee9b5495dd2530667804fffa96,59986052,128,bits-prefetch,1,512,8,output_isolated,30,0.0145675,0.0138935,0.0158565,1.1065728505234256,False,False
2749d31664905c24a21b64a3a74ce59d83e4f5ee9b5495dd2530667804fffa96,59986052,128,bits-prefetch,1,512,8,selection_isolated,30,14.315406,14.31368425,14.3164905,0.02470453859289775,False,False
2749d31664905c24a21b64a3a74ce59d83e4f5ee9b5495dd2530667804fffa96,59986052,128,bits-prefetch,1,512,8,transform_isolated,30,0.444664,0.44389975000000004,0.44577999999999995,1.009616249572711,False,False
2749d31664905c24a21b64a3a74ce59d83e4f5ee9b5495dd2530667804fffa96,59986052,128,bits-prefetch,1,512,8,upload_shared,1,48.706041,48.706041,48.706041,1.0016589728571863,False,False
2749d31664905c24a21b64a3a74ce59d83e4f5ee9b5495dd2530667804fffa96,59986052,128,bits-prefetch,1,512,13,download,30,0.014176000000000001,0.012526500000000001,0.014569499999999999,0.6602356094808126,False,False
2749d31664905c24a21b64a3a74ce59d83e4f5ee9b5495dd2530667804fffa96,59986052,128,bits-prefetch,1,512,13,operator,30,13.9980955,13.996608,13.999663,0.05681626475544477,False,False
2749d31664905c24a21b64a3a74ce59d83e4f5ee9b5495dd2530667804fffa96,59986052,128,bits-prefetch,1,512,13,output_isolated,30,0.014437,0.01339575,0.015478750000000001,1.1165754658169982,False,False
2749d31664905c24a21b64a3a74ce59d83e4f5ee9b5495dd2530667804fffa96,59986052,128,bits-prefetch,1,512,13,selection_isolated,30,13.546782,13.546180249999999,13.54760275,0.026106236890798124,False,False
2749d31664905c24a21b64a3a74ce59d83e4f5ee9b5495dd2530667804fffa96,59986052,128,bits-prefetch,1,512,13,transform_isolated,30,0.4445735,0.44369949999999997,0.44552824999999996,1.0098217730026644,False,False
2749d31664905c24a21b64a3a74ce59d83e4f5ee9b5495dd2530667804fffa96,59986052,128,bits-prefetch,1,512,13,upload_shared,1,48.716576999999994,48.716576999999994,48.716576999999994,1.0014423427163204,False,False
2749d31664905c24a21b64a3a74ce59d83e4f5ee9b5495dd2530667804fffa96,59986052,128,bits-prefetch,1,512,16,download,30,0.013976,0.012686750000000002,0.01529775,0.6696837435603892,True,False
2749d31664905c24a21b64a3a74ce59d83e4f5ee9b5495dd2530667804fffa96,59986052,128,bits-prefetch,1,512,16,operator,30,13.1941425,13.192287499999999,13.19633575,0.06027822573539735,True,False
2749d31664905c24a21b64a3a74ce59d83e4f5ee9b5495dd2530667804fffa96,59986052,128,bits-prefetch,1,512,16,output_isolated,30,0.0144925,0.013425,0.01529075,1.112299465240642,True,False
2749d31664905c24a21b64a3a74ce59d83e4f5ee9b5495dd2530667804fffa96,59986052,128,bits-prefetch,1,512,16,selection_isolated,30,12.741521500000001,12.739901,12.7431515,0.02775614356574291,True,False
2749d31664905c24a21b64a3a74ce59d83e4f5ee9b5495dd2530667804fffa96,59986052,128,bits-prefetch,1,512,16,transform_isolated,30,0.44434799999999997,0.443447,0.44518225,1.0103342425306292,True,False
2749d31664905c24a21b64a3a74ce59d83e4f5ee9b5495dd2530667804fffa96,59986052,128,bits-prefetch,1,512,16,upload_shared,1,48.786843000000005,48.786843000000005,48.786843000000005,1.0,True,False
2749d31664905c24a21b64a3a74ce59d83e4f5ee9b5495dd2530667804fffa96,59986052,128,bits-sq,8,128,4,download,30,0.0129045,0.012165749999999998,0.013703499999999999,0.7252896276492696,False,False
2749d31664905c24a21b64a3a74ce59d83e4f5ee9b5495dd2530667804fffa96,59986052,128,bits-sq,8,128,4,operator,30,10.5632805,10.562456749999999,10.564425250000001,0.07529095719838169,False,False
2749d31664905c24a21b64a3a74ce59d83e4f5ee9b5495dd2530667804fffa96,59986052,128,bits-sq,8,128,4,output_isolated,30,0.013761,0.01303175,0.014182,1.1714264951675024,False,False
2749d31664905c24a21b64a3a74ce59d83e4f5ee9b5495dd2530667804fffa96,59986052,128,bits-sq,8,128,4,selection_isolated,30,10.112458,10.111727,10.11291125,0.03497225897007434,False,False
2749d31664905c24a21b64a3a74ce59d83e4f5ee9b5495dd2530667804fffa96,59986052,128,bits-sq,8,128,4,transform_isolated,30,0.4448795,0.44449874999999994,0.44525725000000005,1.0091271906212806,False,False
2749d31664905c24a21b64a3a74ce59d83e4f5ee9b5495dd2530667804fffa96,59986052,128,bits-sq,8,128,4,upload_shared,1,48.667773999999994,48.667773999999994,48.667773999999994,1.0024465676198795,False,False
2749d31664905c24a21b64a3a74ce59d83e4f5ee9b5495dd2530667804fffa96,59986052,128,bits-sq,8,128,7,download,30,0.0122085,0.011719750000000001,0.01384825,0.7666379981160666,False,False
2749d31664905c24a21b64a3a74ce59d83e4f5ee9b5495dd2530667804fffa96,59986052,128,bits-sq,8,128,7,operator,30,8.5290785,8.528077,8.53106425,0.09324799859680033,False,False
2749d31664905c24a21b64a3a74ce59d83e4f5ee9b5495dd2530667804fffa96,59986052,128,bits-sq,8,128,7,output_isolated,30,0.013045,0.01233575,0.013315750000000001,1.2357224990417788,False,False
2749d31664905c24a21b64a3a74ce59d83e4f5ee9b5495dd2530667804fffa96,59986052,128,bits-sq,8,128,7,selection_isolated,30,8.0791315,8.07824325,8.07974725,0.04377395020739543,False,False
2749d31664905c24a21b64a3a74ce59d83e4f5ee9b5495dd2530667804fffa96,59986052,128,bits-sq,8,128,7,transform_isolated,30,0.44457399999999997,0.4437155,0.44582000000000005,1.0098206372842318,False,False
2749d31664905c24a21b64a3a74ce59d83e4f5ee9b5495dd2530667804fffa96,59986052,128,bits-sq,8,128,7,upload_shared,1,48.705009000000004,48.705009000000004,48.705009000000004,1.0016801967945432,False,False
2749d31664905c24a21b64a3a74ce59d83e4f5ee9b5495dd2530667804fffa96,59986052,128,bits-sq,8,128,8,download,30,0.012157999999999999,0.011567,0.013167499999999999,0.7698223392005265,False,False
2749d31664905c24a21b64a3a74ce59d83e4f5ee9b5495dd2530667804fffa96,59986052,128,bits-sq,8,128,8,operator,30,8.3353505,8.3336145,8.336286000000001,0.09541524378608912,False,False
2749d31664905c24a21b64a3a74ce59d83e4f5ee9b5495dd2530667804fffa96,59986052,128,bits-sq,8,128,8,output_isolated,30,0.012684500000000001,0.012190749999999998,0.013383250000000001,1.2708423666679807,False,False
2749d31664905c24a21b64a3a74ce59d83e4f5ee9b5495dd2530667804fffa96,59986052,128,bits-sq,8,128,8,selection_isolated,30,7.884026,7.8832200000000014,7.884703000000001,0.04485722142468835,False,False
2749d31664905c24a21b64a3a74ce59d83e4f5ee9b5495dd2530667804fffa96,59986052,128,bits-sq,8,128,8,transform_isolated,30,0.4449695,0.4441805,0.445916,1.0089230834922394,False,False
2749d31664905c24a21b64a3a74ce59d83e4f5ee9b5495dd2530667804fffa96,59986052,128,bits-sq,8,128,8,upload_shared,1,48.553661,48.553661,48.553661,1.0048025626739043,False,False
2749d31664905c24a21b64a3a74ce59d83e4f5ee9b5495dd2530667804fffa96,59986052,128,bits-sq,8,128,13,download,30,0.0119985,0.011289500000000001,0.012792250000000002,0.7800558403133725,False,False
2749d31664905c24a21b64a3a74ce59d83e4f5ee9b5495dd2530667804fffa96,59986052,128,bits-sq,8,128,13,operator,30,7.651063,7.648944999999999,7.652605,0.10394888919356696,False,False
2749d31664905c24a21b64a3a74ce59d83e4f5ee9b5495dd2530667804fffa96,59986052,128,bits-sq,8,128,13,output_isolated,30,0.0122885,0.011449750000000002,0.012891499999999998,1.3117955812344877,False,False
2749d31664905c24a21b64a3a74ce59d83e4f5ee9b5495dd2530667804fffa96,59986052,128,bits-sq,8,128,13,selection_isolated,30,7.200951,7.20027275,7.201875500000001,0.04911233252385692,False,False
2749d31664905c24a21b64a3a74ce59d83e4f5ee9b5495dd2530667804fffa96,59986052,128,bits-sq,8,128,13,transform_isolated,30,0.444028,0.44368725,0.44468399999999997,1.011062365436414,False,False
2749d31664905c24a21b64a3a74ce59d83e4f5ee9b5495dd2530667804fffa96,59986052,128,bits-sq,8,128,13,upload_shared,1,48.771781,48.771781,48.771781,1.0003088261222204,False,False
2749d31664905c24a21b64a3a74ce59d83e4f5ee9b5495dd2530667804fffa96,59986052,128,bits-sq,8,128,16,download,30,0.011813,0.0110195,0.013022249999999999,0.792305087615339,False,False
2749d31664905c24a21b64a3a74ce59d83e4f5ee9b5495dd2530667804fffa96,59986052,128,bits-sq,8,128,16,operator,30,7.531632,7.5306535000000006,7.53303975,0.10559723310963678,False,False
2749d31664905c24a21b64a3a74ce59d83e4f5ee9b5495dd2530667804fffa96,59986052,128,bits-sq,8,128,16,output_isolated,30,0.0126045,0.012082999999999998,0.01316,1.2789083263913683,False,False
2749d31664905c24a21b64a3a74ce59d83e4f5ee9b5495dd2530667804fffa96,59986052,128,bits-sq,8,128,16,selection_isolated,30,7.0817605,7.08102225,7.082329250000001,0.04993892408533161,False,False
2749d31664905c24a21b64a3a74ce59d83e4f5ee9b5495dd2530667804fffa96,59986052,128,bits-sq,8,128,16,transform_isolated,30,0.4444985,0.44378475,0.44519,1.009992159703576,False,False
2749d31664905c24a21b64a3a74ce59d83e4f5ee9b5495dd2530667804fffa96,59986052,128,bits-sq,8,128,16,upload_shared,1,48.795525999999995,48.795525999999995,48.795525999999995,0.9998220533579248,False,False
2749d31664905c24a21b64a3a74ce59d83e4f5ee9b5495dd2530667804fffa96,59986052,128,bits-sq,8,256,4,download,30,0.011582499999999999,0.011046,0.0126665,0.8080725232031082,False,False
2749d31664905c24a21b64a3a74ce59d83e4f5ee9b5495dd2530667804fffa96,59986052,128,bits-sq,8,256,4,operator,30,5.841310999999999,5.8397155,5.842214499999999,0.1361542811194268,False,False
2749d31664905c24a21b64a3a74ce59d83e4f5ee9b5495dd2530667804fffa96,59986052,128,bits-sq,8,256,4,output_isolated,30,0.011672499999999999,0.0109535,0.012309,1.3810237738273723,False,False
2749d31664905c24a21b64a3a74ce59d83e4f5ee9b5495dd2530667804fffa96,59986052,128,bits-sq,8,256,4,selection_isolated,30,5.3914545,5.39086075,5.391769999999999,0.06559556423966853,False,False
2749d31664905c24a21b64a3a74ce59d83e4f5ee9b5495dd2530667804fffa96,59986052,128,bits-sq,8,256,4,transform_isolated,30,0.4446035,0.44402475,0.44526675,1.0097536344180826,False,False
2749d31664905c24a21b64a3a74ce59d83e4f5ee9b5495dd2530667804fffa96,59986052,128,bits-sq,8,256,4,upload_shared,1,48.744769,48.744769,48.744769,1.0008631490283606,False,False
2749d31664905c24a21b64a3a74ce59d83e4f5ee9b5495dd2530667804fffa96,59986052,128,bits-sq,8,256,7,download,30,0.011272,0.010431,0.012073749999999998,0.830331795599716,False,False
2749d31664905c24a21b64a3a74ce59d83e4f5ee9b5495dd2530667804fffa96,59986052,128,bits-sq,8,256,7,operator,30,4.7566875,4.755498500000001,4.757804,0.16720028381095037,False,False
2749d31664905c24a21b64a3a74ce59d83e4f5ee9b5495dd2530667804fffa96,59986052,128,bits-sq,8,256,7,output_isolated,30,0.0107515,0.010267749999999999,0.0116605,1.4993256754871414,False,False
2749d31664905c24a21b64a3a74ce59d83e4f5ee9b5495dd2530667804fffa96,59986052,128,bits-sq,8,256,7,selection_isolated,30,4.307136,4.3066327499999995,4.30805475,0.08210920203123376,False,False
2749d31664905c24a21b64a3a74ce59d83e4f5ee9b5495dd2530667804fffa96,59986052,128,bits-sq,8,256,7,transform_isolated,30,0.4443535,0.44355200000000006,0.44510225,1.0103217370854511,False,False
2749d31664905c24a21b64a3a74ce59d83e4f5ee9b5495dd2530667804fffa96,59986052,128,bits-sq,8,256,7,upload_shared,1,48.684137,48.684137,48.684137,1.0021096399428833,False,False
2749d31664905c24a21b64a3a74ce59d83e4f5ee9b5495dd2530667804fffa96,59986052,128,bits-sq,8,256,8,download,30,0.011222,0.010546,0.01181275,0.8340313669577616,False,False
2749d31664905c24a21b64a3a74ce59d83e4f5ee9b5495dd2530667804fffa96,59986052,128,bits-sq,8,256,8,operator,30,4.624963,4.623430750000001,4.6256465,0.17196234867176233,False,False
2749d31664905c24a21b64a3a74ce59d83e4f5ee9b5495dd2530667804fffa96,59986052,128,bits-sq,8,256,8,output_isolated,30,0.011362500000000001,0.01046575,0.011885499999999998,1.4187018701870189,False,False
2749d31664905c24a21b64a3a74ce59d83e4f5ee9b5495dd2530667804fffa96,59986052,128,bits-sq,8,256,8,selection_isolated,30,4.175426999999999,4.174771,4.175752000000001,0.08469924153864984,False,False
2749d31664905c24a21b64a3a74ce59d83e4f5ee9b5495dd2530667804fffa96,59986052,128,bits-sq,8,256,8,transform_isolated,30,0.444969,0.44426825,0.44556,1.0089242171926585,False,False
2749d31664905c24a21b64a3a74ce59d83e4f5ee9b5495dd2530667804fffa96,59986052,128,bits-sq,8,256,8,upload_shared,1,48.799482,48.799482,48.799482,0.9997410013491538,False,False
2749d31664905c24a21b64a3a74ce59d83e4f5ee9b5495dd2530667804fffa96,59986052,128,bits-sq,8,256,13,download,30,0.010976,0.010245,0.011807749999999999,0.8527241253644315,False,False
2749d31664905c24a21b64a3a74ce59d83e4f5ee9b5495dd2530667804fffa96,59986052,128,bits-sq,8,256,13,operator,30,4.2434899999999995,4.24227825,4.2444869999999995,0.187421085003146,False,False
2749d31664905c24a21b64a3a74ce59d83e4f5ee9b5495dd2530667804fffa96,59986052,128,bits-sq,8,256,13,output_isolated,30,0.010982,0.01031575,0.0114995,1.4678564924421782,False,False
2749d31664905c24a21b64a3a74ce59d83e4f5ee9b5495dd2530667804fffa96,59986052,128,bits-sq,8,256,13,selection_isolated,30,3.7940335000000003,3.793583,3.794905,0.09321359445033893,False,False
2749d31664905c24a21b64a3a74ce59d83e4f5ee9b5495dd2530667804fffa96,59986052,128,bits-sq,8,256,13,transform_isolated,30,0.44439850000000003,0.44381975,0.4457125,1.0102194314337245,False,False
2749d31664905c24a21b64a3a74ce59d83e4f5ee9b5495dd2530667804fffa96,59986052,128,bits-sq,8,256,13,upload_shared,1,48.871683,48.871683,48.871683,0.9982640254071056,False,False
2749d31664905c24a21b64a3a74ce59d83e4f5ee9b5495dd2530667804fffa96,59986052,128,bits-sq,8,256,16,download,30,0.011022,0.01009,0.0119055,0.849165305752132,False,False
2749d31664905c24a21b64a3a74ce59d83e4f5ee9b5495dd2530667804fffa96,59986052,128,bits-sq,8,256,16,operator,30,4.199814,4.1987315,4.200983249999999,0.18937017210762191,False,False
2749d31664905c24a21b64a3a74ce59d83e4f5ee9b5495dd2530667804fffa96,59986052,128,bits-sq,8,256,16,output_isolated,30,0.0109415,0.010511000000000001,0.011321999999999999,1.4732897683133028,False,False
2749d31664905c24a21b64a3a74ce59d83e4f5ee9b5495dd2530667804fffa96,59986052,128,bits-sq,8,256,16,selection_isolated,30,3.751219,3.7509829999999997,3.75176,0.09427748686493645,False,False
2749d31664905c24a21b64a3a74ce59d83e4f5ee9b5495dd2530667804fffa96,59986052,128,bits-sq,8,256,16,transform_isolated,30,0.44398299999999996,0.44334925000000003,0.4456175,1.0111648418970998,False,False
2749d31664905c24a21b64a3a74ce59d83e4f5ee9b5495dd2530667804fffa96,59986052,128,bits-sq,8,256,16,upload_shared,1,48.716797,48.716797,48.716797,1.0014378203066183,False,False
2749d31664905c24a21b64a3a74ce59d83e4f5ee9b5495dd2530667804fffa96,59986052,128,bits-sq,8,512,4,download,30,0.010426,0.00972675,0.011445249999999999,0.897707653942068,False,False
2749d31664905c24a21b64a3a74ce59d83e4f5ee9b5495dd2530667804fffa96,59986052,128,bits-sq,8,512,4,operator,30,3.5659979999999996,3.56490375,3.56707925,0.22302858835030195,False,False
2749d31664905c24a21b64a3a74ce59d83e4f5ee9b5495dd2530667804fffa96,59986052,128,bits-sq,8,512,4,output_isolated,30,0.010796,0.0102735,0.01129975,1.4931456094849946,False,False
2749d31664905c24a21b64a3a74ce59d83e4f5ee9b5495dd2530667804fffa96,59986052,128,bits-sq,8,512,4,selection_isolated,30,3.117534,3.11678725,3.1179617499999996,0.113440783645022,False,False
2749d31664905c24a21b64a3a74ce59d83e4f5ee9b5495dd2530667804fffa96,59986052,128,bits-sq,8,512,4,transform_isolated,30,0.445094,0.44407025,0.44563825,1.0086408713664978,False,False
2749d31664905c24a21b64a3a74ce59d83e4f5ee9b5495dd2530667804fffa96,59986052,128,bits-sq,8,512,4,upload_shared,1,48.71119899999999,48.71119899999999,48.71119899999999,1.0015529077820484,False,False
2749d31664905c24a21b64a3a74ce59d83e4f5ee9b5495dd2530667804fffa96,59986052,128,bits-sq,8,512,7,download,30,0.010075,0.00964,0.01097675,0.9289826302729528,False,False
2749d31664905c24a21b64a3a74ce59d83e4f5ee9b5495dd2530667804fffa96,59986052,128,bits-sq,8,512,7,operator,30,3.014693,3.0142972500000003,3.0156565,0.26381442488505463,False,False
2749d31664905c24a21b64a3a74ce59d83e4f5ee9b5495dd2530667804fffa96,59986052,128,bits-sq,8,512,7,output_isolated,30,0.010329999999999999,0.0099075,0.01076625,1.560503388189739,False,False
2749d31664905c24a21b64a3a74ce59d83e4f5ee9b5495dd2530667804fffa96,59986052,128,bits-sq,8,512,7,selection_isolated,30,2.5665885,2.5661005,2.5671275,0.13779205353721488,False,False
2749d31664905c24a21b64a3a74ce59d83e4f5ee9b5495dd2530667804fffa96,59986052,128,bits-sq,8,512,7,transform_isolated,30,0.44412799999999997,0.442856,0.44451075,1.0108347143165934,False,False
2749d31664905c24a21b64a3a74ce59d83e4f5ee9b5495dd2530667804fffa96,59986052,128,bits-sq,8,512,7,upload_shared,1,48.61658499999999,48.61658499999999,48.61658499999999,1.0035020559342045,False,False
2749d31664905c24a21b64a3a74ce59d83e4f5ee9b5495dd2530667804fffa96,59986052,128,bits-sq,8,512,8,download,30,0.010265999999999999,0.009925,0.01086875,0.9116988116111436,False,False
2749d31664905c24a21b64a3a74ce59d83e4f5ee9b5495dd2530667804fffa96,59986052,128,bits-sq,8,512,8,operator,30,2.8627835,2.861281,2.863334,0.27781335892148323,False,False
2749d31664905c24a21b64a3a74ce59d83e4f5ee9b5495dd2530667804fffa96,59986052,128,bits-sq,8,512,8,output_isolated,30,0.0101055,0.0097675,0.010496,1.5951709465142747,False,False
2749d31664905c24a21b64a3a74ce59d83e4f5ee9b5495dd2530667804fffa96,59986052,128,bits-sq,8,512,8,selection_isolated,30,2.414198,2.4138205,2.414824,0.14648984880279084,False,False
2749d31664905c24a21b64a3a74ce59d83e4f5ee9b5495dd2530667804fffa96,59986052,128,bits-sq,8,512,8,transform_isolated,30,0.445099,0.44416049999999996,0.44562075,1.0086295408437225,False,False
2749d31664905c24a21b64a3a74ce59d83e4f5ee9b5495dd2530667804fffa96,59986052,128,bits-sq,8,512,8,upload_shared,1,48.706041,48.706041,48.706041,1.0016589728571863,False,False
2749d31664905c24a21b64a3a74ce59d83e4f5ee9b5495dd2530667804fffa96,59986052,128,bits-sq,8,512,13,download,30,0.010276,0.00982425,0.010761249999999998,0.9108115998442974,False,False
2749d31664905c24a21b64a3a74ce59d83e4f5ee9b5495dd2530667804fffa96,59986052,128,bits-sq,8,512,13,operator,30,2.724268,2.72323125,2.72532975,0.291938788694798,False,False
2749d31664905c24a21b64a3a74ce59d83e4f5ee9b5495dd2530667804fffa96,59986052,128,bits-sq,8,512,13,output_isolated,30,0.0100005,0.0095175,0.0107685,1.6119194040297986,False,False
2749d31664905c24a21b64a3a74ce59d83e4f5ee9b5495dd2530667804fffa96,59986052,128,bits-sq,8,512,13,selection_isolated,30,2.276655,2.276059,2.2770675,0.15533996147857274,False,False
2749d31664905c24a21b64a3a74ce59d83e4f5ee9b5495dd2530667804fffa96,59986052,128,bits-sq,8,512,13,transform_isolated,30,0.443492,0.44279375,0.44498675,1.0122843253091376,False,False
2749d31664905c24a21b64a3a74ce59d83e4f5ee9b5495dd2530667804fffa96,59986052,128,bits-sq,8,512,13,upload_shared,1,48.716576999999994,48.716576999999994,48.716576999999994,1.0014423427163204,False,False
2749d31664905c24a21b64a3a74ce59d83e4f5ee9b5495dd2530667804fffa96,59986052,128,bits-sq,8,512,16,download,30,0.010376,0.0099195,0.01105675,0.9020335389360061,False,False
2749d31664905c24a21b64a3a74ce59d83e4f5ee9b5495dd2530667804fffa96,59986052,128,bits-sq,8,512,16,operator,30,2.6814385,2.680376,2.6831325,0.2966018053369488,False,False
2749d31664905c24a21b64a3a74ce59d83e4f5ee9b5495dd2530667804fffa96,59986052,128,bits-sq,8,512,16,output_isolated,30,0.010065,0.00967725,0.010423249999999998,1.601589667163438,False,False
2749d31664905c24a21b64a3a74ce59d83e4f5ee9b5495dd2530667804fffa96,59986052,128,bits-sq,8,512,16,selection_isolated,30,2.2326175,2.23194675,2.2331115,0.15840398097748495,False,False
2749d31664905c24a21b64a3a74ce59d83e4f5ee9b5495dd2530667804fffa96,59986052,128,bits-sq,8,512,16,transform_isolated,30,0.444744,0.4432495,0.445585,1.009434641051931,False,False
2749d31664905c24a21b64a3a74ce59d83e4f5ee9b5495dd2530667804fffa96,59986052,128,bits-sq,8,512,16,upload_shared,1,48.786843000000005,48.786843000000005,48.786843000000005,1.0,False,False
2749d31664905c24a21b64a3a74ce59d83e4f5ee9b5495dd2530667804fffa96,59986052,128,bits-sq,32,128,4,download,30,0.010520499999999999,0.00976675,0.011041750000000001,0.88964402832565,False,False
2749d31664905c24a21b64a3a74ce59d83e4f5ee9b5495dd2530667804fffa96,59986052,128,bits-sq,32,128,4,operator,30,3.1326565,3.13150025,3.1334105,0.253880213167323,False,False
2749d31664905c24a21b64a3a74ce59d83e4f5ee9b5495dd2530667804fffa96,59986052,128,bits-sq,32,128,4,output_isolated,30,0.010516000000000001,0.009859999999999999,0.011107,1.5329022441993154,False,False
2749d31664905c24a21b64a3a74ce59d83e4f5ee9b5495dd2530667804fffa96,59986052,128,bits-sq,32,128,4,selection_isolated,30,2.684678,2.6844597500000003,2.685119,0.13173106793440406,False,False
2749d31664905c24a21b64a3a74ce59d83e4f5ee9b5495dd2530667804fffa96,59986052,128,bits-sq,32,128,4,transform_isolated,30,0.444103,0.4435945,0.44540725,1.010891617485133,False,False
2749d31664905c24a21b64a3a74ce59d83e4f5ee9b5495dd2530667804fffa96,59986052,128,bits-sq,32,128,4,upload_shared,1,48.723397,48.723397,48.723397,1.0013021670061306,False,False
2749d31664905c24a21b64a3a74ce59d83e4f5ee9b5495dd2530667804fffa96,59986052,128,bits-sq,32,128,7,download,30,0.009995,0.009289,0.010683500000000002,0.9364182091045522,False,False
2749d31664905c24a21b64a3a74ce59d83e4f5ee9b5495dd2530667804fffa96,59986052,128,bits-sq,32,128,7,operator,30,2.5905500000000004,2.5895905,2.5918652499999997,0.30700797128023,False,False
2749d31664905c24a21b64a3a74ce59d83e4f5ee9b5495dd2530667804fffa96,59986052,128,bits-sq,32,128,7,output_isolated,30,0.0099755,0.00967175,0.010273499999999998,1.6159590997944968,False,False
2749d31664905c24a21b64a3a74ce59d83e4f5ee9b5495dd2530667804fffa96,59986052,128,bits-sq,32,128,7,selection_isolated,30,2.1429869999999998,2.1426394999999996,2.143553,0.1650292325618401,False,False
2749d31664905c24a21b64a3a74ce59d83e4f5ee9b5495dd2530667804fffa96,59986052,128,bits-sq,32,128,7,transform_isolated,30,0.4444685,0.44390699999999994,0.4451625,1.0100603304846125,False,False
2749d31664905c24a21b64a3a74ce59d83e4f5ee9b5495dd2530667804fffa96,59986052,128,bits-sq,32,128,7,upload_shared,1,48.708124,48.708124,48.708124,1.0016161369713192,False,False
2749d31664905c24a21b64a3a74ce59d83e4f5ee9b5495dd2530667804fffa96,59986052,128,bits-sq,32,128,8,download,30,0.009850000000000001,0.0094565,0.010392499999999999,0.950203045685279,False,False
2749d31664905c24a21b64a3a74ce59d83e4f5ee9b5495dd2530667804fffa96,59986052,128,bits-sq,32,128,8,operator,30,2.5564135,2.5555595,2.5573205000000003,0.31110753405112274,False,False
2749d31664905c24a21b64a3a74ce59d83e4f5ee9b5495dd2530667804fffa96,59986052,128,bits-sq,32,128,8,output_isolated,30,0.01019,0.0098675,0.010530999999999999,1.5819430814524047,False,False
2749d31664905c24a21b64a3a74ce59d83e4f5ee9b5495dd2530667804fffa96,59986052,128,bits-sq,32,128,8,selection_isolated,30,2.108806,2.1082475,2.1093835000000003,0.16770414158533314,False,False
2749d31664905c24a21b64a3a74ce59d83e4f5ee9b5495dd2530667804fffa96,59986052,128,bits-sq,32,128,8,transform_isolated,30,0.44451300000000005,0.44360725,0.444985,1.0099592137912725,False,False
2749d31664905c24a21b64a3a74ce59d83e4f5ee9b5495dd2530667804fffa96,59986052,128,bits-sq,32,128,8,upload_shared,1,48.763208000000006,48.763208000000006,48.763208000000006,1.0004846891943615,False,False
2749d31664905c24a21b64a3a74ce59d83e4f5ee9b5495dd2530667804fffa96,59986052,128,bits-sq,32,128,13,download,30,0.0099905,0.00956675,0.010686000000000001,0.9368399979980983,False,False
2749d31664905c24a21b64a3a74ce59d83e4f5ee9b5495dd2530667804fffa96,59986052,128,bits-sq,32,128,13,operator,30,2.369475,2.3685614999999998,2.36992575,0.3356522014370272,False,False
2749d31664905c24a21b64a3a74ce59d83e4f5ee9b5495dd2530667804fffa96,59986052,128,bits-sq,32,128,13,output_isolated,30,0.009975500000000002,0.009551500000000001,0.010490250000000001,1.6159590997944964,False,False
2749d31664905c24a21b64a3a74ce59d83e4f5ee9b5495dd2530667804fffa96,59986052,128,bits-sq,32,128,13,selection_isolated,30,1.921392,1.92103025,1.9218819999999999,0.18406212787395806,False,False
2749d31664905c24a21b64a3a74ce59d83e4f5ee9b5495dd2530667804fffa96,59986052,128,bits-sq,32,128,13,transform_isolated,30,0.4442935,0.44334975,0.4453397499999999,1.0104581768583154,False,False
2749d31664905c24a21b64a3a74ce59d83e4f5ee9b5495dd2530667804fffa96,59986052,128,bits-sq,32,128,13,upload_shared,1,48.718740000000004,48.718740000000004,48.718740000000004,1.0013978809796806,False,False
2749d31664905c24a21b64a3a74ce59d83e4f5ee9b5495dd2530667804fffa96,59986052,128,bits-sq,32,128,16,download,30,0.009930000000000001,0.009448999999999999,0.010526,0.9425478348439073,False,False
2749d31664905c24a21b64a3a74ce59d83e4f5ee9b5495dd2530667804fffa96,59986052,128,bits-sq,32,128,16,operator,30,2.3473565,2.3467682500000002,2.348463,0.3388149605737347,False,False
2749d31664905c24a21b64a3a74ce59d83e4f5ee9b5495dd2530667804fffa96,59986052,128,bits-sq,32,128,16,output_isolated,30,0.00966,0.00922675,0.0101935,1.668737060041408,False,False
2749d31664905c24a21b64a3a74ce59d83e4f5ee9b5495dd2530667804fffa96,59986052,128,bits-sq,32,128,16,selection_isolated,30,1.899934,1.8996282500000001,1.9005375,0.18614093963263986,False,False
2749d31664905c24a21b64a3a74ce59d83e4f5ee9b5495dd2530667804fffa96,59986052,128,bits-sq,32,128,16,transform_isolated,30,0.4443035,0.4431795,0.4448815,1.010435434337114,False,False
2749d31664905c24a21b64a3a74ce59d83e4f5ee9b5495dd2530667804fffa96,59986052,128,bits-sq,32,128,16,upload_shared,1,48.648945,48.648945,48.648945,1.0028345527328497,False,False
2749d31664905c24a21b64a3a74ce59d83e4f5ee9b5495dd2530667804fffa96,59986052,128,bits-sq,32,256,4,download,30,0.009944999999999999,0.00954475,0.0103185,0.9411261940673706,False,False
2749d31664905c24a21b64a3a74ce59d83e4f5ee9b5495dd2530667804fffa96,59986052,128,bits-sq,32,256,4,operator,30,1.9217469999999999,1.9203700000000001,1.92329875,0.4138523437268277,False,False
2749d31664905c24a21b64a3a74ce59d83e4f5ee9b5495dd2530667804fffa96,59986052,128,bits-sq,32,256,4,output_isolated,30,0.0094495,0.009164,0.010035,1.7059103656278114,False,False
2749d31664905c24a21b64a3a74ce59d83e4f5ee9b5495dd2530667804fffa96,59986052,128,bits-sq,32,256,4,selection_isolated,30,1.474464,1.47404575,1.4746700000000001,0.23985360103739395,False,False
2749d31664905c24a21b64a3a74ce59d83e4f5ee9b5495dd2530667804fffa96,59986052,128,bits-sq,32,256,4,transform_isolated,30,0.44414849999999995,0.443317,0.44487150000000003,1.0107880584984528,False,False
2749d31664905c24a21b64a3a74ce59d83e4f5ee9b5495dd2530667804fffa96,59986052,128,bits-sq,32,256,4,upload_shared,1,48.737579000000004,48.737579000000004,48.737579000000004,1.0010108011315046,False,False
2749d31664905c24a21b64a3a74ce59d83e4f5ee9b5495dd2530667804fffa96,59986052,128,bits-sq,32,256,7,download,30,0.009815,0.009249,0.01013275,0.9535914416709118,False,False
2749d31664905c24a21b64a3a74ce59d83e4f5ee9b5495dd2530667804fffa96,59986052,128,bits-sq,32,256,7,operator,30,1.6175205,1.6162915,1.61811425,0.4916905226239791,False,False
2749d31664905c24a21b64a3a74ce59d83e4f5ee9b5495dd2530667804fffa96,59986052,128,bits-sq,32,256,7,output_isolated,30,0.009359,0.009211500000000001,0.009621749999999998,1.7224062399829045,False,False
2749d31664905c24a21b64a3a74ce59d83e4f5ee9b5495dd2530667804fffa96,59986052,128,bits-sq,32,256,7,selection_isolated,30,1.1697375,1.169402,1.16999275,0.3023374902488806,False,False
2749d31664905c24a21b64a3a74ce59d83e4f5ee9b5495dd2530667804fffa96,59986052,128,bits-sq,32,256,7,transform_isolated,30,0.444028,0.44339949999999995,0.44462650000000004,1.011062365436414,False,False
2749d31664905c24a21b64a3a74ce59d83e4f5ee9b5495dd2530667804fffa96,59986052,128,bits-sq,32,256,7,upload_shared,1,48.651178,48.651178,48.651178,1.002788524462861,False,False
2749d31664905c24a21b64a3a74ce59d83e4f5ee9b5495dd2530667804fffa96,59986052,128,bits-sq,32,256,8,download,30,0.009594,0.0091865,0.0100775,0.9755576401917865,False,False
2749d31664905c24a21b64a3a74ce59d83e4f5ee9b5495dd2530667804fffa96,59986052,128,bits-sq,32,256,8,operator,30,1.603575,1.6025179999999999,1.6047019999999999,0.495966512324026,False,False
2749d31664905c24a21b64a3a74ce59d83e4f5ee9b5495dd2530667804fffa96,59986052,128,bits-sq,32,256,8,output_isolated,30,0.009349,0.00900625,0.00954175,1.7242485827361218,False,False
2749d31664905c24a21b64a3a74ce59d83e4f5ee9b5495dd2530667804fffa96,59986052,128,bits-sq,32,256,8,selection_isolated,30,1.1562169999999998,1.1558237500000001,1.156708,0.3058729459954317,False,False
2749d31664905c24a21b64a3a74ce59d83e4f5ee9b5495dd2530667804fffa96,59986052,128,bits-sq,32,256,8,transform_isolated,30,0.444378,0.4437895,0.4452315,1.0102660347721986,False,False
2749d31664905c24a21b64a3a74ce59d83e4f5ee9b5495dd2530667804fffa96,59986052,128,bits-sq,32,256,8,upload_shared,1,48.735806,48.735806,48.735806,1.0010472177273524,False,False
2749d31664905c24a21b64a3a74ce59d83e4f5ee9b5495dd2530667804fffa96,59986052,128,bits-sq,32,256,13,download,30,0.009659999999999998,0.009234,0.0103135,0.9688923395445136,False,False
2749d31664905c24a21b64a3a74ce59d83e4f5ee9b5495dd2530667804fffa96,59986052,128,bits-sq,32,256,13,operator,30,1.493303,1.4926385,1.4941665,0.5325908405728776,False,False
2749d31664905c24a21b64a3a74ce59d83e4f5ee9b5495dd2530667804fffa96,59986052,128,bits-sq,32,256,13,output_isolated,30,0.00951,0.009169,0.009895,1.695057833859096,False,False
2749d31664905c24a21b64a3a74ce59d83e4f5ee9b5495dd2530667804fffa96,59986052,128,bits-sq,32,256,13,selection_isolated,30,1.045725,1.045299,1.04603,0.3381916851944823,False,False
2749d31664905c24a21b64a3a74ce59d83e4f5ee9b5495dd2530667804fffa96,59986052,128,bits-sq,32,256,13,transform_isolated,30,0.44361249999999997,0.443296,0.44505975000000003,1.012009355011412,False,False
2749d31664905c24a21b64a3a74ce59d83e4f5ee9b5495dd2530667804fffa96,59986052,128,bits-sq,32,256,13,upload_shared,1,48.732631999999995,48.732631999999995,48.732631999999995,1.0011124168298566,False,False
2749d31664905c24a21b64a3a74ce59d83e4f5ee9b5495dd2530667804fffa96,59986052,128,bits-sq,32,256,16,download,30,0.009679,0.00931925,0.0102125,0.9669903915693769,False,False
2749d31664905c24a21b64a3a74ce59d83e4f5ee9b5495dd2530667804fffa96,59986052,128,bits-sq,32,256,16,operator,30,1.486357,1.4854785000000001,1.4874965,0.5350797284905309,False,False
2749d31664905c24a21b64a3a74ce59d83e4f5ee9b5495dd2530667804fffa96,59986052,128,bits-sq,32,256,16,output_isolated,30,0.0094845,0.009124,0.009745,1.6996151615794193,False,False
2749d31664905c24a21b64a3a74ce59d83e4f5ee9b5495dd2530667804fffa96,59986052,128,bits-sq,32,256,16,selection_isolated,30,1.0391745000000001,1.0385840000000002,1.03948825,0.3403234971604865,False,False
2749d31664905c24a21b64a3a74ce59d83e4f5ee9b5495dd2530667804fffa96,59986052,128,bits-sq,32,256,16,transform_isolated,30,0.4445635,0.443562,0.44517500000000004,1.0098444879078017,False,False
2749d31664905c24a21b64a3a74ce59d83e4f5ee9b5495dd2530667804fffa96,59986052,128,bits-sq,32,256,16,upload_shared,1,48.746082,48.746082,48.746082,1.0008361902808929,False,False
2749d31664905c24a21b64a3a74ce59d83e4f5ee9b5495dd2530667804fffa96,59986052,128,bits-sq,32,512,4,download,30,0.0094845,0.008908,0.010125,0.9868206020348991,False,False
2749d31664905c24a21b64a3a74ce59d83e4f5ee9b5495dd2530667804fffa96,59986052,128,bits-sq,32,512,4,operator,30,1.2996845,1.2985052499999998,1.3009067499999998,0.6119327421385728,False,False
2749d31664905c24a21b64a3a74ce59d83e4f5ee9b5495dd2530667804fffa96,59986052,128,bits-sq,32,512,4,output_isolated,30,0.009389,0.008994,0.00961,1.7169027585472365,False,False
2749d31664905c24a21b64a3a74ce59d83e4f5ee9b5495dd2530667804fffa96,59986052,128,bits-sq,32,512,4,selection_isolated,30,0.8519464999999999,0.8515577499999999,0.8528195000000001,0.4151146814970189,False,False
2749d31664905c24a21b64a3a74ce59d83e4f5ee9b5495dd2530667804fffa96,59986052,128,bits-sq,32,512,4,transform_isolated,30,0.444027,0.443242,0.44481899999999996,1.0110646424654357,False,False
2749d31664905c24a21b64a3a74ce59d83e4f5ee9b5495dd2530667804fffa96,59986052,128,bits-sq,32,512,4,upload_shared,1,48.67899,48.67899,48.67899,1.0022155965027213,False,False
2749d31664905c24a21b64a3a74ce59d83e4f5ee9b5495dd2530667804fffa96,59986052,128,bits-sq,32,512,7,download,30,0.009379499999999999,0.008861250000000001,0.010087500000000001,0.9978676901753826,False,False
2749d31664905c24a21b64a3a74ce59d83e4f5ee9b5495dd2530667804fffa96,59986052,128,bits-sq,32,512,7,operator,30,1.153543,1.1526642500000002,1.15451725,0.6894580436099911,False,False
2749d31664905c24a21b64a3a74ce59d83e4f5ee9b5495dd2530667804fffa96,59986052,128,bits-sq,32,512,7,output_isolated,30,0.009229000000000001,0.008883,0.009615,1.746668111388016,False,False
2749d31664905c24a21b64a3a74ce59d83e4f5ee9b5495dd2530667804fffa96,59986052,128,bits-sq,32,512,7,selection_isolated,30,0.7062255,0.7060025,0.7066185,0.5007685222354616,False,False
2749d31664905c24a21b64a3a74ce59d83e4f5ee9b5495dd2530667804fffa96,59986052,128,bits-sq,32,512,7,transform_isolated,30,0.444098,0.44355449999999996,0.44542925,1.010902998887633,False,False
2749d31664905c24a21b64a3a74ce59d83e4f5ee9b5495dd2530667804fffa96,59986052,128,bits-sq,32,512,7,upload_shared,1,48.836780000000005,48.836780000000005,48.836780000000005,0.9989774714876779,False,False
2749d31664905c24a21b64a3a74ce59d83e4f5ee9b5495dd2530667804fffa96,59986052,128,bits-sq,32,512,8,download,30,0.009439,0.00892375,0.010140000000000001,0.9915774976162729,False,False
2749d31664905c24a21b64a3a74ce59d83e4f5ee9b5495dd2530667804fffa96,59986052,128,bits-sq,32,512,8,operator,30,1.115465,1.1150525,1.11634675,0.7129936842482731,False,False
2749d31664905c24a21b64a3a74ce59d83e4f5ee9b5495dd2530667804fffa96,59986052,128,bits-sq,32,512,8,output_isolated,30,0.0090185,0.008883249999999999,0.009529,1.7874369351887789,False,False
2749d31664905c24a21b64a3a74ce59d83e4f5ee9b5495dd2530667804fffa96,59986052,128,bits-sq,32,512,8,selection_isolated,30,0.668473,0.6679697499999999,0.6689615,0.5290497895950921,False,False
2749d31664905c24a21b64a3a74ce59d83e4f5ee9b5495dd2530667804fffa96,59986052,128,bits-sq,32,512,8,transform_isolated,30,0.444183,0.44290875,0.44484375,1.0107095498927243,False,False
2749d31664905c24a21b64a3a74ce59d83e4f5ee9b5495dd2530667804fffa96,59986052,128,bits-sq,32,512,8,upload_shared,1,48.660592,48.660592,48.660592,1.0025945224834092,False,False
2749d31664905c24a21b64a3a74ce59d83e4f5ee9b5495dd2530667804fffa96,59986052,128,bits-sq,32,512,13,download,30,0.009554,0.00901125,0.00995,0.979642034749843,False,False
2749d31664905c24a21b64a3a74ce59d83e4f5ee9b5495dd2530667804fffa96,59986052,128,bits-sq,32,512,13,operator,30,1.084979,1.084088,1.08565,0.7330275516853322,False,False
2749d31664905c24a21b64a3a74ce59d83e4f5ee9b5495dd2530667804fffa96,59986052,128,bits-sq,32,512,13,output_isolated,30,0.009167999999999999,0.009001499999999999,0.0095515,1.7582897033158817,False,False
2749d31664905c24a21b64a3a74ce59d83e4f5ee9b5495dd2530667804fffa96,59986052,128,bits-sq,32,512,13,selection_isolated,30,0.6377615,0.63750825,0.638137,0.5545262609925498,False,False
2749d31664905c24a21b64a3a74ce59d83e4f5ee9b5495dd2530667804fffa96,59986052,128,bits-sq,32,512,13,transform_isolated,30,0.4444285,0.44358725,0.4451965,1.0101512391757055,False,False
2749d31664905c24a21b64a3a74ce59d83e4f5ee9b5495dd2530667804fffa96,59986052,128,bits-sq,32,512,13,upload_shared,1,48.679751,48.679751,48.679751,1.00219992908345,False,False
2749d31664905c24a21b64a3a74ce59d83e4f5ee9b5495dd2530667804fffa96,59986052,128,bits-sq,32,512,16,download,30,0.009404,0.00894325,0.009792499999999999,0.9952679710761378,False,False
2749d31664905c24a21b64a3a74ce59d83e4f5ee9b5495dd2530667804fffa96,59986052,128,bits-sq,32,512,16,operator,30,1.076686,1.0756074999999998,1.07744275,0.7386735779976705,False,False
2749d31664905c24a21b64a3a74ce59d83e4f5ee9b5495dd2530667804fffa96,59986052,128,bits-sq,32,512,16,output_isolated,30,0.0090335,0.00884325,0.009384,1.784468921237616,False,False
2749d31664905c24a21b64a3a74ce59d83e4f5ee9b5495dd2530667804fffa96,59986052,128,bits-sq,32,512,16,selection_isolated,30,0.6293035,0.628913,0.6294965,0.5619792357741535,False,False
2749d31664905c24a21b64a3a74ce59d83e4f5ee9b5495dd2530667804fffa96,59986052,128,bits-sq,32,512,16,transform_isolated,30,0.44403799999999993,0.4430235,0.44477125,1.0110395957102771,False,False
2749d31664905c24a21b64a3a74ce59d83e4f5ee9b5495dd2530667804fffa96,59986052,128,bits-sq,32,512,16,upload_shared,1,48.734745000000004,48.734745000000004,48.734745000000004,1.0010690114414265,False,False
2749d31664905c24a21b64a3a74ce59d83e4f5ee9b5495dd2530667804fffa96,59986052,128,bits-sq,128,128,4,download,30,0.0095145,0.008909,0.01017825,0.9837090756214198,False,False
2749d31664905c24a21b64a3a74ce59d83e4f5ee9b5495dd2530667804fffa96,59986052,128,bits-sq,128,128,4,operator,30,1.2647214999999998,1.26395525,1.2656584999999998,0.628849513509496,False,False
2749d31664905c24a21b64a3a74ce59d83e4f5ee9b5495dd2530667804fffa96,59986052,128,bits-sq,128,128,4,output_isolated,30,0.009214,0.008953250000000001,0.00960425,1.7495116127631867,False,False
2749d31664905c24a21b64a3a74ce59d83e4f5ee9b5495dd2530667804fffa96,59986052,128,bits-sq,128,128,4,selection_isolated,30,0.817504,0.8167994999999999,0.817989,0.432603999491134,False,False
2749d31664905c24a21b64a3a74ce59d83e4f5ee9b5495dd2530667804fffa96,59986052,128,bits-sq,128,128,4,transform_isolated,30,0.44430800000000004,0.44320100000000007,0.44530474999999997,1.0104252005365646,False,False
2749d31664905c24a21b64a3a74ce59d83e4f5ee9b5495dd2530667804fffa96,59986052,128,bits-sq,128,128,4,upload_shared,1,48.675655,48.675655,48.675655,1.0022842630468969,False,False
2749d31664905c24a21b64a3a74ce59d83e4f5ee9b5495dd2530667804fffa96,59986052,128,bits-sq,128,128,7,download,30,0.009288999999999999,0.0088965,0.009899999999999999,1.0075896221337066,False,False
2749d31664905c24a21b64a3a74ce59d83e4f5ee9b5495dd2530667804fffa96,59986052,128,bits-sq,128,128,7,operator,30,1.128976,1.1271330000000002,1.1299895,0.7044609451396664,False,False
2749d31664905c24a21b64a3a74ce59d83e4f5ee9b5495dd2530667804fffa96,59986052,128,bits-sq,128,128,7,output_isolated,30,0.009214,0.008968,0.00945475,1.7495116127631867,False,False
2749d31664905c24a21b64a3a74ce59d83e4f5ee9b5495dd2530667804fffa96,59986052,128,bits-sq,128,128,7,selection_isolated,30,0.681203,0.6806537500000001,0.6815354999999998,0.5191631569444057,False,False
2749d31664905c24a21b64a3a74ce59d83e4f5ee9b5495dd2530667804fffa96,59986052,128,bits-sq,128,128,7,transform_isolated,30,0.4439275,0.44356450000000003,0.44493975,1.0112912581446296,False,False
2749d31664905c24a21b64a3a74ce59d83e4f5ee9b5495dd2530667804fffa96,59986052,128,bits-sq,128,128,7,upload_shared,1,48.720523,48.720523,48.720523,1.001361233334872,False,False
2749d31664905c24a21b64a3a74ce59d83e4f5ee9b5495dd2530667804fffa96,59986052,128,bits-sq,128,128,8,download,30,0.009379000000000002,0.00881575,0.01015075,0.9979208870881755,False,False
2749d31664905c24a21b64a3a74ce59d83e4f5ee9b5495dd2530667804fffa96,59986052,128,bits-sq,128,128,8,operator,30,1.120253,1.119366,1.121234,0.7099463246248838,False,False
2749d31664905c24a21b64a3a74ce59d83e4f5ee9b5495dd2530667804fffa96,59986052,128,bits-sq,128,128,8,output_isolated,30,0.009269,0.00896325,0.009496750000000002,1.739130434782609,False,False
2749d31664905c24a21b64a3a74ce59d83e4f5ee9b5495dd2530667804fffa96,59986052,128,bits-sq,128,128,8,selection_isolated,30,0.6729195,0.6723865,0.6733549999999999,0.5255539481319831,False,False
2749d31664905c24a21b64a3a74ce59d83e4f5ee9b5495dd2530667804fffa96,59986052,128,bits-sq,128,128,8,transform_isolated,30,0.44446399999999997,0.44354475000000004,0.4454125,1.0100705568954966,False,False
2749d31664905c24a21b64a3a74ce59d83e4f5ee9b5495dd2530667804fffa96,59986052,128,bits-sq,128,128,8,upload_shared,1,48.668355000000005,48.668355000000005,48.668355000000005,1.0024346004708808,False,False
2749d31664905c24a21b64a3a74ce59d83e4f5ee9b5495dd2530667804fffa96,59986052,128,bits-sq,128,128,13,download,30,0.0095895,0.0088055,0.00999575,0.9760154335471087,False,False
2749d31664905c24a21b64a3a74ce59d83e4f5ee9b5495dd2530667804fffa96,59986052,128,bits-sq,128,128,13,operator,30,1.0786794999999998,1.07800875,1.08032775,0.737308440551619,False,False
2749d31664905c24a21b64a3a74ce59d83e4f5ee9b5495dd2530667804fffa96,59986052,128,bits-sq,128,128,13,output_isolated,30,0.009124,0.008888749999999999,0.009316499999999998,1.7667689609820256,False,False
2749d31664905c24a21b64a3a74ce59d83e4f5ee9b5495dd2530667804fffa96,59986052,128,bits-sq,128,128,13,selection_isolated,30,0.631397,0.6311485,0.6321530000000001,0.560115901722688,False,False
2749d31664905c24a21b64a3a74ce59d83e4f5ee9b5495dd2530667804fffa96,59986052,128,bits-sq,128,128,13,transform_isolated,30,0.44410800000000006,0.4432195,0.44470899999999997,1.0108802363389084,False,False
2749d31664905c24a21b64a3a74ce59d83e4f5ee9b5495dd2530667804fffa96,59986052,128,bits-sq,128,128,13,upload_shared,1,48.72497,48.72497,48.72497,1.001269841725916,False,False
2749d31664905c24a21b64a3a74ce59d83e4f5ee9b5495dd2530667804fffa96,59986052,128,bits-sq,128,128,16,download,30,0.009319,0.008785500000000002,0.01012,1.0043459598669386,False,False
2749d31664905c24a21b64a3a74ce59d83e4f5ee9b5495dd2530667804fffa96,59986052,128,bits-sq,128,128,16,operator,30,1.0807930000000001,1.07930825,1.0814830000000002,0.7358666275595788,False,False
2749d31664905c24a21b64a3a74ce59d83e4f5ee9b5495dd2530667804fffa96,59986052,128,bits-sq,128,128,16,output_isolated,30,0.009094000000000001,0.008778000000000001,0.009384,1.7725973169122498,False,False
2749d31664905c24a21b64a3a74ce59d83e4f5ee9b5495dd2530667804fffa96,59986052,128,bits-sq,128,128,16,selection_isolated,30,0.6332295,0.6326857499999999,0.63394325,0.5584949848356717,False,False
2749d31664905c24a21b64a3a74ce59d83e4f5ee9b5495dd2530667804fffa96,59986052,128,bits-sq,128,128,16,transform_isolated,30,0.4442585,0.4432562499999999,0.4449715,1.0105377837452745,False,False
2749d31664905c24a21b64a3a74ce59d83e4f5ee9b5495dd2530667804fffa96,59986052,128,bits-sq,128,128,16,upload_shared,1,48.648723999999994,48.648723999999994,48.648723999999994,1.0028391083803145,False,False
2749d31664905c24a21b64a3a74ce59d83e4f5ee9b5495dd2530667804fffa96,59986052,128,bits-sq,128,256,4,download,30,0.009134,0.008763,0.00964425,1.0246879789796366,False,False
2749d31664905c24a21b64a3a74ce59d83e4f5ee9b5495dd2530667804fffa96,59986052,128,bits-sq,128,256,4,operator,30,0.9289829999999999,0.9279735000000001,0.9300065,0.8561184650311148,False,False
2749d31664905c24a21b64a3a74ce59d83e4f5ee9b5495dd2530667804fffa96,59986052,128,bits-sq,128,256,4,output_isolated,30,0.008968,0.00883575,0.009129,1.7975022301516506,False,False
2749d31664905c24a21b64a3a74ce59d83e4f5ee9b5495dd2530667804fffa96,59986052,128,bits-sq,128,256,4,selection_isolated,30,0.481669,0.4811615,0.48244850000000006,0.7342293151521065,False,False
2749d31664905c24a21b64a3a74ce59d83e4f5ee9b5495dd2530667804fffa96,59986052,128,bits-sq,128,256,4,transform_isolated,30,0.44445349999999995,0.4434745,0.445125,1.0100944193262065,False,False
2749d31664905c24a21b64a3a74ce59d83e4f5ee9b5495dd2530667804fffa96,59986052,128,bits-sq,128,256,4,upload_shared,1,48.678270000000005,48.678270000000005,48.678270000000005,1.002230420267606,False,False
2749d31664905c24a21b64a3a74ce59d83e4f5ee9b5495dd2530667804fffa96,59986052,128,bits-sq,128,256,7,download,30,0.009284500000000001,0.00889875,0.009925,1.008077979428079,False,False
2749d31664905c24a21b64a3a74ce59d83e4f5ee9b5495dd2530667804fffa96,59986052,128,bits-sq,128,256,7,operator,30,0.8561525,0.8554085000000001,0.8574849999999999,0.9289460697714484,False,False
2749d31664905c24a21b64a3a74ce59d83e4f5ee9b5495dd2530667804fffa96,59986052,128,bits-sq,128,256,7,output_isolated,30,0.008888,0.008736250000000001,0.0090715,1.813681368136814,False,False
2749d31664905c24a21b64a3a74ce59d83e4f5ee9b5495dd2530667804fffa96,59986052,128,bits-sq,128,256,7,selection_isolated,30,0.409246,0.4084715,0.409976,0.864163608196537,False,False
2749d31664905c24a21b64a3a74ce59d83e4f5ee9b5495dd2530667804fffa96,59986052,128,bits-sq,128,256,7,transform_isolated,30,0.44473399999999996,0.44375475,0.4454425,1.0094573385439387,False,False
2749d31664905c24a21b64a3a74ce59d83e4f5ee9b5495dd2530667804fffa96,59986052,128,bits-sq,128,256,7,upload_shared,1,48.743969,48.743969,48.743969,1.0008795754814304,False,False
2749d31664905c24a21b64a3a74ce59d83e4f5ee9b5495dd2530667804fffa96,59986052,128,bits-sq,128,256,8,download,30,0.009399500000000002,0.00871625,0.009885,0.99574445449226,False,False
2749d31664905c24a21b64a3a74ce59d83e4f5ee9b5495dd2530667804fffa96,59986052,128,bits-sq,128,256,8,operator,30,0.8546845,0.85305225,0.85522075,0.9305416209139162,False,False
2749d31664905c24a21b64a3a74ce59d83e4f5ee9b5495dd2530667804fffa96,59986052,128,bits-sq,128,256,8,output_isolated,30,0.0092285,0.008824,0.009414,1.7467627458416863,False,False
2749d31664905c24a21b64a3a74ce59d83e4f5ee9b5495dd2530667804fffa96,59986052,128,bits-sq,128,256,8,selection_isolated,30,0.407242,0.406641,0.4079005,0.8684160769272325,False,False
2749d31664905c24a21b64a3a74ce59d83e4f5ee9b5495dd2530667804fffa96,59986052,128,bits-sq,128,256,8,transform_isolated,30,0.444804,0.4438705,0.44553,1.009298477531677,False,False
2749d31664905c24a21b64a3a74ce59d83e4f5ee9b5495dd2530667804fffa96,59986052,128,bits-sq,128,256,8,upload_shared,1,48.680392000000005,48.680392000000005,48.680392000000005,1.0021867325965659,False,False
2749d31664905c24a21b64a3a74ce59d83e4f5ee9b5495dd2530667804fffa96,59986052,128,bits-sq,128,256,13,download,30,0.008793,0.0086755,0.00956475,1.0644262481519389,False,False
2749d31664905c24a21b64a3a74ce59d83e4f5ee9b5495dd2530667804fffa96,59986052,128,bits-sq,128,256,13,operator,30,0.8410445,0.83967225,0.84219925,0.9456330788680029,False,False
2749d31664905c24a21b64a3a74ce59d83e4f5ee9b5495dd2530667804fffa96,59986052,128,bits-sq,128,256,13,output_isolated,30,0.008953,0.0087565,0.00909825,1.800513794258908,False,False
2749d31664905c24a21b64a3a74ce59d83e4f5ee9b5495dd2530667804fffa96,59986052,128,bits-sq,128,256,13,selection_isolated,30,0.3939865,0.39237675,0.394853,0.8976335483576214,False,False
2749d31664905c24a21b64a3a74ce59d83e4f5ee9b5495dd2530667804fffa96,59986052,128,bits-sq,128,256,13,transform_isolated,30,0.4442135,0.44358699999999995,0.444879,1.0106401538899652,False,False
2749d31664905c24a21b64a3a74ce59d83e4f5ee9b5495dd2530667804fffa96,59986052,128,bits-sq,128,256,13,upload_shared,1,48.728545,48.728545,48.728545,1.0011963829414567,False,False
2749d31664905c24a21b64a3a74ce59d83e4f5ee9b5495dd2530667804fffa96,59986052,128,bits-sq,128,256,16,download,30,0.009089,0.008648,0.0097315,1.029761249862471,False,False
2749d31664905c24a21b64a3a74ce59d83e4f5ee9b5495dd2530667804fffa96,59986052,128,bits-sq,128,256,16,operator,30,0.8513499999999999,0.8503782500000001,0.85243875,0.9341862923591943,False,False
2749d31664905c24a21b64a3a74ce59d83e4f5ee9b5495dd2530667804fffa96,59986052,128,bits-sq,128,256,16,output_isolated,30,0.008973,0.008778749999999998,0.009079,1.7965006129499612,False,False
2749d31664905c24a21b64a3a74ce59d83e4f5ee9b5495dd2530667804fffa96,59986052,128,bits-sq,128,256,16,selection_isolated,30,0.40380150000000004,0.40346599999999994,0.40447299999999997,0.8758152210925417,False,False
2749d31664905c24a21b64a3a74ce59d83e4f5ee9b5495dd2530667804fffa96,59986052,128,bits-sq,128,256,16,transform_isolated,30,0.44474899999999995,0.444308,0.4454775,1.0094232926886852,False,False
2749d31664905c24a21b64a3a74ce59d83e4f5ee9b5495dd2530667804fffa96,59986052,128,bits-sq,128,256,16,upload_shared,1,48.729196,48.729196,48.729196,1.0011830074109986,False,False
2749d31664905c24a21b64a3a74ce59d83e4f5ee9b5495dd2530667804fffa96,59986052,128,bits-sq,128,512,4,download,30,0.008823000000000001,0.0087355,0.009708999999999999,1.0608069817522383,False,False
2749d31664905c24a21b64a3a74ce59d83e4f5ee9b5495dd2530667804fffa96,59986052,128,bits-sq,128,512,4,operator,30,0.7863720000000001,0.7856002500000001,0.7871954999999999,1.0113782026826996,False,False
2749d31664905c24a21b64a3a74ce59d83e4f5ee9b5495dd2530667804fffa96,59986052,128,bits-sq,128,512,4,output_isolated,30,0.009083,0.00888625,0.009271499999999998,1.7747440273037545,False,False
2749d31664905c24a21b64a3a74ce59d83e4f5ee9b5495dd2530667804fffa96,59986052,128,bits-sq,128,512,4,selection_isolated,30,0.33953449999999996,0.33881875,0.34000525000000004,1.0415892935769415,False,False
2749d31664905c24a21b64a3a74ce59d83e4f5ee9b5495dd2530667804fffa96,59986052,128,bits-sq,128,512,4,transform_isolated,30,0.44473399999999996,0.4439095,0.44535225,1.0094573385439387,False,False
2749d31664905c24a21b64a3a74ce59d83e4f5ee9b5495dd2530667804fffa96,59986052,128,bits-sq,128,512,4,upload_shared,1,48.636856,48.636856,48.636856,1.0030838136412437,False,False
2749d31664905c24a21b64a3a74ce59d83e4f5ee9b5495dd2530667804fffa96,59986052,128,bits-sq,128,512,7,download,30,0.009493999999999999,0.0088205,0.0102075,0.9858331577838636,False,False
2749d31664905c24a21b64a3a74ce59d83e4f5ee9b5495dd2530667804fffa96,59986052,128,bits-sq,128,512,7,operator,30,0.8949659999999999,0.8937517500000001,0.8963507499999999,0.8886588987738082,False,False
2749d31664905c24a21b64a3a74ce59d83e4f5ee9b5495dd2530667804fffa96,59986052,128,bits-sq,128,512,7,output_isolated,30,0.0089035,0.00877125,0.00915625,1.8105239512551248,False,False
2749d31664905c24a21b64a3a74ce59d83e4f5ee9b5495dd2530667804fffa96,59986052,128,bits-sq,128,512,7,selection_isolated,30,0.447553,0.44713549999999996,0.44808899999999996,0.7901980324118038,False,False
2749d31664905c24a21b64a3a74ce59d83e4f5ee9b5495dd2530667804fffa96,59986052,128,bits-sq,128,512,7,transform_isolated,30,0.44476899999999997,0.44425299999999995,0.4454425000000001,1.00937790178722,False,False
2749d31664905c24a21b64a3a74ce59d83e4f5ee9b5495dd2530667804fffa96,59986052,128,bits-sq,128,512,7,upload_shared,1,48.67266,48.67266,48.67266,1.0023459371236338,False,False
2749d31664905c24a21b64a3a74ce59d83e4f5ee9b5495dd2530667804fffa96,59986052,128,bits-sq,128,512,8,download,30,0.008929,0.0087555,0.00981475,1.0482136857430844,True,True
2749d31664905c24a21b64a3a74ce59d83e4f5ee9b5495dd2530667804fffa96,59986052,128,bits-sq,128,512,8,operator,30,0.7574875,0.7563337500000001,0.7586364999999999,1.0499440584828132,True,True
2749d31664905c24a21b64a3a74ce59d83e4f5ee9b5495dd2530667804fffa96,59986052,128,bits-sq,128,512,8,output_isolated,30,0.0089785,0.00871625,0.009161500000000001,1.7954001225148968,True,True
2749d31664905c24a21b64a3a74ce59d83e4f5ee9b5495dd2530667804fffa96,59986052,128,bits-sq,128,512,8,selection_isolated,30,0.309484,0.30910125,0.30978975,1.1427262798723037,True,True
2749d31664905c24a21b64a3a74ce59d83e4f5ee9b5495dd2530667804fffa96,59986052,128,bits-sq,128,512,8,transform_isolated,30,0.4448795,0.44421800000000006,0.44569325000000004,1.0091271906212806,True,True
2749d31664905c24a21b64a3a74ce59d83e4f5ee9b5495dd2530667804fffa96,59986052,128,bits-sq,128,512,8,upload_shared,1,48.792282,48.792282,48.792282,0.9998885274519442,True,True
2749d31664905c24a21b64a3a74ce59d83e4f5ee9b5495dd2530667804fffa96,59986052,128,bits-sq,128,512,13,download,30,0.009189,0.008783000000000001,0.00969225,1.018554793775166,False,False
2749d31664905c24a21b64a3a74ce59d83e4f5ee9b5495dd2530667804fffa96,59986052,128,bits-sq,128,512,13,operator,30,0.874911,0.873563,0.8761519999999999,0.9090290326673227,False,False
2749d31664905c24a21b64a3a74ce59d83e4f5ee9b5495dd2530667804fffa96,59986052,128,bits-sq,128,512,13,output_isolated,30,0.008973,0.008800500000000001,0.00908375,1.7965006129499612,False,False
2749d31664905c24a21b64a3a74ce59d83e4f5ee9b5495dd2530667804fffa96,59986052,128,bits-sq,128,512,13,selection_isolated,30,0.42694750000000004,0.4263435,0.4277455,0.828334865527963,False,False
2749d31664905c24a21b64a3a74ce59d83e4f5ee9b5495dd2530667804fffa96,59986052,128,bits-sq,128,512,13,transform_isolated,30,0.4440325,0.44329375000000004,0.44496625,1.0110521189327357,False,False
2749d31664905c24a21b64a3a74ce59d83e4f5ee9b5495dd2530667804fffa96,59986052,128,bits-sq,128,512,13,upload_shared,1,48.700753,48.700753,48.700753,1.0017677344742495,False,False
2749d31664905c24a21b64a3a74ce59d83e4f5ee9b5495dd2530667804fffa96,59986052,128,bits-sq,128,512,16,download,30,0.009464,0.008819,0.0101175,0.988958157227388,False,False
2749d31664905c24a21b64a3a74ce59d83e4f5ee9b5495dd2530667804fffa96,59986052,128,bits-sq,128,512,16,operator,30,0.8799635,0.8793880000000001,0.8808125,0.9038096466501166,False,False
2749d31664905c24a21b64a3a74ce59d83e4f5ee9b5495dd2530667804fffa96,59986052,128,bits-sq,128,512,16,output_isolated,30,0.008993500000000001,0.00880875,0.0091915,1.7924056262856507,False,False
2749d31664905c24a21b64a3a74ce59d83e4f5ee9b5495dd2530667804fffa96,59986052,128,bits-sq,128,512,16,selection_isolated,30,0.4330465,0.43270600000000004,0.433547,0.8166686487478828,False,False
2749d31664905c24a21b64a3a74ce59d83e4f5ee9b5495dd2530667804fffa96,59986052,128,bits-sq,128,512,16,transform_isolated,30,0.444103,0.44308125,0.4447915,1.010891617485133,False,False
2749d31664905c24a21b64a3a74ce59d83e4f5ee9b5495dd2530667804fffa96,59986052,128,bits-sq,128,512,16,upload_shared,1,48.767303999999996,48.767303999999996,48.767303999999996,1.0004006577849784,False,False
2749d31664905c24a21b64a3a74ce59d83e4f5ee9b5495dd2530667804fffa96,59986052,128,bits-sq,512,128,4,download,30,0.0089035,0.008663,0.00945225,1.0512158140057282,False,False
2749d31664905c24a21b64a3a74ce59d83e4f5ee9b5495dd2530667804fffa96,59986052,128,bits-sq,512,128,4,operator,30,0.9048309999999999,0.9034832500000001,0.9060055,0.8789702165376739,False,False
2749d31664905c24a21b64a3a74ce59d83e4f5ee9b5495dd2530667804fffa96,59986052,128,bits-sq,512,128,4,output_isolated,30,0.008958500000000001,0.00879325,0.009093999999999998,1.7994083830998493,False,False
2749d31664905c24a21b64a3a74ce59d83e4f5ee9b5495dd2530667804fffa96,59986052,128,bits-sq,512,128,4,selection_isolated,30,0.457213,0.45690225000000007,0.4579465,0.7735027219261045,False,False
2749d31664905c24a21b64a3a74ce59d83e4f5ee9b5495dd2530667804fffa96,59986052,128,bits-sq,512,128,4,transform_isolated,30,0.44438849999999996,0.44385474999999996,0.44504900000000003,1.0102421642324229,False,False
2749d31664905c24a21b64a3a74ce59d83e4f5ee9b5495dd2530667804fffa96,59986052,128,bits-sq,512,128,4,upload_shared,1,48.724990000000005,48.724990000000005,48.724990000000005,1.0012694307376975,False,False
2749d31664905c24a21b64a3a74ce59d83e4f5ee9b5495dd2530667804fffa96,59986052,128,bits-sq,512,128,7,download,30,0.009349,0.00878375,0.010045749999999999,1.0011231147716333,False,False
2749d31664905c24a21b64a3a74ce59d83e4f5ee9b5495dd2530667804fffa96,59986052,128,bits-sq,512,128,7,operator,30,0.8635335,0.862772,0.8644824999999999,0.9210059598151085,False,False
2749d31664905c24a21b64a3a74ce59d83e4f5ee9b5495dd2530667804fffa96,59986052,128,bits-sq,512,128,7,output_isolated,30,0.008903999999999999,0.008788250000000001,0.00910375,1.810422282120396,False,False
2749d31664905c24a21b64a3a74ce59d83e4f5ee9b5495dd2530667804fffa96,59986052,128,bits-sq,512,128,7,selection_isolated,30,0.416226,0.41599575,0.41664350000000006,0.849671812909333,False,False
2749d31664905c24a21b64a3a74ce59d83e4f5ee9b5495dd2530667804fffa96,59986052,128,bits-sq,512,128,7,transform_isolated,30,0.444714,0.4441005,0.44549225,1.009502736590258,False,False
2749d31664905c24a21b64a3a74ce59d83e4f5ee9b5495dd2530667804fffa96,59986052,128,bits-sq,512,128,7,upload_shared,1,48.714634,48.714634,48.714634,1.0014822855899934,False,False
2749d31664905c24a21b64a3a74ce59d83e4f5ee9b5495dd2530667804fffa96,59986052,128,bits-sq,512,128,8,download,30,0.009314,0.00877125,0.0097475,1.0048851191754349,False,False
2749d31664905c24a21b64a3a74ce59d83e4f5ee9b5495dd2530667804fffa96,59986052,128,bits-sq,512,128,8,operator,30,0.8675095,0.866623,0.868421,0.9167847729621403,False,False
2749d31664905c24a21b64a3a74ce59d83e4f5ee9b5495dd2530667804fffa96,59986052,128,bits-sq,512,128,8,output_isolated,30,0.0090585,0.008883,0.00933925,1.779544074626042,False,False
2749d31664905c24a21b64a3a74ce59d83e4f5ee9b5495dd2530667804fffa96,59986052,128,bits-sq,512,128,8,selection_isolated,30,0.4208175,0.4203495,0.42123650000000007,0.8404011240026853,False,False
2749d31664905c24a21b64a3a74ce59d83e4f5ee9b5495dd2530667804fffa96,59986052,128,bits-sq,512,128,8,transform_isolated,30,0.4445435,0.44375725,0.44531250000000006,1.0098899207839054,False,False
2749d31664905c24a21b64a3a74ce59d83e4f5ee9b5495dd2530667804fffa96,59986052,128,bits-sq,512,128,8,upload_shared,1,48.730057,48.730057,48.730057,1.0011653177421895,False,False
2749d31664905c24a21b64a3a74ce59d83e4f5ee9b5495dd2530667804fffa96,59986052,128,bits-sq,512,128,13,download,30,0.009264,0.0088755,0.009559749999999999,1.0103087219343696,False,False
2749d31664905c24a21b64a3a74ce59d83e4f5ee9b5495dd2530667804fffa96,59986052,128,bits-sq,512,128,13,operator,30,0.8867940000000001,0.8850335,0.8876722499999999,0.8968480842224912,False,False
2749d31664905c24a21b64a3a74ce59d83e4f5ee9b5495dd2530667804fffa96,59986052,128,bits-sq,512,128,13,output_isolated,30,0.009234,0.008863,0.009532249999999999,1.7457223305176526,False,False
2749d31664905c24a21b64a3a74ce59d83e4f5ee9b5495dd2530667804fffa96,59986052,128,bits-sq,512,128,13,selection_isolated,30,0.43962100000000004,0.43786899999999995,0.44055025000000003,0.8044554286533172,False,False
2749d31664905c24a21b64a3a74ce59d83e4f5ee9b5495dd2530667804fffa96,59986052,128,bits-sq,512,128,13,transform_isolated,30,0.44439850000000003,0.443512,0.44539975000000004,1.0102194314337245,False,False
2749d31664905c24a21b64a3a74ce59d83e4f5ee9b5495dd2530667804fffa96,59986052,128,bits-sq,512,128,13,upload_shared,1,48.575854,48.575854,48.575854,1.0043434954329369,False,False
2749d31664905c24a21b64a3a74ce59d83e4f5ee9b5495dd2530667804fffa96,59986052,128,bits-sq,512,128,16,download,30,0.009269,0.008785500000000002,0.010050250000000002,1.0097637285575576,False,False
2749d31664905c24a21b64a3a74ce59d83e4f5ee9b5495dd2530667804fffa96,59986052,128,bits-sq,512,128,16,operator,30,0.9017515,0.90091525,0.9025345,0.8819719179840565,False,False
2749d31664905c24a21b64a3a74ce59d83e4f5ee9b5495dd2530667804fffa96,59986052,128,bits-sq,512,128,16,output_isolated,30,0.009059000000000001,0.008818,0.009368999999999999,1.7794458549508776,False,False
2749d31664905c24a21b64a3a74ce59d83e4f5ee9b5495dd2530667804fffa96,59986052,128,bits-sq,512,128,16,selection_isolated,30,0.4538275,0.4530395,0.4546365,0.779272961642915,False,False
2749d31664905c24a21b64a3a74ce59d83e4f5ee9b5495dd2530667804fffa96,59986052,128,bits-sq,512,128,16,transform_isolated,30,0.444944,0.4440805,0.44557225,1.0089809054622605,False,False
2749d31664905c24a21b64a3a74ce59d83e4f5ee9b5495dd2530667804fffa96,59986052,128,bits-sq,512,128,16,upload_shared,1,48.787304,48.787304,48.787304,0.9999905508203529,False,False
2749d31664905c24a21b64a3a74ce59d83e4f5ee9b5495dd2530667804fffa96,59986052,128,bits-sq,512,256,4,download,30,0.009039,0.0086455,0.01018,1.0354574621086403,False,False
2749d31664905c24a21b64a3a74ce59d83e4f5ee9b5495dd2530667804fffa96,59986052,128,bits-sq,512,256,4,operator,30,0.9004295,0.89767525,0.905512,0.8832668187792603,False,False
2749d31664905c24a21b64a3a74ce59d83e4f5ee9b5495dd2530667804fffa96,59986052,128,bits-sq,512,256,4,output_isolated,30,0.0090185,0.0088255,0.0092915,1.7874369351887789,False,False
2749d31664905c24a21b64a3a74ce59d83e4f5ee9b5495dd2530667804fffa96,59986052,128,bits-sq,512,256,4,selection_isolated,30,0.45199999999999996,0.450893,0.4581515,0.7824236725663718,False,False
2749d31664905c24a21b64a3a74ce59d83e4f5ee9b5495dd2530667804fffa96,59986052,128,bits-sq,512,256,4,transform_isolated,30,0.44443849999999996,0.443502,0.44504975,1.0101285104688276,False,False
2749d31664905c24a21b64a3a74ce59d83e4f5ee9b5495dd2530667804fffa96,59986052,128,bits-sq,512,256,4,upload_shared,1,48.835427,48.835427,48.835427,0.9990051484550345,False,False
2749d31664905c24a21b64a3a74ce59d83e4f5ee9b5495dd2530667804fffa96,59986052,128,bits-sq,512,256,7,download,30,0.009269,0.00879325,0.00956175,1.0097637285575576,False,False
2749d31664905c24a21b64a3a74ce59d83e4f5ee9b5495dd2530667804fffa96,59986052,128,bits-sq,512,256,7,operator,30,0.853167,0.8524112500000001,0.8542322499999999,0.9321967445998263,False,False
2749d31664905c24a21b64a3a74ce59d83e4f5ee9b5495dd2530667804fffa96,59986052,128,bits-sq,512,256,7,output_isolated,30,0.008999,0.00889625,0.0091715,1.7913101455717304,False,False
2749d31664905c24a21b64a3a74ce59d83e4f5ee9b5495dd2530667804fffa96,59986052,128,bits-sq,512,256,7,selection_isolated,30,0.405149,0.40475325,0.40576425,0.872902314950796,False,False
2749d31664905c24a21b64a3a74ce59d83e4f5ee9b5495dd2530667804fffa96,59986052,128,bits-sq,512,256,7,transform_isolated,30,0.44448299999999996,0.4432745,0.44539975,1.0100273801247743,False,False
2749d31664905c24a21b64a3a74ce59d83e4f5ee9b5495dd2530667804fffa96,59986052,128,bits-sq,512,256,7,upload_shared,1,48.697236999999994,48.697236999999994,48.697236999999994,1.0018400633284392,False,False
2749d31664905c24a21b64a3a74ce59d83e4f5ee9b5495dd2530667804fffa96,59986052,128,bits-sq,512,256,8,download,30,0.009239,0.00883625,0.0096825,1.0130425370711116,False,False
2749d31664905c24a21b64a3a74ce59d83e4f5ee9b5495dd2530667804fffa96,59986052,128,bits-sq,512,256,8,operator,30,0.852607,0.8513424999999999,0.85363075,0.9328090198649553,False,False
2749d31664905c24a21b64a3a74ce59d83e4f5ee9b5495dd2530667804fffa96,59986052,128,bits-sq,512,256,8,output_isolated,30,0.008988,0.008813,0.009222250000000001,1.7935024477080554,False,False
2749d31664905c24a21b64a3a74ce59d83e4f5ee9b5495dd2530667804fffa96,59986052,128,bits-sq,512,256,8,selection_isolated,30,0.40543950000000006,0.404989,0.40616325,0.8722768748481585,False,False
2749d31664905c24a21b64a3a74ce59d83e4f5ee9b5495dd2530667804fffa96,59986052,128,bits-sq,512,256,8,transform_isolated,30,0.4446185,0.44417799999999996,0.4454975,1.0097195685739573,False,False
2749d31664905c24a21b64a3a74ce59d83e4f5ee9b5495dd2530667804fffa96,59986052,128,bits-sq,512,256,8,upload_shared,1,48.747944000000004,48.747944000000004,48.747944000000004,1.000797961858658,False,False
2749d31664905c24a21b64a3a74ce59d83e4f5ee9b5495dd2530667804fffa96,59986052,128,bits-sq,512,256,13,download,30,0.009264,0.008808,0.010118249999999999,1.0103087219343696,False,False
2749d31664905c24a21b64a3a74ce59d83e4f5ee9b5495dd2530667804fffa96,59986052,128,bits-sq,512,256,13,operator,30,0.866087,0.86477,0.8672415000000001,0.9182905412504747,False,False
2749d31664905c24a21b64a3a74ce59d83e4f5ee9b5495dd2530667804fffa96,59986052,128,bits-sq,512,256,13,output_isolated,30,0.009164,0.00884375,0.009269,1.7590571802706243,False,False
2749d31664905c24a21b64a3a74ce59d83e4f5ee9b5495dd2530667804fffa96,59986052,128,bits-sq,512,256,13,selection_isolated,30,0.418844,0.418259,0.419506,0.8443609076410311,False,False
2749d31664905c24a21b64a3a74ce59d83e4f5ee9b5495dd2530667804fffa96,59986052,128,bits-sq,512,256,13,transform_isolated,30,0.444443,0.44345199999999996,0.44522,1.0101182828844195,False,False
2749d31664905c24a21b64a3a74ce59d83e4f5ee9b5495dd2530667804fffa96,59986052,128,bits-sq,512,256,13,upload_shared,1,48.765922,48.765922,48.765922,1.0004290086015395,False,False
2749d31664905c24a21b64a3a74ce59d83e4f5ee9b5495dd2530667804fffa96,59986052,128,bits-sq,512,256,16,download,30,0.009003,0.008725499999999999,0.0095625,1.0395979118071752,False,False
2749d31664905c24a21b64a3a74ce59d83e4f5ee9b5495dd2530667804fffa96,59986052,128,bits-sq,512,256,16,operator,30,0.8841545,0.88312875,0.88496075,0.8995254788614433,False,False
2749d31664905c24a21b64a3a74ce59d83e4f5ee9b5495dd2530667804fffa96,59986052,128,bits-sq,512,256,16,output_isolated,30,0.0090685,0.008877999999999999,0.0093665,1.7775817389866022,False,False
2749d31664905c24a21b64a3a74ce59d83e4f5ee9b5495dd2530667804fffa96,59986052,128,bits-sq,512,256,16,selection_isolated,30,0.43713749999999996,0.43582600000000005,0.43815624999999997,0.8090257642046268,False,False
2749d31664905c24a21b64a3a74ce59d83e4f5ee9b5495dd2530667804fffa96,59986052,128,bits-sq,512,256,16,transform_isolated,30,0.44398800000000005,0.4433245,0.44476899999999997,1.011153454597872,False,False
2749d31664905c24a21b64a3a74ce59d83e4f5ee9b5495dd2530667804fffa96,59986052,128,bits-sq,512,256,16,upload_shared,1,48.647222,48.647222,48.647222,1.0028700713886602,False,False
2749d31664905c24a21b64a3a74ce59d83e4f5ee9b5495dd2530667804fffa96,59986052,128,bits-sq,512,512,4,download,30,0.009444500000000002,0.00881875,0.009765000000000001,0.9910000529408649,False,False
2749d31664905c24a21b64a3a74ce59d83e4f5ee9b5495dd2530667804fffa96,59986052,128,bits-sq,512,512,4,operator,30,0.835601,0.834629,0.8366720000000001,0.9517933798547392,False,False
2749d31664905c24a21b64a3a74ce59d83e4f5ee9b5495dd2530667804fffa96,59986052,128,bits-sq,512,512,4,output_isolated,30,0.0088635,0.008773000000000001,0.00934625,1.8186946465843068,False,False
2749d31664905c24a21b64a3a74ce59d83e4f5ee9b5495dd2530667804fffa96,59986052,128,bits-sq,512,512,4,selection_isolated,30,0.3882835,0.38762975000000005,0.3892125,0.9108177401306005,False,False
2749d31664905c24a21b64a3a74ce59d83e4f5ee9b5495dd2530667804fffa96,59986052,128,bits-sq,512,512,4,transform_isolated,30,0.4444185,0.44349375,0.44504925000000006,1.010173968905435,False,False
2749d31664905c24a21b64a3a74ce59d83e4f5ee9b5495dd2530667804fffa96,59986052,128,bits-sq,512,512,4,upload_shared,1,48.746081,48.746081,48.746081,1.0008362108125166,False,False
2749d31664905c24a21b64a3a74ce59d83e4f5ee9b5495dd2530667804fffa96,59986052,128,bits-sq,512,512,7,download,30,0.0090235,0.00872625,0.009652499999999998,1.037236105723943,False,False
2749d31664905c24a21b64a3a74ce59d83e4f5ee9b5495dd2530667804fffa96,59986052,128,bits-sq,512,512,7,operator,30,0.9233739999999999,0.9223252500000001,0.9240650000000001,0.8613189238596712,False,False
2749d31664905c24a21b64a3a74ce59d83e4f5ee9b5495dd2530667804fffa96,59986052,128,bits-sq,512,512,7,output_isolated,30,0.009054,0.00887625,0.009364,1.7804285398718802,False,False
2749d31664905c24a21b64a3a74ce59d83e4f5ee9b5495dd2530667804fffa96,59986052,128,bits-sq,512,512,7,selection_isolated,30,0.47604100000000005,0.4756285,0.476632,0.7429097493703273,False,False
2749d31664905c24a21b64a3a74ce59d83e4f5ee9b5495dd2530667804fffa96,59986052,128,bits-sq,512,512,7,transform_isolated,30,0.444438,0.443747,0.44525724999999994,1.0101296468798797,False,False
2749d31664905c24a21b64a3a74ce59d83e4f5ee9b5495dd2530667804fffa96,59986052,128,bits-sq,512,512,7,upload_shared,1,48.787103,48.787103,48.787103,0.9999946707227113,False,False
2749d31664905c24a21b64a3a74ce59d83e4f5ee9b5495dd2530667804fffa96,59986052,128,bits-sq,512,512,8,download,30,0.009204,0.00876075,0.00968975,1.0168948283355062,False,False
2749d31664905c24a21b64a3a74ce59d83e4f5ee9b5495dd2530667804fffa96,59986052,128,bits-sq,512,512,8,operator,30,0.8170934999999999,0.8165830000000001,0.8178475000000001,0.9733518869015603,False,False
2749d31664905c24a21b64a3a74ce59d83e4f5ee9b5495dd2530667804fffa96,59986052,128,bits-sq,512,512,8,output_isolated,30,0.008843,0.00868825,0.009161500000000001,1.8229107768856725,False,False
2749d31664905c24a21b64a3a74ce59d83e4f5ee9b5495dd2530667804fffa96,59986052,128,bits-sq,512,512,8,selection_isolated,30,0.36946,0.368644,0.37032599999999993,0.9572227034049694,False,False
2749d31664905c24a21b64a3a74ce59d83e4f5ee9b5495dd2530667804fffa96,59986052,128,bits-sq,512,512,8,transform_isolated,30,0.444063,0.44358949999999997,0.445154,1.0109826758815754,False,False
2749d31664905c24a21b64a3a74ce59d83e4f5ee9b5495dd2530667804fffa96,59986052,128,bits-sq,512,512,8,upload_shared,1,48.671819,48.671819,48.671819,1.0023632566516572,False,False
2749d31664905c24a21b64a3a74ce59d83e4f5ee9b5495dd2530667804fffa96,59986052,128,bits-sq,512,512,13,download,30,0.0090035,0.00873325,0.00981975,1.0395401788193481,False,False
2749d31664905c24a21b64a3a74ce59d83e4f5ee9b5495dd2530667804fffa96,59986052,128,bits-sq,512,512,13,operator,30,0.9364995,0.935127,0.93778075,0.849247116522753,False,False
2749d31664905c24a21b64a3a74ce59d83e4f5ee9b5495dd2530667804fffa96,59986052,128,bits-sq,512,512,13,output_isolated,30,0.0090185,0.008843,0.009219,1.7874369351887789,False,False
2749d31664905c24a21b64a3a74ce59d83e4f5ee9b5495dd2530667804fffa96,59986052,128,bits-sq,512,512,13,selection_isolated,30,0.4893065,0.488601,0.4898745,0.7227688575565623,False,False
2749d31664905c24a21b64a3a74ce59d83e4f5ee9b5495dd2530667804fffa96,59986052,128,bits-sq,512,512,13,transform_isolated,30,0.443943,0.44296875,0.4448315,1.0112559495250517,False,False
2749d31664905c24a21b64a3a74ce59d83e4f5ee9b5495dd2530667804fffa96,59986052,128,bits-sq,512,512,13,upload_shared,1,48.807204999999996,48.807204999999996,48.807204999999996,0.9995828074973768,False,False
2749d31664905c24a21b64a3a74ce59d83e4f5ee9b5495dd2530667804fffa96,59986052,128,bits-sq,512,512,16,download,30,0.0096945,0.008945749999999999,0.009965,0.9654443241012945,False,False
2749d31664905c24a21b64a3a74ce59d83e4f5ee9b5495dd2530667804fffa96,59986052,128,bits-sq,512,512,16,operator,30,0.9601594999999999,0.958813,0.9610237500000001,0.8283201905516739,False,False
2749d31664905c24a21b64a3a74ce59d83e4f5ee9b5495dd2530667804fffa96,59986052,128,bits-sq,512,512,16,output_isolated,30,0.0088785,0.008834,0.009149000000000001,1.81562200822211,False,False
2749d31664905c24a21b64a3a74ce59d83e4f5ee9b5495dd2530667804fffa96,59986052,128,bits-sq,512,512,16,selection_isolated,30,0.5121260000000001,0.5116885,0.5127945,0.6905634550872245,False,False
2749d31664905c24a21b64a3a74ce59d83e4f5ee9b5495dd2530667804fffa96,59986052,128,bits-sq,512,512,16,transform_isolated,30,0.44390300000000005,0.44317924999999997,0.44511475,1.0113470735723795,False,False
2749d31664905c24a21b64a3a74ce59d83e4f5ee9b5495dd2530667804fffa96,59986052,128,bits-sq,512,512,16,upload_shared,1,48.770619,48.770619,48.770619,1.0003326593004693,False,False
2749d31664905c24a21b64a3a74ce59d83e4f5ee9b5495dd2530667804fffa96,59986052,128,block-select,1,128,3,download,30,0.0232555,0.022414000000000003,0.024457,0.4024639332630991,False,False
2749d31664905c24a21b64a3a74ce59d83e4f5ee9b5495dd2530667804fffa96,59986052,128,block-select,1,128,3,operator,30,240.37680749999998,239.63739875000002,240.75927125,0.0033086365871632605,False,False
2749d31664905c24a21b64a3a74ce59d83e4f5ee9b5495dd2530667804fffa96,59986052,128,block-select,1,128,3,output_isolated,30,0.0235255,0.022994999999999998,0.0246245,0.6852139168136704,False,False
2749d31664905c24a21b64a3a74ce59d83e4f5ee9b5495dd2530667804fffa96,59986052,128,block-select,1,128,3,selection_isolated,30,239.9182175,239.36935475,240.4148745,0.0014740668869799353,False,False
2749d31664905c24a21b64a3a74ce59d83e4f5ee9b5495dd2530667804fffa96,59986052,128,block-select,1,128,3,transform_isolated,30,0.446116,0.4456775,0.44752800000000004,1.0063301921473338,False,False
2749d31664905c24a21b64a3a74ce59d83e4f5ee9b5495dd2530667804fffa96,59986052,128,block-select,1,128,3,upload_shared,1,48.786843000000005,48.786843000000005,48.786843000000005,1.0,False,False
2749d31664905c24a21b64a3a74ce59d83e4f5ee9b5495dd2530667804fffa96,59986052,128,grid-select,1,0,0,download,30,0.009448999999999999,0.008885750000000001,0.00985,0.990528098211451,True,True
2749d31664905c24a21b64a3a74ce59d83e4f5ee9b5495dd2530667804fffa96,59986052,128,grid-select,1,0,0,operator,30,0.8878254999999999,0.88588475,0.88873425,0.8958061015368448,True,True
2749d31664905c24a21b64a3a74ce59d83e4f5ee9b5495dd2530667804fffa96,59986052,128,grid-select,1,0,0,output_isolated,30,0.009024,0.00891625,0.009301499999999999,1.7863475177304966,True,True
2749d31664905c24a21b64a3a74ce59d83e4f5ee9b5495dd2530667804fffa96,59986052,128,grid-select,1,0,0,selection_isolated,30,0.443197,0.44236,0.4437645,0.7979645620344903,True,True
2749d31664905c24a21b64a3a74ce59d83e4f5ee9b5495dd2530667804fffa96,59986052,128,grid-select,1,0,0,transform_isolated,30,0.444504,0.44372225000000004,0.44532499999999997,1.009979662725195,True,True
2749d31664905c24a21b64a3a74ce59d83e4f5ee9b5495dd2530667804fffa96,59986052,128,grid-select,1,0,0,upload_shared,1,48.786843000000005,48.786843000000005,48.786843000000005,1.0,True,True
2749d31664905c24a21b64a3a74ce59d83e4f5ee9b5495dd2530667804fffa96,59986052,256,air-topk,1,512,0,download,30,0.0097445,0.0091465,0.010176000000000001,1.0,True,True
2749d31664905c24a21b64a3a74ce59d83e4f5ee9b5495dd2530667804fffa96,59986052,256,air-topk,1,512,0,operator,30,0.8007885,0.79843425,0.8023149999999999,1.0,True,True
2749d31664905c24a21b64a3a74ce59d83e4f5ee9b5495dd2530667804fffa96,59986052,256,air-topk,1,512,0,output_isolated,30,0.018613499999999998,0.018498,0.01880375,1.0,True,True
2749d31664905c24a21b64a3a74ce59d83e4f5ee9b5495dd2530667804fffa96,59986052,256,air-topk,1,512,0,selection_isolated,30,0.3567655,0.35576925000000004,0.35885374999999997,1.0,True,True
2749d31664905c24a21b64a3a74ce59d83e4f5ee9b5495dd2530667804fffa96,59986052,256,air-topk,1,512,0,transform_isolated,30,0.4485095,0.4473205,0.44908825,1.0,True,True
2749d31664905c24a21b64a3a74ce59d83e4f5ee9b5495dd2530667804fffa96,59986052,256,air-topk,1,512,0,upload_shared,1,48.735375999999995,48.735375999999995,48.735375999999995,1.0,True,True
2749d31664905c24a21b64a3a74ce59d83e4f5ee9b5495dd2530667804fffa96,59986052,256,bits-prefetch,1,128,4,download,30,0.021302500000000002,0.0209785,0.0222155,0.45743457340687704,False,False
2749d31664905c24a21b64a3a74ce59d83e4f5ee9b5495dd2530667804fffa96,59986052,256,bits-prefetch,1,128,4,operator,30,62.453036,62.44812374999999,62.456806750000005,0.012822250947095671,False,False
2749d31664905c24a21b64a3a74ce59d83e4f5ee9b5495dd2530667804fffa96,59986052,256,bits-prefetch,1,128,4,output_isolated,30,0.022609499999999998,0.02171225,0.02350025,0.823260134014463,False,False
2749d31664905c24a21b64a3a74ce59d83e4f5ee9b5495dd2530667804fffa96,59986052,256,bits-prefetch,1,128,4,selection_isolated,30,61.993064000000004,61.986190500000006,61.999148,0.005754926067212938,False,False
2749d31664905c24a21b64a3a74ce59d83e4f5ee9b5495dd2530667804fffa96,59986052,256,bits-prefetch,1,128,4,transform_isolated,30,0.446181,0.44544249999999996,0.447077,1.0052187341011831,False,False
2749d31664905c24a21b64a3a74ce59d83e4f5ee9b5495dd2530667804fffa96,59986052,256,bits-prefetch,1,128,4,upload_shared,1,48.804100000000005,48.804100000000005,48.804100000000005,0.9985918396200317,False,False
2749d31664905c24a21b64a3a74ce59d83e4f5ee9b5495dd2530667804fffa96,59986052,256,bits-prefetch,1,128,7,download,30,0.019965999999999998,0.01956675,0.02067625,0.48805469297806275,False,False
2749d31664905c24a21b64a3a74ce59d83e4f5ee9b5495dd2530667804fffa96,59986052,256,bits-prefetch,1,128,7,operator,30,42.7686545,42.767081999999995,42.77232725,0.01872372440428305,False,False
2749d31664905c24a21b64a3a74ce59d83e4f5ee9b5495dd2530667804fffa96,59986052,256,bits-prefetch,1,128,7,output_isolated,30,0.0206065,0.019955,0.020966,0.9032829447019144,False,False
2749d31664905c24a21b64a3a74ce59d83e4f5ee9b5495dd2530667804fffa96,59986052,256,bits-prefetch,1,128,7,selection_isolated,30,42.313255,42.3124005,42.3147435,0.008431530497949166,False,False
2749d31664905c24a21b64a3a74ce59d83e4f5ee9b5495dd2530667804fffa96,59986052,256,bits-prefetch,1,128,7,transform_isolated,30,0.44537000000000004,0.44433575,0.44630425,1.0070491950513056,False,False
2749d31664905c24a21b64a3a74ce59d83e4f5ee9b5495dd2530667804fffa96,59986052,256,bits-prefetch,1,128,7,upload_shared,1,48.740153,48.740153,48.740153,0.9999019904594882,False,False
2749d31664905c24a21b64a3a74ce59d83e4f5ee9b5495dd2530667804fffa96,59986052,256,bits-prefetch,1,128,8,download,30,0.019624999999999997,0.019109,0.02023575,0.4965350318471338,False,False
2749d31664905c24a21b64a3a74ce59d83e4f5ee9b5495dd2530667804fffa96,59986052,256,bits-prefetch,1,128,8,operator,30,40.3261635,40.32496449999999,40.328858000000004,0.019857790340010898,False,False
2749d31664905c24a21b64a3a74ce59d83e4f5ee9b5495dd2530667804fffa96,59986052,256,bits-prefetch,1,128,8,output_isolated,30,0.020356,0.01954,0.021041999999999998,0.9143987030850854,False,False
2749d31664905c24a21b64a3a74ce59d83e4f5ee9b5495dd2530667804fffa96,59986052,256,bits-prefetch,1,128,8,selection_isolated,30,39.870057,39.86902275,39.871271500000006,0.008948206419669778,False,False
2749d31664905c24a21b64a3a74ce59d83e4f5ee9b5495dd2530667804fffa96,59986052,256,bits-prefetch,1,128,8,transform_isolated,30,0.445871,0.44499675,0.4470445,1.0059176308842692,False,False
2749d31664905c24a21b64a3a74ce59d83e4f5ee9b5495dd2530667804fffa96,59986052,256,bits-prefetch,1,128,8,upload_shared,1,48.773083,48.773083,48.773083,0.9992268891429315,False,False
2749d31664905c24a21b64a3a74ce59d83e4f5ee9b5495dd2530667804fffa96,59986052,256,bits-prefetch,1,128,13,download,30,0.018217499999999998,0.01770875,0.0187055,0.5348977631398382,False,False
2749d31664905c24a21b64a3a74ce59d83e4f5ee9b5495dd2530667804fffa96,59986052,256,bits-prefetch,1,128,13,operator,30,34.2153395,34.20922525,34.22350625,0.023404371013182552,False,False
2749d31664905c24a21b64a3a74ce59d83e4f5ee9b5495dd2530667804fffa96,59986052,256,bits-prefetch,1,128,13,output_isolated,30,0.0195845,0.018716249999999997,0.020391,0.9504199749802138,False,False
2749d31664905c24a21b64a3a74ce59d83e4f5ee9b5495dd2530667804fffa96,59986052,256,bits-prefetch,1,128,13,selection_isolated,30,33.763724999999994,33.75568025,33.770750500000005,0.010566532573049925,False,False
2749d31664905c24a21b64a3a74ce59d83e4f5ee9b5495dd2530667804fffa96,59986052,256,bits-prefetch,1,128,13,transform_isolated,30,0.444934,0.4441955,0.44596575,1.0080360233203127,False,False
2749d31664905c24a21b64a3a74ce59d83e4f5ee9b5495dd2530667804fffa96,59986052,256,bits-prefetch,1,128,13,upload_shared,1,48.707303,48.707303,48.707303,1.0005763612080922,False,False
2749d31664905c24a21b64a3a74ce59d83e4f5ee9b5495dd2530667804fffa96,59986052,256,bits-prefetch,1,128,16,download,30,0.018452999999999997,0.017592,0.018818,0.5280713163171301,False,False
2749d31664905c24a21b64a3a74ce59d83e4f5ee9b5495dd2530667804fffa96,59986052,256,bits-prefetch,1,128,16,operator,30,31.746608,31.744300250000002,31.75142575,0.025224379877056474,False,False
2749d31664905c24a21b64a3a74ce59d83e4f5ee9b5495dd2530667804fffa96,59986052,256,bits-prefetch,1,128,16,output_isolated,30,0.019299,0.01871575,0.020047500000000003,0.9644800248717549,False,False
2749d31664905c24a21b64a3a74ce59d83e4f5ee9b5495dd2530667804fffa96,59986052,256,bits-prefetch,1,128,16,selection_isolated,30,31.295976,31.29187175,31.298046250000002,0.011399724360729316,False,False
2749d31664905c24a21b64a3a74ce59d83e4f5ee9b5495dd2530667804fffa96,59986052,256,bits-prefetch,1,128,16,transform_isolated,30,0.44529,0.44419575,0.4461735,1.007230119697276,False,False
2749d31664905c24a21b64a3a74ce59d83e4f5ee9b5495dd2530667804fffa96,59986052,256,bits-prefetch,1,128,16,upload_shared,1,48.623055,48.623055,48.623055,1.0023100358461638,False,False
2749d31664905c24a21b64a3a74ce59d83e4f5ee9b5495dd2530667804fffa96,59986052,256,bits-prefetch,1,256,4,download,30,0.019184,0.01856125,0.019755750000000002,0.5079493327773145,False,False
2749d31664905c24a21b64a3a74ce59d83e4f5ee9b5495dd2530667804fffa96,59986052,256,bits-prefetch,1,256,4,operator,30,39.5351045,39.53190675,39.53949925,0.02025512541645109,False,False
2749d31664905c24a21b64a3a74ce59d83e4f5ee9b5495dd2530667804fffa96,59986052,256,bits-prefetch,1,256,4,output_isolated,30,0.020306,0.019926000000000003,0.02084925,0.9166502511572933,False,False
2749d31664905c24a21b64a3a74ce59d83e4f5ee9b5495dd2530667804fffa96,59986052,256,bits-prefetch,1,256,4,selection_isolated,30,39.0797105,39.07628174999999,39.08214375,0.009129174587923318,False,False
2749d31664905c24a21b64a3a74ce59d83e4f5ee9b5495dd2530667804fffa96,59986052,256,bits-prefetch,1,256,4,transform_isolated,30,0.44537950000000004,0.4447715,0.44635875,1.0070277145670152,False,False
2749d31664905c24a21b64a3a74ce59d83e4f5ee9b5495dd2530667804fffa96,59986052,256,bits-prefetch,1,256,4,upload_shared,1,48.846204,48.846204,48.846204,0.9977310826446205,False,False
2749d31664905c24a21b64a3a74ce59d83e4f5ee9b5495dd2530667804fffa96,59986052,256,bits-prefetch,1,256,7,download,30,0.0169255,0.016136499999999998,0.01755375,0.5757289297214262,False,False
2749d31664905c24a21b64a3a74ce59d83e4f5ee9b5495dd2530667804fffa96,59986052,256,bits-prefetch,1,256,7,operator,30,25.3670875,25.365625,25.36935775,0.03156801110888272,False,False
2749d31664905c24a21b64a3a74ce59d83e4f5ee9b5495dd2530667804fffa96,59986052,256,bits-prefetch,1,256,7,output_isolated,30,0.018193,0.01713525,0.018934,1.0231132853295222,False,False
2749d31664905c24a21b64a3a74ce59d83e4f5ee9b5495dd2530667804fffa96,59986052,256,bits-prefetch,1,256,7,selection_isolated,30,24.914161,24.912012250000004,24.917005500000002,0.0143197878507729,False,False
2749d31664905c24a21b64a3a74ce59d83e4f5ee9b5495dd2530667804fffa96,59986052,256,bits-prefetch,1,256,7,transform_isolated,30,0.444759,0.44397725000000005,0.4456175,1.0084326567871589,False,False
2749d31664905c24a21b64a3a74ce59d83e4f5ee9b5495dd2530667804fffa96,59986052,256,bits-prefetch,1,256,7,upload_shared,1,48.722576,48.722576,48.722576,1.0002627118894534,False,False
2749d31664905c24a21b64a3a74ce59d83e4f5ee9b5495dd2530667804fffa96,59986052,256,bits-prefetch,1,256,8,download,30,0.0167655,0.016111749999999998,0.01749125,0.5812233455608243,False,False
2749d31664905c24a21b64a3a74ce59d83e4f5ee9b5495dd2530667804fffa96,59986052,256,bits-prefetch,1,256,8,operator,30,23.885452,23.883101500000002,23.8871825,0.03352620247672097,False,False
2749d31664905c24a21b64a3a74ce59d83e4f5ee9b5495dd2530667804fffa96,59986052,256,bits-prefetch,1,256,8,output_isolated,30,0.017361,0.01685575,0.01829725,1.0721444617245548,False,False
2749d31664905c24a21b64a3a74ce59d83e4f5ee9b5495dd2530667804fffa96,59986052,256,bits-prefetch,1,256,8,selection_isolated,30,23.431473999999998,23.4293035,23.4344995,0.015225909390079345,False,False
2749d31664905c24a21b64a3a74ce59d83e4f5ee9b5495dd2530667804fffa96,59986052,256,bits-prefetch,1,256,8,transform_isolated,30,0.4450495,0.4438855,0.44582775,1.007774416104276,False,False
2749d31664905c24a21b64a3a74ce59d83e4f5ee9b5495dd2530667804fffa96,59986052,256,bits-prefetch,1,256,8,upload_shared,1,48.812692,48.812692,48.812692,0.998416067689936,False,False
2749d31664905c24a21b64a3a74ce59d83e4f5ee9b5495dd2530667804fffa96,59986052,256,bits-prefetch,1,256,13,download,30,0.0163395,0.0150555,0.0170685,0.5963768781174454,False,False
2749d31664905c24a21b64a3a74ce59d83e4f5ee9b5495dd2530667804fffa96,59986052,256,bits-prefetch,1,256,13,operator,30,20.426651,20.42403725,20.429458,0.03920312243059325,False,False
2749d31664905c24a21b64a3a74ce59d83e4f5ee9b5495dd2530667804fffa96,59986052,256,bits-prefetch,1,256,13,output_isolated,30,0.016821000000000003,0.01606925,0.017243500000000002,1.1065632245407524,False,False
2749d31664905c24a21b64a3a74ce59d83e4f5ee9b5495dd2530667804fffa96,59986052,256,bits-prefetch,1,256,13,selection_isolated,30,19.9725775,19.9705445,19.974315,0.017862767086521507,False,False
2749d31664905c24a21b64a3a74ce59d83e4f5ee9b5495dd2530667804fffa96,59986052,256,bits-prefetch,1,256,13,transform_isolated,30,0.444844,0.44421800000000006,0.44569575,1.0082399672694247,False,False
2749d31664905c24a21b64a3a74ce59d83e4f5ee9b5495dd2530667804fffa96,59986052,256,bits-prefetch,1,256,13,upload_shared,1,48.75117,48.75117,48.75117,0.9996760282881415,False,False
2749d31664905c24a21b64a3a74ce59d83e4f5ee9b5495dd2530667804fffa96,59986052,256,bits-prefetch,1,256,16,download,30,0.0160845,0.015098,0.0166825,0.6058317013273647,False,False
2749d31664905c24a21b64a3a74ce59d83e4f5ee9b5495dd2530667804fffa96,59986052,256,bits-prefetch,1,256,16,operator,30,19.6962795,19.6943165,19.69924625,0.04065684080082231,False,False
2749d31664905c24a21b64a3a74ce59d83e4f5ee9b5495dd2530667804fffa96,59986052,256,bits-prefetch,1,256,16,output_isolated,30,0.016475,0.016029750000000002,0.0170335,1.129802731411229,False,False
2749d31664905c24a21b64a3a74ce59d83e4f5ee9b5495dd2530667804fffa96,59986052,256,bits-prefetch,1,256,16,selection_isolated,30,19.243989,19.2422845,19.24576425,0.018539061729873157,False,False
2749d31664905c24a21b64a3a74ce59d83e4f5ee9b5495dd2530667804fffa96,59986052,256,bits-prefetch,1,256,16,transform_isolated,30,0.44485399999999997,0.444088,0.44614850000000006,1.0082173027555108,False,False
2749d31664905c24a21b64a3a74ce59d83e4f5ee9b5495dd2530667804fffa96,59986052,256,bits-prefetch,1,256,16,upload_shared,1,48.65958,48.65958,48.65958,1.0015576788784448,False,False
2749d31664905c24a21b64a3a74ce59d83e4f5ee9b5495dd2530667804fffa96,59986052,256,bits-prefetch,1,512,4,download,30,0.016069,0.01493025,0.017251,0.6064160806521874,False,False
2749d31664905c24a21b64a3a74ce59d83e4f5ee9b5495dd2530667804fffa96,59986052,256,bits-prefetch,1,512,4,operator,30,21.0095345,21.007819,21.010873500000002,0.038115480378682356,False,False
2749d31664905c24a21b64a3a74ce59d83e4f5ee9b5495dd2530667804fffa96,59986052,256,bits-prefetch,1,512,4,output_isolated,30,0.0171255,0.016450000000000003,0.017807,1.0868879740737496,False,False
2749d31664905c24a21b64a3a74ce59d83e4f5ee9b5495dd2530667804fffa96,59986052,256,bits-prefetch,1,512,4,selection_isolated,30,20.555952,20.5553385,20.55822525,0.01735582472658041,False,False
2749d31664905c24a21b64a3a74ce59d83e4f5ee9b5495dd2530667804fffa96,59986052,256,bits-prefetch,1,512,4,transform_isolated,30,0.444784,0.4439955,0.44550775000000004,1.0083759757545234,False,False
2749d31664905c24a21b64a3a74ce59d83e4f5ee9b5495dd2530667804fffa96,59986052,256,bits-prefetch,1,512,4,upload_shared,1,48.731319,48.731319,48.731319,1.000083252415146,False,False
2749d31664905c24a21b64a3a74ce59d83e4f5ee9b5495dd2530667804fffa96,59986052,256,bits-prefetch,1,512,7,download,30,0.014197,0.01358575,0.0156165,0.6863774036768331,False,False
2749d31664905c24a21b64a3a74ce59d83e4f5ee9b5495dd2530667804fffa96,59986052,256,bits-prefetch,1,512,7,operator,30,15.452224,15.451392250000001,15.454034,0.05182351097162454,False,False
2749d31664905c24a21b64a3a74ce59d83e4f5ee9b5495dd2530667804fffa96,59986052,256,bits-prefetch,1,512,7,output_isolated,30,0.0154185,0.014167,0.01582625,1.2072186010312287,False,False
2749d31664905c24a21b64a3a74ce59d83e4f5ee9b5495dd2530667804fffa96,59986052,256,bits-prefetch,1,512,7,selection_isolated,30,15.001005,14.9996805,15.001934250000001,0.02378277322086087,False,False
2749d31664905c24a21b64a3a74ce59d83e4f5ee9b5495dd2530667804fffa96,59986052,256,bits-prefetch,1,512,7,transform_isolated,30,0.4445235,0.444038,0.44535225000000006,1.008966905011771,False,False
2749d31664905c24a21b64a3a74ce59d83e4f5ee9b5495dd2530667804fffa96,59986052,256,bits-prefetch,1,512,7,upload_shared,1,48.651638,48.651638,48.651638,1.0017211753487107,False,False
2749d31664905c24a21b64a3a74ce59d83e4f5ee9b5495dd2530667804fffa96,59986052,256,bits-prefetch,1,512,8,download,30,0.014902499999999999,0.013690999999999998,0.01570375,0.6538835765811106,False,False
2749d31664905c24a21b64a3a74ce59d83e4f5ee9b5495dd2530667804fffa96,59986052,256,bits-prefetch,1,512,8,operator,30,14.8013275,14.7997625,14.802597500000001,0.05410247830811122,False,False
2749d31664905c24a21b64a3a74ce59d83e4f5ee9b5495dd2530667804fffa96,59986052,256,bits-prefetch,1,512,8,output_isolated,30,0.015168000000000001,0.0143495,0.01589625,1.2271558544303796,False,False
2749d31664905c24a21b64a3a74ce59d83e4f5ee9b5495dd2530667804fffa96,59986052,256,bits-prefetch,1,512,8,selection_isolated,30,14.3498235,14.349252,14.350445750000002,0.024862013111171716,False,False
2749d31664905c24a21b64a3a74ce59d83e4f5ee9b5495dd2530667804fffa96,59986052,256,bits-prefetch,1,512,8,transform_isolated,30,0.44479399999999997,0.44370224999999996,0.4454125,1.008353305125519,False,False
2749d31664905c24a21b64a3a74ce59d83e4f5ee9b5495dd2530667804fffa96,59986052,256,bits-prefetch,1,512,8,upload_shared,1,48.742767,48.742767,48.742767,0.9998483672459546,False,False
2749d31664905c24a21b64a3a74ce59d83e4f5ee9b5495dd2530667804fffa96,59986052,256,bits-prefetch,1,512,13,download,30,0.013975999999999999,0.013065,0.015062250000000001,0.6972309673726389,False,False
2749d31664905c24a21b64a3a74ce59d83e4f5ee9b5495dd2530667804fffa96,59986052,256,bits-prefetch,1,512,13,operator,30,14.0314655,14.030209,14.032860499999998,0.05707090966371261,False,False
2749d31664905c24a21b64a3a74ce59d83e4f5ee9b5495dd2530667804fffa96,59986052,256,bits-prefetch,1,512,13,output_isolated,30,0.014572000000000002,0.01422425,0.015656249999999997,1.2773469667856159,False,False
2749d31664905c24a21b64a3a74ce59d83e4f5ee9b5495dd2530667804fffa96,59986052,256,bits-prefetch,1,512,13,selection_isolated,30,13.580051999999998,13.579421,13.58106875,0.026271291155586154,False,False
2749d31664905c24a21b64a3a74ce59d83e4f5ee9b5495dd2530667804fffa96,59986052,256,bits-prefetch,1,512,13,transform_isolated,30,0.444369,0.443237,0.44558825,1.009317706680709,False,False
2749d31664905c24a21b64a3a74ce59d83e4f5ee9b5495dd2530667804fffa96,59986052,256,bits-prefetch,1,512,13,upload_shared,1,48.740733,48.740733,48.740733,0.9998900919278336,False,False
2749d31664905c24a21b64a3a74ce59d83e4f5ee9b5495dd2530667804fffa96,59986052,256,bits-prefetch,1,512,16,download,30,0.013971,0.013319999999999999,0.0148295,0.6974804953117171,True,False
2749d31664905c24a21b64a3a74ce59d83e4f5ee9b5495dd2530667804fffa96,59986052,256,bits-prefetch,1,512,16,operator,30,13.234763999999998,13.23270775,13.23719475,0.06050644348474972,True,False
2749d31664905c24a21b64a3a74ce59d83e4f5ee9b5495dd2530667804fffa96,59986052,256,bits-prefetch,1,512,16,output_isolated,30,0.014211999999999999,0.013329999999999998,0.01491525,1.3097030678300028,True,False
2749d31664905c24a21b64a3a74ce59d83e4f5ee9b5495dd2530667804fffa96,59986052,256,bits-prefetch,1,512,16,selection_isolated,30,12.781182,12.7784875,12.78290875,0.0279133416612016,True,False
2749d31664905c24a21b64a3a74ce59d83e4f5ee9b5495dd2530667804fffa96,59986052,256,bits-prefetch,1,512,16,transform_isolated,30,0.4445985,0.44397800000000004,0.44553575,1.00879670084357,True,False
2749d31664905c24a21b64a3a74ce59d83e4f5ee9b5495dd2530667804fffa96,59986052,256,bits-prefetch,1,512,16,upload_shared,1,48.735375999999995,48.735375999999995,48.735375999999995,1.0,True,False
2749d31664905c24a21b64a3a74ce59d83e4f5ee9b5495dd2530667804fffa96,59986052,256,bits-sq,8,128,4,download,30,0.013125,0.01258175,0.014117000000000001,0.7424380952380952,False,False
2749d31664905c24a21b64a3a74ce59d83e4f5ee9b5495dd2530667804fffa96,59986052,256,bits-sq,8,128,4,operator,30,10.592200000000002,10.59166125,10.593138500000002,0.07560171635731952,False,False
2749d31664905c24a21b64a3a74ce59d83e4f5ee9b5495dd2530667804fffa96,59986052,256,bits-sq,8,128,4,output_isolated,30,0.013475,0.0129325,0.014567,1.3813358070500925,False,False
2749d31664905c24a21b64a3a74ce59d83e4f5ee9b5495dd2530667804fffa96,59986052,256,bits-sq,8,128,4,selection_isolated,30,10.14049,10.14005475,10.140993499999999,0.035182274229351836,False,False
2749d31664905c24a21b64a3a74ce59d83e4f5ee9b5495dd2530667804fffa96,59986052,256,bits-sq,8,128,4,transform_isolated,30,0.444593,0.44360700000000003,0.44582499999999997,1.0088091805314074,False,False
2749d31664905c24a21b64a3a74ce59d83e4f5ee9b5495dd2530667804fffa96,59986052,256,bits-sq,8,128,4,upload_shared,1,48.804100000000005,48.804100000000005,48.804100000000005,0.9985918396200317,False,False
2749d31664905c24a21b64a3a74ce59d83e4f5ee9b5495dd2530667804fffa96,59986052,256,bits-sq,8,128,7,download,30,0.012754,0.01205575,0.013572750000000001,0.7640348126078093,False,False
2749d31664905c24a21b64a3a74ce59d83e4f5ee9b5495dd2530667804fffa96,59986052,256,bits-sq,8,128,7,operator,30,7.55964,7.5587855,7.560286,0.10592944902138197,False,False
2749d31664905c24a21b64a3a74ce59d83e4f5ee9b5495dd2530667804fffa96,59986052,256,bits-sq,8,128,7,output_isolated,30,0.0127945,0.012364,0.013896499999999999,1.4548047989370432,False,False
2749d31664905c24a21b64a3a74ce59d83e4f5ee9b5495dd2530667804fffa96,59986052,256,bits-sq,8,128,7,selection_isolated,30,7.108842,7.1083384999999994,7.109452749999999,0.050186162528299265,False,False
2749d31664905c24a21b64a3a74ce59d83e4f5ee9b5495dd2530667804fffa96,59986052,256,bits-sq,8,128,7,transform_isolated,30,0.44447400000000004,0.443752,0.44512900000000005,1.0090792712284633,False,False
2749d31664905c24a21b64a3a74ce59d83e4f5ee9b5495dd2530667804fffa96,59986052,256,bits-sq,8,128,7,upload_shared,1,48.740153,48.740153,48.740153,0.9999019904594882,False,False
2749d31664905c24a21b64a3a74ce59d83e4f5ee9b5495dd2530667804fffa96,59986052,256,bits-sq,8,128,8,download,30,0.0121435,0.011577,0.013611,0.8024457528719068,False,False
2749d31664905c24a21b64a3a74ce59d83e4f5ee9b5495dd2530667804fffa96,59986052,256,bits-sq,8,128,8,operator,30,6.951668,6.95053175,6.952987749999999,0.11519372041357556,False,False
2749d31664905c24a21b64a3a74ce59d83e4f5ee9b5495dd2530667804fffa96,59986052,256,bits-sq,8,128,8,output_isolated,30,0.012619000000000002,0.0119605,0.013320249999999999,1.4750376416514777,False,False
2749d31664905c24a21b64a3a74ce59d83e4f5ee9b5495dd2530667804fffa96,59986052,256,bits-sq,8,128,8,selection_isolated,30,6.502222,6.501426,6.502864000000001,0.05486824350199056,False,False
2749d31664905c24a21b64a3a74ce59d83e4f5ee9b5495dd2530667804fffa96,59986052,256,bits-sq,8,128,8,transform_isolated,30,0.44392750000000003,0.443282,0.44518974999999994,1.0103215052007366,False,False
2749d31664905c24a21b64a3a74ce59d83e4f5ee9b5495dd2530667804fffa96,59986052,256,bits-sq,8,128,8,upload_shared,1,48.773083,48.773083,48.773083,0.9992268891429315,False,False
2749d31664905c24a21b64a3a74ce59d83e4f5ee9b5495dd2530667804fffa96,59986052,256,bits-sq,8,128,13,download,30,0.0117075,0.0111245,0.0130625,0.8323297031817212,False,False
2749d31664905c24a21b64a3a74ce59d83e4f5ee9b5495dd2530667804fffa96,59986052,256,bits-sq,8,128,13,operator,30,6.213153999999999,6.211727,6.21401075,0.12888598930591452,False,False
2749d31664905c24a21b64a3a74ce59d83e4f5ee9b5495dd2530667804fffa96,59986052,256,bits-sq,8,128,13,output_isolated,30,0.012399,0.011573,0.01299725,1.5012097749818532,False,False
2749d31664905c24a21b64a3a74ce59d83e4f5ee9b5495dd2530667804fffa96,59986052,256,bits-sq,8,128,13,selection_isolated,30,5.7626415,5.7617575,5.7633677500000005,0.06191006329302283,False,False
2749d31664905c24a21b64a3a74ce59d83e4f5ee9b5495dd2530667804fffa96,59986052,256,bits-sq,8,128,13,transform_isolated,30,0.444648,0.44394449999999996,0.44555,1.008684397545924,False,False
2749d31664905c24a21b64a3a74ce59d83e4f5ee9b5495dd2530667804fffa96,59986052,256,bits-sq,8,128,13,upload_shared,1,48.707303,48.707303,48.707303,1.0005763612080922,False,False
2749d31664905c24a21b64a3a74ce59d83e4f5ee9b5495dd2530667804fffa96,59986052,256,bits-sq,8,128,16,download,30,0.011838000000000001,0.010786249999999999,0.012683999999999999,0.823154249028552,False,False
2749d31664905c24a21b64a3a74ce59d83e4f5ee9b5495dd2530667804fffa96,59986052,256,bits-sq,8,128,16,operator,30,5.961919,5.960874499999999,5.962313999999999,0.13431723913055513,False,False
2749d31664905c24a21b64a3a74ce59d83e4f5ee9b5495dd2530667804fffa96,59986052,256,bits-sq,8,128,16,output_isolated,30,0.012364,0.011612,0.012917249999999998,1.5054593982529925,False,False
2749d31664905c24a21b64a3a74ce59d83e4f5ee9b5495dd2530667804fffa96,59986052,256,bits-sq,8,128,16,selection_isolated,30,5.511176,5.510730000000001,5.51188175,0.06473491320182843,False,False
2749d31664905c24a21b64a3a74ce59d83e4f5ee9b5495dd2530667804fffa96,59986052,256,bits-sq,8,128,16,transform_isolated,30,0.444463,0.44374975,0.44553075,1.0091042448977756,False,False
2749d31664905c24a21b64a3a74ce59d83e4f5ee9b5495dd2530667804fffa96,59986052,256,bits-sq,8,128,16,upload_shared,1,48.623055,48.623055,48.623055,1.0023100358461638,False,False
2749d31664905c24a21b64a3a74ce59d83e4f5ee9b5495dd2530667804fffa96,59986052,256,bits-sq,8,256,4,download,30,0.011352000000000001,0.010863499999999998,0.012173749999999999,0.8583949964763917,False,False
2749d31664905c24a21b64a3a74ce59d83e4f5ee9b5495dd2530667804fffa96,59986052,256,bits-sq,8,256,4,operator,30,5.90058,5.8999500000000005,5.9018855,0.1357135230773924,False,False
2749d31664905c24a21b64a3a74ce59d83e4f5ee9b5495dd2530667804fffa96,59986052,256,bits-sq,8,256,4,output_isolated,30,0.0121585,0.011589499999999999,0.012319,1.5309043056298062,False,False
2749d31664905c24a21b64a3a74ce59d83e4f5ee9b5495dd2530667804fffa96,59986052,256,bits-sq,8,256,4,selection_isolated,30,5.4507794999999994,5.4502315,5.45138975,0.06545219816725296,False,False
2749d31664905c24a21b64a3a74ce59d83e4f5ee9b5495dd2530667804fffa96,59986052,256,bits-sq,8,256,4,transform_isolated,30,0.444193,0.44341624999999996,0.44503400000000004,1.009717622745068,False,False
2749d31664905c24a21b64a3a74ce59d83e4f5ee9b5495dd2530667804fffa96,59986052,256,bits-sq,8,256,4,upload_shared,1,48.846204,48.846204,48.846204,0.9977310826446205,False,False
2749d31664905c24a21b64a3a74ce59d83e4f5ee9b5495dd2530667804fffa96,59986052,256,bits-sq,8,256,7,download,30,0.0115525,0.01068625,0.012185750000000002,0.8434970785544254,False,False
2749d31664905c24a21b64a3a74ce59d83e4f5ee9b5495dd2530667804fffa96,59986052,256,bits-sq,8,256,7,operator,30,4.825927500000001,4.82467875,4.8272122500000005,0.16593463121855848,False,False
2749d31664905c24a21b64a3a74ce59d83e4f5ee9b5495dd2530667804fffa96,59986052,256,bits-sq,8,256,7,output_isolated,30,0.011672499999999999,0.01100625,0.01206575,1.5946455343756694,False,False
2749d31664905c24a21b64a3a74ce59d83e4f5ee9b5495dd2530667804fffa96,59986052,256,bits-sq,8,256,7,selection_isolated,30,4.376211,4.37536175,4.37656625,0.0815238342026927,False,False
2749d31664905c24a21b64a3a74ce59d83e4f5ee9b5495dd2530667804fffa96,59986052,256,bits-sq,8,256,7,transform_isolated,30,0.444118,0.44331125000000005,0.44519975,1.0098881378372415,False,False
2749d31664905c24a21b64a3a74ce59d83e4f5ee9b5495dd2530667804fffa96,59986052,256,bits-sq,8,256,7,upload_shared,1,48.722576,48.722576,48.722576,1.0002627118894534,False,False
2749d31664905c24a21b64a3a74ce59d83e4f5ee9b5495dd2530667804fffa96,59986052,256,bits-sq,8,256,8,download,30,0.011362,0.0107785,0.012203,0.8576395000880126,False,False
2749d31664905c24a21b64a3a74ce59d83e4f5ee9b5495dd2530667804fffa96,59986052,256,bits-sq,8,256,8,operator,30,4.6966515,4.695152500000001,4.69740775,0.17050200552457428,False,False
2749d31664905c24a21b64a3a74ce59d83e4f5ee9b5495dd2530667804fffa96,59986052,256,bits-sq,8,256,8,output_isolated,30,0.011272,0.0109095,0.012213749999999999,1.6513041163946058,False,False
2749d31664905c24a21b64a3a74ce59d83e4f5ee9b5495dd2530667804fffa96,59986052,256,bits-sq,8,256,8,selection_isolated,30,4.2470905000000005,4.246383999999999,4.24788375,0.08400233053663443,False,False
2749d31664905c24a21b64a3a74ce59d83e4f5ee9b5495dd2530667804fffa96,59986052,256,bits-sq,8,256,8,transform_isolated,30,0.444218,0.44343625,0.44503475,1.0096607971761613,False,False
2749d31664905c24a21b64a3a74ce59d83e4f5ee9b5495dd2530667804fffa96,59986052,256,bits-sq,8,256,8,upload_shared,1,48.812692,48.812692,48.812692,0.998416067689936,False,False
2749d31664905c24a21b64a3a74ce59d83e4f5ee9b5495dd2530667804fffa96,59986052,256,bits-sq,8,256,13,download,30,0.0106555,0.01020325,0.011983750000000001,0.9145042466331941,False,False
2749d31664905c24a21b64a3a74ce59d83e4f5ee9b5495dd2530667804fffa96,59986052,256,bits-sq,8,256,13,operator,30,4.3157440000000005,4.314802,4.316420000000001,0.1855505099468365,False,False
2749d31664905c24a21b64a3a74ce59d83e4f5ee9b5495dd2530667804fffa96,59986052,256,bits-sq,8,256,13,output_isolated,30,0.011262,0.0106185,0.011928000000000001,1.652770378263186,False,False
2749d31664905c24a21b64a3a74ce59d83e4f5ee9b5495dd2530667804fffa96,59986052,256,bits-sq,8,256,13,selection_isolated,30,3.866389,3.865903,3.86705725,0.09227356585175471,False,False
2749d31664905c24a21b64a3a74ce59d83e4f5ee9b5495dd2530667804fffa96,59986052,256,bits-sq,8,256,13,transform_isolated,30,0.444659,0.4439755,0.445498,1.0086594446530937,False,False
2749d31664905c24a21b64a3a74ce59d83e4f5ee9b5495dd2530667804fffa96,59986052,256,bits-sq,8,256,13,upload_shared,1,48.75117,48.75117,48.75117,0.9996760282881415,False,False
2749d31664905c24a21b64a3a74ce59d83e4f5ee9b5495dd2530667804fffa96,59986052,256,bits-sq,8,256,16,download,30,0.010947,0.0105635,0.01156525,0.8901525532109253,False,False
2749d31664905c24a21b64a3a74ce59d83e4f5ee9b5495dd2530667804fffa96,59986052,256,bits-sq,8,256,16,operator,30,4.2773065,4.27635,4.2785705,0.18721793726963454,False,False
2749d31664905c24a21b64a3a74ce59d83e4f5ee9b5495dd2530667804fffa96,59986052,256,bits-sq,8,256,16,output_isolated,30,0.011067,0.01077625,0.0118005,1.6818921116833827,False,False
2749d31664905c24a21b64a3a74ce59d83e4f5ee9b5495dd2530667804fffa96,59986052,256,bits-sq,8,256,16,selection_isolated,30,3.828476,3.82809025,3.82956275,0.09318734138597186,False,False
2749d31664905c24a21b64a3a74ce59d83e4f5ee9b5495dd2530667804fffa96,59986052,256,bits-sq,8,256,16,transform_isolated,30,0.444473,0.44341975,0.445285,1.009081541510958,False,False
2749d31664905c24a21b64a3a74ce59d83e4f5ee9b5495dd2530667804fffa96,59986052,256,bits-sq,8,256,16,upload_shared,1,48.65958,48.65958,48.65958,1.0015576788784448,False,False
2749d31664905c24a21b64a3a74ce59d83e4f5ee9b5495dd2530667804fffa96,59986052,256,bits-sq,8,512,4,download,30,0.010811000000000001,0.010267749999999999,0.011588,0.9013504763666634,False,False
2749d31664905c24a21b64a3a74ce59d83e4f5ee9b5495dd2530667804fffa96,59986052,256,bits-sq,8,512,4,operator,30,3.601262,3.60027775,3.6020155000000003,0.22236329931007517,False,False
2749d31664905c24a21b64a3a74ce59d83e4f5ee9b5495dd2530667804fffa96,59986052,256,bits-sq,8,512,4,output_isolated,30,0.010907,0.0103485,0.011437000000000001,1.706564591546713,False,False
2749d31664905c24a21b64a3a74ce59d83e4f5ee9b5495dd2530667804fffa96,59986052,256,bits-sq,8,512,4,selection_isolated,30,3.152106,3.1515052500000005,3.152852,0.11318321782325849,False,False
2749d31664905c24a21b64a3a74ce59d83e4f5ee9b5495dd2530667804fffa96,59986052,256,bits-sq,8,512,4,transform_isolated,30,0.444248,0.44358975,0.445099,1.0095926149358017,False,False
2749d31664905c24a21b64a3a74ce59d83e4f5ee9b5495dd2530667804fffa96,59986052,256,bits-sq,8,512,4,upload_shared,1,48.731319,48.731319,48.731319,1.000083252415146,False,False
2749d31664905c24a21b64a3a74ce59d83e4f5ee9b5495dd2530667804fffa96,59986052,256,bits-sq,8,512,7,download,30,0.0105965,0.01015825,0.0112345,0.9195960930495918,False,False
2749d31664905c24a21b64a3a74ce59d83e4f5ee9b5495dd2530667804fffa96,59986052,256,bits-sq,8,512,7,operator,30,3.049601,3.04810825,3.0506845,0.26258795822797804,False,False
2749d31664905c24a21b64a3a74ce59d83e4f5ee9b5495dd2530667804fffa96,59986052,256,bits-sq,8,512,7,output_isolated,30,0.010471000000000001,0.009952500000000001,0.0112545,1.7776239136663161,False,False
2749d31664905c24a21b64a3a74ce59d83e4f5ee9b5495dd2530667804fffa96,59986052,256,bits-sq,8,512,7,selection_isolated,30,2.6006349999999996,2.6001374999999998,2.601342,0.13718399544726578,False,False
2749d31664905c24a21b64a3a74ce59d83e4f5ee9b5495dd2530667804fffa96,59986052,256,bits-sq,8,512,7,transform_isolated,30,0.44443350000000004,0.443447,0.4450415,1.0091712258414363,False,False
2749d31664905c24a21b64a3a74ce59d83e4f5ee9b5495dd2530667804fffa96,59986052,256,bits-sq,8,512,7,upload_shared,1,48.651638,48.651638,48.651638,1.0017211753487107,False,False
2749d31664905c24a21b64a3a74ce59d83e4f5ee9b5495dd2530667804fffa96,59986052,256,bits-sq,8,512,8,download,30,0.010366,0.010153249999999999,0.01100425,0.9400443758441057,False,False
2749d31664905c24a21b64a3a74ce59d83e4f5ee9b5495dd2530667804fffa96,59986052,256,bits-sq,8,512,8,operator,30,2.8912055,2.8904940000000003,2.8925304999999994,0.2769739127848228,False,False
2749d31664905c24a21b64a3a74ce59d83e4f5ee9b5495dd2530667804fffa96,59986052,256,bits-sq,8,512,8,output_isolated,30,0.010385,0.009940749999999998,0.010731000000000001,1.7923447279730378,False,False
2749d31664905c24a21b64a3a74ce59d83e4f5ee9b5495dd2530667804fffa96,59986052,256,bits-sq,8,512,8,selection_isolated,30,2.442476,2.44231775,2.44300625,0.1460671466167938,False,False
2749d31664905c24a21b64a3a74ce59d83e4f5ee9b5495dd2530667804fffa96,59986052,256,bits-sq,8,512,8,transform_isolated,30,0.4445235,0.44386275,0.44530675000000003,1.008966905011771,False,False
2749d31664905c24a21b64a3a74ce59d83e4f5ee9b5495dd2530667804fffa96,59986052,256,bits-sq,8,512,8,upload_shared,1,48.742767,48.742767,48.742767,0.9998483672459546,False,False
2749d31664905c24a21b64a3a74ce59d83e4f5ee9b5495dd2530667804fffa96,59986052,256,bits-sq,8,512,13,download,30,0.010440999999999999,0.00994275,0.01107375,0.9332918302844556,False,False
2749d31664905c24a21b64a3a74ce59d83e4f5ee9b5495dd2530667804fffa96,59986052,256,bits-sq,8,512,13,operator,30,2.763993,2.7632770000000004,2.76540025,0.28972160928048657,False,False
2749d31664905c24a21b64a3a74ce59d83e4f5ee9b5495dd2530667804fffa96,59986052,256,bits-sq,8,512,13,output_isolated,30,0.010165,0.00987,0.010673499999999999,1.8311362518445644,False,False
2749d31664905c24a21b64a3a74ce59d83e4f5ee9b5495dd2530667804fffa96,59986052,256,bits-sq,8,512,13,selection_isolated,30,2.31607,2.3151147499999998,2.31656825,0.15403916980056737,False,False
2749d31664905c24a21b64a3a74ce59d83e4f5ee9b5495dd2530667804fffa96,59986052,256,bits-sq,8,512,13,transform_isolated,30,0.444284,0.4435745,0.44512650000000004,1.009510808401833,False,False
2749d31664905c24a21b64a3a74ce59d83e4f5ee9b5495dd2530667804fffa96,59986052,256,bits-sq,8,512,13,upload_shared,1,48.740733,48.740733,48.740733,0.9998900919278336,False,False
2749d31664905c24a21b64a3a74ce59d83e4f5ee9b5495dd2530667804fffa96,59986052,256,bits-sq,8,512,16,download,30,0.010586,0.00996025,0.01139975,0.9205082184016625,False,False
2749d31664905c24a21b64a3a74ce59d83e4f5ee9b5495dd2530667804fffa96,59986052,256,bits-sq,8,512,16,operator,30,2.7196160000000003,2.718123,2.7207027499999996,0.2944491060502659,False,False
2749d31664905c24a21b64a3a74ce59d83e4f5ee9b5495dd2530667804fffa96,59986052,256,bits-sq,8,512,16,output_isolated,30,0.010335500000000001,0.01009825,0.010864249999999999,1.8009288375018138,False,False
2749d31664905c24a21b64a3a74ce59d83e4f5ee9b5495dd2530667804fffa96,59986052,256,bits-sq,8,512,16,selection_isolated,30,2.2704400000000002,2.2701217500000004,2.2709835,0.15713496062437235,False,False
2749d31664905c24a21b64a3a74ce59d83e4f5ee9b5495dd2530667804fffa96,59986052,256,bits-sq,8,512,16,transform_isolated,30,0.44455900000000004,0.44372275,0.4451215,1.0088863345472703,False,False
2749d31664905c24a21b64a3a74ce59d83e4f5ee9b5495dd2530667804fffa96,59986052,256,bits-sq,8,512,16,upload_shared,1,48.735375999999995,48.735375999999995,48.735375999999995,1.0,False,False
2749d31664905c24a21b64a3a74ce59d83e4f5ee9b5495dd2530667804fffa96,59986052,256,bits-sq,32,128,4,download,30,0.010621,0.010069999999999999,0.01136525,0.9174748140476414,False,False
2749d31664905c24a21b64a3a74ce59d83e4f5ee9b5495dd2530667804fffa96,59986052,256,bits-sq,32,128,4,operator,30,3.2023574999999997,3.201466,3.2030487500000002,0.2500621807527736,False,False
2749d31664905c24a21b64a3a74ce59d83e4f5ee9b5495dd2530667804fffa96,59986052,256,bits-sq,32,128,4,output_isolated,30,0.011112,0.010416,0.011347,1.6750809935205182,False,False
2749d31664905c24a21b64a3a74ce59d83e4f5ee9b5495dd2530667804fffa96,59986052,256,bits-sq,32,128,4,selection_isolated,30,2.7537425,2.75347225,2.7542465,0.12955659434387928,False,False
2749d31664905c24a21b64a3a74ce59d83e4f5ee9b5495dd2530667804fffa96,59986052,256,bits-sq,32,128,4,transform_isolated,30,0.4444235,0.44372475,0.4452225,1.0091939332641051,False,False
2749d31664905c24a21b64a3a74ce59d83e4f5ee9b5495dd2530667804fffa96,59986052,256,bits-sq,32,128,4,upload_shared,1,48.666752,48.666752,48.666752,1.0014100797193122,False,False
2749d31664905c24a21b64a3a74ce59d83e4f5ee9b5495dd2530667804fffa96,59986052,256,bits-sq,32,128,7,download,30,0.010355,0.0097975,0.010812,0.9410429744084983,False,False
2749d31664905c24a21b64a3a74ce59d83e4f5ee9b5495dd2530667804fffa96,59986052,256,bits-sq,32,128,7,operator,30,2.3823499999999997,2.38120875,2.3831635,0.33613385942451784,False,False
2749d31664905c24a21b64a3a74ce59d83e4f5ee9b5495dd2530667804fffa96,59986052,256,bits-sq,32,128,7,output_isolated,30,0.0100855,0.0097075,0.01053575,1.8455703733082145,False,False
2749d31664905c24a21b64a3a74ce59d83e4f5ee9b5495dd2530667804fffa96,59986052,256,bits-sq,32,128,7,selection_isolated,30,1.9342355000000002,1.933775,1.9346892500000001,0.1844478089663849,False,False
2749d31664905c24a21b64a3a74ce59d83e4f5ee9b5495dd2530667804fffa96,59986052,256,bits-sq,32,128,7,transform_isolated,30,0.44439799999999996,0.44374475,0.44494724999999996,1.00925184181747,False,False
2749d31664905c24a21b64a3a74ce59d83e4f5ee9b5495dd2530667804fffa96,59986052,256,bits-sq,32,128,7,upload_shared,1,48.690557000000005,48.690557000000005,48.690557000000005,1.0009204864918673,False,False
2749d31664905c24a21b64a3a74ce59d83e4f5ee9b5495dd2530667804fffa96,59986052,256,bits-sq,32,128,8,download,30,0.010305,0.00973975,0.0106185,0.9456089277049976,False,False
2749d31664905c24a21b64a3a74ce59d83e4f5ee9b5495dd2530667804fffa96,59986052,256,bits-sq,32,128,8,operator,30,2.262829,2.261852,2.26446025,0.35388820807935556,False,False
2749d31664905c24a21b64a3a74ce59d83e4f5ee9b5495dd2530667804fffa96,59986052,256,bits-sq,32,128,8,output_isolated,30,0.009995500000000001,0.00965475,0.0106235,1.8621879845930664,False,False
2749d31664905c24a21b64a3a74ce59d83e4f5ee9b5495dd2530667804fffa96,59986052,256,bits-sq,32,128,8,selection_isolated,30,1.815,1.8146300000000002,1.8154135,0.1965650137741047,False,False
2749d31664905c24a21b64a3a74ce59d83e4f5ee9b5495dd2530667804fffa96,59986052,256,bits-sq,32,128,8,transform_isolated,30,0.44423799999999997,0.4437195,0.4450415,1.009615341326046,False,False
2749d31664905c24a21b64a3a74ce59d83e4f5ee9b5495dd2530667804fffa96,59986052,256,bits-sq,32,128,8,upload_shared,1,48.795446999999996,48.795446999999996,48.795446999999996,0.9987689220266801,False,False
2749d31664905c24a21b64a3a74ce59d83e4f5ee9b5495dd2530667804fffa96,59986052,256,bits-sq,32,128,13,download,30,0.010336000000000001,0.0097575,0.01101925,0.9427728328173373,False,False
2749d31664905c24a21b64a3a74ce59d83e4f5ee9b5495dd2530667804fffa96,59986052,256,bits-sq,32,128,13,operator,30,2.0345779999999998,2.03359375,2.03536075,0.39358948145512246,False,False
2749d31664905c24a21b64a3a74ce59d83e4f5ee9b5495dd2530667804fffa96,59986052,256,bits-sq,32,128,13,output_isolated,30,0.0101055,0.0097975,0.0103935,1.8419177675523228,False,False
2749d31664905c24a21b64a3a74ce59d83e4f5ee9b5495dd2530667804fffa96,59986052,256,bits-sq,32,128,13,selection_isolated,30,1.5864545,1.58615375,1.5870047500000002,0.2248822768002486,False,False
2749d31664905c24a21b64a3a74ce59d83e4f5ee9b5495dd2530667804fffa96,59986052,256,bits-sq,32,128,13,transform_isolated,30,0.4445785,0.44352475,0.4455075,1.008842083006713,False,False
2749d31664905c24a21b64a3a74ce59d83e4f5ee9b5495dd2530667804fffa96,59986052,256,bits-sq,32,128,13,upload_shared,1,48.813984999999995,48.813984999999995,48.813984999999995,0.9983896213349515,False,False
2749d31664905c24a21b64a3a74ce59d83e4f5ee9b5495dd2530667804fffa96,59986052,256,bits-sq,32,128,16,download,30,0.010125,0.00971925,0.011192,0.9624197530864197,False,False
2749d31664905c24a21b64a3a74ce59d83e4f5ee9b5495dd2530667804fffa96,59986052,256,bits-sq,32,128,16,operator,30,1.9889185,1.9876037500000001,1.9896167500000002,0.4026250949950941,False,False
2749d31664905c24a21b64a3a74ce59d83e4f5ee9b5495dd2530667804fffa96,59986052,256,bits-sq,32,128,16,output_isolated,30,0.00992,0.009618999999999999,0.010248499999999999,1.876360887096774,False,False
2749d31664905c24a21b64a3a74ce59d83e4f5ee9b5495dd2530667804fffa96,59986052,256,bits-sq,32,128,16,selection_isolated,30,1.5407745,1.540149,1.5412149999999998,0.23154945775647248,False,False
2749d31664905c24a21b64a3a74ce59d83e4f5ee9b5495dd2530667804fffa96,59986052,256,bits-sq,32,128,16,transform_isolated,30,0.443692,0.44306349999999994,0.44450124999999996,1.0108577571829107,False,False
2749d31664905c24a21b64a3a74ce59d83e4f5ee9b5495dd2530667804fffa96,59986052,256,bits-sq,32,128,16,upload_shared,1,48.784620000000004,48.784620000000004,48.784620000000004,0.9989905835076709,False,False
2749d31664905c24a21b64a3a74ce59d83e4f5ee9b5495dd2530667804fffa96,59986052,256,bits-sq,32,256,4,download,30,0.009925,0.009604000000000001,0.010555750000000001,0.9818136020151134,False,False
2749d31664905c24a21b64a3a74ce59d83e4f5ee9b5495dd2530667804fffa96,59986052,256,bits-sq,32,256,4,operator,30,1.9760339999999998,1.974988,1.9769327499999998,0.40525036512529644,False,False
2749d31664905c24a21b64a3a74ce59d83e4f5ee9b5495dd2530667804fffa96,59986052,256,bits-sq,32,256,4,output_isolated,30,0.009795,0.00949725,0.01023575,1.9003062787136293,False,False
2749d31664905c24a21b64a3a74ce59d83e4f5ee9b5495dd2530667804fffa96,59986052,256,bits-sq,32,256,4,selection_isolated,30,1.5280399999999998,1.52756175,1.528486,0.2334791628491401,False,False
2749d31664905c24a21b64a3a74ce59d83e4f5ee9b5495dd2530667804fffa96,59986052,256,bits-sq,32,256,4,transform_isolated,30,0.444283,0.44373525,0.44490224999999994,1.0095130806265376,False,False
2749d31664905c24a21b64a3a74ce59d83e4f5ee9b5495dd2530667804fffa96,59986052,256,bits-sq,32,256,4,upload_shared,1,48.696226,48.696226,48.696226,1.0008039637404342,False,False
2749d31664905c24a21b64a3a74ce59d83e4f5ee9b5495dd2530667804fffa96,59986052,256,bits-sq,32,256,7,download,30,0.01,0.00958,0.0104135,0.9744499999999999,False,False
2749d31664905c24a21b64a3a74ce59d83e4f5ee9b5495dd2530667804fffa96,59986052,256,bits-sq,32,256,7,operator,30,1.6789035,1.6778227499999998,1.6799332500000002,0.4769711302644851,False,False
2749d31664905c24a21b64a3a74ce59d83e4f5ee9b5495dd2530667804fffa96,59986052,256,bits-sq,32,256,7,output_isolated,30,0.009774999999999999,0.0092765,0.010440250000000002,1.9041943734015345,False,False
2749d31664905c24a21b64a3a74ce59d83e4f5ee9b5495dd2530667804fffa96,59986052,256,bits-sq,32,256,7,selection_isolated,30,1.2315515,1.2310809999999999,1.2321244999999998,0.28968784496628847,False,False
2749d31664905c24a21b64a3a74ce59d83e4f5ee9b5495dd2530667804fffa96,59986052,256,bits-sq,32,256,7,transform_isolated,30,0.444183,0.44351700000000005,0.44491475,1.0097403547636898,False,False
2749d31664905c24a21b64a3a74ce59d83e4f5ee9b5495dd2530667804fffa96,59986052,256,bits-sq,32,256,7,upload_shared,1,48.596595,48.596595,48.596595,1.0028557762123045,False,False
2749d31664905c24a21b64a3a74ce59d83e4f5ee9b5495dd2530667804fffa96,59986052,256,bits-sq,32,256,8,download,30,0.00988,0.00933175,0.01032525,0.9862854251012145,False,False
2749d31664905c24a21b64a3a74ce59d83e4f5ee9b5495dd2530667804fffa96,59986052,256,bits-sq,32,256,8,operator,30,1.663956,1.6628717499999999,1.6646604999999999,0.4812558144566323,False,False
2749d31664905c24a21b64a3a74ce59d83e4f5ee9b5495dd2530667804fffa96,59986052,256,bits-sq,32,256,8,output_isolated,30,0.00989,0.009386499999999999,0.0104535,1.8820525783619817,False,False
2749d31664905c24a21b64a3a74ce59d83e4f5ee9b5495dd2530667804fffa96,59986052,256,bits-sq,32,256,8,selection_isolated,30,1.216002,1.2154767499999999,1.21680625,0.29339219836809477,False,False
2749d31664905c24a21b64a3a74ce59d83e4f5ee9b5495dd2530667804fffa96,59986052,256,bits-sq,32,256,8,transform_isolated,30,0.444113,0.443532,0.44506900000000005,1.0098995075577613,False,False
2749d31664905c24a21b64a3a74ce59d83e4f5ee9b5495dd2530667804fffa96,59986052,256,bits-sq,32,256,8,upload_shared,1,48.735385,48.735385,48.735385,0.999999815329252,False,False
2749d31664905c24a21b64a3a74ce59d83e4f5ee9b5495dd2530667804fffa96,59986052,256,bits-sq,32,256,13,download,30,0.0100605,0.0093465,0.010458249999999999,0.9685900303165846,False,False
2749d31664905c24a21b64a3a74ce59d83e4f5ee9b5495dd2530667804fffa96,59986052,256,bits-sq,32,256,13,operator,30,1.5647715,1.56410675,1.5657095,0.5117606628188205,False,False
2749d31664905c24a21b64a3a74ce59d83e4f5ee9b5495dd2530667804fffa96,59986052,256,bits-sq,32,256,13,output_isolated,30,0.009579,0.009256499999999999,0.0100925,1.9431569057312867,False,False
2749d31664905c24a21b64a3a74ce59d83e4f5ee9b5495dd2530667804fffa96,59986052,256,bits-sq,32,256,13,selection_isolated,30,1.1171069999999999,1.1166095,1.1176614999999999,0.3193655576413003,False,False
2749d31664905c24a21b64a3a74ce59d83e4f5ee9b5495dd2530667804fffa96,59986052,256,bits-sq,32,256,13,transform_isolated,30,0.444423,0.443352,0.4449815,1.009195068662063,False,False
2749d31664905c24a21b64a3a74ce59d83e4f5ee9b5495dd2530667804fffa96,59986052,256,bits-sq,32,256,13,upload_shared,1,48.716957,48.716957,48.716957,1.0003780819068808,False,False
2749d31664905c24a21b64a3a74ce59d83e4f5ee9b5495dd2530667804fffa96,59986052,256,bits-sq,32,256,16,download,30,0.009899500000000002,0.009594250000000002,0.010266,0.9843426435678567,False,False
2749d31664905c24a21b64a3a74ce59d83e4f5ee9b5495dd2530667804fffa96,59986052,256,bits-sq,32,256,16,operator,30,1.5704795,1.5693549999999998,1.57189425,0.5099006386266105,False,False
2749d31664905c24a21b64a3a74ce59d83e4f5ee9b5495dd2530667804fffa96,59986052,256,bits-sq,32,256,16,output_isolated,30,0.009725,0.0093525,0.009955,1.9139845758354754,False,False
2749d31664905c24a21b64a3a74ce59d83e4f5ee9b5495dd2530667804fffa96,59986052,256,bits-sq,32,256,16,selection_isolated,30,1.1225455,1.122201,1.12286675,0.3178182977883747,False,False
2749d31664905c24a21b64a3a74ce59d83e4f5ee9b5495dd2530667804fffa96,59986052,256,bits-sq,32,256,16,transform_isolated,30,0.444193,0.44325375,0.44501899999999994,1.009717622745068,False,False
2749d31664905c24a21b64a3a74ce59d83e4f5ee9b5495dd2530667804fffa96,59986052,256,bits-sq,32,256,16,upload_shared,1,48.809177000000005,48.809177000000005,48.809177000000005,0.9984879687686599,False,False
2749d31664905c24a21b64a3a74ce59d83e4f5ee9b5495dd2530667804fffa96,59986052,256,bits-sq,32,512,4,download,30,0.0095545,0.0090665,0.010510750000000001,1.0198859176304358,False,False
2749d31664905c24a21b64a3a74ce59d83e4f5ee9b5495dd2530667804fffa96,59986052,256,bits-sq,32,512,4,operator,30,1.334923,1.333351,1.33691825,0.599876172633178,False,False
2749d31664905c24a21b64a3a74ce59d83e4f5ee9b5495dd2530667804fffa96,59986052,256,bits-sq,32,512,4,output_isolated,30,0.0095245,0.009244249999999999,0.00972975,1.954275815003412,False,False
2749d31664905c24a21b64a3a74ce59d83e4f5ee9b5495dd2530667804fffa96,59986052,256,bits-sq,32,512,4,selection_isolated,30,0.8863485,0.8857345,0.8872095,0.4025115403252784,False,False
2749d31664905c24a21b64a3a74ce59d83e4f5ee9b5495dd2530667804fffa96,59986052,256,bits-sq,32,512,4,transform_isolated,30,0.44442349999999997,0.44336975,0.4448515,1.0091939332641051,False,False
2749d31664905c24a21b64a3a74ce59d83e4f5ee9b5495dd2530667804fffa96,59986052,256,bits-sq,32,512,4,upload_shared,1,48.709767,48.709767,48.709767,1.0005257467152326,False,False
2749d31664905c24a21b64a3a74ce59d83e4f5ee9b5495dd2530667804fffa96,59986052,256,bits-sq,32,512,7,download,30,0.01015,0.00932425,0.010551,0.9600492610837439,False,False
2749d31664905c24a21b64a3a74ce59d83e4f5ee9b5495dd2530667804fffa96,59986052,256,bits-sq,32,512,7,operator,30,1.1954669999999998,1.1931455000000002,1.19850075,0.6698541239532334,False,False
2749d31664905c24a21b64a3a74ce59d83e4f5ee9b5495dd2530667804fffa96,59986052,256,bits-sq,32,512,7,output_isolated,30,0.0094595,0.00917325,0.0097165,1.9677044241238966,False,False
2749d31664905c24a21b64a3a74ce59d83e4f5ee9b5495dd2530667804fffa96,59986052,256,bits-sq,32,512,7,selection_isolated,30,0.751008,0.74762825,0.7513912500000001,0.47504886765520477,False,False
2749d31664905c24a21b64a3a74ce59d83e4f5ee9b5495dd2530667804fffa96,59986052,256,bits-sq,32,512,7,transform_isolated,30,0.444394,0.44352949999999997,0.444959,1.009260926115114,False,False
2749d31664905c24a21b64a3a74ce59d83e4f5ee9b5495dd2530667804fffa96,59986052,256,bits-sq,32,512,7,upload_shared,1,48.614432,48.614432,48.614432,1.0024878209005916,False,False
2749d31664905c24a21b64a3a74ce59d83e4f5ee9b5495dd2530667804fffa96,59986052,256,bits-sq,32,512,8,download,30,0.0095745,0.0090665,0.010150750000000002,1.0177554963705677,False,False
2749d31664905c24a21b64a3a74ce59d83e4f5ee9b5495dd2530667804fffa96,59986052,256,bits-sq,32,512,8,operator,30,1.1585755,1.157885,1.159978,0.6911836992927953,False,False
2749d31664905c24a21b64a3a74ce59d83e4f5ee9b5495dd2530667804fffa96,59986052,256,bits-sq,32,512,8,output_isolated,30,0.009264,0.009118999999999999,0.009600000000000001,2.009229274611399,False,False
2749d31664905c24a21b64a3a74ce59d83e4f5ee9b5495dd2530667804fffa96,59986052,256,bits-sq,32,512,8,selection_isolated,30,0.711047,0.710587,0.7114805,0.501746719977723,False,False
2749d31664905c24a21b64a3a74ce59d83e4f5ee9b5495dd2530667804fffa96,59986052,256,bits-sq,32,512,8,transform_isolated,30,0.44396800000000003,0.44272524999999996,0.44505924999999996,1.0102293408533949,False,False
2749d31664905c24a21b64a3a74ce59d83e4f5ee9b5495dd2530667804fffa96,59986052,256,bits-sq,32,512,8,upload_shared,1,48.75992299999999,48.75992299999999,48.75992299999999,0.9994965742665345,False,False
2749d31664905c24a21b64a3a74ce59d83e4f5ee9b5495dd2530667804fffa96,59986052,256,bits-sq,32,512,13,download,30,0.009725,0.0092865,0.0102325,1.0020051413881748,False,False
2749d31664905c24a21b64a3a74ce59d83e4f5ee9b5495dd2530667804fffa96,59986052,256,bits-sq,32,512,13,operator,30,1.1451250000000002,1.144144,1.1458139999999999,0.6993022595786486,False,False
2749d31664905c24a21b64a3a74ce59d83e4f5ee9b5495dd2530667804fffa96,59986052,256,bits-sq,32,512,13,output_isolated,30,0.0094895,0.00921575,0.009722250000000002,1.9614837451920542,False,False
2749d31664905c24a21b64a3a74ce59d83e4f5ee9b5495dd2530667804fffa96,59986052,256,bits-sq,32,512,13,selection_isolated,30,0.6973615,0.6969992500000001,0.6978544999999999,0.51159334147354,False,False
2749d31664905c24a21b64a3a74ce59d83e4f5ee9b5495dd2530667804fffa96,59986052,256,bits-sq,32,512,13,transform_isolated,30,0.44414299999999995,0.44344125,0.445405,1.009831293074528,False,False
2749d31664905c24a21b64a3a74ce59d83e4f5ee9b5495dd2530667804fffa96,59986052,256,bits-sq,32,512,13,upload_shared,1,48.734703999999994,48.734703999999994,48.734703999999994,1.0000137889418597,False,False
2749d31664905c24a21b64a3a74ce59d83e4f5ee9b5495dd2530667804fffa96,59986052,256,bits-sq,32,512,16,download,30,0.00964,0.009108999999999999,0.01008075,1.0108402489626556,False,False
2749d31664905c24a21b64a3a74ce59d83e4f5ee9b5495dd2530667804fffa96,59986052,256,bits-sq,32,512,16,operator,30,1.142431,1.1417225,1.1429294999999997,0.7009513047177467,False,False
2749d31664905c24a21b64a3a74ce59d83e4f5ee9b5495dd2530667804fffa96,59986052,256,bits-sq,32,512,16,output_isolated,30,0.009384,0.009094,0.0097375,1.9835358056265984,False,False
2749d31664905c24a21b64a3a74ce59d83e4f5ee9b5495dd2530667804fffa96,59986052,256,bits-sq,32,512,16,selection_isolated,30,0.6948780000000001,0.69459475,0.69537075,0.5134217805139895,False,False
2749d31664905c24a21b64a3a74ce59d83e4f5ee9b5495dd2530667804fffa96,59986052,256,bits-sq,32,512,16,transform_isolated,30,0.444098,0.4433395,0.44455625000000004,1.0099336182554302,False,False
2749d31664905c24a21b64a3a74ce59d83e4f5ee9b5495dd2530667804fffa96,59986052,256,bits-sq,32,512,16,upload_shared,1,48.793313,48.793313,48.793313,0.9988126036860829,False,False
2749d31664905c24a21b64a3a74ce59d83e4f5ee9b5495dd2530667804fffa96,59986052,256,bits-sq,128,128,4,download,30,0.0096995,0.009054,0.01018575,1.0046394144028044,False,False
2749d31664905c24a21b64a3a74ce59d83e4f5ee9b5495dd2530667804fffa96,59986052,256,bits-sq,128,128,4,operator,30,1.340646,1.3393115,1.3415880000000002,0.5973153986958526,False,False
2749d31664905c24a21b64a3a74ce59d83e4f5ee9b5495dd2530667804fffa96,59986052,256,bits-sq,128,128,4,output_isolated,30,0.0095295,0.009243999999999999,0.00976175,1.9532504328663622,False,False
2749d31664905c24a21b64a3a74ce59d83e4f5ee9b5495dd2530667804fffa96,59986052,256,bits-sq,128,128,4,selection_isolated,30,0.8932235,0.8927405,0.893494,0.3994134726638966,False,False
2749d31664905c24a21b64a3a74ce59d83e4f5ee9b5495dd2530667804fffa96,59986052,256,bits-sq,128,128,4,transform_isolated,30,0.444874,0.4437955,0.4456225,1.008171976784438,False,False
2749d31664905c24a21b64a3a74ce59d83e4f5ee9b5495dd2530667804fffa96,59986052,256,bits-sq,128,128,4,upload_shared,1,48.650777,48.650777,48.650777,1.0017389033683881,False,False
2749d31664905c24a21b64a3a74ce59d83e4f5ee9b5495dd2530667804fffa96,59986052,256,bits-sq,128,128,7,download,30,0.0096195,0.009139,0.009887499999999999,1.0129944383803733,False,False
2749d31664905c24a21b64a3a74ce59d83e4f5ee9b5495dd2530667804fffa96,59986052,256,bits-sq,128,128,7,operator,30,1.1265114999999999,1.1254535,1.1271312500000001,0.7108569242302454,False,False
2749d31664905c24a21b64a3a74ce59d83e4f5ee9b5495dd2530667804fffa96,59986052,256,bits-sq,128,128,7,output_isolated,30,0.009354000000000001,0.009104,0.009589,1.9898973701090439,False,False
2749d31664905c24a21b64a3a74ce59d83e4f5ee9b5495dd2530667804fffa96,59986052,256,bits-sq,128,128,7,selection_isolated,30,0.679054,0.678518,0.67951925,0.525386051772024,False,False
2749d31664905c24a21b64a3a74ce59d83e4f5ee9b5495dd2530667804fffa96,59986052,256,bits-sq,128,128,7,transform_isolated,30,0.4443685,0.443562,0.44544,1.0093188423571877,False,False
2749d31664905c24a21b64a3a74ce59d83e4f5ee9b5495dd2530667804fffa96,59986052,256,bits-sq,128,128,7,upload_shared,1,48.642844999999994,48.642844999999994,48.642844999999994,1.0019022530446153,False,False
2749d31664905c24a21b64a3a74ce59d83e4f5ee9b5495dd2530667804fffa96,59986052,256,bits-sq,128,128,8,download,30,0.009509,0.009094,0.01039075,1.024766011147334,False,False
2749d31664905c24a21b64a3a74ce59d83e4f5ee9b5495dd2530667804fffa96,59986052,256,bits-sq,128,128,8,operator,30,1.099025,1.09786625,1.1000059999999998,0.7286353813607517,False,False
2749d31664905c24a21b64a3a74ce59d83e4f5ee9b5495dd2530667804fffa96,59986052,256,bits-sq,128,128,8,output_isolated,30,0.009469499999999999,0.0091315,0.0096925,1.9656264850308887,False,False
2749d31664905c24a21b64a3a74ce59d83e4f5ee9b5495dd2530667804fffa96,59986052,256,bits-sq,128,128,8,selection_isolated,30,0.6508860000000001,0.6504034999999999,0.6513720000000001,0.5481228663698404,False,False
2749d31664905c24a21b64a3a74ce59d83e4f5ee9b5495dd2530667804fffa96,59986052,256,bits-sq,128,128,8,transform_isolated,30,0.44442800000000005,0.4437395,0.44536175,1.0091837147974474,False,False
2749d31664905c24a21b64a3a74ce59d83e4f5ee9b5495dd2530667804fffa96,59986052,256,bits-sq,128,128,8,upload_shared,1,48.750078,48.750078,48.750078,0.9996984209953468,False,False
2749d31664905c24a21b64a3a74ce59d83e4f5ee9b5495dd2530667804fffa96,59986052,256,bits-sq,128,128,13,download,30,0.0095495,0.008993000000000001,0.0100875,1.0204199172731556,False,False
2749d31664905c24a21b64a3a74ce59d83e4f5ee9b5495dd2530667804fffa96,59986052,256,bits-sq,128,128,13,operator,30,1.0438215,1.04318775,1.044718,0.767169961530779,False,False
2749d31664905c24a21b64a3a74ce59d83e4f5ee9b5495dd2530667804fffa96,59986052,256,bits-sq,128,128,13,output_isolated,30,0.009379000000000002,0.00918625,0.009885000000000001,1.9845932402175066,False,False
2749d31664905c24a21b64a3a74ce59d83e4f5ee9b5495dd2530667804fffa96,59986052,256,bits-sq,128,128,13,selection_isolated,30,0.596148,0.5958955,0.5966965000000001,0.5984512235216758,False,False
2749d31664905c24a21b64a3a74ce59d83e4f5ee9b5495dd2530667804fffa96,59986052,256,bits-sq,128,128,13,transform_isolated,30,0.444323,0.443848,0.4452675,1.009422199616045,False,False
2749d31664905c24a21b64a3a74ce59d83e4f5ee9b5495dd2530667804fffa96,59986052,256,bits-sq,128,128,13,upload_shared,1,48.793181999999995,48.793181999999995,48.793181999999995,0.9988152852994913,False,False
2749d31664905c24a21b64a3a74ce59d83e4f5ee9b5495dd2530667804fffa96,59986052,256,bits-sq,128,128,16,download,30,0.009605,0.00910075,0.01011275,1.0145236855804267,False,False
2749d31664905c24a21b64a3a74ce59d83e4f5ee9b5495dd2530667804fffa96,59986052,256,bits-sq,128,128,16,operator,30,1.037247,1.03620775,1.0383287499999998,0.7720326016850374,False,False
2749d31664905c24a21b64a3a74ce59d83e4f5ee9b5495dd2530667804fffa96,59986052,256,bits-sq,128,128,16,output_isolated,30,0.009244,0.0090805,0.00942175,2.0135763738641277,False,False
2749d31664905c24a21b64a3a74ce59d83e4f5ee9b5495dd2530667804fffa96,59986052,256,bits-sq,128,128,16,selection_isolated,30,0.589148,0.588817,0.5900715,0.6055617603726059,False,False
2749d31664905c24a21b64a3a74ce59d83e4f5ee9b5495dd2530667804fffa96,59986052,256,bits-sq,128,128,16,transform_isolated,30,0.44476899999999997,0.4441905,0.44549000000000005,1.0084099836094693,False,False
2749d31664905c24a21b64a3a74ce59d83e4f5ee9b5495dd2530667804fffa96,59986052,256,bits-sq,128,128,16,upload_shared,1,48.895708000000006,48.895708000000006,48.895708000000006,0.9967209391875457,False,False
2749d31664905c24a21b64a3a74ce59d83e4f5ee9b5495dd2530667804fffa96,59986052,256,bits-sq,128,256,4,download,30,0.009815,0.009219,0.010092750000000001,0.9928171166581762,False,False
2749d31664905c24a21b64a3a74ce59d83e4f5ee9b5495dd2530667804fffa96,59986052,256,bits-sq,128,256,4,operator,30,0.995679,0.9944795,0.99683,0.8042637235494572,False,False
2749d31664905c24a21b64a3a74ce59d83e4f5ee9b5495dd2530667804fffa96,59986052,256,bits-sq,128,256,4,output_isolated,30,0.0096545,0.009306499999999999,0.00999725,1.9279610544305763,False,False
2749d31664905c24a21b64a3a74ce59d83e4f5ee9b5495dd2530667804fffa96,59986052,256,bits-sq,128,256,4,selection_isolated,30,0.5481705,0.5473347500000001,0.549102,0.6508294408400306,False,False
2749d31664905c24a21b64a3a74ce59d83e4f5ee9b5495dd2530667804fffa96,59986052,256,bits-sq,128,256,4,transform_isolated,30,0.444724,0.442801,0.4452725,1.0085120209388294,False,False
2749d31664905c24a21b64a3a74ce59d83e4f5ee9b5495dd2530667804fffa96,59986052,256,bits-sq,128,256,4,upload_shared,1,48.697518,48.697518,48.697518,1.0007774112840822,False,False
2749d31664905c24a21b64a3a74ce59d83e4f5ee9b5495dd2530667804fffa96,59986052,256,bits-sq,128,256,7,download,30,0.00967,0.009085749999999998,0.010020250000000001,1.00770423991727,False,False
2749d31664905c24a21b64a3a74ce59d83e4f5ee9b5495dd2530667804fffa96,59986052,256,bits-sq,128,256,7,operator,30,0.9313865,0.930655,0.9320695,0.85978108980536,False,False
2749d31664905c24a21b64a3a74ce59d83e4f5ee9b5495dd2530667804fffa96,59986052,256,bits-sq,128,256,7,output_isolated,30,0.009354000000000001,0.0091465,0.00964475,1.9898973701090439,False,False
2749d31664905c24a21b64a3a74ce59d83e4f5ee9b5495dd2530667804fffa96,59986052,256,bits-sq,128,256,7,selection_isolated,30,0.483718,0.4834055,0.484359,0.7375485303420588,False,False
2749d31664905c24a21b64a3a74ce59d83e4f5ee9b5495dd2530667804fffa96,59986052,256,bits-sq,128,256,7,transform_isolated,30,0.4444435,0.44340700000000005,0.445465,1.0091485194406038,False,False
2749d31664905c24a21b64a3a74ce59d83e4f5ee9b5495dd2530667804fffa96,59986052,256,bits-sq,128,256,7,upload_shared,1,48.741925,48.741925,48.741925,0.9998656392828144,False,False
2749d31664905c24a21b64a3a74ce59d83e4f5ee9b5495dd2530667804fffa96,59986052,256,bits-sq,128,256,8,download,30,0.00984,0.009341499999999999,0.010435999999999999,0.9902947154471544,False,False
2749d31664905c24a21b64a3a74ce59d83e4f5ee9b5495dd2530667804fffa96,59986052,256,bits-sq,128,256,8,operator,30,0.927385,0.9259525,0.92865925,0.8634908910538773,False,False
2749d31664905c24a21b64a3a74ce59d83e4f5ee9b5495dd2530667804fffa96,59986052,256,bits-sq,128,256,8,output_isolated,30,0.009304,0.009144,0.009519,2.000591143594153,False,False
2749d31664905c24a21b64a3a74ce59d83e4f5ee9b5495dd2530667804fffa96,59986052,256,bits-sq,128,256,8,selection_isolated,30,0.4791215,0.47732825,0.47991049999999996,0.7446242758882664,False,False
2749d31664905c24a21b64a3a74ce59d83e4f5ee9b5495dd2530667804fffa96,59986052,256,bits-sq,128,256,8,transform_isolated,30,0.4443235,0.44319125,0.444924,1.0094210637069614,False,False
2749d31664905c24a21b64a3a74ce59d83e4f5ee9b5495dd2530667804fffa96,59986052,256,bits-sq,128,256,8,upload_shared,1,48.816818999999995,48.816818999999995,48.816818999999995,0.998331661061324,False,False
2749d31664905c24a21b64a3a74ce59d83e4f5ee9b5495dd2530667804fffa96,59986052,256,bits-sq,128,256,13,download,30,0.009423999999999998,0.009014000000000001,0.01031775,1.0340089134125638,False,False
2749d31664905c24a21b64a3a74ce59d83e4f5ee9b5495dd2530667804fffa96,59986052,256,bits-sq,128,256,13,operator,30,0.9297285,0.92862475,0.93071575,0.8613143514477614,False,False
2749d31664905c24a21b64a3a74ce59d83e4f5ee9b5495dd2530667804fffa96,59986052,256,bits-sq,128,256,13,output_isolated,30,0.009409,0.009193999999999999,0.0096425,1.9782654904878305,False,False
2749d31664905c24a21b64a3a74ce59d83e4f5ee9b5495dd2530667804fffa96,59986052,256,bits-sq,128,256,13,selection_isolated,30,0.48198549999999996,0.48170250000000003,0.48240600000000006,0.7401996533090727,False,False
2749d31664905c24a21b64a3a74ce59d83e4f5ee9b5495dd2530667804fffa96,59986052,256,bits-sq,128,256,13,transform_isolated,30,0.44475849999999995,0.44408225,0.44520974999999996,1.0084337904728073,False,False
2749d31664905c24a21b64a3a74ce59d83e4f5ee9b5495dd2530667804fffa96,59986052,256,bits-sq,128,256,13,upload_shared,1,48.727273000000004,48.727273000000004,48.727273000000004,1.0001662929095168,False,False
2749d31664905c24a21b64a3a74ce59d83e4f5ee9b5495dd2530667804fffa96,59986052,256,bits-sq,128,256,16,download,30,0.009645,0.0090965,0.01007825,1.0103162260238465,False,False
2749d31664905c24a21b64a3a74ce59d83e4f5ee9b5495dd2530667804fffa96,59986052,256,bits-sq,128,256,16,operator,30,0.9498745000000001,0.9487645,0.9507457500000001,0.843046634055341,False,False
2749d31664905c24a21b64a3a74ce59d83e4f5ee9b5495dd2530667804fffa96,59986052,256,bits-sq,128,256,16,output_isolated,30,0.009604,0.009214,0.009895000000000001,1.9380987088713035,False,False
2749d31664905c24a21b64a3a74ce59d83e4f5ee9b5495dd2530667804fffa96,59986052,256,bits-sq,128,256,16,selection_isolated,30,0.502371,0.5019659999999999,0.50270625,0.71016340513286,False,False
2749d31664905c24a21b64a3a74ce59d83e4f5ee9b5495dd2530667804fffa96,59986052,256,bits-sq,128,256,16,transform_isolated,30,0.44474400000000003,0.44421299999999997,0.44561500000000004,1.0084666684654542,False,False
2749d31664905c24a21b64a3a74ce59d83e4f5ee9b5495dd2530667804fffa96,59986052,256,bits-sq,128,256,16,upload_shared,1,48.683457,48.683457,48.683457,1.0010664608308322,False,False
2749d31664905c24a21b64a3a74ce59d83e4f5ee9b5495dd2530667804fffa96,59986052,256,bits-sq,128,512,4,download,30,0.009685,0.00935725,0.01017,1.0061435209086216,False,False
2749d31664905c24a21b64a3a74ce59d83e4f5ee9b5495dd2530667804fffa96,59986052,256,bits-sq,128,512,4,operator,30,0.8364020000000001,0.8351227499999999,0.83705575,0.9574205944031697,False,False
2749d31664905c24a21b64a3a74ce59d83e4f5ee9b5495dd2530667804fffa96,59986052,256,bits-sq,128,512,4,output_isolated,30,0.009199,0.00907875,0.00938175,2.0234264593977604,False,False
2749d31664905c24a21b64a3a74ce59d83e4f5ee9b5495dd2530667804fffa96,59986052,256,bits-sq,128,512,4,selection_isolated,30,0.38825299999999996,0.387753,0.38895925000000003,0.918899532006192,False,False
2749d31664905c24a21b64a3a74ce59d83e4f5ee9b5495dd2530667804fffa96,59986052,256,bits-sq,128,512,4,transform_isolated,30,0.444448,0.44333875,0.445245,1.0091383018935849,False,False
2749d31664905c24a21b64a3a74ce59d83e4f5ee9b5495dd2530667804fffa96,59986052,256,bits-sq,128,512,4,upload_shared,1,48.825912,48.825912,48.825912,0.9981457386807233,False,False
2749d31664905c24a21b64a3a74ce59d83e4f5ee9b5495dd2530667804fffa96,59986052,256,bits-sq,128,512,7,download,30,0.009745,0.0091215,0.010281,0.9999486916367367,False,False
2749d31664905c24a21b64a3a74ce59d83e4f5ee9b5495dd2530667804fffa96,59986052,256,bits-sq,128,512,7,operator,30,0.966469,0.965332,0.9674035000000001,0.8285713251019949,False,False
2749d31664905c24a21b64a3a74ce59d83e4f5ee9b5495dd2530667804fffa96,59986052,256,bits-sq,128,512,7,output_isolated,30,0.0093035,0.00911125,0.00945425,2.0006986617939484,False,False
2749d31664905c24a21b64a3a74ce59d83e4f5ee9b5495dd2530667804fffa96,59986052,256,bits-sq,128,512,7,selection_isolated,30,0.5183655,0.5178550000000001,0.51896425,0.6882508577441978,False,False
2749d31664905c24a21b64a3a74ce59d83e4f5ee9b5495dd2530667804fffa96,59986052,256,bits-sq,128,512,7,transform_isolated,30,0.4437825,0.443317,0.44476625000000003,1.0106516142479705,False,False
2749d31664905c24a21b64a3a74ce59d83e4f5ee9b5495dd2530667804fffa96,59986052,256,bits-sq,128,512,7,upload_shared,1,48.683606999999995,48.683606999999995,48.683606999999995,1.0010633764256622,False,False
2749d31664905c24a21b64a3a74ce59d83e4f5ee9b5495dd2530667804fffa96,59986052,256,bits-sq,128,512,8,download,30,0.009599,0.009149000000000001,0.009899999999999999,1.0151578289405145,True,True
2749d31664905c24a21b64a3a74ce59d83e4f5ee9b5495dd2530667804fffa96,59986052,256,bits-sq,128,512,8,operator,30,0.8145695,0.8133845,0.81548825,0.9830818610321158,True,True
2749d31664905c24a21b64a3a74ce59d83e4f5ee9b5495dd2530667804fffa96,59986052,256,bits-sq,128,512,8,output_isolated,30,0.009334,0.009060750000000001,0.00962,1.9941611313477605,True,True
2749d31664905c24a21b64a3a74ce59d83e4f5ee9b5495dd2530667804fffa96,59986052,256,bits-sq,128,512,8,selection_isolated,30,0.367166,0.36662825,0.36771950000000003,0.9716735754399918,True,True
2749d31664905c24a21b64a3a74ce59d83e4f5ee9b5495dd2530667804fffa96,59986052,256,bits-sq,128,512,8,transform_isolated,30,0.44501899999999994,0.44431325000000005,0.44583825,1.007843485334334,True,True
2749d31664905c24a21b64a3a74ce59d83e4f5ee9b5495dd2530667804fffa96,59986052,256,bits-sq,128,512,8,upload_shared,1,48.931112,48.931112,48.931112,0.9959997639129885,True,True
2749d31664905c24a21b64a3a74ce59d83e4f5ee9b5495dd2530667804fffa96,59986052,256,bits-sq,128,512,13,download,30,0.00987,0.009224,0.01036575,0.9872847011144883,False,False
2749d31664905c24a21b64a3a74ce59d83e4f5ee9b5495dd2530667804fffa96,59986052,256,bits-sq,128,512,13,operator,30,0.9710810000000001,0.9704535,0.97206525,0.8246361529058852,False,False
2749d31664905c24a21b64a3a74ce59d83e4f5ee9b5495dd2530667804fffa96,59986052,256,bits-sq,128,512,13,output_isolated,30,0.009389,0.00931725,0.009674250000000002,1.9824794972840556,False,False
2749d31664905c24a21b64a3a74ce59d83e4f5ee9b5495dd2530667804fffa96,59986052,256,bits-sq,128,512,13,selection_isolated,30,0.5234885,0.5228495,0.52385125,0.6815154487634398,False,False
2749d31664905c24a21b64a3a74ce59d83e4f5ee9b5495dd2530667804fffa96,59986052,256,bits-sq,128,512,13,transform_isolated,30,0.4445435,0.4438545,0.44513650000000005,1.008921511618098,False,False
2749d31664905c24a21b64a3a74ce59d83e4f5ee9b5495dd2530667804fffa96,59986052,256,bits-sq,128,512,13,upload_shared,1,48.71825,48.71825,48.71825,1.0003515315102656,False,False
2749d31664905c24a21b64a3a74ce59d83e4f5ee9b5495dd2530667804fffa96,59986052,256,bits-sq,128,512,16,download,30,0.0093395,0.009154,0.01023325,1.0433642057926011,False,False
2749d31664905c24a21b64a3a74ce59d83e4f5ee9b5495dd2530667804fffa96,59986052,256,bits-sq,128,512,16,operator,30,0.9897094999999999,0.988523,0.99021775,0.8091146947664947,False,False
2749d31664905c24a21b64a3a74ce59d83e4f5ee9b5495dd2530667804fffa96,59986052,256,bits-sq,128,512,16,output_isolated,30,0.009404,0.009118999999999999,0.0095615,1.9793173117822203,False,False
2749d31664905c24a21b64a3a74ce59d83e4f5ee9b5495dd2530667804fffa96,59986052,256,bits-sq,128,512,16,selection_isolated,30,0.5414304999999999,0.54079225,0.5423192499999999,0.6589312940442034,False,False
2749d31664905c24a21b64a3a74ce59d83e4f5ee9b5495dd2530667804fffa96,59986052,256,bits-sq,128,512,16,transform_isolated,30,0.44460900000000003,0.44359975,0.44518975,1.008772876842349,False,False
2749d31664905c24a21b64a3a74ce59d83e4f5ee9b5495dd2530667804fffa96,59986052,256,bits-sq,128,512,16,upload_shared,1,48.769867000000005,48.769867000000005,48.769867000000005,0.9992927805195776,False,False
2749d31664905c24a21b64a3a74ce59d83e4f5ee9b5495dd2530667804fffa96,59986052,256,bits-sq,512,128,4,download,30,0.0095695,0.009166500000000001,0.0100825,1.0182872668373477,False,False
2749d31664905c24a21b64a3a74ce59d83e4f5ee9b5495dd2530667804fffa96,59986052,256,bits-sq,512,128,4,operator,30,1.0899065000000001,1.08877675,1.09128625,0.7347313737462801,False,False
2749d31664905c24a21b64a3a74ce59d83e4f5ee9b5495dd2530667804fffa96,59986052,256,bits-sq,512,128,4,output_isolated,30,0.009429,0.0090715,0.009607500000000001,1.9740693604836141,False,False
2749d31664905c24a21b64a3a74ce59d83e4f5ee9b5495dd2530667804fffa96,59986052,256,bits-sq,512,128,4,selection_isolated,30,0.6419980000000001,0.64136425,0.6429097500000001,0.5557112327452733,False,False
2749d31664905c24a21b64a3a74ce59d83e4f5ee9b5495dd2530667804fffa96,59986052,256,bits-sq,512,128,4,transform_isolated,30,0.44531449999999995,0.444483,0.4458875,1.0071747046188706,False,False
2749d31664905c24a21b64a3a74ce59d83e4f5ee9b5495dd2530667804fffa96,59986052,256,bits-sq,512,128,4,upload_shared,1,48.648914000000005,48.648914000000005,48.648914000000005,1.0017772647504524,False,False
2749d31664905c24a21b64a3a74ce59d83e4f5ee9b5495dd2530667804fffa96,59986052,256,bits-sq,512,128,7,download,30,0.0096445,0.00900325,0.01012325,1.0103686038674893,False,False
2749d31664905c24a21b64a3a74ce59d83e4f5ee9b5495dd2530667804fffa96,59986052,256,bits-sq,512,128,7,operator,30,1.043231,1.04258725,1.0440595,0.7676042027125344,False,False
2749d31664905c24a21b64a3a74ce59d83e4f5ee9b5495dd2530667804fffa96,59986052,256,bits-sq,512,128,7,output_isolated,30,0.009413999999999999,0.009076250000000001,0.0096165,1.977214786488209,False,False
2749d31664905c24a21b64a3a74ce59d83e4f5ee9b5495dd2530667804fffa96,59986052,256,bits-sq,512,128,7,selection_isolated,30,0.5951365,0.59379675,0.5958855000000001,0.5994683572592171,False,False
2749d31664905c24a21b64a3a74ce59d83e4f5ee9b5495dd2530667804fffa96,59986052,256,bits-sq,512,128,7,transform_isolated,30,0.4444435,0.443412,0.44564249999999994,1.0091485194406038,False,False
2749d31664905c24a21b64a3a74ce59d83e4f5ee9b5495dd2530667804fffa96,59986052,256,bits-sq,512,128,7,upload_shared,1,48.730188,48.730188,48.730188,1.0001064637797006,False,False
2749d31664905c24a21b64a3a74ce59d83e4f5ee9b5495dd2530667804fffa96,59986052,256,bits-sq,512,128,8,download,30,0.00987,0.009194,0.0102135,0.9872847011144883,False,False
2749d31664905c24a21b64a3a74ce59d83e4f5ee9b5495dd2530667804fffa96,59986052,256,bits-sq,512,128,8,operator,30,1.0635970000000001,1.06263575,1.064203,0.7529059408779828,False,False
2749d31664905c24a21b64a3a74ce59d83e4f5ee9b5495dd2530667804fffa96,59986052,256,bits-sq,512,128,8,output_isolated,30,0.009344,0.0090065,0.00966475,1.992026969178082,False,False
2749d31664905c24a21b64a3a74ce59d83e4f5ee9b5495dd2530667804fffa96,59986052,256,bits-sq,512,128,8,selection_isolated,30,0.615383,0.61423775,0.61641875,0.5797454593318307,False,False
2749d31664905c24a21b64a3a74ce59d83e4f5ee9b5495dd2530667804fffa96,59986052,256,bits-sq,512,128,8,transform_isolated,30,0.444949,0.44394225,0.44600324999999996,1.0080020406833143,False,False
2749d31664905c24a21b64a3a74ce59d83e4f5ee9b5495dd2530667804fffa96,59986052,256,bits-sq,512,128,8,upload_shared,1,48.654063,48.654063,48.654063,1.001671247887355,False,False
2749d31664905c24a21b64a3a74ce59d83e4f5ee9b5495dd2530667804fffa96,59986052,256,bits-sq,512,128,13,download,30,0.009835,0.009214,0.010346000000000001,0.9907981698017285,False,False
2749d31664905c24a21b64a3a74ce59d83e4f5ee9b5495dd2530667804fffa96,59986052,256,bits-sq,512,128,13,operator,30,1.1054655,1.10231325,1.1064895,0.7243903134019108,False,False
2749d31664905c24a21b64a3a74ce59d83e4f5ee9b5495dd2530667804fffa96,59986052,256,bits-sq,512,128,13,output_isolated,30,0.009454500000000001,0.0091965,0.00974475,1.968745042043471,False,False
2749d31664905c24a21b64a3a74ce59d83e4f5ee9b5495dd2530667804fffa96,59986052,256,bits-sq,512,128,13,selection_isolated,30,0.6580925,0.6563792500000001,0.659149,0.5421205985480765,False,False
2749d31664905c24a21b64a3a74ce59d83e4f5ee9b5495dd2530667804fffa96,59986052,256,bits-sq,512,128,13,transform_isolated,30,0.44537000000000004,0.444038,0.446171,1.0070491950513056,False,False
2749d31664905c24a21b64a3a74ce59d83e4f5ee9b5495dd2530667804fffa96,59986052,256,bits-sq,512,128,13,upload_shared,1,48.762948,48.762948,48.762948,0.9994345706908448,False,False
2749d31664905c24a21b64a3a74ce59d83e4f5ee9b5495dd2530667804fffa96,59986052,256,bits-sq,512,128,16,download,30,0.00979,0.009173750000000001,0.01043025,0.9953524004085802,False,False
2749d31664905c24a21b64a3a74ce59d83e4f5ee9b5495dd2530667804fffa96,59986052,256,bits-sq,512,128,16,operator,30,1.127834,1.12604925,1.1297595,0.7100233722338571,False,False
2749d31664905c24a21b64a3a74ce59d83e4f5ee9b5495dd2530667804fffa96,59986052,256,bits-sq,512,128,16,output_isolated,30,0.0095845,0.009204,0.0099225,1.9420418383848923,False,False
2749d31664905c24a21b64a3a74ce59d83e4f5ee9b5495dd2530667804fffa96,59986052,256,bits-sq,512,128,16,selection_isolated,30,0.6812325,0.6801602499999999,0.6822165,0.5237059300605887,False,False
2749d31664905c24a21b64a3a74ce59d83e4f5ee9b5495dd2530667804fffa96,59986052,256,bits-sq,512,128,16,transform_isolated,30,0.4451445,0.4439955,0.44583849999999997,1.0075593430897158,False,False
2749d31664905c24a21b64a3a74ce59d83e4f5ee9b5495dd2530667804fffa96,59986052,256,bits-sq,512,128,16,upload_shared,1,48.78513,48.78513,48.78513,0.9989801400549715,False,False
2749d31664905c24a21b64a3a74ce59d83e4f5ee9b5495dd2530667804fffa96,59986052,256,bits-sq,512,256,4,download,30,0.009855,0.0092465,0.01040775,0.9887874175545409,False,False
2749d31664905c24a21b64a3a74ce59d83e4f5ee9b5495dd2530667804fffa96,59986052,256,bits-sq,512,256,4,operator,30,1.093937,1.09225775,1.09474875,0.7320243304687565,False,False
2749d31664905c24a21b64a3a74ce59d83e4f5ee9b5495dd2530667804fffa96,59986052,256,bits-sq,512,256,4,output_isolated,30,0.009484,0.009179,0.009877249999999999,1.962621256853648,False,False
2749d31664905c24a21b64a3a74ce59d83e4f5ee9b5495dd2530667804fffa96,59986052,256,bits-sq,512,256,4,selection_isolated,30,0.6454885,0.6438385,0.6467525,0.5527062062298553,False,False
2749d31664905c24a21b64a3a74ce59d83e4f5ee9b5495dd2530667804fffa96,59986052,256,bits-sq,512,256,4,transform_isolated,30,0.444208,0.44352475,0.44503224999999996,1.0096835266361706,False,False
2749d31664905c24a21b64a3a74ce59d83e4f5ee9b5495dd2530667804fffa96,59986052,256,bits-sq,512,256,4,upload_shared,1,48.717848000000004,48.717848000000004,48.717848000000004,1.000359786006968,False,False
2749d31664905c24a21b64a3a74ce59d83e4f5ee9b5495dd2530667804fffa96,59986052,256,bits-sq,512,256,7,download,30,0.009684,0.009153250000000002,0.010077500000000001,1.0062474184221395,False,False
2749d31664905c24a21b64a3a74ce59d83e4f5ee9b5495dd2530667804fffa96,59986052,256,bits-sq,512,256,7,operator,30,1.0457445,1.0450030000000001,1.0477370000000001,0.7657592270387269,False,False
2749d31664905c24a21b64a3a74ce59d83e4f5ee9b5495dd2530667804fffa96,59986052,256,bits-sq,512,256,7,output_isolated,30,0.009314,0.00900125,0.0097115,1.998443203779257,False,False
2749d31664905c24a21b64a3a74ce59d83e4f5ee9b5495dd2530667804fffa96,59986052,256,bits-sq,512,256,7,selection_isolated,30,0.597741,0.5971675000000001,0.5986145,0.5968563307519478,False,False
2749d31664905c24a21b64a3a74ce59d83e4f5ee9b5495dd2530667804fffa96,59986052,256,bits-sq,512,256,7,transform_isolated,30,0.444784,0.4432445,0.44541000000000003,1.0083759757545234,False,False
2749d31664905c24a21b64a3a74ce59d83e4f5ee9b5495dd2530667804fffa96,59986052,256,bits-sq,512,256,7,upload_shared,1,48.743278000000004,48.743278000000004,48.743278000000004,0.9998378853387742,False,False
2749d31664905c24a21b64a3a74ce59d83e4f5ee9b5495dd2530667804fffa96,59986052,256,bits-sq,512,256,8,download,30,0.0096595,0.009269,0.00996,1.0087996273099022,False,False
2749d31664905c24a21b64a3a74ce59d83e4f5ee9b5495dd2530667804fffa96,59986052,256,bits-sq,512,256,8,operator,30,1.0541375,1.052641,1.0554025,0.759662283146174,False,False
2749d31664905c24a21b64a3a74ce59d83e4f5ee9b5495dd2530667804fffa96,59986052,256,bits-sq,512,256,8,output_isolated,30,0.0096595,0.009264,0.0099825,1.926963093327812,False,False
2749d31664905c24a21b64a3a74ce59d83e4f5ee9b5495dd2530667804fffa96,59986052,256,bits-sq,512,256,8,selection_isolated,30,0.606143,0.6057807500000001,0.6073582500000001,0.5885830571333828,False,False
2749d31664905c24a21b64a3a74ce59d83e4f5ee9b5495dd2530667804fffa96,59986052,256,bits-sq,512,256,8,transform_isolated,30,0.444429,0.4433195,0.44547749999999997,1.009181444055181,False,False
2749d31664905c24a21b64a3a74ce59d83e4f5ee9b5495dd2530667804fffa96,59986052,256,bits-sq,512,256,8,upload_shared,1,48.81769,48.81769,48.81769,0.9983138489346791,False,False
2749d31664905c24a21b64a3a74ce59d83e4f5ee9b5495dd2530667804fffa96,59986052,256,bits-sq,512,256,13,download,30,0.0097395,0.00909125,0.010301,1.0005133733764566,False,False
2749d31664905c24a21b64a3a74ce59d83e4f5ee9b5495dd2530667804fffa96,59986052,256,bits-sq,512,256,13,operator,30,1.0922605,1.0900445,1.0934292499999998,0.7331479074817774,False,False
2749d31664905c24a21b64a3a74ce59d83e4f5ee9b5495dd2530667804fffa96,59986052,256,bits-sq,512,256,13,output_isolated,30,0.009299,0.009099,0.009859999999999999,2.0016668458974083,False,False
2749d31664905c24a21b64a3a74ce59d83e4f5ee9b5495dd2530667804fffa96,59986052,256,bits-sq,512,256,13,selection_isolated,30,0.644221,0.64344675,0.64498975,0.5537936515574624,False,False
2749d31664905c24a21b64a3a74ce59d83e4f5ee9b5495dd2530667804fffa96,59986052,256,bits-sq,512,256,13,transform_isolated,30,0.444639,0.44373475,0.44527925,1.0087048144674668,False,False
2749d31664905c24a21b64a3a74ce59d83e4f5ee9b5495dd2530667804fffa96,59986052,256,bits-sq,512,256,13,upload_shared,1,48.741324000000006,48.741324000000006,48.741324000000006,0.9998779680256529,False,False
2749d31664905c24a21b64a3a74ce59d83e4f5ee9b5495dd2530667804fffa96,59986052,256,bits-sq,512,256,16,download,30,0.009725000000000001,0.009606499999999999,0.0103385,1.0020051413881748,False,False
2749d31664905c24a21b64a3a74ce59d83e4f5ee9b5495dd2530667804fffa96,59986052,256,bits-sq,512,256,16,operator,30,1.1252049999999998,1.1241454999999998,1.1265995,0.7116823156669231,False,False
2749d31664905c24a21b64a3a74ce59d83e4f5ee9b5495dd2530667804fffa96,59986052,256,bits-sq,512,256,16,output_isolated,30,0.009479500000000002,0.0092065,0.009810000000000001,1.9635529300068564,False,False
2749d31664905c24a21b64a3a74ce59d83e4f5ee9b5495dd2530667804fffa96,59986052,256,bits-sq,512,256,16,selection_isolated,30,0.6772564999999999,0.6765225,0.6778044999999999,0.5267804738677296,False,False
2749d31664905c24a21b64a3a74ce59d83e4f5ee9b5495dd2530667804fffa96,59986052,256,bits-sq,512,256,16,transform_isolated,30,0.444749,0.44387449999999995,0.44559225,1.0084553309844428,False,False
2749d31664905c24a21b64a3a74ce59d83e4f5ee9b5495dd2530667804fffa96,59986052,256,bits-sq,512,256,16,upload_shared,1,48.793893999999995,48.793893999999995,48.793893999999995,0.9988007105971087,False,False
2749d31664905c24a21b64a3a74ce59d83e4f5ee9b5495dd2530667804fffa96,59986052,256,bits-sq,512,512,4,download,30,0.0098045,0.0091165,0.010087500000000001,0.9938803610586975,False,False
2749d31664905c24a21b64a3a74ce59d83e4f5ee9b5495dd2530667804fffa96,59986052,256,bits-sq,512,512,4,operator,30,0.9506049999999999,0.9495215,0.9512787500000001,0.8423987881401845,False,False
2749d31664905c24a21b64a3a74ce59d83e4f5ee9b5495dd2530667804fffa96,59986052,256,bits-sq,512,512,4,output_isolated,30,0.0094445,0.0092215,0.009955,1.970829583355392,False,False
2749d31664905c24a21b64a3a74ce59d83e4f5ee9b5495dd2530667804fffa96,59986052,256,bits-sq,512,512,4,selection_isolated,30,0.5029620000000001,0.50265675,0.503994,0.7093289353867687,False,False
2749d31664905c24a21b64a3a74ce59d83e4f5ee9b5495dd2530667804fffa96,59986052,256,bits-sq,512,512,4,transform_isolated,30,0.444789,0.44403725000000005,0.44533975000000003,1.0083646403125976,False,False
2749d31664905c24a21b64a3a74ce59d83e4f5ee9b5495dd2530667804fffa96,59986052,256,bits-sq,512,512,4,upload_shared,1,48.677788,48.677788,48.677788,1.0011830447184658,False,False
2749d31664905c24a21b64a3a74ce59d83e4f5ee9b5495dd2530667804fffa96,59986052,256,bits-sq,512,512,7,download,30,0.009668999999999999,0.009171499999999999,0.0099975,1.0078084600268902,False,False
2749d31664905c24a21b64a3a74ce59d83e4f5ee9b5495dd2530667804fffa96,59986052,256,bits-sq,512,512,7,operator,30,1.0838320000000001,1.0821100000000001,1.085695,0.738849286605304,False,False
2749d31664905c24a21b64a3a74ce59d83e4f5ee9b5495dd2530667804fffa96,59986052,256,bits-sq,512,512,7,output_isolated,30,0.009379,0.00918875,0.00991975,1.984593240217507,False,False
2749d31664905c24a21b64a3a74ce59d83e4f5ee9b5495dd2530667804fffa96,59986052,256,bits-sq,512,512,7,selection_isolated,30,0.636514,0.6330535,0.6376785,0.5604990620787602,False,False
2749d31664905c24a21b64a3a74ce59d83e4f5ee9b5495dd2530667804fffa96,59986052,256,bits-sq,512,512,7,transform_isolated,30,0.44421299999999997,0.44379474999999996,0.4448665,1.009672161778246,False,False
2749d31664905c24a21b64a3a74ce59d83e4f5ee9b5495dd2530667804fffa96,59986052,256,bits-sq,512,512,7,upload_shared,1,48.806073,48.806073,48.806073,0.9985514712482604,False,False
2749d31664905c24a21b64a3a74ce59d83e4f5ee9b5495dd2530667804fffa96,59986052,256,bits-sq,512,512,8,download,30,0.009765,0.009214,0.01017775,0.9979006656426012,False,False
2749d31664905c24a21b64a3a74ce59d83e4f5ee9b5495dd2530667804fffa96,59986052,256,bits-sq,512,512,8,operator,30,0.9641109999999999,0.96251575,0.9651527499999999,0.8305978253541346,False,False
2749d31664905c24a21b64a3a74ce59d83e4f5ee9b5495dd2530667804fffa96,59986052,256,bits-sq,512,512,8,output_isolated,30,0.009323999999999999,0.0092465,0.00952975,1.9962998712998714,False,False
2749d31664905c24a21b64a3a74ce59d83e4f5ee9b5495dd2530667804fffa96,59986052,256,bits-sq,512,512,8,selection_isolated,30,0.5159864999999999,0.51527025,0.5165855,0.6914240973358801,False,False
2749d31664905c24a21b64a3a74ce59d83e4f5ee9b5495dd2530667804fffa96,59986052,256,bits-sq,512,512,8,transform_isolated,30,0.444598,0.443858,0.44532,1.0087978353478873,False,False
2749d31664905c24a21b64a3a74ce59d83e4f5ee9b5495dd2530667804fffa96,59986052,256,bits-sq,512,512,8,upload_shared,1,48.783978999999995,48.783978999999995,48.783978999999995,0.9990037098039912,False,False
2749d31664905c24a21b64a3a74ce59d83e4f5ee9b5495dd2530667804fffa96,59986052,256,bits-sq,512,512,13,download,30,0.009905,0.009339,0.010414999999999999,0.983796062594649,False,False
2749d31664905c24a21b64a3a74ce59d83e4f5ee9b5495dd2530667804fffa96,59986052,256,bits-sq,512,512,13,operator,30,1.149041,1.1482400000000001,1.1499245,0.6969189959279086,False,False
2749d31664905c24a21b64a3a74ce59d83e4f5ee9b5495dd2530667804fffa96,59986052,256,bits-sq,512,512,13,output_isolated,30,0.00952,0.0092965,0.00988,1.9551995798319324,False,False
2749d31664905c24a21b64a3a74ce59d83e4f5ee9b5495dd2530667804fffa96,59986052,256,bits-sq,512,512,13,selection_isolated,30,0.700446,0.69988325,0.7010649999999999,0.5093404773530008,False,False
2749d31664905c24a21b64a3a74ce59d83e4f5ee9b5495dd2530667804fffa96,59986052,256,bits-sq,512,512,13,transform_isolated,30,0.44446850000000004,0.44349700000000003,0.44526725,1.0090917579086032,False,False
2749d31664905c24a21b64a3a74ce59d83e4f5ee9b5495dd2530667804fffa96,59986052,256,bits-sq,512,512,13,upload_shared,1,48.656707,48.656707,48.656707,1.001616817184114,False,False
2749d31664905c24a21b64a3a74ce59d83e4f5ee9b5495dd2530667804fffa96,59986052,256,bits-sq,512,512,16,download,30,0.0097695,0.009144,0.01006075,0.9974410154050872,False,False
2749d31664905c24a21b64a3a74ce59d83e4f5ee9b5495dd2530667804fffa96,59986052,256,bits-sq,512,512,16,operator,30,1.1922215,1.19165025,1.1936312500000001,0.6716776203079713,False,False
2749d31664905c24a21b64a3a74ce59d83e4f5ee9b5495dd2530667804fffa96,59986052,256,bits-sq,512,512,16,output_isolated,30,0.009288999999999999,0.009009,0.00956975,2.003821724620519,False,False
2749d31664905c24a21b64a3a74ce59d83e4f5ee9b5495dd2530667804fffa96,59986052,256,bits-sq,512,512,16,selection_isolated,30,0.744613,0.74392225,0.745429,0.47912875547432027,False,False
2749d31664905c24a21b64a3a74ce59d83e4f5ee9b5495dd2530667804fffa96,59986052,256,bits-sq,512,512,16,transform_isolated,30,0.4445935,0.443252,0.444944,1.0088080460015723,False,False
2749d31664905c24a21b64a3a74ce59d83e4f5ee9b5495dd2530667804fffa96,59986052,256,bits-sq,512,512,16,upload_shared,1,48.735085,48.735085,48.735085,1.0000059710576066,False,False
2749d31664905c24a21b64a3a74ce59d83e4f5ee9b5495dd2530667804fffa96,59986052,256,block-select,1,128,4,download,30,0.0229695,0.022154,0.023851,0.42423648751605386,False,False
2749d31664905c24a21b64a3a74ce59d83e4f5ee9b5495dd2530667804fffa96,59986052,256,block-select,1,128,4,operator,30,242.756608,241.33317825,243.18138625,0.0032987299773112664,False,False
2749d31664905c24a21b64a3a74ce59d83e4f5ee9b5495dd2530667804fffa96,59986052,256,block-select,1,128,4,output_isolated,30,0.023911,0.023468249999999996,0.025090499999999998,0.7784492492994854,False,False
2749d31664905c24a21b64a3a74ce59d83e4f5ee9b5495dd2530667804fffa96,59986052,256,block-select,1,128,4,selection_isolated,30,241.96865350000002,240.22434800000002,242.50641875000002,0.0014744285875029676,False,False
2749d31664905c24a21b64a3a74ce59d83e4f5ee9b5495dd2530667804fffa96,59986052,256,block-select,1,128,4,transform_isolated,30,0.446692,0.44595100000000004,0.44738775,1.004068799083037,False,False
2749d31664905c24a21b64a3a74ce59d83e4f5ee9b5495dd2530667804fffa96,59986052,256,block-select,1,128,4,upload_shared,1,48.735375999999995,48.735375999999995,48.735375999999995,1.0,False,False
2749d31664905c24a21b64a3a74ce59d83e4f5ee9b5495dd2530667804fffa96,59986052,256,grid-select,1,0,0,download,30,0.00955,0.009134,0.0101375,1.020366492146597,True,True
2749d31664905c24a21b64a3a74ce59d83e4f5ee9b5495dd2530667804fffa96,59986052,256,grid-select,1,0,0,operator,30,1.093812,1.0921049999999999,1.0945029999999998,0.7321079856501849,True,True
2749d31664905c24a21b64a3a74ce59d83e4f5ee9b5495dd2530667804fffa96,59986052,256,grid-select,1,0,0,output_isolated,30,0.009299499999999999,0.0090965,0.00963475,2.001559223614173,True,True
2749d31664905c24a21b64a3a74ce59d83e4f5ee9b5495dd2530667804fffa96,59986052,256,grid-select,1,0,0,selection_isolated,30,0.647857,0.646875,0.6494489999999999,0.5506855679571263,True,True
2749d31664905c24a21b64a3a74ce59d83e4f5ee9b5495dd2530667804fffa96,59986052,256,grid-select,1,0,0,transform_isolated,30,0.44485399999999997,0.444188,0.44568575,1.0082173027555108,True,True
2749d31664905c24a21b64a3a74ce59d83e4f5ee9b5495dd2530667804fffa96,59986052,256,grid-select,1,0,0,upload_shared,1,48.735375999999995,48.735375999999995,48.735375999999995,1.0,True,True
2749d31664905c24a21b64a3a74ce59d83e4f5ee9b5495dd2530667804fffa96,59986052,512,air-topk,1,512,0,download,30,0.010646,0.0102135,0.0111445,1.0,True,True
2749d31664905c24a21b64a3a74ce59d83e4f5ee9b5495dd2530667804fffa96,59986052,512,air-topk,1,512,0,operator,30,0.809391,0.80677475,0.81122375,1.0,True,True
2749d31664905c24a21b64a3a74ce59d83e4f5ee9b5495dd2530667804fffa96,59986052,512,air-topk,1,512,0,output_isolated,30,0.027246,0.0271035,0.027654250000000002,1.0,True,True
2749d31664905c24a21b64a3a74ce59d83e4f5ee9b5495dd2530667804fffa96,59986052,512,air-topk,1,512,0,selection_isolated,30,0.3577675,0.3553205,0.35840550000000004,1.0,True,True
2749d31664905c24a21b64a3a74ce59d83e4f5ee9b5495dd2530667804fffa96,59986052,512,air-topk,1,512,0,transform_isolated,30,0.4478735,0.44647125000000004,0.44894599999999996,1.0,True,True
2749d31664905c24a21b64a3a74ce59d83e4f5ee9b5495dd2530667804fffa96,59986052,512,air-topk,1,512,0,upload_shared,1,48.704429,48.704429,48.704429,1.0,True,True
2749d31664905c24a21b64a3a74ce59d83e4f5ee9b5495dd2530667804fffa96,59986052,512,bits-prefetch,1,128,4,download,30,0.023075,0.022727499999999998,0.023725,0.46136511375948,False,False
2749d31664905c24a21b64a3a74ce59d83e4f5ee9b5495dd2530667804fffa96,59986052,512,bits-prefetch,1,128,4,operator,30,73.2200805,73.20662750000001,73.22882124999998,0.011054221662594321,False,False
2749d31664905c24a21b64a3a74ce59d83e4f5ee9b5495dd2530667804fffa96,59986052,512,bits-prefetch,1,128,4,output_isolated,30,0.02321,0.02281975,0.024093499999999997,1.1738905644118913,False,False
2749d31664905c24a21b64a3a74ce59d83e4f5ee9b5495dd2530667804fffa96,59986052,512,bits-prefetch,1,128,4,selection_isolated,30,72.7598675,72.7477375,72.76789225,0.004917099388615572,False,False
2749d31664905c24a21b64a3a74ce59d83e4f5ee9b5495dd2530667804fffa96,59986052,512,bits-prefetch,1,128,4,transform_isolated,30,0.4458805,0.4449865,0.4468175,1.0044698074932632,False,False
2749d31664905c24a21b64a3a74ce59d83e4f5ee9b5495dd2530667804fffa96,59986052,512,bits-prefetch,1,128,4,upload_shared,1,48.750719,48.750719,48.750719,0.99905047554273,False,False
2749d31664905c24a21b64a3a74ce59d83e4f5ee9b5495dd2530667804fffa96,59986052,512,bits-prefetch,1,128,7,download,30,0.021943,0.02146725,0.0225565,0.48516611219979033,False,False
2749d31664905c24a21b64a3a74ce59d83e4f5ee9b5495dd2530667804fffa96,59986052,512,bits-prefetch,1,128,7,operator,30,55.42709,55.422149999999995,55.431842,0.014602805234768774,False,False
2749d31664905c24a21b64a3a74ce59d83e4f5ee9b5495dd2530667804fffa96,59986052,512,bits-prefetch,1,128,7,output_isolated,30,0.022759,0.02211375,0.023641000000000002,1.1971527747264816,False,False
2749d31664905c24a21b64a3a74ce59d83e4f5ee9b5495dd2530667804fffa96,59986052,512,bits-prefetch,1,128,7,selection_isolated,30,54.969507,54.965402749999996,54.97625925,0.006508472051604902,False,False
2749d31664905c24a21b64a3a74ce59d83e4f5ee9b5495dd2530667804fffa96,59986052,512,bits-prefetch,1,128,7,transform_isolated,30,0.445776,0.44496925,0.4463385,1.0047052779871504,False,False
2749d31664905c24a21b64a3a74ce59d83e4f5ee9b5495dd2530667804fffa96,59986052,512,bits-prefetch,1,128,7,upload_shared,1,48.759081,48.759081,48.759081,0.9988791421232898,False,False
2749d31664905c24a21b64a3a74ce59d83e4f5ee9b5495dd2530667804fffa96,59986052,512,bits-prefetch,1,128,8,download,30,0.020306,0.019707500000000003,0.021136750000000003,0.5242785383630454,False,False
2749d31664905c24a21b64a3a74ce59d83e4f5ee9b5495dd2530667804fffa96,59986052,512,bits-prefetch,1,128,8,operator,30,41.3074205,41.30578475,41.308502,0.019594324462840762,False,False
2749d31664905c24a21b64a3a74ce59d83e4f5ee9b5495dd2530667804fffa96,59986052,512,bits-prefetch,1,128,8,output_isolated,30,0.020336,0.0198925,0.020844249999999998,1.3397915027537373,False,False
2749d31664905c24a21b64a3a74ce59d83e4f5ee9b5495dd2530667804fffa96,59986052,512,bits-prefetch,1,128,8,selection_isolated,30,40.851314,40.8500145,40.85219574999999,0.008757796628035025,False,False
2749d31664905c24a21b64a3a74ce59d83e4f5ee9b5495dd2530667804fffa96,59986052,512,bits-prefetch,1,128,8,transform_isolated,30,0.445866,0.4450425,0.446557,1.004502473837431,False,False
2749d31664905c24a21b64a3a74ce59d83e4f5ee9b5495dd2530667804fffa96,59986052,512,bits-prefetch,1,128,8,upload_shared,1,48.817069,48.817069,48.817069,0.9976926103449595,False,False
2749d31664905c24a21b64a3a74ce59d83e4f5ee9b5495dd2530667804fffa96,59986052,512,bits-prefetch,1,128,13,download,30,0.018929,0.018280499999999998,0.0196575,0.5624174546991388,False,False
2749d31664905c24a21b64a3a74ce59d83e4f5ee9b5495dd2530667804fffa96,59986052,512,bits-prefetch,1,128,13,operator,30,34.5779735,34.5708055,34.58347175,0.023407704907865697,False,False
2749d31664905c24a21b64a3a74ce59d83e4f5ee9b5495dd2530667804fffa96,59986052,512,bits-prefetch,1,128,13,output_isolated,30,0.019705,0.0190515,0.020802,1.3826947475260085,False,False
2749d31664905c24a21b64a3a74ce59d83e4f5ee9b5495dd2530667804fffa96,59986052,512,bits-prefetch,1,128,13,selection_isolated,30,34.12353,34.12140125,34.127301,0.010484480943208396,False,False
2749d31664905c24a21b64a3a74ce59d83e4f5ee9b5495dd2530667804fffa96,59986052,512,bits-prefetch,1,128,13,transform_isolated,30,0.44508899999999996,0.44447824999999996,0.44622425,1.0062560521603545,False,False
2749d31664905c24a21b64a3a74ce59d83e4f5ee9b5495dd2530667804fffa96,59986052,512,bits-prefetch,1,128,13,upload_shared,1,48.743908000000005,48.743908000000005,48.743908000000005,0.9991900731471919,False,False
2749d31664905c24a21b64a3a74ce59d83e4f5ee9b5495dd2530667804fffa96,59986052,512,bits-prefetch,1,128,16,download,30,0.018718000000000002,0.0182055,0.01959975,0.5687573458702851,False,False
2749d31664905c24a21b64a3a74ce59d83e4f5ee9b5495dd2530667804fffa96,59986052,512,bits-prefetch,1,128,16,operator,30,30.6905435,30.6864745,30.693751,0.02637265123701703,False,False
2749d31664905c24a21b64a3a74ce59d83e4f5ee9b5495dd2530667804fffa96,59986052,512,bits-prefetch,1,128,16,output_isolated,30,0.019133999999999998,0.01837475,0.0197675,1.4239573534023207,False,False
2749d31664905c24a21b64a3a74ce59d83e4f5ee9b5495dd2530667804fffa96,59986052,512,bits-prefetch,1,128,16,selection_isolated,30,30.2351635,30.2337085,30.23894975,0.011832828355633004,False,False
2749d31664905c24a21b64a3a74ce59d83e4f5ee9b5495dd2530667804fffa96,59986052,512,bits-prefetch,1,128,16,transform_isolated,30,0.4453395,0.444373,0.4459325,1.005690040968744,False,False
2749d31664905c24a21b64a3a74ce59d83e4f5ee9b5495dd2530667804fffa96,59986052,512,bits-prefetch,1,128,16,upload_shared,1,48.666351,48.666351,48.666351,1.0007824297326093,False,False
2749d31664905c24a21b64a3a74ce59d83e4f5ee9b5495dd2530667804fffa96,59986052,512,bits-prefetch,1,256,4,download,30,0.0195,0.01918475,0.019815,0.5459487179487179,False,False
2749d31664905c24a21b64a3a74ce59d83e4f5ee9b5495dd2530667804fffa96,59986052,512,bits-prefetch,1,256,4,operator,30,35.3988375,35.395039,35.402480499999996,0.022864903402548178,False,False
2749d31664905c24a21b64a3a74ce59d83e4f5ee9b5495dd2530667804fffa96,59986052,512,bits-prefetch,1,256,4,output_isolated,30,0.019865,0.01908575,0.02029275,1.3715580166121317,False,False
2749d31664905c24a21b64a3a74ce59d83e4f5ee9b5495dd2530667804fffa96,59986052,512,bits-prefetch,1,256,4,selection_isolated,30,34.941894500000004,34.939882,34.946407,0.010238926798888938,False,False
2749d31664905c24a21b64a3a74ce59d83e4f5ee9b5495dd2530667804fffa96,59986052,512,bits-prefetch,1,256,4,transform_isolated,30,0.44553,0.444724,0.44661100000000004,1.0052600273831167,False,False
2749d31664905c24a21b64a3a74ce59d83e4f5ee9b5495dd2530667804fffa96,59986052,512,bits-prefetch,1,256,4,upload_shared,1,48.800594000000004,48.800594000000004,48.800594000000004,0.9980294297237446,False,False
2749d31664905c24a21b64a3a74ce59d83e4f5ee9b5495dd2530667804fffa96,59986052,512,bits-prefetch,1,256,7,download,30,0.018001999999999997,0.0174995,0.018322,0.5913787356960338,False,False
2749d31664905c24a21b64a3a74ce59d83e4f5ee9b5495dd2530667804fffa96,59986052,512,bits-prefetch,1,256,7,operator,30,24.9090525,24.90551225,24.9106935,0.03249384937464,False,False
2749d31664905c24a21b64a3a74ce59d83e4f5ee9b5495dd2530667804fffa96,59986052,512,bits-prefetch,1,256,7,output_isolated,30,0.018433,0.01692525,0.01867625,1.4781099115716376,False,False
2749d31664905c24a21b64a3a74ce59d83e4f5ee9b5495dd2530667804fffa96,59986052,512,bits-prefetch,1,256,7,selection_isolated,30,24.455646,24.4511315,24.458134749999996,0.014629239399359967,False,False
2749d31664905c24a21b64a3a74ce59d83e4f5ee9b5495dd2530667804fffa96,59986052,512,bits-prefetch,1,256,7,transform_isolated,30,0.445505,0.44447125,0.4462235,1.0053164386482756,False,False
2749d31664905c24a21b64a3a74ce59d83e4f5ee9b5495dd2530667804fffa96,59986052,512,bits-prefetch,1,256,7,upload_shared,1,48.679301,48.679301,48.679301,1.0005161947580141,False,False
2749d31664905c24a21b64a3a74ce59d83e4f5ee9b5495dd2530667804fffa96,59986052,512,bits-prefetch,1,256,8,download,30,0.0180875,0.0172035,0.018956499999999998,0.5885832757429164,False,False
2749d31664905c24a21b64a3a74ce59d83e4f5ee9b5495dd2530667804fffa96,59986052,512,bits-prefetch,1,256,8,operator,30,23.805646,23.8032955,23.807834,0.03399995950540473,False,False
2749d31664905c24a21b64a3a74ce59d83e4f5ee9b5495dd2530667804fffa96,59986052,512,bits-prefetch,1,256,8,output_isolated,30,0.017927,0.017547,0.01863625,1.519830423383723,False,False
2749d31664905c24a21b64a3a74ce59d83e4f5ee9b5495dd2530667804fffa96,59986052,512,bits-prefetch,1,256,8,selection_isolated,30,23.352680499999998,23.350482,23.3538895,0.015320189902825077,False,False
2749d31664905c24a21b64a3a74ce59d83e4f5ee9b5495dd2530667804fffa96,59986052,512,bits-prefetch,1,256,8,transform_isolated,30,0.444944,0.44416550000000005,0.44559,1.0065839746125353,False,False
2749d31664905c24a21b64a3a74ce59d83e4f5ee9b5495dd2530667804fffa96,59986052,512,bits-prefetch,1,256,8,upload_shared,1,48.775036,48.775036,48.775036,0.9985523947127378,False,False
2749d31664905c24a21b64a3a74ce59d83e4f5ee9b5495dd2530667804fffa96,59986052,512,bits-prefetch,1,256,13,download,30,0.016841000000000002,0.0156665,0.017562,0.6321477346950892,False,False
2749d31664905c24a21b64a3a74ce59d83e4f5ee9b5495dd2530667804fffa96,59986052,512,bits-prefetch,1,256,13,operator,30,19.831174,19.829342999999998,19.8337705,0.04081407384151841,False,False
2749d31664905c24a21b64a3a74ce59d83e4f5ee9b5495dd2530667804fffa96,59986052,512,bits-prefetch,1,256,13,output_isolated,30,0.0167955,0.0160515,0.0178345,1.622220237563633,False,False
2749d31664905c24a21b64a3a74ce59d83e4f5ee9b5495dd2530667804fffa96,59986052,512,bits-prefetch,1,256,13,selection_isolated,30,19.3777465,19.376632,19.378949,0.018462802163295922,False,False
2749d31664905c24a21b64a3a74ce59d83e4f5ee9b5495dd2530667804fffa96,59986052,512,bits-prefetch,1,256,13,transform_isolated,30,0.4448845,0.44424074999999996,0.44572075000000005,1.0067185977484043,False,False
2749d31664905c24a21b64a3a74ce59d83e4f5ee9b5495dd2530667804fffa96,59986052,512,bits-prefetch,1,256,13,upload_shared,1,48.735997000000005,48.735997000000005,48.735997000000005,0.9993522652260504,False,False
2749d31664905c24a21b64a3a74ce59d83e4f5ee9b5495dd2530667804fffa96,59986052,512,bits-prefetch,1,256,16,download,30,0.017602,0.01604175,0.018342749999999998,0.6048176343597318,False,False
2749d31664905c24a21b64a3a74ce59d83e4f5ee9b5495dd2530667804fffa96,59986052,512,bits-prefetch,1,256,16,operator,30,23.382225,23.381285499999997,23.383822000000002,0.034615653557349656,False,False
2749d31664905c24a21b64a3a74ce59d83e4f5ee9b5495dd2530667804fffa96,59986052,512,bits-prefetch,1,256,16,output_isolated,30,0.017556500000000003,0.01673775,0.0180945,1.551903853273716,False,False
2749d31664905c24a21b64a3a74ce59d83e4f5ee9b5495dd2530667804fffa96,59986052,512,bits-prefetch,1,256,16,selection_isolated,30,22.928968,22.92776775,22.9295455,0.015603297104344164,False,False
2749d31664905c24a21b64a3a74ce59d83e4f5ee9b5495dd2530667804fffa96,59986052,512,bits-prefetch,1,256,16,transform_isolated,30,0.445465,0.44476400000000005,0.44605275,1.0054067098425241,False,False
2749d31664905c24a21b64a3a74ce59d83e4f5ee9b5495dd2530667804fffa96,59986052,512,bits-prefetch,1,256,16,upload_shared,1,48.730168,48.730168,48.730168,0.9994718056379366,False,False
2749d31664905c24a21b64a3a74ce59d83e4f5ee9b5495dd2530667804fffa96,59986052,512,bits-prefetch,1,512,4,download,30,0.016800500000000003,0.015237999999999998,0.01770675,0.633671616916163,False,False
2749d31664905c24a21b64a3a74ce59d83e4f5ee9b5495dd2530667804fffa96,59986052,512,bits-prefetch,1,512,4,operator,30,21.088724499999998,21.087502999999998,21.0904345,0.038380272832527165,False,False
2749d31664905c24a21b64a3a74ce59d83e4f5ee9b5495dd2530667804fffa96,59986052,512,bits-prefetch,1,512,4,output_isolated,30,0.016806,0.01618225,0.01768175,1.621206711888611,False,False
2749d31664905c24a21b64a3a74ce59d83e4f5ee9b5495dd2530667804fffa96,59986052,512,bits-prefetch,1,512,4,selection_isolated,30,20.635777500000003,20.6353005,20.6373855,0.01733724353250077,False,False
2749d31664905c24a21b64a3a74ce59d83e4f5ee9b5495dd2530667804fffa96,59986052,512,bits-prefetch,1,512,4,transform_isolated,30,0.44541949999999997,0.44375049999999994,0.44637175,1.0055094130364746,False,False
2749d31664905c24a21b64a3a74ce59d83e4f5ee9b5495dd2530667804fffa96,59986052,512,bits-prefetch,1,512,4,upload_shared,1,48.722336,48.722336,48.722336,0.9996324683611229,False,False
2749d31664905c24a21b64a3a74ce59d83e4f5ee9b5495dd2530667804fffa96,59986052,512,bits-prefetch,1,512,7,download,30,0.015529,0.014349,0.016743499999999998,0.6855560564105866,False,False
2749d31664905c24a21b64a3a74ce59d83e4f5ee9b5495dd2530667804fffa96,59986052,512,bits-prefetch,1,512,7,operator,30,15.519395,15.51782575,15.52087025,0.05215351500493415,False,False
2749d31664905c24a21b64a3a74ce59d83e4f5ee9b5495dd2530667804fffa96,59986052,512,bits-prefetch,1,512,7,output_isolated,30,0.0156385,0.0151005,0.01614975,1.742238705758225,False,False
2749d31664905c24a21b64a3a74ce59d83e4f5ee9b5495dd2530667804fffa96,59986052,512,bits-prefetch,1,512,7,selection_isolated,30,15.0672455,15.06624575,15.068880499999999,0.0237447183030236,False,False
2749d31664905c24a21b64a3a74ce59d83e4f5ee9b5495dd2530667804fffa96,59986052,512,bits-prefetch,1,512,7,transform_isolated,30,0.444383,0.44377275,0.44541224999999995,1.0078547109137839,False,False
2749d31664905c24a21b64a3a74ce59d83e4f5ee9b5495dd2530667804fffa96,59986052,512,bits-prefetch,1,512,7,upload_shared,1,48.661924,48.661924,48.661924,1.0008734755329445,False,False
2749d31664905c24a21b64a3a74ce59d83e4f5ee9b5495dd2530667804fffa96,59986052,512,bits-prefetch,1,512,8,download,30,0.015143,0.014128499999999999,0.016266750000000003,0.7030311034801557,False,False
2749d31664905c24a21b64a3a74ce59d83e4f5ee9b5495dd2530667804fffa96,59986052,512,bits-prefetch,1,512,8,operator,30,14.8643825,14.861769,14.865664999999998,0.05445170695789078,False,False
2749d31664905c24a21b64a3a74ce59d83e4f5ee9b5495dd2530667804fffa96,59986052,512,bits-prefetch,1,512,8,output_isolated,30,0.015588000000000001,0.014622,0.01619425,1.74788298691301,False,False
2749d31664905c24a21b64a3a74ce59d83e4f5ee9b5495dd2530667804fffa96,59986052,512,bits-prefetch,1,512,8,selection_isolated,30,14.4109315,14.410387499999999,14.4125515,0.024826118977805147,False,False
2749d31664905c24a21b64a3a74ce59d83e4f5ee9b5495dd2530667804fffa96,59986052,512,bits-prefetch,1,512,8,transform_isolated,30,0.4450945,0.44421825000000004,0.4455675,1.0062436179283276,False,False
2749d31664905c24a21b64a3a74ce59d83e4f5ee9b5495dd2530667804fffa96,59986052,512,bits-prefetch,1,512,8,upload_shared,1,48.698379,48.698379,48.698379,1.0001242341146508,False,False
2749d31664905c24a21b64a3a74ce59d83e4f5ee9b5495dd2530667804fffa96,59986052,512,bits-prefetch,1,512,13,download,30,0.014938,0.01419675,0.0158215,0.7126790735038158,False,False
2749d31664905c24a21b64a3a74ce59d83e4f5ee9b5495dd2530667804fffa96,59986052,512,bits-prefetch,1,512,13,operator,30,14.097075,14.09596925,14.099033749999998,0.05741552768925468,False,False
2749d31664905c24a21b64a3a74ce59d83e4f5ee9b5495dd2530667804fffa96,59986052,512,bits-prefetch,1,512,13,output_isolated,30,0.0151535,0.014316249999999999,0.0158815,1.7980004619394858,False,False
2749d31664905c24a21b64a3a74ce59d83e4f5ee9b5495dd2530667804fffa96,59986052,512,bits-prefetch,1,512,13,selection_isolated,30,13.645166,13.644417500000001,13.6460995,0.026219358562585462,False,False
2749d31664905c24a21b64a3a74ce59d83e4f5ee9b5495dd2530667804fffa96,59986052,512,bits-prefetch,1,512,13,transform_isolated,30,0.4446685,0.443632,0.4454125,1.0072076164603518,False,False
2749d31664905c24a21b64a3a74ce59d83e4f5ee9b5495dd2530667804fffa96,59986052,512,bits-prefetch,1,512,13,upload_shared,1,48.759221,48.759221,48.759221,0.9988762740897768,False,False
2749d31664905c24a21b64a3a74ce59d83e4f5ee9b5495dd2530667804fffa96,59986052,512,bits-prefetch,1,512,16,download,30,0.015127999999999999,0.01395625,0.0160265,0.7037281861448969,True,False
2749d31664905c24a21b64a3a74ce59d83e4f5ee9b5495dd2530667804fffa96,59986052,512,bits-prefetch,1,512,16,operator,30,13.3051105,13.300322999999999,13.3080615,0.0608330911644815,True,False
2749d31664905c24a21b64a3a74ce59d83e4f5ee9b5495dd2530667804fffa96,59986052,512,bits-prefetch,1,512,16,output_isolated,30,0.015172999999999999,0.0140845,0.015944,1.7956897119884005,True,False
2749d31664905c24a21b64a3a74ce59d83e4f5ee9b5495dd2530667804fffa96,59986052,512,bits-prefetch,1,512,16,selection_isolated,30,12.851508,12.8488165,12.85406275,0.027838561824806863,True,False
2749d31664905c24a21b64a3a74ce59d83e4f5ee9b5495dd2530667804fffa96,59986052,512,bits-prefetch,1,512,16,transform_isolated,30,0.44475850000000006,0.44410075,0.44549249999999996,1.007003800939161,True,False
2749d31664905c24a21b64a3a74ce59d83e4f5ee9b5495dd2530667804fffa96,59986052,512,bits-prefetch,1,512,16,upload_shared,1,48.704429,48.704429,48.704429,1.0,True,False
2749d31664905c24a21b64a3a74ce59d83e4f5ee9b5495dd2530667804fffa96,59986052,512,bits-sq,8,128,4,download,30,0.014031,0.013506,0.014647,0.7587484854964007,False,False
2749d31664905c24a21b64a3a74ce59d83e4f5ee9b5495dd2530667804fffa96,59986052,512,bits-sq,8,128,4,operator,30,10.8876075,10.8861375,10.88842625,0.07434057482325662,False,False
2749d31664905c24a21b64a3a74ce59d83e4f5ee9b5495dd2530667804fffa96,59986052,512,bits-sq,8,128,4,output_isolated,30,0.0140315,0.01372775,0.014301999999999999,1.9417738659444819,False,False
2749d31664905c24a21b64a3a74ce59d83e4f5ee9b5495dd2530667804fffa96,59986052,512,bits-sq,8,128,4,selection_isolated,30,10.43429,10.43388175,10.434836,0.03428767074712319,False,False
2749d31664905c24a21b64a3a74ce59d83e4f5ee9b5495dd2530667804fffa96,59986052,512,bits-sq,8,128,4,transform_isolated,30,0.44521,0.44440050000000003,0.44566275,1.005982570023135,False,False
2749d31664905c24a21b64a3a74ce59d83e4f5ee9b5495dd2530667804fffa96,59986052,512,bits-sq,8,128,4,upload_shared,1,48.750719,48.750719,48.750719,0.99905047554273,False,False
2749d31664905c24a21b64a3a74ce59d83e4f5ee9b5495dd2530667804fffa96,59986052,512,bits-sq,8,128,7,download,30,0.0135105,0.0126315,0.014454499999999999,0.7879797194774434,False,False
2749d31664905c24a21b64a3a74ce59d83e4f5ee9b5495dd2530667804fffa96,59986052,512,bits-sq,8,128,7,operator,30,8.842388,8.8403375,8.843497500000002,0.09153534090564676,False,False
2749d31664905c24a21b64a3a74ce59d83e4f5ee9b5495dd2530667804fffa96,59986052,512,bits-sq,8,128,7,output_isolated,30,0.013606,0.012438999999999999,0.01405375,2.0024988975452005,False,False
2749d31664905c24a21b64a3a74ce59d83e4f5ee9b5495dd2530667804fffa96,59986052,512,bits-sq,8,128,7,selection_isolated,30,8.390909,8.39028325,8.3918225,0.042637514004740126,False,False
2749d31664905c24a21b64a3a74ce59d83e4f5ee9b5495dd2530667804fffa96,59986052,512,bits-sq,8,128,7,transform_isolated,30,0.444573,0.443998,0.44578999999999996,1.0074239776144749,False,False
2749d31664905c24a21b64a3a74ce59d83e4f5ee9b5495dd2530667804fffa96,59986052,512,bits-sq,8,128,7,upload_shared,1,48.759081,48.759081,48.759081,0.9988791421232898,False,False
2749d31664905c24a21b64a3a74ce59d83e4f5ee9b5495dd2530667804fffa96,59986052,512,bits-sq,8,128,8,download,30,0.013500500000000002,0.012546499999999999,0.014391,0.788563386541239,False,False
2749d31664905c24a21b64a3a74ce59d83e4f5ee9b5495dd2530667804fffa96,59986052,512,bits-sq,8,128,8,operator,30,8.668475,8.6664315,8.67002525,0.09337178684832106,False,False
2749d31664905c24a21b64a3a74ce59d83e4f5ee9b5495dd2530667804fffa96,59986052,512,bits-sq,8,128,8,output_isolated,30,0.013175,0.01289,0.0139485,2.068007590132827,False,False
2749d31664905c24a21b64a3a74ce59d83e4f5ee9b5495dd2530667804fffa96,59986052,512,bits-sq,8,128,8,selection_isolated,30,8.2167855,8.216212500000001,8.2175345,0.04354105385859227,False,False
2749d31664905c24a21b64a3a74ce59d83e4f5ee9b5495dd2530667804fffa96,59986052,512,bits-sq,8,128,8,transform_isolated,30,0.4445535,0.44354699999999997,0.44534224999999994,1.0074681674984,False,False
2749d31664905c24a21b64a3a74ce59d83e4f5ee9b5495dd2530667804fffa96,59986052,512,bits-sq,8,128,8,upload_shared,1,48.817069,48.817069,48.817069,0.9976926103449595,False,False
2749d31664905c24a21b64a3a74ce59d83e4f5ee9b5495dd2530667804fffa96,59986052,512,bits-sq,8,128,13,download,30,0.0129845,0.012194,0.014229250000000002,0.8199006507759251,False,False
2749d31664905c24a21b64a3a74ce59d83e4f5ee9b5495dd2530667804fffa96,59986052,512,bits-sq,8,128,13,operator,30,6.3218035,6.32095225,6.324,0.12803166058546425,False,False
2749d31664905c24a21b64a3a74ce59d83e4f5ee9b5495dd2530667804fffa96,59986052,512,bits-sq,8,128,13,output_isolated,30,0.012618999999999998,0.012112999999999999,0.01327,2.159125128774071,False,False
2749d31664905c24a21b64a3a74ce59d83e4f5ee9b5495dd2530667804fffa96,59986052,512,bits-sq,8,128,13,selection_isolated,30,5.870855499999999,5.870312500000001,5.8718017499999995,0.060939585380699636,False,False
2749d31664905c24a21b64a3a74ce59d83e4f5ee9b5495dd2530667804fffa96,59986052,512,bits-sq,8,128,13,transform_isolated,30,0.44527000000000005,0.4445355,0.4462035,1.0058470141711768,False,False
2749d31664905c24a21b64a3a74ce59d83e4f5ee9b5495dd2530667804fffa96,59986052,512,bits-sq,8,128,13,upload_shared,1,48.743908000000005,48.743908000000005,48.743908000000005,0.9991900731471919,False,False
2749d31664905c24a21b64a3a74ce59d83e4f5ee9b5495dd2530667804fffa96,59986052,512,bits-sq,8,128,16,download,30,0.012489,0.012038,0.013575,0.8524301385218992,False,False
2749d31664905c24a21b64a3a74ce59d83e4f5ee9b5495dd2530667804fffa96,59986052,512,bits-sq,8,128,16,operator,30,6.1238545,6.123038,6.12453325,0.1321701879102451,False,False
2749d31664905c24a21b64a3a74ce59d83e4f5ee9b5495dd2530667804fffa96,59986052,512,bits-sq,8,128,16,output_isolated,30,0.012253,0.01197625,0.013039750000000001,2.2236187056231125,False,False
2749d31664905c24a21b64a3a74ce59d83e4f5ee9b5495dd2530667804fffa96,59986052,512,bits-sq,8,128,16,selection_isolated,30,5.6735815,5.6725477500000006,5.6747865,0.06305849312290658,False,False
2749d31664905c24a21b64a3a74ce59d83e4f5ee9b5495dd2530667804fffa96,59986052,512,bits-sq,8,128,16,transform_isolated,30,0.44465849999999996,0.444003,0.4454225,1.0072302677223084,False,False
2749d31664905c24a21b64a3a74ce59d83e4f5ee9b5495dd2530667804fffa96,59986052,512,bits-sq,8,128,16,upload_shared,1,48.666351,48.666351,48.666351,1.0007824297326093,False,False
2749d31664905c24a21b64a3a74ce59d83e4f5ee9b5495dd2530667804fffa96,59986052,512,bits-sq,8,256,4,download,30,0.012109000000000002,0.011500499999999999,0.012854,0.87918077463044,False,False
2749d31664905c24a21b64a3a74ce59d83e4f5ee9b5495dd2530667804fffa96,59986052,512,bits-sq,8,256,4,operator,30,5.603881,5.6022057499999995,5.60584825,0.14443400921611288,False,False
2749d31664905c24a21b64a3a74ce59d83e4f5ee9b5495dd2530667804fffa96,59986052,512,bits-sq,8,256,4,output_isolated,30,0.011793000000000001,0.0113845,0.0124615,2.3103535995929785,False,False
2749d31664905c24a21b64a3a74ce59d83e4f5ee9b5495dd2530667804fffa96,59986052,512,bits-sq,8,256,4,selection_isolated,30,5.153213,5.152132,5.1546885,0.06942610367551273,False,False
2749d31664905c24a21b64a3a74ce59d83e4f5ee9b5495dd2530667804fffa96,59986052,512,bits-sq,8,256,4,transform_isolated,30,0.4445635,0.44342950000000003,0.44531224999999997,1.0074455055352047,False,False
2749d31664905c24a21b64a3a74ce59d83e4f5ee9b5495dd2530667804fffa96,59986052,512,bits-sq,8,256,4,upload_shared,1,48.800594000000004,48.800594000000004,48.800594000000004,0.9980294297237446,False,False
2749d31664905c24a21b64a3a74ce59d83e4f5ee9b5495dd2530667804fffa96,59986052,512,bits-sq,8,256,7,download,30,0.012108500000000001,0.01091175,0.012914249999999999,0.8792170789115082,False,False
2749d31664905c24a21b64a3a74ce59d83e4f5ee9b5495dd2530667804fffa96,59986052,512,bits-sq,8,256,7,operator,30,4.410843999999999,4.4097195,4.411865000000001,0.18350025527994193,False,False
2749d31664905c24a21b64a3a74ce59d83e4f5ee9b5495dd2530667804fffa96,59986052,512,bits-sq,8,256,7,output_isolated,30,0.011798,0.0111245,0.0121805,2.3093744702491947,False,False
2749d31664905c24a21b64a3a74ce59d83e4f5ee9b5495dd2530667804fffa96,59986052,512,bits-sq,8,256,7,selection_isolated,30,3.9617430000000002,3.9609317500000003,3.9620355,0.09030558014490087,False,False
2749d31664905c24a21b64a3a74ce59d83e4f5ee9b5495dd2530667804fffa96,59986052,512,bits-sq,8,256,7,transform_isolated,30,0.444173,0.44379050000000003,0.44491400000000003,1.008331213288516,False,False
2749d31664905c24a21b64a3a74ce59d83e4f5ee9b5495dd2530667804fffa96,59986052,512,bits-sq,8,256,7,upload_shared,1,48.679301,48.679301,48.679301,1.0005161947580141,False,False
2749d31664905c24a21b64a3a74ce59d83e4f5ee9b5495dd2530667804fffa96,59986052,512,bits-sq,8,256,8,download,30,0.0117325,0.011449500000000001,0.0129465,0.9073939910505007,False,False
2749d31664905c24a21b64a3a74ce59d83e4f5ee9b5495dd2530667804fffa96,59986052,512,bits-sq,8,256,8,operator,30,4.326826499999999,4.325309000000001,4.3279905,0.18706342858905947,False,False
2749d31664905c24a21b64a3a74ce59d83e4f5ee9b5495dd2530667804fffa96,59986052,512,bits-sq,8,256,8,output_isolated,30,0.011312,0.010838499999999997,0.012003,2.408592644978784,False,False
2749d31664905c24a21b64a3a74ce59d83e4f5ee9b5495dd2530667804fffa96,59986052,512,bits-sq,8,256,8,selection_isolated,30,3.8767240000000003,3.876398,3.8772649999999995,0.09228603841800448,False,False
2749d31664905c24a21b64a3a74ce59d83e4f5ee9b5495dd2530667804fffa96,59986052,512,bits-sq,8,256,8,transform_isolated,30,0.44468850000000004,0.44327375,0.44580825,1.0071623169926813,False,False
2749d31664905c24a21b64a3a74ce59d83e4f5ee9b5495dd2530667804fffa96,59986052,512,bits-sq,8,256,8,upload_shared,1,48.775036,48.775036,48.775036,0.9985523947127378,False,False
2749d31664905c24a21b64a3a74ce59d83e4f5ee9b5495dd2530667804fffa96,59986052,512,bits-sq,8,256,13,download,30,0.011302,0.01089375,0.012062999999999999,0.9419571757211113,False,False
2749d31664905c24a21b64a3a74ce59d83e4f5ee9b5495dd2530667804fffa96,59986052,512,bits-sq,8,256,13,operator,30,3.844115,3.8427405,3.84494325,0.2105532742907015,False,False
2749d31664905c24a21b64a3a74ce59d83e4f5ee9b5495dd2530667804fffa96,59986052,512,bits-sq,8,256,13,output_isolated,30,0.011467,0.01060625,0.012079,2.376035580361036,False,False
2749d31664905c24a21b64a3a74ce59d83e4f5ee9b5495dd2530667804fffa96,59986052,512,bits-sq,8,256,13,selection_isolated,30,3.3944735,3.3940522499999997,3.39510975,0.10539705200232083,False,False
2749d31664905c24a21b64a3a74ce59d83e4f5ee9b5495dd2530667804fffa96,59986052,512,bits-sq,8,256,13,transform_isolated,30,0.44404299999999997,0.44311375,0.4446415,1.0086264168109846,False,False
2749d31664905c24a21b64a3a74ce59d83e4f5ee9b5495dd2530667804fffa96,59986052,512,bits-sq,8,256,13,upload_shared,1,48.735997000000005,48.735997000000005,48.735997000000005,0.9993522652260504,False,False
2749d31664905c24a21b64a3a74ce59d83e4f5ee9b5495dd2530667804fffa96,59986052,512,bits-sq,8,256,16,download,30,0.0115425,0.010916249999999999,0.012333,0.9223305176521549,False,False
2749d31664905c24a21b64a3a74ce59d83e4f5ee9b5495dd2530667804fffa96,59986052,512,bits-sq,8,256,16,operator,30,3.7878745,3.7862622500000005,3.78922175,0.21367946588515538,False,False
2749d31664905c24a21b64a3a74ce59d83e4f5ee9b5495dd2530667804fffa96,59986052,512,bits-sq,8,256,16,output_isolated,30,0.0113725,0.0105085,0.011977999999999999,2.3957792921521213,False,False
2749d31664905c24a21b64a3a74ce59d83e4f5ee9b5495dd2530667804fffa96,59986052,512,bits-sq,8,256,16,selection_isolated,30,3.3378674999999998,3.3373822499999997,3.3382555000000003,0.1071844523486927,False,False
2749d31664905c24a21b64a3a74ce59d83e4f5ee9b5495dd2530667804fffa96,59986052,512,bits-sq,8,256,16,transform_isolated,30,0.444173,0.443722,0.44516425000000004,1.008331213288516,False,False
2749d31664905c24a21b64a3a74ce59d83e4f5ee9b5495dd2530667804fffa96,59986052,512,bits-sq,8,256,16,upload_shared,1,48.730168,48.730168,48.730168,0.9994718056379366,False,False
2749d31664905c24a21b64a3a74ce59d83e4f5ee9b5495dd2530667804fffa96,59986052,512,bits-sq,8,512,4,download,30,0.0113775,0.010963750000000001,0.0121235,0.9357064381454624,False,False
2749d31664905c24a21b64a3a74ce59d83e4f5ee9b5495dd2530667804fffa96,59986052,512,bits-sq,8,512,4,operator,30,3.6726650000000003,3.67179325,3.673932,0.22038247430680444,False,False
2749d31664905c24a21b64a3a74ce59d83e4f5ee9b5495dd2530667804fffa96,59986052,512,bits-sq,8,512,4,output_isolated,30,0.010956500000000001,0.010581,0.0116355,2.486743029252042,False,False
2749d31664905c24a21b64a3a74ce59d83e4f5ee9b5495dd2530667804fffa96,59986052,512,bits-sq,8,512,4,selection_isolated,30,3.2234689999999997,3.22306925,3.223935,0.1109883482670378,False,False
2749d31664905c24a21b64a3a74ce59d83e4f5ee9b5495dd2530667804fffa96,59986052,512,bits-sq,8,512,4,transform_isolated,30,0.444268,0.44333374999999997,0.44512150000000006,1.0081155968919662,False,False
2749d31664905c24a21b64a3a74ce59d83e4f5ee9b5495dd2530667804fffa96,59986052,512,bits-sq,8,512,4,upload_shared,1,48.722336,48.722336,48.722336,0.9996324683611229,False,False
2749d31664905c24a21b64a3a74ce59d83e4f5ee9b5495dd2530667804fffa96,59986052,512,bits-sq,8,512,7,download,30,0.0114325,0.010753750000000001,0.012534,0.9312048983162038,False,False
2749d31664905c24a21b64a3a74ce59d83e4f5ee9b5495dd2530667804fffa96,59986052,512,bits-sq,8,512,7,operator,30,3.1296920000000004,3.1283402500000004,3.13069625,0.2586168223582384,False,False
2749d31664905c24a21b64a3a74ce59d83e4f5ee9b5495dd2530667804fffa96,59986052,512,bits-sq,8,512,7,output_isolated,30,0.010916,0.0105585,0.011179249999999998,2.49596921949432,False,False
2749d31664905c24a21b64a3a74ce59d83e4f5ee9b5495dd2530667804fffa96,59986052,512,bits-sq,8,512,7,selection_isolated,30,2.6804864999999998,2.6797252499999997,2.68105275,0.1334711068307936,False,False
2749d31664905c24a21b64a3a74ce59d83e4f5ee9b5495dd2530667804fffa96,59986052,512,bits-sq,8,512,7,transform_isolated,30,0.444809,0.443632,0.44579525,1.006889473909026,False,False
2749d31664905c24a21b64a3a74ce59d83e4f5ee9b5495dd2530667804fffa96,59986052,512,bits-sq,8,512,7,upload_shared,1,48.661924,48.661924,48.661924,1.0008734755329445,False,False
2749d31664905c24a21b64a3a74ce59d83e4f5ee9b5495dd2530667804fffa96,59986052,512,bits-sq,8,512,8,download,30,0.011061999999999999,0.010613749999999998,0.0118955,0.9623937805098536,False,False
2749d31664905c24a21b64a3a74ce59d83e4f5ee9b5495dd2530667804fffa96,59986052,512,bits-sq,8,512,8,operator,30,2.972449,2.9713295000000004,2.9730425,0.27229769123036257,False,False
2749d31664905c24a21b64a3a74ce59d83e4f5ee9b5495dd2530667804fffa96,59986052,512,bits-sq,8,512,8,output_isolated,30,0.010772,0.010471,0.011247,2.5293353137764574,False,False
2749d31664905c24a21b64a3a74ce59d83e4f5ee9b5495dd2530667804fffa96,59986052,512,bits-sq,8,512,8,selection_isolated,30,2.5238035,2.52313325,2.5241689999999997,0.14175727230745183,False,False
2749d31664905c24a21b64a3a74ce59d83e4f5ee9b5495dd2530667804fffa96,59986052,512,bits-sq,8,512,8,transform_isolated,30,0.4444885,0.443457,0.44547749999999997,1.0076154951140468,False,False
2749d31664905c24a21b64a3a74ce59d83e4f5ee9b5495dd2530667804fffa96,59986052,512,bits-sq,8,512,8,upload_shared,1,48.698379,48.698379,48.698379,1.0001242341146508,False,False
2749d31664905c24a21b64a3a74ce59d83e4f5ee9b5495dd2530667804fffa96,59986052,512,bits-sq,8,512,13,download,30,0.011282,0.010736,0.012176250000000001,0.9436270164864384,False,False
2749d31664905c24a21b64a3a74ce59d83e4f5ee9b5495dd2530667804fffa96,59986052,512,bits-sq,8,512,13,operator,30,2.853809,2.85256475,2.8542825,0.28361778941758187,False,False
2749d31664905c24a21b64a3a74ce59d83e4f5ee9b5495dd2530667804fffa96,59986052,512,bits-sq,8,512,13,output_isolated,30,0.0105955,0.010044999999999998,0.010929499999999998,2.5714690198669246,False,False
2749d31664905c24a21b64a3a74ce59d83e4f5ee9b5495dd2530667804fffa96,59986052,512,bits-sq,8,512,13,selection_isolated,30,2.404478,2.4040779999999997,2.40542925,0.14879217027562738,False,False
2749d31664905c24a21b64a3a74ce59d83e4f5ee9b5495dd2530667804fffa96,59986052,512,bits-sq,8,512,13,transform_isolated,30,0.4445935,0.4433195,0.44510974999999997,1.0073775257622974,False,False
2749d31664905c24a21b64a3a74ce59d83e4f5ee9b5495dd2530667804fffa96,59986052,512,bits-sq,8,512,13,upload_shared,1,48.759221,48.759221,48.759221,0.9988762740897768,False,False
2749d31664905c24a21b64a3a74ce59d83e4f5ee9b5495dd2530667804fffa96,59986052,512,bits-sq,8,512,16,download,30,0.011082,0.010767,0.011658,0.9606569211333694,False,False
2749d31664905c24a21b64a3a74ce59d83e4f5ee9b5495dd2530667804fffa96,59986052,512,bits-sq,8,512,16,operator,30,2.8218505,2.8205915,2.82288225,0.2868298657210933,False,False
2749d31664905c24a21b64a3a74ce59d83e4f5ee9b5495dd2530667804fffa96,59986052,512,bits-sq,8,512,16,output_isolated,30,0.010721000000000001,0.01019025,0.011022,2.5413674097565524,False,False
2749d31664905c24a21b64a3a74ce59d83e4f5ee9b5495dd2530667804fffa96,59986052,512,bits-sq,8,512,16,selection_isolated,30,2.371619,2.370933,2.372535,0.15085369951918923,False,False
2749d31664905c24a21b64a3a74ce59d83e4f5ee9b5495dd2530667804fffa96,59986052,512,bits-sq,8,512,16,transform_isolated,30,0.44434850000000004,0.4435745,0.4454625,1.0079329625282856,False,False
2749d31664905c24a21b64a3a74ce59d83e4f5ee9b5495dd2530667804fffa96,59986052,512,bits-sq,8,512,16,upload_shared,1,48.704429,48.704429,48.704429,1.0,False,False
2749d31664905c24a21b64a3a74ce59d83e4f5ee9b5495dd2530667804fffa96,59986052,512,bits-sq,32,128,4,download,30,0.011192,0.01063125,0.0118505,0.9512151536812007,False,False
2749d31664905c24a21b64a3a74ce59d83e4f5ee9b5495dd2530667804fffa96,59986052,512,bits-sq,32,128,4,operator,30,3.357648,3.3565234999999998,3.35875375,0.24105891981529926,False,False
2749d31664905c24a21b64a3a74ce59d83e4f5ee9b5495dd2530667804fffa96,59986052,512,bits-sq,32,128,4,output_isolated,30,0.0108765,0.010451000000000002,0.01150975,2.505033788442973,False,False
2749d31664905c24a21b64a3a74ce59d83e4f5ee9b5495dd2530667804fffa96,59986052,512,bits-sq,32,128,4,selection_isolated,30,2.909078,2.9086622500000003,2.90949325,0.12298312386261215,False,False
2749d31664905c24a21b64a3a74ce59d83e4f5ee9b5495dd2530667804fffa96,59986052,512,bits-sq,32,128,4,transform_isolated,30,0.444704,0.44420824999999997,0.4454905,1.0071272127077786,False,False
2749d31664905c24a21b64a3a74ce59d83e4f5ee9b5495dd2530667804fffa96,59986052,512,bits-sq,32,128,4,upload_shared,1,48.812362,48.812362,48.812362,0.9977888183325363,False,False
2749d31664905c24a21b64a3a74ce59d83e4f5ee9b5495dd2530667804fffa96,59986052,512,bits-sq,32,128,7,download,30,0.010961499999999999,0.010420249999999999,0.011644499999999999,0.9712174428682206,False,False
2749d31664905c24a21b64a3a74ce59d83e4f5ee9b5495dd2530667804fffa96,59986052,512,bits-sq,32,128,7,operator,30,2.8107334999999996,2.809552,2.811585,0.2879643338651637,False,False
2749d31664905c24a21b64a3a74ce59d83e4f5ee9b5495dd2530667804fffa96,59986052,512,bits-sq,32,128,7,output_isolated,30,0.010787000000000001,0.0101335,0.011069500000000001,2.5258181143969587,False,False
2749d31664905c24a21b64a3a74ce59d83e4f5ee9b5495dd2530667804fffa96,59986052,512,bits-sq,32,128,7,selection_isolated,30,2.362019,2.3617015,2.3626525000000003,0.15146681715938778,False,False
2749d31664905c24a21b64a3a74ce59d83e4f5ee9b5495dd2530667804fffa96,59986052,512,bits-sq,32,128,7,transform_isolated,30,0.44464899999999996,0.44422549999999994,0.4453825,1.0072517873648654,False,False
2749d31664905c24a21b64a3a74ce59d83e4f5ee9b5495dd2530667804fffa96,59986052,512,bits-sq,32,128,7,upload_shared,1,48.633061,48.633061,48.633061,1.0014674790879399,False,False
2749d31664905c24a21b64a3a74ce59d83e4f5ee9b5495dd2530667804fffa96,59986052,512,bits-sq,32,128,8,download,30,0.010881499999999999,0.010391000000000001,0.011780249999999999,0.9783577631760327,False,False
2749d31664905c24a21b64a3a74ce59d83e4f5ee9b5495dd2530667804fffa96,59986052,512,bits-sq,32,128,8,operator,30,2.7627765,2.76170675,2.7633545,0.2929628943926517,False,False
2749d31664905c24a21b64a3a74ce59d83e4f5ee9b5495dd2530667804fffa96,59986052,512,bits-sq,32,128,8,output_isolated,30,0.0107615,0.010543499999999999,0.011196999999999999,2.5318031872880176,False,False
2749d31664905c24a21b64a3a74ce59d83e4f5ee9b5495dd2530667804fffa96,59986052,512,bits-sq,32,128,8,selection_isolated,30,2.3136710000000003,2.3132800000000002,2.314362,0.15463196798507653,False,False
2749d31664905c24a21b64a3a74ce59d83e4f5ee9b5495dd2530667804fffa96,59986052,512,bits-sq,32,128,8,transform_isolated,30,0.4444635,0.44371525,0.44522725,1.007672171055666,False,False
2749d31664905c24a21b64a3a74ce59d83e4f5ee9b5495dd2530667804fffa96,59986052,512,bits-sq,32,128,8,upload_shared,1,48.733683,48.733683,48.733683,0.9993997170293901,False,False
2749d31664905c24a21b64a3a74ce59d83e4f5ee9b5495dd2530667804fffa96,59986052,512,bits-sq,32,128,13,download,30,0.010806,0.01059125,0.01116675,0.9851934110679252,False,False
2749d31664905c24a21b64a3a74ce59d83e4f5ee9b5495dd2530667804fffa96,59986052,512,bits-sq,32,128,13,operator,30,2.152957,2.15252425,2.153919,0.3759438762594887,False,False
2749d31664905c24a21b64a3a74ce59d83e4f5ee9b5495dd2530667804fffa96,59986052,512,bits-sq,32,128,13,output_isolated,30,0.0102755,0.009885,0.010633499999999999,2.651549802929298,False,False
2749d31664905c24a21b64a3a74ce59d83e4f5ee9b5495dd2530667804fffa96,59986052,512,bits-sq,32,128,13,selection_isolated,30,1.7046025,1.704052,1.7050939999999999,0.20988324257414853,False,False
2749d31664905c24a21b64a3a74ce59d83e4f5ee9b5495dd2530667804fffa96,59986052,512,bits-sq,32,128,13,transform_isolated,30,0.444168,0.44328375000000003,0.44538,1.0083425640748545,False,False
2749d31664905c24a21b64a3a74ce59d83e4f5ee9b5495dd2530667804fffa96,59986052,512,bits-sq,32,128,13,upload_shared,1,48.72524,48.72524,48.72524,0.9995728907646222,False,False
2749d31664905c24a21b64a3a74ce59d83e4f5ee9b5495dd2530667804fffa96,59986052,512,bits-sq,32,128,16,download,30,0.0108965,0.0105385,0.011427749999999999,0.9770109668242095,False,False
2749d31664905c24a21b64a3a74ce59d83e4f5ee9b5495dd2530667804fffa96,59986052,512,bits-sq,32,128,16,operator,30,2.1014745,2.100207,2.10262575,0.38515385268771996,False,False
2749d31664905c24a21b64a3a74ce59d83e4f5ee9b5495dd2530667804fffa96,59986052,512,bits-sq,32,128,16,output_isolated,30,0.010471,0.0102175,0.01068375,2.602043739852927,False,False
2749d31664905c24a21b64a3a74ce59d83e4f5ee9b5495dd2530667804fffa96,59986052,512,bits-sq,32,128,16,selection_isolated,30,1.6528695,1.6523565,1.65335275,0.21645235755151876,False,False
2749d31664905c24a21b64a3a74ce59d83e4f5ee9b5495dd2530667804fffa96,59986052,512,bits-sq,32,128,16,transform_isolated,30,0.4445835,0.44371975,0.4456975,1.0074001846672223,False,False
2749d31664905c24a21b64a3a74ce59d83e4f5ee9b5495dd2530667804fffa96,59986052,512,bits-sq,32,128,16,upload_shared,1,48.700953,48.700953,48.700953,1.0000713743733105,False,False
2749d31664905c24a21b64a3a74ce59d83e4f5ee9b5495dd2530667804fffa96,59986052,512,bits-sq,32,256,4,download,30,0.010691,0.01023075,0.01186775,0.9957908521186043,False,False
2749d31664905c24a21b64a3a74ce59d83e4f5ee9b5495dd2530667804fffa96,59986052,512,bits-sq,32,256,4,operator,30,1.907836,1.90723175,1.909246,0.4242455850502873,False,False
2749d31664905c24a21b64a3a74ce59d83e4f5ee9b5495dd2530667804fffa96,59986052,512,bits-sq,32,256,4,output_isolated,30,0.010005,0.0097975,0.010578500000000001,2.7232383808095952,False,False
2749d31664905c24a21b64a3a74ce59d83e4f5ee9b5495dd2530667804fffa96,59986052,512,bits-sq,32,256,4,selection_isolated,30,1.4592010000000002,1.458545,1.4603152499999998,0.245180410375267,False,False
2749d31664905c24a21b64a3a74ce59d83e4f5ee9b5495dd2530667804fffa96,59986052,512,bits-sq,32,256,4,transform_isolated,30,0.444113,0.44349950000000005,0.444879,1.0084674395930766,False,False
2749d31664905c24a21b64a3a74ce59d83e4f5ee9b5495dd2530667804fffa96,59986052,512,bits-sq,32,256,4,upload_shared,1,48.696406999999994,48.696406999999994,48.696406999999994,1.0001647349464613,False,False
2749d31664905c24a21b64a3a74ce59d83e4f5ee9b5495dd2530667804fffa96,59986052,512,bits-sq,32,256,7,download,30,0.0107615,0.01037325,0.0111295,0.9892672954513775,False,False
2749d31664905c24a21b64a3a74ce59d83e4f5ee9b5495dd2530667804fffa96,59986052,512,bits-sq,32,256,7,operator,30,1.5962385000000001,1.5950547499999999,1.59721,0.5070614447653029,False,False
2749d31664905c24a21b64a3a74ce59d83e4f5ee9b5495dd2530667804fffa96,59986052,512,bits-sq,32,256,7,output_isolated,30,0.009915,0.009666499999999998,0.010311,2.7479576399394854,False,False
2749d31664905c24a21b64a3a74ce59d83e4f5ee9b5495dd2530667804fffa96,59986052,512,bits-sq,32,256,7,selection_isolated,30,1.14806,1.1473555,1.1485957500000001,0.31162787659181573,False,False
2749d31664905c24a21b64a3a74ce59d83e4f5ee9b5495dd2530667804fffa96,59986052,512,bits-sq,32,256,7,transform_isolated,30,0.444774,0.44374199999999997,0.44537825000000003,1.006968707703238,False,False
2749d31664905c24a21b64a3a74ce59d83e4f5ee9b5495dd2530667804fffa96,59986052,512,bits-sq,32,256,7,upload_shared,1,48.686672,48.686672,48.686672,1.0003647199381382,False,False
2749d31664905c24a21b64a3a74ce59d83e4f5ee9b5495dd2530667804fffa96,59986052,512,bits-sq,32,256,8,download,30,0.010461,0.009955000000000002,0.010902,1.017684733773062,False,False
2749d31664905c24a21b64a3a74ce59d83e4f5ee9b5495dd2530667804fffa96,59986052,512,bits-sq,32,256,8,operator,30,1.5607595,1.5598912500000002,1.5619562500000002,0.5185879054396273,False,False
2749d31664905c24a21b64a3a74ce59d83e4f5ee9b5495dd2530667804fffa96,59986052,512,bits-sq,32,256,8,output_isolated,30,0.010020000000000001,0.009689999999999999,0.010578249999999999,2.7191616766467064,False,False
2749d31664905c24a21b64a3a74ce59d83e4f5ee9b5495dd2530667804fffa96,59986052,512,bits-sq,32,256,8,selection_isolated,30,1.112991,1.11235275,1.1133995,0.32144689400004134,False,False
2749d31664905c24a21b64a3a74ce59d83e4f5ee9b5495dd2530667804fffa96,59986052,512,bits-sq,32,256,8,transform_isolated,30,0.443903,0.44338199999999994,0.444774,1.0089445216635164,False,False
2749d31664905c24a21b64a3a74ce59d83e4f5ee9b5495dd2530667804fffa96,59986052,512,bits-sq,32,256,8,upload_shared,1,48.733012,48.733012,48.733012,0.999413477664791,False,False
2749d31664905c24a21b64a3a74ce59d83e4f5ee9b5495dd2530667804fffa96,59986052,512,bits-sq,32,256,13,download,30,0.0103455,0.01005025,0.01101125,1.0290464453143877,False,False
2749d31664905c24a21b64a3a74ce59d83e4f5ee9b5495dd2530667804fffa96,59986052,512,bits-sq,32,256,13,operator,30,1.448761,1.4480540000000002,1.4495385,0.5586780704339778,False,False
2749d31664905c24a21b64a3a74ce59d83e4f5ee9b5495dd2530667804fffa96,59986052,512,bits-sq,32,256,13,output_isolated,30,0.009920000000000002,0.00952725,0.01000775,2.746572580645161,False,False
2749d31664905c24a21b64a3a74ce59d83e4f5ee9b5495dd2530667804fffa96,59986052,512,bits-sq,32,256,13,selection_isolated,30,1.0006369999999998,1.000291,1.001272,0.35753974718104575,False,False
2749d31664905c24a21b64a3a74ce59d83e4f5ee9b5495dd2530667804fffa96,59986052,512,bits-sq,32,256,13,transform_isolated,30,0.44431299999999996,0.44368225,0.44494725,1.0080134949911437,False,False
2749d31664905c24a21b64a3a74ce59d83e4f5ee9b5495dd2530667804fffa96,59986052,512,bits-sq,32,256,13,upload_shared,1,48.646691,48.646691,48.646691,1.0011868844275553,False,False
2749d31664905c24a21b64a3a74ce59d83e4f5ee9b5495dd2530667804fffa96,59986052,512,bits-sq,32,256,16,download,30,0.010366,0.01005,0.010946000000000001,1.0270113833687053,False,False
2749d31664905c24a21b64a3a74ce59d83e4f5ee9b5495dd2530667804fffa96,59986052,512,bits-sq,32,256,16,operator,30,1.4487,1.44774575,1.44976175,0.5587015945330296,False,False
2749d31664905c24a21b64a3a74ce59d83e4f5ee9b5495dd2530667804fffa96,59986052,512,bits-sq,32,256,16,output_isolated,30,0.00984,0.009581750000000002,0.010516,2.7689024390243904,False,False
2749d31664905c24a21b64a3a74ce59d83e4f5ee9b5495dd2530667804fffa96,59986052,512,bits-sq,32,256,16,selection_isolated,30,1.0004659999999999,1.0000475,1.00088125,0.357600858000172,False,False
2749d31664905c24a21b64a3a74ce59d83e4f5ee9b5495dd2530667804fffa96,59986052,512,bits-sq,32,256,16,transform_isolated,30,0.444463,0.44389225000000004,0.44562824999999995,1.0076733046395312,False,False
2749d31664905c24a21b64a3a74ce59d83e4f5ee9b5495dd2530667804fffa96,59986052,512,bits-sq,32,256,16,upload_shared,1,48.600922,48.600922,48.600922,1.0021297332589698,False,False
2749d31664905c24a21b64a3a74ce59d83e4f5ee9b5495dd2530667804fffa96,59986052,512,bits-sq,32,512,4,download,30,0.0104405,0.01024775,0.0108445,1.0196829653752213,False,False
2749d31664905c24a21b64a3a74ce59d83e4f5ee9b5495dd2530667804fffa96,59986052,512,bits-sq,32,512,4,operator,30,1.3991295,1.3975605,1.3999042499999999,0.5784961292003349,False,False
2749d31664905c24a21b64a3a74ce59d83e4f5ee9b5495dd2530667804fffa96,59986052,512,bits-sq,32,512,4,output_isolated,30,0.009704,0.009506500000000001,0.010005,2.8077081615828523,False,False
2749d31664905c24a21b64a3a74ce59d83e4f5ee9b5495dd2530667804fffa96,59986052,512,bits-sq,32,512,4,selection_isolated,30,0.9510915,0.9507907500000001,0.95144675,0.3761651744337953,False,False
2749d31664905c24a21b64a3a74ce59d83e4f5ee9b5495dd2530667804fffa96,59986052,512,bits-sq,32,512,4,transform_isolated,30,0.444143,0.44336175000000005,0.44493900000000003,1.008399321840038,False,False
2749d31664905c24a21b64a3a74ce59d83e4f5ee9b5495dd2530667804fffa96,59986052,512,bits-sq,32,512,4,upload_shared,1,48.674012000000005,48.674012000000005,48.674012000000005,1.000624912530325,False,False
2749d31664905c24a21b64a3a74ce59d83e4f5ee9b5495dd2530667804fffa96,59986052,512,bits-sq,32,512,7,download,30,0.010246000000000002,0.009649999999999999,0.010851,1.0390396252195977,False,False
2749d31664905c24a21b64a3a74ce59d83e4f5ee9b5495dd2530667804fffa96,59986052,512,bits-sq,32,512,7,operator,30,1.273384,1.27285075,1.27469375,0.6356220904299096,False,False
2749d31664905c24a21b64a3a74ce59d83e4f5ee9b5495dd2530667804fffa96,59986052,512,bits-sq,32,512,7,output_isolated,30,0.009954999999999999,0.00947725,0.010266,2.736916122551482,False,False
2749d31664905c24a21b64a3a74ce59d83e4f5ee9b5495dd2530667804fffa96,59986052,512,bits-sq,32,512,7,selection_isolated,30,0.8255954999999999,0.8252124999999999,0.8259695,0.4333447796166525,False,False
2749d31664905c24a21b64a3a74ce59d83e4f5ee9b5495dd2530667804fffa96,59986052,512,bits-sq,32,512,7,transform_isolated,30,0.44426299999999996,0.443632,0.4450765,1.0081269428244082,False,False
2749d31664905c24a21b64a3a74ce59d83e4f5ee9b5495dd2530667804fffa96,59986052,512,bits-sq,32,512,7,upload_shared,1,48.736287000000004,48.736287000000004,48.736287000000004,0.9993463186885778,False,False
2749d31664905c24a21b64a3a74ce59d83e4f5ee9b5495dd2530667804fffa96,59986052,512,bits-sq,32,512,8,download,30,0.0104155,0.01001,0.010957000000000001,1.0221304786136047,False,False
2749d31664905c24a21b64a3a74ce59d83e4f5ee9b5495dd2530667804fffa96,59986052,512,bits-sq,32,512,8,operator,30,1.237951,1.2369539999999999,1.23921525,0.6538150540691836,False,False
2749d31664905c24a21b64a3a74ce59d83e4f5ee9b5495dd2530667804fffa96,59986052,512,bits-sq,32,512,8,output_isolated,30,0.009739999999999999,0.009444000000000001,0.00995325,2.7973305954825465,False,False
2749d31664905c24a21b64a3a74ce59d83e4f5ee9b5495dd2530667804fffa96,59986052,512,bits-sq,32,512,8,selection_isolated,30,0.7894110000000001,0.7886125,0.79015475,0.4532081513938873,False,False
2749d31664905c24a21b64a3a74ce59d83e4f5ee9b5495dd2530667804fffa96,59986052,512,bits-sq,32,512,8,transform_isolated,30,0.44463400000000003,0.44357725000000003,0.44548249999999995,1.00728576762011,False,False
2749d31664905c24a21b64a3a74ce59d83e4f5ee9b5495dd2530667804fffa96,59986052,512,bits-sq,32,512,8,upload_shared,1,48.662515000000006,48.662515000000006,48.662515000000006,1.000861320053022,False,False
2749d31664905c24a21b64a3a74ce59d83e4f5ee9b5495dd2530667804fffa96,59986052,512,bits-sq,32,512,13,download,30,0.0103555,0.010095,0.010626,1.028052725604751,False,False
2749d31664905c24a21b64a3a74ce59d83e4f5ee9b5495dd2530667804fffa96,59986052,512,bits-sq,32,512,13,operator,30,1.246294,1.2448035,1.24686975,0.6494382545370514,False,False
2749d31664905c24a21b64a3a74ce59d83e4f5ee9b5495dd2530667804fffa96,59986052,512,bits-sq,32,512,13,output_isolated,30,0.00961,0.0093975,0.010000249999999999,2.835171696149844,False,False
2749d31664905c24a21b64a3a74ce59d83e4f5ee9b5495dd2530667804fffa96,59986052,512,bits-sq,32,512,13,selection_isolated,30,0.7973385000000001,0.7968547500000001,0.7980122500000001,0.4487021509685033,False,False
2749d31664905c24a21b64a3a74ce59d83e4f5ee9b5495dd2530667804fffa96,59986052,512,bits-sq,32,512,13,transform_isolated,30,0.444809,0.4439455,0.4457185,1.006889473909026,False,False
2749d31664905c24a21b64a3a74ce59d83e4f5ee9b5495dd2530667804fffa96,59986052,512,bits-sq,32,512,13,upload_shared,1,48.664288,48.664288,48.664288,1.0008248553847126,False,False
2749d31664905c24a21b64a3a74ce59d83e4f5ee9b5495dd2530667804fffa96,59986052,512,bits-sq,32,512,16,download,30,0.010501,0.009837249999999999,0.010978749999999999,1.0138082087420246,False,False
2749d31664905c24a21b64a3a74ce59d83e4f5ee9b5495dd2530667804fffa96,59986052,512,bits-sq,32,512,16,operator,30,1.261988,1.261336,1.2624855,0.6413618829973026,False,False
2749d31664905c24a21b64a3a74ce59d83e4f5ee9b5495dd2530667804fffa96,59986052,512,bits-sq,32,512,16,output_isolated,30,0.009655,0.009416500000000001,0.00995,2.821957534955981,False,False
2749d31664905c24a21b64a3a74ce59d83e4f5ee9b5495dd2530667804fffa96,59986052,512,bits-sq,32,512,16,selection_isolated,30,0.8134675,0.813167,0.814003,0.4398055238838675,False,False
2749d31664905c24a21b64a3a74ce59d83e4f5ee9b5495dd2530667804fffa96,59986052,512,bits-sq,32,512,16,transform_isolated,30,0.4439375,0.44320675000000004,0.44534250000000003,1.008866112910038,False,False
2749d31664905c24a21b64a3a74ce59d83e4f5ee9b5495dd2530667804fffa96,59986052,512,bits-sq,32,512,16,upload_shared,1,48.786213000000004,48.786213000000004,48.786213000000004,0.9983236247502956,False,False
2749d31664905c24a21b64a3a74ce59d83e4f5ee9b5495dd2530667804fffa96,59986052,512,bits-sq,128,128,4,download,30,0.0103455,0.009935000000000001,0.01122175,1.0290464453143877,False,False
2749d31664905c24a21b64a3a74ce59d83e4f5ee9b5495dd2530667804fffa96,59986052,512,bits-sq,128,128,4,operator,30,1.525201,1.5237464999999997,1.5260045,0.5306782515878234,False,False
2749d31664905c24a21b64a3a74ce59d83e4f5ee9b5495dd2530667804fffa96,59986052,512,bits-sq,128,128,4,output_isolated,30,0.0100305,0.00964725,0.010608499999999998,2.7163152385225064,False,False
2749d31664905c24a21b64a3a74ce59d83e4f5ee9b5495dd2530667804fffa96,59986052,512,bits-sq,128,128,4,selection_isolated,30,1.0760904999999998,1.0754025,1.07670425,0.3324697132815503,False,False
2749d31664905c24a21b64a3a74ce59d83e4f5ee9b5495dd2530667804fffa96,59986052,512,bits-sq,128,128,4,transform_isolated,30,0.44469400000000003,0.44415475000000004,0.44521499999999997,1.0071498603534115,False,False
2749d31664905c24a21b64a3a74ce59d83e4f5ee9b5495dd2530667804fffa96,59986052,512,bits-sq,128,128,4,upload_shared,1,48.690518000000004,48.690518000000004,48.690518000000004,1.0002857024441596,False,False
2749d31664905c24a21b64a3a74ce59d83e4f5ee9b5495dd2530667804fffa96,59986052,512,bits-sq,128,128,7,download,30,0.010265999999999999,0.009737250000000001,0.0109035,1.0370153906097799,False,False
2749d31664905c24a21b64a3a74ce59d83e4f5ee9b5495dd2530667804fffa96,59986052,512,bits-sq,128,128,7,operator,30,1.375995,1.3750255,1.37700675,0.5882223409242039,False,False
2749d31664905c24a21b64a3a74ce59d83e4f5ee9b5495dd2530667804fffa96,59986052,512,bits-sq,128,128,7,output_isolated,30,0.009915,0.00968,0.010306000000000001,2.7479576399394854,False,False
2749d31664905c24a21b64a3a74ce59d83e4f5ee9b5495dd2530667804fffa96,59986052,512,bits-sq,128,128,7,selection_isolated,30,0.927531,0.926493,0.9282385,0.3857202616408508,False,False
2749d31664905c24a21b64a3a74ce59d83e4f5ee9b5495dd2530667804fffa96,59986052,512,bits-sq,128,128,7,transform_isolated,30,0.4450345,0.444068,0.44597275,1.0063792807074508,False,False
2749d31664905c24a21b64a3a74ce59d83e4f5ee9b5495dd2530667804fffa96,59986052,512,bits-sq,128,128,7,upload_shared,1,48.712990999999995,48.712990999999995,48.712990999999995,0.9998242357977978,False,False
2749d31664905c24a21b64a3a74ce59d83e4f5ee9b5495dd2530667804fffa96,59986052,512,bits-sq,128,128,8,download,30,0.010665999999999998,0.0100725,0.0113395,0.9981248828051754,False,False
2749d31664905c24a21b64a3a74ce59d83e4f5ee9b5495dd2530667804fffa96,59986052,512,bits-sq,128,128,8,operator,30,1.3547175,1.3536534999999998,1.35587225,0.5974610942871853,False,False
2749d31664905c24a21b64a3a74ce59d83e4f5ee9b5495dd2530667804fffa96,59986052,512,bits-sq,128,128,8,output_isolated,30,0.009885,0.00958925,0.01020575,2.7562974203338393,False,False
2749d31664905c24a21b64a3a74ce59d83e4f5ee9b5495dd2530667804fffa96,59986052,512,bits-sq,128,128,8,selection_isolated,30,0.906384,0.9057905000000002,0.906867,0.39471956698264754,False,False
2749d31664905c24a21b64a3a74ce59d83e4f5ee9b5495dd2530667804fffa96,59986052,512,bits-sq,128,128,8,transform_isolated,30,0.445184,0.44426574999999996,0.44601575000000004,1.0060413222397928,False,False
2749d31664905c24a21b64a3a74ce59d83e4f5ee9b5495dd2530667804fffa96,59986052,512,bits-sq,128,128,8,upload_shared,1,48.794205,48.794205,48.794205,0.9981601093818415,False,False
2749d31664905c24a21b64a3a74ce59d83e4f5ee9b5495dd2530667804fffa96,59986052,512,bits-sq,128,128,13,download,30,0.010616,0.0103085,0.010994499999999999,1.0028259231348906,False,False
2749d31664905c24a21b64a3a74ce59d83e4f5ee9b5495dd2530667804fffa96,59986052,512,bits-sq,128,128,13,operator,30,1.200134,1.19891125,1.2013274999999999,0.674417190080441,False,False
2749d31664905c24a21b64a3a74ce59d83e4f5ee9b5495dd2530667804fffa96,59986052,512,bits-sq,128,128,13,output_isolated,30,0.0096445,0.00943725,0.009917500000000001,2.825029809736119,False,False
2749d31664905c24a21b64a3a74ce59d83e4f5ee9b5495dd2530667804fffa96,59986052,512,bits-sq,128,128,13,selection_isolated,30,0.7520344999999999,0.7516365,0.752816,0.4757328287465536,False,False
2749d31664905c24a21b64a3a74ce59d83e4f5ee9b5495dd2530667804fffa96,59986052,512,bits-sq,128,128,13,transform_isolated,30,0.44456850000000003,0.443592,0.44542249999999994,1.0074341749359208,False,False
2749d31664905c24a21b64a3a74ce59d83e4f5ee9b5495dd2530667804fffa96,59986052,512,bits-sq,128,128,13,upload_shared,1,48.778912,48.778912,48.778912,0.9984730491733805,False,False
2749d31664905c24a21b64a3a74ce59d83e4f5ee9b5495dd2530667804fffa96,59986052,512,bits-sq,128,128,16,download,30,0.010440499999999998,0.0098375,0.01072625,1.0196829653752215,False,False
2749d31664905c24a21b64a3a74ce59d83e4f5ee9b5495dd2530667804fffa96,59986052,512,bits-sq,128,128,16,operator,30,1.200479,1.19961975,1.20114825,0.6742233725038088,False,False
2749d31664905c24a21b64a3a74ce59d83e4f5ee9b5495dd2530667804fffa96,59986052,512,bits-sq,128,128,16,output_isolated,30,0.009715,0.009429,0.01023075,2.80452907874421,False,False
2749d31664905c24a21b64a3a74ce59d83e4f5ee9b5495dd2530667804fffa96,59986052,512,bits-sq,128,128,16,selection_isolated,30,0.752085,0.75157425,0.7524372500000001,0.47570088487338535,False,False
2749d31664905c24a21b64a3a74ce59d83e4f5ee9b5495dd2530667804fffa96,59986052,512,bits-sq,128,128,16,transform_isolated,30,0.44537499999999997,0.44403299999999996,0.4459535,1.005609879315184,False,False
2749d31664905c24a21b64a3a74ce59d83e4f5ee9b5495dd2530667804fffa96,59986052,512,bits-sq,128,128,16,upload_shared,1,48.81794,48.81794,48.81794,0.9976748097113479,False,False
2749d31664905c24a21b64a3a74ce59d83e4f5ee9b5495dd2530667804fffa96,59986052,512,bits-sq,128,256,4,download,30,0.010301,0.0098075,0.010530999999999999,1.0334918939908746,False,False
2749d31664905c24a21b64a3a74ce59d83e4f5ee9b5495dd2530667804fffa96,59986052,512,bits-sq,128,256,4,operator,30,1.0458195000000001,1.0451004999999998,1.0471059999999999,0.7739299181168451,False,False
2749d31664905c24a21b64a3a74ce59d83e4f5ee9b5495dd2530667804fffa96,59986052,512,bits-sq,128,256,4,output_isolated,30,0.009590000000000001,0.009249,0.0099725,2.841084462982273,False,False
2749d31664905c24a21b64a3a74ce59d83e4f5ee9b5495dd2530667804fffa96,59986052,512,bits-sq,128,256,4,selection_isolated,30,0.5982015,0.59750275,0.5989202499999999,0.598071887148394,False,False
2749d31664905c24a21b64a3a74ce59d83e4f5ee9b5495dd2530667804fffa96,59986052,512,bits-sq,128,256,4,transform_isolated,30,0.4444435,0.44321900000000003,0.44558575,1.0077175163997223,False,False
2749d31664905c24a21b64a3a74ce59d83e4f5ee9b5495dd2530667804fffa96,59986052,512,bits-sq,128,256,4,upload_shared,1,48.622003,48.622003,48.622003,1.0016952407328839,False,False
2749d31664905c24a21b64a3a74ce59d83e4f5ee9b5495dd2530667804fffa96,59986052,512,bits-sq,128,256,7,download,30,0.010366,0.0099675,0.01074375,1.0270113833687053,False,False
2749d31664905c24a21b64a3a74ce59d83e4f5ee9b5495dd2530667804fffa96,59986052,512,bits-sq,128,256,7,operator,30,0.9749920000000001,0.974006,0.97602075,0.8301514268835025,False,False
2749d31664905c24a21b64a3a74ce59d83e4f5ee9b5495dd2530667804fffa96,59986052,512,bits-sq,128,256,7,output_isolated,30,0.009925,0.009509,0.01024575,2.7451889168765744,False,False
2749d31664905c24a21b64a3a74ce59d83e4f5ee9b5495dd2530667804fffa96,59986052,512,bits-sq,128,256,7,selection_isolated,30,0.5264279999999999,0.5260944999999999,0.5268355,0.6796133564324087,False,False
2749d31664905c24a21b64a3a74ce59d83e4f5ee9b5495dd2530667804fffa96,59986052,512,bits-sq,128,256,7,transform_isolated,30,0.4443435,0.44396050000000004,0.44509675000000004,1.0079443043501255,False,False
2749d31664905c24a21b64a3a74ce59d83e4f5ee9b5495dd2530667804fffa96,59986052,512,bits-sq,128,256,7,upload_shared,1,48.777139,48.777139,48.777139,0.9985093426656286,False,False
2749d31664905c24a21b64a3a74ce59d83e4f5ee9b5495dd2530667804fffa96,59986052,512,bits-sq,128,256,8,download,30,0.010391000000000001,0.0099125,0.01089375,1.0245404677124432,False,False
2749d31664905c24a21b64a3a74ce59d83e4f5ee9b5495dd2530667804fffa96,59986052,512,bits-sq,128,256,8,operator,30,0.9674510000000001,0.9664375000000001,0.9690664999999999,0.8366222165256948,False,False
2749d31664905c24a21b64a3a74ce59d83e4f5ee9b5495dd2530667804fffa96,59986052,512,bits-sq,128,256,8,output_isolated,30,0.009504499999999999,0.009164,0.0098625,2.866642116891999,False,False
2749d31664905c24a21b64a3a74ce59d83e4f5ee9b5495dd2530667804fffa96,59986052,512,bits-sq,128,256,8,selection_isolated,30,0.518786,0.518225,0.51960775,0.689624430882869,False,False
2749d31664905c24a21b64a3a74ce59d83e4f5ee9b5495dd2530667804fffa96,59986052,512,bits-sq,128,256,8,transform_isolated,30,0.445054,0.44373475,0.445515,1.0063351862920005,False,False
2749d31664905c24a21b64a3a74ce59d83e4f5ee9b5495dd2530667804fffa96,59986052,512,bits-sq,128,256,8,upload_shared,1,48.747844,48.747844,48.747844,0.9991093965099256,False,False
2749d31664905c24a21b64a3a74ce59d83e4f5ee9b5495dd2530667804fffa96,59986052,512,bits-sq,128,256,13,download,30,0.010261,0.00976,0.010779249999999999,1.0375207094825065,False,False
2749d31664905c24a21b64a3a74ce59d83e4f5ee9b5495dd2530667804fffa96,59986052,512,bits-sq,128,256,13,operator,30,0.952939,0.9509234999999999,0.9540427499999999,0.8493628658287676,False,False
2749d31664905c24a21b64a3a74ce59d83e4f5ee9b5495dd2530667804fffa96,59986052,512,bits-sq,128,256,13,output_isolated,30,0.009694500000000002,0.009506500000000001,0.0098675,2.8104595389138165,False,False
2749d31664905c24a21b64a3a74ce59d83e4f5ee9b5495dd2530667804fffa96,59986052,512,bits-sq,128,256,13,selection_isolated,30,0.5047349999999999,0.504114,0.5054585,0.7088224513853806,False,False
2749d31664905c24a21b64a3a74ce59d83e4f5ee9b5495dd2530667804fffa96,59986052,512,bits-sq,128,256,13,transform_isolated,30,0.444749,0.44410625,0.44545275,1.007025310905702,False,False
2749d31664905c24a21b64a3a74ce59d83e4f5ee9b5495dd2530667804fffa96,59986052,512,bits-sq,128,256,13,upload_shared,1,48.628704,48.628704,48.628704,1.0015572078581407,False,False
2749d31664905c24a21b64a3a74ce59d83e4f5ee9b5495dd2530667804fffa96,59986052,512,bits-sq,128,256,16,download,30,0.010251,0.009915249999999999,0.010508499999999999,1.0385328260657496,False,False
2749d31664905c24a21b64a3a74ce59d83e4f5ee9b5495dd2530667804fffa96,59986052,512,bits-sq,128,256,16,operator,30,0.98987,0.98855475,0.990646,0.8176740380049905,False,False
2749d31664905c24a21b64a3a74ce59d83e4f5ee9b5495dd2530667804fffa96,59986052,512,bits-sq,128,256,16,output_isolated,30,0.0095895,0.009359000000000001,0.00985,2.841232598154231,False,False
2749d31664905c24a21b64a3a74ce59d83e4f5ee9b5495dd2530667804fffa96,59986052,512,bits-sq,128,256,16,selection_isolated,30,0.5421815,0.54154775,0.5424694999999999,0.6598666682651474,False,False
2749d31664905c24a21b64a3a74ce59d83e4f5ee9b5495dd2530667804fffa96,59986052,512,bits-sq,128,256,16,transform_isolated,30,0.4449645,0.44369225,0.44573,1.006537600190577,False,False
2749d31664905c24a21b64a3a74ce59d83e4f5ee9b5495dd2530667804fffa96,59986052,512,bits-sq,128,256,16,upload_shared,1,48.839603000000004,48.839603000000004,48.839603000000004,0.997232287084725,False,False
2749d31664905c24a21b64a3a74ce59d83e4f5ee9b5495dd2530667804fffa96,59986052,512,bits-sq,128,512,4,download,30,0.010371,0.00989,0.01085925,1.0265162472278468,True,False
2749d31664905c24a21b64a3a74ce59d83e4f5ee9b5495dd2530667804fffa96,59986052,512,bits-sq,128,512,4,operator,30,0.926634,0.9256645,0.92742825,0.8734743167205175,True,False
2749d31664905c24a21b64a3a74ce59d83e4f5ee9b5495dd2530667804fffa96,59986052,512,bits-sq,128,512,4,output_isolated,30,0.0095595,0.00941425,0.00992,2.8501490663737643,True,False
2749d31664905c24a21b64a3a74ce59d83e4f5ee9b5495dd2530667804fffa96,59986052,512,bits-sq,128,512,4,selection_isolated,30,0.478766,0.47806424999999997,0.47926375,0.7472700651257608,True,False
2749d31664905c24a21b64a3a74ce59d83e4f5ee9b5495dd2530667804fffa96,59986052,512,bits-sq,128,512,4,transform_isolated,30,0.4444385,0.443687,0.44552725000000004,1.007728853373414,True,False
2749d31664905c24a21b64a3a74ce59d83e4f5ee9b5495dd2530667804fffa96,59986052,512,bits-sq,128,512,4,upload_shared,1,48.816839,48.816839,48.816839,0.9976973109627192,True,False
2749d31664905c24a21b64a3a74ce59d83e4f5ee9b5495dd2530667804fffa96,59986052,512,bits-sq,128,512,7,download,30,0.010456,0.010148250000000001,0.011054499999999998,1.0181713848508034,False,False
2749d31664905c24a21b64a3a74ce59d83e4f5ee9b5495dd2530667804fffa96,59986052,512,bits-sq,128,512,7,operator,30,1.1072475,1.1059735000000002,1.1087747500000003,0.7309937480102687,False,False
2749d31664905c24a21b64a3a74ce59d83e4f5ee9b5495dd2530667804fffa96,59986052,512,bits-sq,128,512,7,output_isolated,30,0.0096595,0.009442500000000001,0.009864999999999999,2.8206428904187586,False,False
2749d31664905c24a21b64a3a74ce59d83e4f5ee9b5495dd2530667804fffa96,59986052,512,bits-sq,128,512,7,selection_isolated,30,0.6592484999999999,0.6586005,0.6598522499999999,0.5426898961469007,False,False
2749d31664905c24a21b64a3a74ce59d83e4f5ee9b5495dd2530667804fffa96,59986052,512,bits-sq,128,512,7,transform_isolated,30,0.44372199999999995,0.44268850000000004,0.44478399999999996,1.009356083313426,False,False
2749d31664905c24a21b64a3a74ce59d83e4f5ee9b5495dd2530667804fffa96,59986052,512,bits-sq,128,512,7,upload_shared,1,48.800083,48.800083,48.800083,0.9980398803829903,False,False
2749d31664905c24a21b64a3a74ce59d83e4f5ee9b5495dd2530667804fffa96,59986052,512,bits-sq,128,512,8,download,30,0.009975,0.009652500000000001,0.010431,1.0672681704260651,False,True
2749d31664905c24a21b64a3a74ce59d83e4f5ee9b5495dd2530667804fffa96,59986052,512,bits-sq,128,512,8,operator,30,0.9392530000000001,0.9378060000000001,0.9404224999999999,0.8617390628510102,False,True
2749d31664905c24a21b64a3a74ce59d83e4f5ee9b5495dd2530667804fffa96,59986052,512,bits-sq,128,512,8,output_isolated,30,0.009719499999999999,0.00948475,0.00992,2.803230618858995,False,True
2749d31664905c24a21b64a3a74ce59d83e4f5ee9b5495dd2530667804fffa96,59986052,512,bits-sq,128,512,8,selection_isolated,30,0.491289,0.49017299999999997,0.49287675000000003,0.7282220851677934,False,True
2749d31664905c24a21b64a3a74ce59d83e4f5ee9b5495dd2530667804fffa96,59986052,512,bits-sq,128,512,8,transform_isolated,30,0.444533,0.44383700000000004,0.44522,1.0075146277104285,False,True
2749d31664905c24a21b64a3a74ce59d83e4f5ee9b5495dd2530667804fffa96,59986052,512,bits-sq,128,512,8,upload_shared,1,48.728024000000005,48.728024000000005,48.728024000000005,0.9995157817193653,False,True
2749d31664905c24a21b64a3a74ce59d83e4f5ee9b5495dd2530667804fffa96,59986052,512,bits-sq,128,512,13,download,30,0.010291,0.009957750000000001,0.01087675,1.0344961616946846,False,False
2749d31664905c24a21b64a3a74ce59d83e4f5ee9b5495dd2530667804fffa96,59986052,512,bits-sq,128,512,13,operator,30,1.14851,1.1469755,1.14994275,0.7047313475720717,False,False
2749d31664905c24a21b64a3a74ce59d83e4f5ee9b5495dd2530667804fffa96,59986052,512,bits-sq,128,512,13,output_isolated,30,0.0096095,0.0094065,0.01008325,2.8353192153598,False,False
2749d31664905c24a21b64a3a74ce59d83e4f5ee9b5495dd2530667804fffa96,59986052,512,bits-sq,128,512,13,selection_isolated,30,0.693646,0.6920379999999999,0.69723675,0.5157782211675697,False,False
2749d31664905c24a21b64a3a74ce59d83e4f5ee9b5495dd2530667804fffa96,59986052,512,bits-sq,128,512,13,transform_isolated,30,0.444719,0.44388525,0.445229,1.0070932431490447,False,False
2749d31664905c24a21b64a3a74ce59d83e4f5ee9b5495dd2530667804fffa96,59986052,512,bits-sq,128,512,13,upload_shared,1,48.733753,48.733753,48.733753,0.9993982815154826,False,False
2749d31664905c24a21b64a3a74ce59d83e4f5ee9b5495dd2530667804fffa96,59986052,512,bits-sq,128,512,16,download,30,0.010456,0.009765,0.010974250000000001,1.0181713848508034,False,False
2749d31664905c24a21b64a3a74ce59d83e4f5ee9b5495dd2530667804fffa96,59986052,512,bits-sq,128,512,16,operator,30,1.1924869999999999,1.1916925,1.1943242500000002,0.6787419904787223,False,False
2749d31664905c24a21b64a3a74ce59d83e4f5ee9b5495dd2530667804fffa96,59986052,512,bits-sq,128,512,16,output_isolated,30,0.009544,0.009434,0.009982499999999998,2.854777870913663,False,False
2749d31664905c24a21b64a3a74ce59d83e4f5ee9b5495dd2530667804fffa96,59986052,512,bits-sq,128,512,16,selection_isolated,30,0.745044,0.7444405000000001,0.7456517500000001,0.48019647161778367,False,False
2749d31664905c24a21b64a3a74ce59d83e4f5ee9b5495dd2530667804fffa96,59986052,512,bits-sq,128,512,16,transform_isolated,30,0.444504,0.44327174999999996,0.44498175,1.0075803592318628,False,False
2749d31664905c24a21b64a3a74ce59d83e4f5ee9b5495dd2530667804fffa96,59986052,512,bits-sq,128,512,16,upload_shared,1,48.934928,48.934928,48.934928,0.9952896834751652,False,False
2749d31664905c24a21b64a3a74ce59d83e4f5ee9b5495dd2530667804fffa96,59986052,512,bits-sq,512,128,4,download,30,0.010436,0.01014,0.011056999999999999,1.0201226523572249,False,False
2749d31664905c24a21b64a3a74ce59d83e4f5ee9b5495dd2530667804fffa96,59986052,512,bits-sq,512,128,4,operator,30,1.5607055,1.5597855,1.561992,0.5186058484448218,False,False
2749d31664905c24a21b64a3a74ce59d83e4f5ee9b5495dd2530667804fffa96,59986052,512,bits-sq,512,128,4,output_isolated,30,0.010216,0.009837249999999999,0.010605999999999999,2.6669929522317934,False,False
2749d31664905c24a21b64a3a74ce59d83e4f5ee9b5495dd2530667804fffa96,59986052,512,bits-sq,512,128,4,selection_isolated,30,1.1110685,1.110553,1.11195975,0.3220030988188397,False,False
2749d31664905c24a21b64a3a74ce59d83e4f5ee9b5495dd2530667804fffa96,59986052,512,bits-sq,512,128,4,transform_isolated,30,0.44601599999999997,0.44512999999999997,0.44662675,1.0041646488018368,False,False
2749d31664905c24a21b64a3a74ce59d83e4f5ee9b5495dd2530667804fffa96,59986052,512,bits-sq,512,128,4,upload_shared,1,48.685631,48.685631,48.685631,1.00038610981544,False,False
2749d31664905c24a21b64a3a74ce59d83e4f5ee9b5495dd2530667804fffa96,59986052,512,bits-sq,512,128,7,download,30,0.010630999999999998,0.01044525,0.011282,1.001410967923996,False,False
2749d31664905c24a21b64a3a74ce59d83e4f5ee9b5495dd2530667804fffa96,59986052,512,bits-sq,512,128,7,operator,30,1.4998125,1.4987584999999999,1.5017157499999998,0.5396614576822103,False,False
2749d31664905c24a21b64a3a74ce59d83e4f5ee9b5495dd2530667804fffa96,59986052,512,bits-sq,512,128,7,output_isolated,30,0.0102455,0.00969675,0.0106635,2.6593138451027283,False,False
2749d31664905c24a21b64a3a74ce59d83e4f5ee9b5495dd2530667804fffa96,59986052,512,bits-sq,512,128,7,selection_isolated,30,1.049936,1.0492875,1.050827,0.34075172200972254,False,False
2749d31664905c24a21b64a3a74ce59d83e4f5ee9b5495dd2530667804fffa96,59986052,512,bits-sq,512,128,7,transform_isolated,30,0.44541,0.44491674999999997,0.446316,1.0055308592083698,False,False
2749d31664905c24a21b64a3a74ce59d83e4f5ee9b5495dd2530667804fffa96,59986052,512,bits-sq,512,128,7,upload_shared,1,48.637708,48.637708,48.637708,1.0013717957268873,False,False
2749d31664905c24a21b64a3a74ce59d83e4f5ee9b5495dd2530667804fffa96,59986052,512,bits-sq,512,128,8,download,30,0.010526,0.01016825,0.01099875,1.0114003420102602,False,False
2749d31664905c24a21b64a3a74ce59d83e4f5ee9b5495dd2530667804fffa96,59986052,512,bits-sq,512,128,8,operator,30,1.4523555,1.4515422500000001,1.4531695,0.5572953729303879,False,False
2749d31664905c24a21b64a3a74ce59d83e4f5ee9b5495dd2530667804fffa96,59986052,512,bits-sq,512,128,8,output_isolated,30,0.0097745,0.00966225,0.01045575,2.7874571589339605,False,False
2749d31664905c24a21b64a3a74ce59d83e4f5ee9b5495dd2530667804fffa96,59986052,512,bits-sq,512,128,8,selection_isolated,30,1.003296,1.0027,1.0041685,0.35659217220042744,False,False
2749d31664905c24a21b64a3a74ce59d83e4f5ee9b5495dd2530667804fffa96,59986052,512,bits-sq,512,128,8,transform_isolated,30,0.4458055,0.4448865,0.44637675,1.00463879427239,False,False
2749d31664905c24a21b64a3a74ce59d83e4f5ee9b5495dd2530667804fffa96,59986052,512,bits-sq,512,128,8,upload_shared,1,48.720132,48.720132,48.720132,0.9996776897074088,False,False
2749d31664905c24a21b64a3a74ce59d83e4f5ee9b5495dd2530667804fffa96,59986052,512,bits-sq,512,128,13,download,30,0.011001499999999999,0.010431,0.01173525,0.9676862246057356,False,False
2749d31664905c24a21b64a3a74ce59d83e4f5ee9b5495dd2530667804fffa96,59986052,512,bits-sq,512,128,13,operator,30,1.866578,1.86543625,1.8683485,0.433622918517201,False,False
2749d31664905c24a21b64a3a74ce59d83e4f5ee9b5495dd2530667804fffa96,59986052,512,bits-sq,512,128,13,output_isolated,30,0.0103655,0.00979275,0.010686,2.628527326226424,False,False
2749d31664905c24a21b64a3a74ce59d83e4f5ee9b5495dd2530667804fffa96,59986052,512,bits-sq,512,128,13,selection_isolated,30,1.4188494999999999,1.41831475,1.419962,0.2521532410590412,False,False
2749d31664905c24a21b64a3a74ce59d83e4f5ee9b5495dd2530667804fffa96,59986052,512,bits-sq,512,128,13,transform_isolated,30,0.444809,0.44392550000000003,0.445565,1.006889473909026,False,False
2749d31664905c24a21b64a3a74ce59d83e4f5ee9b5495dd2530667804fffa96,59986052,512,bits-sq,512,128,13,upload_shared,1,48.697497999999996,48.697497999999996,48.697497999999996,1.0001423276407342,False,False
2749d31664905c24a21b64a3a74ce59d83e4f5ee9b5495dd2530667804fffa96,59986052,512,bits-sq,512,128,16,download,30,0.010631,0.01016525,0.011156749999999998,1.0014109679239958,False,False
2749d31664905c24a21b64a3a74ce59d83e4f5ee9b5495dd2530667804fffa96,59986052,512,bits-sq,512,128,16,operator,30,1.5698035,1.56762075,1.5725069999999999,0.5156002009168663,False,False
2749d31664905c24a21b64a3a74ce59d83e4f5ee9b5495dd2530667804fffa96,59986052,512,bits-sq,512,128,16,output_isolated,30,0.009995,0.0097165,0.0102835,2.725962981490745,False,False
2749d31664905c24a21b64a3a74ce59d83e4f5ee9b5495dd2530667804fffa96,59986052,512,bits-sq,512,128,16,selection_isolated,30,1.1203525,1.1183200000000002,1.12302675,0.319334762942913,False,False
2749d31664905c24a21b64a3a74ce59d83e4f5ee9b5495dd2530667804fffa96,59986052,512,bits-sq,512,128,16,transform_isolated,30,0.4451495,0.44470899999999997,0.4464085,1.0061192925073488,False,False
2749d31664905c24a21b64a3a74ce59d83e4f5ee9b5495dd2530667804fffa96,59986052,512,bits-sq,512,128,16,upload_shared,1,48.769206000000004,48.769206000000004,48.769206000000004,0.9986717643096341,False,False
2749d31664905c24a21b64a3a74ce59d83e4f5ee9b5495dd2530667804fffa96,59986052,512,bits-sq,512,256,4,download,30,0.010546,0.01016525,0.01138425,1.0094822681585434,False,False
2749d31664905c24a21b64a3a74ce59d83e4f5ee9b5495dd2530667804fffa96,59986052,512,bits-sq,512,256,4,operator,30,1.295618,1.294517,1.2968875,0.6247142290397324,False,False
2749d31664905c24a21b64a3a74ce59d83e4f5ee9b5495dd2530667804fffa96,59986052,512,bits-sq,512,256,4,output_isolated,30,0.00994,0.009504249999999999,0.010297750000000001,2.7410462776659963,False,False
2749d31664905c24a21b64a3a74ce59d83e4f5ee9b5495dd2530667804fffa96,59986052,512,bits-sq,512,256,4,selection_isolated,30,0.847359,0.8463295000000001,0.84908425,0.4222147873569526,False,False
2749d31664905c24a21b64a3a74ce59d83e4f5ee9b5495dd2530667804fffa96,59986052,512,bits-sq,512,256,4,transform_isolated,30,0.44466399999999995,0.44365975,0.44571825,1.0072178094021553,False,False
2749d31664905c24a21b64a3a74ce59d83e4f5ee9b5495dd2530667804fffa96,59986052,512,bits-sq,512,256,4,upload_shared,1,48.770218,48.770218,48.770218,0.9986510415024185,False,False
2749d31664905c24a21b64a3a74ce59d83e4f5ee9b5495dd2530667804fffa96,59986052,512,bits-sq,512,256,7,download,30,0.010406,0.01009075,0.0109145,1.0230636171439553,False,False
2749d31664905c24a21b64a3a74ce59d83e4f5ee9b5495dd2530667804fffa96,59986052,512,bits-sq,512,256,7,operator,30,1.3036655000000001,1.30172475,1.304647,0.6208578811052374,False,False
2749d31664905c24a21b64a3a74ce59d83e4f5ee9b5495dd2530667804fffa96,59986052,512,bits-sq,512,256,7,output_isolated,30,0.0098695,0.00970975,0.010242750000000002,2.7606261715385783,False,False
2749d31664905c24a21b64a3a74ce59d83e4f5ee9b5495dd2530667804fffa96,59986052,512,bits-sq,512,256,7,selection_isolated,30,0.854785,0.8539615,0.855757,0.418546769070585,False,False
2749d31664905c24a21b64a3a74ce59d83e4f5ee9b5495dd2530667804fffa96,59986052,512,bits-sq,512,256,7,transform_isolated,30,0.445024,0.444469,0.44578325,1.0064030254548069,False,False
2749d31664905c24a21b64a3a74ce59d83e4f5ee9b5495dd2530667804fffa96,59986052,512,bits-sq,512,256,7,upload_shared,1,48.703267000000004,48.703267000000004,48.703267000000004,1.0000238587690635,False,False
2749d31664905c24a21b64a3a74ce59d83e4f5ee9b5495dd2530667804fffa96,59986052,512,bits-sq,512,256,8,download,30,0.010461,0.009819999999999999,0.01105925,1.017684733773062,False,False
2749d31664905c24a21b64a3a74ce59d83e4f5ee9b5495dd2530667804fffa96,59986052,512,bits-sq,512,256,8,operator,30,1.3088385,1.3073484999999998,1.3109837500000001,0.6184040276932562,False,False
2749d31664905c24a21b64a3a74ce59d83e4f5ee9b5495dd2530667804fffa96,59986052,512,bits-sq,512,256,8,output_isolated,30,0.00981,0.009606499999999999,0.010143250000000001,2.77737003058104,False,False
2749d31664905c24a21b64a3a74ce59d83e4f5ee9b5495dd2530667804fffa96,59986052,512,bits-sq,512,256,8,selection_isolated,30,0.8602635000000001,0.85883875,0.8622117499999999,0.41588129683521385,False,False
2749d31664905c24a21b64a3a74ce59d83e4f5ee9b5495dd2530667804fffa96,59986052,512,bits-sq,512,256,8,transform_isolated,30,0.444714,0.44390050000000003,0.4454725,1.0071045660806721,False,False
2749d31664905c24a21b64a3a74ce59d83e4f5ee9b5495dd2530667804fffa96,59986052,512,bits-sq,512,256,8,upload_shared,1,48.589134,48.589134,48.589134,1.0023728556265274,False,False
2749d31664905c24a21b64a3a74ce59d83e4f5ee9b5495dd2530667804fffa96,59986052,512,bits-sq,512,256,13,download,30,0.0104405,0.010250750000000001,0.010991749999999998,1.0196829653752213,False,False
2749d31664905c24a21b64a3a74ce59d83e4f5ee9b5495dd2530667804fffa96,59986052,512,bits-sq,512,256,13,operator,30,1.3129895,1.31069625,1.313971,0.6164489510388316,False,False
2749d31664905c24a21b64a3a74ce59d83e4f5ee9b5495dd2530667804fffa96,59986052,512,bits-sq,512,256,13,output_isolated,30,0.009805000000000001,0.0095165,0.01022025,2.778786333503314,False,False
2749d31664905c24a21b64a3a74ce59d83e4f5ee9b5495dd2530667804fffa96,59986052,512,bits-sq,512,256,13,selection_isolated,30,0.86477,0.8633204999999999,0.86559625,0.4137140511349839,False,False
2749d31664905c24a21b64a3a74ce59d83e4f5ee9b5495dd2530667804fffa96,59986052,512,bits-sq,512,256,13,transform_isolated,30,0.444669,0.443632,0.445956,1.0072064839239974,False,False
2749d31664905c24a21b64a3a74ce59d83e4f5ee9b5495dd2530667804fffa96,59986052,512,bits-sq,512,256,13,upload_shared,1,48.784729999999996,48.784729999999996,48.784729999999996,0.9983539726467688,False,False
2749d31664905c24a21b64a3a74ce59d83e4f5ee9b5495dd2530667804fffa96,59986052,512,bits-sq,512,256,16,download,30,0.010530500000000002,0.009899999999999999,0.010916750000000001,1.0109681401642845,False,False
2749d31664905c24a21b64a3a74ce59d83e4f5ee9b5495dd2530667804fffa96,59986052,512,bits-sq,512,256,16,operator,30,1.494775,1.493398,1.4964520000000001,0.5414801558763025,False,False
2749d31664905c24a21b64a3a74ce59d83e4f5ee9b5495dd2530667804fffa96,59986052,512,bits-sq,512,256,16,output_isolated,30,0.0101505,0.00957425,0.0104735,2.6842027486330724,False,False
2749d31664905c24a21b64a3a74ce59d83e4f5ee9b5495dd2530667804fffa96,59986052,512,bits-sq,512,256,16,selection_isolated,30,1.0467615,1.0462382499999998,1.048013,0.3417851153295188,False,False
2749d31664905c24a21b64a3a74ce59d83e4f5ee9b5495dd2530667804fffa96,59986052,512,bits-sq,512,256,16,transform_isolated,30,0.4441275,0.4429285,0.44499900000000003,1.008434514863412,False,False
2749d31664905c24a21b64a3a74ce59d83e4f5ee9b5495dd2530667804fffa96,59986052,512,bits-sq,512,256,16,upload_shared,1,48.653721,48.653721,48.653721,1.001042222443788,False,False
2749d31664905c24a21b64a3a74ce59d83e4f5ee9b5495dd2530667804fffa96,59986052,512,bits-sq,512,512,4,download,30,0.010326000000000002,0.00970725,0.010704249999999998,1.030989734650397,False,False
2749d31664905c24a21b64a3a74ce59d83e4f5ee9b5495dd2530667804fffa96,59986052,512,bits-sq,512,512,4,operator,30,1.212933,1.21209675,1.2141525,0.6673006670607526,False,False
2749d31664905c24a21b64a3a74ce59d83e4f5ee9b5495dd2530667804fffa96,59986052,512,bits-sq,512,512,4,output_isolated,30,0.0097045,0.009479,0.010079999999999999,2.807563501468391,False,False
2749d31664905c24a21b64a3a74ce59d83e4f5ee9b5495dd2530667804fffa96,59986052,512,bits-sq,512,512,4,selection_isolated,30,0.764383,0.7636295,0.7651665,0.4680474317194391,False,False
2749d31664905c24a21b64a3a74ce59d83e4f5ee9b5495dd2530667804fffa96,59986052,512,bits-sq,512,512,4,transform_isolated,30,0.4446235,0.44348950000000004,0.44543975,1.0073095551629636,False,False
2749d31664905c24a21b64a3a74ce59d83e4f5ee9b5495dd2530667804fffa96,59986052,512,bits-sq,512,512,4,upload_shared,1,48.674223000000005,48.674223000000005,48.674223000000005,1.0006205748780004,False,False
2749d31664905c24a21b64a3a74ce59d83e4f5ee9b5495dd2530667804fffa96,59986052,512,bits-sq,512,512,7,download,30,0.0105005,0.00973425,0.0114595,1.013856483024618,False,False
2749d31664905c24a21b64a3a74ce59d83e4f5ee9b5495dd2530667804fffa96,59986052,512,bits-sq,512,512,7,operator,30,1.413637,1.41306625,1.414573,0.5725592920954955,False,False
2749d31664905c24a21b64a3a74ce59d83e4f5ee9b5495dd2530667804fffa96,59986052,512,bits-sq,512,512,7,output_isolated,30,0.00998,0.009507499999999999,0.010431,2.730060120240481,False,False
2749d31664905c24a21b64a3a74ce59d83e4f5ee9b5495dd2530667804fffa96,59986052,512,bits-sq,512,512,7,selection_isolated,30,0.9650725,0.9647320000000001,0.965989,0.37071567162052593,False,False
2749d31664905c24a21b64a3a74ce59d83e4f5ee9b5495dd2530667804fffa96,59986052,512,bits-sq,512,512,7,transform_isolated,30,0.4444135,0.4437355,0.44533725,1.0077855420683663,False,False
2749d31664905c24a21b64a3a74ce59d83e4f5ee9b5495dd2530667804fffa96,59986052,512,bits-sq,512,512,7,upload_shared,1,48.711788999999996,48.711788999999996,48.711788999999996,0.9998489072121741,False,False
2749d31664905c24a21b64a3a74ce59d83e4f5ee9b5495dd2530667804fffa96,59986052,512,bits-sq,512,512,8,download,30,0.010586,0.010110999999999998,0.011074500000000001,1.0056678632155676,False,False
2749d31664905c24a21b64a3a74ce59d83e4f5ee9b5495dd2530667804fffa96,59986052,512,bits-sq,512,512,8,operator,30,1.2530085,1.25153875,1.25379225,0.6459581080256039,False,False
2749d31664905c24a21b64a3a74ce59d83e4f5ee9b5495dd2530667804fffa96,59986052,512,bits-sq,512,512,8,output_isolated,30,0.009714500000000001,0.00957975,0.00997275,2.804673426321478,False,False
2749d31664905c24a21b64a3a74ce59d83e4f5ee9b5495dd2530667804fffa96,59986052,512,bits-sq,512,512,8,selection_isolated,30,0.8042185,0.80355475,0.8049172500000001,0.4448635538724862,False,False
2749d31664905c24a21b64a3a74ce59d83e4f5ee9b5495dd2530667804fffa96,59986052,512,bits-sq,512,512,8,transform_isolated,30,0.444163,0.4430285,0.4448165,1.0083539151167478,False,False
2749d31664905c24a21b64a3a74ce59d83e4f5ee9b5495dd2530667804fffa96,59986052,512,bits-sq,512,512,8,upload_shared,1,48.787684,48.787684,48.787684,0.9982935242427167,False,False
2749d31664905c24a21b64a3a74ce59d83e4f5ee9b5495dd2530667804fffa96,59986052,512,bits-sq,512,512,13,download,30,0.0106365,0.010296,0.011092000000000001,1.0008931509425092,False,False
2749d31664905c24a21b64a3a74ce59d83e4f5ee9b5495dd2530667804fffa96,59986052,512,bits-sq,512,512,13,operator,30,1.556834,1.5552319999999997,1.55836675,0.5198955058792395,False,False
2749d31664905c24a21b64a3a74ce59d83e4f5ee9b5495dd2530667804fffa96,59986052,512,bits-sq,512,512,13,output_isolated,30,0.009694500000000002,0.0094665,0.0103585,2.8104595389138165,False,False
2749d31664905c24a21b64a3a74ce59d83e4f5ee9b5495dd2530667804fffa96,59986052,512,bits-sq,512,512,13,selection_isolated,30,1.108895,1.10824425,1.1094907500000002,0.32263424399965734,False,False
2749d31664905c24a21b64a3a74ce59d83e4f5ee9b5495dd2530667804fffa96,59986052,512,bits-sq,512,512,13,transform_isolated,30,0.444804,0.44364200000000004,0.44536,1.0069007922590625,False,False
2749d31664905c24a21b64a3a74ce59d83e4f5ee9b5495dd2530667804fffa96,59986052,512,bits-sq,512,512,13,upload_shared,1,48.684107999999995,48.684107999999995,48.684107999999995,1.0004174052033572,False,False
2749d31664905c24a21b64a3a74ce59d83e4f5ee9b5495dd2530667804fffa96,59986052,512,bits-sq,512,512,16,download,30,0.0106865,0.010371,0.011054500000000002,0.996210171711973,False,False
2749d31664905c24a21b64a3a74ce59d83e4f5ee9b5495dd2530667804fffa96,59986052,512,bits-sq,512,512,16,operator,30,1.6556135,1.65487725,1.6569284999999998,0.48887678193008205,False,False
2749d31664905c24a21b64a3a74ce59d83e4f5ee9b5495dd2530667804fffa96,59986052,512,bits-sq,512,512,16,output_isolated,30,0.010005,0.009689999999999999,0.010510750000000001,2.7232383808095952,False,False
2749d31664905c24a21b64a3a74ce59d83e4f5ee9b5495dd2530667804fffa96,59986052,512,bits-sq,512,512,16,selection_isolated,30,1.207725,1.20691875,1.2088819999999998,0.29623258606056846,False,False
2749d31664905c24a21b64a3a74ce59d83e4f5ee9b5495dd2530667804fffa96,59986052,512,bits-sq,512,512,16,transform_isolated,30,0.4443085,0.44360475,0.4449415,1.0080237042505376,False,False
2749d31664905c24a21b64a3a74ce59d83e4f5ee9b5495dd2530667804fffa96,59986052,512,bits-sq,512,512,16,upload_shared,1,48.815877,48.815877,48.815877,0.9977169722875202,False,False
2749d31664905c24a21b64a3a74ce59d83e4f5ee9b5495dd2530667804fffa96,59986052,512,block-select,1,128,8,download,30,0.0247375,0.023986,0.025363,0.43035876705406767,False,False
2749d31664905c24a21b64a3a74ce59d83e4f5ee9b5495dd2530667804fffa96,59986052,512,block-select,1,128,8,operator,30,247.779354,246.71643075,248.40907549999997,0.003266579668296334,False,False
2749d31664905c24a21b64a3a74ce59d83e4f5ee9b5495dd2530667804fffa96,59986052,512,block-select,1,128,8,output_isolated,30,0.024371499999999997,0.023781,0.02496775,1.1179451408407362,False,False
2749d31664905c24a21b64a3a74ce59d83e4f5ee9b5495dd2530667804fffa96,59986052,512,block-select,1,128,8,selection_isolated,30,246.394209,245.89693300000002,247.28345225,0.0014520126160919636,False,False
2749d31664905c24a21b64a3a74ce59d83e4f5ee9b5495dd2530667804fffa96,59986052,512,block-select,1,128,8,transform_isolated,30,0.446496,0.44544000000000006,0.4474604999999999,1.0030851340213573,False,False
2749d31664905c24a21b64a3a74ce59d83e4f5ee9b5495dd2530667804fffa96,59986052,512,block-select,1,128,8,upload_shared,1,48.704429,48.704429,48.704429,1.0,False,False
2749d31664905c24a21b64a3a74ce59d83e4f5ee9b5495dd2530667804fffa96,59986052,512,grid-select,1,0,0,download,30,0.010551,0.010241,0.010816,1.0090038858875936,True,True
2749d31664905c24a21b64a3a74ce59d83e4f5ee9b5495dd2530667804fffa96,59986052,512,grid-select,1,0,0,operator,30,1.4325755,1.431214,1.434524,0.5649901174493072,True,True
2749d31664905c24a21b64a3a74ce59d83e4f5ee9b5495dd2530667804fffa96,59986052,512,grid-select,1,0,0,output_isolated,30,0.010100000000000001,0.009724,0.010606,2.6976237623762374,True,True
2749d31664905c24a21b64a3a74ce59d83e4f5ee9b5495dd2530667804fffa96,59986052,512,grid-select,1,0,0,selection_isolated,30,0.9859735,0.9847097500000002,0.98839525,0.36285711532815035,True,True
2749d31664905c24a21b64a3a74ce59d83e4f5ee9b5495dd2530667804fffa96,59986052,512,grid-select,1,0,0,transform_isolated,30,0.4443635,0.44371275,0.44551,1.0078989385941914,True,True
2749d31664905c24a21b64a3a74ce59d83e4f5ee9b5495dd2530667804fffa96,59986052,512,grid-select,1,0,0,upload_shared,1,48.704429,48.704429,48.704429,1.0,True,True
2749d31664905c24a21b64a3a74ce59d83e4f5ee9b5495dd2530667804fffa96,59986052,1024,air-topk,1,512,0,download,30,0.012664,0.012463250000000002,0.01309225,1.0,True,True
2749d31664905c24a21b64a3a74ce59d83e4f5ee9b5495dd2530667804fffa96,59986052,1024,air-topk,1,512,0,operator,30,0.820934,0.81844275,0.8218385,1.0,True,True
2749d31664905c24a21b64a3a74ce59d83e4f5ee9b5495dd2530667804fffa96,59986052,1024,air-topk,1,512,0,output_isolated,30,0.045003,0.044828,0.04527900000000001,1.0,True,True
2749d31664905c24a21b64a3a74ce59d83e4f5ee9b5495dd2530667804fffa96,59986052,1024,air-topk,1,512,0,selection_isolated,30,0.3479725,0.34472224999999995,0.34979725000000006,1.0,True,True
2749d31664905c24a21b64a3a74ce59d83e4f5ee9b5495dd2530667804fffa96,59986052,1024,air-topk,1,512,0,transform_isolated,30,0.447538,0.446712,0.4486,1.0,True,True
2749d31664905c24a21b64a3a74ce59d83e4f5ee9b5495dd2530667804fffa96,59986052,1024,air-topk,1,512,0,upload_shared,1,48.756478,48.756478,48.756478,1.0,True,True
2749d31664905c24a21b64a3a74ce59d83e4f5ee9b5495dd2530667804fffa96,59986052,1024,bits-prefetch,1,128,4,download,30,0.0231255,0.022704250000000002,0.023791,0.5476205919872003,False,False
2749d31664905c24a21b64a3a74ce59d83e4f5ee9b5495dd2530667804fffa96,59986052,1024,bits-prefetch,1,128,4,operator,30,61.292812999999995,61.287985,61.29934575,0.013393642089815654,False,False
2749d31664905c24a21b64a3a74ce59d83e4f5ee9b5495dd2530667804fffa96,59986052,1024,bits-prefetch,1,128,4,output_isolated,30,0.023015,0.0222515,0.023683500000000003,1.9553769280903759,False,False
2749d31664905c24a21b64a3a74ce59d83e4f5ee9b5495dd2530667804fffa96,59986052,1024,bits-prefetch,1,128,4,selection_isolated,30,60.8400815,60.8341955,60.84749825,0.005719461437605077,False,False
2749d31664905c24a21b64a3a74ce59d83e4f5ee9b5495dd2530667804fffa96,59986052,1024,bits-prefetch,1,128,4,transform_isolated,30,0.44585600000000003,0.44530175,0.44702025,1.0037725184813033,False,False
2749d31664905c24a21b64a3a74ce59d83e4f5ee9b5495dd2530667804fffa96,59986052,1024,bits-prefetch,1,128,4,upload_shared,1,48.720042,48.720042,48.720042,1.0007478647083268,False,False
2749d31664905c24a21b64a3a74ce59d83e4f5ee9b5495dd2530667804fffa96,59986052,1024,bits-prefetch,1,128,7,download,30,0.022544,0.02209125,0.0233755,0.5617459190915542,False,False
2749d31664905c24a21b64a3a74ce59d83e4f5ee9b5495dd2530667804fffa96,59986052,1024,bits-prefetch,1,128,7,operator,30,55.932291000000006,55.927884000000006,55.935798250000005,0.014677281858524264,False,False
2749d31664905c24a21b64a3a74ce59d83e4f5ee9b5495dd2530667804fffa96,59986052,1024,bits-prefetch,1,128,7,output_isolated,30,0.022023,0.0216305,0.022308999999999996,2.0434545702220404,False,False
2749d31664905c24a21b64a3a74ce59d83e4f5ee9b5495dd2530667804fffa96,59986052,1024,bits-prefetch,1,128,7,selection_isolated,30,55.477401,55.471096249999995,55.4814275,0.006272328799252871,False,False
2749d31664905c24a21b64a3a74ce59d83e4f5ee9b5495dd2530667804fffa96,59986052,1024,bits-prefetch,1,128,7,transform_isolated,30,0.4463165,0.44501925,0.44727025000000004,1.0027368470580855,False,False
2749d31664905c24a21b64a3a74ce59d83e4f5ee9b5495dd2530667804fffa96,59986052,1024,bits-prefetch,1,128,7,upload_shared,1,48.799132,48.799132,48.799132,0.9991259270759161,False,False
2749d31664905c24a21b64a3a74ce59d83e4f5ee9b5495dd2530667804fffa96,59986052,1024,bits-prefetch,1,128,8,download,30,0.0218785,0.02147275,0.022364000000000002,0.578833100989556,False,False
2749d31664905c24a21b64a3a74ce59d83e4f5ee9b5495dd2530667804fffa96,59986052,1024,bits-prefetch,1,128,8,operator,30,52.2237605,52.2212645,52.228013000000004,0.0157195497248805,False,False
2749d31664905c24a21b64a3a74ce59d83e4f5ee9b5495dd2530667804fffa96,59986052,1024,bits-prefetch,1,128,8,output_isolated,30,0.0220785,0.021498,0.022616499999999998,2.03831782050411,False,False
2749d31664905c24a21b64a3a74ce59d83e4f5ee9b5495dd2530667804fffa96,59986052,1024,bits-prefetch,1,128,8,selection_isolated,30,51.767875499999995,51.76442775,51.771243,0.006721784439463815,False,False
2749d31664905c24a21b64a3a74ce59d83e4f5ee9b5495dd2530667804fffa96,59986052,1024,bits-prefetch,1,128,8,transform_isolated,30,0.445295,0.4446665,0.44697925000000005,1.0050371102302968,False,False
2749d31664905c24a21b64a3a74ce59d83e4f5ee9b5495dd2530667804fffa96,59986052,1024,bits-prefetch,1,128,8,upload_shared,1,48.616565,48.616565,48.616565,1.0028778874031927,False,False
2749d31664905c24a21b64a3a74ce59d83e4f5ee9b5495dd2530667804fffa96,59986052,1024,bits-prefetch,1,128,13,download,30,0.022104,0.021538,0.0227375,0.5729279768367717,False,False
2749d31664905c24a21b64a3a74ce59d83e4f5ee9b5495dd2530667804fffa96,59986052,1024,bits-prefetch,1,128,13,operator,30,46.92536749999999,46.923778500000004,46.92639475,0.017494460751958953,False,False
2749d31664905c24a21b64a3a74ce59d83e4f5ee9b5495dd2530667804fffa96,59986052,1024,bits-prefetch,1,128,13,output_isolated,30,0.0215325,0.02101875,0.02217375,2.0900034831069316,False,False
2749d31664905c24a21b64a3a74ce59d83e4f5ee9b5495dd2530667804fffa96,59986052,1024,bits-prefetch,1,128,13,selection_isolated,30,46.469306,46.4680025,46.470258,0.007488222440851602,False,False
2749d31664905c24a21b64a3a74ce59d83e4f5ee9b5495dd2530667804fffa96,59986052,1024,bits-prefetch,1,128,13,transform_isolated,30,0.44567049999999997,0.44503924999999994,0.4464635,1.0041903154909289,False,False
2749d31664905c24a21b64a3a74ce59d83e4f5ee9b5495dd2530667804fffa96,59986052,1024,bits-prefetch,1,128,13,upload_shared,1,48.647692,48.647692,48.647692,1.00223620064031,False,False
2749d31664905c24a21b64a3a74ce59d83e4f5ee9b5495dd2530667804fffa96,59986052,1024,bits-prefetch,1,128,16,download,30,0.020160499999999998,0.0195275,0.02080375,0.6281590238337343,False,False
2749d31664905c24a21b64a3a74ce59d83e4f5ee9b5495dd2530667804fffa96,59986052,1024,bits-prefetch,1,128,16,operator,30,32.648765499999996,32.6446815,32.650690749999995,0.02514441166236439,False,False
2749d31664905c24a21b64a3a74ce59d83e4f5ee9b5495dd2530667804fffa96,59986052,1024,bits-prefetch,1,128,16,output_isolated,30,0.019318500000000002,0.01835975,0.02029825,2.329528690115692,False,False
2749d31664905c24a21b64a3a74ce59d83e4f5ee9b5495dd2530667804fffa96,59986052,1024,bits-prefetch,1,128,16,selection_isolated,30,32.19319,32.19076175,32.19696325,0.010808885357431184,False,False
2749d31664905c24a21b64a3a74ce59d83e4f5ee9b5495dd2530667804fffa96,59986052,1024,bits-prefetch,1,128,16,transform_isolated,30,0.4449945,0.4439005,0.44588325,1.00571580098181,False,False
2749d31664905c24a21b64a3a74ce59d83e4f5ee9b5495dd2530667804fffa96,59986052,1024,bits-prefetch,1,128,16,upload_shared,1,48.678219,48.678219,48.678219,1.0016076800180385,False,False
2749d31664905c24a21b64a3a74ce59d83e4f5ee9b5495dd2530667804fffa96,59986052,1024,bits-prefetch,1,256,4,download,30,0.020756,0.02015525,0.021723,0.6101368279051841,False,False
2749d31664905c24a21b64a3a74ce59d83e4f5ee9b5495dd2530667804fffa96,59986052,1024,bits-prefetch,1,256,4,operator,30,38.1676885,38.162249749999994,38.17323125,0.021508611924455422,False,False
2749d31664905c24a21b64a3a74ce59d83e4f5ee9b5495dd2530667804fffa96,59986052,1024,bits-prefetch,1,256,4,output_isolated,30,0.019805,0.0192015,0.02098675,2.2723049734915426,False,False
2749d31664905c24a21b64a3a74ce59d83e4f5ee9b5495dd2530667804fffa96,59986052,1024,bits-prefetch,1,256,4,selection_isolated,30,37.712628,37.70584100000001,37.716527,0.009226949126960869,False,False
2749d31664905c24a21b64a3a74ce59d83e4f5ee9b5495dd2530667804fffa96,59986052,1024,bits-prefetch,1,256,4,transform_isolated,30,0.44617599999999996,0.445175,0.44727524999999996,1.0030526070429606,False,False
2749d31664905c24a21b64a3a74ce59d83e4f5ee9b5495dd2530667804fffa96,59986052,1024,bits-prefetch,1,256,4,upload_shared,1,48.697258,48.697258,48.697258,1.001216084897429,False,False
2749d31664905c24a21b64a3a74ce59d83e4f5ee9b5495dd2530667804fffa96,59986052,1024,bits-prefetch,1,256,7,download,30,0.018252499999999998,0.017644499999999997,0.018949,0.6938227640049309,False,False
2749d31664905c24a21b64a3a74ce59d83e4f5ee9b5495dd2530667804fffa96,59986052,1024,bits-prefetch,1,256,7,operator,30,26.164600500000002,26.163245500000002,26.166328749999998,0.031375751370635294,False,False
2749d31664905c24a21b64a3a74ce59d83e4f5ee9b5495dd2530667804fffa96,59986052,1024,bits-prefetch,1,256,7,output_isolated,30,0.0174765,0.016980999999999996,0.0179345,2.575057934941207,False,False
2749d31664905c24a21b64a3a74ce59d83e4f5ee9b5495dd2530667804fffa96,59986052,1024,bits-prefetch,1,256,7,selection_isolated,30,25.712941,25.71004875,25.7151695,0.013532971588119773,False,False
2749d31664905c24a21b64a3a74ce59d83e4f5ee9b5495dd2530667804fffa96,59986052,1024,bits-prefetch,1,256,7,transform_isolated,30,0.44517450000000003,0.44443375,0.4467695,1.0053091540508272,False,False
2749d31664905c24a21b64a3a74ce59d83e4f5ee9b5495dd2530667804fffa96,59986052,1024,bits-prefetch,1,256,7,upload_shared,1,48.743838,48.743838,48.743838,1.0002593148286765,False,False
2749d31664905c24a21b64a3a74ce59d83e4f5ee9b5495dd2530667804fffa96,59986052,1024,bits-prefetch,1,256,8,download,30,0.018849,0.01784475,0.019548999999999997,0.6718658814791235,False,False
2749d31664905c24a21b64a3a74ce59d83e4f5ee9b5495dd2530667804fffa96,59986052,1024,bits-prefetch,1,256,8,operator,30,24.338078,24.335603250000002,24.338610749999997,0.03373043672552944,False,False
2749d31664905c24a21b64a3a74ce59d83e4f5ee9b5495dd2530667804fffa96,59986052,1024,bits-prefetch,1,256,8,output_isolated,30,0.017742,0.017311,0.018177250000000002,2.536523503550896,False,False
2749d31664905c24a21b64a3a74ce59d83e4f5ee9b5495dd2530667804fffa96,59986052,1024,bits-prefetch,1,256,8,selection_isolated,30,23.88387,23.882484750000003,23.884981,0.01456935161680247,False,False
2749d31664905c24a21b64a3a74ce59d83e4f5ee9b5495dd2530667804fffa96,59986052,1024,bits-prefetch,1,256,8,transform_isolated,30,0.444874,0.4438705,0.4460385,1.0059882123927224,False,False
2749d31664905c24a21b64a3a74ce59d83e4f5ee9b5495dd2530667804fffa96,59986052,1024,bits-prefetch,1,256,8,upload_shared,1,48.760524,48.760524,48.760524,0.9999170230410158,False,False
2749d31664905c24a21b64a3a74ce59d83e4f5ee9b5495dd2530667804fffa96,59986052,1024,bits-prefetch,1,256,13,download,30,0.017986999999999996,0.016941249999999998,0.019008,0.7040640462556292,False,False
2749d31664905c24a21b64a3a74ce59d83e4f5ee9b5495dd2530667804fffa96,59986052,1024,bits-prefetch,1,256,13,operator,30,19.9411105,19.939503000000002,19.942731,0.04116791790507354,False,False
2749d31664905c24a21b64a3a74ce59d83e4f5ee9b5495dd2530667804fffa96,59986052,1024,bits-prefetch,1,256,13,output_isolated,30,0.0166655,0.01604675,0.01736175,2.7003690258318085,False,False
2749d31664905c24a21b64a3a74ce59d83e4f5ee9b5495dd2530667804fffa96,59986052,1024,bits-prefetch,1,256,13,selection_isolated,30,19.4871385,19.4857935,19.4880815,0.017856521110064468,False,False
2749d31664905c24a21b64a3a74ce59d83e4f5ee9b5495dd2530667804fffa96,59986052,1024,bits-prefetch,1,256,13,transform_isolated,30,0.44503899999999996,0.4441655,0.44645425,1.0056152382150778,False,False
2749d31664905c24a21b64a3a74ce59d83e4f5ee9b5495dd2530667804fffa96,59986052,1024,bits-prefetch,1,256,13,upload_shared,1,48.589124,48.589124,48.589124,1.0034442687215355,False,False
2749d31664905c24a21b64a3a74ce59d83e4f5ee9b5495dd2530667804fffa96,59986052,1024,bits-prefetch,1,256,16,download,30,0.017917000000000002,0.016425,0.018733,0.7068147569347546,False,False
2749d31664905c24a21b64a3a74ce59d83e4f5ee9b5495dd2530667804fffa96,59986052,1024,bits-prefetch,1,256,16,operator,30,19.249543,19.248286,19.252922749999996,0.042646934527224886,False,False
2749d31664905c24a21b64a3a74ce59d83e4f5ee9b5495dd2530667804fffa96,59986052,1024,bits-prefetch,1,256,16,output_isolated,30,0.0167755,0.015981500000000003,0.01737675,2.682662215731275,False,False
2749d31664905c24a21b64a3a74ce59d83e4f5ee9b5495dd2530667804fffa96,59986052,1024,bits-prefetch,1,256,16,selection_isolated,30,18.799355499999997,18.796015250000004,18.801002999999998,0.01850981008364888,False,False
2749d31664905c24a21b64a3a74ce59d83e4f5ee9b5495dd2530667804fffa96,59986052,1024,bits-prefetch,1,256,16,transform_isolated,30,0.4450645,0.444033,0.445926,1.0055576214234117,False,False
2749d31664905c24a21b64a3a74ce59d83e4f5ee9b5495dd2530667804fffa96,59986052,1024,bits-prefetch,1,256,16,upload_shared,1,48.731299,48.731299,48.731299,1.0005166905154734,False,False
2749d31664905c24a21b64a3a74ce59d83e4f5ee9b5495dd2530667804fffa96,59986052,1024,bits-prefetch,1,512,4,download,30,0.018057499999999997,0.0171335,0.01926925,0.7013152429738337,False,False
2749d31664905c24a21b64a3a74ce59d83e4f5ee9b5495dd2530667804fffa96,59986052,1024,bits-prefetch,1,512,4,operator,30,21.0592545,21.057682000000003,21.0602785,0.03898210166936346,False,False
2749d31664905c24a21b64a3a74ce59d83e4f5ee9b5495dd2530667804fffa96,59986052,1024,bits-prefetch,1,512,4,output_isolated,30,0.017036,0.016225,0.017641749999999998,2.6416412303357597,False,False
2749d31664905c24a21b64a3a74ce59d83e4f5ee9b5495dd2530667804fffa96,59986052,1024,bits-prefetch,1,512,4,selection_isolated,30,20.605973,20.60481625,20.60771325,0.016886972529761155,False,False
2749d31664905c24a21b64a3a74ce59d83e4f5ee9b5495dd2530667804fffa96,59986052,1024,bits-prefetch,1,512,4,transform_isolated,30,0.444874,0.44417549999999995,0.44545675,1.0059882123927224,False,False
2749d31664905c24a21b64a3a74ce59d83e4f5ee9b5495dd2530667804fffa96,59986052,1024,bits-prefetch,1,512,4,upload_shared,1,48.696356,48.696356,48.696356,1.0012346303694675,False,False
2749d31664905c24a21b64a3a74ce59d83e4f5ee9b5495dd2530667804fffa96,59986052,1024,bits-prefetch,1,512,7,download,30,0.0171155,0.0160965,0.01842775,0.7399141129385645,False,False
2749d31664905c24a21b64a3a74ce59d83e4f5ee9b5495dd2530667804fffa96,59986052,1024,bits-prefetch,1,512,7,operator,30,17.2884215,17.286388000000002,17.289257000000003,0.04748461275079394,False,False
2749d31664905c24a21b64a3a74ce59d83e4f5ee9b5495dd2530667804fffa96,59986052,1024,bits-prefetch,1,512,7,output_isolated,30,0.0158735,0.015178,0.016605,2.8351025293728545,False,False
2749d31664905c24a21b64a3a74ce59d83e4f5ee9b5495dd2530667804fffa96,59986052,1024,bits-prefetch,1,512,7,selection_isolated,30,16.8343725,16.8336045,16.835987499999998,0.020670357626932635,False,False
2749d31664905c24a21b64a3a74ce59d83e4f5ee9b5495dd2530667804fffa96,59986052,1024,bits-prefetch,1,512,7,transform_isolated,30,0.44562999999999997,0.44443050000000006,0.446266,1.0042815788883155,False,False
2749d31664905c24a21b64a3a74ce59d83e4f5ee9b5495dd2530667804fffa96,59986052,1024,bits-prefetch,1,512,7,upload_shared,1,48.714203999999995,48.714203999999995,48.714203999999995,1.0008677961770658,False,False
2749d31664905c24a21b64a3a74ce59d83e4f5ee9b5495dd2530667804fffa96,59986052,1024,bits-prefetch,1,512,8,download,30,0.016911000000000002,0.0158615,0.0180195,0.7488616876589201,False,False
2749d31664905c24a21b64a3a74ce59d83e4f5ee9b5495dd2530667804fffa96,59986052,1024,bits-prefetch,1,512,8,operator,30,16.756499999999996,16.755230499999996,16.757789250000002,0.04899197326410648,False,False
2749d31664905c24a21b64a3a74ce59d83e4f5ee9b5495dd2530667804fffa96,59986052,1024,bits-prefetch,1,512,8,output_isolated,30,0.015794000000000002,0.0152205,0.016459249999999998,2.849373179688489,False,False
2749d31664905c24a21b64a3a74ce59d83e4f5ee9b5495dd2530667804fffa96,59986052,1024,bits-prefetch,1,512,8,selection_isolated,30,16.3039245,16.303010500000003,16.3051035,0.021342867479544572,False,False
2749d31664905c24a21b64a3a74ce59d83e4f5ee9b5495dd2530667804fffa96,59986052,1024,bits-prefetch,1,512,8,transform_isolated,30,0.44508900000000007,0.44376550000000003,0.44593350000000004,1.00550227033245,False,False
2749d31664905c24a21b64a3a74ce59d83e4f5ee9b5495dd2530667804fffa96,59986052,1024,bits-prefetch,1,512,8,upload_shared,1,48.780293,48.780293,48.780293,0.9995117905503356,False,False
2749d31664905c24a21b64a3a74ce59d83e4f5ee9b5495dd2530667804fffa96,59986052,1024,bits-prefetch,1,512,13,download,30,0.0158295,0.015038,0.01738675,0.8000252692757194,True,False
2749d31664905c24a21b64a3a74ce59d83e4f5ee9b5495dd2530667804fffa96,59986052,1024,bits-prefetch,1,512,13,operator,30,14.013138000000001,14.011306,14.014515,0.05858316673966958,True,False
2749d31664905c24a21b64a3a74ce59d83e4f5ee9b5495dd2530667804fffa96,59986052,1024,bits-prefetch,1,512,13,output_isolated,30,0.015343,0.0142595,0.015981750000000003,2.933129114254057,True,False
2749d31664905c24a21b64a3a74ce59d83e4f5ee9b5495dd2530667804fffa96,59986052,1024,bits-prefetch,1,512,13,selection_isolated,30,13.561694,13.5601295,13.56292825,0.025658483372357467,True,False
2749d31664905c24a21b64a3a74ce59d83e4f5ee9b5495dd2530667804fffa96,59986052,1024,bits-prefetch,1,512,13,transform_isolated,30,0.444639,0.44398049999999994,0.4454925,1.006519895915563,True,False
2749d31664905c24a21b64a3a74ce59d83e4f5ee9b5495dd2530667804fffa96,59986052,1024,bits-prefetch,1,512,13,upload_shared,1,48.694774,48.694774,48.694774,1.0012671585661328,True,False
2749d31664905c24a21b64a3a74ce59d83e4f5ee9b5495dd2530667804fffa96,59986052,1024,bits-prefetch,1,512,16,download,30,0.01649,0.015606249999999999,0.017664250000000003,0.7679805942995754,False,False
2749d31664905c24a21b64a3a74ce59d83e4f5ee9b5495dd2530667804fffa96,59986052,1024,bits-prefetch,1,512,16,operator,30,14.54237,14.5412655,14.544318,0.05645118367913896,False,False
2749d31664905c24a21b64a3a74ce59d83e4f5ee9b5495dd2530667804fffa96,59986052,1024,bits-prefetch,1,512,16,output_isolated,30,0.015754,0.01507225,0.01670075,2.8566078456265074,False,False
2749d31664905c24a21b64a3a74ce59d83e4f5ee9b5495dd2530667804fffa96,59986052,1024,bits-prefetch,1,512,16,selection_isolated,30,14.0866345,14.085889,14.08755575,0.024702316227484998,False,False
2749d31664905c24a21b64a3a74ce59d83e4f5ee9b5495dd2530667804fffa96,59986052,1024,bits-prefetch,1,512,16,transform_isolated,30,0.44501899999999994,0.44373700000000005,0.4460035,1.0056604324759169,False,False
2749d31664905c24a21b64a3a74ce59d83e4f5ee9b5495dd2530667804fffa96,59986052,1024,bits-prefetch,1,512,16,upload_shared,1,48.756478,48.756478,48.756478,1.0,False,False
2749d31664905c24a21b64a3a74ce59d83e4f5ee9b5495dd2530667804fffa96,59986052,1024,bits-sq,8,128,4,download,30,0.0147475,0.0139635,0.0159965,0.8587218172571622,False,False
2749d31664905c24a21b64a3a74ce59d83e4f5ee9b5495dd2530667804fffa96,59986052,1024,bits-sq,8,128,4,operator,30,9.827892,9.826729,9.829173500000001,0.08353103595359004,False,False
2749d31664905c24a21b64a3a74ce59d83e4f5ee9b5495dd2530667804fffa96,59986052,1024,bits-sq,8,128,4,output_isolated,30,0.0138065,0.013145,0.0146595,3.2595516604497883,False,False
2749d31664905c24a21b64a3a74ce59d83e4f5ee9b5495dd2530667804fffa96,59986052,1024,bits-sq,8,128,4,selection_isolated,30,9.375707000000002,9.37479,9.37603625,0.037114267756020954,False,False
2749d31664905c24a21b64a3a74ce59d83e4f5ee9b5495dd2530667804fffa96,59986052,1024,bits-sq,8,128,4,transform_isolated,30,0.44528,0.44466075,0.44579325,1.0050709665828244,False,False
2749d31664905c24a21b64a3a74ce59d83e4f5ee9b5495dd2530667804fffa96,59986052,1024,bits-sq,8,128,4,upload_shared,1,48.720042,48.720042,48.720042,1.0007478647083268,False,False
2749d31664905c24a21b64a3a74ce59d83e4f5ee9b5495dd2530667804fffa96,59986052,1024,bits-sq,8,128,7,download,30,0.013731,0.01334,0.014860499999999999,0.9222926225329546,False,False
2749d31664905c24a21b64a3a74ce59d83e4f5ee9b5495dd2530667804fffa96,59986052,1024,bits-sq,8,128,7,operator,30,7.712136,7.7115175,7.71346275,0.10644703361040314,False,False
2749d31664905c24a21b64a3a74ce59d83e4f5ee9b5495dd2530667804fffa96,59986052,1024,bits-sq,8,128,7,output_isolated,30,0.0129095,0.012255750000000001,0.0132475,3.486037414307293,False,False
2749d31664905c24a21b64a3a74ce59d83e4f5ee9b5495dd2530667804fffa96,59986052,1024,bits-sq,8,128,7,selection_isolated,30,7.260667,7.259832750000001,7.26164225,0.04792569332817495,False,False
2749d31664905c24a21b64a3a74ce59d83e4f5ee9b5495dd2530667804fffa96,59986052,1024,bits-sq,8,128,7,transform_isolated,30,0.4451545,0.44467325,0.44629175000000004,1.0053543208032267,False,False
2749d31664905c24a21b64a3a74ce59d83e4f5ee9b5495dd2530667804fffa96,59986052,1024,bits-sq,8,128,7,upload_shared,1,48.799132,48.799132,48.799132,0.9991259270759161,False,False
2749d31664905c24a21b64a3a74ce59d83e4f5ee9b5495dd2530667804fffa96,59986052,1024,bits-sq,8,128,8,download,30,0.014582,0.013900999999999998,0.015787,0.8684679742147854,False,False
2749d31664905c24a21b64a3a74ce59d83e4f5ee9b5495dd2530667804fffa96,59986052,1024,bits-sq,8,128,8,operator,30,8.952345000000001,8.950415249999999,8.9537145,0.09170044273316097,False,False
2749d31664905c24a21b64a3a74ce59d83e4f5ee9b5495dd2530667804fffa96,59986052,1024,bits-sq,8,128,8,output_isolated,30,0.0136255,0.0127915,0.014123750000000001,3.302851271512972,False,False
2749d31664905c24a21b64a3a74ce59d83e4f5ee9b5495dd2530667804fffa96,59986052,1024,bits-sq,8,128,8,selection_isolated,30,8.500440000000001,8.5001365,8.501299500000002,0.04093582214567716,False,False
2749d31664905c24a21b64a3a74ce59d83e4f5ee9b5495dd2530667804fffa96,59986052,1024,bits-sq,8,128,8,transform_isolated,30,0.444619,0.44340375,0.44594100000000003,1.0065651715288821,False,False
2749d31664905c24a21b64a3a74ce59d83e4f5ee9b5495dd2530667804fffa96,59986052,1024,bits-sq,8,128,8,upload_shared,1,48.616565,48.616565,48.616565,1.0028778874031927,False,False
2749d31664905c24a21b64a3a74ce59d83e4f5ee9b5495dd2530667804fffa96,59986052,1024,bits-sq,8,128,13,download,30,0.0146825,0.0137235,0.01560875,0.8625234122254385,False,False
2749d31664905c24a21b64a3a74ce59d83e4f5ee9b5495dd2530667804fffa96,59986052,1024,bits-sq,8,128,13,operator,30,8.175793500000001,8.174636249999999,8.17733075,0.10041031491316409,False,False
2749d31664905c24a21b64a3a74ce59d83e4f5ee9b5495dd2530667804fffa96,59986052,1024,bits-sq,8,128,13,output_isolated,30,0.013215000000000001,0.0129725,0.014146750000000001,3.405448354143019,False,False
2749d31664905c24a21b64a3a74ce59d83e4f5ee9b5495dd2530667804fffa96,59986052,1024,bits-sq,8,128,13,selection_isolated,30,7.7239835,7.7235154999999995,7.724934999999999,0.04505091187727162,False,False
2749d31664905c24a21b64a3a74ce59d83e4f5ee9b5495dd2530667804fffa96,59986052,1024,bits-sq,8,128,13,transform_isolated,30,0.444629,0.443542,0.44591600000000003,1.0065425332130833,False,False
2749d31664905c24a21b64a3a74ce59d83e4f5ee9b5495dd2530667804fffa96,59986052,1024,bits-sq,8,128,13,upload_shared,1,48.647692,48.647692,48.647692,1.00223620064031,False,False
2749d31664905c24a21b64a3a74ce59d83e4f5ee9b5495dd2530667804fffa96,59986052,1024,bits-sq,8,128,16,download,30,0.014326499999999999,0.013516,0.015060500000000001,0.883956304749939,False,False
2749d31664905c24a21b64a3a74ce59d83e4f5ee9b5495dd2530667804fffa96,59986052,1024,bits-sq,8,128,16,operator,30,7.9554095,7.954308,7.95739775,0.10319192242712334,False,False
2749d31664905c24a21b64a3a74ce59d83e4f5ee9b5495dd2530667804fffa96,59986052,1024,bits-sq,8,128,16,output_isolated,30,0.013255,0.012561499999999998,0.0137275,3.3951716333459077,False,False
2749d31664905c24a21b64a3a74ce59d83e4f5ee9b5495dd2530667804fffa96,59986052,1024,bits-sq,8,128,16,selection_isolated,30,7.5047815,7.503855,7.505637,0.04636677297000586,False,False
2749d31664905c24a21b64a3a74ce59d83e4f5ee9b5495dd2530667804fffa96,59986052,1024,bits-sq,8,128,16,transform_isolated,30,0.4448995,0.44403325,0.44564575,1.0059305528551954,False,False
2749d31664905c24a21b64a3a74ce59d83e4f5ee9b5495dd2530667804fffa96,59986052,1024,bits-sq,8,128,16,upload_shared,1,48.678219,48.678219,48.678219,1.0016076800180385,False,False
2749d31664905c24a21b64a3a74ce59d83e4f5ee9b5495dd2530667804fffa96,59986052,1024,bits-sq,8,256,4,download,30,0.013631,0.013105,0.014184500000000001,0.9290587631134912,False,False
2749d31664905c24a21b64a3a74ce59d83e4f5ee9b5495dd2530667804fffa96,59986052,1024,bits-sq,8,256,4,operator,30,6.2759845,6.2738545,6.2781002500000005,0.13080561304764218,False,False
2749d31664905c24a21b64a3a74ce59d83e4f5ee9b5495dd2530667804fffa96,59986052,1024,bits-sq,8,256,4,output_isolated,30,0.012459,0.01159725,0.01305,3.612087647483747,False,False
2749d31664905c24a21b64a3a74ce59d83e4f5ee9b5495dd2530667804fffa96,59986052,1024,bits-sq,8,256,4,selection_isolated,30,5.825811999999999,5.82495875,5.826864,0.05972944200739744,False,False
2749d31664905c24a21b64a3a74ce59d83e4f5ee9b5495dd2530667804fffa96,59986052,1024,bits-sq,8,256,4,transform_isolated,30,0.4449395,0.44404975,0.44597575,1.005840119836517,False,False
2749d31664905c24a21b64a3a74ce59d83e4f5ee9b5495dd2530667804fffa96,59986052,1024,bits-sq,8,256,4,upload_shared,1,48.697258,48.697258,48.697258,1.001216084897429,False,False
2749d31664905c24a21b64a3a74ce59d83e4f5ee9b5495dd2530667804fffa96,59986052,1024,bits-sq,8,256,7,download,30,0.0133655,0.012796499999999999,0.01426125,0.9475141221802401,False,False
2749d31664905c24a21b64a3a74ce59d83e4f5ee9b5495dd2530667804fffa96,59986052,1024,bits-sq,8,256,7,operator,30,5.117084,5.1160172500000005,5.11783,0.16043004179724235,False,False
2749d31664905c24a21b64a3a74ce59d83e4f5ee9b5495dd2530667804fffa96,59986052,1024,bits-sq,8,256,7,output_isolated,30,0.0119985,0.01131275,0.0124265,3.750718839854982,False,False
2749d31664905c24a21b64a3a74ce59d83e4f5ee9b5495dd2530667804fffa96,59986052,1024,bits-sq,8,256,7,selection_isolated,30,4.665799,4.66540725,4.666486000000001,0.07457940215598657,False,False
2749d31664905c24a21b64a3a74ce59d83e4f5ee9b5495dd2530667804fffa96,59986052,1024,bits-sq,8,256,7,transform_isolated,30,0.44474400000000003,0.444138,0.44508475000000003,1.0062822657528825,False,False
2749d31664905c24a21b64a3a74ce59d83e4f5ee9b5495dd2530667804fffa96,59986052,1024,bits-sq,8,256,7,upload_shared,1,48.743838,48.743838,48.743838,1.0002593148286765,False,False
2749d31664905c24a21b64a3a74ce59d83e4f5ee9b5495dd2530667804fffa96,59986052,1024,bits-sq,8,256,8,download,30,0.0134,0.0126365,0.014254250000000001,0.9450746268656716,False,False
2749d31664905c24a21b64a3a74ce59d83e4f5ee9b5495dd2530667804fffa96,59986052,1024,bits-sq,8,256,8,operator,30,4.56716,4.565487999999999,4.5683827500000005,0.1797471514026222,False,False
2749d31664905c24a21b64a3a74ce59d83e4f5ee9b5495dd2530667804fffa96,59986052,1024,bits-sq,8,256,8,output_isolated,30,0.012073,0.011189499999999998,0.0124715,3.727573925287832,False,False
2749d31664905c24a21b64a3a74ce59d83e4f5ee9b5495dd2530667804fffa96,59986052,1024,bits-sq,8,256,8,selection_isolated,30,4.1162065,4.11566425,4.1174015,0.08453718247614643,False,False
2749d31664905c24a21b64a3a74ce59d83e4f5ee9b5495dd2530667804fffa96,59986052,1024,bits-sq,8,256,8,transform_isolated,30,0.445064,0.44365275,0.44590074999999996,1.0055587511009652,False,False
2749d31664905c24a21b64a3a74ce59d83e4f5ee9b5495dd2530667804fffa96,59986052,1024,bits-sq,8,256,8,upload_shared,1,48.760524,48.760524,48.760524,0.9999170230410158,False,False
2749d31664905c24a21b64a3a74ce59d83e4f5ee9b5495dd2530667804fffa96,59986052,1024,bits-sq,8,256,13,download,30,0.012764000000000001,0.01220625,0.01313,0.9921654653713569,False,False
2749d31664905c24a21b64a3a74ce59d83e4f5ee9b5495dd2530667804fffa96,59986052,1024,bits-sq,8,256,13,operator,30,3.9528345,3.95183975,3.9536274999999996,0.20768236059465683,False,False
2749d31664905c24a21b64a3a74ce59d83e4f5ee9b5495dd2530667804fffa96,59986052,1024,bits-sq,8,256,13,output_isolated,30,0.0114825,0.01114875,0.012175749999999999,3.919268451992162,False,False
2749d31664905c24a21b64a3a74ce59d83e4f5ee9b5495dd2530667804fffa96,59986052,1024,bits-sq,8,256,13,selection_isolated,30,3.502928,3.5022695,3.503769,0.0993376112783363,False,False
2749d31664905c24a21b64a3a74ce59d83e4f5ee9b5495dd2530667804fffa96,59986052,1024,bits-sq,8,256,13,transform_isolated,30,0.444599,0.444013,0.44573524999999997,1.0066104512155898,False,False
2749d31664905c24a21b64a3a74ce59d83e4f5ee9b5495dd2530667804fffa96,59986052,1024,bits-sq,8,256,13,upload_shared,1,48.589124,48.589124,48.589124,1.0034442687215355,False,False
2749d31664905c24a21b64a3a74ce59d83e4f5ee9b5495dd2530667804fffa96,59986052,1024,bits-sq,8,256,16,download,30,0.012188499999999998,0.011823,0.012959749999999999,1.0390121836157036,False,False
2749d31664905c24a21b64a3a74ce59d83e4f5ee9b5495dd2530667804fffa96,59986052,1024,bits-sq,8,256,16,operator,30,3.889479,3.888747,3.8909075000000004,0.21106528663607646,False,False
2749d31664905c24a21b64a3a74ce59d83e4f5ee9b5495dd2530667804fffa96,59986052,1024,bits-sq,8,256,16,output_isolated,30,0.011938,0.0108785,0.01222575,3.769726922432568,False,False
2749d31664905c24a21b64a3a74ce59d83e4f5ee9b5495dd2530667804fffa96,59986052,1024,bits-sq,8,256,16,selection_isolated,30,3.4395165,3.43912425,3.440263,0.10116901605211082,False,False
2749d31664905c24a21b64a3a74ce59d83e4f5ee9b5495dd2530667804fffa96,59986052,1024,bits-sq,8,256,16,transform_isolated,30,0.44490399999999997,0.44381799999999993,0.44554,1.005920378328808,False,False
2749d31664905c24a21b64a3a74ce59d83e4f5ee9b5495dd2530667804fffa96,59986052,1024,bits-sq,8,256,16,upload_shared,1,48.731299,48.731299,48.731299,1.0005166905154734,False,False
2749d31664905c24a21b64a3a74ce59d83e4f5ee9b5495dd2530667804fffa96,59986052,1024,bits-sq,8,512,4,download,30,0.0131,0.012068,0.013693499999999999,0.9667175572519083,False,False
2749d31664905c24a21b64a3a74ce59d83e4f5ee9b5495dd2530667804fffa96,59986052,1024,bits-sq,8,512,4,operator,30,3.7235725000000004,3.72250275,3.7241180000000003,0.22046945507305146,False,False
2749d31664905c24a21b64a3a74ce59d83e4f5ee9b5495dd2530667804fffa96,59986052,1024,bits-sq,8,512,4,output_isolated,30,0.011147,0.010681,0.011768,4.037229747914237,False,False
2749d31664905c24a21b64a3a74ce59d83e4f5ee9b5495dd2530667804fffa96,59986052,1024,bits-sq,8,512,4,selection_isolated,30,3.273771,3.2730415,3.2745837499999997,0.10629103257375058,False,False
2749d31664905c24a21b64a3a74ce59d83e4f5ee9b5495dd2530667804fffa96,59986052,1024,bits-sq,8,512,4,transform_isolated,30,0.44523999999999997,0.44427300000000003,0.44577025,1.0051612613421974,False,False
2749d31664905c24a21b64a3a74ce59d83e4f5ee9b5495dd2530667804fffa96,59986052,1024,bits-sq,8,512,4,upload_shared,1,48.696356,48.696356,48.696356,1.0012346303694675,False,False
2749d31664905c24a21b64a3a74ce59d83e4f5ee9b5495dd2530667804fffa96,59986052,1024,bits-sq,8,512,7,download,30,0.012594000000000001,0.0120755,0.01343525,1.0055582023185643,False,False
2749d31664905c24a21b64a3a74ce59d83e4f5ee9b5495dd2530667804fffa96,59986052,1024,bits-sq,8,512,7,operator,30,2.9819835,2.9804060000000003,2.98305825,0.27529796861719724,False,False
2749d31664905c24a21b64a3a74ce59d83e4f5ee9b5495dd2530667804fffa96,59986052,1024,bits-sq,8,512,7,output_isolated,30,0.010971999999999999,0.0104435,0.011452750000000001,4.101622311337952,False,False
2749d31664905c24a21b64a3a74ce59d83e4f5ee9b5495dd2530667804fffa96,59986052,1024,bits-sq,8,512,7,selection_isolated,30,2.532407,2.5317937500000003,2.533319,0.13740781004001332,False,False
2749d31664905c24a21b64a3a74ce59d83e4f5ee9b5495dd2530667804fffa96,59986052,1024,bits-sq,8,512,7,transform_isolated,30,0.44443900000000003,0.44360950000000005,0.4457775,1.0069728354172338,False,False
2749d31664905c24a21b64a3a74ce59d83e4f5ee9b5495dd2530667804fffa96,59986052,1024,bits-sq,8,512,7,upload_shared,1,48.714203999999995,48.714203999999995,48.714203999999995,1.0008677961770658,False,False
2749d31664905c24a21b64a3a74ce59d83e4f5ee9b5495dd2530667804fffa96,59986052,1024,bits-sq,8,512,8,download,30,0.0124085,0.012153249999999999,0.01287975,1.020590724100415,False,False
2749d31664905c24a21b64a3a74ce59d83e4f5ee9b5495dd2530667804fffa96,59986052,1024,bits-sq,8,512,8,operator,30,2.893324,2.8922470000000002,2.89405275,0.2837338645792867,False,False
2749d31664905c24a21b64a3a74ce59d83e4f5ee9b5495dd2530667804fffa96,59986052,1024,bits-sq,8,512,8,output_isolated,30,0.0108415,0.010531,0.011382,4.150993866162431,False,False
2749d31664905c24a21b64a3a74ce59d83e4f5ee9b5495dd2530667804fffa96,59986052,1024,bits-sq,8,512,8,selection_isolated,30,2.4433725,2.442841,2.44383125,0.14241483850702258,False,False
2749d31664905c24a21b64a3a74ce59d83e4f5ee9b5495dd2530667804fffa96,59986052,1024,bits-sq,8,512,8,transform_isolated,30,0.44501999999999997,0.444108,0.44571825,1.0056581726663971,False,False
2749d31664905c24a21b64a3a74ce59d83e4f5ee9b5495dd2530667804fffa96,59986052,1024,bits-sq,8,512,8,upload_shared,1,48.780293,48.780293,48.780293,0.9995117905503356,False,False
2749d31664905c24a21b64a3a74ce59d83e4f5ee9b5495dd2530667804fffa96,59986052,1024,bits-sq,8,512,13,download,30,0.0122235,0.011597749999999999,0.012659,1.036037141571563,False,False
2749d31664905c24a21b64a3a74ce59d83e4f5ee9b5495dd2530667804fffa96,59986052,1024,bits-sq,8,512,13,operator,30,2.6991745,2.6978355,2.7007077500000003,0.30414261841907597,False,False
2749d31664905c24a21b64a3a74ce59d83e4f5ee9b5495dd2530667804fffa96,59986052,1024,bits-sq,8,512,13,output_isolated,30,0.010581,0.010207500000000001,0.01114175,4.253189679614403,False,False
2749d31664905c24a21b64a3a74ce59d83e4f5ee9b5495dd2530667804fffa96,59986052,1024,bits-sq,8,512,13,selection_isolated,30,2.2501144999999996,2.2494707500000004,2.250806,0.15464657465208997,False,False
2749d31664905c24a21b64a3a74ce59d83e4f5ee9b5495dd2530667804fffa96,59986052,1024,bits-sq,8,512,13,transform_isolated,30,0.44533500000000004,0.44406975,0.4458475,1.0049468377738107,False,False
2749d31664905c24a21b64a3a74ce59d83e4f5ee9b5495dd2530667804fffa96,59986052,1024,bits-sq,8,512,13,upload_shared,1,48.694774,48.694774,48.694774,1.0012671585661328,False,False
2749d31664905c24a21b64a3a74ce59d83e4f5ee9b5495dd2530667804fffa96,59986052,1024,bits-sq,8,512,16,download,30,0.0129545,0.0122615,0.01335,0.9775753599135435,False,False
2749d31664905c24a21b64a3a74ce59d83e4f5ee9b5495dd2530667804fffa96,59986052,1024,bits-sq,8,512,16,operator,30,2.701709,2.7002170000000003,2.70247,0.3038572992132017,False,False
2749d31664905c24a21b64a3a74ce59d83e4f5ee9b5495dd2530667804fffa96,59986052,1024,bits-sq,8,512,16,output_isolated,30,0.010952,0.010421,0.01162775,4.109112490869248,False,False
2749d31664905c24a21b64a3a74ce59d83e4f5ee9b5495dd2530667804fffa96,59986052,1024,bits-sq,8,512,16,selection_isolated,30,2.2511965,2.2509635,2.2514795,0.15457224635876968,False,False
2749d31664905c24a21b64a3a74ce59d83e4f5ee9b5495dd2530667804fffa96,59986052,1024,bits-sq,8,512,16,transform_isolated,30,0.444929,0.4441705,0.44548499999999996,1.005863856929982,False,False
2749d31664905c24a21b64a3a74ce59d83e4f5ee9b5495dd2530667804fffa96,59986052,1024,bits-sq,8,512,16,upload_shared,1,48.756478,48.756478,48.756478,1.0,False,False
2749d31664905c24a21b64a3a74ce59d83e4f5ee9b5495dd2530667804fffa96,59986052,1024,bits-sq,32,128,4,download,30,0.012639000000000001,0.011910500000000001,0.013706,1.0019780045889706,False,False
2749d31664905c24a21b64a3a74ce59d83e4f5ee9b5495dd2530667804fffa96,59986052,1024,bits-sq,32,128,4,operator,30,3.283921,3.2824982499999997,3.284947,0.2499859162263648,False,False
2749d31664905c24a21b64a3a74ce59d83e4f5ee9b5495dd2530667804fffa96,59986052,1024,bits-sq,32,128,4,output_isolated,30,0.011292,0.01066375,0.0117805,3.9853878852284805,False,False
2749d31664905c24a21b64a3a74ce59d83e4f5ee9b5495dd2530667804fffa96,59986052,1024,bits-sq,32,128,4,selection_isolated,30,2.8346055,2.8342322500000003,2.8355492499999997,0.12275870487092473,False,False
2749d31664905c24a21b64a3a74ce59d83e4f5ee9b5495dd2530667804fffa96,59986052,1024,bits-sq,32,128,4,transform_isolated,30,0.44444300000000003,0.44406049999999997,0.44543,1.006963772632261,False,False
2749d31664905c24a21b64a3a74ce59d83e4f5ee9b5495dd2530667804fffa96,59986052,1024,bits-sq,32,128,4,upload_shared,1,48.823989,48.823989,48.823989,0.9986172575944174,False,False
2749d31664905c24a21b64a3a74ce59d83e4f5ee9b5495dd2530667804fffa96,59986052,1024,bits-sq,32,128,7,download,30,0.012183,0.011788,0.012934999999999999,1.0394812443568908,False,False
2749d31664905c24a21b64a3a74ce59d83e4f5ee9b5495dd2530667804fffa96,59986052,1024,bits-sq,32,128,7,operator,30,2.7276785,2.72596875,2.728675,0.3009643548534037,False,False
2749d31664905c24a21b64a3a74ce59d83e4f5ee9b5495dd2530667804fffa96,59986052,1024,bits-sq,32,128,7,output_isolated,30,0.0109415,0.010323249999999999,0.01141275,4.113055796737194,False,False
2749d31664905c24a21b64a3a74ce59d83e4f5ee9b5495dd2530667804fffa96,59986052,1024,bits-sq,32,128,7,selection_isolated,30,2.2781919999999998,2.2775635000000003,2.27876775,0.15274063819028424,False,False
2749d31664905c24a21b64a3a74ce59d83e4f5ee9b5495dd2530667804fffa96,59986052,1024,bits-sq,32,128,7,transform_isolated,30,0.44454399999999994,0.44390275,0.44560500000000003,1.006734991361935,False,False
2749d31664905c24a21b64a3a74ce59d83e4f5ee9b5495dd2530667804fffa96,59986052,1024,bits-sq,32,128,7,upload_shared,1,48.640462,48.640462,48.640462,1.0023851747131842,False,False
2749d31664905c24a21b64a3a74ce59d83e4f5ee9b5495dd2530667804fffa96,59986052,1024,bits-sq,32,128,8,download,30,0.012514,0.012075500000000001,0.01353825,1.0119865750359596,False,False
2749d31664905c24a21b64a3a74ce59d83e4f5ee9b5495dd2530667804fffa96,59986052,1024,bits-sq,32,128,8,operator,30,3.0501665,3.0494127499999997,3.05069275,0.2691439959097315,False,False
2749d31664905c24a21b64a3a74ce59d83e4f5ee9b5495dd2530667804fffa96,59986052,1024,bits-sq,32,128,8,output_isolated,30,0.011072,0.01062175,0.011578,4.064577312138728,False,False
2749d31664905c24a21b64a3a74ce59d83e4f5ee9b5495dd2530667804fffa96,59986052,1024,bits-sq,32,128,8,selection_isolated,30,2.601432,2.6009335,2.6018652500000004,0.133761904981564,False,False
2749d31664905c24a21b64a3a74ce59d83e4f5ee9b5495dd2530667804fffa96,59986052,1024,bits-sq,32,128,8,transform_isolated,30,0.44499900000000003,0.44421050000000006,0.44549249999999996,1.0057056307991703,False,False
2749d31664905c24a21b64a3a74ce59d83e4f5ee9b5495dd2530667804fffa96,59986052,1024,bits-sq,32,128,8,upload_shared,1,48.673401,48.673401,48.673401,1.00170682545894,False,False
2749d31664905c24a21b64a3a74ce59d83e4f5ee9b5495dd2530667804fffa96,59986052,1024,bits-sq,32,128,13,download,30,0.012353,0.0118355,0.012994,1.02517607059014,False,False
2749d31664905c24a21b64a3a74ce59d83e4f5ee9b5495dd2530667804fffa96,59986052,1024,bits-sq,32,128,13,operator,30,2.834265,2.8330554999999995,2.83484825,0.2896461692890397,False,False
2749d31664905c24a21b64a3a74ce59d83e4f5ee9b5495dd2530667804fffa96,59986052,1024,bits-sq,32,128,13,output_isolated,30,0.011052,0.0106085,0.0113245,4.071932681867536,False,False
2749d31664905c24a21b64a3a74ce59d83e4f5ee9b5495dd2530667804fffa96,59986052,1024,bits-sq,32,128,13,selection_isolated,30,2.3845834999999997,2.383997,2.3852665,0.14592590278344209,False,False
2749d31664905c24a21b64a3a74ce59d83e4f5ee9b5495dd2530667804fffa96,59986052,1024,bits-sq,32,128,13,transform_isolated,30,0.44555,0.44481425,0.4458685,1.0044619010212097,False,False
2749d31664905c24a21b64a3a74ce59d83e4f5ee9b5495dd2530667804fffa96,59986052,1024,bits-sq,32,128,13,upload_shared,1,48.859723,48.859723,48.859723,0.9978869098377819,False,False
2749d31664905c24a21b64a3a74ce59d83e4f5ee9b5495dd2530667804fffa96,59986052,1024,bits-sq,32,128,16,download,30,0.012434,0.011845500000000002,0.013094249999999998,1.0184976676853787,False,False
2749d31664905c24a21b64a3a74ce59d83e4f5ee9b5495dd2530667804fffa96,59986052,1024,bits-sq,32,128,16,operator,30,2.75521,2.75397725,2.756326,0.29795696153832196,False,False
2749d31664905c24a21b64a3a74ce59d83e4f5ee9b5495dd2530667804fffa96,59986052,1024,bits-sq,32,128,16,output_isolated,30,0.011117,0.01065375,0.01145025,4.048124494018171,False,False
2749d31664905c24a21b64a3a74ce59d83e4f5ee9b5495dd2530667804fffa96,59986052,1024,bits-sq,32,128,16,selection_isolated,30,2.305448,2.3048130000000002,2.3059915,0.15093487252802926,False,False
2749d31664905c24a21b64a3a74ce59d83e4f5ee9b5495dd2530667804fffa96,59986052,1024,bits-sq,32,128,16,transform_isolated,30,0.444749,0.444523,0.44524725000000004,1.0062709528295735,False,False
2749d31664905c24a21b64a3a74ce59d83e4f5ee9b5495dd2530667804fffa96,59986052,1024,bits-sq,32,128,16,upload_shared,1,48.796008,48.796008,48.796008,0.9991898927469641,False,False
2749d31664905c24a21b64a3a74ce59d83e4f5ee9b5495dd2530667804fffa96,59986052,1024,bits-sq,32,256,4,download,30,0.012134,0.0114445,0.0128215,1.0436789187407285,False,False
2749d31664905c24a21b64a3a74ce59d83e4f5ee9b5495dd2530667804fffa96,59986052,1024,bits-sq,32,256,4,operator,30,2.217395,2.2165457500000003,2.2188745,0.370224520214035,False,False
2749d31664905c24a21b64a3a74ce59d83e4f5ee9b5495dd2530667804fffa96,59986052,1024,bits-sq,32,256,4,output_isolated,30,0.010576499999999999,0.0100825,0.01101425,4.254999290880726,False,False
2749d31664905c24a21b64a3a74ce59d83e4f5ee9b5495dd2530667804fffa96,59986052,1024,bits-sq,32,256,4,selection_isolated,30,1.7687154999999999,1.76805925,1.7691985000000001,0.19673740632679482,False,False
2749d31664905c24a21b64a3a74ce59d83e4f5ee9b5495dd2530667804fffa96,59986052,1024,bits-sq,32,256,4,transform_isolated,30,0.444929,0.44396725000000004,0.4457175,1.005863856929982,False,False
2749d31664905c24a21b64a3a74ce59d83e4f5ee9b5495dd2530667804fffa96,59986052,1024,bits-sq,32,256,4,upload_shared,1,48.549674,48.549674,48.549674,1.004259637253177,False,False
2749d31664905c24a21b64a3a74ce59d83e4f5ee9b5495dd2530667804fffa96,59986052,1024,bits-sq,32,256,7,download,30,0.012173,0.01159275,0.012664,1.0403351679947426,False,False
2749d31664905c24a21b64a3a74ce59d83e4f5ee9b5495dd2530667804fffa96,59986052,1024,bits-sq,32,256,7,operator,30,1.8934440000000001,1.8922045,1.8945482500000002,0.43356655913774056,False,False
2749d31664905c24a21b64a3a74ce59d83e4f5ee9b5495dd2530667804fffa96,59986052,1024,bits-sq,32,256,7,output_isolated,30,0.010586,0.010183500000000002,0.0108335,4.251180804836577,False,False
2749d31664905c24a21b64a3a74ce59d83e4f5ee9b5495dd2530667804fffa96,59986052,1024,bits-sq,32,256,7,selection_isolated,30,1.4449845000000001,1.444388,1.4452525,0.24081400181109208,False,False
2749d31664905c24a21b64a3a74ce59d83e4f5ee9b5495dd2530667804fffa96,59986052,1024,bits-sq,32,256,7,transform_isolated,30,0.444749,0.44371724999999995,0.44583075,1.0062709528295735,False,False
2749d31664905c24a21b64a3a74ce59d83e4f5ee9b5495dd2530667804fffa96,59986052,1024,bits-sq,32,256,7,upload_shared,1,48.746392,48.746392,48.746392,1.0002069076209783,False,False
2749d31664905c24a21b64a3a74ce59d83e4f5ee9b5495dd2530667804fffa96,59986052,1024,bits-sq,32,256,8,download,30,0.011908,0.011505500000000002,0.012329,1.0634867316090024,False,False
2749d31664905c24a21b64a3a74ce59d83e4f5ee9b5495dd2530667804fffa96,59986052,1024,bits-sq,32,256,8,operator,30,1.7478685,1.7469195000000002,1.7484115,0.4696772096985557,False,False
2749d31664905c24a21b64a3a74ce59d83e4f5ee9b5495dd2530667804fffa96,59986052,1024,bits-sq,32,256,8,output_isolated,30,0.0102305,0.00994775,0.010779249999999999,4.398905234348272,False,False
2749d31664905c24a21b64a3a74ce59d83e4f5ee9b5495dd2530667804fffa96,59986052,1024,bits-sq,32,256,8,selection_isolated,30,1.2996345000000002,1.2991130000000002,1.3000325000000001,0.2677464317852442,False,False
2749d31664905c24a21b64a3a74ce59d83e4f5ee9b5495dd2530667804fffa96,59986052,1024,bits-sq,32,256,8,transform_isolated,30,0.4447535,0.4437295,0.44557250000000004,1.0062607714160765,False,False
2749d31664905c24a21b64a3a74ce59d83e4f5ee9b5495dd2530667804fffa96,59986052,1024,bits-sq,32,256,8,upload_shared,1,48.690087,48.690087,48.690087,1.001363542439347,False,False
2749d31664905c24a21b64a3a74ce59d83e4f5ee9b5495dd2530667804fffa96,59986052,1024,bits-sq,32,256,13,download,30,0.0121935,0.01176725,0.012624000000000002,1.03858613195555,False,False
2749d31664905c24a21b64a3a74ce59d83e4f5ee9b5495dd2530667804fffa96,59986052,1024,bits-sq,32,256,13,operator,30,1.5921775,1.59073325,1.59380225,0.5156045729825978,False,False
2749d31664905c24a21b64a3a74ce59d83e4f5ee9b5495dd2530667804fffa96,59986052,1024,bits-sq,32,256,13,output_isolated,30,0.010074999999999999,0.009914999999999998,0.010445749999999998,4.46679900744417,False,False
2749d31664905c24a21b64a3a74ce59d83e4f5ee9b5495dd2530667804fffa96,59986052,1024,bits-sq,32,256,13,selection_isolated,30,1.1439835,1.143578,1.1445465,0.304176152890317,False,False
2749d31664905c24a21b64a3a74ce59d83e4f5ee9b5495dd2530667804fffa96,59986052,1024,bits-sq,32,256,13,transform_isolated,30,0.445049,0.4443155,0.44579325000000003,1.0055926426078927,False,False
2749d31664905c24a21b64a3a74ce59d83e4f5ee9b5495dd2530667804fffa96,59986052,1024,bits-sq,32,256,13,upload_shared,1,48.825362,48.825362,48.825362,0.9985891758467659,False,False
2749d31664905c24a21b64a3a74ce59d83e4f5ee9b5495dd2530667804fffa96,59986052,1024,bits-sq,32,256,16,download,30,0.011658,0.011309500000000002,0.012296250000000002,1.0862926745582433,False,False
2749d31664905c24a21b64a3a74ce59d83e4f5ee9b5495dd2530667804fffa96,59986052,1024,bits-sq,32,256,16,operator,30,1.5832545,1.5814705,1.5908757500000001,0.5185104479412501,False,False
2749d31664905c24a21b64a3a74ce59d83e4f5ee9b5495dd2530667804fffa96,59986052,1024,bits-sq,32,256,16,output_isolated,30,0.01013,0.009839249999999999,0.010523500000000002,4.442546890424482,False,False
2749d31664905c24a21b64a3a74ce59d83e4f5ee9b5495dd2530667804fffa96,59986052,1024,bits-sq,32,256,16,selection_isolated,30,1.140093,1.1326287499999999,1.14155,0.3052141360397792,False,False
2749d31664905c24a21b64a3a74ce59d83e4f5ee9b5495dd2530667804fffa96,59986052,1024,bits-sq,32,256,16,transform_isolated,30,0.4448545,0.4438555,0.44591024999999995,1.0060323094405024,False,False
2749d31664905c24a21b64a3a74ce59d83e4f5ee9b5495dd2530667804fffa96,59986052,1024,bits-sq,32,256,16,upload_shared,1,48.622896,48.622896,48.622896,1.0027473065364103,False,False
2749d31664905c24a21b64a3a74ce59d83e4f5ee9b5495dd2530667804fffa96,59986052,1024,bits-sq,32,512,4,download,30,0.012022999999999999,0.0113445,0.012579000000000002,1.0533144805788905,False,False
2749d31664905c24a21b64a3a74ce59d83e4f5ee9b5495dd2530667804fffa96,59986052,1024,bits-sq,32,512,4,operator,30,1.482792,1.481475,1.4842564999999999,0.5536406994372778,False,False
2749d31664905c24a21b64a3a74ce59d83e4f5ee9b5495dd2530667804fffa96,59986052,1024,bits-sq,32,512,4,output_isolated,30,0.009909999999999999,0.009707499999999999,0.010187749999999999,4.541170534813321,False,False
2749d31664905c24a21b64a3a74ce59d83e4f5ee9b5495dd2530667804fffa96,59986052,1024,bits-sq,32,512,4,selection_isolated,30,1.0341269999999998,1.0335185,1.03463525,0.3364891352802896,False,False
2749d31664905c24a21b64a3a74ce59d83e4f5ee9b5495dd2530667804fffa96,59986052,1024,bits-sq,32,512,4,transform_isolated,30,0.44506450000000003,0.44428799999999996,0.445986,1.0055576214234117,False,False
2749d31664905c24a21b64a3a74ce59d83e4f5ee9b5495dd2530667804fffa96,59986052,1024,bits-sq,32,512,4,upload_shared,1,48.694463999999996,48.694463999999996,48.694463999999996,1.0012735328599163,False,False
2749d31664905c24a21b64a3a74ce59d83e4f5ee9b5495dd2530667804fffa96,59986052,1024,bits-sq,32,512,7,download,30,0.011342,0.01085925,0.01169775,1.1165579262916594,False,False
2749d31664905c24a21b64a3a74ce59d83e4f5ee9b5495dd2530667804fffa96,59986052,1024,bits-sq,32,512,7,operator,30,1.288878,1.288177,1.2900175,0.6369369327430525,False,False
2749d31664905c24a21b64a3a74ce59d83e4f5ee9b5495dd2530667804fffa96,59986052,1024,bits-sq,32,512,7,output_isolated,30,0.0098805,0.009565,0.01022025,4.554729011689692,False,False
2749d31664905c24a21b64a3a74ce59d83e4f5ee9b5495dd2530667804fffa96,59986052,1024,bits-sq,32,512,7,selection_isolated,30,0.8397129999999999,0.8393645000000001,0.84027275,0.4143945609988175,False,False
2749d31664905c24a21b64a3a74ce59d83e4f5ee9b5495dd2530667804fffa96,59986052,1024,bits-sq,32,512,7,transform_isolated,30,0.444964,0.44429300000000005,0.44576499999999997,1.0057847376416968,False,False
2749d31664905c24a21b64a3a74ce59d83e4f5ee9b5495dd2530667804fffa96,59986052,1024,bits-sq,32,512,7,upload_shared,1,48.766343,48.766343,48.766343,0.9997977088419364,False,False
2749d31664905c24a21b64a3a74ce59d83e4f5ee9b5495dd2530667804fffa96,59986052,1024,bits-sq,32,512,8,download,30,0.011452500000000001,0.011102,0.0120955,1.10578476315215,False,False
2749d31664905c24a21b64a3a74ce59d83e4f5ee9b5495dd2530667804fffa96,59986052,1024,bits-sq,32,512,8,operator,30,1.279258,1.2776787500000002,1.2799267499999998,0.6417266884397049,False,False
2749d31664905c24a21b64a3a74ce59d83e4f5ee9b5495dd2530667804fffa96,59986052,1024,bits-sq,32,512,8,output_isolated,30,0.0097245,0.00951925,0.01020575,4.627795773561623,False,False
2749d31664905c24a21b64a3a74ce59d83e4f5ee9b5495dd2530667804fffa96,59986052,1024,bits-sq,32,512,8,selection_isolated,30,0.829773,0.829359,0.8302179999999999,0.4193586679730481,False,False
2749d31664905c24a21b64a3a74ce59d83e4f5ee9b5495dd2530667804fffa96,59986052,1024,bits-sq,32,512,8,transform_isolated,30,0.4452445,0.444173,0.44629625,1.005151102371843,False,False
2749d31664905c24a21b64a3a74ce59d83e4f5ee9b5495dd2530667804fffa96,59986052,1024,bits-sq,32,512,8,upload_shared,1,48.702966,48.702966,48.702966,1.0010987421176771,False,False
2749d31664905c24a21b64a3a74ce59d83e4f5ee9b5495dd2530667804fffa96,59986052,1024,bits-sq,32,512,13,download,30,0.011688,0.011186999999999999,0.012208,1.083504449007529,False,False
2749d31664905c24a21b64a3a74ce59d83e4f5ee9b5495dd2530667804fffa96,59986052,1024,bits-sq,32,512,13,operator,30,1.2284365,1.226724,1.22869425,0.6682754867671223,False,False
2749d31664905c24a21b64a3a74ce59d83e4f5ee9b5495dd2530667804fffa96,59986052,1024,bits-sq,32,512,13,output_isolated,30,0.00992,0.0097,0.01023775,4.536592741935484,False,False
2749d31664905c24a21b64a3a74ce59d83e4f5ee9b5495dd2530667804fffa96,59986052,1024,bits-sq,32,512,13,selection_isolated,30,0.779381,0.77903325,0.77962325,0.4464729060626318,False,False
2749d31664905c24a21b64a3a74ce59d83e4f5ee9b5495dd2530667804fffa96,59986052,1024,bits-sq,32,512,13,transform_isolated,30,0.4451045,0.44406325,0.44586824999999997,1.0054672554422612,False,False
2749d31664905c24a21b64a3a74ce59d83e4f5ee9b5495dd2530667804fffa96,59986052,1024,bits-sq,32,512,13,upload_shared,1,48.648504,48.648504,48.648504,1.0022194721547861,False,False
2749d31664905c24a21b64a3a74ce59d83e4f5ee9b5495dd2530667804fffa96,59986052,1024,bits-sq,32,512,16,download,30,0.011733,0.01125725,0.012218749999999999,1.0793488451376458,False,False
2749d31664905c24a21b64a3a74ce59d83e4f5ee9b5495dd2530667804fffa96,59986052,1024,bits-sq,32,512,16,operator,30,1.2636850000000002,1.26174725,1.264521,0.6496349960631012,False,False
2749d31664905c24a21b64a3a74ce59d83e4f5ee9b5495dd2530667804fffa96,59986052,1024,bits-sq,32,512,16,output_isolated,30,0.009884999999999998,0.0095315,0.010072499999999998,4.552655538694993,False,False
2749d31664905c24a21b64a3a74ce59d83e4f5ee9b5495dd2530667804fffa96,59986052,1024,bits-sq,32,512,16,selection_isolated,30,0.8148045,0.80745575,0.8156332500000001,0.4270625653147473,False,False
2749d31664905c24a21b64a3a74ce59d83e4f5ee9b5495dd2530667804fffa96,59986052,1024,bits-sq,32,512,16,transform_isolated,30,0.444604,0.44403549999999997,0.44535,1.0065991309120026,False,False
2749d31664905c24a21b64a3a74ce59d83e4f5ee9b5495dd2530667804fffa96,59986052,1024,bits-sq,32,512,16,upload_shared,1,48.925193,48.925193,48.925193,0.9965515721113252,False,False
2749d31664905c24a21b64a3a74ce59d83e4f5ee9b5495dd2530667804fffa96,59986052,1024,bits-sq,128,128,4,download,30,0.011803,0.011406999999999999,0.0121755,1.0729475557061765,False,False
2749d31664905c24a21b64a3a74ce59d83e4f5ee9b5495dd2530667804fffa96,59986052,1024,bits-sq,128,128,4,operator,30,1.7767225,1.7755110000000003,1.7784275,0.4620496447813319,False,False
2749d31664905c24a21b64a3a74ce59d83e4f5ee9b5495dd2530667804fffa96,59986052,1024,bits-sq,128,128,4,output_isolated,30,0.01026,0.0099875,0.010626,4.386257309941521,False,False
2749d31664905c24a21b64a3a74ce59d83e4f5ee9b5495dd2530667804fffa96,59986052,1024,bits-sq,128,128,4,selection_isolated,30,1.327557,1.326525,1.3287405,0.26211492237244804,False,False
2749d31664905c24a21b64a3a74ce59d83e4f5ee9b5495dd2530667804fffa96,59986052,1024,bits-sq,128,128,4,transform_isolated,30,0.445786,0.44485149999999996,0.4462885,1.003930136881822,False,False
2749d31664905c24a21b64a3a74ce59d83e4f5ee9b5495dd2530667804fffa96,59986052,1024,bits-sq,128,128,4,upload_shared,1,48.703286999999996,48.703286999999996,48.703286999999996,1.001092143945028,False,False
2749d31664905c24a21b64a3a74ce59d83e4f5ee9b5495dd2530667804fffa96,59986052,1024,bits-sq,128,128,7,download,30,0.011817999999999999,0.011271999999999999,0.012529,1.071585716703334,False,False
2749d31664905c24a21b64a3a74ce59d83e4f5ee9b5495dd2530667804fffa96,59986052,1024,bits-sq,128,128,7,operator,30,1.650185,1.64895625,1.65113175,0.49747997951744805,False,False
2749d31664905c24a21b64a3a74ce59d83e4f5ee9b5495dd2530667804fffa96,59986052,1024,bits-sq,128,128,7,output_isolated,30,0.0101605,0.009965000000000002,0.01045275,4.429211160868068,False,False
2749d31664905c24a21b64a3a74ce59d83e4f5ee9b5495dd2530667804fffa96,59986052,1024,bits-sq,128,128,7,selection_isolated,30,1.20119,1.2001707499999998,1.2027204999999999,0.28968980760745594,False,False
2749d31664905c24a21b64a3a74ce59d83e4f5ee9b5495dd2530667804fffa96,59986052,1024,bits-sq,128,128,7,transform_isolated,30,0.444754,0.4442055,0.44551250000000003,1.006259640160628,False,False
2749d31664905c24a21b64a3a74ce59d83e4f5ee9b5495dd2530667804fffa96,59986052,1024,bits-sq,128,128,7,upload_shared,1,48.705690000000004,48.705690000000004,48.705690000000004,1.001042752910389,False,False
2749d31664905c24a21b64a3a74ce59d83e4f5ee9b5495dd2530667804fffa96,59986052,1024,bits-sq,128,128,8,download,30,0.011833,0.011492000000000002,0.012434,1.0702273303473337,False,False
2749d31664905c24a21b64a3a74ce59d83e4f5ee9b5495dd2530667804fffa96,59986052,1024,bits-sq,128,128,8,operator,30,1.7353299999999998,1.73457075,1.7358575,0.47307082802694594,False,False
2749d31664905c24a21b64a3a74ce59d83e4f5ee9b5495dd2530667804fffa96,59986052,1024,bits-sq,128,128,8,output_isolated,30,0.010176,0.0099475,0.01072675,4.42246462264151,False,False
2749d31664905c24a21b64a3a74ce59d83e4f5ee9b5495dd2530667804fffa96,59986052,1024,bits-sq,128,128,8,selection_isolated,30,1.2862394999999998,1.285668,1.2872375,0.27053476432655044,False,False
2749d31664905c24a21b64a3a74ce59d83e4f5ee9b5495dd2530667804fffa96,59986052,1024,bits-sq,128,128,8,transform_isolated,30,0.445465,0.4446939999999999,0.4458885,1.0046535642530838,False,False
2749d31664905c24a21b64a3a74ce59d83e4f5ee9b5495dd2530667804fffa96,59986052,1024,bits-sq,128,128,8,upload_shared,1,48.640923,48.640923,48.640923,1.0023756744912098,False,False
2749d31664905c24a21b64a3a74ce59d83e4f5ee9b5495dd2530667804fffa96,59986052,1024,bits-sq,128,128,13,download,30,0.0119935,0.011334750000000001,0.012716499999999999,1.055905282027765,False,False
2749d31664905c24a21b64a3a74ce59d83e4f5ee9b5495dd2530667804fffa96,59986052,1024,bits-sq,128,128,13,operator,30,1.6737015,1.6723265,1.674232,0.49049009037752556,False,False
2749d31664905c24a21b64a3a74ce59d83e4f5ee9b5495dd2530667804fffa96,59986052,1024,bits-sq,128,128,13,output_isolated,30,0.010145000000000001,0.009840000000000002,0.01081675,4.435978314440611,False,False
2749d31664905c24a21b64a3a74ce59d83e4f5ee9b5495dd2530667804fffa96,59986052,1024,bits-sq,128,128,13,selection_isolated,30,1.2246255,1.22400175,1.2249160000000001,0.2841460511805446,False,False
2749d31664905c24a21b64a3a74ce59d83e4f5ee9b5495dd2530667804fffa96,59986052,1024,bits-sq,128,128,13,transform_isolated,30,0.445655,0.44458825,0.446287,1.0042252414984685,False,False
2749d31664905c24a21b64a3a74ce59d83e4f5ee9b5495dd2530667804fffa96,59986052,1024,bits-sq,128,128,13,upload_shared,1,48.749637,48.749637,48.749637,1.0001403292500415,False,False
2749d31664905c24a21b64a3a74ce59d83e4f5ee9b5495dd2530667804fffa96,59986052,1024,bits-sq,128,128,16,download,30,0.011813,0.011411999999999999,0.012536499999999999,1.0720392787606874,False,False
2749d31664905c24a21b64a3a74ce59d83e4f5ee9b5495dd2530667804fffa96,59986052,1024,bits-sq,128,128,16,operator,30,1.610891,1.60961925,1.6122397499999999,0.5096148653136681,False,False
2749d31664905c24a21b64a3a74ce59d83e4f5ee9b5495dd2530667804fffa96,59986052,1024,bits-sq,128,128,16,output_isolated,30,0.0101455,0.009809249999999999,0.010481,4.435759696417131,False,False
2749d31664905c24a21b64a3a74ce59d83e4f5ee9b5495dd2530667804fffa96,59986052,1024,bits-sq,128,128,16,selection_isolated,30,1.162221,1.1614902500000002,1.1626535,0.299403039525185,False,False
2749d31664905c24a21b64a3a74ce59d83e4f5ee9b5495dd2530667804fffa96,59986052,1024,bits-sq,128,128,16,transform_isolated,30,0.445275,0.44465825,0.4463262499999999,1.005082252540565,False,False
2749d31664905c24a21b64a3a74ce59d83e4f5ee9b5495dd2530667804fffa96,59986052,1024,bits-sq,128,128,16,upload_shared,1,48.734023,48.734023,48.734023,1.0004607663931213,False,False
2749d31664905c24a21b64a3a74ce59d83e4f5ee9b5495dd2530667804fffa96,59986052,1024,bits-sq,128,256,4,download,30,0.011848000000000001,0.011187,0.012469000000000001,1.0688723835246454,False,False
2749d31664905c24a21b64a3a74ce59d83e4f5ee9b5495dd2530667804fffa96,59986052,1024,bits-sq,128,256,4,operator,30,1.2962440000000002,1.2951445,1.29712575,0.6333174926942766,False,False
2749d31664905c24a21b64a3a74ce59d83e4f5ee9b5495dd2530667804fffa96,59986052,1024,bits-sq,128,256,4,output_isolated,30,0.010015,0.0096975,0.010506000000000001,4.493559660509236,False,False
2749d31664905c24a21b64a3a74ce59d83e4f5ee9b5495dd2530667804fffa96,59986052,1024,bits-sq,128,256,4,selection_isolated,30,0.8474085,0.84625975,0.84826575,0.4106313542996088,False,False
2749d31664905c24a21b64a3a74ce59d83e4f5ee9b5495dd2530667804fffa96,59986052,1024,bits-sq,128,256,4,transform_isolated,30,0.44572100000000003,0.44485149999999996,0.44626599999999994,1.0040765411546684,False,False
2749d31664905c24a21b64a3a74ce59d83e4f5ee9b5495dd2530667804fffa96,59986052,1024,bits-sq,128,256,4,upload_shared,1,49.210115,49.210115,49.210115,0.9907816309716,False,False
2749d31664905c24a21b64a3a74ce59d83e4f5ee9b5495dd2530667804fffa96,59986052,1024,bits-sq,128,256,7,download,30,0.0117675,0.011042,0.012319,1.0761844062035266,False,False
2749d31664905c24a21b64a3a74ce59d83e4f5ee9b5495dd2530667804fffa96,59986052,1024,bits-sq,128,256,7,operator,30,1.1914954999999998,1.190879,1.19245625,0.6889946290187418,False,False
2749d31664905c24a21b64a3a74ce59d83e4f5ee9b5495dd2530667804fffa96,59986052,1024,bits-sq,128,256,7,output_isolated,30,0.0100255,0.0098025,0.010352499999999999,4.488853423769388,False,False
2749d31664905c24a21b64a3a74ce59d83e4f5ee9b5495dd2530667804fffa96,59986052,1024,bits-sq,128,256,7,selection_isolated,30,0.743031,0.74264,0.7434310000000001,0.46831491552842347,False,False
2749d31664905c24a21b64a3a74ce59d83e4f5ee9b5495dd2530667804fffa96,59986052,1024,bits-sq,128,256,7,transform_isolated,30,0.4455755,0.44438575,0.4467095,1.0044044163110404,False,False
2749d31664905c24a21b64a3a74ce59d83e4f5ee9b5495dd2530667804fffa96,59986052,1024,bits-sq,128,256,7,upload_shared,1,48.648884,48.648884,48.648884,1.0022116437450035,False,False
2749d31664905c24a21b64a3a74ce59d83e4f5ee9b5495dd2530667804fffa96,59986052,1024,bits-sq,128,256,8,download,30,0.0116525,0.011347,0.012504000000000001,1.0868054065651147,False,False
2749d31664905c24a21b64a3a74ce59d83e4f5ee9b5495dd2530667804fffa96,59986052,1024,bits-sq,128,256,8,operator,30,1.166988,1.1661994999999998,1.16866125,0.7034639602121017,False,False
2749d31664905c24a21b64a3a74ce59d83e4f5ee9b5495dd2530667804fffa96,59986052,1024,bits-sq,128,256,8,output_isolated,30,0.009925,0.00961725,0.010307750000000001,4.534307304785894,False,False
2749d31664905c24a21b64a3a74ce59d83e4f5ee9b5495dd2530667804fffa96,59986052,1024,bits-sq,128,256,8,selection_isolated,30,0.718183,0.7175294999999999,0.7185340000000001,0.4845178735781827,False,False
2749d31664905c24a21b64a3a74ce59d83e4f5ee9b5495dd2530667804fffa96,59986052,1024,bits-sq,128,256,8,transform_isolated,30,0.4451095,0.44376725,0.44656175,1.0054559608366032,False,False
2749d31664905c24a21b64a3a74ce59d83e4f5ee9b5495dd2530667804fffa96,59986052,1024,bits-sq,128,256,8,upload_shared,1,48.715796,48.715796,48.715796,1.0008350884793098,False,False
2749d31664905c24a21b64a3a74ce59d83e4f5ee9b5495dd2530667804fffa96,59986052,1024,bits-sq,128,256,13,download,30,0.011542,0.01125925,0.012133749999999999,1.0972101888754116,False,False
2749d31664905c24a21b64a3a74ce59d83e4f5ee9b5495dd2530667804fffa96,59986052,1024,bits-sq,128,256,13,operator,30,1.149297,1.148137,1.1502555,0.7142923021638445,False,False
2749d31664905c24a21b64a3a74ce59d83e4f5ee9b5495dd2530667804fffa96,59986052,1024,bits-sq,128,256,13,output_isolated,30,0.009785,0.00951725,0.0105235,4.599182422074604,False,False
2749d31664905c24a21b64a3a74ce59d83e4f5ee9b5495dd2530667804fffa96,59986052,1024,bits-sq,128,256,13,selection_isolated,30,0.701087,0.70020425,0.7020362499999999,0.4963328374367233,False,False
2749d31664905c24a21b64a3a74ce59d83e4f5ee9b5495dd2530667804fffa96,59986052,1024,bits-sq,128,256,13,transform_isolated,30,0.44560500000000003,0.44449374999999997,0.4462335,1.0043379225996116,False,False
2749d31664905c24a21b64a3a74ce59d83e4f5ee9b5495dd2530667804fffa96,59986052,1024,bits-sq,128,256,13,upload_shared,1,48.685921,48.685921,48.685921,1.001449228001664,False,False
2749d31664905c24a21b64a3a74ce59d83e4f5ee9b5495dd2530667804fffa96,59986052,1024,bits-sq,128,256,16,download,30,0.0113425,0.011147,0.01226625,1.11650870619352,False,False
2749d31664905c24a21b64a3a74ce59d83e4f5ee9b5495dd2530667804fffa96,59986052,1024,bits-sq,128,256,16,operator,30,1.157404,1.1561145,1.158706,0.7092890641470049,False,False
2749d31664905c24a21b64a3a74ce59d83e4f5ee9b5495dd2530667804fffa96,59986052,1024,bits-sq,128,256,16,output_isolated,30,0.00989,0.009572500000000001,0.01022025,4.550353892821032,False,False
2749d31664905c24a21b64a3a74ce59d83e4f5ee9b5495dd2530667804fffa96,59986052,1024,bits-sq,128,256,16,selection_isolated,30,0.708323,0.707712,0.70907425,0.49126246077001595,False,False
2749d31664905c24a21b64a3a74ce59d83e4f5ee9b5495dd2530667804fffa96,59986052,1024,bits-sq,128,256,16,transform_isolated,30,0.445665,0.444759,0.44659425,1.0042027083122973,False,False
2749d31664905c24a21b64a3a74ce59d83e4f5ee9b5495dd2530667804fffa96,59986052,1024,bits-sq,128,256,16,upload_shared,1,48.832222,48.832222,48.832222,0.9984488930280502,False,False
2749d31664905c24a21b64a3a74ce59d83e4f5ee9b5495dd2530667804fffa96,59986052,1024,bits-sq,128,512,4,download,30,0.0116975,0.0112295,0.0120865,1.0826244924129087,True,False
2749d31664905c24a21b64a3a74ce59d83e4f5ee9b5495dd2530667804fffa96,59986052,1024,bits-sq,128,512,4,operator,30,1.076211,1.075349,1.07801375,0.7628002315531063,True,False
2749d31664905c24a21b64a3a74ce59d83e4f5ee9b5495dd2530667804fffa96,59986052,1024,bits-sq,128,512,4,output_isolated,30,0.009649499999999998,0.009486499999999998,0.009952500000000001,4.663764961915126,True,False
2749d31664905c24a21b64a3a74ce59d83e4f5ee9b5495dd2530667804fffa96,59986052,1024,bits-sq,128,512,4,selection_isolated,30,0.6263894999999999,0.62548525,0.62734,0.5555209657888583,True,False
2749d31664905c24a21b64a3a74ce59d83e4f5ee9b5495dd2530667804fffa96,59986052,1024,bits-sq,128,512,4,transform_isolated,30,0.44625099999999995,0.44552274999999997,0.446967,1.0028840271506396,True,False
2749d31664905c24a21b64a3a74ce59d83e4f5ee9b5495dd2530667804fffa96,59986052,1024,bits-sq,128,512,4,upload_shared,1,48.685069999999996,48.685069999999996,48.685069999999996,1.001466733025135,True,False
2749d31664905c24a21b64a3a74ce59d83e4f5ee9b5495dd2530667804fffa96,59986052,1024,bits-sq,128,512,7,download,30,0.0116575,0.01119225,0.0121305,1.086339266566588,False,False
2749d31664905c24a21b64a3a74ce59d83e4f5ee9b5495dd2530667804fffa96,59986052,1024,bits-sq,128,512,7,operator,30,1.222703,1.2216960000000001,1.22367625,0.6714091647767283,False,False
2749d31664905c24a21b64a3a74ce59d83e4f5ee9b5495dd2530667804fffa96,59986052,1024,bits-sq,128,512,7,output_isolated,30,0.00966,0.00952725,0.00997575,4.658695652173913,False,False
2749d31664905c24a21b64a3a74ce59d83e4f5ee9b5495dd2530667804fffa96,59986052,1024,bits-sq,128,512,7,selection_isolated,30,0.7743880000000001,0.7737045,0.77532975,0.44935161701885873,False,False
2749d31664905c24a21b64a3a74ce59d83e4f5ee9b5495dd2530667804fffa96,59986052,1024,bits-sq,128,512,7,transform_isolated,30,0.4447485,0.44402549999999996,0.4455625,1.006272084110458,False,False
2749d31664905c24a21b64a3a74ce59d83e4f5ee9b5495dd2530667804fffa96,59986052,1024,bits-sq,128,512,7,upload_shared,1,48.896679999999996,48.896679999999996,48.896679999999996,0.9971326887633272,False,False
2749d31664905c24a21b64a3a74ce59d83e4f5ee9b5495dd2530667804fffa96,59986052,1024,bits-sq,128,512,8,download,30,0.011758000000000001,0.011212,0.01236375,1.0770539207348186,False,True
2749d31664905c24a21b64a3a74ce59d83e4f5ee9b5495dd2530667804fffa96,59986052,1024,bits-sq,128,512,8,operator,30,1.2182315,1.2170385,1.2192545,0.6738735617983939,False,True
2749d31664905c24a21b64a3a74ce59d83e4f5ee9b5495dd2530667804fffa96,59986052,1024,bits-sq,128,512,8,output_isolated,30,0.009845,0.00953975,0.010125,4.571152869476892,False,True
2749d31664905c24a21b64a3a74ce59d83e4f5ee9b5495dd2530667804fffa96,59986052,1024,bits-sq,128,512,8,selection_isolated,30,0.7685545,0.7675929999999999,0.7695509999999999,0.4527622959725042,False,True
2749d31664905c24a21b64a3a74ce59d83e4f5ee9b5495dd2530667804fffa96,59986052,1024,bits-sq,128,512,8,transform_isolated,30,0.44503,0.4440455,0.445575,1.0056355751297665,False,True
2749d31664905c24a21b64a3a74ce59d83e4f5ee9b5495dd2530667804fffa96,59986052,1024,bits-sq,128,512,8,upload_shared,1,48.697268,48.697268,48.697268,1.0012158792973767,False,True
2749d31664905c24a21b64a3a74ce59d83e4f5ee9b5495dd2530667804fffa96,59986052,1024,bits-sq,128,512,13,download,30,0.011677,0.0111645,0.012159,1.0845251348805345,False,False
2749d31664905c24a21b64a3a74ce59d83e4f5ee9b5495dd2530667804fffa96,59986052,1024,bits-sq,128,512,13,operator,30,1.2151565,1.213609,1.2165405,0.6755788246205324,False,False
2749d31664905c24a21b64a3a74ce59d83e4f5ee9b5495dd2530667804fffa96,59986052,1024,bits-sq,128,512,13,output_isolated,30,0.009825,0.009537249999999999,0.01018275,4.580458015267175,False,False
2749d31664905c24a21b64a3a74ce59d83e4f5ee9b5495dd2530667804fffa96,59986052,1024,bits-sq,128,512,13,selection_isolated,30,0.765871,0.75111075,0.76694175,0.45434870885566897,False,False
2749d31664905c24a21b64a3a74ce59d83e4f5ee9b5495dd2530667804fffa96,59986052,1024,bits-sq,128,512,13,transform_isolated,30,0.44510950000000005,0.44427325,0.44572599999999996,1.005455960836603,False,False
2749d31664905c24a21b64a3a74ce59d83e4f5ee9b5495dd2530667804fffa96,59986052,1024,bits-sq,128,512,13,upload_shared,1,48.766313,48.766313,48.766313,0.999798323896252,False,False
2749d31664905c24a21b64a3a74ce59d83e4f5ee9b5495dd2530667804fffa96,59986052,1024,bits-sq,128,512,16,download,30,0.011442500000000001,0.01109625,0.011823,1.1067511470395455,False,False
2749d31664905c24a21b64a3a74ce59d83e4f5ee9b5495dd2530667804fffa96,59986052,1024,bits-sq,128,512,16,operator,30,1.2760984999999998,1.2707855,1.27697425,0.6433155434317963,False,False
2749d31664905c24a21b64a3a74ce59d83e4f5ee9b5495dd2530667804fffa96,59986052,1024,bits-sq,128,512,16,output_isolated,30,0.009965499999999999,0.0095965,0.010142749999999999,4.515879785259145,False,False
2749d31664905c24a21b64a3a74ce59d83e4f5ee9b5495dd2530667804fffa96,59986052,1024,bits-sq,128,512,16,selection_isolated,30,0.8257015,0.8195769999999999,0.8267677499999999,0.42142650824783534,False,False
2749d31664905c24a21b64a3a74ce59d83e4f5ee9b5495dd2530667804fffa96,59986052,1024,bits-sq,128,512,16,transform_isolated,30,0.44468399999999997,0.44393024999999997,0.44580274999999997,1.0064180406760757,False,False
2749d31664905c24a21b64a3a74ce59d83e4f5ee9b5495dd2530667804fffa96,59986052,1024,bits-sq,128,512,16,upload_shared,1,48.747825,48.747825,48.747825,1.0001775053553672,False,False
2749d31664905c24a21b64a3a74ce59d83e4f5ee9b5495dd2530667804fffa96,59986052,1024,bits-sq,512,128,4,download,30,0.011933,0.011531999999999999,0.01242625,1.061258694376938,False,False
2749d31664905c24a21b64a3a74ce59d83e4f5ee9b5495dd2530667804fffa96,59986052,1024,bits-sq,512,128,4,operator,30,2.2807655000000002,2.279274,2.2829265,0.359937924350399,False,False
2749d31664905c24a21b64a3a74ce59d83e4f5ee9b5495dd2530667804fffa96,59986052,1024,bits-sq,512,128,4,output_isolated,30,0.010666,0.01021775,0.01123675,4.219294955934746,False,False
2749d31664905c24a21b64a3a74ce59d83e4f5ee9b5495dd2530667804fffa96,59986052,1024,bits-sq,512,128,4,selection_isolated,30,1.8294225,1.82787925,1.8315657500000002,0.19020893205369455,False,False
2749d31664905c24a21b64a3a74ce59d83e4f5ee9b5495dd2530667804fffa96,59986052,1024,bits-sq,512,128,4,transform_isolated,30,0.4482295,0.4473455,0.44895,0.9984572635223696,False,False
2749d31664905c24a21b64a3a74ce59d83e4f5ee9b5495dd2530667804fffa96,59986052,1024,bits-sq,512,128,4,upload_shared,1,48.731570000000005,48.731570000000005,48.731570000000005,1.0005111265653865,False,False
2749d31664905c24a21b64a3a74ce59d83e4f5ee9b5495dd2530667804fffa96,59986052,1024,bits-sq,512,128,7,download,30,0.011863,0.011377249999999998,0.012754000000000001,1.0675208631880637,False,False
2749d31664905c24a21b64a3a74ce59d83e4f5ee9b5495dd2530667804fffa96,59986052,1024,bits-sq,512,128,7,operator,30,2.357372,2.3557164999999998,2.36121975,0.34824117703951696,False,False
2749d31664905c24a21b64a3a74ce59d83e4f5ee9b5495dd2530667804fffa96,59986052,1024,bits-sq,512,128,7,output_isolated,30,0.010575999999999999,0.0102075,0.010944500000000001,4.255200453857792,False,False
2749d31664905c24a21b64a3a74ce59d83e4f5ee9b5495dd2530667804fffa96,59986052,1024,bits-sq,512,128,7,selection_isolated,30,1.9068095,1.9041527500000002,1.911454,0.18248938868827747,False,False
2749d31664905c24a21b64a3a74ce59d83e4f5ee9b5495dd2530667804fffa96,59986052,1024,bits-sq,512,128,7,transform_isolated,30,0.446872,0.446161,0.44719549999999997,1.0014903596555613,False,False
2749d31664905c24a21b64a3a74ce59d83e4f5ee9b5495dd2530667804fffa96,59986052,1024,bits-sq,512,128,7,upload_shared,1,48.696406999999994,48.696406999999994,48.696406999999994,1.0012335817712383,False,False
2749d31664905c24a21b64a3a74ce59d83e4f5ee9b5495dd2530667804fffa96,59986052,1024,bits-sq,512,128,8,download,30,0.0123535,0.0113095,0.01298175,1.025134577245315,False,False
2749d31664905c24a21b64a3a74ce59d83e4f5ee9b5495dd2530667804fffa96,59986052,1024,bits-sq,512,128,8,operator,30,2.347277,2.34552675,2.347888,0.3497388676325802,False,False
2749d31664905c24a21b64a3a74ce59d83e4f5ee9b5495dd2530667804fffa96,59986052,1024,bits-sq,512,128,8,output_isolated,30,0.010696999999999998,0.010183250000000001,0.011039249999999999,4.207067402075349,False,False
2749d31664905c24a21b64a3a74ce59d83e4f5ee9b5495dd2530667804fffa96,59986052,1024,bits-sq,512,128,8,selection_isolated,30,1.8949865,1.89391475,1.8964480000000001,0.1836279572440226,False,False
2749d31664905c24a21b64a3a74ce59d83e4f5ee9b5495dd2530667804fffa96,59986052,1024,bits-sq,512,128,8,transform_isolated,30,0.44741800000000004,0.44647624999999996,0.4481115,1.0002682055706296,False,False
2749d31664905c24a21b64a3a74ce59d83e4f5ee9b5495dd2530667804fffa96,59986052,1024,bits-sq,512,128,8,upload_shared,1,48.790589000000004,48.790589000000004,48.790589000000004,0.9993008692721459,False,False
2749d31664905c24a21b64a3a74ce59d83e4f5ee9b5495dd2530667804fffa96,59986052,1024,bits-sq,512,128,13,download,30,0.011977999999999999,0.011670250000000002,0.01357525,1.0572716647186509,False,False
2749d31664905c24a21b64a3a74ce59d83e4f5ee9b5495dd2530667804fffa96,59986052,1024,bits-sq,512,128,13,operator,30,3.236825,3.2341027500000004,3.237896,0.2536232264642049,False,False
2749d31664905c24a21b64a3a74ce59d83e4f5ee9b5495dd2530667804fffa96,59986052,1024,bits-sq,512,128,13,output_isolated,30,0.010740999999999999,0.010199999999999999,0.0113755,4.1898333488502,False,False
2749d31664905c24a21b64a3a74ce59d83e4f5ee9b5495dd2530667804fffa96,59986052,1024,bits-sq,512,128,13,selection_isolated,30,2.785927,2.7849167500000003,2.78755375,0.12490366761225259,False,False
2749d31664905c24a21b64a3a74ce59d83e4f5ee9b5495dd2530667804fffa96,59986052,1024,bits-sq,512,128,13,transform_isolated,30,0.444939,0.44391725000000004,0.446006,1.005841250148897,False,False
2749d31664905c24a21b64a3a74ce59d83e4f5ee9b5495dd2530667804fffa96,59986052,1024,bits-sq,512,128,13,upload_shared,1,48.743117000000005,48.743117000000005,48.743117000000005,1.0002741104964625,False,False
2749d31664905c24a21b64a3a74ce59d83e4f5ee9b5495dd2530667804fffa96,59986052,1024,bits-sq,512,128,16,download,30,0.012334000000000001,0.011789749999999998,0.012879749999999999,1.0267553105237555,False,False
2749d31664905c24a21b64a3a74ce59d83e4f5ee9b5495dd2530667804fffa96,59986052,1024,bits-sq,512,128,16,operator,30,2.934476,2.93090375,2.9367075,0.27975488639198276,False,False
2749d31664905c24a21b64a3a74ce59d83e4f5ee9b5495dd2530667804fffa96,59986052,1024,bits-sq,512,128,16,output_isolated,30,0.010606,0.01013825,0.011186749999999999,4.243164246652838,False,False
2749d31664905c24a21b64a3a74ce59d83e4f5ee9b5495dd2530667804fffa96,59986052,1024,bits-sq,512,128,16,selection_isolated,30,2.4855905,2.483853,2.4893045,0.13999590841693355,False,False
2749d31664905c24a21b64a3a74ce59d83e4f5ee9b5495dd2530667804fffa96,59986052,1024,bits-sq,512,128,16,transform_isolated,30,0.44490949999999996,0.4446065,0.4462585,1.0059079430760638,False,False
2749d31664905c24a21b64a3a74ce59d83e4f5ee9b5495dd2530667804fffa96,59986052,1024,bits-sq,512,128,16,upload_shared,1,48.646491,48.646491,48.646491,1.002260944165531,False,False
2749d31664905c24a21b64a3a74ce59d83e4f5ee9b5495dd2530667804fffa96,59986052,1024,bits-sq,512,256,4,download,30,0.011838,0.01149725,0.012050500000000002,1.069775299881737,False,False
2749d31664905c24a21b64a3a74ce59d83e4f5ee9b5495dd2530667804fffa96,59986052,1024,bits-sq,512,256,4,operator,30,2.0569619999999995,2.0545175,2.058589,0.39910022645046445,False,False
2749d31664905c24a21b64a3a74ce59d83e4f5ee9b5495dd2530667804fffa96,59986052,1024,bits-sq,512,256,4,output_isolated,30,0.0104555,0.009885,0.010703499999999998,4.304241786619483,False,False
2749d31664905c24a21b64a3a74ce59d83e4f5ee9b5495dd2530667804fffa96,59986052,1024,bits-sq,512,256,4,selection_isolated,30,1.607055,1.6051525,1.6102647500000002,0.21652805908945247,False,False
2749d31664905c24a21b64a3a74ce59d83e4f5ee9b5495dd2530667804fffa96,59986052,1024,bits-sq,512,256,4,transform_isolated,30,0.44473399999999996,0.44432549999999993,0.44569000000000003,1.0063048923626259,False,False
2749d31664905c24a21b64a3a74ce59d83e4f5ee9b5495dd2530667804fffa96,59986052,1024,bits-sq,512,256,4,upload_shared,1,48.871782,48.871782,48.871782,0.9976406835339051,False,False
2749d31664905c24a21b64a3a74ce59d83e4f5ee9b5495dd2530667804fffa96,59986052,1024,bits-sq,512,256,7,download,30,0.012113,0.0113595,0.0130525,1.0454883183356725,False,False
2749d31664905c24a21b64a3a74ce59d83e4f5ee9b5495dd2530667804fffa96,59986052,1024,bits-sq,512,256,7,operator,30,1.8845655,1.883088,1.88589275,0.43560916296090535,False,False
2749d31664905c24a21b64a3a74ce59d83e4f5ee9b5495dd2530667804fffa96,59986052,1024,bits-sq,512,256,7,output_isolated,30,0.010315999999999999,0.009859999999999999,0.010618500000000001,4.362446684761536,False,False
2749d31664905c24a21b64a3a74ce59d83e4f5ee9b5495dd2530667804fffa96,59986052,1024,bits-sq,512,256,7,selection_isolated,30,1.435385,1.4347634999999999,1.4365545,0.2424245063171205,False,False
2749d31664905c24a21b64a3a74ce59d83e4f5ee9b5495dd2530667804fffa96,59986052,1024,bits-sq,512,256,7,transform_isolated,30,0.4453295,0.44442375,0.44633925,1.004959249274975,False,False
2749d31664905c24a21b64a3a74ce59d83e4f5ee9b5495dd2530667804fffa96,59986052,1024,bits-sq,512,256,7,upload_shared,1,48.70576,48.70576,48.70576,1.0010413142100647,False,False
2749d31664905c24a21b64a3a74ce59d83e4f5ee9b5495dd2530667804fffa96,59986052,1024,bits-sq,512,256,8,download,30,0.011858,0.011526999999999999,0.01276725,1.067970990048912,False,False
2749d31664905c24a21b64a3a74ce59d83e4f5ee9b5495dd2530667804fffa96,59986052,1024,bits-sq,512,256,8,operator,30,1.8779955,1.87676075,1.88056225,0.43713310282159895,False,False
2749d31664905c24a21b64a3a74ce59d83e4f5ee9b5495dd2530667804fffa96,59986052,1024,bits-sq,512,256,8,output_isolated,30,0.0101755,0.009792499999999999,0.010481,4.422681932091789,False,False
2749d31664905c24a21b64a3a74ce59d83e4f5ee9b5495dd2530667804fffa96,59986052,1024,bits-sq,512,256,8,selection_isolated,30,1.430202,1.4285424999999998,1.43139125,0.24330304390568608,False,False
2749d31664905c24a21b64a3a74ce59d83e4f5ee9b5495dd2530667804fffa96,59986052,1024,bits-sq,512,256,8,transform_isolated,30,0.4458555,0.4452725,0.4466795,1.0037736441515244,False,False
2749d31664905c24a21b64a3a74ce59d83e4f5ee9b5495dd2530667804fffa96,59986052,1024,bits-sq,512,256,8,upload_shared,1,48.564056,48.564056,48.564056,1.0039622308317906,False,False
2749d31664905c24a21b64a3a74ce59d83e4f5ee9b5495dd2530667804fffa96,59986052,1024,bits-sq,512,256,13,download,30,0.012088000000000002,0.01138275,0.01302175,1.0476505625413632,False,False
2749d31664905c24a21b64a3a74ce59d83e4f5ee9b5495dd2530667804fffa96,59986052,1024,bits-sq,512,256,13,operator,30,2.0483295,2.0464262499999997,2.0502892499999996,0.40078219837189283,False,False
2749d31664905c24a21b64a3a74ce59d83e4f5ee9b5495dd2530667804fffa96,59986052,1024,bits-sq,512,256,13,output_isolated,30,0.010471,0.01015775,0.01078925,4.2978703084710155,False,False
2749d31664905c24a21b64a3a74ce59d83e4f5ee9b5495dd2530667804fffa96,59986052,1024,bits-sq,512,256,13,selection_isolated,30,1.5998744999999999,1.59932575,1.6010857500000002,0.21749987264626072,False,False
2749d31664905c24a21b64a3a74ce59d83e4f5ee9b5495dd2530667804fffa96,59986052,1024,bits-sq,512,256,13,transform_isolated,30,0.44534999999999997,0.4447165,0.44589275,1.0049129897833164,False,False
2749d31664905c24a21b64a3a74ce59d83e4f5ee9b5495dd2530667804fffa96,59986052,1024,bits-sq,512,256,13,upload_shared,1,48.664016999999994,48.664016999999994,48.664016999999994,1.001899987006827,False,False
2749d31664905c24a21b64a3a74ce59d83e4f5ee9b5495dd2530667804fffa96,59986052,1024,bits-sq,512,256,16,download,30,0.012303499999999998,0.01184025,0.012949,1.029300605518755,False,False
2749d31664905c24a21b64a3a74ce59d83e4f5ee9b5495dd2530667804fffa96,59986052,1024,bits-sq,512,256,16,operator,30,2.0759305,2.0742105,2.0782495,0.3954535086796018,False,False
2749d31664905c24a21b64a3a74ce59d83e4f5ee9b5495dd2530667804fffa96,59986052,1024,bits-sq,512,256,16,output_isolated,30,0.010501,0.00998,0.010756,4.285591848395391,False,False
2749d31664905c24a21b64a3a74ce59d83e4f5ee9b5495dd2530667804fffa96,59986052,1024,bits-sq,512,256,16,selection_isolated,30,1.6265395,1.6250205,1.6285755,0.2139342450644451,False,False
2749d31664905c24a21b64a3a74ce59d83e4f5ee9b5495dd2530667804fffa96,59986052,1024,bits-sq,512,256,16,transform_isolated,30,0.44534450000000003,0.4440305,0.44632349999999993,1.0049254004484167,False,False
2749d31664905c24a21b64a3a74ce59d83e4f5ee9b5495dd2530667804fffa96,59986052,1024,bits-sq,512,256,16,upload_shared,1,48.809749,48.809749,48.809749,0.9989085991816923,False,False
2749d31664905c24a21b64a3a74ce59d83e4f5ee9b5495dd2530667804fffa96,59986052,1024,bits-sq,512,512,4,download,30,0.011938,0.011289500000000001,0.01235075,1.0608142067347963,False,False
2749d31664905c24a21b64a3a74ce59d83e4f5ee9b5495dd2530667804fffa96,59986052,1024,bits-sq,512,512,4,operator,30,1.598102,1.5960432500000001,1.599779,0.5136931184617753,False,False
2749d31664905c24a21b64a3a74ce59d83e4f5ee9b5495dd2530667804fffa96,59986052,1024,bits-sq,512,512,4,output_isolated,30,0.009940500000000001,0.00967,0.0105335,4.527237060510034,False,False
2749d31664905c24a21b64a3a74ce59d83e4f5ee9b5495dd2530667804fffa96,59986052,1024,bits-sq,512,512,4,selection_isolated,30,1.147664,1.14600875,1.14833,0.30320067545901935,False,False
2749d31664905c24a21b64a3a74ce59d83e4f5ee9b5495dd2530667804fffa96,59986052,1024,bits-sq,512,512,4,transform_isolated,30,0.445219,0.4443205,0.44581275,1.0052086725858511,False,False
2749d31664905c24a21b64a3a74ce59d83e4f5ee9b5495dd2530667804fffa96,59986052,1024,bits-sq,512,512,4,upload_shared,1,48.810269000000005,48.810269000000005,48.810269000000005,0.9988979573130399,False,False
2749d31664905c24a21b64a3a74ce59d83e4f5ee9b5495dd2530667804fffa96,59986052,1024,bits-sq,512,512,7,download,30,0.011893500000000001,0.01137225,0.012526500000000001,1.0647832849875982,False,False
2749d31664905c24a21b64a3a74ce59d83e4f5ee9b5495dd2530667804fffa96,59986052,1024,bits-sq,512,512,7,operator,30,1.7664665,1.76549325,1.7676965,0.4647322776854246,False,False
2749d31664905c24a21b64a3a74ce59d83e4f5ee9b5495dd2530667804fffa96,59986052,1024,bits-sq,512,512,7,output_isolated,30,0.010170499999999999,0.0099425,0.010703499999999998,4.424856201759993,False,False
2749d31664905c24a21b64a3a74ce59d83e4f5ee9b5495dd2530667804fffa96,59986052,1024,bits-sq,512,512,7,selection_isolated,30,1.317942,1.3172035,1.31864025,0.2640271726676895,False,False
2749d31664905c24a21b64a3a74ce59d83e4f5ee9b5495dd2530667804fffa96,59986052,1024,bits-sq,512,512,7,transform_isolated,30,0.44464899999999996,0.44416575,0.44579099999999994,1.0064972596362525,False,False
2749d31664905c24a21b64a3a74ce59d83e4f5ee9b5495dd2530667804fffa96,59986052,1024,bits-sq,512,512,7,upload_shared,1,48.785481999999995,48.785481999999995,48.785481999999995,0.9994054788676682,False,False
2749d31664905c24a21b64a3a74ce59d83e4f5ee9b5495dd2530667804fffa96,59986052,1024,bits-sq,512,512,8,download,30,0.011808,0.010761250000000002,0.012193,1.0724932249322492,False,False
2749d31664905c24a21b64a3a74ce59d83e4f5ee9b5495dd2530667804fffa96,59986052,1024,bits-sq,512,512,8,operator,30,1.779561,1.77760575,1.78048725,0.4613126495804303,False,False
2749d31664905c24a21b64a3a74ce59d83e4f5ee9b5495dd2530667804fffa96,59986052,1024,bits-sq,512,512,8,output_isolated,30,0.010095,0.009792499999999999,0.0106985,4.457949479940565,False,False
2749d31664905c24a21b64a3a74ce59d83e4f5ee9b5495dd2530667804fffa96,59986052,1024,bits-sq,512,512,8,selection_isolated,30,1.3300305,1.32954675,1.3315270000000001,0.2616274589191752,False,False
2749d31664905c24a21b64a3a74ce59d83e4f5ee9b5495dd2530667804fffa96,59986052,1024,bits-sq,512,512,8,transform_isolated,30,0.44520000000000004,0.44394225,0.44583825,1.0052515723270439,False,False
2749d31664905c24a21b64a3a74ce59d83e4f5ee9b5495dd2530667804fffa96,59986052,1024,bits-sq,512,512,8,upload_shared,1,48.620301,48.620301,48.620301,1.0028008259348293,False,False
2749d31664905c24a21b64a3a74ce59d83e4f5ee9b5495dd2530667804fffa96,59986052,1024,bits-sq,512,512,13,download,30,0.011862999999999999,0.011209499999999999,0.012792250000000002,1.067520863188064,False,False
2749d31664905c24a21b64a3a74ce59d83e4f5ee9b5495dd2530667804fffa96,59986052,1024,bits-sq,512,512,13,operator,30,1.7997825,1.79854525,1.8005462500000002,0.4561295600996232,False,False
2749d31664905c24a21b64a3a74ce59d83e4f5ee9b5495dd2530667804fffa96,59986052,1024,bits-sq,512,512,13,output_isolated,30,0.010206,0.00985725,0.010621750000000001,4.409465020576132,False,False
2749d31664905c24a21b64a3a74ce59d83e4f5ee9b5495dd2530667804fffa96,59986052,1024,bits-sq,512,512,13,selection_isolated,30,1.3507215000000001,1.3494775,1.351563,0.2576197239771485,False,False
2749d31664905c24a21b64a3a74ce59d83e4f5ee9b5495dd2530667804fffa96,59986052,1024,bits-sq,512,512,13,transform_isolated,30,0.44513499999999995,0.44431824999999997,0.4456675,1.0053983622945848,False,False
2749d31664905c24a21b64a3a74ce59d83e4f5ee9b5495dd2530667804fffa96,59986052,1024,bits-sq,512,512,13,upload_shared,1,48.652189,48.652189,48.652189,1.002143562337966,False,False
2749d31664905c24a21b64a3a74ce59d83e4f5ee9b5495dd2530667804fffa96,59986052,1024,bits-sq,512,512,16,download,30,0.0117225,0.0112545,0.012746500000000001,1.0803156323309875,False,False
2749d31664905c24a21b64a3a74ce59d83e4f5ee9b5495dd2530667804fffa96,59986052,1024,bits-sq,512,512,16,operator,30,1.9490685,1.9479845000000002,1.95122425,0.42119299552581146,False,False
2749d31664905c24a21b64a3a74ce59d83e4f5ee9b5495dd2530667804fffa96,59986052,1024,bits-sq,512,512,16,output_isolated,30,0.010436,0.0100225,0.0108385,4.312284400153315,False,False
2749d31664905c24a21b64a3a74ce59d83e4f5ee9b5495dd2530667804fffa96,59986052,1024,bits-sq,512,512,16,selection_isolated,30,1.4997225,1.4984575000000002,1.5005765,0.23202459121604163,False,False
2749d31664905c24a21b64a3a74ce59d83e4f5ee9b5495dd2530667804fffa96,59986052,1024,bits-sq,512,512,16,transform_isolated,30,0.44521449999999996,0.44366725,0.44609825,1.0052188327199587,False,False
2749d31664905c24a21b64a3a74ce59d83e4f5ee9b5495dd2530667804fffa96,59986052,1024,bits-sq,512,512,16,upload_shared,1,48.760434,48.760434,48.760434,0.9999188686466574,False,False
2749d31664905c24a21b64a3a74ce59d83e4f5ee9b5495dd2530667804fffa96,59986052,1024,block-select,1,128,8,download,30,0.027687499999999997,0.0255335,0.030255749999999998,0.45739051918735896,False,False
2749d31664905c24a21b64a3a74ce59d83e4f5ee9b5495dd2530667804fffa96,59986052,1024,block-select,1,128,8,operator,30,247.472829,246.99410125,248.10128875,0.0033172692263521183,False,False
2749d31664905c24a21b64a3a74ce59d83e4f5ee9b5495dd2530667804fffa96,59986052,1024,block-select,1,128,8,output_isolated,30,0.0254135,0.023948500000000005,0.032468750000000005,1.7708304641233992,False,False
2749d31664905c24a21b64a3a74ce59d83e4f5ee9b5495dd2530667804fffa96,59986052,1024,block-select,1,128,8,selection_isolated,30,246.85726649999998,245.84625749999998,247.75158575,0.0014096101157305817,False,False
2749d31664905c24a21b64a3a74ce59d83e4f5ee9b5495dd2530667804fffa96,59986052,1024,block-select,1,128,8,transform_isolated,30,0.4468475,0.44580025,0.44753300000000007,1.0015452699187082,False,False
2749d31664905c24a21b64a3a74ce59d83e4f5ee9b5495dd2530667804fffa96,59986052,1024,block-select,1,128,8,upload_shared,1,48.756478,48.756478,48.756478,1.0,False,False
2749d31664905c24a21b64a3a74ce59d83e4f5ee9b5495dd2530667804fffa96,59986052,1024,grid-select,1,0,0,download,30,0.012499,0.012058000000000001,0.013433249999999999,1.0132010560844869,True,True
2749d31664905c24a21b64a3a74ce59d83e4f5ee9b5495dd2530667804fffa96,59986052,1024,grid-select,1,0,0,operator,30,2.3696205,2.3664407499999998,2.3727535,0.346441128442297,True,True
2749d31664905c24a21b64a3a74ce59d83e4f5ee9b5495dd2530667804fffa96,59986052,1024,grid-select,1,0,0,output_isolated,30,0.010565999999999999,0.0101675,0.01095375,4.259227711527542,True,True
2749d31664905c24a21b64a3a74ce59d83e4f5ee9b5495dd2530667804fffa96,59986052,1024,grid-select,1,0,0,selection_isolated,30,1.92372,1.9216495,1.9271250000000002,0.18088521198511218,True,True
2749d31664905c24a21b64a3a74ce59d83e4f5ee9b5495dd2530667804fffa96,59986052,1024,grid-select,1,0,0,transform_isolated,30,0.4449645,0.44410025,0.44591525,1.0057836074563251,True,True
2749d31664905c24a21b64a3a74ce59d83e4f5ee9b5495dd2530667804fffa96,59986052,1024,grid-select,1,0,0,upload_shared,1,48.756478,48.756478,48.756478,1.0,True,True
