dataset_id,rows,k,backend,degree,block_size,items_per_thread,phase,samples,median_ms,p25_ms,p75_ms,speedup_vs_air,paper_selected,paper_global_selected
3fb8ea1c5cea68ee8159f3d984c6b8c2e2f70bb5e3ede1cd79af7121a0225a38,600572,32,air-topk,1,512,0,download,30,0.007997,0.007922,0.008137,1.0,True,True
3fb8ea1c5cea68ee8159f3d984c6b8c2e2f70bb5e3ede1cd79af7121a0225a38,600572,32,air-topk,1,512,0,operator,30,0.058879,0.0584905,0.05979575,1.0,True,True
3fb8ea1c5cea68ee8159f3d984c6b8c2e2f70bb5e3ede1cd79af7121a0225a38,600572,32,air-topk,1,512,0,output_isolated,30,0.012349,0.0122815,0.0125315,1.0,True,True
3fb8ea1c5cea68ee8159f3d984c6b8c2e2f70bb5e3ede1cd79af7121a0225a38,600572,32,air-topk,1,512,0,selection_isolated,30,0.043065,0.0428925,0.04342025,1.0,True,True
3fb8ea1c5cea68ee8159f3d984c6b8c2e2f70bb5e3ede1cd79af7121a0225a38,600572,32,air-topk,1,512,0,transform_isolated,30,0.009534,0.00944975,0.00962925,1.0,True,True
3fb8ea1c5cea68ee8159f3d984c6b8c2e2f70bb5e3ede1cd79af7121a0225a38,600572,32,air-topk,1,512,0,upload_shared,1,0.710827,0.710827,0.710827,1.0,True,True
3fb8ea1c5cea68ee8159f3d984c6b8c2e2f70bb5e3ede1cd79af7121a0225a38,600572,32,bits-prefetch,1,128,4,download,30,0.008108,0.007966999999999998,0.0085855,0.9863098174642329,False,False
3fb8ea1c5cea68ee8159f3d984c6b8c2e2f70bb5e3ede1cd79af7121a0225a38,600572,32,bits-prefetch,1,128,4,operator,30,0.742856,0.7419067500000001,0.7437945000000001,0.0792603142466373,False,False
3fb8ea1c5cea68ee8159f3d984c6b8c2e2f70bb5e3ede1cd79af7121a0225a38,600572,32,bits-prefetch,1,128,4,output_isolated,30,0.007956999999999999,0.00774875,0.008259500000000001,1.5519668216664575,False,False
3fb8ea1c5cea68ee8159f3d984c6b8c2e2f70bb5e3ede1cd79af7121a0225a38,600572,32,bits-prefetch,1,128,4,selection_isolated,30,0.7313935,0.7309897500000001,0.73199,0.05888075297360449,False,False
3fb8ea1c5cea68ee8159f3d984c6b8c2e2f70bb5e3ede1cd79af7121a0225a38,600572,32,bits-prefetch,1,128,4,transform_isolated,30,0.009499500000000001,0.009426499999999999,0.00955925,1.0036317700931627,False,False
3fb8ea1c5cea68ee8159f3d984c6b8c2e2f70bb5e3ede1cd79af7121a0225a38,600572,32,bits-prefetch,1,128,4,upload_shared,1,0.6954440000000001,0.6954440000000001,0.6954440000000001,1.0221196818147829,False,False
3fb8ea1c5cea68ee8159f3d984c6b8c2e2f70bb5e3ede1cd79af7121a0225a38,600572,32,bits-prefetch,1,128,7,download,30,0.008142,0.00798775,0.008708,0.9821911078359127,False,False
3fb8ea1c5cea68ee8159f3d984c6b8c2e2f70bb5e3ede1cd79af7121a0225a38,600572,32,bits-prefetch,1,128,7,operator,30,0.48153,0.48078375,0.48233075,0.12227483230536,False,False
3fb8ea1c5cea68ee8159f3d984c6b8c2e2f70bb5e3ede1cd79af7121a0225a38,600572,32,bits-prefetch,1,128,7,output_isolated,30,0.007967,0.007697,0.008101999999999998,1.5500188276641145,False,False
3fb8ea1c5cea68ee8159f3d984c6b8c2e2f70bb5e3ede1cd79af7121a0225a38,600572,32,bits-prefetch,1,128,7,selection_isolated,30,0.470453,0.4700645,0.471109,0.091539431144025,False,False
3fb8ea1c5cea68ee8159f3d984c6b8c2e2f70bb5e3ede1cd79af7121a0225a38,600572,32,bits-prefetch,1,128,7,transform_isolated,30,0.009569500000000002,0.0094115,0.0097025,0.9962902972987093,False,False
3fb8ea1c5cea68ee8159f3d984c6b8c2e2f70bb5e3ede1cd79af7121a0225a38,600572,32,bits-prefetch,1,128,7,upload_shared,1,0.6991989999999999,0.6991989999999999,0.6991989999999999,1.0166304585675896,False,False
3fb8ea1c5cea68ee8159f3d984c6b8c2e2f70bb5e3ede1cd79af7121a0225a38,600572,32,bits-prefetch,1,128,8,download,30,0.007972,0.0078745,0.00873625,1.003135975915705,False,False
3fb8ea1c5cea68ee8159f3d984c6b8c2e2f70bb5e3ede1cd79af7121a0225a38,600572,32,bits-prefetch,1,128,8,operator,30,0.449576,0.44893,0.4502045,0.13096562094061961,False,False
3fb8ea1c5cea68ee8159f3d984c6b8c2e2f70bb5e3ede1cd79af7121a0225a38,600572,32,bits-prefetch,1,128,8,output_isolated,30,0.007857,0.007654250000000001,0.008207,1.571719485808833,False,False
3fb8ea1c5cea68ee8159f3d984c6b8c2e2f70bb5e3ede1cd79af7121a0225a38,600572,32,bits-prefetch,1,128,8,selection_isolated,30,0.43816900000000003,0.4377705,0.439005,0.09828399544468001,False,False
3fb8ea1c5cea68ee8159f3d984c6b8c2e2f70bb5e3ede1cd79af7121a0225a38,600572,32,bits-prefetch,1,128,8,transform_isolated,30,0.009544500000000001,0.00942925,0.009612250000000001,0.9988998899889989,False,False
3fb8ea1c5cea68ee8159f3d984c6b8c2e2f70bb5e3ede1cd79af7121a0225a38,600572,32,bits-prefetch,1,128,8,upload_shared,1,0.703786,0.703786,0.703786,1.0100044615834927,False,False
3fb8ea1c5cea68ee8159f3d984c6b8c2e2f70bb5e3ede1cd79af7121a0225a38,600572,32,bits-prefetch,1,128,13,download,30,0.008067000000000001,0.007922,0.008399750000000001,0.9913226726168339,False,False
3fb8ea1c5cea68ee8159f3d984c6b8c2e2f70bb5e3ede1cd79af7121a0225a38,600572,32,bits-prefetch,1,128,13,operator,30,0.39083749999999995,0.3904145,0.39155625000000005,0.15064828733169158,False,False
3fb8ea1c5cea68ee8159f3d984c6b8c2e2f70bb5e3ede1cd79af7121a0225a38,600572,32,bits-prefetch,1,128,13,output_isolated,30,0.0077870000000000005,0.00759625,0.008086999999999999,1.5858482085527161,False,False
3fb8ea1c5cea68ee8159f3d984c6b8c2e2f70bb5e3ede1cd79af7121a0225a38,600572,32,bits-prefetch,1,128,13,selection_isolated,30,0.37969549999999996,0.379395,0.380276,0.11341983247101955,False,False
3fb8ea1c5cea68ee8159f3d984c6b8c2e2f70bb5e3ede1cd79af7121a0225a38,600572,32,bits-prefetch,1,128,13,transform_isolated,30,0.0095095,0.0094065,0.0096275,1.0025763709974236,False,False
3fb8ea1c5cea68ee8159f3d984c6b8c2e2f70bb5e3ede1cd79af7121a0225a38,600572,32,bits-prefetch,1,128,13,upload_shared,1,0.7005009999999999,0.7005009999999999,0.7005009999999999,1.014740878314235,False,False
3fb8ea1c5cea68ee8159f3d984c6b8c2e2f70bb5e3ede1cd79af7121a0225a38,600572,32,bits-prefetch,1,128,16,download,30,0.0080175,0.007902,0.008550499999999999,0.9974430932335516,False,False
3fb8ea1c5cea68ee8159f3d984c6b8c2e2f70bb5e3ede1cd79af7121a0225a38,600572,32,bits-prefetch,1,128,16,operator,30,0.3575215,0.35693600000000003,0.35791475,0.16468659926745666,False,False
3fb8ea1c5cea68ee8159f3d984c6b8c2e2f70bb5e3ede1cd79af7121a0225a38,600572,32,bits-prefetch,1,128,16,output_isolated,30,0.007807,0.007646750000000001,0.0080895,1.5817855770462408,False,False
3fb8ea1c5cea68ee8159f3d984c6b8c2e2f70bb5e3ede1cd79af7121a0225a38,600572,32,bits-prefetch,1,128,16,selection_isolated,30,0.345939,0.34557574999999996,0.3465125,0.1244872650958695,False,False
3fb8ea1c5cea68ee8159f3d984c6b8c2e2f70bb5e3ede1cd79af7121a0225a38,600572,32,bits-prefetch,1,128,16,transform_isolated,30,0.009489,0.00937675,0.0096425,1.0047423332279484,False,False
3fb8ea1c5cea68ee8159f3d984c6b8c2e2f70bb5e3ede1cd79af7121a0225a38,600572,32,bits-prefetch,1,128,16,upload_shared,1,0.700221,0.700221,0.700221,1.0151466465587293,False,False
3fb8ea1c5cea68ee8159f3d984c6b8c2e2f70bb5e3ede1cd79af7121a0225a38,600572,32,bits-prefetch,1,256,4,download,30,0.008067,0.007844499999999999,0.008775500000000002,0.9913226726168342,False,False
3fb8ea1c5cea68ee8159f3d984c6b8c2e2f70bb5e3ede1cd79af7121a0225a38,600572,32,bits-prefetch,1,256,4,operator,30,0.424864,0.423717,0.4252565,0.1385831701438578,False,False
3fb8ea1c5cea68ee8159f3d984c6b8c2e2f70bb5e3ede1cd79af7121a0225a38,600572,32,bits-prefetch,1,256,4,output_isolated,30,0.007806499999999999,0.0076820000000000005,0.008084500000000001,1.5818868891308526,False,False
3fb8ea1c5cea68ee8159f3d984c6b8c2e2f70bb5e3ede1cd79af7121a0225a38,600572,32,bits-prefetch,1,256,4,selection_isolated,30,0.41380249999999996,0.412926,0.41404199999999997,0.10407138671226009,False,False
3fb8ea1c5cea68ee8159f3d984c6b8c2e2f70bb5e3ede1cd79af7121a0225a38,600572,32,bits-prefetch,1,256,4,transform_isolated,30,0.009519,0.00942725,0.0096415,1.0015757957768674,False,False
3fb8ea1c5cea68ee8159f3d984c6b8c2e2f70bb5e3ede1cd79af7121a0225a38,600572,32,bits-prefetch,1,256,4,upload_shared,1,0.700422,0.700422,0.700422,1.014855330072442,False,False
3fb8ea1c5cea68ee8159f3d984c6b8c2e2f70bb5e3ede1cd79af7121a0225a38,600572,32,bits-prefetch,1,256,7,download,30,0.008036999999999999,0.007951999999999999,0.00827725,0.9950230185392561,False,False
3fb8ea1c5cea68ee8159f3d984c6b8c2e2f70bb5e3ede1cd79af7121a0225a38,600572,32,bits-prefetch,1,256,7,operator,30,0.292413,0.29193975,0.292859,0.20135561688433826,False,False
3fb8ea1c5cea68ee8159f3d984c6b8c2e2f70bb5e3ede1cd79af7121a0225a38,600572,32,bits-prefetch,1,256,7,output_isolated,30,0.007667,0.00758425,0.008002750000000001,1.6106691013434198,False,False
3fb8ea1c5cea68ee8159f3d984c6b8c2e2f70bb5e3ede1cd79af7121a0225a38,600572,32,bits-prefetch,1,256,7,selection_isolated,30,0.2811015,0.28072349999999996,0.2817945,0.15320089006995694,False,False
3fb8ea1c5cea68ee8159f3d984c6b8c2e2f70bb5e3ede1cd79af7121a0225a38,600572,32,bits-prefetch,1,256,7,transform_isolated,30,0.009453999999999999,0.009381500000000001,0.0095425,1.008462026655384,False,False
3fb8ea1c5cea68ee8159f3d984c6b8c2e2f70bb5e3ede1cd79af7121a0225a38,600572,32,bits-prefetch,1,256,7,upload_shared,1,0.699299,0.699299,0.699299,1.0164850800587446,False,False
3fb8ea1c5cea68ee8159f3d984c6b8c2e2f70bb5e3ede1cd79af7121a0225a38,600572,32,bits-prefetch,1,256,8,download,30,0.0080575,0.007954499999999998,0.008600499999999999,0.9924914675767919,False,False
3fb8ea1c5cea68ee8159f3d984c6b8c2e2f70bb5e3ede1cd79af7121a0225a38,600572,32,bits-prefetch,1,256,8,operator,30,0.269994,0.26962549999999996,0.27048975000000003,0.21807521648629227,False,False
3fb8ea1c5cea68ee8159f3d984c6b8c2e2f70bb5e3ede1cd79af7121a0225a38,600572,32,bits-prefetch,1,256,8,output_isolated,30,0.007776999999999999,0.00760625,0.00805775,1.5878873601645882,False,False
3fb8ea1c5cea68ee8159f3d984c6b8c2e2f70bb5e3ede1cd79af7121a0225a38,600572,32,bits-prefetch,1,256,8,selection_isolated,30,0.2589325,0.25841125000000004,0.259583,0.16631747656242457,False,False
3fb8ea1c5cea68ee8159f3d984c6b8c2e2f70bb5e3ede1cd79af7121a0225a38,600572,32,bits-prefetch,1,256,8,transform_isolated,30,0.009514499999999999,0.0094565,0.00958475,1.0020495033895636,False,False
3fb8ea1c5cea68ee8159f3d984c6b8c2e2f70bb5e3ede1cd79af7121a0225a38,600572,32,bits-prefetch,1,256,8,upload_shared,1,0.698067,0.698067,0.698067,1.0182790477131851,False,False
3fb8ea1c5cea68ee8159f3d984c6b8c2e2f70bb5e3ede1cd79af7121a0225a38,600572,32,bits-prefetch,1,256,13,download,30,0.008053000000000001,0.007882,0.008402,0.9930460697876567,False,False
3fb8ea1c5cea68ee8159f3d984c6b8c2e2f70bb5e3ede1cd79af7121a0225a38,600572,32,bits-prefetch,1,256,13,operator,30,0.238582,0.23792525,0.23883949999999998,0.2467872681090778,False,False
3fb8ea1c5cea68ee8159f3d984c6b8c2e2f70bb5e3ede1cd79af7121a0225a38,600572,32,bits-prefetch,1,256,13,output_isolated,30,0.007621,0.0075734999999999995,0.0078145,1.6203910247998952,False,False
3fb8ea1c5cea68ee8159f3d984c6b8c2e2f70bb5e3ede1cd79af7121a0225a38,600572,32,bits-prefetch,1,256,13,selection_isolated,30,0.22683399999999998,0.226613,0.22732475,0.1898524912491073,False,False
3fb8ea1c5cea68ee8159f3d984c6b8c2e2f70bb5e3ede1cd79af7121a0225a38,600572,32,bits-prefetch,1,256,13,transform_isolated,30,0.0094995,0.009448999999999999,0.0096925,1.003631770093163,False,False
3fb8ea1c5cea68ee8159f3d984c6b8c2e2f70bb5e3ede1cd79af7121a0225a38,600572,32,bits-prefetch,1,256,13,upload_shared,1,0.697857,0.697857,0.697857,1.018585469515961,False,False
3fb8ea1c5cea68ee8159f3d984c6b8c2e2f70bb5e3ede1cd79af7121a0225a38,600572,32,bits-prefetch,1,256,16,download,30,0.008002,0.007932,0.0081405,0.9993751562109473,False,False
3fb8ea1c5cea68ee8159f3d984c6b8c2e2f70bb5e3ede1cd79af7121a0225a38,600572,32,bits-prefetch,1,256,16,operator,30,0.23289749999999998,0.23256775000000002,0.23327050000000002,0.25281078586073275,False,False
3fb8ea1c5cea68ee8159f3d984c6b8c2e2f70bb5e3ede1cd79af7121a0225a38,600572,32,bits-prefetch,1,256,16,output_isolated,30,0.0078119999999999995,0.00756125,0.0079595,1.580773169482847,False,False
3fb8ea1c5cea68ee8159f3d984c6b8c2e2f70bb5e3ede1cd79af7121a0225a38,600572,32,bits-prefetch,1,256,16,selection_isolated,30,0.22202699999999997,0.22174100000000002,0.22220425,0.19396289640449135,False,False
3fb8ea1c5cea68ee8159f3d984c6b8c2e2f70bb5e3ede1cd79af7121a0225a38,600572,32,bits-prefetch,1,256,16,transform_isolated,30,0.009414,0.009349,0.009534250000000001,1.012746972594009,False,False
3fb8ea1c5cea68ee8159f3d984c6b8c2e2f70bb5e3ede1cd79af7121a0225a38,600572,32,bits-prefetch,1,256,16,upload_shared,1,0.700762,0.700762,0.700762,1.0143629363464344,False,False
3fb8ea1c5cea68ee8159f3d984c6b8c2e2f70bb5e3ede1cd79af7121a0225a38,600572,32,bits-prefetch,1,512,4,download,30,0.007966999999999998,0.007892,0.00840775,1.0037655328228947,False,False
3fb8ea1c5cea68ee8159f3d984c6b8c2e2f70bb5e3ede1cd79af7121a0225a38,600572,32,bits-prefetch,1,512,4,operator,30,0.243774,0.24321574999999998,0.244515,0.24153109027213732,False,False
3fb8ea1c5cea68ee8159f3d984c6b8c2e2f70bb5e3ede1cd79af7121a0225a38,600572,32,bits-prefetch,1,512,4,output_isolated,30,0.007817000000000001,0.00768125,0.008059750000000001,1.579762057055136,False,False
3fb8ea1c5cea68ee8159f3d984c6b8c2e2f70bb5e3ede1cd79af7121a0225a38,600572,32,bits-prefetch,1,512,4,selection_isolated,30,0.232462,0.23212125,0.232968,0.1852560848654834,False,False
3fb8ea1c5cea68ee8159f3d984c6b8c2e2f70bb5e3ede1cd79af7121a0225a38,600572,32,bits-prefetch,1,512,4,transform_isolated,30,0.009484,0.00938425,0.0095615,1.0052720371151413,False,False
3fb8ea1c5cea68ee8159f3d984c6b8c2e2f70bb5e3ede1cd79af7121a0225a38,600572,32,bits-prefetch,1,512,4,upload_shared,1,0.696155,0.696155,0.696155,1.0210757661727632,False,False
3fb8ea1c5cea68ee8159f3d984c6b8c2e2f70bb5e3ede1cd79af7121a0225a38,600572,32,bits-prefetch,1,512,7,download,30,0.0082525,0.008049500000000001,0.00909825,0.9690396849439565,False,False
3fb8ea1c5cea68ee8159f3d984c6b8c2e2f70bb5e3ede1cd79af7121a0225a38,600572,32,bits-prefetch,1,512,7,operator,30,0.19276700000000002,0.19243375,0.193043,0.3054412840372055,False,False
3fb8ea1c5cea68ee8159f3d984c6b8c2e2f70bb5e3ede1cd79af7121a0225a38,600572,32,bits-prefetch,1,512,7,output_isolated,30,0.007806500000000001,0.007697,0.0079595,1.5818868891308524,False,False
3fb8ea1c5cea68ee8159f3d984c6b8c2e2f70bb5e3ede1cd79af7121a0225a38,600572,32,bits-prefetch,1,512,7,selection_isolated,30,0.181646,0.18148999999999998,0.1820785,0.2370820166697863,False,False
3fb8ea1c5cea68ee8159f3d984c6b8c2e2f70bb5e3ede1cd79af7121a0225a38,600572,32,bits-prefetch,1,512,7,transform_isolated,30,0.0095645,0.009447249999999999,0.009729999999999999,0.996811124470699,False,False
3fb8ea1c5cea68ee8159f3d984c6b8c2e2f70bb5e3ede1cd79af7121a0225a38,600572,32,bits-prefetch,1,512,7,upload_shared,1,0.6896950000000001,0.6896950000000001,0.6896950000000001,1.030639630561335,False,False
3fb8ea1c5cea68ee8159f3d984c6b8c2e2f70bb5e3ede1cd79af7121a0225a38,600572,32,bits-prefetch,1,512,8,download,30,0.007972,0.007902,0.00811025,1.003135975915705,False,False
3fb8ea1c5cea68ee8159f3d984c6b8c2e2f70bb5e3ede1cd79af7121a0225a38,600572,32,bits-prefetch,1,512,8,operator,30,0.185261,0.185141,0.185786,0.31781648593066,False,False
3fb8ea1c5cea68ee8159f3d984c6b8c2e2f70bb5e3ede1cd79af7121a0225a38,600572,32,bits-prefetch,1,512,8,output_isolated,30,0.007686,0.007573749999999999,0.0078095000000000005,1.606687483736664,False,False
3fb8ea1c5cea68ee8159f3d984c6b8c2e2f70bb5e3ede1cd79af7121a0225a38,600572,32,bits-prefetch,1,512,8,selection_isolated,30,0.174464,0.1743265,0.17470475000000002,0.24684175531914893,False,False
3fb8ea1c5cea68ee8159f3d984c6b8c2e2f70bb5e3ede1cd79af7121a0225a38,600572,32,bits-prefetch,1,512,8,transform_isolated,30,0.009444,0.009386499999999999,0.009534,1.0095298602287168,False,False
3fb8ea1c5cea68ee8159f3d984c6b8c2e2f70bb5e3ede1cd79af7121a0225a38,600572,32,bits-prefetch,1,512,8,upload_shared,1,0.700151,0.700151,0.700151,1.0152481393299446,False,False
3fb8ea1c5cea68ee8159f3d984c6b8c2e2f70bb5e3ede1cd79af7121a0225a38,600572,32,bits-prefetch,1,512,13,download,30,0.007992,0.0079195,0.008168,1.0006256256256256,False,False
3fb8ea1c5cea68ee8159f3d984c6b8c2e2f70bb5e3ede1cd79af7121a0225a38,600572,32,bits-prefetch,1,512,13,operator,30,0.1762015,0.17592625,0.176608,0.3341572007048748,False,False
3fb8ea1c5cea68ee8159f3d984c6b8c2e2f70bb5e3ede1cd79af7121a0225a38,600572,32,bits-prefetch,1,512,13,output_isolated,30,0.007672,0.00759375,0.0078395,1.6096193952033369,False,False
3fb8ea1c5cea68ee8159f3d984c6b8c2e2f70bb5e3ede1cd79af7121a0225a38,600572,32,bits-prefetch,1,512,13,selection_isolated,30,0.165216,0.16506749999999998,0.16537999999999997,0.26065877396862286,False,False
3fb8ea1c5cea68ee8159f3d984c6b8c2e2f70bb5e3ede1cd79af7121a0225a38,600572,32,bits-prefetch,1,512,13,transform_isolated,30,0.0094395,0.0094065,0.009562250000000001,1.010011123470523,False,False
3fb8ea1c5cea68ee8159f3d984c6b8c2e2f70bb5e3ede1cd79af7121a0225a38,600572,32,bits-prefetch,1,512,13,upload_shared,1,0.6961050000000001,0.6961050000000001,0.6961050000000001,1.021149108252347,False,False
3fb8ea1c5cea68ee8159f3d984c6b8c2e2f70bb5e3ede1cd79af7121a0225a38,600572,32,bits-prefetch,1,512,16,download,30,0.007992,0.0079445,0.008185499999999998,1.0006256256256256,True,False
3fb8ea1c5cea68ee8159f3d984c6b8c2e2f70bb5e3ede1cd79af7121a0225a38,600572,32,bits-prefetch,1,512,16,operator,30,0.1690865,0.16859600000000002,0.1696395,0.34821821966863115,True,False
3fb8ea1c5cea68ee8159f3d984c6b8c2e2f70bb5e3ede1cd79af7121a0225a38,600572,32,bits-prefetch,1,512,16,output_isolated,30,0.0077465,0.00759375,0.007947,1.5941392887110308,True,False
3fb8ea1c5cea68ee8159f3d984c6b8c2e2f70bb5e3ede1cd79af7121a0225a38,600572,32,bits-prefetch,1,512,16,selection_isolated,30,0.157689,0.15756900000000001,0.15794175,0.27310085040808174,True,False
3fb8ea1c5cea68ee8159f3d984c6b8c2e2f70bb5e3ede1cd79af7121a0225a38,600572,32,bits-prefetch,1,512,16,transform_isolated,30,0.00957,0.00941225,0.009665,0.9962382445141066,True,False
3fb8ea1c5cea68ee8159f3d984c6b8c2e2f70bb5e3ede1cd79af7121a0225a38,600572,32,bits-prefetch,1,512,16,upload_shared,1,0.710827,0.710827,0.710827,1.0,True,False
3fb8ea1c5cea68ee8159f3d984c6b8c2e2f70bb5e3ede1cd79af7121a0225a38,600572,32,bits-sq,8,128,4,download,30,0.007977,0.007882,0.008261999999999999,1.002507208223643,False,False
3fb8ea1c5cea68ee8159f3d984c6b8c2e2f70bb5e3ede1cd79af7121a0225a38,600572,32,bits-sq,8,128,4,operator,30,0.148585,0.14823,0.14897325,0.39626476427634016,False,False
3fb8ea1c5cea68ee8159f3d984c6b8c2e2f70bb5e3ede1cd79af7121a0225a38,600572,32,bits-sq,8,128,4,output_isolated,30,0.0076215,0.007563500000000001,0.007786999999999999,1.6202847208554747,False,False
3fb8ea1c5cea68ee8159f3d984c6b8c2e2f70bb5e3ede1cd79af7121a0225a38,600572,32,bits-sq,8,128,4,selection_isolated,30,0.137348,0.13708775,0.13788899999999998,0.3135466115269243,False,False
3fb8ea1c5cea68ee8159f3d984c6b8c2e2f70bb5e3ede1cd79af7121a0225a38,600572,32,bits-sq,8,128,4,transform_isolated,30,0.0094795,0.009442250000000001,0.009554,1.005749248378079,False,False
3fb8ea1c5cea68ee8159f3d984c6b8c2e2f70bb5e3ede1cd79af7121a0225a38,600572,32,bits-sq,8,128,4,upload_shared,1,0.6954440000000001,0.6954440000000001,0.6954440000000001,1.0221196818147829,False,False
3fb8ea1c5cea68ee8159f3d984c6b8c2e2f70bb5e3ede1cd79af7121a0225a38,600572,32,bits-sq,8,128,7,download,30,0.007982000000000001,0.007927749999999999,0.008027000000000001,1.001879228263593,False,False
3fb8ea1c5cea68ee8159f3d984c6b8c2e2f70bb5e3ede1cd79af7121a0225a38,600572,32,bits-sq,8,128,7,operator,30,0.1280485,0.12775575,0.12856725,0.45981795960124483,False,False
3fb8ea1c5cea68ee8159f3d984c6b8c2e2f70bb5e3ede1cd79af7121a0225a38,600572,32,bits-sq,8,128,7,output_isolated,30,0.0076515,0.007527,0.0077595,1.613931908776057,False,False
3fb8ea1c5cea68ee8159f3d984c6b8c2e2f70bb5e3ede1cd79af7121a0225a38,600572,32,bits-sq,8,128,7,selection_isolated,30,0.116942,0.116847,0.11724475000000001,0.36825947905799455,False,False
3fb8ea1c5cea68ee8159f3d984c6b8c2e2f70bb5e3ede1cd79af7121a0225a38,600572,32,bits-sq,8,128,7,transform_isolated,30,0.009469,0.009381500000000001,0.00952925,1.0068645052275849,False,False
3fb8ea1c5cea68ee8159f3d984c6b8c2e2f70bb5e3ede1cd79af7121a0225a38,600572,32,bits-sq,8,128,7,upload_shared,1,0.6991989999999999,0.6991989999999999,0.6991989999999999,1.0166304585675896,False,False
3fb8ea1c5cea68ee8159f3d984c6b8c2e2f70bb5e3ede1cd79af7121a0225a38,600572,32,bits-sq,8,128,8,download,30,0.007982,0.007942,0.00803975,1.0018792282635933,False,False
3fb8ea1c5cea68ee8159f3d984c6b8c2e2f70bb5e3ede1cd79af7121a0225a38,600572,32,bits-sq,8,128,8,operator,30,0.12825,0.12775075,0.1285625,0.4590955165692008,False,False
3fb8ea1c5cea68ee8159f3d984c6b8c2e2f70bb5e3ede1cd79af7121a0225a38,600572,32,bits-sq,8,128,8,output_isolated,30,0.0076165,0.007534249999999999,0.0077262500000000005,1.6213483883673605,False,False
3fb8ea1c5cea68ee8159f3d984c6b8c2e2f70bb5e3ede1cd79af7121a0225a38,600572,32,bits-sq,8,128,8,selection_isolated,30,0.1173425,0.1169405,0.117588,0.3670025779235997,False,False
3fb8ea1c5cea68ee8159f3d984c6b8c2e2f70bb5e3ede1cd79af7121a0225a38,600572,32,bits-sq,8,128,8,transform_isolated,30,0.009479,0.009447249999999999,0.00954,1.0058022998206564,False,False
3fb8ea1c5cea68ee8159f3d984c6b8c2e2f70bb5e3ede1cd79af7121a0225a38,600572,32,bits-sq,8,128,8,upload_shared,1,0.703786,0.703786,0.703786,1.0100044615834927,False,False
3fb8ea1c5cea68ee8159f3d984c6b8c2e2f70bb5e3ede1cd79af7121a0225a38,600572,32,bits-sq,8,128,13,download,30,0.007982,0.00790225,0.00822025,1.0018792282635933,False,False
3fb8ea1c5cea68ee8159f3d984c6b8c2e2f70bb5e3ede1cd79af7121a0225a38,600572,32,bits-sq,8,128,13,operator,30,0.12497899999999999,0.12477650000000001,0.12531175,0.47111114667264103,False,False
3fb8ea1c5cea68ee8159f3d984c6b8c2e2f70bb5e3ede1cd79af7121a0225a38,600572,32,bits-sq,8,128,13,output_isolated,30,0.007686500000000001,0.007602,0.007902,1.6065829701424574,False,False
3fb8ea1c5cea68ee8159f3d984c6b8c2e2f70bb5e3ede1cd79af7121a0225a38,600572,32,bits-sq,8,128,13,selection_isolated,30,0.114098,0.11400525,0.114263,0.3774386930533401,False,False
3fb8ea1c5cea68ee8159f3d984c6b8c2e2f70bb5e3ede1cd79af7121a0225a38,600572,32,bits-sq,8,128,13,transform_isolated,30,0.009509,0.009416500000000001,0.00959225,1.002629088232201,False,False
3fb8ea1c5cea68ee8159f3d984c6b8c2e2f70bb5e3ede1cd79af7121a0225a38,600572,32,bits-sq,8,128,13,upload_shared,1,0.7005009999999999,0.7005009999999999,0.7005009999999999,1.014740878314235,False,False
3fb8ea1c5cea68ee8159f3d984c6b8c2e2f70bb5e3ede1cd79af7121a0225a38,600572,32,bits-sq,8,128,16,download,30,0.007997,0.007877,0.0080995,1.0,False,False
3fb8ea1c5cea68ee8159f3d984c6b8c2e2f70bb5e3ede1cd79af7121a0225a38,600572,32,bits-sq,8,128,16,operator,30,0.1251295,0.12479399999999999,0.12574275,0.4705445158815467,False,False
3fb8ea1c5cea68ee8159f3d984c6b8c2e2f70bb5e3ede1cd79af7121a0225a38,600572,32,bits-sq,8,128,16,output_isolated,30,0.0076265000000000005,0.0075485,0.0077095,1.619222448043008,False,False
3fb8ea1c5cea68ee8159f3d984c6b8c2e2f70bb5e3ede1cd79af7121a0225a38,600572,32,bits-sq,8,128,16,selection_isolated,30,0.114263,0.1141355,0.11437875000000002,0.37689365761445087,False,False
3fb8ea1c5cea68ee8159f3d984c6b8c2e2f70bb5e3ede1cd79af7121a0225a38,600572,32,bits-sq,8,128,16,transform_isolated,30,0.009493999999999999,0.00942725,0.00962,1.0042131872761746,False,False
3fb8ea1c5cea68ee8159f3d984c6b8c2e2f70bb5e3ede1cd79af7121a0225a38,600572,32,bits-sq,8,128,16,upload_shared,1,0.700221,0.700221,0.700221,1.0151466465587293,False,False
3fb8ea1c5cea68ee8159f3d984c6b8c2e2f70bb5e3ede1cd79af7121a0225a38,600572,32,bits-sq,8,256,4,download,30,0.007922,0.007867,0.008007,1.009467306235799,False,False
3fb8ea1c5cea68ee8159f3d984c6b8c2e2f70bb5e3ede1cd79af7121a0225a38,600572,32,bits-sq,8,256,4,operator,30,0.1005375,0.09940775,0.10112299999999999,0.5856421733184135,False,False
3fb8ea1c5cea68ee8159f3d984c6b8c2e2f70bb5e3ede1cd79af7121a0225a38,600572,32,bits-sq,8,256,4,output_isolated,30,0.007586,0.007532,0.00771425,1.627867123648827,False,False
3fb8ea1c5cea68ee8159f3d984c6b8c2e2f70bb5e3ede1cd79af7121a0225a38,600572,32,bits-sq,8,256,4,selection_isolated,30,0.08980099999999999,0.088579,0.09024425,0.4795603612431933,False,False
3fb8ea1c5cea68ee8159f3d984c6b8c2e2f70bb5e3ede1cd79af7121a0225a38,600572,32,bits-sq,8,256,4,transform_isolated,30,0.0094495,0.009404000000000001,0.009569250000000001,1.0089422720778878,False,False
3fb8ea1c5cea68ee8159f3d984c6b8c2e2f70bb5e3ede1cd79af7121a0225a38,600572,32,bits-sq,8,256,4,upload_shared,1,0.700422,0.700422,0.700422,1.014855330072442,False,False
3fb8ea1c5cea68ee8159f3d984c6b8c2e2f70bb5e3ede1cd79af7121a0225a38,600572,32,bits-sq,8,256,7,download,30,0.008017,0.0079445,0.00815775,0.997505301234876,False,False
3fb8ea1c5cea68ee8159f3d984c6b8c2e2f70bb5e3ede1cd79af7121a0225a38,600572,32,bits-sq,8,256,7,operator,30,0.0913035,0.0911905,0.0915715,0.6448712261851955,False,False
3fb8ea1c5cea68ee8159f3d984c6b8c2e2f70bb5e3ede1cd79af7121a0225a38,600572,32,bits-sq,8,256,7,output_isolated,30,0.007601,0.00757425,0.0077217499999999994,1.6246546507038548,False,False
3fb8ea1c5cea68ee8159f3d984c6b8c2e2f70bb5e3ede1cd79af7121a0225a38,600572,32,bits-sq,8,256,7,selection_isolated,30,0.080602,0.080377,0.08075975,0.5342919530532741,False,False
3fb8ea1c5cea68ee8159f3d984c6b8c2e2f70bb5e3ede1cd79af7121a0225a38,600572,32,bits-sq,8,256,7,transform_isolated,30,0.0094495,0.00937425,0.009586500000000001,1.0089422720778878,False,False
3fb8ea1c5cea68ee8159f3d984c6b8c2e2f70bb5e3ede1cd79af7121a0225a38,600572,32,bits-sq,8,256,7,upload_shared,1,0.699299,0.699299,0.699299,1.0164850800587446,False,False
3fb8ea1c5cea68ee8159f3d984c6b8c2e2f70bb5e3ede1cd79af7121a0225a38,600572,32,bits-sq,8,256,8,download,30,0.008032000000000001,0.007951999999999999,0.008184750000000001,0.9956424302788844,False,False
3fb8ea1c5cea68ee8159f3d984c6b8c2e2f70bb5e3ede1cd79af7121a0225a38,600572,32,bits-sq,8,256,8,operator,30,0.088965,0.08879925000000001,0.08941275000000001,0.6618220648569663,False,False
3fb8ea1c5cea68ee8159f3d984c6b8c2e2f70bb5e3ede1cd79af7121a0225a38,600572,32,bits-sq,8,256,8,output_isolated,30,0.0077015,0.00761125,0.00784675,1.6034538726222165,False,False
3fb8ea1c5cea68ee8159f3d984c6b8c2e2f70bb5e3ede1cd79af7121a0225a38,600572,32,bits-sq,8,256,8,selection_isolated,30,0.0781135,0.07801825000000001,0.07838125000000001,0.5513131532961651,False,False
3fb8ea1c5cea68ee8159f3d984c6b8c2e2f70bb5e3ede1cd79af7121a0225a38,600572,32,bits-sq,8,256,8,transform_isolated,30,0.0094645,0.00938725,0.00960725,1.0073432299646046,False,False
3fb8ea1c5cea68ee8159f3d984c6b8c2e2f70bb5e3ede1cd79af7121a0225a38,600572,32,bits-sq,8,256,8,upload_shared,1,0.698067,0.698067,0.698067,1.0182790477131851,False,False
3fb8ea1c5cea68ee8159f3d984c6b8c2e2f70bb5e3ede1cd79af7121a0225a38,600572,32,bits-sq,8,256,13,download,30,0.007992,0.007942,0.0084805,1.0006256256256256,False,False
3fb8ea1c5cea68ee8159f3d984c6b8c2e2f70bb5e3ede1cd79af7121a0225a38,600572,32,bits-sq,8,256,13,operator,30,0.0867165,0.08651600000000001,0.08713725,0.6789826618924887,False,False
3fb8ea1c5cea68ee8159f3d984c6b8c2e2f70bb5e3ede1cd79af7121a0225a38,600572,32,bits-sq,8,256,13,output_isolated,30,0.007631500000000001,0.007531,0.0077494999999999994,1.618161567188626,False,False
3fb8ea1c5cea68ee8159f3d984c6b8c2e2f70bb5e3ede1cd79af7121a0225a38,600572,32,bits-sq,8,256,13,selection_isolated,30,0.07584500000000001,0.07574250000000002,0.07602775,0.5678027556200144,False,False
3fb8ea1c5cea68ee8159f3d984c6b8c2e2f70bb5e3ede1cd79af7121a0225a38,600572,32,bits-sq,8,256,13,transform_isolated,30,0.009493999999999999,0.0093915,0.009595,1.0042131872761746,False,False
3fb8ea1c5cea68ee8159f3d984c6b8c2e2f70bb5e3ede1cd79af7121a0225a38,600572,32,bits-sq,8,256,13,upload_shared,1,0.697857,0.697857,0.697857,1.018585469515961,False,False
3fb8ea1c5cea68ee8159f3d984c6b8c2e2f70bb5e3ede1cd79af7121a0225a38,600572,32,bits-sq,8,256,16,download,30,0.007961999999999999,0.007902,0.008057,1.0043958804320525,False,False
3fb8ea1c5cea68ee8159f3d984c6b8c2e2f70bb5e3ede1cd79af7121a0225a38,600572,32,bits-sq,8,256,16,operator,30,0.0901815,0.0899885,0.090648,0.6528944406557886,False,False
3fb8ea1c5cea68ee8159f3d984c6b8c2e2f70bb5e3ede1cd79af7121a0225a38,600572,32,bits-sq,8,256,16,output_isolated,30,0.0075915,0.0075245,0.00766675,1.6266877428703155,False,False
3fb8ea1c5cea68ee8159f3d984c6b8c2e2f70bb5e3ede1cd79af7121a0225a38,600572,32,bits-sq,8,256,16,selection_isolated,30,0.07941000000000001,0.0793125,0.07956,0.5423120513789195,False,False
3fb8ea1c5cea68ee8159f3d984c6b8c2e2f70bb5e3ede1cd79af7121a0225a38,600572,32,bits-sq,8,256,16,transform_isolated,30,0.0094445,0.0093965,0.009524000000000001,1.0094764148446187,False,False
3fb8ea1c5cea68ee8159f3d984c6b8c2e2f70bb5e3ede1cd79af7121a0225a38,600572,32,bits-sq,8,256,16,upload_shared,1,0.700762,0.700762,0.700762,1.0143629363464344,False,False
3fb8ea1c5cea68ee8159f3d984c6b8c2e2f70bb5e3ede1cd79af7121a0225a38,600572,32,bits-sq,8,512,4,download,30,0.008012499999999999,0.007942,0.00822225,0.9980655226209051,False,False
3fb8ea1c5cea68ee8159f3d984c6b8c2e2f70bb5e3ede1cd79af7121a0225a38,600572,32,bits-sq,8,512,4,operator,30,0.07934,0.0791025,0.0796835,0.7421099067305269,False,False
3fb8ea1c5cea68ee8159f3d984c6b8c2e2f70bb5e3ede1cd79af7121a0225a38,600572,32,bits-sq,8,512,4,output_isolated,30,0.0075965,0.0075534999999999995,0.007716,1.6256170604883828,False,False
3fb8ea1c5cea68ee8159f3d984c6b8c2e2f70bb5e3ede1cd79af7121a0225a38,600572,32,bits-sq,8,512,4,selection_isolated,30,0.068519,0.06840125,0.06875474999999999,0.6285117996468134,False,False
3fb8ea1c5cea68ee8159f3d984c6b8c2e2f70bb5e3ede1cd79af7121a0225a38,600572,32,bits-sq,8,512,4,transform_isolated,30,0.009479,0.00940725,0.009574000000000001,1.0058022998206564,False,False
3fb8ea1c5cea68ee8159f3d984c6b8c2e2f70bb5e3ede1cd79af7121a0225a38,600572,32,bits-sq,8,512,4,upload_shared,1,0.696155,0.696155,0.696155,1.0210757661727632,False,False
3fb8ea1c5cea68ee8159f3d984c6b8c2e2f70bb5e3ede1cd79af7121a0225a38,600572,32,bits-sq,8,512,7,download,30,0.0081475,0.008087,0.008473,0.9815280760969624,False,False
3fb8ea1c5cea68ee8159f3d984c6b8c2e2f70bb5e3ede1cd79af7121a0225a38,600572,32,bits-sq,8,512,7,operator,30,0.07375200000000001,0.0735795,0.07396975,0.7983376721987199,False,False
3fb8ea1c5cea68ee8159f3d984c6b8c2e2f70bb5e3ede1cd79af7121a0225a38,600572,32,bits-sq,8,512,7,output_isolated,30,0.007717,0.007633500000000001,0.00785375,1.6002332512634445,False,False
3fb8ea1c5cea68ee8159f3d984c6b8c2e2f70bb5e3ede1cd79af7121a0225a38,600572,32,bits-sq,8,512,7,selection_isolated,30,0.0629355,0.06286775,0.06311099999999999,0.6842719927544867,False,False
3fb8ea1c5cea68ee8159f3d984c6b8c2e2f70bb5e3ede1cd79af7121a0225a38,600572,32,bits-sq,8,512,7,transform_isolated,30,0.009574000000000001,0.009519,0.00965975,0.9958220179653228,False,False
3fb8ea1c5cea68ee8159f3d984c6b8c2e2f70bb5e3ede1cd79af7121a0225a38,600572,32,bits-sq,8,512,7,upload_shared,1,0.6896950000000001,0.6896950000000001,0.6896950000000001,1.030639630561335,False,False
3fb8ea1c5cea68ee8159f3d984c6b8c2e2f70bb5e3ede1cd79af7121a0225a38,600572,32,bits-sq,8,512,8,download,30,0.0080025,0.007955249999999999,0.0081195,0.9993127147766325,False,False
3fb8ea1c5cea68ee8159f3d984c6b8c2e2f70bb5e3ede1cd79af7121a0225a38,600572,32,bits-sq,8,512,8,operator,30,0.073246,0.07303325,0.0738045,0.8038527701171394,False,False
3fb8ea1c5cea68ee8159f3d984c6b8c2e2f70bb5e3ede1cd79af7121a0225a38,600572,32,bits-sq,8,512,8,output_isolated,30,0.0076465000000000005,0.00757425,0.00773175,1.6149872490682011,False,False
3fb8ea1c5cea68ee8159f3d984c6b8c2e2f70bb5e3ede1cd79af7121a0225a38,600572,32,bits-sq,8,512,8,selection_isolated,30,0.062625,0.06233925,0.062765,0.6876646706586826,False,False
3fb8ea1c5cea68ee8159f3d984c6b8c2e2f70bb5e3ede1cd79af7121a0225a38,600572,32,bits-sq,8,512,8,transform_isolated,30,0.0094995,0.009426499999999999,0.00964975,1.003631770093163,False,False
3fb8ea1c5cea68ee8159f3d984c6b8c2e2f70bb5e3ede1cd79af7121a0225a38,600572,32,bits-sq,8,512,8,upload_shared,1,0.700151,0.700151,0.700151,1.0152481393299446,False,False
3fb8ea1c5cea68ee8159f3d984c6b8c2e2f70bb5e3ede1cd79af7121a0225a38,600572,32,bits-sq,8,512,13,download,30,0.007942,0.007894499999999999,0.008019499999999999,1.0069252077562327,False,False
3fb8ea1c5cea68ee8159f3d984c6b8c2e2f70bb5e3ede1cd79af7121a0225a38,600572,32,bits-sq,8,512,13,operator,30,0.077503,0.07728950000000001,0.07771025000000001,0.7596996245306633,False,False
3fb8ea1c5cea68ee8159f3d984c6b8c2e2f70bb5e3ede1cd79af7121a0225a38,600572,32,bits-sq,8,512,13,output_isolated,30,0.0075765,0.00751425,0.00768875,1.6299082689896391,False,False
3fb8ea1c5cea68ee8159f3d984c6b8c2e2f70bb5e3ede1cd79af7121a0225a38,600572,32,bits-sq,8,512,13,selection_isolated,30,0.066691,0.0665935,0.06693625,0.6457393051536189,False,False
3fb8ea1c5cea68ee8159f3d984c6b8c2e2f70bb5e3ede1cd79af7121a0225a38,600572,32,bits-sq,8,512,13,transform_isolated,30,0.009489000000000001,0.009434,0.009612500000000001,1.0047423332279481,False,False
3fb8ea1c5cea68ee8159f3d984c6b8c2e2f70bb5e3ede1cd79af7121a0225a38,600572,32,bits-sq,8,512,13,upload_shared,1,0.6961050000000001,0.6961050000000001,0.6961050000000001,1.021149108252347,False,False
3fb8ea1c5cea68ee8159f3d984c6b8c2e2f70bb5e3ede1cd79af7121a0225a38,600572,32,bits-sq,8,512,16,download,30,0.007992,0.007954499999999998,0.008049500000000001,1.0006256256256256,False,False
3fb8ea1c5cea68ee8159f3d984c6b8c2e2f70bb5e3ede1cd79af7121a0225a38,600572,32,bits-sq,8,512,16,operator,30,0.077958,0.0777505,0.078269,0.7552656558659792,False,False
3fb8ea1c5cea68ee8159f3d984c6b8c2e2f70bb5e3ede1cd79af7121a0225a38,600572,32,bits-sq,8,512,16,output_isolated,30,0.007731,0.007568750000000001,0.007882,1.5973354029232958,False,False
3fb8ea1c5cea68ee8159f3d984c6b8c2e2f70bb5e3ede1cd79af7121a0225a38,600572,32,bits-sq,8,512,16,selection_isolated,30,0.06708700000000001,0.06687374999999998,0.067302,0.6419276461907671,False,False
3fb8ea1c5cea68ee8159f3d984c6b8c2e2f70bb5e3ede1cd79af7121a0225a38,600572,32,bits-sq,8,512,16,transform_isolated,30,0.009484,0.009414,0.0095815,1.0052720371151413,False,False
3fb8ea1c5cea68ee8159f3d984c6b8c2e2f70bb5e3ede1cd79af7121a0225a38,600572,32,bits-sq,8,512,16,upload_shared,1,0.710827,0.710827,0.710827,1.0,False,False
3fb8ea1c5cea68ee8159f3d984c6b8c2e2f70bb5e3ede1cd79af7121a0225a38,600572,32,bits-sq,32,128,4,download,30,0.008082,0.0080045,0.008142,0.9894828012868102,False,False
3fb8ea1c5cea68ee8159f3d984c6b8c2e2f70bb5e3ede1cd79af7121a0225a38,600572,32,bits-sq,32,128,4,operator,30,0.072575,0.07237225000000001,0.07292024999999999,0.811284877712711,False,False
3fb8ea1c5cea68ee8159f3d984c6b8c2e2f70bb5e3ede1cd79af7121a0225a38,600572,32,bits-sq,32,128,4,output_isolated,30,0.0075765,0.00751675,0.007737,1.6299082689896391,False,False
3fb8ea1c5cea68ee8159f3d984c6b8c2e2f70bb5e3ede1cd79af7121a0225a38,600572,32,bits-sq,32,128,4,selection_isolated,30,0.0618535,0.06173625,0.06202150000000001,0.6962419264875876,False,False
3fb8ea1c5cea68ee8159f3d984c6b8c2e2f70bb5e3ede1cd79af7121a0225a38,600572,32,bits-sq,32,128,4,transform_isolated,30,0.009448999999999999,0.009386499999999999,0.009544,1.0089956609164994,False,False
3fb8ea1c5cea68ee8159f3d984c6b8c2e2f70bb5e3ede1cd79af7121a0225a38,600572,32,bits-sq,32,128,4,upload_shared,1,0.709696,0.709696,0.709696,1.0015936400937866,False,False
3fb8ea1c5cea68ee8159f3d984c6b8c2e2f70bb5e3ede1cd79af7121a0225a38,600572,32,bits-sq,32,128,7,download,30,0.008206999999999999,0.00803475,0.00870875,0.974412087242598,False,False
3fb8ea1c5cea68ee8159f3d984c6b8c2e2f70bb5e3ede1cd79af7121a0225a38,600572,32,bits-sq,32,128,7,operator,30,0.070617,0.07045124999999999,0.071143,0.8337794015605308,False,False
3fb8ea1c5cea68ee8159f3d984c6b8c2e2f70bb5e3ede1cd79af7121a0225a38,600572,32,bits-sq,32,128,7,output_isolated,30,0.007686500000000001,0.007631250000000001,0.0077919999999999994,1.6065829701424574,False,False
3fb8ea1c5cea68ee8159f3d984c6b8c2e2f70bb5e3ede1cd79af7121a0225a38,600572,32,bits-sq,32,128,7,selection_isolated,30,0.0598555,0.059740249999999995,0.05999525000000001,0.719482754299939,False,False
3fb8ea1c5cea68ee8159f3d984c6b8c2e2f70bb5e3ede1cd79af7121a0225a38,600572,32,bits-sq,32,128,7,transform_isolated,30,0.009503999999999999,0.009396749999999999,0.00969,1.003156565656566,False,False
3fb8ea1c5cea68ee8159f3d984c6b8c2e2f70bb5e3ede1cd79af7121a0225a38,600572,32,bits-sq,32,128,7,upload_shared,1,0.6973170000000001,0.6973170000000001,0.6973170000000001,1.019374258766099,False,False
3fb8ea1c5cea68ee8159f3d984c6b8c2e2f70bb5e3ede1cd79af7121a0225a38,600572,32,bits-sq,32,128,8,download,30,0.0081225,0.007912,0.00851025,0.9845490920283165,False,False
3fb8ea1c5cea68ee8159f3d984c6b8c2e2f70bb5e3ede1cd79af7121a0225a38,600572,32,bits-sq,32,128,8,operator,30,0.0708525,0.0706095,0.071128,0.8310080801665432,False,False
3fb8ea1c5cea68ee8159f3d984c6b8c2e2f70bb5e3ede1cd79af7121a0225a38,600572,32,bits-sq,32,128,8,output_isolated,30,0.007731499999999999,0.00760125,0.00783875,1.5972321024380782,False,False
3fb8ea1c5cea68ee8159f3d984c6b8c2e2f70bb5e3ede1cd79af7121a0225a38,600572,32,bits-sq,32,128,8,selection_isolated,30,0.060041,0.0598835,0.060164249999999996,0.7172598724205127,False,False
3fb8ea1c5cea68ee8159f3d984c6b8c2e2f70bb5e3ede1cd79af7121a0225a38,600572,32,bits-sq,32,128,8,transform_isolated,30,0.009485,0.009376500000000001,0.009586750000000002,1.0051660516605168,False,False
3fb8ea1c5cea68ee8159f3d984c6b8c2e2f70bb5e3ede1cd79af7121a0225a38,600572,32,bits-sq,32,128,8,upload_shared,1,0.69291,0.69291,0.69291,1.0258576149860732,False,False
3fb8ea1c5cea68ee8159f3d984c6b8c2e2f70bb5e3ede1cd79af7121a0225a38,600572,32,bits-sq,32,128,13,download,30,0.008057000000000002,0.007982000000000001,0.00872125,0.9925530594514086,False,False
3fb8ea1c5cea68ee8159f3d984c6b8c2e2f70bb5e3ede1cd79af7121a0225a38,600572,32,bits-sq,32,128,13,operator,30,0.071909,0.07183824999999999,0.072339,0.8187987595433117,False,False
3fb8ea1c5cea68ee8159f3d984c6b8c2e2f70bb5e3ede1cd79af7121a0225a38,600572,32,bits-sq,32,128,13,output_isolated,30,0.0077065,0.0075435,0.0077894999999999995,1.6024135470057745,False,False
3fb8ea1c5cea68ee8159f3d984c6b8c2e2f70bb5e3ede1cd79af7121a0225a38,600572,32,bits-sq,32,128,13,selection_isolated,30,0.0610075,0.06088299999999999,0.061172250000000004,0.7058968159652502,False,False
3fb8ea1c5cea68ee8159f3d984c6b8c2e2f70bb5e3ede1cd79af7121a0225a38,600572,32,bits-sq,32,128,13,transform_isolated,30,0.0094845,0.009446499999999998,0.0095575,1.0052190415941802,False,False
3fb8ea1c5cea68ee8159f3d984c6b8c2e2f70bb5e3ede1cd79af7121a0225a38,600572,32,bits-sq,32,128,13,upload_shared,1,0.7003320000000001,0.7003320000000001,0.7003320000000001,1.0149857496158963,False,False
3fb8ea1c5cea68ee8159f3d984c6b8c2e2f70bb5e3ede1cd79af7121a0225a38,600572,32,bits-sq,32,128,16,download,30,0.008082,0.0079795,0.0083305,0.9894828012868102,False,False
3fb8ea1c5cea68ee8159f3d984c6b8c2e2f70bb5e3ede1cd79af7121a0225a38,600572,32,bits-sq,32,128,16,operator,30,0.07440250000000001,0.0742045,0.074944,0.7913578172776451,False,False
3fb8ea1c5cea68ee8159f3d984c6b8c2e2f70bb5e3ede1cd79af7121a0225a38,600572,32,bits-sq,32,128,16,output_isolated,30,0.007642,0.00754125,0.007808750000000001,1.6159382360638577,False,False
3fb8ea1c5cea68ee8159f3d984c6b8c2e2f70bb5e3ede1cd79af7121a0225a38,600572,32,bits-sq,32,128,16,selection_isolated,30,0.063647,0.06353875,0.06387375,0.6766226216475246,False,False
3fb8ea1c5cea68ee8159f3d984c6b8c2e2f70bb5e3ede1cd79af7121a0225a38,600572,32,bits-sq,32,128,16,transform_isolated,30,0.009504499999999999,0.0094065,0.00966175,1.0031037929401865,False,False
3fb8ea1c5cea68ee8159f3d984c6b8c2e2f70bb5e3ede1cd79af7121a0225a38,600572,32,bits-sq,32,128,16,upload_shared,1,0.690326,0.690326,0.690326,1.0296975631802945,False,False
3fb8ea1c5cea68ee8159f3d984c6b8c2e2f70bb5e3ede1cd79af7121a0225a38,600572,32,bits-sq,32,256,4,download,30,0.008027,0.0079745,0.008793,0.9962626136788341,False,False
3fb8ea1c5cea68ee8159f3d984c6b8c2e2f70bb5e3ede1cd79af7121a0225a38,600572,32,bits-sq,32,256,4,operator,30,0.05914,0.058826500000000004,0.059552499999999994,0.9955867433209334,False,False
3fb8ea1c5cea68ee8159f3d984c6b8c2e2f70bb5e3ede1cd79af7121a0225a38,600572,32,bits-sq,32,256,4,output_isolated,30,0.007607000000000001,0.0075335,0.00782875,1.6233732088865518,False,False
3fb8ea1c5cea68ee8159f3d984c6b8c2e2f70bb5e3ede1cd79af7121a0225a38,600572,32,bits-sq,32,256,4,selection_isolated,30,0.048278,0.048045500000000005,0.048458749999999995,0.8920212104892498,False,False
3fb8ea1c5cea68ee8159f3d984c6b8c2e2f70bb5e3ede1cd79af7121a0225a38,600572,32,bits-sq,32,256,4,transform_isolated,30,0.0095195,0.0094565,0.00978175,1.0015231892431327,False,False
3fb8ea1c5cea68ee8159f3d984c6b8c2e2f70bb5e3ede1cd79af7121a0225a38,600572,32,bits-sq,32,256,4,upload_shared,1,0.689845,0.689845,0.689845,1.0304155281258833,False,False
3fb8ea1c5cea68ee8159f3d984c6b8c2e2f70bb5e3ede1cd79af7121a0225a38,600572,32,bits-sq,32,256,7,download,30,0.0081725,0.008062,0.00829525,0.9785255429795046,False,False
3fb8ea1c5cea68ee8159f3d984c6b8c2e2f70bb5e3ede1cd79af7121a0225a38,600572,32,bits-sq,32,256,7,operator,30,0.055995,0.05579925,0.056303250000000006,1.0515045986248772,False,False
3fb8ea1c5cea68ee8159f3d984c6b8c2e2f70bb5e3ede1cd79af7121a0225a38,600572,32,bits-sq,32,256,7,output_isolated,30,0.007591,0.0075337500000000005,0.0076945,1.626794888683968,False,False
3fb8ea1c5cea68ee8159f3d984c6b8c2e2f70bb5e3ede1cd79af7121a0225a38,600572,32,bits-sq,32,256,7,selection_isolated,30,0.044983499999999996,0.044938000000000006,0.0451205,0.9573510287105272,False,False
3fb8ea1c5cea68ee8159f3d984c6b8c2e2f70bb5e3ede1cd79af7121a0225a38,600572,32,bits-sq,32,256,7,transform_isolated,30,0.009484,0.009409,0.009585,1.0052720371151413,False,False
3fb8ea1c5cea68ee8159f3d984c6b8c2e2f70bb5e3ede1cd79af7121a0225a38,600572,32,bits-sq,32,256,7,upload_shared,1,0.7014630000000001,0.7014630000000001,0.7014630000000001,1.0133492429393993,False,False
3fb8ea1c5cea68ee8159f3d984c6b8c2e2f70bb5e3ede1cd79af7121a0225a38,600572,32,bits-sq,32,256,8,download,30,0.008168,0.00810225,0.00826275,0.9790646425073458,False,False
3fb8ea1c5cea68ee8159f3d984c6b8c2e2f70bb5e3ede1cd79af7121a0225a38,600572,32,bits-sq,32,256,8,operator,30,0.0558695,0.05570725,0.055967499999999996,1.05386659984428,False,False
3fb8ea1c5cea68ee8159f3d984c6b8c2e2f70bb5e3ede1cd79af7121a0225a38,600572,32,bits-sq,32,256,8,output_isolated,30,0.0075915,0.0074635,0.007669500000000001,1.6266877428703155,False,False
3fb8ea1c5cea68ee8159f3d984c6b8c2e2f70bb5e3ede1cd79af7121a0225a38,600572,32,bits-sq,32,256,8,selection_isolated,30,0.045028000000000006,0.04494075,0.04512575,0.956404903615528,False,False
3fb8ea1c5cea68ee8159f3d984c6b8c2e2f70bb5e3ede1cd79af7121a0225a38,600572,32,bits-sq,32,256,8,transform_isolated,30,0.0094445,0.0093965,0.009562250000000001,1.0094764148446187,False,False
3fb8ea1c5cea68ee8159f3d984c6b8c2e2f70bb5e3ede1cd79af7121a0225a38,600572,32,bits-sq,32,256,8,upload_shared,1,0.69294,0.69294,0.69294,1.0258132017202066,False,False
3fb8ea1c5cea68ee8159f3d984c6b8c2e2f70bb5e3ede1cd79af7121a0225a38,600572,32,bits-sq,32,256,13,download,30,0.008037,0.0079445,0.008121999999999999,0.9950230185392559,False,False
3fb8ea1c5cea68ee8159f3d984c6b8c2e2f70bb5e3ede1cd79af7121a0225a38,600572,32,bits-sq,32,256,13,operator,30,0.057948,0.05769725,0.058120500000000005,1.0160661282529164,False,False
3fb8ea1c5cea68ee8159f3d984c6b8c2e2f70bb5e3ede1cd79af7121a0225a38,600572,32,bits-sq,32,256,13,output_isolated,30,0.0075565,0.0074635,0.0076595,1.6342221928141336,False,False
3fb8ea1c5cea68ee8159f3d984c6b8c2e2f70bb5e3ede1cd79af7121a0225a38,600572,32,bits-sq,32,256,13,selection_isolated,30,0.047086,0.0469335,0.047177000000000004,0.914603066728964,False,False
3fb8ea1c5cea68ee8159f3d984c6b8c2e2f70bb5e3ede1cd79af7121a0225a38,600572,32,bits-sq,32,256,13,transform_isolated,30,0.0095195,0.009476499999999999,0.009585,1.0015231892431327,False,False
3fb8ea1c5cea68ee8159f3d984c6b8c2e2f70bb5e3ede1cd79af7121a0225a38,600572,32,bits-sq,32,256,13,upload_shared,1,0.697307,0.697307,0.697307,1.019388877495852,False,False
3fb8ea1c5cea68ee8159f3d984c6b8c2e2f70bb5e3ede1cd79af7121a0225a38,600572,32,bits-sq,32,256,16,download,30,0.008012,0.007934499999999999,0.008149749999999999,0.9981278082875688,False,False
3fb8ea1c5cea68ee8159f3d984c6b8c2e2f70bb5e3ede1cd79af7121a0225a38,600572,32,bits-sq,32,256,16,operator,30,0.0589595,0.058854000000000004,0.05922424999999999,0.998634655992673,False,False
3fb8ea1c5cea68ee8159f3d984c6b8c2e2f70bb5e3ede1cd79af7121a0225a38,600572,32,bits-sq,32,256,16,output_isolated,30,0.0075365,0.00746425,0.007603749999999999,1.6385590128043523,False,False
3fb8ea1c5cea68ee8159f3d984c6b8c2e2f70bb5e3ede1cd79af7121a0225a38,600572,32,bits-sq,32,256,16,selection_isolated,30,0.048098,0.04801225,0.048288000000000005,0.8953594744064202,False,False
3fb8ea1c5cea68ee8159f3d984c6b8c2e2f70bb5e3ede1cd79af7121a0225a38,600572,32,bits-sq,32,256,16,transform_isolated,30,0.009455,0.009419,0.00951175,1.0083553675304073,False,False
3fb8ea1c5cea68ee8159f3d984c6b8c2e2f70bb5e3ede1cd79af7121a0225a38,600572,32,bits-sq,32,256,16,upload_shared,1,0.7010719999999999,0.7010719999999999,0.7010719999999999,1.0139144053677798,False,False
3fb8ea1c5cea68ee8159f3d984c6b8c2e2f70bb5e3ede1cd79af7121a0225a38,600572,32,bits-sq,32,512,4,download,30,0.008017999999999999,0.007972,0.00823275,0.9973808929907709,False,True
3fb8ea1c5cea68ee8159f3d984c6b8c2e2f70bb5e3ede1cd79af7121a0225a38,600572,32,bits-sq,32,512,4,operator,30,0.0565655,0.0564685,0.0567685,1.0408994882039406,False,True
3fb8ea1c5cea68ee8159f3d984c6b8c2e2f70bb5e3ede1cd79af7121a0225a38,600572,32,bits-sq,32,512,4,output_isolated,30,0.0076515,0.007571,0.0077795,1.613931908776057,False,True
3fb8ea1c5cea68ee8159f3d984c6b8c2e2f70bb5e3ede1cd79af7121a0225a38,600572,32,bits-sq,32,512,4,selection_isolated,30,0.0457095,0.045559,0.04589725,0.9421455058576444,False,True
3fb8ea1c5cea68ee8159f3d984c6b8c2e2f70bb5e3ede1cd79af7121a0225a38,600572,32,bits-sq,32,512,4,transform_isolated,30,0.0094745,0.00940725,0.0095425,1.0062800147765054,False,True
3fb8ea1c5cea68ee8159f3d984c6b8c2e2f70bb5e3ede1cd79af7121a0225a38,600572,32,bits-sq,32,512,4,upload_shared,1,0.697677,0.697677,0.697677,1.018848263594758,False,True
3fb8ea1c5cea68ee8159f3d984c6b8c2e2f70bb5e3ede1cd79af7121a0225a38,600572,32,bits-sq,32,512,7,download,30,0.008047,0.007924750000000001,0.008172,0.9937865042873121,False,False
3fb8ea1c5cea68ee8159f3d984c6b8c2e2f70bb5e3ede1cd79af7121a0225a38,600572,32,bits-sq,32,512,7,operator,30,0.056220000000000006,0.0559925,0.05656074999999999,1.0472963358235503,False,False
3fb8ea1c5cea68ee8159f3d984c6b8c2e2f70bb5e3ede1cd79af7121a0225a38,600572,32,bits-sq,32,512,7,output_isolated,30,0.0076170000000000005,0.00756125,0.00766175,1.621241958776421,False,False
3fb8ea1c5cea68ee8159f3d984c6b8c2e2f70bb5e3ede1cd79af7121a0225a38,600572,32,bits-sq,32,512,7,selection_isolated,30,0.045334,0.045281499999999995,0.045515749999999994,0.9499492654519787,False,False
3fb8ea1c5cea68ee8159f3d984c6b8c2e2f70bb5e3ede1cd79af7121a0225a38,600572,32,bits-sq,32,512,7,transform_isolated,30,0.0094595,0.0094065,0.0095615,1.007875680532798,False,False
3fb8ea1c5cea68ee8159f3d984c6b8c2e2f70bb5e3ede1cd79af7121a0225a38,600572,32,bits-sq,32,512,7,upload_shared,1,0.688403,0.688403,0.688403,1.032573942879389,False,False
3fb8ea1c5cea68ee8159f3d984c6b8c2e2f70bb5e3ede1cd79af7121a0225a38,600572,32,bits-sq,32,512,8,download,30,0.008162,0.00801225,0.008997999999999999,0.9797843665768193,False,False
3fb8ea1c5cea68ee8159f3d984c6b8c2e2f70bb5e3ede1cd79af7121a0225a38,600572,32,bits-sq,32,512,8,operator,30,0.056139999999999995,0.055895,0.056488250000000004,1.0487887424296403,False,False
3fb8ea1c5cea68ee8159f3d984c6b8c2e2f70bb5e3ede1cd79af7121a0225a38,600572,32,bits-sq,32,512,8,output_isolated,30,0.007591,0.007481249999999999,0.00775125,1.626794888683968,False,False
3fb8ea1c5cea68ee8159f3d984c6b8c2e2f70bb5e3ede1cd79af7121a0225a38,600572,32,bits-sq,32,512,8,selection_isolated,30,0.045133,0.044955499999999995,0.04532375,0.9541798683889836,False,False
3fb8ea1c5cea68ee8159f3d984c6b8c2e2f70bb5e3ede1cd79af7121a0225a38,600572,32,bits-sq,32,512,8,transform_isolated,30,0.009509,0.009416750000000002,0.00956475,1.002629088232201,False,False
3fb8ea1c5cea68ee8159f3d984c6b8c2e2f70bb5e3ede1cd79af7121a0225a38,600572,32,bits-sq,32,512,8,upload_shared,1,0.690876,0.690876,0.690876,1.0288778304645116,False,False
3fb8ea1c5cea68ee8159f3d984c6b8c2e2f70bb5e3ede1cd79af7121a0225a38,600572,32,bits-sq,32,512,13,download,30,0.0080475,0.0080045,0.0081895,0.9937247592420005,False,False
3fb8ea1c5cea68ee8159f3d984c6b8c2e2f70bb5e3ede1cd79af7121a0225a38,600572,32,bits-sq,32,512,13,operator,30,0.061318,0.061188000000000006,0.061560750000000004,0.9602237515900715,False,False
3fb8ea1c5cea68ee8159f3d984c6b8c2e2f70bb5e3ede1cd79af7121a0225a38,600572,32,bits-sq,32,512,13,output_isolated,30,0.007621,0.00752375,0.007642,1.6203910247998952,False,False
3fb8ea1c5cea68ee8159f3d984c6b8c2e2f70bb5e3ede1cd79af7121a0225a38,600572,32,bits-sq,32,512,13,selection_isolated,30,0.0505365,0.050417000000000003,0.050707,0.8521563622332374,False,False
3fb8ea1c5cea68ee8159f3d984c6b8c2e2f70bb5e3ede1cd79af7121a0225a38,600572,32,bits-sq,32,512,13,transform_isolated,30,0.009544500000000001,0.009484,0.009621749999999998,0.9988998899889989,False,False
3fb8ea1c5cea68ee8159f3d984c6b8c2e2f70bb5e3ede1cd79af7121a0225a38,600572,32,bits-sq,32,512,13,upload_shared,1,0.687692,0.687692,0.687692,1.0336415139335633,False,False
3fb8ea1c5cea68ee8159f3d984c6b8c2e2f70bb5e3ede1cd79af7121a0225a38,600572,32,bits-sq,32,512,16,download,30,0.0080175,0.007947,0.008149749999999999,0.9974430932335516,False,False
3fb8ea1c5cea68ee8159f3d984c6b8c2e2f70bb5e3ede1cd79af7121a0225a38,600572,32,bits-sq,32,512,16,operator,30,0.0578425,0.05771725,0.0582005,1.0179193499589403,False,False
3fb8ea1c5cea68ee8159f3d984c6b8c2e2f70bb5e3ede1cd79af7121a0225a38,600572,32,bits-sq,32,512,16,output_isolated,30,0.0075815,0.007531250000000001,0.00768875,1.6288333443250018,False,False
3fb8ea1c5cea68ee8159f3d984c6b8c2e2f70bb5e3ede1cd79af7121a0225a38,600572,32,bits-sq,32,512,16,selection_isolated,30,0.046906,0.04667325,0.047141749999999996,0.9181128213874556,False,False
3fb8ea1c5cea68ee8159f3d984c6b8c2e2f70bb5e3ede1cd79af7121a0225a38,600572,32,bits-sq,32,512,16,transform_isolated,30,0.0094895,0.009437250000000001,0.00956475,1.0046893935402288,False,False
3fb8ea1c5cea68ee8159f3d984c6b8c2e2f70bb5e3ede1cd79af7121a0225a38,600572,32,bits-sq,32,512,16,upload_shared,1,0.676184,0.676184,0.676184,1.0512330963169787,False,False
3fb8ea1c5cea68ee8159f3d984c6b8c2e2f70bb5e3ede1cd79af7121a0225a38,600572,32,bits-sq,128,128,4,download,30,0.008007,0.007924500000000001,0.00813275,0.9987510927938055,False,False
3fb8ea1c5cea68ee8159f3d984c6b8c2e2f70bb5e3ede1cd79af7121a0225a38,600572,32,bits-sq,128,128,4,operator,30,0.060687000000000005,0.06038125,0.0609595,0.970207787499794,False,False
3fb8ea1c5cea68ee8159f3d984c6b8c2e2f70bb5e3ede1cd79af7121a0225a38,600572,32,bits-sq,128,128,4,output_isolated,30,0.0076815,0.00761625,0.007879500000000001,1.6076287183492808,False,False
3fb8ea1c5cea68ee8159f3d984c6b8c2e2f70bb5e3ede1cd79af7121a0225a38,600572,32,bits-sq,128,128,4,selection_isolated,30,0.0497755,0.0496,0.050020999999999996,0.8651846792096514,False,False
3fb8ea1c5cea68ee8159f3d984c6b8c2e2f70bb5e3ede1cd79af7121a0225a38,600572,32,bits-sq,128,128,4,transform_isolated,30,0.009509,0.009381500000000001,0.0095815,1.002629088232201,False,False
3fb8ea1c5cea68ee8159f3d984c6b8c2e2f70bb5e3ede1cd79af7121a0225a38,600572,32,bits-sq,128,128,4,upload_shared,1,0.6963750000000001,0.6963750000000001,0.6963750000000001,1.0207531861425236,False,False
3fb8ea1c5cea68ee8159f3d984c6b8c2e2f70bb5e3ede1cd79af7121a0225a38,600572,32,bits-sq,128,128,7,download,30,0.008077,0.0079845,0.00816975,0.9900953324254055,False,False
3fb8ea1c5cea68ee8159f3d984c6b8c2e2f70bb5e3ede1cd79af7121a0225a38,600572,32,bits-sq,128,128,7,operator,30,0.060096,0.06000325,0.0602585,0.9797490681576145,False,False
3fb8ea1c5cea68ee8159f3d984c6b8c2e2f70bb5e3ede1cd79af7121a0225a38,600572,32,bits-sq,128,128,7,output_isolated,30,0.0076615,0.00760125,0.0077020000000000005,1.6118253605690793,False,False
3fb8ea1c5cea68ee8159f3d984c6b8c2e2f70bb5e3ede1cd79af7121a0225a38,600572,32,bits-sq,128,128,7,selection_isolated,30,0.049355,0.049277499999999995,0.04954775,0.872555972039307,False,False
3fb8ea1c5cea68ee8159f3d984c6b8c2e2f70bb5e3ede1cd79af7121a0225a38,600572,32,bits-sq,128,128,7,transform_isolated,30,0.009489,0.009416500000000001,0.0095525,1.0047423332279484,False,False
3fb8ea1c5cea68ee8159f3d984c6b8c2e2f70bb5e3ede1cd79af7121a0225a38,600572,32,bits-sq,128,128,7,upload_shared,1,0.700782,0.700782,0.700782,1.0143339868889325,False,False
3fb8ea1c5cea68ee8159f3d984c6b8c2e2f70bb5e3ede1cd79af7121a0225a38,600572,32,bits-sq,128,128,8,download,30,0.007972,0.007917,0.00816975,1.003135975915705,False,False
3fb8ea1c5cea68ee8159f3d984c6b8c2e2f70bb5e3ede1cd79af7121a0225a38,600572,32,bits-sq,128,128,8,operator,30,0.060021000000000005,0.05987025,0.06035875,0.9809733260025657,False,False
3fb8ea1c5cea68ee8159f3d984c6b8c2e2f70bb5e3ede1cd79af7121a0225a38,600572,32,bits-sq,128,128,8,output_isolated,30,0.007611,0.007522,0.00767925,1.6225200367888584,False,False
3fb8ea1c5cea68ee8159f3d984c6b8c2e2f70bb5e3ede1cd79af7121a0225a38,600572,32,bits-sq,128,128,8,selection_isolated,30,0.049164,0.049048999999999995,0.04923175,0.8759458140102514,False,False
3fb8ea1c5cea68ee8159f3d984c6b8c2e2f70bb5e3ede1cd79af7121a0225a38,600572,32,bits-sq,128,128,8,transform_isolated,30,0.009369,0.0093265,0.009434,1.0176112712135768,False,False
3fb8ea1c5cea68ee8159f3d984c6b8c2e2f70bb5e3ede1cd79af7121a0225a38,600572,32,bits-sq,128,128,8,upload_shared,1,0.693831,0.693831,0.693831,1.0244958786793903,False,False
3fb8ea1c5cea68ee8159f3d984c6b8c2e2f70bb5e3ede1cd79af7121a0225a38,600572,32,bits-sq,128,128,13,download,30,0.0080425,0.007947,0.00813975,0.9943425551756296,False,False
3fb8ea1c5cea68ee8159f3d984c6b8c2e2f70bb5e3ede1cd79af7121a0225a38,600572,32,bits-sq,128,128,13,operator,30,0.065049,0.0649005,0.065444,0.905148426570739,False,False
3fb8ea1c5cea68ee8159f3d984c6b8c2e2f70bb5e3ede1cd79af7121a0225a38,600572,32,bits-sq,128,128,13,output_isolated,30,0.007627,0.007518749999999999,0.00768375,1.6191162973646258,False,False
3fb8ea1c5cea68ee8159f3d984c6b8c2e2f70bb5e3ede1cd79af7121a0225a38,600572,32,bits-sq,128,128,13,selection_isolated,30,0.054132,0.0539745,0.054224499999999995,0.79555530924407,False,False
3fb8ea1c5cea68ee8159f3d984c6b8c2e2f70bb5e3ede1cd79af7121a0225a38,600572,32,bits-sq,128,128,13,transform_isolated,30,0.009458999999999999,0.009386499999999999,0.00954175,1.0079289565493184,False,False
3fb8ea1c5cea68ee8159f3d984c6b8c2e2f70bb5e3ede1cd79af7121a0225a38,600572,32,bits-sq,128,128,13,upload_shared,1,0.6933710000000001,0.6933710000000001,0.6933710000000001,1.0251755553664632,False,False
3fb8ea1c5cea68ee8159f3d984c6b8c2e2f70bb5e3ede1cd79af7121a0225a38,600572,32,bits-sq,128,128,16,download,30,0.008067000000000001,0.007992,0.008160500000000001,0.9913226726168339,False,False
3fb8ea1c5cea68ee8159f3d984c6b8c2e2f70bb5e3ede1cd79af7121a0225a38,600572,32,bits-sq,128,128,16,operator,30,0.0695355,0.069475,0.06971075,0.8467473448813916,False,False
3fb8ea1c5cea68ee8159f3d984c6b8c2e2f70bb5e3ede1cd79af7121a0225a38,600572,32,bits-sq,128,128,16,output_isolated,30,0.007562,0.007496,0.007667,1.6330335889976197,False,False
3fb8ea1c5cea68ee8159f3d984c6b8c2e2f70bb5e3ede1cd79af7121a0225a38,600572,32,bits-sq,128,128,16,selection_isolated,30,0.0590195,0.05889225,0.059120000000000006,0.7296740907666109,False,False
3fb8ea1c5cea68ee8159f3d984c6b8c2e2f70bb5e3ede1cd79af7121a0225a38,600572,32,bits-sq,128,128,16,transform_isolated,30,0.0094245,0.0093665,0.009529000000000001,1.01161865350947,False,False
3fb8ea1c5cea68ee8159f3d984c6b8c2e2f70bb5e3ede1cd79af7121a0225a38,600572,32,bits-sq,128,128,16,upload_shared,1,0.68654,0.68654,0.68654,1.0353759431351413,False,False
3fb8ea1c5cea68ee8159f3d984c6b8c2e2f70bb5e3ede1cd79af7121a0225a38,600572,32,bits-sq,128,256,4,download,30,0.0080025,0.007934499999999999,0.008052,0.9993127147766325,False,False
3fb8ea1c5cea68ee8159f3d984c6b8c2e2f70bb5e3ede1cd79af7121a0225a38,600572,32,bits-sq,128,256,4,operator,30,0.0532755,0.05305,0.053526,1.1051796792146484,False,False
3fb8ea1c5cea68ee8159f3d984c6b8c2e2f70bb5e3ede1cd79af7121a0225a38,600572,32,bits-sq,128,256,4,output_isolated,30,0.0076115,0.0075534999999999995,0.00764875,1.6224134533272023,False,False
3fb8ea1c5cea68ee8159f3d984c6b8c2e2f70bb5e3ede1cd79af7121a0225a38,600572,32,bits-sq,128,256,4,selection_isolated,30,0.0424645,0.042349000000000005,0.042577250000000004,1.0141412238458005,False,False
3fb8ea1c5cea68ee8159f3d984c6b8c2e2f70bb5e3ede1cd79af7121a0225a38,600572,32,bits-sq,128,256,4,transform_isolated,30,0.0094745,0.0094365,0.009544750000000001,1.0062800147765054,False,False
3fb8ea1c5cea68ee8159f3d984c6b8c2e2f70bb5e3ede1cd79af7121a0225a38,600572,32,bits-sq,128,256,4,upload_shared,1,0.681523,0.681523,0.681523,1.042997815187455,False,False
3fb8ea1c5cea68ee8159f3d984c6b8c2e2f70bb5e3ede1cd79af7121a0225a38,600572,32,bits-sq,128,256,7,download,30,0.008052,0.0079745,0.008646250000000001,0.9931693989071039,False,False
3fb8ea1c5cea68ee8159f3d984c6b8c2e2f70bb5e3ede1cd79af7121a0225a38,600572,32,bits-sq,128,256,7,operator,30,0.054548,0.05429525,0.05498125,1.0793979614284668,False,False
3fb8ea1c5cea68ee8159f3d984c6b8c2e2f70bb5e3ede1cd79af7121a0225a38,600572,32,bits-sq,128,256,7,output_isolated,30,0.0076215,0.007501249999999999,0.007794250000000001,1.6202847208554747,False,False
3fb8ea1c5cea68ee8159f3d984c6b8c2e2f70bb5e3ede1cd79af7121a0225a38,600572,32,bits-sq,128,256,7,selection_isolated,30,0.043681,0.043498499999999996,0.0439345,0.9858977587509444,False,False
3fb8ea1c5cea68ee8159f3d984c6b8c2e2f70bb5e3ede1cd79af7121a0225a38,600572,32,bits-sq,128,256,7,transform_isolated,30,0.009529,0.009379,0.0097275,1.0005247140308533,False,False
3fb8ea1c5cea68ee8159f3d984c6b8c2e2f70bb5e3ede1cd79af7121a0225a38,600572,32,bits-sq,128,256,7,upload_shared,1,0.6826239999999999,0.6826239999999999,0.6826239999999999,1.0413155705044066,False,False
3fb8ea1c5cea68ee8159f3d984c6b8c2e2f70bb5e3ede1cd79af7121a0225a38,600572,32,bits-sq,128,256,8,download,30,0.011161500000000001,0.008863,0.011422,0.7164807597545133,False,False
3fb8ea1c5cea68ee8159f3d984c6b8c2e2f70bb5e3ede1cd79af7121a0225a38,600572,32,bits-sq,128,256,8,operator,30,0.0572715,0.05433725,0.05771775,1.0280680617759268,False,False
3fb8ea1c5cea68ee8159f3d984c6b8c2e2f70bb5e3ede1cd79af7121a0225a38,600572,32,bits-sq,128,256,8,output_isolated,30,0.009564,0.008042,0.00979975,1.2911961522375577,False,False
3fb8ea1c5cea68ee8159f3d984c6b8c2e2f70bb5e3ede1cd79af7121a0225a38,600572,32,bits-sq,128,256,8,selection_isolated,30,0.045038,0.04301749999999999,0.045244,0.9561925485145877,False,False
3fb8ea1c5cea68ee8159f3d984c6b8c2e2f70bb5e3ede1cd79af7121a0225a38,600572,32,bits-sq,128,256,8,transform_isolated,30,0.011437000000000001,0.009755,0.011589499999999999,0.8336102124683046,False,False
3fb8ea1c5cea68ee8159f3d984c6b8c2e2f70bb5e3ede1cd79af7121a0225a38,600572,32,bits-sq,128,256,8,upload_shared,1,0.703166,0.703166,0.703166,1.0108950091443558,False,False
3fb8ea1c5cea68ee8159f3d984c6b8c2e2f70bb5e3ede1cd79af7121a0225a38,600572,32,bits-sq,128,256,13,download,30,0.0081275,0.008002,0.0087555,0.9839434020301447,False,False
3fb8ea1c5cea68ee8159f3d984c6b8c2e2f70bb5e3ede1cd79af7121a0225a38,600572,32,bits-sq,128,256,13,operator,30,0.0566305,0.05649075,0.0571035,1.0397047527392482,False,False
3fb8ea1c5cea68ee8159f3d984c6b8c2e2f70bb5e3ede1cd79af7121a0225a38,600572,32,bits-sq,128,256,13,output_isolated,30,0.0076065,0.007509249999999999,0.007686999999999999,1.6234799184907645,False,False
3fb8ea1c5cea68ee8159f3d984c6b8c2e2f70bb5e3ede1cd79af7121a0225a38,600572,32,bits-sq,128,256,13,selection_isolated,30,0.045669,0.04549399999999999,0.04584725,0.9429810155685475,False,False
3fb8ea1c5cea68ee8159f3d984c6b8c2e2f70bb5e3ede1cd79af7121a0225a38,600572,32,bits-sq,128,256,13,transform_isolated,30,0.009458999999999999,0.0093875,0.00960475,1.0079289565493184,False,False
3fb8ea1c5cea68ee8159f3d984c6b8c2e2f70bb5e3ede1cd79af7121a0225a38,600572,32,bits-sq,128,256,13,upload_shared,1,0.707622,0.707622,0.707622,1.0045292543193964,False,False
3fb8ea1c5cea68ee8159f3d984c6b8c2e2f70bb5e3ede1cd79af7121a0225a38,600572,32,bits-sq,128,256,16,download,30,0.008022,0.007934499999999999,0.00817275,0.9968835701819996,False,False
3fb8ea1c5cea68ee8159f3d984c6b8c2e2f70bb5e3ede1cd79af7121a0225a38,600572,32,bits-sq,128,256,16,operator,30,0.05774750000000001,0.05760775,0.058055499999999996,1.0195939218147971,False,False
3fb8ea1c5cea68ee8159f3d984c6b8c2e2f70bb5e3ede1cd79af7121a0225a38,600572,32,bits-sq,128,256,16,output_isolated,30,0.007622,0.007563500000000001,0.0077020000000000005,1.6201784308580425,False,False
3fb8ea1c5cea68ee8159f3d984c6b8c2e2f70bb5e3ede1cd79af7121a0225a38,600572,32,bits-sq,128,256,16,selection_isolated,30,0.046761,0.046623500000000005,0.046891,0.9209597741707833,False,False
3fb8ea1c5cea68ee8159f3d984c6b8c2e2f70bb5e3ede1cd79af7121a0225a38,600572,32,bits-sq,128,256,16,transform_isolated,30,0.009495,0.00944425,0.00969975,1.0041074249605055,False,False
3fb8ea1c5cea68ee8159f3d984c6b8c2e2f70bb5e3ede1cd79af7121a0225a38,600572,32,bits-sq,128,256,16,upload_shared,1,0.7051689999999999,0.7051689999999999,0.7051689999999999,1.0080236085250487,False,False
3fb8ea1c5cea68ee8159f3d984c6b8c2e2f70bb5e3ede1cd79af7121a0225a38,600572,32,bits-sq,128,512,4,download,30,0.007972,0.0079145,0.0080845,1.003135975915705,True,False
3fb8ea1c5cea68ee8159f3d984c6b8c2e2f70bb5e3ede1cd79af7121a0225a38,600572,32,bits-sq,128,512,4,operator,30,0.053176,0.0529825,0.05350075,1.1072476305100045,True,False
3fb8ea1c5cea68ee8159f3d984c6b8c2e2f70bb5e3ede1cd79af7121a0225a38,600572,32,bits-sq,128,512,4,output_isolated,30,0.0076265000000000005,0.007518499999999999,0.007676249999999999,1.619222448043008,True,False
3fb8ea1c5cea68ee8159f3d984c6b8c2e2f70bb5e3ede1cd79af7121a0225a38,600572,32,bits-sq,128,512,4,selection_isolated,30,0.042274,0.042156500000000006,0.042334,1.018711264607087,True,False
3fb8ea1c5cea68ee8159f3d984c6b8c2e2f70bb5e3ede1cd79af7121a0225a38,600572,32,bits-sq,128,512,4,transform_isolated,30,0.009453999999999999,0.0093675,0.009575,1.008462026655384,True,False
3fb8ea1c5cea68ee8159f3d984c6b8c2e2f70bb5e3ede1cd79af7121a0225a38,600572,32,bits-sq,128,512,4,upload_shared,1,0.69974,0.69974,0.69974,1.015844456512419,True,False
3fb8ea1c5cea68ee8159f3d984c6b8c2e2f70bb5e3ede1cd79af7121a0225a38,600572,32,bits-sq,128,512,7,download,30,0.007937,0.007872,0.008030250000000001,1.007559531309059,False,False
3fb8ea1c5cea68ee8159f3d984c6b8c2e2f70bb5e3ede1cd79af7121a0225a38,600572,32,bits-sq,128,512,7,operator,30,0.059245,0.059111750000000005,0.059533249999999996,0.9938222634821504,False,False
3fb8ea1c5cea68ee8159f3d984c6b8c2e2f70bb5e3ede1cd79af7121a0225a38,600572,32,bits-sq,128,512,7,output_isolated,30,0.007592000000000001,0.007521,0.007693749999999999,1.6265806111696521,False,False
3fb8ea1c5cea68ee8159f3d984c6b8c2e2f70bb5e3ede1cd79af7121a0225a38,600572,32,bits-sq,128,512,7,selection_isolated,30,0.048373,0.048283,0.04848375,0.8902693651417113,False,False
3fb8ea1c5cea68ee8159f3d984c6b8c2e2f70bb5e3ede1cd79af7121a0225a38,600572,32,bits-sq,128,512,7,transform_isolated,30,0.009544,0.009476499999999999,0.009629,0.9989522212908634,False,False
3fb8ea1c5cea68ee8159f3d984c6b8c2e2f70bb5e3ede1cd79af7121a0225a38,600572,32,bits-sq,128,512,7,upload_shared,1,0.698769,0.698769,0.698769,1.0172560603003282,False,False
3fb8ea1c5cea68ee8159f3d984c6b8c2e2f70bb5e3ede1cd79af7121a0225a38,600572,32,bits-sq,128,512,8,download,30,0.008057,0.0080045,0.0082445,0.9925530594514088,False,False
3fb8ea1c5cea68ee8159f3d984c6b8c2e2f70bb5e3ede1cd79af7121a0225a38,600572,32,bits-sq,128,512,8,operator,30,0.0537115,0.053501,0.05393125,1.096208446980628,False,False
3fb8ea1c5cea68ee8159f3d984c6b8c2e2f70bb5e3ede1cd79af7121a0225a38,600572,32,bits-sq,128,512,8,output_isolated,30,0.0076065,0.007542,0.007659249999999999,1.6234799184907645,False,False
3fb8ea1c5cea68ee8159f3d984c6b8c2e2f70bb5e3ede1cd79af7121a0225a38,600572,32,bits-sq,128,512,8,selection_isolated,30,0.04287,0.042735,0.04301,1.004548635409377,False,False
3fb8ea1c5cea68ee8159f3d984c6b8c2e2f70bb5e3ede1cd79af7121a0225a38,600572,32,bits-sq,128,512,8,transform_isolated,30,0.009474,0.00938725,0.0095525,1.006333122229259,False,False
3fb8ea1c5cea68ee8159f3d984c6b8c2e2f70bb5e3ede1cd79af7121a0225a38,600572,32,bits-sq,128,512,8,upload_shared,1,0.700271,0.700271,0.700271,1.0150741641450238,False,False
3fb8ea1c5cea68ee8159f3d984c6b8c2e2f70bb5e3ede1cd79af7121a0225a38,600572,32,bits-sq,128,512,13,download,30,0.008012499999999999,0.0079145,0.008152000000000001,0.9980655226209051,False,False
3fb8ea1c5cea68ee8159f3d984c6b8c2e2f70bb5e3ede1cd79af7121a0225a38,600572,32,bits-sq,128,512,13,operator,30,0.05944,0.05934025,0.0596,0.9905619111709287,False,False
3fb8ea1c5cea68ee8159f3d984c6b8c2e2f70bb5e3ede1cd79af7121a0225a38,600572,32,bits-sq,128,512,13,output_isolated,30,0.0075864999999999995,0.007541,0.00773625,1.6277598365517698,False,False
3fb8ea1c5cea68ee8159f3d984c6b8c2e2f70bb5e3ede1cd79af7121a0225a38,600572,32,bits-sq,128,512,13,selection_isolated,30,0.048603499999999994,0.0484705,0.048813999999999996,0.8860473011202897,False,False
3fb8ea1c5cea68ee8159f3d984c6b8c2e2f70bb5e3ede1cd79af7121a0225a38,600572,32,bits-sq,128,512,13,transform_isolated,30,0.0094345,0.0093665,0.009529000000000001,1.0105463988552654,False,False
3fb8ea1c5cea68ee8159f3d984c6b8c2e2f70bb5e3ede1cd79af7121a0225a38,600572,32,bits-sq,128,512,13,upload_shared,1,0.702134,0.702134,0.702134,1.0123808275913144,False,False
3fb8ea1c5cea68ee8159f3d984c6b8c2e2f70bb5e3ede1cd79af7121a0225a38,600572,32,bits-sq,128,512,16,download,30,0.008077500000000001,0.00801225,0.008182,0.9900340451872485,False,False
3fb8ea1c5cea68ee8159f3d984c6b8c2e2f70bb5e3ede1cd79af7121a0225a38,600572,32,bits-sq,128,512,16,operator,30,0.060362,0.0602535,0.060511999999999996,0.9754315629038137,False,False
3fb8ea1c5cea68ee8159f3d984c6b8c2e2f70bb5e3ede1cd79af7121a0225a38,600572,32,bits-sq,128,512,16,output_isolated,30,0.0076065,0.007521750000000001,0.007732,1.6234799184907645,False,False
3fb8ea1c5cea68ee8159f3d984c6b8c2e2f70bb5e3ede1cd79af7121a0225a38,600572,32,bits-sq,128,512,16,selection_isolated,30,0.04955,0.0494675,0.049655,0.8691220988900101,False,False
3fb8ea1c5cea68ee8159f3d984c6b8c2e2f70bb5e3ede1cd79af7121a0225a38,600572,32,bits-sq,128,512,16,transform_isolated,30,0.009539,0.00947425,0.00966425,0.9994758360415138,False,False
3fb8ea1c5cea68ee8159f3d984c6b8c2e2f70bb5e3ede1cd79af7121a0225a38,600572,32,bits-sq,128,512,16,upload_shared,1,0.6992889999999999,0.6992889999999999,0.6992889999999999,1.0164996160385764,False,False
3fb8ea1c5cea68ee8159f3d984c6b8c2e2f70bb5e3ede1cd79af7121a0225a38,600572,32,bits-sq,512,128,4,download,30,0.008107,0.007982000000000001,0.008403,0.9864314789687926,False,False
3fb8ea1c5cea68ee8159f3d984c6b8c2e2f70bb5e3ede1cd79af7121a0225a38,600572,32,bits-sq,512,128,4,operator,30,0.09208,0.09179399999999999,0.09257000000000001,0.6394331016507385,False,False
3fb8ea1c5cea68ee8159f3d984c6b8c2e2f70bb5e3ede1cd79af7121a0225a38,600572,32,bits-sq,512,128,4,output_isolated,30,0.0076714999999999995,0.00756425,0.007902,1.6097243042429774,False,False
3fb8ea1c5cea68ee8159f3d984c6b8c2e2f70bb5e3ede1cd79af7121a0225a38,600572,32,bits-sq,512,128,4,selection_isolated,30,0.0809375,0.08086225000000001,0.08109975,0.5320772200772201,False,False
3fb8ea1c5cea68ee8159f3d984c6b8c2e2f70bb5e3ede1cd79af7121a0225a38,600572,32,bits-sq,512,128,4,transform_isolated,30,0.009453999999999999,0.009362249999999999,0.009549,1.008462026655384,False,False
3fb8ea1c5cea68ee8159f3d984c6b8c2e2f70bb5e3ede1cd79af7121a0225a38,600572,32,bits-sq,512,128,4,upload_shared,1,0.7013320000000001,0.7013320000000001,0.7013320000000001,1.0135385238374977,False,False
3fb8ea1c5cea68ee8159f3d984c6b8c2e2f70bb5e3ede1cd79af7121a0225a38,600572,32,bits-sq,512,128,7,download,30,0.008057,0.00798525,0.008222,0.9925530594514088,False,False
3fb8ea1c5cea68ee8159f3d984c6b8c2e2f70bb5e3ede1cd79af7121a0225a38,600572,32,bits-sq,512,128,7,operator,30,0.088489,0.08830149999999999,0.0888525,0.6653821378928455,False,False
3fb8ea1c5cea68ee8159f3d984c6b8c2e2f70bb5e3ede1cd79af7121a0225a38,600572,32,bits-sq,512,128,7,output_isolated,30,0.007642,0.0075667500000000006,0.007736250000000001,1.6159382360638577,False,False
3fb8ea1c5cea68ee8159f3d984c6b8c2e2f70bb5e3ede1cd79af7121a0225a38,600572,32,bits-sq,512,128,7,selection_isolated,30,0.077698,0.07757950000000001,0.0777645,0.5542613709490591,False,False
3fb8ea1c5cea68ee8159f3d984c6b8c2e2f70bb5e3ede1cd79af7121a0225a38,600572,32,bits-sq,512,128,7,transform_isolated,30,0.0094845,0.0094015,0.009569250000000001,1.0052190415941802,False,False
3fb8ea1c5cea68ee8159f3d984c6b8c2e2f70bb5e3ede1cd79af7121a0225a38,600572,32,bits-sq,512,128,7,upload_shared,1,0.6957139999999999,0.6957139999999999,0.6957139999999999,1.0217230068677647,False,False
3fb8ea1c5cea68ee8159f3d984c6b8c2e2f70bb5e3ede1cd79af7121a0225a38,600572,32,bits-sq,512,128,8,download,30,0.0080275,0.007924500000000001,0.008489749999999999,0.9962005605730303,False,False
3fb8ea1c5cea68ee8159f3d984c6b8c2e2f70bb5e3ede1cd79af7121a0225a38,600572,32,bits-sq,512,128,8,operator,30,0.089946,0.08960850000000001,0.090252,0.6546038734351722,False,False
3fb8ea1c5cea68ee8159f3d984c6b8c2e2f70bb5e3ede1cd79af7121a0225a38,600572,32,bits-sq,512,128,8,output_isolated,30,0.007641500000000001,0.00752125,0.007937,1.6160439704246548,False,False
3fb8ea1c5cea68ee8159f3d984c6b8c2e2f70bb5e3ede1cd79af7121a0225a38,600572,32,bits-sq,512,128,8,selection_isolated,30,0.078874,0.07877925000000001,0.07902999999999999,0.5459974135963689,False,False
3fb8ea1c5cea68ee8159f3d984c6b8c2e2f70bb5e3ede1cd79af7121a0225a38,600572,32,bits-sq,512,128,8,transform_isolated,30,0.0094495,0.009344,0.0095675,1.0089422720778878,False,False
3fb8ea1c5cea68ee8159f3d984c6b8c2e2f70bb5e3ede1cd79af7121a0225a38,600572,32,bits-sq,512,128,8,upload_shared,1,0.7015530000000001,0.7015530000000001,0.7015530000000001,1.0132192435924299,False,False
3fb8ea1c5cea68ee8159f3d984c6b8c2e2f70bb5e3ede1cd79af7121a0225a38,600572,32,bits-sq,512,128,13,download,30,0.007992,0.007932,0.008128,1.0006256256256256,False,False
3fb8ea1c5cea68ee8159f3d984c6b8c2e2f70bb5e3ede1cd79af7121a0225a38,600572,32,bits-sq,512,128,13,operator,30,0.091614,0.09148875,0.09194475,0.6426856157355862,False,False
3fb8ea1c5cea68ee8159f3d984c6b8c2e2f70bb5e3ede1cd79af7121a0225a38,600572,32,bits-sq,512,128,13,output_isolated,30,0.0076370000000000006,0.007586,0.007776999999999999,1.6169962026973943,False,False
3fb8ea1c5cea68ee8159f3d984c6b8c2e2f70bb5e3ede1cd79af7121a0225a38,600572,32,bits-sq,512,128,13,selection_isolated,30,0.0805025,0.08032199999999999,0.08064949999999999,0.5349523306729604,False,False
3fb8ea1c5cea68ee8159f3d984c6b8c2e2f70bb5e3ede1cd79af7121a0225a38,600572,32,bits-sq,512,128,13,transform_isolated,30,0.009469499999999999,0.0093965,0.0095465,1.006811341675907,False,False
3fb8ea1c5cea68ee8159f3d984c6b8c2e2f70bb5e3ede1cd79af7121a0225a38,600572,32,bits-sq,512,128,13,upload_shared,1,0.702044,0.702044,0.702044,1.012510611870481,False,False
3fb8ea1c5cea68ee8159f3d984c6b8c2e2f70bb5e3ede1cd79af7121a0225a38,600572,32,bits-sq,512,128,16,download,30,0.008132,0.008052,0.008261999999999999,0.9833989178553861,False,False
3fb8ea1c5cea68ee8159f3d984c6b8c2e2f70bb5e3ede1cd79af7121a0225a38,600572,32,bits-sq,512,128,16,operator,30,0.09207,0.091914,0.09238500000000001,0.6395025524057782,False,False
3fb8ea1c5cea68ee8159f3d984c6b8c2e2f70bb5e3ede1cd79af7121a0225a38,600572,32,bits-sq,512,128,16,output_isolated,30,0.0076215,0.00754375,0.007743750000000001,1.6202847208554747,False,False
3fb8ea1c5cea68ee8159f3d984c6b8c2e2f70bb5e3ede1cd79af7121a0225a38,600572,32,bits-sq,512,128,16,selection_isolated,30,0.08109749999999999,0.080992,0.081233,0.5310274669379451,False,False
3fb8ea1c5cea68ee8159f3d984c6b8c2e2f70bb5e3ede1cd79af7121a0225a38,600572,32,bits-sq,512,128,16,transform_isolated,30,0.0095,0.009421500000000001,0.00963175,1.0035789473684211,False,False
3fb8ea1c5cea68ee8159f3d984c6b8c2e2f70bb5e3ede1cd79af7121a0225a38,600572,32,bits-sq,512,128,16,upload_shared,1,0.697898,0.697898,0.697898,1.0185256298198304,False,False
3fb8ea1c5cea68ee8159f3d984c6b8c2e2f70bb5e3ede1cd79af7121a0225a38,600572,32,bits-sq,512,256,4,download,30,0.008047,0.007947,0.00820525,0.9937865042873121,False,False
3fb8ea1c5cea68ee8159f3d984c6b8c2e2f70bb5e3ede1cd79af7121a0225a38,600572,32,bits-sq,512,256,4,operator,30,0.071253,0.07112025,0.07146325,0.8263371366819643,False,False
3fb8ea1c5cea68ee8159f3d984c6b8c2e2f70bb5e3ede1cd79af7121a0225a38,600572,32,bits-sq,512,256,4,output_isolated,30,0.007611,0.0075335,0.00769875,1.6225200367888584,False,False
3fb8ea1c5cea68ee8159f3d984c6b8c2e2f70bb5e3ede1cd79af7121a0225a38,600572,32,bits-sq,512,256,4,selection_isolated,30,0.060577,0.060466250000000006,0.060786999999999994,0.7109133829671327,False,False
3fb8ea1c5cea68ee8159f3d984c6b8c2e2f70bb5e3ede1cd79af7121a0225a38,600572,32,bits-sq,512,256,4,transform_isolated,30,0.009430000000000001,0.009354000000000001,0.009519000000000001,1.0110286320254507,False,False
3fb8ea1c5cea68ee8159f3d984c6b8c2e2f70bb5e3ede1cd79af7121a0225a38,600572,32,bits-sq,512,256,4,upload_shared,1,0.697797,0.697797,0.697797,1.018673052478013,False,False
3fb8ea1c5cea68ee8159f3d984c6b8c2e2f70bb5e3ede1cd79af7121a0225a38,600572,32,bits-sq,512,256,7,download,30,0.0080325,0.007956999999999999,0.0083705,0.9955804544039839,False,False
3fb8ea1c5cea68ee8159f3d984c6b8c2e2f70bb5e3ede1cd79af7121a0225a38,600572,32,bits-sq,512,256,7,operator,30,0.07265,0.07248,0.07310825,0.810447350309704,False,False
3fb8ea1c5cea68ee8159f3d984c6b8c2e2f70bb5e3ede1cd79af7121a0225a38,600572,32,bits-sq,512,256,7,output_isolated,30,0.007657000000000001,0.00759125,0.0077395,1.6127726263549693,False,False
3fb8ea1c5cea68ee8159f3d984c6b8c2e2f70bb5e3ede1cd79af7121a0225a38,600572,32,bits-sq,512,256,7,selection_isolated,30,0.0617735,0.06160325,0.0620865,0.6971435971735452,False,False
3fb8ea1c5cea68ee8159f3d984c6b8c2e2f70bb5e3ede1cd79af7121a0225a38,600572,32,bits-sq,512,256,7,transform_isolated,30,0.0094745,0.009409250000000001,0.00955175,1.0062800147765054,False,False
3fb8ea1c5cea68ee8159f3d984c6b8c2e2f70bb5e3ede1cd79af7121a0225a38,600572,32,bits-sq,512,256,7,upload_shared,1,0.701873,0.701873,0.701873,1.0127572936984326,False,False
3fb8ea1c5cea68ee8159f3d984c6b8c2e2f70bb5e3ede1cd79af7121a0225a38,600572,32,bits-sq,512,256,8,download,30,0.0081175,0.008032000000000001,0.00826525,0.9851555281798584,False,False
3fb8ea1c5cea68ee8159f3d984c6b8c2e2f70bb5e3ede1cd79af7121a0225a38,600572,32,bits-sq,512,256,8,operator,30,0.07264,0.07249649999999999,0.0728425,0.8105589207048459,False,False
3fb8ea1c5cea68ee8159f3d984c6b8c2e2f70bb5e3ede1cd79af7121a0225a38,600572,32,bits-sq,512,256,8,output_isolated,30,0.0076515,0.007573749999999999,0.007722,1.613931908776057,False,False
3fb8ea1c5cea68ee8159f3d984c6b8c2e2f70bb5e3ede1cd79af7121a0225a38,600572,32,bits-sq,512,256,8,selection_isolated,30,0.061739,0.061673250000000006,0.061883249999999994,0.6975331638024587,False,False
3fb8ea1c5cea68ee8159f3d984c6b8c2e2f70bb5e3ede1cd79af7121a0225a38,600572,32,bits-sq,512,256,8,transform_isolated,30,0.0094945,0.009424,0.00959725,1.004160303333509,False,False
3fb8ea1c5cea68ee8159f3d984c6b8c2e2f70bb5e3ede1cd79af7121a0225a38,600572,32,bits-sq,512,256,8,upload_shared,1,0.694362,0.694362,0.694362,1.023712415137925,False,False
3fb8ea1c5cea68ee8159f3d984c6b8c2e2f70bb5e3ede1cd79af7121a0225a38,600572,32,bits-sq,512,256,13,download,30,0.007987000000000001,0.007932,0.008052,1.0012520345561537,False,False
3fb8ea1c5cea68ee8159f3d984c6b8c2e2f70bb5e3ede1cd79af7121a0225a38,600572,32,bits-sq,512,256,13,operator,30,0.070552,0.07045625,0.0708795,0.8345475677514457,False,False
3fb8ea1c5cea68ee8159f3d984c6b8c2e2f70bb5e3ede1cd79af7121a0225a38,600572,32,bits-sq,512,256,13,output_isolated,30,0.007622,0.00752625,0.0077395,1.6201784308580425,False,False
3fb8ea1c5cea68ee8159f3d984c6b8c2e2f70bb5e3ede1cd79af7121a0225a38,600572,32,bits-sq,512,256,13,selection_isolated,30,0.0596305,0.0594875,0.05984775,0.722197533141597,False,False
3fb8ea1c5cea68ee8159f3d984c6b8c2e2f70bb5e3ede1cd79af7121a0225a38,600572,32,bits-sq,512,256,13,transform_isolated,30,0.00954,0.009437250000000001,0.00962,0.99937106918239,False,False
3fb8ea1c5cea68ee8159f3d984c6b8c2e2f70bb5e3ede1cd79af7121a0225a38,600572,32,bits-sq,512,256,13,upload_shared,1,0.700401,0.700401,0.700401,1.0148857583013158,False,False
3fb8ea1c5cea68ee8159f3d984c6b8c2e2f70bb5e3ede1cd79af7121a0225a38,600572,32,bits-sq,512,256,16,download,30,0.008138,0.00804225,0.008282,0.9826738756451218,False,False
3fb8ea1c5cea68ee8159f3d984c6b8c2e2f70bb5e3ede1cd79af7121a0225a38,600572,32,bits-sq,512,256,16,operator,30,0.0741925,0.07398025000000001,0.07444224999999999,0.7935977356201773,False,False
3fb8ea1c5cea68ee8159f3d984c6b8c2e2f70bb5e3ede1cd79af7121a0225a38,600572,32,bits-sq,512,256,16,output_isolated,30,0.007641500000000001,0.00755925,0.007821000000000002,1.6160439704246548,False,False
3fb8ea1c5cea68ee8159f3d984c6b8c2e2f70bb5e3ede1cd79af7121a0225a38,600572,32,bits-sq,512,256,16,selection_isolated,30,0.06324099999999999,0.06307099999999999,0.0634335,0.6809664616309041,False,False
3fb8ea1c5cea68ee8159f3d984c6b8c2e2f70bb5e3ede1cd79af7121a0225a38,600572,32,bits-sq,512,256,16,transform_isolated,30,0.0094545,0.009361500000000002,0.00972,1.0084086942725687,False,False
3fb8ea1c5cea68ee8159f3d984c6b8c2e2f70bb5e3ede1cd79af7121a0225a38,600572,32,bits-sq,512,256,16,upload_shared,1,0.693361,0.693361,0.693361,1.0251903409623557,False,False
3fb8ea1c5cea68ee8159f3d984c6b8c2e2f70bb5e3ede1cd79af7121a0225a38,600572,32,bits-sq,512,512,4,download,30,0.008032000000000001,0.007994500000000002,0.00811975,0.9956424302788844,False,False
3fb8ea1c5cea68ee8159f3d984c6b8c2e2f70bb5e3ede1cd79af7121a0225a38,600572,32,bits-sq,512,512,4,operator,30,0.085695,0.08553475,0.0860575,0.6870762588249023,False,False
3fb8ea1c5cea68ee8159f3d984c6b8c2e2f70bb5e3ede1cd79af7121a0225a38,600572,32,bits-sq,512,512,4,output_isolated,30,0.0075864999999999995,0.007521,0.007802,1.6277598365517698,False,False
3fb8ea1c5cea68ee8159f3d984c6b8c2e2f70bb5e3ede1cd79af7121a0225a38,600572,32,bits-sq,512,512,4,selection_isolated,30,0.0748535,0.0747405,0.07499149999999999,0.5753237991543482,False,False
3fb8ea1c5cea68ee8159f3d984c6b8c2e2f70bb5e3ede1cd79af7121a0225a38,600572,32,bits-sq,512,512,4,transform_isolated,30,0.009534500000000001,0.0094415,0.009594,0.9999475588651738,False,False
3fb8ea1c5cea68ee8159f3d984c6b8c2e2f70bb5e3ede1cd79af7121a0225a38,600572,32,bits-sq,512,512,4,upload_shared,1,0.692219,0.692219,0.692219,1.02688166606233,False,False
3fb8ea1c5cea68ee8159f3d984c6b8c2e2f70bb5e3ede1cd79af7121a0225a38,600572,32,bits-sq,512,512,7,download,30,0.008132499999999999,0.008037,0.00842225,0.9833384568090995,False,False
3fb8ea1c5cea68ee8159f3d984c6b8c2e2f70bb5e3ede1cd79af7121a0225a38,600572,32,bits-sq,512,512,7,operator,30,0.103126,0.102775,0.10350949999999999,0.570942342377286,False,False
3fb8ea1c5cea68ee8159f3d984c6b8c2e2f70bb5e3ede1cd79af7121a0225a38,600572,32,bits-sq,512,512,7,output_isolated,30,0.007687,0.007584250000000001,0.007857000000000001,1.6064784701443997,False,False
3fb8ea1c5cea68ee8159f3d984c6b8c2e2f70bb5e3ede1cd79af7121a0225a38,600572,32,bits-sq,512,512,7,selection_isolated,30,0.09210499999999999,0.09197425000000001,0.09228475,0.4675641930405516,False,False
3fb8ea1c5cea68ee8159f3d984c6b8c2e2f70bb5e3ede1cd79af7121a0225a38,600572,32,bits-sq,512,512,7,transform_isolated,30,0.009569500000000002,0.009514,0.0097425,0.9962902972987093,False,False
3fb8ea1c5cea68ee8159f3d984c6b8c2e2f70bb5e3ede1cd79af7121a0225a38,600572,32,bits-sq,512,512,7,upload_shared,1,0.6882630000000001,0.6882630000000001,0.6882630000000001,1.0327839793799753,False,False
3fb8ea1c5cea68ee8159f3d984c6b8c2e2f70bb5e3ede1cd79af7121a0225a38,600572,32,bits-sq,512,512,8,download,30,0.0081125,0.00804525,0.0082405,0.9857627118644069,False,False
3fb8ea1c5cea68ee8159f3d984c6b8c2e2f70bb5e3ede1cd79af7121a0225a38,600572,32,bits-sq,512,512,8,operator,30,0.088559,0.08844650000000001,0.08891475,0.6648561975632065,False,False
3fb8ea1c5cea68ee8159f3d984c6b8c2e2f70bb5e3ede1cd79af7121a0225a38,600572,32,bits-sq,512,512,8,output_isolated,30,0.007647000000000001,0.00756125,0.007771999999999999,1.6148816529357917,False,False
3fb8ea1c5cea68ee8159f3d984c6b8c2e2f70bb5e3ede1cd79af7121a0225a38,600572,32,bits-sq,512,512,8,selection_isolated,30,0.07757700000000001,0.07751975,0.07768525000000001,0.5551258749371591,False,False
3fb8ea1c5cea68ee8159f3d984c6b8c2e2f70bb5e3ede1cd79af7121a0225a38,600572,32,bits-sq,512,512,8,transform_isolated,30,0.009453999999999999,0.009435,0.00958,1.008462026655384,False,False
3fb8ea1c5cea68ee8159f3d984c6b8c2e2f70bb5e3ede1cd79af7121a0225a38,600572,32,bits-sq,512,512,8,upload_shared,1,0.697366,0.697366,0.697366,1.0193026330506505,False,False
3fb8ea1c5cea68ee8159f3d984c6b8c2e2f70bb5e3ede1cd79af7121a0225a38,600572,32,bits-sq,512,512,13,download,30,0.0080375,0.00795225,0.008573,0.9949611197511665,False,False
3fb8ea1c5cea68ee8159f3d984c6b8c2e2f70bb5e3ede1cd79af7121a0225a38,600572,32,bits-sq,512,512,13,operator,30,0.1077735,0.1076155,0.10800824999999999,0.5463216839018868,False,False
3fb8ea1c5cea68ee8159f3d984c6b8c2e2f70bb5e3ede1cd79af7121a0225a38,600572,32,bits-sq,512,512,13,output_isolated,30,0.007636,0.00759125,0.007872,1.6172079622839182,False,False
3fb8ea1c5cea68ee8159f3d984c6b8c2e2f70bb5e3ede1cd79af7121a0225a38,600572,32,bits-sq,512,512,13,selection_isolated,30,0.096877,0.0967845,0.09711025000000001,0.4445327580333825,False,False
3fb8ea1c5cea68ee8159f3d984c6b8c2e2f70bb5e3ede1cd79af7121a0225a38,600572,32,bits-sq,512,512,13,transform_isolated,30,0.0094195,0.00937425,0.009532249999999999,1.012155634587823,False,False
3fb8ea1c5cea68ee8159f3d984c6b8c2e2f70bb5e3ede1cd79af7121a0225a38,600572,32,bits-sq,512,512,13,upload_shared,1,0.70618,0.70618,0.70618,1.0065804752329435,False,False
3fb8ea1c5cea68ee8159f3d984c6b8c2e2f70bb5e3ede1cd79af7121a0225a38,600572,32,bits-sq,512,512,16,download,30,0.0080175,0.00796525,0.008182,0.9974430932335516,False,False
3fb8ea1c5cea68ee8159f3d984c6b8c2e2f70bb5e3ede1cd79af7121a0225a38,600572,32,bits-sq,512,512,16,operator,30,0.109306,0.1091325,0.1094135,0.5386621045505279,False,False
3fb8ea1c5cea68ee8159f3d984c6b8c2e2f70bb5e3ede1cd79af7121a0225a38,600572,32,bits-sq,512,512,16,output_isolated,30,0.0076165,0.0075745,0.007712,1.6213483883673605,False,False
3fb8ea1c5cea68ee8159f3d984c6b8c2e2f70bb5e3ede1cd79af7121a0225a38,600572,32,bits-sq,512,512,16,selection_isolated,30,0.098454,0.09827625000000001,0.09862675,0.43741239563654094,False,False
3fb8ea1c5cea68ee8159f3d984c6b8c2e2f70bb5e3ede1cd79af7121a0225a38,600572,32,bits-sq,512,512,16,transform_isolated,30,0.0095095,0.0094475,0.00953475,1.0025763709974236,False,False
3fb8ea1c5cea68ee8159f3d984c6b8c2e2f70bb5e3ede1cd79af7121a0225a38,600572,32,bits-sq,512,512,16,upload_shared,1,0.6934400000000001,0.6934400000000001,0.6934400000000001,1.0250735463774803,False,False
3fb8ea1c5cea68ee8159f3d984c6b8c2e2f70bb5e3ede1cd79af7121a0225a38,600572,32,block-select,1,128,2,download,30,0.008683,0.008174749999999998,0.009527250000000001,0.9209950477945411,False,False
3fb8ea1c5cea68ee8159f3d984c6b8c2e2f70bb5e3ede1cd79af7121a0225a38,600572,32,block-select,1,128,2,operator,30,1.302759,1.29876,1.3050694999999999,0.045195619450719586,False,False
3fb8ea1c5cea68ee8159f3d984c6b8c2e2f70bb5e3ede1cd79af7121a0225a38,600572,32,block-select,1,128,2,output_isolated,30,0.008518,0.008177,0.0089505,1.4497534632542852,False,False
3fb8ea1c5cea68ee8159f3d984c6b8c2e2f70bb5e3ede1cd79af7121a0225a38,600572,32,block-select,1,128,2,selection_isolated,30,1.2900550000000002,1.2839662499999998,1.29419775,0.03338229765397599,False,False
3fb8ea1c5cea68ee8159f3d984c6b8c2e2f70bb5e3ede1cd79af7121a0225a38,600572,32,block-select,1,128,2,transform_isolated,30,0.009545,0.00947425,0.00960475,0.9988475641697225,False,False
3fb8ea1c5cea68ee8159f3d984c6b8c2e2f70bb5e3ede1cd79af7121a0225a38,600572,32,block-select,1,128,2,upload_shared,1,0.710827,0.710827,0.710827,1.0,False,False
3fb8ea1c5cea68ee8159f3d984c6b8c2e2f70bb5e3ede1cd79af7121a0225a38,600572,32,grid-select,1,0,0,download,30,0.008042,0.0080045,0.008169500000000001,0.9944043770206417,True,True
3fb8ea1c5cea68ee8159f3d984c6b8c2e2f70bb5e3ede1cd79af7121a0225a38,600572,32,grid-select,1,0,0,operator,30,0.048153,0.04787525,0.048746250000000005,1.2227483230536,True,True
3fb8ea1c5cea68ee8159f3d984c6b8c2e2f70bb5e3ede1cd79af7121a0225a38,600572,32,grid-select,1,0,0,output_isolated,30,0.0076265000000000005,0.007552,0.00784425,1.619222448043008,True,True
3fb8ea1c5cea68ee8159f3d984c6b8c2e2f70bb5e3ede1cd79af7121a0225a38,600572,32,grid-select,1,0,0,selection_isolated,30,0.0378975,0.03770025,0.03810225,1.136354640807441,True,True
3fb8ea1c5cea68ee8159f3d984c6b8c2e2f70bb5e3ede1cd79af7121a0225a38,600572,32,grid-select,1,0,0,transform_isolated,30,0.009495,0.009429,0.009615,1.0041074249605055,True,True
3fb8ea1c5cea68ee8159f3d984c6b8c2e2f70bb5e3ede1cd79af7121a0225a38,600572,32,grid-select,1,0,0,upload_shared,1,0.710827,0.710827,0.710827,1.0,True,True
3fb8ea1c5cea68ee8159f3d984c6b8c2e2f70bb5e3ede1cd79af7121a0225a38,600572,64,air-topk,1,512,0,download,30,0.007951999999999999,0.007912,0.008032000000000001,1.0,True,True
3fb8ea1c5cea68ee8159f3d984c6b8c2e2f70bb5e3ede1cd79af7121a0225a38,600572,64,air-topk,1,512,0,operator,30,0.0641275,0.0635445,0.06492375,1.0,True,True
3fb8ea1c5cea68ee8159f3d984c6b8c2e2f70bb5e3ede1cd79af7121a0225a38,600572,64,air-topk,1,512,0,output_isolated,30,0.013861,0.013743249999999999,0.014033499999999999,1.0,True,True
3fb8ea1c5cea68ee8159f3d984c6b8c2e2f70bb5e3ede1cd79af7121a0225a38,600572,64,air-topk,1,512,0,selection_isolated,30,0.047036,0.046796000000000004,0.0477155,1.0,True,True
3fb8ea1c5cea68ee8159f3d984c6b8c2e2f70bb5e3ede1cd79af7121a0225a38,600572,64,air-topk,1,512,0,transform_isolated,30,0.0094645,0.0094065,0.0095325,1.0,True,True
3fb8ea1c5cea68ee8159f3d984c6b8c2e2f70bb5e3ede1cd79af7121a0225a38,600572,64,air-topk,1,512,0,upload_shared,1,0.695604,0.695604,0.695604,1.0,True,True
3fb8ea1c5cea68ee8159f3d984c6b8c2e2f70bb5e3ede1cd79af7121a0225a38,600572,64,bits-prefetch,1,128,4,download,30,0.008092,0.007877,0.008763749999999997,0.9826989619377161,False,False
3fb8ea1c5cea68ee8159f3d984c6b8c2e2f70bb5e3ede1cd79af7121a0225a38,600572,64,bits-prefetch,1,128,4,operator,30,0.7578935,0.7575029999999999,0.75879725,0.08461281169451909,False,False
3fb8ea1c5cea68ee8159f3d984c6b8c2e2f70bb5e3ede1cd79af7121a0225a38,600572,64,bits-prefetch,1,128,4,output_isolated,30,0.008052,0.00769675,0.008473,1.7214356681569796,False,False
3fb8ea1c5cea68ee8159f3d984c6b8c2e2f70bb5e3ede1cd79af7121a0225a38,600572,64,bits-prefetch,1,128,4,selection_isolated,30,0.747222,0.7464837500000001,0.747733,0.06294782541199269,False,False
3fb8ea1c5cea68ee8159f3d984c6b8c2e2f70bb5e3ede1cd79af7121a0225a38,600572,64,bits-prefetch,1,128,4,transform_isolated,30,0.009539,0.00941925,0.00961175,0.9921899570185554,False,False
3fb8ea1c5cea68ee8159f3d984c6b8c2e2f70bb5e3ede1cd79af7121a0225a38,600572,64,bits-prefetch,1,128,4,upload_shared,1,0.692349,0.692349,0.692349,1.0047013861506264,False,False
3fb8ea1c5cea68ee8159f3d984c6b8c2e2f70bb5e3ede1cd79af7121a0225a38,600572,64,bits-prefetch,1,128,7,download,30,0.008162,0.00806725,0.008553,0.9742710120068608,False,False
3fb8ea1c5cea68ee8159f3d984c6b8c2e2f70bb5e3ede1cd79af7121a0225a38,600572,64,bits-prefetch,1,128,7,operator,30,0.49899099999999996,0.49773175000000003,0.49968274999999995,0.12851434194203906,False,False
3fb8ea1c5cea68ee8159f3d984c6b8c2e2f70bb5e3ede1cd79af7121a0225a38,600572,64,bits-prefetch,1,128,7,output_isolated,30,0.008002,0.007646750000000001,0.0082595,1.7321919520119968,False,False
3fb8ea1c5cea68ee8159f3d984c6b8c2e2f70bb5e3ede1cd79af7121a0225a38,600572,64,bits-prefetch,1,128,7,selection_isolated,30,0.487694,0.48717049999999995,0.48793725000000004,0.0964457221126362,False,False
3fb8ea1c5cea68ee8159f3d984c6b8c2e2f70bb5e3ede1cd79af7121a0225a38,600572,64,bits-prefetch,1,128,7,transform_isolated,30,0.0095295,0.00945725,0.0096475,0.9931790755023874,False,False
3fb8ea1c5cea68ee8159f3d984c6b8c2e2f70bb5e3ede1cd79af7121a0225a38,600572,64,bits-prefetch,1,128,7,upload_shared,1,0.714382,0.714382,0.714382,0.9737143433065223,False,False
3fb8ea1c5cea68ee8159f3d984c6b8c2e2f70bb5e3ede1cd79af7121a0225a38,600572,64,bits-prefetch,1,128,8,download,30,0.008157500000000002,0.008057,0.008452749999999998,0.9748084584737968,False,False
3fb8ea1c5cea68ee8159f3d984c6b8c2e2f70bb5e3ede1cd79af7121a0225a38,600572,64,bits-prefetch,1,128,8,operator,30,0.46887049999999997,0.46812425,0.469251,0.13677017428053165,False,False
3fb8ea1c5cea68ee8159f3d984c6b8c2e2f70bb5e3ede1cd79af7121a0225a38,600572,64,bits-prefetch,1,128,8,output_isolated,30,0.007897000000000001,0.00772125,0.00813775,1.7552235025959222,False,False
3fb8ea1c5cea68ee8159f3d984c6b8c2e2f70bb5e3ede1cd79af7121a0225a38,600572,64,bits-prefetch,1,128,8,selection_isolated,30,0.457594,0.45685725,0.4585075,0.10278980930694022,False,False
3fb8ea1c5cea68ee8159f3d984c6b8c2e2f70bb5e3ede1cd79af7121a0225a38,600572,64,bits-prefetch,1,128,8,transform_isolated,30,0.0095095,0.009414,0.00962,0.9952678900047321,False,False
3fb8ea1c5cea68ee8159f3d984c6b8c2e2f70bb5e3ede1cd79af7121a0225a38,600572,64,bits-prefetch,1,128,8,upload_shared,1,0.7064400000000001,0.7064400000000001,0.7064400000000001,0.9846611177170035,False,False
3fb8ea1c5cea68ee8159f3d984c6b8c2e2f70bb5e3ede1cd79af7121a0225a38,600572,64,bits-prefetch,1,128,13,download,30,0.0081725,0.008087,0.008720499999999999,0.9730192719486082,False,False
3fb8ea1c5cea68ee8159f3d984c6b8c2e2f70bb5e3ede1cd79af7121a0225a38,600572,64,bits-prefetch,1,128,13,operator,30,0.40881449999999997,0.40833575,0.40954999999999997,0.15686209760172404,False,False
3fb8ea1c5cea68ee8159f3d984c6b8c2e2f70bb5e3ede1cd79af7121a0225a38,600572,64,bits-prefetch,1,128,13,output_isolated,30,0.0078975,0.0076945,0.0082995,1.7551123773345996,False,False
3fb8ea1c5cea68ee8159f3d984c6b8c2e2f70bb5e3ede1cd79af7121a0225a38,600572,64,bits-prefetch,1,128,13,selection_isolated,30,0.39756250000000004,0.3971845,0.39805625,0.11831095739663575,False,False
3fb8ea1c5cea68ee8159f3d984c6b8c2e2f70bb5e3ede1cd79af7121a0225a38,600572,64,bits-prefetch,1,128,13,transform_isolated,30,0.0095195,0.009416500000000001,0.00960475,0.9942223856294974,False,False
3fb8ea1c5cea68ee8159f3d984c6b8c2e2f70bb5e3ede1cd79af7121a0225a38,600572,64,bits-prefetch,1,128,13,upload_shared,1,0.697928,0.697928,0.697928,0.9966701436251304,False,False
3fb8ea1c5cea68ee8159f3d984c6b8c2e2f70bb5e3ede1cd79af7121a0225a38,600572,64,bits-prefetch,1,128,16,download,30,0.0081275,0.0080245,0.008605499999999999,0.9784066441095047,False,False
3fb8ea1c5cea68ee8159f3d984c6b8c2e2f70bb5e3ede1cd79af7121a0225a38,600572,64,bits-prefetch,1,128,16,operator,30,0.377267,0.37670275,0.3777895,0.16997908642950482,False,False
3fb8ea1c5cea68ee8159f3d984c6b8c2e2f70bb5e3ede1cd79af7121a0225a38,600572,64,bits-prefetch,1,128,16,output_isolated,30,0.0078265,0.00768675,0.008147,1.7710343065227112,False,False
3fb8ea1c5cea68ee8159f3d984c6b8c2e2f70bb5e3ede1cd79af7121a0225a38,600572,64,bits-prefetch,1,128,16,selection_isolated,30,0.365624,0.36539799999999995,0.36620975,0.12864582193729077,False,False
3fb8ea1c5cea68ee8159f3d984c6b8c2e2f70bb5e3ede1cd79af7121a0225a38,600572,64,bits-prefetch,1,128,16,transform_isolated,30,0.009519999999999999,0.009426499999999999,0.00965,0.994170168067227,False,False
3fb8ea1c5cea68ee8159f3d984c6b8c2e2f70bb5e3ede1cd79af7121a0225a38,600572,64,bits-prefetch,1,128,16,upload_shared,1,0.687632,0.687632,0.687632,1.011593410428834,False,False
3fb8ea1c5cea68ee8159f3d984c6b8c2e2f70bb5e3ede1cd79af7121a0225a38,600572,64,bits-prefetch,1,256,4,download,30,0.008243,0.008047,0.008693,0.96469731893728,False,False
3fb8ea1c5cea68ee8159f3d984c6b8c2e2f70bb5e3ede1cd79af7121a0225a38,600572,64,bits-prefetch,1,256,4,operator,30,0.4357405,0.4349615,0.43641425,0.14716901458551593,False,False
3fb8ea1c5cea68ee8159f3d984c6b8c2e2f70bb5e3ede1cd79af7121a0225a38,600572,64,bits-prefetch,1,256,4,output_isolated,30,0.0078765,0.007702,0.0081895,1.7597917856916143,False,False
3fb8ea1c5cea68ee8159f3d984c6b8c2e2f70bb5e3ede1cd79af7121a0225a38,600572,64,bits-prefetch,1,256,4,selection_isolated,30,0.42405250000000005,0.4236295,0.42472150000000003,0.11092022803780191,False,False
3fb8ea1c5cea68ee8159f3d984c6b8c2e2f70bb5e3ede1cd79af7121a0225a38,600572,64,bits-prefetch,1,256,4,transform_isolated,30,0.009514000000000002,0.0093975,0.009565,0.9947971410552868,False,False
3fb8ea1c5cea68ee8159f3d984c6b8c2e2f70bb5e3ede1cd79af7121a0225a38,600572,64,bits-prefetch,1,256,4,upload_shared,1,0.6924290000000001,0.6924290000000001,0.6924290000000001,1.0045853076633127,False,False
3fb8ea1c5cea68ee8159f3d984c6b8c2e2f70bb5e3ede1cd79af7121a0225a38,600572,64,bits-prefetch,1,256,7,download,30,0.008043000000000002,0.007957249999999999,0.008347,0.9886858137510875,False,False
3fb8ea1c5cea68ee8159f3d984c6b8c2e2f70bb5e3ede1cd79af7121a0225a38,600572,64,bits-prefetch,1,256,7,operator,30,0.2979715,0.2974585,0.298622,0.21521353552269262,False,False
3fb8ea1c5cea68ee8159f3d984c6b8c2e2f70bb5e3ede1cd79af7121a0225a38,600572,64,bits-prefetch,1,256,7,output_isolated,30,0.007877499999999999,0.00769125,0.008070250000000001,1.7595683909869884,False,False
3fb8ea1c5cea68ee8159f3d984c6b8c2e2f70bb5e3ede1cd79af7121a0225a38,600572,64,bits-prefetch,1,256,7,selection_isolated,30,0.2866845,0.28624150000000004,0.28703,0.16406886315793145,False,False
3fb8ea1c5cea68ee8159f3d984c6b8c2e2f70bb5e3ede1cd79af7121a0225a38,600572,64,bits-prefetch,1,256,7,transform_isolated,30,0.009479,0.00937725,0.009544750000000001,0.9984703027745544,False,False
3fb8ea1c5cea68ee8159f3d984c6b8c2e2f70bb5e3ede1cd79af7121a0225a38,600572,64,bits-prefetch,1,256,7,upload_shared,1,0.6923590000000001,0.6923590000000001,0.6923590000000001,1.0046868748727176,False,False
3fb8ea1c5cea68ee8159f3d984c6b8c2e2f70bb5e3ede1cd79af7121a0225a38,600572,64,bits-prefetch,1,256,8,download,30,0.008212500000000001,0.0080245,0.00886575,0.9682800608828004,False,False
3fb8ea1c5cea68ee8159f3d984c6b8c2e2f70bb5e3ede1cd79af7121a0225a38,600572,64,bits-prefetch,1,256,8,operator,30,0.28041499999999997,0.27994675,0.281076,0.22868783766916895,False,False
3fb8ea1c5cea68ee8159f3d984c6b8c2e2f70bb5e3ede1cd79af7121a0225a38,600572,64,bits-prefetch,1,256,8,output_isolated,30,0.007677,0.00758175,0.007823749999999999,1.8055229907515957,False,False
3fb8ea1c5cea68ee8159f3d984c6b8c2e2f70bb5e3ede1cd79af7121a0225a38,600572,64,bits-prefetch,1,256,8,selection_isolated,30,0.269163,0.2686145,0.2697115,0.1747491297095069,False,False
3fb8ea1c5cea68ee8159f3d984c6b8c2e2f70bb5e3ede1cd79af7121a0225a38,600572,64,bits-prefetch,1,256,8,transform_isolated,30,0.0094895,0.009442250000000001,0.009614,0.9973655092470627,False,False
3fb8ea1c5cea68ee8159f3d984c6b8c2e2f70bb5e3ede1cd79af7121a0225a38,600572,64,bits-prefetch,1,256,8,upload_shared,1,0.702225,0.702225,0.702225,0.9905713980561786,False,False
3fb8ea1c5cea68ee8159f3d984c6b8c2e2f70bb5e3ede1cd79af7121a0225a38,600572,64,bits-prefetch,1,256,13,download,30,0.0081175,0.0080345,0.0083205,0.9796119494918385,False,False
3fb8ea1c5cea68ee8159f3d984c6b8c2e2f70bb5e3ede1cd79af7121a0225a38,600572,64,bits-prefetch,1,256,13,operator,30,0.251,0.25050975,0.2513085,0.25548804780876494,False,False
3fb8ea1c5cea68ee8159f3d984c6b8c2e2f70bb5e3ede1cd79af7121a0225a38,600572,64,bits-prefetch,1,256,13,output_isolated,30,0.007802,0.007674500000000001,0.007989500000000002,1.7765957446808511,False,False
3fb8ea1c5cea68ee8159f3d984c6b8c2e2f70bb5e3ede1cd79af7121a0225a38,600572,64,bits-prefetch,1,256,13,selection_isolated,30,0.239898,0.23966049999999997,0.24022975000000002,0.19606666166454076,False,False
3fb8ea1c5cea68ee8159f3d984c6b8c2e2f70bb5e3ede1cd79af7121a0225a38,600572,64,bits-prefetch,1,256,13,transform_isolated,30,0.009505,0.009453999999999999,0.009614,0.9957390846922674,False,False
3fb8ea1c5cea68ee8159f3d984c6b8c2e2f70bb5e3ede1cd79af7121a0225a38,600572,64,bits-prefetch,1,256,13,upload_shared,1,0.698037,0.698037,0.698037,0.9965145114084211,False,False
3fb8ea1c5cea68ee8159f3d984c6b8c2e2f70bb5e3ede1cd79af7121a0225a38,600572,64,bits-prefetch,1,256,16,download,30,0.008062,0.007956999999999999,0.00813525,0.9863557429918134,False,False
3fb8ea1c5cea68ee8159f3d984c6b8c2e2f70bb5e3ede1cd79af7121a0225a38,600572,64,bits-prefetch,1,256,16,operator,30,0.241646,0.24128850000000002,0.24205675,0.26537786679688474,False,False
3fb8ea1c5cea68ee8159f3d984c6b8c2e2f70bb5e3ede1cd79af7121a0225a38,600572,64,bits-prefetch,1,256,16,output_isolated,30,0.007822,0.007732,0.007902,1.7720531833290716,False,False
3fb8ea1c5cea68ee8159f3d984c6b8c2e2f70bb5e3ede1cd79af7121a0225a38,600572,64,bits-prefetch,1,256,16,selection_isolated,30,0.230184,0.229994,0.23036475,0.20434087512598617,False,False
3fb8ea1c5cea68ee8159f3d984c6b8c2e2f70bb5e3ede1cd79af7121a0225a38,600572,64,bits-prefetch,1,256,16,transform_isolated,30,0.009514,0.009446499999999998,0.00959925,0.994797141055287,False,False
3fb8ea1c5cea68ee8159f3d984c6b8c2e2f70bb5e3ede1cd79af7121a0225a38,600572,64,bits-prefetch,1,256,16,upload_shared,1,0.681573,0.681573,0.681573,1.0205862027985264,False,False
3fb8ea1c5cea68ee8159f3d984c6b8c2e2f70bb5e3ede1cd79af7121a0225a38,600572,64,bits-prefetch,1,512,4,download,30,0.008073,0.00799525,0.008178,0.9850117676204632,False,False
3fb8ea1c5cea68ee8159f3d984c6b8c2e2f70bb5e3ede1cd79af7121a0225a38,600572,64,bits-prefetch,1,512,4,operator,30,0.251456,0.25095,0.252202,0.2550247359378977,False,False
3fb8ea1c5cea68ee8159f3d984c6b8c2e2f70bb5e3ede1cd79af7121a0225a38,600572,64,bits-prefetch,1,512,4,output_isolated,30,0.007837,0.0077445,0.007961999999999999,1.7686614776062268,False,False
3fb8ea1c5cea68ee8159f3d984c6b8c2e2f70bb5e3ede1cd79af7121a0225a38,600572,64,bits-prefetch,1,512,4,selection_isolated,30,0.240484,0.239879,0.24092999999999998,0.19558889572695065,False,False
3fb8ea1c5cea68ee8159f3d984c6b8c2e2f70bb5e3ede1cd79af7121a0225a38,600572,64,bits-prefetch,1,512,4,transform_isolated,30,0.0095095,0.009424749999999999,0.00957425,0.9952678900047321,False,False
3fb8ea1c5cea68ee8159f3d984c6b8c2e2f70bb5e3ede1cd79af7121a0225a38,600572,64,bits-prefetch,1,512,4,upload_shared,1,0.694373,0.694373,0.694373,1.0017728223879672,False,False
3fb8ea1c5cea68ee8159f3d984c6b8c2e2f70bb5e3ede1cd79af7121a0225a38,600572,64,bits-prefetch,1,512,7,download,30,0.008022,0.007954499999999998,0.00815475,0.9912739965095986,False,False
3fb8ea1c5cea68ee8159f3d984c6b8c2e2f70bb5e3ede1cd79af7121a0225a38,600572,64,bits-prefetch,1,512,7,operator,30,0.199938,0.199402,0.20012575,0.3207369284478188,False,False
3fb8ea1c5cea68ee8159f3d984c6b8c2e2f70bb5e3ede1cd79af7121a0225a38,600572,64,bits-prefetch,1,512,7,output_isolated,30,0.007776999999999999,0.007667,0.007989500000000002,1.7823068021087825,False,False
3fb8ea1c5cea68ee8159f3d984c6b8c2e2f70bb5e3ede1cd79af7121a0225a38,600572,64,bits-prefetch,1,512,7,selection_isolated,30,0.18839099999999998,0.18814,0.18862350000000003,0.24967222425699745,False,False
3fb8ea1c5cea68ee8159f3d984c6b8c2e2f70bb5e3ede1cd79af7121a0225a38,600572,64,bits-prefetch,1,512,7,transform_isolated,30,0.0094595,0.009379,0.009549750000000001,1.0005285691632753,False,False
3fb8ea1c5cea68ee8159f3d984c6b8c2e2f70bb5e3ede1cd79af7121a0225a38,600572,64,bits-prefetch,1,512,7,upload_shared,1,0.713352,0.713352,0.713352,0.9751202772263904,False,False
3fb8ea1c5cea68ee8159f3d984c6b8c2e2f70bb5e3ede1cd79af7121a0225a38,600572,64,bits-prefetch,1,512,8,download,30,0.0081175,0.008032250000000001,0.008913,0.9796119494918385,False,False
3fb8ea1c5cea68ee8159f3d984c6b8c2e2f70bb5e3ede1cd79af7121a0225a38,600572,64,bits-prefetch,1,512,8,operator,30,0.1934585,0.1932555,0.19372825,0.3314793612066671,False,False
3fb8ea1c5cea68ee8159f3d984c6b8c2e2f70bb5e3ede1cd79af7121a0225a38,600572,64,bits-prefetch,1,512,8,output_isolated,30,0.0078119999999999995,0.0076820000000000005,0.00802475,1.7743215565796213,False,False
3fb8ea1c5cea68ee8159f3d984c6b8c2e2f70bb5e3ede1cd79af7121a0225a38,600572,64,bits-prefetch,1,512,8,selection_isolated,30,0.182361,0.18216349999999998,0.18253625,0.25792795608710195,False,False
3fb8ea1c5cea68ee8159f3d984c6b8c2e2f70bb5e3ede1cd79af7121a0225a38,600572,64,bits-prefetch,1,512,8,transform_isolated,30,0.009474,0.009426499999999999,0.009604,0.9989972556470341,False,False
3fb8ea1c5cea68ee8159f3d984c6b8c2e2f70bb5e3ede1cd79af7121a0225a38,600572,64,bits-prefetch,1,512,8,upload_shared,1,0.695043,0.695043,0.695043,1.0008071443061797,False,False
3fb8ea1c5cea68ee8159f3d984c6b8c2e2f70bb5e3ede1cd79af7121a0225a38,600572,64,bits-prefetch,1,512,13,download,30,0.008062,0.00796125,0.00826275,0.9863557429918134,False,False
3fb8ea1c5cea68ee8159f3d984c6b8c2e2f70bb5e3ede1cd79af7121a0225a38,600572,64,bits-prefetch,1,512,13,operator,30,0.182782,0.182386,0.183153,0.3508414395290565,False,False
3fb8ea1c5cea68ee8159f3d984c6b8c2e2f70bb5e3ede1cd79af7121a0225a38,600572,64,bits-prefetch,1,512,13,output_isolated,30,0.007837,0.007717,0.008019499999999999,1.7686614776062268,False,False
3fb8ea1c5cea68ee8159f3d984c6b8c2e2f70bb5e3ede1cd79af7121a0225a38,600572,64,bits-prefetch,1,512,13,selection_isolated,30,0.171555,0.17127975000000004,0.17188250000000002,0.274174463000204,False,False
3fb8ea1c5cea68ee8159f3d984c6b8c2e2f70bb5e3ede1cd79af7121a0225a38,600572,64,bits-prefetch,1,512,13,transform_isolated,30,0.0095295,0.009464,0.009621499999999998,0.9931790755023874,False,False
3fb8ea1c5cea68ee8159f3d984c6b8c2e2f70bb5e3ede1cd79af7121a0225a38,600572,64,bits-prefetch,1,512,13,upload_shared,1,0.6909559999999999,0.6909559999999999,0.6909559999999999,1.0067269116991533,False,False
3fb8ea1c5cea68ee8159f3d984c6b8c2e2f70bb5e3ede1cd79af7121a0225a38,600572,64,bits-prefetch,1,512,16,download,30,0.0081075,0.008032000000000001,0.0083805,0.9808202281837803,True,False
3fb8ea1c5cea68ee8159f3d984c6b8c2e2f70bb5e3ede1cd79af7121a0225a38,600572,64,bits-prefetch,1,512,16,operator,30,0.175286,0.1750725,0.1755335,0.36584496194790234,True,False
3fb8ea1c5cea68ee8159f3d984c6b8c2e2f70bb5e3ede1cd79af7121a0225a38,600572,64,bits-prefetch,1,512,16,output_isolated,30,0.007672,0.00762125,0.007794499999999999,1.8066996871741396,True,False
3fb8ea1c5cea68ee8159f3d984c6b8c2e2f70bb5e3ede1cd79af7121a0225a38,600572,64,bits-prefetch,1,512,16,selection_isolated,30,0.1640635,0.163893,0.16423649999999998,0.2866938715802113,True,False
3fb8ea1c5cea68ee8159f3d984c6b8c2e2f70bb5e3ede1cd79af7121a0225a38,600572,64,bits-prefetch,1,512,16,transform_isolated,30,0.0095095,0.0094415,0.009590000000000001,0.9952678900047321,True,False
3fb8ea1c5cea68ee8159f3d984c6b8c2e2f70bb5e3ede1cd79af7121a0225a38,600572,64,bits-prefetch,1,512,16,upload_shared,1,0.695604,0.695604,0.695604,1.0,True,False
3fb8ea1c5cea68ee8159f3d984c6b8c2e2f70bb5e3ede1cd79af7121a0225a38,600572,64,bits-sq,8,128,4,download,30,0.0080525,0.007954499999999998,0.008344500000000001,0.9875194039118285,False,False
3fb8ea1c5cea68ee8159f3d984c6b8c2e2f70bb5e3ede1cd79af7121a0225a38,600572,64,bits-sq,8,128,4,operator,30,0.1562265,0.15596175,0.156803,0.4104777358514721,False,False
3fb8ea1c5cea68ee8159f3d984c6b8c2e2f70bb5e3ede1cd79af7121a0225a38,600572,64,bits-sq,8,128,4,output_isolated,30,0.0077815,0.0076845,0.008073,1.7812761035790015,False,False
3fb8ea1c5cea68ee8159f3d984c6b8c2e2f70bb5e3ede1cd79af7121a0225a38,600572,64,bits-sq,8,128,4,selection_isolated,30,0.1454105,0.14501675,0.14578599999999997,0.3234704508959119,False,False
3fb8ea1c5cea68ee8159f3d984c6b8c2e2f70bb5e3ede1cd79af7121a0225a38,600572,64,bits-sq,8,128,4,transform_isolated,30,0.009555000000000001,0.0094675,0.00963975,0.9905285190999477,False,False
3fb8ea1c5cea68ee8159f3d984c6b8c2e2f70bb5e3ede1cd79af7121a0225a38,600572,64,bits-sq,8,128,4,upload_shared,1,0.692349,0.692349,0.692349,1.0047013861506264,False,False
3fb8ea1c5cea68ee8159f3d984c6b8c2e2f70bb5e3ede1cd79af7121a0225a38,600572,64,bits-sq,8,128,7,download,30,0.008083,0.008002,0.00826275,0.9837931461091178,False,False
3fb8ea1c5cea68ee8159f3d984c6b8c2e2f70bb5e3ede1cd79af7121a0225a38,600572,64,bits-sq,8,128,7,operator,30,0.141384,0.1411015,0.141644,0.4535697108583715,False,False
3fb8ea1c5cea68ee8159f3d984c6b8c2e2f70bb5e3ede1cd79af7121a0225a38,600572,64,bits-sq,8,128,7,output_isolated,30,0.007751,0.007654500000000002,0.0078895,1.7882853825312863,False,False
3fb8ea1c5cea68ee8159f3d984c6b8c2e2f70bb5e3ede1cd79af7121a0225a38,600572,64,bits-sq,8,128,7,selection_isolated,30,0.1302025,0.130067,0.13045025,0.3612526641193526,False,False
3fb8ea1c5cea68ee8159f3d984c6b8c2e2f70bb5e3ede1cd79af7121a0225a38,600572,64,bits-sq,8,128,7,transform_isolated,30,0.0095095,0.009424,0.009569000000000001,0.9952678900047321,False,False
3fb8ea1c5cea68ee8159f3d984c6b8c2e2f70bb5e3ede1cd79af7121a0225a38,600572,64,bits-sq,8,128,7,upload_shared,1,0.714382,0.714382,0.714382,0.9737143433065223,False,False
3fb8ea1c5cea68ee8159f3d984c6b8c2e2f70bb5e3ede1cd79af7121a0225a38,600572,64,bits-sq,8,128,8,download,30,0.008092,0.0080245,0.0082355,0.9826989619377161,False,False
3fb8ea1c5cea68ee8159f3d984c6b8c2e2f70bb5e3ede1cd79af7121a0225a38,600572,64,bits-sq,8,128,8,operator,30,0.1397265,0.1393935,0.14001025,0.4589501633548396,False,False
3fb8ea1c5cea68ee8159f3d984c6b8c2e2f70bb5e3ede1cd79af7121a0225a38,600572,64,bits-sq,8,128,8,output_isolated,30,0.0077865,0.00770425,0.0079045,1.7801322802286008,False,False
3fb8ea1c5cea68ee8159f3d984c6b8c2e2f70bb5e3ede1cd79af7121a0225a38,600572,64,bits-sq,8,128,8,selection_isolated,30,0.12882549999999998,0.12864750000000003,0.128985,0.36511404962526833,False,False
3fb8ea1c5cea68ee8159f3d984c6b8c2e2f70bb5e3ede1cd79af7121a0225a38,600572,64,bits-sq,8,128,8,transform_isolated,30,0.009515,0.009437500000000001,0.00965475,0.9946925906463481,False,False
3fb8ea1c5cea68ee8159f3d984c6b8c2e2f70bb5e3ede1cd79af7121a0225a38,600572,64,bits-sq,8,128,8,upload_shared,1,0.7064400000000001,0.7064400000000001,0.7064400000000001,0.9846611177170035,False,False
3fb8ea1c5cea68ee8159f3d984c6b8c2e2f70bb5e3ede1cd79af7121a0225a38,600572,64,bits-sq,8,128,13,download,30,0.008137499999999999,0.008042,0.00845775,0.9772043010752688,False,False
3fb8ea1c5cea68ee8159f3d984c6b8c2e2f70bb5e3ede1cd79af7121a0225a38,600572,64,bits-sq,8,128,13,operator,30,0.1389705,0.13879249999999999,0.139376,0.4614468538286903,False,False
3fb8ea1c5cea68ee8159f3d984c6b8c2e2f70bb5e3ede1cd79af7121a0225a38,600572,64,bits-sq,8,128,13,output_isolated,30,0.0077315,0.00766675,0.007831999999999999,1.7927957058785489,False,False
3fb8ea1c5cea68ee8159f3d984c6b8c2e2f70bb5e3ede1cd79af7121a0225a38,600572,64,bits-sq,8,128,13,selection_isolated,30,0.12804400000000002,0.12793149999999998,0.12814400000000004,0.36734247602386677,False,False
3fb8ea1c5cea68ee8159f3d984c6b8c2e2f70bb5e3ede1cd79af7121a0225a38,600572,64,bits-sq,8,128,13,transform_isolated,30,0.00951,0.009452249999999999,0.00955475,0.9952155625657204,False,False
3fb8ea1c5cea68ee8159f3d984c6b8c2e2f70bb5e3ede1cd79af7121a0225a38,600572,64,bits-sq,8,128,13,upload_shared,1,0.697928,0.697928,0.697928,0.9966701436251304,False,False
3fb8ea1c5cea68ee8159f3d984c6b8c2e2f70bb5e3ede1cd79af7121a0225a38,600572,64,bits-sq,8,128,16,download,30,0.0081075,0.007992,0.008518,0.9808202281837803,False,False
3fb8ea1c5cea68ee8159f3d984c6b8c2e2f70bb5e3ede1cd79af7121a0225a38,600572,64,bits-sq,8,128,16,operator,30,0.14182450000000002,0.14168,0.1420335,0.4521609453937789,False,False
3fb8ea1c5cea68ee8159f3d984c6b8c2e2f70bb5e3ede1cd79af7121a0225a38,600572,64,bits-sq,8,128,16,output_isolated,30,0.007752,0.00762675,0.007857000000000001,1.7880546955624355,False,False
3fb8ea1c5cea68ee8159f3d984c6b8c2e2f70bb5e3ede1cd79af7121a0225a38,600572,64,bits-sq,8,128,16,selection_isolated,30,0.1309535,0.13082825,0.131214,0.3591809306356837,False,False
3fb8ea1c5cea68ee8159f3d984c6b8c2e2f70bb5e3ede1cd79af7121a0225a38,600572,64,bits-sq,8,128,16,transform_isolated,30,0.009514,0.009439,0.009579,0.994797141055287,False,False
3fb8ea1c5cea68ee8159f3d984c6b8c2e2f70bb5e3ede1cd79af7121a0225a38,600572,64,bits-sq,8,128,16,upload_shared,1,0.687632,0.687632,0.687632,1.011593410428834,False,False
3fb8ea1c5cea68ee8159f3d984c6b8c2e2f70bb5e3ede1cd79af7121a0225a38,600572,64,bits-sq,8,256,4,download,30,0.0081575,0.00807225,0.008423,0.974808458473797,False,False
3fb8ea1c5cea68ee8159f3d984c6b8c2e2f70bb5e3ede1cd79af7121a0225a38,600572,64,bits-sq,8,256,4,operator,30,0.108334,0.1081215,0.10885249999999999,0.5919425111230086,False,False
3fb8ea1c5cea68ee8159f3d984c6b8c2e2f70bb5e3ede1cd79af7121a0225a38,600572,64,bits-sq,8,256,4,output_isolated,30,0.0077265,0.00762675,0.007781999999999999,1.793955866174853,False,False
3fb8ea1c5cea68ee8159f3d984c6b8c2e2f70bb5e3ede1cd79af7121a0225a38,600572,64,bits-sq,8,256,4,selection_isolated,30,0.09746250000000001,0.097252,0.097678,0.48260613056303703,False,False
3fb8ea1c5cea68ee8159f3d984c6b8c2e2f70bb5e3ede1cd79af7121a0225a38,600572,64,bits-sq,8,256,4,transform_isolated,30,0.009444,0.00937975,0.00955175,1.0021706903854302,False,False
3fb8ea1c5cea68ee8159f3d984c6b8c2e2f70bb5e3ede1cd79af7121a0225a38,600572,64,bits-sq,8,256,4,upload_shared,1,0.6924290000000001,0.6924290000000001,0.6924290000000001,1.0045853076633127,False,False
3fb8ea1c5cea68ee8159f3d984c6b8c2e2f70bb5e3ede1cd79af7121a0225a38,600572,64,bits-sq,8,256,7,download,30,0.008067000000000001,0.0079845,0.00830525,0.9857443907276556,False,False
3fb8ea1c5cea68ee8159f3d984c6b8c2e2f70bb5e3ede1cd79af7121a0225a38,600572,64,bits-sq,8,256,7,operator,30,0.096361,0.0961785,0.097007,0.6654922634675855,False,False
3fb8ea1c5cea68ee8159f3d984c6b8c2e2f70bb5e3ede1cd79af7121a0225a38,600572,64,bits-sq,8,256,7,output_isolated,30,0.0077115,0.007641,0.007791749999999999,1.7974453737923881,False,False
3fb8ea1c5cea68ee8159f3d984c6b8c2e2f70bb5e3ede1cd79af7121a0225a38,600572,64,bits-sq,8,256,7,selection_isolated,30,0.085485,0.08531150000000001,0.08561975,0.5502251857050945,False,False
3fb8ea1c5cea68ee8159f3d984c6b8c2e2f70bb5e3ede1cd79af7121a0225a38,600572,64,bits-sq,8,256,7,transform_isolated,30,0.0094695,0.009434,0.00955175,0.9994719890173716,False,False
3fb8ea1c5cea68ee8159f3d984c6b8c2e2f70bb5e3ede1cd79af7121a0225a38,600572,64,bits-sq,8,256,7,upload_shared,1,0.6923590000000001,0.6923590000000001,0.6923590000000001,1.0046868748727176,False,False
3fb8ea1c5cea68ee8159f3d984c6b8c2e2f70bb5e3ede1cd79af7121a0225a38,600572,64,bits-sq,8,256,8,download,30,0.008078,0.008022,0.00836475,0.9844020797227035,False,False
3fb8ea1c5cea68ee8159f3d984c6b8c2e2f70bb5e3ede1cd79af7121a0225a38,600572,64,bits-sq,8,256,8,operator,30,0.0958205,0.09552,0.09605250000000001,0.6692461425269123,False,False
3fb8ea1c5cea68ee8159f3d984c6b8c2e2f70bb5e3ede1cd79af7121a0225a38,600572,64,bits-sq,8,256,8,output_isolated,30,0.0076915,0.007611,0.0078945,1.8021192225183644,False,False
3fb8ea1c5cea68ee8159f3d984c6b8c2e2f70bb5e3ede1cd79af7121a0225a38,600572,64,bits-sq,8,256,8,selection_isolated,30,0.08498349999999999,0.08468325,0.08508650000000001,0.5534721445927739,False,False
3fb8ea1c5cea68ee8159f3d984c6b8c2e2f70bb5e3ede1cd79af7121a0225a38,600572,64,bits-sq,8,256,8,transform_isolated,30,0.009479,0.00942725,0.009541500000000001,0.9984703027745544,False,False
3fb8ea1c5cea68ee8159f3d984c6b8c2e2f70bb5e3ede1cd79af7121a0225a38,600572,64,bits-sq,8,256,8,upload_shared,1,0.702225,0.702225,0.702225,0.9905713980561786,False,False
3fb8ea1c5cea68ee8159f3d984c6b8c2e2f70bb5e3ede1cd79af7121a0225a38,600572,64,bits-sq,8,256,13,download,30,0.0081225,0.008037,0.008217249999999999,0.9790089258233302,False,False
3fb8ea1c5cea68ee8159f3d984c6b8c2e2f70bb5e3ede1cd79af7121a0225a38,600572,64,bits-sq,8,256,13,operator,30,0.09591,0.0956725,0.09645100000000001,0.6686216244395788,False,False
3fb8ea1c5cea68ee8159f3d984c6b8c2e2f70bb5e3ede1cd79af7121a0225a38,600572,64,bits-sq,8,256,13,output_isolated,30,0.0077615,0.007636750000000001,0.007829500000000001,1.7858661341235587,False,False
3fb8ea1c5cea68ee8159f3d984c6b8c2e2f70bb5e3ede1cd79af7121a0225a38,600572,64,bits-sq,8,256,13,selection_isolated,30,0.084999,0.084894,0.08525650000000001,0.5533712161319545,False,False
3fb8ea1c5cea68ee8159f3d984c6b8c2e2f70bb5e3ede1cd79af7121a0225a38,600572,64,bits-sq,8,256,13,transform_isolated,30,0.0095195,0.009452249999999999,0.009605,0.9942223856294974,False,False
3fb8ea1c5cea68ee8159f3d984c6b8c2e2f70bb5e3ede1cd79af7121a0225a38,600572,64,bits-sq,8,256,13,upload_shared,1,0.698037,0.698037,0.698037,0.9965145114084211,False,False
3fb8ea1c5cea68ee8159f3d984c6b8c2e2f70bb5e3ede1cd79af7121a0225a38,600572,64,bits-sq,8,256,16,download,30,0.008062,0.007967,0.008173,0.9863557429918134,False,False
3fb8ea1c5cea68ee8159f3d984c6b8c2e2f70bb5e3ede1cd79af7121a0225a38,600572,64,bits-sq,8,256,16,operator,30,0.100457,0.100212,0.10064725,0.6383577052868391,False,False
3fb8ea1c5cea68ee8159f3d984c6b8c2e2f70bb5e3ede1cd79af7121a0225a38,600572,64,bits-sq,8,256,16,output_isolated,30,0.007767,0.00769425,0.0078095000000000005,1.784601519248101,False,False
3fb8ea1c5cea68ee8159f3d984c6b8c2e2f70bb5e3ede1cd79af7121a0225a38,600572,64,bits-sq,8,256,16,selection_isolated,30,0.08926049999999999,0.08914,0.0894625,0.5269520112479765,False,False
3fb8ea1c5cea68ee8159f3d984c6b8c2e2f70bb5e3ede1cd79af7121a0225a38,600572,64,bits-sq,8,256,16,transform_isolated,30,0.0095095,0.0094775,0.009634750000000001,0.9952678900047321,False,False
3fb8ea1c5cea68ee8159f3d984c6b8c2e2f70bb5e3ede1cd79af7121a0225a38,600572,64,bits-sq,8,256,16,upload_shared,1,0.681573,0.681573,0.681573,1.0205862027985264,False,False
3fb8ea1c5cea68ee8159f3d984c6b8c2e2f70bb5e3ede1cd79af7121a0225a38,600572,64,bits-sq,8,512,4,download,30,0.0080275,0.007982000000000001,0.008227,0.9905948302709435,False,False
3fb8ea1c5cea68ee8159f3d984c6b8c2e2f70bb5e3ede1cd79af7121a0225a38,600572,64,bits-sq,8,512,4,operator,30,0.08569,0.08543400000000001,0.08605,0.7483662037577313,False,False
3fb8ea1c5cea68ee8159f3d984c6b8c2e2f70bb5e3ede1cd79af7121a0225a38,600572,64,bits-sq,8,512,4,output_isolated,30,0.0077269999999999995,0.0076485,0.007804500000000001,1.7938397825805619,False,False
3fb8ea1c5cea68ee8159f3d984c6b8c2e2f70bb5e3ede1cd79af7121a0225a38,600572,64,bits-sq,8,512,4,selection_isolated,30,0.0745885,0.074463,0.07479824999999998,0.6306065948504126,False,False
3fb8ea1c5cea68ee8159f3d984c6b8c2e2f70bb5e3ede1cd79af7121a0225a38,600572,64,bits-sq,8,512,4,transform_isolated,30,0.0095895,0.0094675,0.00966475,0.9869649095364722,False,False
3fb8ea1c5cea68ee8159f3d984c6b8c2e2f70bb5e3ede1cd79af7121a0225a38,600572,64,bits-sq,8,512,4,upload_shared,1,0.694373,0.694373,0.694373,1.0017728223879672,False,False
3fb8ea1c5cea68ee8159f3d984c6b8c2e2f70bb5e3ede1cd79af7121a0225a38,600572,64,bits-sq,8,512,7,download,30,0.0079925,0.0079495,0.008050250000000002,0.9949327494526118,False,False
3fb8ea1c5cea68ee8159f3d984c6b8c2e2f70bb5e3ede1cd79af7121a0225a38,600572,64,bits-sq,8,512,7,operator,30,0.07968599999999999,0.079515,0.079871,0.8047524031824914,False,False
3fb8ea1c5cea68ee8159f3d984c6b8c2e2f70bb5e3ede1cd79af7121a0225a38,600572,64,bits-sq,8,512,7,output_isolated,30,0.007642000000000001,0.00759125,0.007811,1.8137922009945038,False,False
3fb8ea1c5cea68ee8159f3d984c6b8c2e2f70bb5e3ede1cd79af7121a0225a38,600572,64,bits-sq,8,512,7,selection_isolated,30,0.06880449999999999,0.068744,0.0689815,0.6836180773059902,False,False
3fb8ea1c5cea68ee8159f3d984c6b8c2e2f70bb5e3ede1cd79af7121a0225a38,600572,64,bits-sq,8,512,7,transform_isolated,30,0.009484,0.00941425,0.0095615,0.997943905525095,False,False
3fb8ea1c5cea68ee8159f3d984c6b8c2e2f70bb5e3ede1cd79af7121a0225a38,600572,64,bits-sq,8,512,7,upload_shared,1,0.713352,0.713352,0.713352,0.9751202772263904,False,False
3fb8ea1c5cea68ee8159f3d984c6b8c2e2f70bb5e3ede1cd79af7121a0225a38,600572,64,bits-sq,8,512,8,download,30,0.0081275,0.0080745,0.008213000000000002,0.9784066441095047,False,False
3fb8ea1c5cea68ee8159f3d984c6b8c2e2f70bb5e3ede1cd79af7121a0225a38,600572,64,bits-sq,8,512,8,operator,30,0.0792905,0.079095,0.07964575,0.8087664978780561,False,False
3fb8ea1c5cea68ee8159f3d984c6b8c2e2f70bb5e3ede1cd79af7121a0225a38,600572,64,bits-sq,8,512,8,output_isolated,30,0.007757,0.007712,0.007862000000000001,1.7869021528941602,False,False
3fb8ea1c5cea68ee8159f3d984c6b8c2e2f70bb5e3ede1cd79af7121a0225a38,600572,64,bits-sq,8,512,8,selection_isolated,30,0.068293,0.068143,0.068469,0.6887382308582138,False,False
3fb8ea1c5cea68ee8159f3d984c6b8c2e2f70bb5e3ede1cd79af7121a0225a38,600572,64,bits-sq,8,512,8,transform_isolated,30,0.0095145,0.009439,0.009604,0.9947448631036839,False,False
3fb8ea1c5cea68ee8159f3d984c6b8c2e2f70bb5e3ede1cd79af7121a0225a38,600572,64,bits-sq,8,512,8,upload_shared,1,0.695043,0.695043,0.695043,1.0008071443061797,False,False
3fb8ea1c5cea68ee8159f3d984c6b8c2e2f70bb5e3ede1cd79af7121a0225a38,600572,64,bits-sq,8,512,13,download,30,0.008082,0.008013,0.00867075,0.9839148725562977,False,False
3fb8ea1c5cea68ee8159f3d984c6b8c2e2f70bb5e3ede1cd79af7121a0225a38,600572,64,bits-sq,8,512,13,operator,30,0.07808300000000001,0.0778305,0.078459,0.821273516642547,False,False
3fb8ea1c5cea68ee8159f3d984c6b8c2e2f70bb5e3ede1cd79af7121a0225a38,600572,64,bits-sq,8,512,13,output_isolated,30,0.0077469999999999995,0.00769125,0.007924500000000001,1.7892087259584357,False,False
3fb8ea1c5cea68ee8159f3d984c6b8c2e2f70bb5e3ede1cd79af7121a0225a38,600572,64,bits-sq,8,512,13,selection_isolated,30,0.06725700000000001,0.06709124999999999,0.067412,0.6993472798370429,False,False
3fb8ea1c5cea68ee8159f3d984c6b8c2e2f70bb5e3ede1cd79af7121a0225a38,600572,64,bits-sq,8,512,13,transform_isolated,30,0.0095295,0.009453999999999999,0.00960975,0.9931790755023874,False,False
3fb8ea1c5cea68ee8159f3d984c6b8c2e2f70bb5e3ede1cd79af7121a0225a38,600572,64,bits-sq,8,512,13,upload_shared,1,0.6909559999999999,0.6909559999999999,0.6909559999999999,1.0067269116991533,False,False
3fb8ea1c5cea68ee8159f3d984c6b8c2e2f70bb5e3ede1cd79af7121a0225a38,600572,64,bits-sq,8,512,16,download,30,0.008037,0.007992,0.008109499999999999,0.9894239143959187,False,False
3fb8ea1c5cea68ee8159f3d984c6b8c2e2f70bb5e3ede1cd79af7121a0225a38,600572,64,bits-sq,8,512,16,operator,30,0.08448800000000001,0.08413224999999999,0.08467374999999999,0.7590131142884197,False,False
3fb8ea1c5cea68ee8159f3d984c6b8c2e2f70bb5e3ede1cd79af7121a0225a38,600572,64,bits-sq,8,512,16,output_isolated,30,0.007661,0.00762125,0.0077195,1.809293825871296,False,False
3fb8ea1c5cea68ee8159f3d984c6b8c2e2f70bb5e3ede1cd79af7121a0225a38,600572,64,bits-sq,8,512,16,selection_isolated,30,0.0730505,0.07292275000000001,0.0731785,0.6438833409764477,False,False
3fb8ea1c5cea68ee8159f3d984c6b8c2e2f70bb5e3ede1cd79af7121a0225a38,600572,64,bits-sq,8,512,16,transform_isolated,30,0.009484,0.009424,0.00959175,0.997943905525095,False,False
3fb8ea1c5cea68ee8159f3d984c6b8c2e2f70bb5e3ede1cd79af7121a0225a38,600572,64,bits-sq,8,512,16,upload_shared,1,0.695604,0.695604,0.695604,1.0,False,False
3fb8ea1c5cea68ee8159f3d984c6b8c2e2f70bb5e3ede1cd79af7121a0225a38,600572,64,bits-sq,32,128,4,download,30,0.008081999999999999,0.0080145,0.00816275,0.983914872556298,False,False
3fb8ea1c5cea68ee8159f3d984c6b8c2e2f70bb5e3ede1cd79af7121a0225a38,600572,64,bits-sq,32,128,4,operator,30,0.086616,0.08638024999999999,0.0869345,0.740365521381731,False,False
3fb8ea1c5cea68ee8159f3d984c6b8c2e2f70bb5e3ede1cd79af7121a0225a38,600572,64,bits-sq,32,128,4,output_isolated,30,0.007722,0.00763425,0.007822,1.795001295001295,False,False
3fb8ea1c5cea68ee8159f3d984c6b8c2e2f70bb5e3ede1cd79af7121a0225a38,600572,64,bits-sq,32,128,4,selection_isolated,30,0.07549449999999999,0.07541724999999999,0.07563725,0.6230387644133017,False,False
3fb8ea1c5cea68ee8159f3d984c6b8c2e2f70bb5e3ede1cd79af7121a0225a38,600572,64,bits-sq,32,128,4,transform_isolated,30,0.0094745,0.0093915,0.00952175,0.9989445353316798,False,False
3fb8ea1c5cea68ee8159f3d984c6b8c2e2f70bb5e3ede1cd79af7121a0225a38,600572,64,bits-sq,32,128,4,upload_shared,1,0.698769,0.698769,0.698769,0.9954706061659863,False,False
3fb8ea1c5cea68ee8159f3d984c6b8c2e2f70bb5e3ede1cd79af7121a0225a38,600572,64,bits-sq,32,128,7,download,30,0.008102,0.0080345,0.00813275,0.9814860528264625,False,False
3fb8ea1c5cea68ee8159f3d984c6b8c2e2f70bb5e3ede1cd79af7121a0225a38,600572,64,bits-sq,32,128,7,operator,30,0.084673,0.08452550000000002,0.08511975,0.7573547648010582,False,False
3fb8ea1c5cea68ee8159f3d984c6b8c2e2f70bb5e3ede1cd79af7121a0225a38,600572,64,bits-sq,32,128,7,output_isolated,30,0.0076515,0.007573749999999999,0.007732,1.8115402208717244,False,False
3fb8ea1c5cea68ee8159f3d984c6b8c2e2f70bb5e3ede1cd79af7121a0225a38,600572,64,bits-sq,32,128,7,selection_isolated,30,0.07352600000000001,0.07342950000000001,0.07378425,0.63971928297473,False,False
3fb8ea1c5cea68ee8159f3d984c6b8c2e2f70bb5e3ede1cd79af7121a0225a38,600572,64,bits-sq,32,128,7,transform_isolated,30,0.0094945,0.009409,0.009541500000000001,0.9968402759492339,False,False
3fb8ea1c5cea68ee8159f3d984c6b8c2e2f70bb5e3ede1cd79af7121a0225a38,600572,64,bits-sq,32,128,7,upload_shared,1,0.698318,0.698318,0.698318,0.9961135184829834,False,False
3fb8ea1c5cea68ee8159f3d984c6b8c2e2f70bb5e3ede1cd79af7121a0225a38,600572,64,bits-sq,32,128,8,download,30,0.0080375,0.007992,0.008072,0.989362363919129,False,False
3fb8ea1c5cea68ee8159f3d984c6b8c2e2f70bb5e3ede1cd79af7121a0225a38,600572,64,bits-sq,32,128,8,operator,30,0.086441,0.08633099999999999,0.0867585,0.7418643930542219,False,False
3fb8ea1c5cea68ee8159f3d984c6b8c2e2f70bb5e3ede1cd79af7121a0225a38,600572,64,bits-sq,32,128,8,output_isolated,30,0.007692,0.00762375,0.0077795,1.8020020800832033,False,False
3fb8ea1c5cea68ee8159f3d984c6b8c2e2f70bb5e3ede1cd79af7121a0225a38,600572,64,bits-sq,32,128,8,selection_isolated,30,0.07554000000000001,0.07535649999999999,0.07567650000000001,0.6226634895419645,False,False
3fb8ea1c5cea68ee8159f3d984c6b8c2e2f70bb5e3ede1cd79af7121a0225a38,600572,64,bits-sq,32,128,8,transform_isolated,30,0.009464,0.009424,0.009550000000000001,1.000052831783601,False,False
3fb8ea1c5cea68ee8159f3d984c6b8c2e2f70bb5e3ede1cd79af7121a0225a38,600572,64,bits-sq,32,128,8,upload_shared,1,0.703555,0.703555,0.703555,0.9886988224090512,False,False
3fb8ea1c5cea68ee8159f3d984c6b8c2e2f70bb5e3ede1cd79af7121a0225a38,600572,64,bits-sq,32,128,13,download,30,0.0080475,0.008012,0.00817775,0.9881329605467534,False,False
3fb8ea1c5cea68ee8159f3d984c6b8c2e2f70bb5e3ede1cd79af7121a0225a38,600572,64,bits-sq,32,128,13,operator,30,0.09476899999999999,0.09463325,0.0950165,0.6766716964408194,False,False
3fb8ea1c5cea68ee8159f3d984c6b8c2e2f70bb5e3ede1cd79af7121a0225a38,600572,64,bits-sq,32,128,13,output_isolated,30,0.0077269999999999995,0.007587000000000001,0.007912,1.7938397825805619,False,False
3fb8ea1c5cea68ee8159f3d984c6b8c2e2f70bb5e3ede1cd79af7121a0225a38,600572,64,bits-sq,32,128,13,selection_isolated,30,0.083852,0.0836845,0.08401475,0.5609407050517579,False,False
3fb8ea1c5cea68ee8159f3d984c6b8c2e2f70bb5e3ede1cd79af7121a0225a38,600572,64,bits-sq,32,128,13,transform_isolated,30,0.0094795,0.00943675,0.009544,0.9984176380610792,False,False
3fb8ea1c5cea68ee8159f3d984c6b8c2e2f70bb5e3ede1cd79af7121a0225a38,600572,64,bits-sq,32,128,13,upload_shared,1,0.690146,0.690146,0.690146,1.0079084715408044,False,False
3fb8ea1c5cea68ee8159f3d984c6b8c2e2f70bb5e3ede1cd79af7121a0225a38,600572,64,bits-sq,32,128,16,download,30,0.008052,0.007977,0.008545500000000001,0.9875807252856432,False,False
3fb8ea1c5cea68ee8159f3d984c6b8c2e2f70bb5e3ede1cd79af7121a0225a38,600572,64,bits-sq,32,128,16,operator,30,0.099526,0.0993275,0.099901,0.6443291200289372,False,False
3fb8ea1c5cea68ee8159f3d984c6b8c2e2f70bb5e3ede1cd79af7121a0225a38,600572,64,bits-sq,32,128,16,output_isolated,30,0.0077020000000000005,0.007633500000000001,0.0078095000000000005,1.7996624253440663,False,False
3fb8ea1c5cea68ee8159f3d984c6b8c2e2f70bb5e3ede1cd79af7121a0225a38,600572,64,bits-sq,32,128,16,selection_isolated,30,0.088579,0.08844650000000001,0.08874,0.531006220435995,False,False
3fb8ea1c5cea68ee8159f3d984c6b8c2e2f70bb5e3ede1cd79af7121a0225a38,600572,64,bits-sq,32,128,16,transform_isolated,30,0.009484,0.0093665,0.009541500000000001,0.997943905525095,False,False
3fb8ea1c5cea68ee8159f3d984c6b8c2e2f70bb5e3ede1cd79af7121a0225a38,600572,64,bits-sq,32,128,16,upload_shared,1,0.693631,0.693631,0.693631,1.0028444518771509,False,False
3fb8ea1c5cea68ee8159f3d984c6b8c2e2f70bb5e3ede1cd79af7121a0225a38,600572,64,bits-sq,32,256,4,download,30,0.008107,0.008002,0.0082355,0.9808807203651165,False,False
3fb8ea1c5cea68ee8159f3d984c6b8c2e2f70bb5e3ede1cd79af7121a0225a38,600572,64,bits-sq,32,256,4,operator,30,0.0677575,0.06758975,0.06811825,0.9464265948418995,False,False
3fb8ea1c5cea68ee8159f3d984c6b8c2e2f70bb5e3ede1cd79af7121a0225a38,600572,64,bits-sq,32,256,4,output_isolated,30,0.007622,0.0075645,0.0077395,1.8185515612700078,False,False
3fb8ea1c5cea68ee8159f3d984c6b8c2e2f70bb5e3ede1cd79af7121a0225a38,600572,64,bits-sq,32,256,4,selection_isolated,30,0.0567405,0.0566285,0.057041,0.8289669636326786,False,False
3fb8ea1c5cea68ee8159f3d984c6b8c2e2f70bb5e3ede1cd79af7121a0225a38,600572,64,bits-sq,32,256,4,transform_isolated,30,0.0094495,0.009384,0.009596499999999999,1.0015873855759565,False,False
3fb8ea1c5cea68ee8159f3d984c6b8c2e2f70bb5e3ede1cd79af7121a0225a38,600572,64,bits-sq,32,256,4,upload_shared,1,0.7023039999999999,0.7023039999999999,0.7023039999999999,0.9904599717501255,False,False
3fb8ea1c5cea68ee8159f3d984c6b8c2e2f70bb5e3ede1cd79af7121a0225a38,600572,64,bits-sq,32,256,7,download,30,0.0080975,0.008022,0.00816025,0.9820314912009878,False,False
3fb8ea1c5cea68ee8159f3d984c6b8c2e2f70bb5e3ede1cd79af7121a0225a38,600572,64,bits-sq,32,256,7,operator,30,0.064303,0.064122,0.06472050000000001,0.9972707338693374,False,False
3fb8ea1c5cea68ee8159f3d984c6b8c2e2f70bb5e3ede1cd79af7121a0225a38,600572,64,bits-sq,32,256,7,output_isolated,30,0.007657000000000001,0.00759125,0.007781999999999999,1.8102389969962125,False,False
3fb8ea1c5cea68ee8159f3d984c6b8c2e2f70bb5e3ede1cd79af7121a0225a38,600572,64,bits-sq,32,256,7,selection_isolated,30,0.053155499999999994,0.05302025,0.053283500000000004,0.8848755067678793,False,False
3fb8ea1c5cea68ee8159f3d984c6b8c2e2f70bb5e3ede1cd79af7121a0225a38,600572,64,bits-sq,32,256,7,transform_isolated,30,0.009495,0.00942725,0.009552250000000002,0.9967877830437073,False,False
3fb8ea1c5cea68ee8159f3d984c6b8c2e2f70bb5e3ede1cd79af7121a0225a38,600572,64,bits-sq,32,256,7,upload_shared,1,0.6843370000000001,0.6843370000000001,0.6843370000000001,1.0164641105186478,False,False
3fb8ea1c5cea68ee8159f3d984c6b8c2e2f70bb5e3ede1cd79af7121a0225a38,600572,64,bits-sq,32,256,8,download,30,0.008057,0.007942,0.00823275,0.9869678540399651,False,False
3fb8ea1c5cea68ee8159f3d984c6b8c2e2f70bb5e3ede1cd79af7121a0225a38,600572,64,bits-sq,32,256,8,operator,30,0.064277,0.06415974999999999,0.064808,0.9976741291597306,False,False
3fb8ea1c5cea68ee8159f3d984c6b8c2e2f70bb5e3ede1cd79af7121a0225a38,600572,64,bits-sq,32,256,8,output_isolated,30,0.0076665,0.0076235,0.0077494999999999994,1.8079958259962174,False,False
3fb8ea1c5cea68ee8159f3d984c6b8c2e2f70bb5e3ede1cd79af7121a0225a38,600572,64,bits-sq,32,256,8,selection_isolated,30,0.053235500000000005,0.053145,0.05334825,0.8835457542429394,False,False
3fb8ea1c5cea68ee8159f3d984c6b8c2e2f70bb5e3ede1cd79af7121a0225a38,600572,64,bits-sq,32,256,8,transform_isolated,30,0.0094745,0.0093965,0.00961975,0.9989445353316798,False,False
3fb8ea1c5cea68ee8159f3d984c6b8c2e2f70bb5e3ede1cd79af7121a0225a38,600572,64,bits-sq,32,256,8,upload_shared,1,0.683766,0.683766,0.683766,1.0173129403918886,False,False
3fb8ea1c5cea68ee8159f3d984c6b8c2e2f70bb5e3ede1cd79af7121a0225a38,600572,64,bits-sq,32,256,13,download,30,0.008442999999999999,0.00808775,0.00904875,0.9418453156460973,False,False
3fb8ea1c5cea68ee8159f3d984c6b8c2e2f70bb5e3ede1cd79af7121a0225a38,600572,64,bits-sq,32,256,13,operator,30,0.069981,0.06974074999999999,0.07020675,0.9163558680213201,False,False
3fb8ea1c5cea68ee8159f3d984c6b8c2e2f70bb5e3ede1cd79af7121a0225a38,600572,64,bits-sq,32,256,13,output_isolated,30,0.007731999999999999,0.00760675,0.0079595,1.7926797723745476,False,False
3fb8ea1c5cea68ee8159f3d984c6b8c2e2f70bb5e3ede1cd79af7121a0225a38,600572,64,bits-sq,32,256,13,selection_isolated,30,0.0589795,0.058819,0.05912725,0.7974974355496401,False,False
3fb8ea1c5cea68ee8159f3d984c6b8c2e2f70bb5e3ede1cd79af7121a0225a38,600572,64,bits-sq,32,256,13,transform_isolated,30,0.00958,0.00950725,0.009645,0.9879436325678498,False,False
3fb8ea1c5cea68ee8159f3d984c6b8c2e2f70bb5e3ede1cd79af7121a0225a38,600572,64,bits-sq,32,256,13,upload_shared,1,0.689534,0.689534,0.689534,1.0088030466953044,False,False
3fb8ea1c5cea68ee8159f3d984c6b8c2e2f70bb5e3ede1cd79af7121a0225a38,600572,64,bits-sq,32,256,16,download,30,0.0080975,0.008002,0.00822475,0.9820314912009878,False,False
3fb8ea1c5cea68ee8159f3d984c6b8c2e2f70bb5e3ede1cd79af7121a0225a38,600572,64,bits-sq,32,256,16,operator,30,0.0710075,0.070902,0.0712055,0.9031088265324085,False,False
3fb8ea1c5cea68ee8159f3d984c6b8c2e2f70bb5e3ede1cd79af7121a0225a38,600572,64,bits-sq,32,256,16,output_isolated,30,0.007707,0.007634500000000001,0.00780925,1.7984948747891527,False,False
3fb8ea1c5cea68ee8159f3d984c6b8c2e2f70bb5e3ede1cd79af7121a0225a38,600572,64,bits-sq,32,256,16,selection_isolated,30,0.060106,0.059998249999999996,0.06018875,0.7825508268725252,False,False
3fb8ea1c5cea68ee8159f3d984c6b8c2e2f70bb5e3ede1cd79af7121a0225a38,600572,64,bits-sq,32,256,16,transform_isolated,30,0.009509,0.009447249999999999,0.00961,0.9953202229466821,False,False
3fb8ea1c5cea68ee8159f3d984c6b8c2e2f70bb5e3ede1cd79af7121a0225a38,600572,64,bits-sq,32,256,16,upload_shared,1,0.699911,0.699911,0.699911,0.9938463604658307,False,False
3fb8ea1c5cea68ee8159f3d984c6b8c2e2f70bb5e3ede1cd79af7121a0225a38,600572,64,bits-sq,32,512,4,download,30,0.0080575,0.00798525,0.0081745,0.986906608749612,True,True
3fb8ea1c5cea68ee8159f3d984c6b8c2e2f70bb5e3ede1cd79af7121a0225a38,600572,64,bits-sq,32,512,4,operator,30,0.057502,0.057362,0.05769225,1.1152220792320269,True,True
3fb8ea1c5cea68ee8159f3d984c6b8c2e2f70bb5e3ede1cd79af7121a0225a38,600572,64,bits-sq,32,512,4,output_isolated,30,0.007692000000000001,0.0076135,0.00775875,1.802002080083203,True,True
3fb8ea1c5cea68ee8159f3d984c6b8c2e2f70bb5e3ede1cd79af7121a0225a38,600572,64,bits-sq,32,512,4,selection_isolated,30,0.046495499999999995,0.046419999999999996,0.04661075,1.0116247808927747,True,True
3fb8ea1c5cea68ee8159f3d984c6b8c2e2f70bb5e3ede1cd79af7121a0225a38,600572,64,bits-sq,32,512,4,transform_isolated,30,0.0095295,0.009464,0.00963175,0.9931790755023874,True,True
3fb8ea1c5cea68ee8159f3d984c6b8c2e2f70bb5e3ede1cd79af7121a0225a38,600572,64,bits-sq,32,512,4,upload_shared,1,0.697076,0.697076,0.697076,0.9978883220767892,True,True
3fb8ea1c5cea68ee8159f3d984c6b8c2e2f70bb5e3ede1cd79af7121a0225a38,600572,64,bits-sq,32,512,7,download,30,0.008107,0.00800525,0.00818975,0.9808807203651165,False,False
3fb8ea1c5cea68ee8159f3d984c6b8c2e2f70bb5e3ede1cd79af7121a0225a38,600572,64,bits-sq,32,512,7,operator,30,0.062154499999999994,0.0619665,0.06264225,1.0317434779460861,False,False
3fb8ea1c5cea68ee8159f3d984c6b8c2e2f70bb5e3ede1cd79af7121a0225a38,600572,64,bits-sq,32,512,7,output_isolated,30,0.007676499999999999,0.007584500000000001,0.007786999999999999,1.8056405914153588,False,False
3fb8ea1c5cea68ee8159f3d984c6b8c2e2f70bb5e3ede1cd79af7121a0225a38,600572,64,bits-sq,32,512,7,selection_isolated,30,0.0512325,0.051143,0.051388,0.91808910359635,False,False
3fb8ea1c5cea68ee8159f3d984c6b8c2e2f70bb5e3ede1cd79af7121a0225a38,600572,64,bits-sq,32,512,7,transform_isolated,30,0.009535,0.009479,0.00963175,0.992606187729418,False,False
3fb8ea1c5cea68ee8159f3d984c6b8c2e2f70bb5e3ede1cd79af7121a0225a38,600572,64,bits-sq,32,512,7,upload_shared,1,0.691667,0.691667,0.691667,1.0056920454496165,False,False
3fb8ea1c5cea68ee8159f3d984c6b8c2e2f70bb5e3ede1cd79af7121a0225a38,600572,64,bits-sq,32,512,8,download,30,0.008072,0.0080145,0.0081395,0.9851337958374627,False,False
3fb8ea1c5cea68ee8159f3d984c6b8c2e2f70bb5e3ede1cd79af7121a0225a38,600572,64,bits-sq,32,512,8,operator,30,0.061673500000000006,0.061520500000000006,0.061859,1.0397901854118867,False,False
3fb8ea1c5cea68ee8159f3d984c6b8c2e2f70bb5e3ede1cd79af7121a0225a38,600572,64,bits-sq,32,512,8,output_isolated,30,0.007575999999999999,0.007541,0.0077469999999999995,1.829593453009504,False,False
3fb8ea1c5cea68ee8159f3d984c6b8c2e2f70bb5e3ede1cd79af7121a0225a38,600572,64,bits-sq,32,512,8,selection_isolated,30,0.0507315,0.05062925,0.050887,0.9271557119343998,False,False
3fb8ea1c5cea68ee8159f3d984c6b8c2e2f70bb5e3ede1cd79af7121a0225a38,600572,64,bits-sq,32,512,8,transform_isolated,30,0.0094645,0.009414,0.009511499999999999,1.0,False,False
3fb8ea1c5cea68ee8159f3d984c6b8c2e2f70bb5e3ede1cd79af7121a0225a38,600572,64,bits-sq,32,512,8,upload_shared,1,0.683726,0.683726,0.683726,1.0173724562178417,False,False
3fb8ea1c5cea68ee8159f3d984c6b8c2e2f70bb5e3ede1cd79af7121a0225a38,600572,64,bits-sq,32,512,13,download,30,0.0080525,0.007961999999999999,0.008348,0.9875194039118285,False,False
3fb8ea1c5cea68ee8159f3d984c6b8c2e2f70bb5e3ede1cd79af7121a0225a38,600572,64,bits-sq,32,512,13,operator,30,0.0621095,0.061925749999999995,0.06245675,1.0324910037916906,False,False
3fb8ea1c5cea68ee8159f3d984c6b8c2e2f70bb5e3ede1cd79af7121a0225a38,600572,64,bits-sq,32,512,13,output_isolated,30,0.007621,0.00756375,0.007761999999999999,1.8187901850150898,False,False
3fb8ea1c5cea68ee8159f3d984c6b8c2e2f70bb5e3ede1cd79af7121a0225a38,600572,64,bits-sq,32,512,13,selection_isolated,30,0.0511275,0.051007250000000004,0.05125775,0.9199745733704954,False,False
3fb8ea1c5cea68ee8159f3d984c6b8c2e2f70bb5e3ede1cd79af7121a0225a38,600572,64,bits-sq,32,512,13,transform_isolated,30,0.009504499999999999,0.009447249999999999,0.0096125,0.9957914671997476,False,False
3fb8ea1c5cea68ee8159f3d984c6b8c2e2f70bb5e3ede1cd79af7121a0225a38,600572,64,bits-sq,32,512,13,upload_shared,1,0.687001,0.687001,0.687001,1.0125225436353078,False,False
3fb8ea1c5cea68ee8159f3d984c6b8c2e2f70bb5e3ede1cd79af7121a0225a38,600572,64,bits-sq,32,512,16,download,30,0.0081025,0.00800775,0.008573,0.981425485961123,False,False
3fb8ea1c5cea68ee8159f3d984c6b8c2e2f70bb5e3ede1cd79af7121a0225a38,600572,64,bits-sq,32,512,16,operator,30,0.063762,0.06356625,0.06412525,1.0057322543207554,False,False
3fb8ea1c5cea68ee8159f3d984c6b8c2e2f70bb5e3ede1cd79af7121a0225a38,600572,64,bits-sq,32,512,16,output_isolated,30,0.007762,0.0076035,0.007847,1.785751095078588,False,False
3fb8ea1c5cea68ee8159f3d984c6b8c2e2f70bb5e3ede1cd79af7121a0225a38,600572,64,bits-sq,32,512,16,selection_isolated,30,0.052570000000000006,0.052457500000000004,0.0527075,0.8947308350770401,False,False
3fb8ea1c5cea68ee8159f3d984c6b8c2e2f70bb5e3ede1cd79af7121a0225a38,600572,64,bits-sq,32,512,16,transform_isolated,30,0.00957,0.00950925,0.009729,0.9889759665621735,False,False
3fb8ea1c5cea68ee8159f3d984c6b8c2e2f70bb5e3ede1cd79af7121a0225a38,600572,64,bits-sq,32,512,16,upload_shared,1,0.68609,0.68609,0.68609,1.0138669853809268,False,False
3fb8ea1c5cea68ee8159f3d984c6b8c2e2f70bb5e3ede1cd79af7121a0225a38,600572,64,bits-sq,128,128,4,download,30,0.008077,0.0079845,0.008197000000000001,0.9845239569146959,False,False
3fb8ea1c5cea68ee8159f3d984c6b8c2e2f70bb5e3ede1cd79af7121a0225a38,600572,64,bits-sq,128,128,4,operator,30,0.081023,0.0808905,0.081318,0.7914727916764376,False,False
3fb8ea1c5cea68ee8159f3d984c6b8c2e2f70bb5e3ede1cd79af7121a0225a38,600572,64,bits-sq,128,128,4,output_isolated,30,0.0077115,0.0076742500000000005,0.007786999999999999,1.7974453737923881,False,False
3fb8ea1c5cea68ee8159f3d984c6b8c2e2f70bb5e3ede1cd79af7121a0225a38,600572,64,bits-sq,128,128,4,selection_isolated,30,0.070076,0.0699385,0.07029125,0.6712141103944289,False,False
3fb8ea1c5cea68ee8159f3d984c6b8c2e2f70bb5e3ede1cd79af7121a0225a38,600572,64,bits-sq,128,128,4,transform_isolated,30,0.009489,0.009426499999999999,0.00954175,0.9974180630203395,False,False
3fb8ea1c5cea68ee8159f3d984c6b8c2e2f70bb5e3ede1cd79af7121a0225a38,600572,64,bits-sq,128,128,4,upload_shared,1,0.708243,0.708243,0.708243,0.9821544300473143,False,False
3fb8ea1c5cea68ee8159f3d984c6b8c2e2f70bb5e3ede1cd79af7121a0225a38,600572,64,bits-sq,128,128,7,download,30,0.008157999999999999,0.008082,0.008291999999999999,0.9747487129198333,False,False
3fb8ea1c5cea68ee8159f3d984c6b8c2e2f70bb5e3ede1cd79af7121a0225a38,600572,64,bits-sq,128,128,7,operator,30,0.08228,0.082139,0.082595,0.7793813806514341,False,False
3fb8ea1c5cea68ee8159f3d984c6b8c2e2f70bb5e3ede1cd79af7121a0225a38,600572,64,bits-sq,128,128,7,output_isolated,30,0.007716499999999999,0.0076485,0.007852,1.7962806972072833,False,False
3fb8ea1c5cea68ee8159f3d984c6b8c2e2f70bb5e3ede1cd79af7121a0225a38,600572,64,bits-sq,128,128,7,selection_isolated,30,0.071313,0.07122049999999999,0.07142549999999999,0.659571186179238,False,False
3fb8ea1c5cea68ee8159f3d984c6b8c2e2f70bb5e3ede1cd79af7121a0225a38,600572,64,bits-sq,128,128,7,transform_isolated,30,0.009534500000000001,0.0094775,0.00962,0.9926582411243379,False,False
3fb8ea1c5cea68ee8159f3d984c6b8c2e2f70bb5e3ede1cd79af7121a0225a38,600572,64,bits-sq,128,128,7,upload_shared,1,0.6938909999999999,0.6938909999999999,0.6938909999999999,1.0024686874451465,False,False
3fb8ea1c5cea68ee8159f3d984c6b8c2e2f70bb5e3ede1cd79af7121a0225a38,600572,64,bits-sq,128,128,8,download,30,0.008033,0.00798525,0.00814275,0.9899165940495455,False,False
3fb8ea1c5cea68ee8159f3d984c6b8c2e2f70bb5e3ede1cd79af7121a0225a38,600572,64,bits-sq,128,128,8,operator,30,0.0841375,0.083922,0.08441225,0.7621750111424751,False,False
3fb8ea1c5cea68ee8159f3d984c6b8c2e2f70bb5e3ede1cd79af7121a0225a38,600572,64,bits-sq,128,128,8,output_isolated,30,0.0076714999999999995,0.00760675,0.0077887500000000005,1.8068174411783877,False,False
3fb8ea1c5cea68ee8159f3d984c6b8c2e2f70bb5e3ede1cd79af7121a0225a38,600572,64,bits-sq,128,128,8,selection_isolated,30,0.0731205,0.07308100000000001,0.073206,0.6432669360849557,False,False
3fb8ea1c5cea68ee8159f3d984c6b8c2e2f70bb5e3ede1cd79af7121a0225a38,600572,64,bits-sq,128,128,8,transform_isolated,30,0.009439,0.00938975,0.0095425,1.0027015573683655,False,False
3fb8ea1c5cea68ee8159f3d984c6b8c2e2f70bb5e3ede1cd79af7121a0225a38,600572,64,bits-sq,128,128,8,upload_shared,1,0.685949,0.685949,0.685949,1.014075390444479,False,False
3fb8ea1c5cea68ee8159f3d984c6b8c2e2f70bb5e3ede1cd79af7121a0225a38,600572,64,bits-sq,128,128,13,download,30,0.0082025,0.008062,0.0083355,0.96946053032612,False,False
3fb8ea1c5cea68ee8159f3d984c6b8c2e2f70bb5e3ede1cd79af7121a0225a38,600572,64,bits-sq,128,128,13,operator,30,0.0925,0.09230725,0.09260575,0.6932702702702703,False,False
3fb8ea1c5cea68ee8159f3d984c6b8c2e2f70bb5e3ede1cd79af7121a0225a38,600572,64,bits-sq,128,128,13,output_isolated,30,0.0076465000000000005,0.00762125,0.0077462500000000005,1.812724776041326,False,False
3fb8ea1c5cea68ee8159f3d984c6b8c2e2f70bb5e3ede1cd79af7121a0225a38,600572,64,bits-sq,128,128,13,selection_isolated,30,0.081538,0.0814105,0.08166625000000001,0.5768598690181266,False,False
3fb8ea1c5cea68ee8159f3d984c6b8c2e2f70bb5e3ede1cd79af7121a0225a38,600572,64,bits-sq,128,128,13,transform_isolated,30,0.009429,0.0093765,0.00950225,1.0037649803796798,False,False
3fb8ea1c5cea68ee8159f3d984c6b8c2e2f70bb5e3ede1cd79af7121a0225a38,600572,64,bits-sq,128,128,13,upload_shared,1,0.695935,0.695935,0.695935,0.999524380868903,False,False
3fb8ea1c5cea68ee8159f3d984c6b8c2e2f70bb5e3ede1cd79af7121a0225a38,600572,64,bits-sq,128,128,16,download,30,0.0081075,0.00799775,0.008162,0.9808202281837803,False,False
3fb8ea1c5cea68ee8159f3d984c6b8c2e2f70bb5e3ede1cd79af7121a0225a38,600572,64,bits-sq,128,128,16,operator,30,0.100973,0.10082225,0.1013265,0.6350955205847109,False,False
3fb8ea1c5cea68ee8159f3d984c6b8c2e2f70bb5e3ede1cd79af7121a0225a38,600572,64,bits-sq,128,128,16,output_isolated,30,0.0076965,0.007592000000000001,0.0078245,1.800948483076723,False,False
3fb8ea1c5cea68ee8159f3d984c6b8c2e2f70bb5e3ede1cd79af7121a0225a38,600572,64,bits-sq,128,128,16,selection_isolated,30,0.0900415,0.089946,0.09021874999999999,0.5223813463791697,False,False
3fb8ea1c5cea68ee8159f3d984c6b8c2e2f70bb5e3ede1cd79af7121a0225a38,600572,64,bits-sq,128,128,16,transform_isolated,30,0.009434,0.009384,0.00954175,1.0032329870680519,False,False
3fb8ea1c5cea68ee8159f3d984c6b8c2e2f70bb5e3ede1cd79af7121a0225a38,600572,64,bits-sq,128,128,16,upload_shared,1,0.698669,0.698669,0.698669,0.9956130871700333,False,False
3fb8ea1c5cea68ee8159f3d984c6b8c2e2f70bb5e3ede1cd79af7121a0225a38,600572,64,bits-sq,128,256,4,download,30,0.0081525,0.008022,0.008537999999999999,0.97540631708065,False,False
3fb8ea1c5cea68ee8159f3d984c6b8c2e2f70bb5e3ede1cd79af7121a0225a38,600572,64,bits-sq,128,256,4,operator,30,0.0667615,0.06658599999999999,0.06708449999999999,0.9605461231398337,False,False
3fb8ea1c5cea68ee8159f3d984c6b8c2e2f70bb5e3ede1cd79af7121a0225a38,600572,64,bits-sq,128,256,4,output_isolated,30,0.007730999999999999,0.0075895,0.00787675,1.7929116543784764,False,False
3fb8ea1c5cea68ee8159f3d984c6b8c2e2f70bb5e3ede1cd79af7121a0225a38,600572,64,bits-sq,128,256,4,selection_isolated,30,0.055739,0.0555365,0.0559175,0.8438615690988357,False,False
3fb8ea1c5cea68ee8159f3d984c6b8c2e2f70bb5e3ede1cd79af7121a0225a38,600572,64,bits-sq,128,256,4,transform_isolated,30,0.0095645,0.0094575,0.00969175,0.9895446703957342,False,False
3fb8ea1c5cea68ee8159f3d984c6b8c2e2f70bb5e3ede1cd79af7121a0225a38,600572,64,bits-sq,128,256,4,upload_shared,1,0.690236,0.690236,0.690236,1.0077770501683483,False,False
3fb8ea1c5cea68ee8159f3d984c6b8c2e2f70bb5e3ede1cd79af7121a0225a38,600572,64,bits-sq,128,256,7,download,30,0.008092,0.0080095,0.0081595,0.9826989619377161,False,False
3fb8ea1c5cea68ee8159f3d984c6b8c2e2f70bb5e3ede1cd79af7121a0225a38,600572,64,bits-sq,128,256,7,operator,30,0.065079,0.06497125,0.065219,0.9853793082253877,False,False
3fb8ea1c5cea68ee8159f3d984c6b8c2e2f70bb5e3ede1cd79af7121a0225a38,600572,64,bits-sq,128,256,7,output_isolated,30,0.007627,0.007567000000000001,0.0077045,1.817359381145929,False,False
3fb8ea1c5cea68ee8159f3d984c6b8c2e2f70bb5e3ede1cd79af7121a0225a38,600572,64,bits-sq,128,256,7,selection_isolated,30,0.054032000000000004,0.05397425,0.05415450000000001,0.8705211726384364,False,False
3fb8ea1c5cea68ee8159f3d984c6b8c2e2f70bb5e3ede1cd79af7121a0225a38,600572,64,bits-sq,128,256,7,transform_isolated,30,0.009444,0.00936725,0.00956,1.0021706903854302,False,False
3fb8ea1c5cea68ee8159f3d984c6b8c2e2f70bb5e3ede1cd79af7121a0225a38,600572,64,bits-sq,128,256,7,upload_shared,1,0.688863,0.688863,0.688863,1.0097856903332012,False,False
3fb8ea1c5cea68ee8159f3d984c6b8c2e2f70bb5e3ede1cd79af7121a0225a38,600572,64,bits-sq,128,256,8,download,30,0.008142,0.008072,0.008273,0.9766642102677474,False,False
3fb8ea1c5cea68ee8159f3d984c6b8c2e2f70bb5e3ede1cd79af7121a0225a38,600572,64,bits-sq,128,256,8,operator,30,0.065244,0.06511825,0.065439,0.9828873153086874,False,False
3fb8ea1c5cea68ee8159f3d984c6b8c2e2f70bb5e3ede1cd79af7121a0225a38,600572,64,bits-sq,128,256,8,output_isolated,30,0.0076515,0.00756425,0.0078345,1.8115402208717244,False,False
3fb8ea1c5cea68ee8159f3d984c6b8c2e2f70bb5e3ede1cd79af7121a0225a38,600572,64,bits-sq,128,256,8,selection_isolated,30,0.054192,0.05405675,0.054357,0.8679509890758784,False,False
3fb8ea1c5cea68ee8159f3d984c6b8c2e2f70bb5e3ede1cd79af7121a0225a38,600572,64,bits-sq,128,256,8,transform_isolated,30,0.0094595,0.009381750000000001,0.009514749999999999,1.0005285691632753,False,False
3fb8ea1c5cea68ee8159f3d984c6b8c2e2f70bb5e3ede1cd79af7121a0225a38,600572,64,bits-sq,128,256,8,upload_shared,1,0.6979179999999999,0.6979179999999999,0.6979179999999999,0.9966844242446822,False,False
3fb8ea1c5cea68ee8159f3d984c6b8c2e2f70bb5e3ede1cd79af7121a0225a38,600572,64,bits-sq,128,256,13,download,30,0.008117,0.008047750000000001,0.0082295,0.9796722927189848,False,False
3fb8ea1c5cea68ee8159f3d984c6b8c2e2f70bb5e3ede1cd79af7121a0225a38,600572,64,bits-sq,128,256,13,operator,30,0.0741375,0.07400699999999999,0.074302,0.8649806103523858,False,False
3fb8ea1c5cea68ee8159f3d984c6b8c2e2f70bb5e3ede1cd79af7121a0225a38,600572,64,bits-sq,128,256,13,output_isolated,30,0.007671,0.00759175,0.0078245,1.8069352105331768,False,False
3fb8ea1c5cea68ee8159f3d984c6b8c2e2f70bb5e3ede1cd79af7121a0225a38,600572,64,bits-sq,128,256,13,selection_isolated,30,0.063216,0.06304850000000001,0.0633135,0.7440521386990636,False,False
3fb8ea1c5cea68ee8159f3d984c6b8c2e2f70bb5e3ede1cd79af7121a0225a38,600572,64,bits-sq,128,256,13,transform_isolated,30,0.0094795,0.00942425,0.0095925,0.9984176380610792,False,False
3fb8ea1c5cea68ee8159f3d984c6b8c2e2f70bb5e3ede1cd79af7121a0225a38,600572,64,bits-sq,128,256,13,upload_shared,1,0.695424,0.695424,0.695424,1.0002588348978465,False,False
3fb8ea1c5cea68ee8159f3d984c6b8c2e2f70bb5e3ede1cd79af7121a0225a38,600572,64,bits-sq,128,256,16,download,30,0.0080675,0.0080145,0.00820725,0.9856832971800432,False,False
3fb8ea1c5cea68ee8159f3d984c6b8c2e2f70bb5e3ede1cd79af7121a0225a38,600572,64,bits-sq,128,256,16,operator,30,0.077793,0.07744725,0.078043,0.8243350944172355,False,False
3fb8ea1c5cea68ee8159f3d984c6b8c2e2f70bb5e3ede1cd79af7121a0225a38,600572,64,bits-sq,128,256,16,output_isolated,30,0.0077465,0.007572,0.007872,1.7893242109339702,False,False
3fb8ea1c5cea68ee8159f3d984c6b8c2e2f70bb5e3ede1cd79af7121a0225a38,600572,64,bits-sq,128,256,16,selection_isolated,30,0.066641,0.0665135,0.066866,0.7058117375189448,False,False
3fb8ea1c5cea68ee8159f3d984c6b8c2e2f70bb5e3ede1cd79af7121a0225a38,600572,64,bits-sq,128,256,16,transform_isolated,30,0.0094895,0.009464,0.00955475,0.9973655092470627,False,False
3fb8ea1c5cea68ee8159f3d984c6b8c2e2f70bb5e3ede1cd79af7121a0225a38,600572,64,bits-sq,128,256,16,upload_shared,1,0.6940820000000001,0.6940820000000001,0.6940820000000001,1.002192824478952,False,False
3fb8ea1c5cea68ee8159f3d984c6b8c2e2f70bb5e3ede1cd79af7121a0225a38,600572,64,bits-sq,128,512,4,download,30,0.008022499999999998,0.007982000000000001,0.008092,0.9912122156435027,False,False
3fb8ea1c5cea68ee8159f3d984c6b8c2e2f70bb5e3ede1cd79af7121a0225a38,600572,64,bits-sq,128,512,4,operator,30,0.068719,0.06856899999999999,0.0688915,0.9331844177010725,False,False
3fb8ea1c5cea68ee8159f3d984c6b8c2e2f70bb5e3ede1cd79af7121a0225a38,600572,64,bits-sq,128,512,4,output_isolated,30,0.0077115,0.007631250000000001,0.007832,1.7974453737923881,False,False
3fb8ea1c5cea68ee8159f3d984c6b8c2e2f70bb5e3ede1cd79af7121a0225a38,600572,64,bits-sq,128,512,4,selection_isolated,30,0.057853,0.057695250000000003,0.0580205,0.8130261179195547,False,False
3fb8ea1c5cea68ee8159f3d984c6b8c2e2f70bb5e3ede1cd79af7121a0225a38,600572,64,bits-sq,128,512,4,transform_isolated,30,0.009514499999999999,0.0094365,0.009565,0.994744863103684,False,False
3fb8ea1c5cea68ee8159f3d984c6b8c2e2f70bb5e3ede1cd79af7121a0225a38,600572,64,bits-sq,128,512,4,upload_shared,1,0.713722,0.713722,0.713722,0.9746147659733062,False,False
3fb8ea1c5cea68ee8159f3d984c6b8c2e2f70bb5e3ede1cd79af7121a0225a38,600572,64,bits-sq,128,512,7,download,30,0.008052,0.007942,0.00813275,0.9875807252856432,False,False
3fb8ea1c5cea68ee8159f3d984c6b8c2e2f70bb5e3ede1cd79af7121a0225a38,600572,64,bits-sq,128,512,7,operator,30,0.07340649999999999,0.07329849999999999,0.07363349999999999,0.8735943002322685,False,False
3fb8ea1c5cea68ee8159f3d984c6b8c2e2f70bb5e3ede1cd79af7121a0225a38,600572,64,bits-sq,128,512,7,output_isolated,30,0.007710999999999999,0.007639250000000001,0.007877,1.7975619245234082,False,False
3fb8ea1c5cea68ee8159f3d984c6b8c2e2f70bb5e3ede1cd79af7121a0225a38,600572,64,bits-sq,128,512,7,selection_isolated,30,0.062254000000000004,0.06214650000000001,0.062496499999999996,0.7555498441867189,False,False
3fb8ea1c5cea68ee8159f3d984c6b8c2e2f70bb5e3ede1cd79af7121a0225a38,600572,64,bits-sq,128,512,7,transform_isolated,30,0.0095345,0.009447249999999999,0.009587250000000002,0.9926582411243381,False,False
3fb8ea1c5cea68ee8159f3d984c6b8c2e2f70bb5e3ede1cd79af7121a0225a38,600572,64,bits-sq,128,512,7,upload_shared,1,0.69311,0.69311,0.69311,1.0035982744441718,False,False
3fb8ea1c5cea68ee8159f3d984c6b8c2e2f70bb5e3ede1cd79af7121a0225a38,600572,64,bits-sq,128,512,8,download,30,0.0080725,0.0079745,0.00815525,0.9850727779498296,False,False
3fb8ea1c5cea68ee8159f3d984c6b8c2e2f70bb5e3ede1cd79af7121a0225a38,600572,64,bits-sq,128,512,8,operator,30,0.06974,0.069645,0.07004425,0.9195225121881274,False,False
3fb8ea1c5cea68ee8159f3d984c6b8c2e2f70bb5e3ede1cd79af7121a0225a38,600572,64,bits-sq,128,512,8,output_isolated,30,0.0076714999999999995,0.0075787499999999995,0.00784625,1.8068174411783877,False,False
3fb8ea1c5cea68ee8159f3d984c6b8c2e2f70bb5e3ede1cd79af7121a0225a38,600572,64,bits-sq,128,512,8,selection_isolated,30,0.058759,0.058605500000000005,0.05894675,0.8004901376810362,False,False
3fb8ea1c5cea68ee8159f3d984c6b8c2e2f70bb5e3ede1cd79af7121a0225a38,600572,64,bits-sq,128,512,8,transform_isolated,30,0.009554,0.009426499999999999,0.00963175,0.9906321959388739,False,False
3fb8ea1c5cea68ee8159f3d984c6b8c2e2f70bb5e3ede1cd79af7121a0225a38,600572,64,bits-sq,128,512,8,upload_shared,1,0.695805,0.695805,0.695805,0.9997111259620152,False,False
3fb8ea1c5cea68ee8159f3d984c6b8c2e2f70bb5e3ede1cd79af7121a0225a38,600572,64,bits-sq,128,512,13,download,30,0.008062,0.007994500000000002,0.008102,0.9863557429918134,False,False
3fb8ea1c5cea68ee8159f3d984c6b8c2e2f70bb5e3ede1cd79af7121a0225a38,600572,64,bits-sq,128,512,13,operator,30,0.07347150000000001,0.073396,0.07361375,0.8728214341615456,False,False
3fb8ea1c5cea68ee8159f3d984c6b8c2e2f70bb5e3ede1cd79af7121a0225a38,600572,64,bits-sq,128,512,13,output_isolated,30,0.007721499999999999,0.007654250000000001,0.007817,1.7951175289775305,False,False
3fb8ea1c5cea68ee8159f3d984c6b8c2e2f70bb5e3ede1cd79af7121a0225a38,600572,64,bits-sq,128,512,13,selection_isolated,30,0.062464,0.06233500000000001,0.0625875,0.7530097336065574,False,False
3fb8ea1c5cea68ee8159f3d984c6b8c2e2f70bb5e3ede1cd79af7121a0225a38,600572,64,bits-sq,128,512,13,transform_isolated,30,0.0095345,0.00948725,0.009621749999999998,0.9926582411243381,False,False
3fb8ea1c5cea68ee8159f3d984c6b8c2e2f70bb5e3ede1cd79af7121a0225a38,600572,64,bits-sq,128,512,13,upload_shared,1,0.695083,0.695083,0.695083,1.000749550773073,False,False
3fb8ea1c5cea68ee8159f3d984c6b8c2e2f70bb5e3ede1cd79af7121a0225a38,600572,64,bits-sq,128,512,16,download,30,0.0081975,0.00804475,0.008532999999999999,0.9700518450747178,False,False
3fb8ea1c5cea68ee8159f3d984c6b8c2e2f70bb5e3ede1cd79af7121a0225a38,600572,64,bits-sq,128,512,16,operator,30,0.07344700000000001,0.07334850000000001,0.07352925,0.8731125845848026,False,False
3fb8ea1c5cea68ee8159f3d984c6b8c2e2f70bb5e3ede1cd79af7121a0225a38,600572,64,bits-sq,128,512,16,output_isolated,30,0.0076615,0.007571,0.007737,1.8091757488742413,False,False
3fb8ea1c5cea68ee8159f3d984c6b8c2e2f70bb5e3ede1cd79af7121a0225a38,600572,64,bits-sq,128,512,16,selection_isolated,30,0.062475,0.06235400000000001,0.06252174999999999,0.7528771508603441,False,False
3fb8ea1c5cea68ee8159f3d984c6b8c2e2f70bb5e3ede1cd79af7121a0225a38,600572,64,bits-sq,128,512,16,transform_isolated,30,0.009468999999999998,0.009434,0.00960675,0.9995247650227059,False,False
3fb8ea1c5cea68ee8159f3d984c6b8c2e2f70bb5e3ede1cd79af7121a0225a38,600572,64,bits-sq,128,512,16,upload_shared,1,0.685318,0.685318,0.685318,1.0150090906703166,False,False
3fb8ea1c5cea68ee8159f3d984c6b8c2e2f70bb5e3ede1cd79af7121a0225a38,600572,64,bits-sq,512,128,4,download,30,0.0080725,0.0079845,0.00823275,0.9850727779498296,False,False
3fb8ea1c5cea68ee8159f3d984c6b8c2e2f70bb5e3ede1cd79af7121a0225a38,600572,64,bits-sq,512,128,4,operator,30,0.14407350000000002,0.1436905,0.14481149999999998,0.44510267328828684,False,False
3fb8ea1c5cea68ee8159f3d984c6b8c2e2f70bb5e3ede1cd79af7121a0225a38,600572,64,bits-sq,512,128,4,output_isolated,30,0.0076665,0.00755375,0.0077845,1.8079958259962174,False,False
3fb8ea1c5cea68ee8159f3d984c6b8c2e2f70bb5e3ede1cd79af7121a0225a38,600572,64,bits-sq,512,128,4,selection_isolated,30,0.1329715,0.1326235,0.13309349999999998,0.35372993461004804,False,False
3fb8ea1c5cea68ee8159f3d984c6b8c2e2f70bb5e3ede1cd79af7121a0225a38,600572,64,bits-sq,512,128,4,transform_isolated,30,0.0094795,0.00933725,0.00955175,0.9984176380610792,False,False
3fb8ea1c5cea68ee8159f3d984c6b8c2e2f70bb5e3ede1cd79af7121a0225a38,600572,64,bits-sq,512,128,4,upload_shared,1,0.694893,0.694893,0.694893,1.0010231791081505,False,False
3fb8ea1c5cea68ee8159f3d984c6b8c2e2f70bb5e3ede1cd79af7121a0225a38,600572,64,bits-sq,512,128,7,download,30,0.008057,0.007972,0.008533,0.9869678540399651,False,False
3fb8ea1c5cea68ee8159f3d984c6b8c2e2f70bb5e3ede1cd79af7121a0225a38,600572,64,bits-sq,512,128,7,operator,30,0.1401475,0.13961625,0.1405905,0.45757148718314633,False,False
3fb8ea1c5cea68ee8159f3d984c6b8c2e2f70bb5e3ede1cd79af7121a0225a38,600572,64,bits-sq,512,128,7,output_isolated,30,0.0076665,0.00756425,0.007829500000000001,1.8079958259962174,False,False
3fb8ea1c5cea68ee8159f3d984c6b8c2e2f70bb5e3ede1cd79af7121a0225a38,600572,64,bits-sq,512,128,7,selection_isolated,30,0.1288855,0.12867425,0.1291485,0.36494407827102354,False,False
3fb8ea1c5cea68ee8159f3d984c6b8c2e2f70bb5e3ede1cd79af7121a0225a38,600572,64,bits-sq,512,128,7,transform_isolated,30,0.009458999999999999,0.009394,0.00953175,1.0005814568136169,False,False
3fb8ea1c5cea68ee8159f3d984c6b8c2e2f70bb5e3ede1cd79af7121a0225a38,600572,64,bits-sq,512,128,7,upload_shared,1,0.703025,0.703025,0.703025,0.9894441876177945,False,False
3fb8ea1c5cea68ee8159f3d984c6b8c2e2f70bb5e3ede1cd79af7121a0225a38,600572,64,bits-sq,512,128,8,download,30,0.0081925,0.00804025,0.00832025,0.9706438815990234,False,False
3fb8ea1c5cea68ee8159f3d984c6b8c2e2f70bb5e3ede1cd79af7121a0225a38,600572,64,bits-sq,512,128,8,operator,30,0.143092,0.14294874999999999,0.14364225,0.44815573197663044,False,False
3fb8ea1c5cea68ee8159f3d984c6b8c2e2f70bb5e3ede1cd79af7121a0225a38,600572,64,bits-sq,512,128,8,output_isolated,30,0.007717,0.007631000000000001,0.0078995,1.796164312556693,False,False
3fb8ea1c5cea68ee8159f3d984c6b8c2e2f70bb5e3ede1cd79af7121a0225a38,600572,64,bits-sq,512,128,8,selection_isolated,30,0.1322755,0.131845,0.1324685,0.3555911714565434,False,False
3fb8ea1c5cea68ee8159f3d984c6b8c2e2f70bb5e3ede1cd79af7121a0225a38,600572,64,bits-sq,512,128,8,transform_isolated,30,0.0094395,0.00937425,0.009524749999999998,1.0026484453625721,False,False
3fb8ea1c5cea68ee8159f3d984c6b8c2e2f70bb5e3ede1cd79af7121a0225a38,600572,64,bits-sq,512,128,8,upload_shared,1,0.693952,0.693952,0.693952,1.002380568108457,False,False
3fb8ea1c5cea68ee8159f3d984c6b8c2e2f70bb5e3ede1cd79af7121a0225a38,600572,64,bits-sq,512,128,13,download,30,0.008087500000000001,0.00798375,0.008593,0.983245749613601,False,False
3fb8ea1c5cea68ee8159f3d984c6b8c2e2f70bb5e3ede1cd79af7121a0225a38,600572,64,bits-sq,512,128,13,operator,30,0.145656,0.1454985,0.14626174999999997,0.4402667929917065,False,False
3fb8ea1c5cea68ee8159f3d984c6b8c2e2f70bb5e3ede1cd79af7121a0225a38,600572,64,bits-sq,512,128,13,output_isolated,30,0.0077615,0.0076235,0.007852,1.7858661341235587,False,False
3fb8ea1c5cea68ee8159f3d984c6b8c2e2f70bb5e3ede1cd79af7121a0225a38,600572,64,bits-sq,512,128,13,selection_isolated,30,0.13464399999999999,0.13447575,0.1348915,0.3493360268560055,False,False
3fb8ea1c5cea68ee8159f3d984c6b8c2e2f70bb5e3ede1cd79af7121a0225a38,600572,64,bits-sq,512,128,13,transform_isolated,30,0.00948,0.00940175,0.00951925,0.9983649789029536,False,False
3fb8ea1c5cea68ee8159f3d984c6b8c2e2f70bb5e3ede1cd79af7121a0225a38,600572,64,bits-sq,512,128,13,upload_shared,1,0.690406,0.690406,0.690406,1.007528903282996,False,False
3fb8ea1c5cea68ee8159f3d984c6b8c2e2f70bb5e3ede1cd79af7121a0225a38,600572,64,bits-sq,512,128,16,download,30,0.008112499999999998,0.0080095,0.00898125,0.980215716486903,False,False
3fb8ea1c5cea68ee8159f3d984c6b8c2e2f70bb5e3ede1cd79af7121a0225a38,600572,64,bits-sq,512,128,16,operator,30,0.1463565,0.14589349999999998,0.1466695,0.43815956243829285,False,False
3fb8ea1c5cea68ee8159f3d984c6b8c2e2f70bb5e3ede1cd79af7121a0225a38,600572,64,bits-sq,512,128,16,output_isolated,30,0.0077315,0.00764625,0.0078345,1.7927957058785489,False,False
3fb8ea1c5cea68ee8159f3d984c6b8c2e2f70bb5e3ede1cd79af7121a0225a38,600572,64,bits-sq,512,128,16,selection_isolated,30,0.13505450000000002,0.1348765,0.1353375,0.34827421522422425,False,False
3fb8ea1c5cea68ee8159f3d984c6b8c2e2f70bb5e3ede1cd79af7121a0225a38,600572,64,bits-sq,512,128,16,transform_isolated,30,0.009555000000000001,0.00949725,0.009681750000000001,0.9905285190999477,False,False
3fb8ea1c5cea68ee8159f3d984c6b8c2e2f70bb5e3ede1cd79af7121a0225a38,600572,64,bits-sq,512,128,16,upload_shared,1,0.698188,0.698188,0.698188,0.9962989911026829,False,False
3fb8ea1c5cea68ee8159f3d984c6b8c2e2f70bb5e3ede1cd79af7121a0225a38,600572,64,bits-sq,512,256,4,download,30,0.0080225,0.007948750000000001,0.00833775,0.9912122156435025,False,False
3fb8ea1c5cea68ee8159f3d984c6b8c2e2f70bb5e3ede1cd79af7121a0225a38,600572,64,bits-sq,512,256,4,operator,30,0.10842399999999999,0.10808124999999999,0.1087875,0.591451154725891,False,False
3fb8ea1c5cea68ee8159f3d984c6b8c2e2f70bb5e3ede1cd79af7121a0225a38,600572,64,bits-sq,512,256,4,output_isolated,30,0.007731999999999999,0.007642,0.007902,1.7926797723745476,False,False
3fb8ea1c5cea68ee8159f3d984c6b8c2e2f70bb5e3ede1cd79af7121a0225a38,600572,64,bits-sq,512,256,4,selection_isolated,30,0.09751299999999999,0.0971095,0.09766550000000002,0.48235619866069146,False,False
3fb8ea1c5cea68ee8159f3d984c6b8c2e2f70bb5e3ede1cd79af7121a0225a38,600572,64,bits-sq,512,256,4,transform_isolated,30,0.0094645,0.0094065,0.009569000000000001,1.0,False,False
3fb8ea1c5cea68ee8159f3d984c6b8c2e2f70bb5e3ede1cd79af7121a0225a38,600572,64,bits-sq,512,256,4,upload_shared,1,0.691487,0.691487,0.691487,1.0059538357192543,False,False
3fb8ea1c5cea68ee8159f3d984c6b8c2e2f70bb5e3ede1cd79af7121a0225a38,600572,64,bits-sq,512,256,7,download,30,0.0082025,0.0080655,0.008330500000000001,0.96946053032612,False,False
3fb8ea1c5cea68ee8159f3d984c6b8c2e2f70bb5e3ede1cd79af7121a0225a38,600572,64,bits-sq,512,256,7,operator,30,0.10884500000000001,0.10848150000000001,0.109275,0.5891634893656116,False,False
3fb8ea1c5cea68ee8159f3d984c6b8c2e2f70bb5e3ede1cd79af7121a0225a38,600572,64,bits-sq,512,256,7,output_isolated,30,0.0077610000000000005,0.00766375,0.008002,1.7859811879912382,False,False
3fb8ea1c5cea68ee8159f3d984c6b8c2e2f70bb5e3ede1cd79af7121a0225a38,600572,64,bits-sq,512,256,7,selection_isolated,30,0.097618,0.09731725000000001,0.09795575000000001,0.48183736605953825,False,False
3fb8ea1c5cea68ee8159f3d984c6b8c2e2f70bb5e3ede1cd79af7121a0225a38,600572,64,bits-sq,512,256,7,transform_isolated,30,0.009499,0.009416500000000001,0.0096025,0.9963680387409202,False,False
3fb8ea1c5cea68ee8159f3d984c6b8c2e2f70bb5e3ede1cd79af7121a0225a38,600572,64,bits-sq,512,256,7,upload_shared,1,0.691237,0.691237,0.691237,1.0063176595002872,False,False
3fb8ea1c5cea68ee8159f3d984c6b8c2e2f70bb5e3ede1cd79af7121a0225a38,600572,64,bits-sq,512,256,8,download,30,0.008082,0.0079645,0.008192749999999999,0.9839148725562977,False,False
3fb8ea1c5cea68ee8159f3d984c6b8c2e2f70bb5e3ede1cd79af7121a0225a38,600572,64,bits-sq,512,256,8,operator,30,0.108725,0.1083065,0.10907525,0.5898137502874224,False,False
3fb8ea1c5cea68ee8159f3d984c6b8c2e2f70bb5e3ede1cd79af7121a0225a38,600572,64,bits-sq,512,256,8,output_isolated,30,0.007721499999999999,0.00761375,0.00803725,1.7951175289775305,False,False
3fb8ea1c5cea68ee8159f3d984c6b8c2e2f70bb5e3ede1cd79af7121a0225a38,600572,64,bits-sq,512,256,8,selection_isolated,30,0.09762299999999999,0.0970245,0.09800875,0.48181268758386864,False,False
3fb8ea1c5cea68ee8159f3d984c6b8c2e2f70bb5e3ede1cd79af7121a0225a38,600572,64,bits-sq,512,256,8,transform_isolated,30,0.009479,0.00940975,0.0095825,0.9984703027745544,False,False
3fb8ea1c5cea68ee8159f3d984c6b8c2e2f70bb5e3ede1cd79af7121a0225a38,600572,64,bits-sq,512,256,8,upload_shared,1,0.692188,0.692188,0.692188,1.004935075441932,False,False
3fb8ea1c5cea68ee8159f3d984c6b8c2e2f70bb5e3ede1cd79af7121a0225a38,600572,64,bits-sq,512,256,13,download,30,0.0081425,0.007994500000000002,0.0082995,0.9766042370279396,False,False
3fb8ea1c5cea68ee8159f3d984c6b8c2e2f70bb5e3ede1cd79af7121a0225a38,600572,64,bits-sq,512,256,13,operator,30,0.11249600000000001,0.112125,0.112896,0.5700424903996586,False,False
3fb8ea1c5cea68ee8159f3d984c6b8c2e2f70bb5e3ede1cd79af7121a0225a38,600572,64,bits-sq,512,256,13,output_isolated,30,0.0077515,0.007672,0.008027000000000001,1.788170031606786,False,False
3fb8ea1c5cea68ee8159f3d984c6b8c2e2f70bb5e3ede1cd79af7121a0225a38,600572,64,bits-sq,512,256,13,selection_isolated,30,0.101103,0.100688,0.101354,0.465228529321583,False,False
3fb8ea1c5cea68ee8159f3d984c6b8c2e2f70bb5e3ede1cd79af7121a0225a38,600572,64,bits-sq,512,256,13,transform_isolated,30,0.009524000000000001,0.009486749999999999,0.0096615,0.993752624947501,False,False
3fb8ea1c5cea68ee8159f3d984c6b8c2e2f70bb5e3ede1cd79af7121a0225a38,600572,64,bits-sq,512,256,13,upload_shared,1,0.6849179999999999,0.6849179999999999,0.6849179999999999,1.0156018676688305,False,False
3fb8ea1c5cea68ee8159f3d984c6b8c2e2f70bb5e3ede1cd79af7121a0225a38,600572,64,bits-sq,512,256,16,download,30,0.007992,0.007932,0.00815475,0.9949949949949948,False,False
3fb8ea1c5cea68ee8159f3d984c6b8c2e2f70bb5e3ede1cd79af7121a0225a38,600572,64,bits-sq,512,256,16,operator,30,0.1151195,0.114604,0.11564075000000001,0.5570515855263444,False,False
3fb8ea1c5cea68ee8159f3d984c6b8c2e2f70bb5e3ede1cd79af7121a0225a38,600572,64,bits-sq,512,256,16,output_isolated,30,0.0077015,0.007636750000000001,0.007811750000000001,1.7997792637797831,False,False
3fb8ea1c5cea68ee8159f3d984c6b8c2e2f70bb5e3ede1cd79af7121a0225a38,600572,64,bits-sq,512,256,16,selection_isolated,30,0.104263,0.10379550000000001,0.1047765,0.4511283964589548,False,False
3fb8ea1c5cea68ee8159f3d984c6b8c2e2f70bb5e3ede1cd79af7121a0225a38,600572,64,bits-sq,512,256,16,transform_isolated,30,0.0094795,0.0093965,0.009511499999999999,0.9984176380610792,False,False
3fb8ea1c5cea68ee8159f3d984c6b8c2e2f70bb5e3ede1cd79af7121a0225a38,600572,64,bits-sq,512,256,16,upload_shared,1,0.695534,0.695534,0.695534,1.0001006420965761,False,False
3fb8ea1c5cea68ee8159f3d984c6b8c2e2f70bb5e3ede1cd79af7121a0225a38,600572,64,bits-sq,512,512,4,download,30,0.008048,0.007992250000000001,0.008157000000000001,0.9880715705765407,False,False
3fb8ea1c5cea68ee8159f3d984c6b8c2e2f70bb5e3ede1cd79af7121a0225a38,600572,64,bits-sq,512,512,4,operator,30,0.104328,0.10418025,0.10461324999999999,0.6146719960125757,False,False
3fb8ea1c5cea68ee8159f3d984c6b8c2e2f70bb5e3ede1cd79af7121a0225a38,600572,64,bits-sq,512,512,4,output_isolated,30,0.007751999999999999,0.0076845,0.0077919999999999994,1.7880546955624357,False,False
3fb8ea1c5cea68ee8159f3d984c6b8c2e2f70bb5e3ede1cd79af7121a0225a38,600572,64,bits-sq,512,512,4,selection_isolated,30,0.093216,0.093136,0.0934385,0.5045914864400962,False,False
3fb8ea1c5cea68ee8159f3d984c6b8c2e2f70bb5e3ede1cd79af7121a0225a38,600572,64,bits-sq,512,512,4,transform_isolated,30,0.0095195,0.00942925,0.0096025,0.9942223856294974,False,False
3fb8ea1c5cea68ee8159f3d984c6b8c2e2f70bb5e3ede1cd79af7121a0225a38,600572,64,bits-sq,512,512,4,upload_shared,1,0.693871,0.693871,0.693871,1.0024975824036455,False,False
3fb8ea1c5cea68ee8159f3d984c6b8c2e2f70bb5e3ede1cd79af7121a0225a38,600572,64,bits-sq,512,512,7,download,30,0.008121999999999999,0.008007,0.008182749999999999,0.979069194779611,False,False
3fb8ea1c5cea68ee8159f3d984c6b8c2e2f70bb5e3ede1cd79af7121a0225a38,600572,64,bits-sq,512,512,7,operator,30,0.119316,0.119065,0.11971925,0.537459351637668,False,False
3fb8ea1c5cea68ee8159f3d984c6b8c2e2f70bb5e3ede1cd79af7121a0225a38,600572,64,bits-sq,512,512,7,output_isolated,30,0.0077315,0.0076695,0.007882,1.7927957058785489,False,False
3fb8ea1c5cea68ee8159f3d984c6b8c2e2f70bb5e3ede1cd79af7121a0225a38,600572,64,bits-sq,512,512,7,selection_isolated,30,0.108289,0.10811899999999999,0.108384,0.4343562134658184,False,False
3fb8ea1c5cea68ee8159f3d984c6b8c2e2f70bb5e3ede1cd79af7121a0225a38,600572,64,bits-sq,512,512,7,transform_isolated,30,0.009514499999999999,0.009446749999999999,0.009594,0.994744863103684,False,False
3fb8ea1c5cea68ee8159f3d984c6b8c2e2f70bb5e3ede1cd79af7121a0225a38,600572,64,bits-sq,512,512,7,upload_shared,1,0.691618,0.691618,0.691618,1.0057632970801802,False,False
3fb8ea1c5cea68ee8159f3d984c6b8c2e2f70bb5e3ede1cd79af7121a0225a38,600572,64,bits-sq,512,512,8,download,30,0.008102,0.0080445,0.008362250000000002,0.9814860528264625,False,False
3fb8ea1c5cea68ee8159f3d984c6b8c2e2f70bb5e3ede1cd79af7121a0225a38,600572,64,bits-sq,512,512,8,operator,30,0.10568,0.10536,0.10592075000000001,0.6068082891748676,False,False
3fb8ea1c5cea68ee8159f3d984c6b8c2e2f70bb5e3ede1cd79af7121a0225a38,600572,64,bits-sq,512,512,8,output_isolated,30,0.0077009999999999995,0.007624250000000001,0.0078145,1.7998961173873524,False,False
3fb8ea1c5cea68ee8159f3d984c6b8c2e2f70bb5e3ede1cd79af7121a0225a38,600572,64,bits-sq,512,512,8,selection_isolated,30,0.094428,0.09430225,0.0946705,0.498114965899945,False,False
3fb8ea1c5cea68ee8159f3d984c6b8c2e2f70bb5e3ede1cd79af7121a0225a38,600572,64,bits-sq,512,512,8,transform_isolated,30,0.009524000000000001,0.009434,0.00960175,0.993752624947501,False,False
3fb8ea1c5cea68ee8159f3d984c6b8c2e2f70bb5e3ede1cd79af7121a0225a38,600572,64,bits-sq,512,512,8,upload_shared,1,0.7016840000000001,0.7016840000000001,0.7016840000000001,0.9913351309136306,False,False
3fb8ea1c5cea68ee8159f3d984c6b8c2e2f70bb5e3ede1cd79af7121a0225a38,600572,64,bits-sq,512,512,13,download,30,0.0081125,0.0080445,0.0085755,0.9802157164869029,False,False
3fb8ea1c5cea68ee8159f3d984c6b8c2e2f70bb5e3ede1cd79af7121a0225a38,600572,64,bits-sq,512,512,13,operator,30,0.123658,0.123462,0.12396974999999999,0.5185875560012292,False,False
3fb8ea1c5cea68ee8159f3d984c6b8c2e2f70bb5e3ede1cd79af7121a0225a38,600572,64,bits-sq,512,512,13,output_isolated,30,0.007776999999999999,0.00770675,0.007927,1.7823068021087825,False,False
3fb8ea1c5cea68ee8159f3d984c6b8c2e2f70bb5e3ede1cd79af7121a0225a38,600572,64,bits-sq,512,512,13,selection_isolated,30,0.1124055,0.11232524999999999,0.112711,0.41844927516891967,False,False
3fb8ea1c5cea68ee8159f3d984c6b8c2e2f70bb5e3ede1cd79af7121a0225a38,600572,64,bits-sq,512,512,13,transform_isolated,30,0.0095295,0.009471750000000001,0.009655,0.9931790755023874,False,False
3fb8ea1c5cea68ee8159f3d984c6b8c2e2f70bb5e3ede1cd79af7121a0225a38,600572,64,bits-sq,512,512,13,upload_shared,1,0.69264,0.69264,0.69264,1.0042792792792792,False,False
3fb8ea1c5cea68ee8159f3d984c6b8c2e2f70bb5e3ede1cd79af7121a0225a38,600572,64,bits-sq,512,512,16,download,30,0.0081175,0.008022249999999998,0.00823975,0.9796119494918385,False,False
3fb8ea1c5cea68ee8159f3d984c6b8c2e2f70bb5e3ede1cd79af7121a0225a38,600572,64,bits-sq,512,512,16,operator,30,0.125205,0.12505925,0.125535,0.5121800247593946,False,False
3fb8ea1c5cea68ee8159f3d984c6b8c2e2f70bb5e3ede1cd79af7121a0225a38,600572,64,bits-sq,512,512,16,output_isolated,30,0.0076815,0.0075745,0.00775875,1.804465273709562,False,False
3fb8ea1c5cea68ee8159f3d984c6b8c2e2f70bb5e3ede1cd79af7121a0225a38,600572,64,bits-sq,512,512,16,selection_isolated,30,0.114178,0.11399775000000001,0.11437800000000001,0.41195326595316084,False,False
3fb8ea1c5cea68ee8159f3d984c6b8c2e2f70bb5e3ede1cd79af7121a0225a38,600572,64,bits-sq,512,512,16,transform_isolated,30,0.009534,0.009444,0.009591500000000001,0.9927102999790224,False,False
3fb8ea1c5cea68ee8159f3d984c6b8c2e2f70bb5e3ede1cd79af7121a0225a38,600572,64,bits-sq,512,512,16,upload_shared,1,0.68672,0.68672,0.68672,1.012936859273066,False,False
3fb8ea1c5cea68ee8159f3d984c6b8c2e2f70bb5e3ede1cd79af7121a0225a38,600572,64,block-select,1,128,3,download,30,0.0087435,0.008359749999999999,0.0090615,0.9094756104534797,False,False
3fb8ea1c5cea68ee8159f3d984c6b8c2e2f70bb5e3ede1cd79af7121a0225a38,600572,64,block-select,1,128,3,operator,30,1.2955780000000001,1.2927007499999998,1.3011917499999999,0.049497212827016204,False,False
3fb8ea1c5cea68ee8159f3d984c6b8c2e2f70bb5e3ede1cd79af7121a0225a38,600572,64,block-select,1,128,3,output_isolated,30,0.0084025,0.00800225,0.00889625,1.649628086878905,False,False
3fb8ea1c5cea68ee8159f3d984c6b8c2e2f70bb5e3ede1cd79af7121a0225a38,600572,64,block-select,1,128,3,selection_isolated,30,1.2844565,1.2804095,1.28699225,0.036619379480737575,False,False
3fb8ea1c5cea68ee8159f3d984c6b8c2e2f70bb5e3ede1cd79af7121a0225a38,600572,64,block-select,1,128,3,transform_isolated,30,0.009434,0.00937425,0.009514749999999999,1.0032329870680519,False,False
3fb8ea1c5cea68ee8159f3d984c6b8c2e2f70bb5e3ede1cd79af7121a0225a38,600572,64,block-select,1,128,3,upload_shared,1,0.695604,0.695604,0.695604,1.0,False,False
3fb8ea1c5cea68ee8159f3d984c6b8c2e2f70bb5e3ede1cd79af7121a0225a38,600572,64,grid-select,1,0,0,download,30,0.008082,0.008052,0.00815225,0.9839148725562977,True,True
3fb8ea1c5cea68ee8159f3d984c6b8c2e2f70bb5e3ede1cd79af7121a0225a38,600572,64,grid-select,1,0,0,operator,30,0.052555,0.052054,0.053271000000000006,1.2201978879269337,True,True
3fb8ea1c5cea68ee8159f3d984c6b8c2e2f70bb5e3ede1cd79af7121a0225a38,600572,64,grid-select,1,0,0,output_isolated,30,0.0076465000000000005,0.007556749999999999,0.0077217499999999994,1.812724776041326,True,True
3fb8ea1c5cea68ee8159f3d984c6b8c2e2f70bb5e3ede1cd79af7121a0225a38,600572,64,grid-select,1,0,0,selection_isolated,30,0.042459,0.04226325,0.042562249999999996,1.1077981111189619,True,True
3fb8ea1c5cea68ee8159f3d984c6b8c2e2f70bb5e3ede1cd79af7121a0225a38,600572,64,grid-select,1,0,0,transform_isolated,30,0.009499500000000001,0.00942425,0.00956175,0.9963155955576609,True,True
3fb8ea1c5cea68ee8159f3d984c6b8c2e2f70bb5e3ede1cd79af7121a0225a38,600572,64,grid-select,1,0,0,upload_shared,1,0.695604,0.695604,0.695604,1.0,True,True
3fb8ea1c5cea68ee8159f3d984c6b8c2e2f70bb5e3ede1cd79af7121a0225a38,600572,128,air-topk,1,512,0,download,30,0.008121999999999999,0.00807225,0.00831475,1.0,True,True
3fb8ea1c5cea68ee8159f3d984c6b8c2e2f70bb5e3ede1cd79af7121a0225a38,600572,128,air-topk,1,512,0,operator,30,0.06600500000000001,0.06560674999999999,0.06659074999999999,1.0,True,True
3fb8ea1c5cea68ee8159f3d984c6b8c2e2f70bb5e3ede1cd79af7121a0225a38,600572,128,air-topk,1,512,0,output_isolated,30,0.015323,0.0152205,0.01542375,1.0,True,True
3fb8ea1c5cea68ee8159f3d984c6b8c2e2f70bb5e3ede1cd79af7121a0225a38,600572,128,air-topk,1,512,0,selection_isolated,30,0.0474165,0.046921000000000004,0.047642000000000004,1.0,True,True
3fb8ea1c5cea68ee8159f3d984c6b8c2e2f70bb5e3ede1cd79af7121a0225a38,600572,128,air-topk,1,512,0,transform_isolated,30,0.009454,0.009394,0.009562500000000002,1.0,True,True
3fb8ea1c5cea68ee8159f3d984c6b8c2e2f70bb5e3ede1cd79af7121a0225a38,600572,128,air-topk,1,512,0,upload_shared,1,0.689385,0.689385,0.689385,1.0,True,True
3fb8ea1c5cea68ee8159f3d984c6b8c2e2f70bb5e3ede1cd79af7121a0225a38,600572,128,bits-prefetch,1,128,4,download,30,0.0085425,0.00817725,0.00885125,0.9507755340942347,False,False
3fb8ea1c5cea68ee8159f3d984c6b8c2e2f70bb5e3ede1cd79af7121a0225a38,600572,128,bits-prefetch,1,128,4,operator,30,0.7825105,0.78188,0.783247,0.08435030584254143,False,False
3fb8ea1c5cea68ee8159f3d984c6b8c2e2f70bb5e3ede1cd79af7121a0225a38,600572,128,bits-prefetch,1,128,4,output_isolated,30,0.008147,0.007906749999999999,0.008287,1.8808150239351908,False,False
3fb8ea1c5cea68ee8159f3d984c6b8c2e2f70bb5e3ede1cd79af7121a0225a38,600572,128,bits-prefetch,1,128,4,selection_isolated,30,0.7712435,0.7708355,0.7718615,0.061480582980602105,False,False
3fb8ea1c5cea68ee8159f3d984c6b8c2e2f70bb5e3ede1cd79af7121a0225a38,600572,128,bits-prefetch,1,128,4,transform_isolated,30,0.009475,0.009416500000000001,0.00955175,0.9977836411609499,False,False
3fb8ea1c5cea68ee8159f3d984c6b8c2e2f70bb5e3ede1cd79af7121a0225a38,600572,128,bits-prefetch,1,128,4,upload_shared,1,0.697407,0.697407,0.697407,0.9884973910499895,False,False
3fb8ea1c5cea68ee8159f3d984c6b8c2e2f70bb5e3ede1cd79af7121a0225a38,600572,128,bits-prefetch,1,128,7,download,30,0.008303,0.0081945,0.008720499999999999,0.978200650367337,False,False
3fb8ea1c5cea68ee8159f3d984c6b8c2e2f70bb5e3ede1cd79af7121a0225a38,600572,128,bits-prefetch,1,128,7,operator,30,0.5250109999999999,0.5244099999999999,0.5259245,0.1257211753658495,False,False
3fb8ea1c5cea68ee8159f3d984c6b8c2e2f70bb5e3ede1cd79af7121a0225a38,600572,128,bits-prefetch,1,128,7,output_isolated,30,0.0082825,0.0080095,0.0084305,1.8500452761847268,False,False
3fb8ea1c5cea68ee8159f3d984c6b8c2e2f70bb5e3ede1cd79af7121a0225a38,600572,128,bits-prefetch,1,128,7,selection_isolated,30,0.5133880000000001,0.51287025,0.5143314999999999,0.092359969457798,False,False
3fb8ea1c5cea68ee8159f3d984c6b8c2e2f70bb5e3ede1cd79af7121a0225a38,600572,128,bits-prefetch,1,128,7,transform_isolated,30,0.009519999999999999,0.00946675,0.009634750000000001,0.9930672268907564,False,False
3fb8ea1c5cea68ee8159f3d984c6b8c2e2f70bb5e3ede1cd79af7121a0225a38,600572,128,bits-prefetch,1,128,7,upload_shared,1,0.689635,0.689635,0.689635,0.9996374893965649,False,False
3fb8ea1c5cea68ee8159f3d984c6b8c2e2f70bb5e3ede1cd79af7121a0225a38,600572,128,bits-prefetch,1,128,8,download,30,0.008693,0.008292,0.00905375,0.9343149660646497,False,False
3fb8ea1c5cea68ee8159f3d984c6b8c2e2f70bb5e3ede1cd79af7121a0225a38,600572,128,bits-prefetch,1,128,8,operator,30,0.49523599999999995,0.4944215,0.49590924999999997,0.13327989079953803,False,False
3fb8ea1c5cea68ee8159f3d984c6b8c2e2f70bb5e3ede1cd79af7121a0225a38,600572,128,bits-prefetch,1,128,8,output_isolated,30,0.007977,0.007827,0.008317,1.9208975805440642,False,False
3fb8ea1c5cea68ee8159f3d984c6b8c2e2f70bb5e3ede1cd79af7121a0225a38,600572,128,bits-prefetch,1,128,8,selection_isolated,30,0.48340250000000007,0.48280449999999997,0.48398625,0.09808906656461229,False,False
3fb8ea1c5cea68ee8159f3d984c6b8c2e2f70bb5e3ede1cd79af7121a0225a38,600572,128,bits-prefetch,1,128,8,transform_isolated,30,0.0095545,0.0094565,0.009659,0.9894813962007432,False,False
3fb8ea1c5cea68ee8159f3d984c6b8c2e2f70bb5e3ede1cd79af7121a0225a38,600572,128,bits-prefetch,1,128,8,upload_shared,1,0.7052579999999999,0.7052579999999999,0.7052579999999999,0.9774933428617614,False,False
3fb8ea1c5cea68ee8159f3d984c6b8c2e2f70bb5e3ede1cd79af7121a0225a38,600572,128,bits-prefetch,1,128,13,download,30,0.008327,0.00818225,0.00888125,0.975381289780233,False,False
3fb8ea1c5cea68ee8159f3d984c6b8c2e2f70bb5e3ede1cd79af7121a0225a38,600572,128,bits-prefetch,1,128,13,operator,30,0.44112799999999996,0.4407750000000001,0.44177475,0.14962777243793188,False,False
3fb8ea1c5cea68ee8159f3d984c6b8c2e2f70bb5e3ede1cd79af7121a0225a38,600572,128,bits-prefetch,1,128,13,output_isolated,30,0.0080725,0.007882,0.00844025,1.89817280891917,False,False
3fb8ea1c5cea68ee8159f3d984c6b8c2e2f70bb5e3ede1cd79af7121a0225a38,600572,128,bits-prefetch,1,128,13,selection_isolated,30,0.429376,0.4290075,0.42992175,0.11043118385750485,False,False
3fb8ea1c5cea68ee8159f3d984c6b8c2e2f70bb5e3ede1cd79af7121a0225a38,600572,128,bits-prefetch,1,128,13,transform_isolated,30,0.009545,0.009486749999999999,0.00962675,0.9904662126767942,False,False
3fb8ea1c5cea68ee8159f3d984c6b8c2e2f70bb5e3ede1cd79af7121a0225a38,600572,128,bits-prefetch,1,128,13,upload_shared,1,0.700271,0.700271,0.700271,0.9844545897231215,False,False
3fb8ea1c5cea68ee8159f3d984c6b8c2e2f70bb5e3ede1cd79af7121a0225a38,600572,128,bits-prefetch,1,128,16,download,30,0.008247500000000001,0.008154749999999999,0.00881575,0.9847832676568654,False,False
3fb8ea1c5cea68ee8159f3d984c6b8c2e2f70bb5e3ede1cd79af7121a0225a38,600572,128,bits-prefetch,1,128,16,operator,30,0.4097405,0.409215,0.41024174999999996,0.1610897629109156,False,False
3fb8ea1c5cea68ee8159f3d984c6b8c2e2f70bb5e3ede1cd79af7121a0225a38,600572,128,bits-prefetch,1,128,16,output_isolated,30,0.007987000000000001,0.007766250000000001,0.008254749999999998,1.9184925503943906,False,False
3fb8ea1c5cea68ee8159f3d984c6b8c2e2f70bb5e3ede1cd79af7121a0225a38,600572,128,bits-prefetch,1,128,16,selection_isolated,30,0.3979785,0.397652,0.398308,0.11914337081023221,False,False
3fb8ea1c5cea68ee8159f3d984c6b8c2e2f70bb5e3ede1cd79af7121a0225a38,600572,128,bits-prefetch,1,128,16,transform_isolated,30,0.009475,0.00938975,0.00954,0.9977836411609499,False,False
3fb8ea1c5cea68ee8159f3d984c6b8c2e2f70bb5e3ede1cd79af7121a0225a38,600572,128,bits-prefetch,1,128,16,upload_shared,1,0.6944619999999999,0.6944619999999999,0.6944619999999999,0.9926893048143745,False,False
3fb8ea1c5cea68ee8159f3d984c6b8c2e2f70bb5e3ede1cd79af7121a0225a38,600572,128,bits-prefetch,1,256,4,download,30,0.008362999999999999,0.008208,0.008760500000000001,0.9711825899796723,False,False
3fb8ea1c5cea68ee8159f3d984c6b8c2e2f70bb5e3ede1cd79af7121a0225a38,600572,128,bits-prefetch,1,256,4,operator,30,0.455285,0.45478149999999995,0.45591775,0.14497512547085895,False,False
3fb8ea1c5cea68ee8159f3d984c6b8c2e2f70bb5e3ede1cd79af7121a0225a38,600572,128,bits-prefetch,1,256,4,output_isolated,30,0.008247,0.0079545,0.0084195,1.858008972959864,False,False
3fb8ea1c5cea68ee8159f3d984c6b8c2e2f70bb5e3ede1cd79af7121a0225a38,600572,128,bits-prefetch,1,256,4,selection_isolated,30,0.4436275,0.44311449999999997,0.44410049999999995,0.10688359039960327,False,False
3fb8ea1c5cea68ee8159f3d984c6b8c2e2f70bb5e3ede1cd79af7121a0225a38,600572,128,bits-prefetch,1,256,4,transform_isolated,30,0.009544500000000001,0.00945675,0.00967925,0.9905180994289905,False,False
3fb8ea1c5cea68ee8159f3d984c6b8c2e2f70bb5e3ede1cd79af7121a0225a38,600572,128,bits-prefetch,1,256,4,upload_shared,1,0.6862,0.6862,0.6862,1.004641503934713,False,False
3fb8ea1c5cea68ee8159f3d984c6b8c2e2f70bb5e3ede1cd79af7121a0225a38,600572,128,bits-prefetch,1,256,7,download,30,0.008258,0.008172,0.00882125,0.9835311213368854,False,False
3fb8ea1c5cea68ee8159f3d984c6b8c2e2f70bb5e3ede1cd79af7121a0225a38,600572,128,bits-prefetch,1,256,7,operator,30,0.313986,0.313415,0.31425375,0.21021637907422627,False,False
3fb8ea1c5cea68ee8159f3d984c6b8c2e2f70bb5e3ede1cd79af7121a0225a38,600572,128,bits-prefetch,1,256,7,output_isolated,30,0.008147,0.007952,0.008367749999999998,1.8808150239351908,False,False
3fb8ea1c5cea68ee8159f3d984c6b8c2e2f70bb5e3ede1cd79af7121a0225a38,600572,128,bits-prefetch,1,256,7,selection_isolated,30,0.302253,0.3020755,0.30253325,0.15687685482029956,False,False
3fb8ea1c5cea68ee8159f3d984c6b8c2e2f70bb5e3ede1cd79af7121a0225a38,600572,128,bits-prefetch,1,256,7,transform_isolated,30,0.00957,0.009484,0.00962475,0.9878787878787879,False,False
3fb8ea1c5cea68ee8159f3d984c6b8c2e2f70bb5e3ede1cd79af7121a0225a38,600572,128,bits-prefetch,1,256,7,upload_shared,1,0.7074320000000001,0.7074320000000001,0.7074320000000001,0.9744894208913365,False,False
3fb8ea1c5cea68ee8159f3d984c6b8c2e2f70bb5e3ede1cd79af7121a0225a38,600572,128,bits-prefetch,1,256,8,download,30,0.008283,0.008192000000000001,0.0084905,0.9805625980924784,False,False
3fb8ea1c5cea68ee8159f3d984c6b8c2e2f70bb5e3ede1cd79af7121a0225a38,600572,128,bits-prefetch,1,256,8,operator,30,0.300125,0.29966400000000004,0.300581,0.21992503123698465,False,False
3fb8ea1c5cea68ee8159f3d984c6b8c2e2f70bb5e3ede1cd79af7121a0225a38,600572,128,bits-prefetch,1,256,8,output_isolated,30,0.0080325,0.0077894999999999995,0.00843975,1.9076252723311546,False,False
3fb8ea1c5cea68ee8159f3d984c6b8c2e2f70bb5e3ede1cd79af7121a0225a38,600572,128,bits-prefetch,1,256,8,selection_isolated,30,0.288688,0.2881495,0.2890255,0.16424825417059247,False,False
3fb8ea1c5cea68ee8159f3d984c6b8c2e2f70bb5e3ede1cd79af7121a0225a38,600572,128,bits-prefetch,1,256,8,transform_isolated,30,0.009579,0.0094665,0.0096875,0.9869506211504332,False,False
3fb8ea1c5cea68ee8159f3d984c6b8c2e2f70bb5e3ede1cd79af7121a0225a38,600572,128,bits-prefetch,1,256,8,upload_shared,1,0.69904,0.69904,0.69904,0.9861882009613184,False,False
3fb8ea1c5cea68ee8159f3d984c6b8c2e2f70bb5e3ede1cd79af7121a0225a38,600572,128,bits-prefetch,1,256,13,download,30,0.008293,0.0081845,0.008365499999999998,0.979380200168817,False,False
3fb8ea1c5cea68ee8159f3d984c6b8c2e2f70bb5e3ede1cd79af7121a0225a38,600572,128,bits-prefetch,1,256,13,operator,30,0.2725225,0.27210199999999996,0.27297825000000003,0.24220018530580048,False,False
3fb8ea1c5cea68ee8159f3d984c6b8c2e2f70bb5e3ede1cd79af7121a0225a38,600572,128,bits-prefetch,1,256,13,output_isolated,30,0.007902,0.007813750000000001,0.00799275,1.9391293343457354,False,False
3fb8ea1c5cea68ee8159f3d984c6b8c2e2f70bb5e3ede1cd79af7121a0225a38,600572,128,bits-prefetch,1,256,13,selection_isolated,30,0.260885,0.260745,0.26122349999999994,0.18175249631063498,False,False
3fb8ea1c5cea68ee8159f3d984c6b8c2e2f70bb5e3ede1cd79af7121a0225a38,600572,128,bits-prefetch,1,256,13,transform_isolated,30,0.009425000000000001,0.00937975,0.0095715,1.003076923076923,False,False
3fb8ea1c5cea68ee8159f3d984c6b8c2e2f70bb5e3ede1cd79af7121a0225a38,600572,128,bits-prefetch,1,256,13,upload_shared,1,0.703927,0.703927,0.703927,0.9793416078655884,False,False
3fb8ea1c5cea68ee8159f3d984c6b8c2e2f70bb5e3ede1cd79af7121a0225a38,600572,128,bits-prefetch,1,256,16,download,30,0.008251999999999999,0.008162,0.008423,0.9842462433349491,False,False
3fb8ea1c5cea68ee8159f3d984c6b8c2e2f70bb5e3ede1cd79af7121a0225a38,600572,128,bits-prefetch,1,256,16,operator,30,0.264246,0.263794,0.26450850000000004,0.24978618408604109,False,False
3fb8ea1c5cea68ee8159f3d984c6b8c2e2f70bb5e3ede1cd79af7121a0225a38,600572,128,bits-prefetch,1,256,16,output_isolated,30,0.008062,0.007826999999999999,0.008288,1.900645001240387,False,False
3fb8ea1c5cea68ee8159f3d984c6b8c2e2f70bb5e3ede1cd79af7121a0225a38,600572,128,bits-prefetch,1,256,16,selection_isolated,30,0.25277299999999997,0.25256975000000004,0.25300149999999993,0.18758530381013797,False,False
3fb8ea1c5cea68ee8159f3d984c6b8c2e2f70bb5e3ede1cd79af7121a0225a38,600572,128,bits-prefetch,1,256,16,transform_isolated,30,0.009484,0.009404000000000001,0.009586500000000001,0.9968367777309154,False,False
3fb8ea1c5cea68ee8159f3d984c6b8c2e2f70bb5e3ede1cd79af7121a0225a38,600572,128,bits-prefetch,1,256,16,upload_shared,1,0.7042269999999999,0.7042269999999999,0.7042269999999999,0.9789244093168823,False,False
3fb8ea1c5cea68ee8159f3d984c6b8c2e2f70bb5e3ede1cd79af7121a0225a38,600572,128,bits-prefetch,1,512,4,download,30,0.008182,0.008162,0.00832775,0.9926668296260082,False,False
3fb8ea1c5cea68ee8159f3d984c6b8c2e2f70bb5e3ede1cd79af7121a0225a38,600572,128,bits-prefetch,1,512,4,operator,30,0.2624075,0.2619595,0.2630055,0.25153625563293736,False,False
3fb8ea1c5cea68ee8159f3d984c6b8c2e2f70bb5e3ede1cd79af7121a0225a38,600572,128,bits-prefetch,1,512,4,output_isolated,30,0.007897000000000001,0.00774375,0.008150250000000001,1.940357097632012,False,False
3fb8ea1c5cea68ee8159f3d984c6b8c2e2f70bb5e3ede1cd79af7121a0225a38,600572,128,bits-prefetch,1,512,4,selection_isolated,30,0.2510205,0.25055925,0.25140575,0.18889493089209847,False,False
3fb8ea1c5cea68ee8159f3d984c6b8c2e2f70bb5e3ede1cd79af7121a0225a38,600572,128,bits-prefetch,1,512,4,transform_isolated,30,0.0094495,0.00937675,0.009585000000000002,1.000476215672787,False,False
3fb8ea1c5cea68ee8159f3d984c6b8c2e2f70bb5e3ede1cd79af7121a0225a38,600572,128,bits-prefetch,1,512,4,upload_shared,1,0.693171,0.693171,0.693171,0.9945381442674319,False,False
3fb8ea1c5cea68ee8159f3d984c6b8c2e2f70bb5e3ede1cd79af7121a0225a38,600572,128,bits-prefetch,1,512,7,download,30,0.0082675,0.0081095,0.008718,0.9824009676443906,False,False
3fb8ea1c5cea68ee8159f3d984c6b8c2e2f70bb5e3ede1cd79af7121a0225a38,600572,128,bits-prefetch,1,512,7,operator,30,0.2077345,0.20758,0.20800999999999997,0.317737304106925,False,False
3fb8ea1c5cea68ee8159f3d984c6b8c2e2f70bb5e3ede1cd79af7121a0225a38,600572,128,bits-prefetch,1,512,7,output_isolated,30,0.0078865,0.007781999999999999,0.00802975,1.9429404678881634,False,False
3fb8ea1c5cea68ee8159f3d984c6b8c2e2f70bb5e3ede1cd79af7121a0225a38,600572,128,bits-prefetch,1,512,7,selection_isolated,30,0.196398,0.1962195,0.19654275000000002,0.24143066630006418,False,False
3fb8ea1c5cea68ee8159f3d984c6b8c2e2f70bb5e3ede1cd79af7121a0225a38,600572,128,bits-prefetch,1,512,7,transform_isolated,30,0.0094945,0.00942975,0.009549,0.9957343725314657,False,False
3fb8ea1c5cea68ee8159f3d984c6b8c2e2f70bb5e3ede1cd79af7121a0225a38,600572,128,bits-prefetch,1,512,7,upload_shared,1,0.701673,0.701673,0.701673,0.9824875689958144,False,False
3fb8ea1c5cea68ee8159f3d984c6b8c2e2f70bb5e3ede1cd79af7121a0225a38,600572,128,bits-prefetch,1,512,8,download,30,0.008277,0.00816525,0.00884075,0.9812734082397003,False,False
3fb8ea1c5cea68ee8159f3d984c6b8c2e2f70bb5e3ede1cd79af7121a0225a38,600572,128,bits-prefetch,1,512,8,operator,30,0.20168999999999998,0.2012625,0.20210675,0.327259655907581,False,False
3fb8ea1c5cea68ee8159f3d984c6b8c2e2f70bb5e3ede1cd79af7121a0225a38,600572,128,bits-prefetch,1,512,8,output_isolated,30,0.007917,0.007847,0.008027000000000001,1.9354553492484525,False,False
3fb8ea1c5cea68ee8159f3d984c6b8c2e2f70bb5e3ede1cd79af7121a0225a38,600572,128,bits-prefetch,1,512,8,selection_isolated,30,0.19027850000000002,0.19002050000000004,0.19067075,0.2491952585289457,False,False
3fb8ea1c5cea68ee8159f3d984c6b8c2e2f70bb5e3ede1cd79af7121a0225a38,600572,128,bits-prefetch,1,512,8,transform_isolated,30,0.0095395,0.009448999999999999,0.009594,0.9910372661040936,False,False
3fb8ea1c5cea68ee8159f3d984c6b8c2e2f70bb5e3ede1cd79af7121a0225a38,600572,128,bits-prefetch,1,512,8,upload_shared,1,0.702525,0.702525,0.702525,0.9812960392868583,False,False
3fb8ea1c5cea68ee8159f3d984c6b8c2e2f70bb5e3ede1cd79af7121a0225a38,600572,128,bits-prefetch,1,512,13,download,30,0.008317999999999999,0.00821525,0.008738000000000001,0.9764366434239,False,False
3fb8ea1c5cea68ee8159f3d984c6b8c2e2f70bb5e3ede1cd79af7121a0225a38,600572,128,bits-prefetch,1,512,13,operator,30,0.19403900000000002,0.19379075,0.19478249999999997,0.34016357536371555,False,False
3fb8ea1c5cea68ee8159f3d984c6b8c2e2f70bb5e3ede1cd79af7121a0225a38,600572,128,bits-prefetch,1,512,13,output_isolated,30,0.007952,0.007794499999999999,0.008121999999999999,1.9269366197183098,False,False
3fb8ea1c5cea68ee8159f3d984c6b8c2e2f70bb5e3ede1cd79af7121a0225a38,600572,128,bits-prefetch,1,512,13,selection_isolated,30,0.18290250000000002,0.18269950000000001,0.1831255,0.2592446795423791,False,False
3fb8ea1c5cea68ee8159f3d984c6b8c2e2f70bb5e3ede1cd79af7121a0225a38,600572,128,bits-prefetch,1,512,13,transform_isolated,30,0.0095195,0.00942975,0.0097175,0.9931193865224014,False,False
3fb8ea1c5cea68ee8159f3d984c6b8c2e2f70bb5e3ede1cd79af7121a0225a38,600572,128,bits-prefetch,1,512,13,upload_shared,1,0.688203,0.688203,0.688203,1.0017175164885943,False,False
3fb8ea1c5cea68ee8159f3d984c6b8c2e2f70bb5e3ede1cd79af7121a0225a38,600572,128,bits-prefetch,1,512,16,download,30,0.008157,0.008082,0.0085555,0.9957092068162314,True,False
3fb8ea1c5cea68ee8159f3d984c6b8c2e2f70bb5e3ede1cd79af7121a0225a38,600572,128,bits-prefetch,1,512,16,operator,30,0.1930925,0.19266450000000002,0.1933305,0.34183098773903703,True,False
3fb8ea1c5cea68ee8159f3d984c6b8c2e2f70bb5e3ede1cd79af7121a0225a38,600572,128,bits-prefetch,1,512,16,output_isolated,30,0.007847,0.007766250000000001,0.007912,1.952720785013381,True,False
3fb8ea1c5cea68ee8159f3d984c6b8c2e2f70bb5e3ede1cd79af7121a0225a38,600572,128,bits-prefetch,1,512,16,selection_isolated,30,0.18137950000000003,0.1812415,0.18155999999999997,0.26142149471136483,True,False
3fb8ea1c5cea68ee8159f3d984c6b8c2e2f70bb5e3ede1cd79af7121a0225a38,600572,128,bits-prefetch,1,512,16,transform_isolated,30,0.0095295,0.009426499999999999,0.009712499999999999,0.992077233852773,True,False
3fb8ea1c5cea68ee8159f3d984c6b8c2e2f70bb5e3ede1cd79af7121a0225a38,600572,128,bits-prefetch,1,512,16,upload_shared,1,0.689385,0.689385,0.689385,1.0,True,False
3fb8ea1c5cea68ee8159f3d984c6b8c2e2f70bb5e3ede1cd79af7121a0225a38,600572,128,bits-sq,8,128,4,download,30,0.0082475,0.00814025,0.00830725,0.9847832676568656,False,False
3fb8ea1c5cea68ee8159f3d984c6b8c2e2f70bb5e3ede1cd79af7121a0225a38,600572,128,bits-sq,8,128,4,operator,30,0.179552,0.17924450000000003,0.18007225,0.3676093833541259,False,False
3fb8ea1c5cea68ee8159f3d984c6b8c2e2f70bb5e3ede1cd79af7121a0225a38,600572,128,bits-sq,8,128,4,output_isolated,30,0.007812,0.007736249999999999,0.00807975,1.961469534050179,False,False
3fb8ea1c5cea68ee8159f3d984c6b8c2e2f70bb5e3ede1cd79af7121a0225a38,600572,128,bits-sq,8,128,4,selection_isolated,30,0.168546,0.16826249999999998,0.16900349999999997,0.28132675946032537,False,False
3fb8ea1c5cea68ee8159f3d984c6b8c2e2f70bb5e3ede1cd79af7121a0225a38,600572,128,bits-sq,8,128,4,transform_isolated,30,0.00948,0.00943425,0.00954225,0.9972573839662447,False,False
3fb8ea1c5cea68ee8159f3d984c6b8c2e2f70bb5e3ede1cd79af7121a0225a38,600572,128,bits-sq,8,128,4,upload_shared,1,0.697407,0.697407,0.697407,0.9884973910499895,False,False
3fb8ea1c5cea68ee8159f3d984c6b8c2e2f70bb5e3ede1cd79af7121a0225a38,600572,128,bits-sq,8,128,7,download,30,0.008187,0.0080745,0.00831725,0.9920605838524489,False,False
3fb8ea1c5cea68ee8159f3d984c6b8c2e2f70bb5e3ede1cd79af7121a0225a38,600572,128,bits-sq,8,128,7,operator,30,0.16860599999999998,0.168325,0.169001,0.39147479923608897,False,False
3fb8ea1c5cea68ee8159f3d984c6b8c2e2f70bb5e3ede1cd79af7121a0225a38,600572,128,bits-sq,8,128,7,output_isolated,30,0.007987000000000001,0.007844499999999999,0.0081395,1.9184925503943906,False,False
3fb8ea1c5cea68ee8159f3d984c6b8c2e2f70bb5e3ede1cd79af7121a0225a38,600572,128,bits-sq,8,128,7,selection_isolated,30,0.157388,0.157203,0.157529,0.30127138028312195,False,False
3fb8ea1c5cea68ee8159f3d984c6b8c2e2f70bb5e3ede1cd79af7121a0225a38,600572,128,bits-sq,8,128,7,transform_isolated,30,0.0095395,0.009486749999999999,0.009622249999999999,0.9910372661040936,False,False
3fb8ea1c5cea68ee8159f3d984c6b8c2e2f70bb5e3ede1cd79af7121a0225a38,600572,128,bits-sq,8,128,7,upload_shared,1,0.689635,0.689635,0.689635,0.9996374893965649,False,False
3fb8ea1c5cea68ee8159f3d984c6b8c2e2f70bb5e3ede1cd79af7121a0225a38,600572,128,bits-sq,8,128,8,download,30,0.008283,0.0081655,0.0084805,0.9805625980924784,False,False
3fb8ea1c5cea68ee8159f3d984c6b8c2e2f70bb5e3ede1cd79af7121a0225a38,600572,128,bits-sq,8,128,8,operator,30,0.1693415,0.16901625,0.16960949999999997,0.3897745089065587,False,False
3fb8ea1c5cea68ee8159f3d984c6b8c2e2f70bb5e3ede1cd79af7121a0225a38,600572,128,bits-sq,8,128,8,output_isolated,30,0.007827,0.00772375,0.008052,1.9577104893318,False,False
3fb8ea1c5cea68ee8159f3d984c6b8c2e2f70bb5e3ede1cd79af7121a0225a38,600572,128,bits-sq,8,128,8,selection_isolated,30,0.1581445,0.15792475,0.15841,0.2998302185659318,False,False
3fb8ea1c5cea68ee8159f3d984c6b8c2e2f70bb5e3ede1cd79af7121a0225a38,600572,128,bits-sq,8,128,8,transform_isolated,30,0.009534500000000001,0.009453999999999999,0.0096425,0.9915569772929885,False,False
3fb8ea1c5cea68ee8159f3d984c6b8c2e2f70bb5e3ede1cd79af7121a0225a38,600572,128,bits-sq,8,128,8,upload_shared,1,0.7052579999999999,0.7052579999999999,0.7052579999999999,0.9774933428617614,False,False
3fb8ea1c5cea68ee8159f3d984c6b8c2e2f70bb5e3ede1cd79af7121a0225a38,600572,128,bits-sq,8,128,13,download,30,0.008317,0.00819525,0.008844000000000001,0.9765540459300227,False,False
3fb8ea1c5cea68ee8159f3d984c6b8c2e2f70bb5e3ede1cd79af7121a0225a38,600572,128,bits-sq,8,128,13,operator,30,0.17271699999999998,0.17250625000000003,0.17313800000000001,0.38215693880741336,False,False
3fb8ea1c5cea68ee8159f3d984c6b8c2e2f70bb5e3ede1cd79af7121a0225a38,600572,128,bits-sq,8,128,13,output_isolated,30,0.007832,0.00774125,0.007937,1.9564606741573032,False,False
3fb8ea1c5cea68ee8159f3d984c6b8c2e2f70bb5e3ede1cd79af7121a0225a38,600572,128,bits-sq,8,128,13,selection_isolated,30,0.161655,0.16157,0.16177324999999998,0.29331910550245893,False,False
3fb8ea1c5cea68ee8159f3d984c6b8c2e2f70bb5e3ede1cd79af7121a0225a38,600572,128,bits-sq,8,128,13,transform_isolated,30,0.009529000000000001,0.009476499999999999,0.009665,0.9921292895372021,False,False
3fb8ea1c5cea68ee8159f3d984c6b8c2e2f70bb5e3ede1cd79af7121a0225a38,600572,128,bits-sq,8,128,13,upload_shared,1,0.700271,0.700271,0.700271,0.9844545897231215,False,False
3fb8ea1c5cea68ee8159f3d984c6b8c2e2f70bb5e3ede1cd79af7121a0225a38,600572,128,bits-sq,8,128,16,download,30,0.0082325,0.008133,0.008628,0.9865775888247796,False,False
3fb8ea1c5cea68ee8159f3d984c6b8c2e2f70bb5e3ede1cd79af7121a0225a38,600572,128,bits-sq,8,128,16,operator,30,0.17803999999999998,0.177739,0.178596,0.3707312963379017,False,False
3fb8ea1c5cea68ee8159f3d984c6b8c2e2f70bb5e3ede1cd79af7121a0225a38,600572,128,bits-sq,8,128,16,output_isolated,30,0.007892,0.007774499999999998,0.008059499999999999,1.9415864166244299,False,False
3fb8ea1c5cea68ee8159f3d984c6b8c2e2f70bb5e3ede1cd79af7121a0225a38,600572,128,bits-sq,8,128,16,selection_isolated,30,0.166923,0.166803,0.16706375,0.2840621124710196,False,False
3fb8ea1c5cea68ee8159f3d984c6b8c2e2f70bb5e3ede1cd79af7121a0225a38,600572,128,bits-sq,8,128,16,transform_isolated,30,0.0095095,0.00939975,0.00960475,0.9941637310058362,False,False
3fb8ea1c5cea68ee8159f3d984c6b8c2e2f70bb5e3ede1cd79af7121a0225a38,600572,128,bits-sq,8,128,16,upload_shared,1,0.6944619999999999,0.6944619999999999,0.6944619999999999,0.9926893048143745,False,False
3fb8ea1c5cea68ee8159f3d984c6b8c2e2f70bb5e3ede1cd79af7121a0225a38,600572,128,bits-sq,8,256,4,download,30,0.0083675,0.008262,0.008723749999999999,0.9706602927995218,False,False
3fb8ea1c5cea68ee8159f3d984c6b8c2e2f70bb5e3ede1cd79af7121a0225a38,600572,128,bits-sq,8,256,4,operator,30,0.11906,0.11846000000000001,0.12073049999999999,0.5543843440282211,False,False
3fb8ea1c5cea68ee8159f3d984c6b8c2e2f70bb5e3ede1cd79af7121a0225a38,600572,128,bits-sq,8,256,4,output_isolated,30,0.007832,0.007751000000000001,0.007972,1.9564606741573032,False,False
3fb8ea1c5cea68ee8159f3d984c6b8c2e2f70bb5e3ede1cd79af7121a0225a38,600572,128,bits-sq,8,256,4,selection_isolated,30,0.10828399999999999,0.1078365,0.10964349999999999,0.4378901776809132,False,False
3fb8ea1c5cea68ee8159f3d984c6b8c2e2f70bb5e3ede1cd79af7121a0225a38,600572,128,bits-sq,8,256,4,transform_isolated,30,0.009519999999999999,0.009454249999999999,0.00963175,0.9930672268907564,False,False
3fb8ea1c5cea68ee8159f3d984c6b8c2e2f70bb5e3ede1cd79af7121a0225a38,600572,128,bits-sq,8,256,4,upload_shared,1,0.6862,0.6862,0.6862,1.004641503934713,False,False
3fb8ea1c5cea68ee8159f3d984c6b8c2e2f70bb5e3ede1cd79af7121a0225a38,600572,128,bits-sq,8,256,7,download,30,0.008263,0.008244749999999999,0.0083595,0.9829359796684013,False,False
3fb8ea1c5cea68ee8159f3d984c6b8c2e2f70bb5e3ede1cd79af7121a0225a38,600572,128,bits-sq,8,256,7,operator,30,0.11094799999999999,0.110683,0.11114624999999999,0.5949183401233011,False,False
3fb8ea1c5cea68ee8159f3d984c6b8c2e2f70bb5e3ede1cd79af7121a0225a38,600572,128,bits-sq,8,256,7,output_isolated,30,0.007852000000000001,0.007757,0.007919500000000001,1.951477330616403,False,False
3fb8ea1c5cea68ee8159f3d984c6b8c2e2f70bb5e3ede1cd79af7121a0225a38,600572,128,bits-sq,8,256,7,selection_isolated,30,0.10001199999999999,0.09982100000000001,0.1002795,0.4741081070271568,False,False
3fb8ea1c5cea68ee8159f3d984c6b8c2e2f70bb5e3ede1cd79af7121a0225a38,600572,128,bits-sq,8,256,7,transform_isolated,30,0.009544,0.009474,0.00963425,0.9905699916177704,False,False
3fb8ea1c5cea68ee8159f3d984c6b8c2e2f70bb5e3ede1cd79af7121a0225a38,600572,128,bits-sq,8,256,7,upload_shared,1,0.7074320000000001,0.7074320000000001,0.7074320000000001,0.9744894208913365,False,False
3fb8ea1c5cea68ee8159f3d984c6b8c2e2f70bb5e3ede1cd79af7121a0225a38,600572,128,bits-sq,8,256,8,download,30,0.008347499999999999,0.008288,0.008853,0.9729859239293202,False,False
3fb8ea1c5cea68ee8159f3d984c6b8c2e2f70bb5e3ede1cd79af7121a0225a38,600572,128,bits-sq,8,256,8,operator,30,0.11112350000000001,0.110878,0.11148725000000001,0.5939787713669926,False,False
3fb8ea1c5cea68ee8159f3d984c6b8c2e2f70bb5e3ede1cd79af7121a0225a38,600572,128,bits-sq,8,256,8,output_isolated,30,0.007862000000000001,0.00778125,0.007944749999999999,1.9489951666242684,False,False
3fb8ea1c5cea68ee8159f3d984c6b8c2e2f70bb5e3ede1cd79af7121a0225a38,600572,128,bits-sq,8,256,8,selection_isolated,30,0.10020699999999999,0.10010424999999999,0.10034950000000001,0.4731855060025747,False,False
3fb8ea1c5cea68ee8159f3d984c6b8c2e2f70bb5e3ede1cd79af7121a0225a38,600572,128,bits-sq,8,256,8,transform_isolated,30,0.009549,0.009447249999999999,0.009640000000000001,0.9900513142737459,False,False
3fb8ea1c5cea68ee8159f3d984c6b8c2e2f70bb5e3ede1cd79af7121a0225a38,600572,128,bits-sq,8,256,8,upload_shared,1,0.69904,0.69904,0.69904,0.9861882009613184,False,False
3fb8ea1c5cea68ee8159f3d984c6b8c2e2f70bb5e3ede1cd79af7121a0225a38,600572,128,bits-sq,8,256,13,download,30,0.008278,0.008205249999999999,0.008328,0.9811548683256823,False,False
3fb8ea1c5cea68ee8159f3d984c6b8c2e2f70bb5e3ede1cd79af7121a0225a38,600572,128,bits-sq,8,256,13,operator,30,0.1166315,0.116356,0.1170395,0.5659277296442214,False,False
3fb8ea1c5cea68ee8159f3d984c6b8c2e2f70bb5e3ede1cd79af7121a0225a38,600572,128,bits-sq,8,256,13,output_isolated,30,0.007842,0.007747,0.0078995,1.9539658250446315,False,False
3fb8ea1c5cea68ee8159f3d984c6b8c2e2f70bb5e3ede1cd79af7121a0225a38,600572,128,bits-sq,8,256,13,selection_isolated,30,0.10545399999999999,0.10535,0.10554175,0.4496415498700856,False,False
3fb8ea1c5cea68ee8159f3d984c6b8c2e2f70bb5e3ede1cd79af7121a0225a38,600572,128,bits-sq,8,256,13,transform_isolated,30,0.009493999999999999,0.009416500000000001,0.009579250000000001,0.9957868127238257,False,False
3fb8ea1c5cea68ee8159f3d984c6b8c2e2f70bb5e3ede1cd79af7121a0225a38,600572,128,bits-sq,8,256,13,upload_shared,1,0.703927,0.703927,0.703927,0.9793416078655884,False,False
3fb8ea1c5cea68ee8159f3d984c6b8c2e2f70bb5e3ede1cd79af7121a0225a38,600572,128,bits-sq,8,256,16,download,30,0.0082975,0.008202250000000001,0.008445500000000002,0.9788490509189515,False,False
3fb8ea1c5cea68ee8159f3d984c6b8c2e2f70bb5e3ede1cd79af7121a0225a38,600572,128,bits-sq,8,256,16,operator,30,0.1229215,0.12267100000000002,0.1231185,0.5369687158064294,False,False
3fb8ea1c5cea68ee8159f3d984c6b8c2e2f70bb5e3ede1cd79af7121a0225a38,600572,128,bits-sq,8,256,16,output_isolated,30,0.007842,0.007747,0.007902,1.9539658250446315,False,False
3fb8ea1c5cea68ee8159f3d984c6b8c2e2f70bb5e3ede1cd79af7121a0225a38,600572,128,bits-sq,8,256,16,selection_isolated,30,0.11183399999999999,0.11171725,0.11196675,0.42399002092386934,False,False
3fb8ea1c5cea68ee8159f3d984c6b8c2e2f70bb5e3ede1cd79af7121a0225a38,600572,128,bits-sq,8,256,16,transform_isolated,30,0.009455,0.009379,0.009524000000000001,0.9998942358540456,False,False
3fb8ea1c5cea68ee8159f3d984c6b8c2e2f70bb5e3ede1cd79af7121a0225a38,600572,128,bits-sq,8,256,16,upload_shared,1,0.7042269999999999,0.7042269999999999,0.7042269999999999,0.9789244093168823,False,False
3fb8ea1c5cea68ee8159f3d984c6b8c2e2f70bb5e3ede1cd79af7121a0225a38,600572,128,bits-sq,8,512,4,download,30,0.008263,0.00817525,0.008399750000000001,0.9829359796684013,False,False
3fb8ea1c5cea68ee8159f3d984c6b8c2e2f70bb5e3ede1cd79af7121a0225a38,600572,128,bits-sq,8,512,4,operator,30,0.093296,0.093121,0.09363625,0.7074794203395645,False,False
3fb8ea1c5cea68ee8159f3d984c6b8c2e2f70bb5e3ede1cd79af7121a0225a38,600572,128,bits-sq,8,512,4,output_isolated,30,0.007867,0.007766,0.0079995,1.947756450997839,False,False
3fb8ea1c5cea68ee8159f3d984c6b8c2e2f70bb5e3ede1cd79af7121a0225a38,600572,128,bits-sq,8,512,4,selection_isolated,30,0.08233499999999999,0.08219249999999999,0.08243500000000001,0.5758972490435417,False,False
3fb8ea1c5cea68ee8159f3d984c6b8c2e2f70bb5e3ede1cd79af7121a0225a38,600572,128,bits-sq,8,512,4,transform_isolated,30,0.009495,0.00941725,0.009601499999999999,0.9956819378620327,False,False
3fb8ea1c5cea68ee8159f3d984c6b8c2e2f70bb5e3ede1cd79af7121a0225a38,600572,128,bits-sq,8,512,4,upload_shared,1,0.693171,0.693171,0.693171,0.9945381442674319,False,False
3fb8ea1c5cea68ee8159f3d984c6b8c2e2f70bb5e3ede1cd79af7121a0225a38,600572,128,bits-sq,8,512,7,download,30,0.008182,0.008092,0.0082605,0.9926668296260082,False,False
3fb8ea1c5cea68ee8159f3d984c6b8c2e2f70bb5e3ede1cd79af7121a0225a38,600572,128,bits-sq,8,512,7,operator,30,0.0875975,0.08735225,0.0879455,0.7535032392476956,False,False
3fb8ea1c5cea68ee8159f3d984c6b8c2e2f70bb5e3ede1cd79af7121a0225a38,600572,128,bits-sq,8,512,7,output_isolated,30,0.007857,0.007776999999999999,0.007997,1.9502354588265243,False,False
3fb8ea1c5cea68ee8159f3d984c6b8c2e2f70bb5e3ede1cd79af7121a0225a38,600572,128,bits-sq,8,512,7,selection_isolated,30,0.076566,0.07650074999999999,0.076681,0.6192892406551211,False,False
3fb8ea1c5cea68ee8159f3d984c6b8c2e2f70bb5e3ede1cd79af7121a0225a38,600572,128,bits-sq,8,512,7,transform_isolated,30,0.0094795,0.009414,0.00956175,0.9973099847038347,False,False
3fb8ea1c5cea68ee8159f3d984c6b8c2e2f70bb5e3ede1cd79af7121a0225a38,600572,128,bits-sq,8,512,7,upload_shared,1,0.701673,0.701673,0.701673,0.9824875689958144,False,False
3fb8ea1c5cea68ee8159f3d984c6b8c2e2f70bb5e3ede1cd79af7121a0225a38,600572,128,bits-sq,8,512,8,download,30,0.008238,0.0081845,0.0083905,0.9859189123573681,False,False
3fb8ea1c5cea68ee8159f3d984c6b8c2e2f70bb5e3ede1cd79af7121a0225a38,600572,128,bits-sq,8,512,8,operator,30,0.091443,0.09113125,0.0916265,0.7218157759478584,False,False
3fb8ea1c5cea68ee8159f3d984c6b8c2e2f70bb5e3ede1cd79af7121a0225a38,600572,128,bits-sq,8,512,8,output_isolated,30,0.0078665,0.007801999999999999,0.0079795,1.9478802517002478,False,False
3fb8ea1c5cea68ee8159f3d984c6b8c2e2f70bb5e3ede1cd79af7121a0225a38,600572,128,bits-sq,8,512,8,selection_isolated,30,0.080292,0.08017600000000001,0.08052775,0.5905507397997309,False,False
3fb8ea1c5cea68ee8159f3d984c6b8c2e2f70bb5e3ede1cd79af7121a0225a38,600572,128,bits-sq,8,512,8,transform_isolated,30,0.0095095,0.0094575,0.009589750000000001,0.9941637310058362,False,False
3fb8ea1c5cea68ee8159f3d984c6b8c2e2f70bb5e3ede1cd79af7121a0225a38,600572,128,bits-sq,8,512,8,upload_shared,1,0.702525,0.702525,0.702525,0.9812960392868583,False,False
3fb8ea1c5cea68ee8159f3d984c6b8c2e2f70bb5e3ede1cd79af7121a0225a38,600572,128,bits-sq,8,512,13,download,30,0.0083225,0.008212,0.0084755,0.9759086812856712,False,False
3fb8ea1c5cea68ee8159f3d984c6b8c2e2f70bb5e3ede1cd79af7121a0225a38,600572,128,bits-sq,8,512,13,operator,30,0.096722,0.09662949999999998,0.0970145,0.6824197183681066,False,False
3fb8ea1c5cea68ee8159f3d984c6b8c2e2f70bb5e3ede1cd79af7121a0225a38,600572,128,bits-sq,8,512,13,output_isolated,30,0.0077765,0.00770125,0.00787925,1.970423712467048,False,False
3fb8ea1c5cea68ee8159f3d984c6b8c2e2f70bb5e3ede1cd79af7121a0225a38,600572,128,bits-sq,8,512,13,selection_isolated,30,0.08599500000000002,0.08582000000000001,0.08609075,0.5513867085295656,False,False
3fb8ea1c5cea68ee8159f3d984c6b8c2e2f70bb5e3ede1cd79af7121a0225a38,600572,128,bits-sq,8,512,13,transform_isolated,30,0.0095245,0.009434,0.00961,0.9925980366423435,False,False
3fb8ea1c5cea68ee8159f3d984c6b8c2e2f70bb5e3ede1cd79af7121a0225a38,600572,128,bits-sq,8,512,13,upload_shared,1,0.688203,0.688203,0.688203,1.0017175164885943,False,False
3fb8ea1c5cea68ee8159f3d984c6b8c2e2f70bb5e3ede1cd79af7121a0225a38,600572,128,bits-sq,8,512,16,download,30,0.008192000000000001,0.008097,0.008318,0.9914550781249997,False,False
3fb8ea1c5cea68ee8159f3d984c6b8c2e2f70bb5e3ede1cd79af7121a0225a38,600572,128,bits-sq,8,512,16,operator,30,0.10309600000000001,0.1029535,0.10335925,0.6402285248700241,False,False
3fb8ea1c5cea68ee8159f3d984c6b8c2e2f70bb5e3ede1cd79af7121a0225a38,600572,128,bits-sq,8,512,16,output_isolated,30,0.0077865,0.007672,0.00789625,1.967893148397868,False,False
3fb8ea1c5cea68ee8159f3d984c6b8c2e2f70bb5e3ede1cd79af7121a0225a38,600572,128,bits-sq,8,512,16,selection_isolated,30,0.0914285,0.0912955,0.09156149999999999,0.5186183739206046,False,False
3fb8ea1c5cea68ee8159f3d984c6b8c2e2f70bb5e3ede1cd79af7121a0225a38,600572,128,bits-sq,8,512,16,transform_isolated,30,0.009504499999999999,0.0093965,0.0095975,0.9946867273396813,False,False
3fb8ea1c5cea68ee8159f3d984c6b8c2e2f70bb5e3ede1cd79af7121a0225a38,600572,128,bits-sq,8,512,16,upload_shared,1,0.689385,0.689385,0.689385,1.0,False,False
3fb8ea1c5cea68ee8159f3d984c6b8c2e2f70bb5e3ede1cd79af7121a0225a38,600572,128,bits-sq,32,128,4,download,30,0.0081475,0.008092,0.00828775,0.996870205584535,False,False
3fb8ea1c5cea68ee8159f3d984c6b8c2e2f70bb5e3ede1cd79af7121a0225a38,600572,128,bits-sq,32,128,4,operator,30,0.109967,0.10976449999999999,0.1103845,0.6002255222021152,False,False
3fb8ea1c5cea68ee8159f3d984c6b8c2e2f70bb5e3ede1cd79af7121a0225a38,600572,128,bits-sq,32,128,4,output_isolated,30,0.007767,0.007692,0.0078495,1.97283378395777,False,False
3fb8ea1c5cea68ee8159f3d984c6b8c2e2f70bb5e3ede1cd79af7121a0225a38,600572,128,bits-sq,32,128,4,selection_isolated,30,0.098879,0.0986925,0.0990675,0.4795406506942829,False,False
3fb8ea1c5cea68ee8159f3d984c6b8c2e2f70bb5e3ede1cd79af7121a0225a38,600572,128,bits-sq,32,128,4,transform_isolated,30,0.009469499999999999,0.00939975,0.0095225,0.998363165953852,False,False
3fb8ea1c5cea68ee8159f3d984c6b8c2e2f70bb5e3ede1cd79af7121a0225a38,600572,128,bits-sq,32,128,4,upload_shared,1,0.700322,0.700322,0.700322,0.9843828981525642,False,False
3fb8ea1c5cea68ee8159f3d984c6b8c2e2f70bb5e3ede1cd79af7121a0225a38,600572,128,bits-sq,32,128,7,download,30,0.008272,0.0082155,0.00834975,0.9818665377176015,False,False
3fb8ea1c5cea68ee8159f3d984c6b8c2e2f70bb5e3ede1cd79af7121a0225a38,600572,128,bits-sq,32,128,7,operator,30,0.11027200000000001,0.110227,0.11055775000000001,0.5985653656413233,False,False
3fb8ea1c5cea68ee8159f3d984c6b8c2e2f70bb5e3ede1cd79af7121a0225a38,600572,128,bits-sq,32,128,7,output_isolated,30,0.007817,0.007761250000000001,0.007929499999999999,1.9602149162082643,False,False
3fb8ea1c5cea68ee8159f3d984c6b8c2e2f70bb5e3ede1cd79af7121a0225a38,600572,128,bits-sq,32,128,7,selection_isolated,30,0.0993005,0.09912750000000001,0.09948525,0.4775051485138544,False,False
3fb8ea1c5cea68ee8159f3d984c6b8c2e2f70bb5e3ede1cd79af7121a0225a38,600572,128,bits-sq,32,128,7,transform_isolated,30,0.0094645,0.009389,0.009564250000000002,0.9988905911564266,False,False
3fb8ea1c5cea68ee8159f3d984c6b8c2e2f70bb5e3ede1cd79af7121a0225a38,600572,128,bits-sq,32,128,7,upload_shared,1,0.6898650000000001,0.6898650000000001,0.6898650000000001,0.9993042116935922,False,False
3fb8ea1c5cea68ee8159f3d984c6b8c2e2f70bb5e3ede1cd79af7121a0225a38,600572,128,bits-sq,32,128,8,download,30,0.008303,0.00819525,0.008608,0.978200650367337,False,False
3fb8ea1c5cea68ee8159f3d984c6b8c2e2f70bb5e3ede1cd79af7121a0225a38,600572,128,bits-sq,32,128,8,operator,30,0.115225,0.11506150000000001,0.11571000000000001,0.5728357561293124,False,False
3fb8ea1c5cea68ee8159f3d984c6b8c2e2f70bb5e3ede1cd79af7121a0225a38,600572,128,bits-sq,32,128,8,output_isolated,30,0.007897,0.00779675,0.008062,1.9403570976320124,False,False
3fb8ea1c5cea68ee8159f3d984c6b8c2e2f70bb5e3ede1cd79af7121a0225a38,600572,128,bits-sq,32,128,8,selection_isolated,30,0.104128,0.10395525,0.104288,0.4553674323909035,False,False
3fb8ea1c5cea68ee8159f3d984c6b8c2e2f70bb5e3ede1cd79af7121a0225a38,600572,128,bits-sq,32,128,8,transform_isolated,30,0.009514,0.0094565,0.009656749999999999,0.9936935043094388,False,False
3fb8ea1c5cea68ee8159f3d984c6b8c2e2f70bb5e3ede1cd79af7121a0225a38,600572,128,bits-sq,32,128,8,upload_shared,1,0.695564,0.695564,0.695564,0.9911165615241733,False,False
3fb8ea1c5cea68ee8159f3d984c6b8c2e2f70bb5e3ede1cd79af7121a0225a38,600572,128,bits-sq,32,128,13,download,30,0.008272,0.00817525,0.008433000000000001,0.9818665377176015,False,False
3fb8ea1c5cea68ee8159f3d984c6b8c2e2f70bb5e3ede1cd79af7121a0225a38,600572,128,bits-sq,32,128,13,operator,30,0.134058,0.133838,0.13443825,0.4923615151650778,False,False
3fb8ea1c5cea68ee8159f3d984c6b8c2e2f70bb5e3ede1cd79af7121a0225a38,600572,128,bits-sq,32,128,13,output_isolated,30,0.007862000000000001,0.0077345,0.008057,1.9489951666242684,False,False
3fb8ea1c5cea68ee8159f3d984c6b8c2e2f70bb5e3ede1cd79af7121a0225a38,600572,128,bits-sq,32,128,13,selection_isolated,30,0.12286600000000002,0.122826,0.12303449999999999,0.3859204336431559,False,False
3fb8ea1c5cea68ee8159f3d984c6b8c2e2f70bb5e3ede1cd79af7121a0225a38,600572,128,bits-sq,32,128,13,transform_isolated,30,0.009434,0.0093565,0.009534,1.002119991520034,False,False
3fb8ea1c5cea68ee8159f3d984c6b8c2e2f70bb5e3ede1cd79af7121a0225a38,600572,128,bits-sq,32,128,13,upload_shared,1,0.6969259999999999,0.6969259999999999,0.6969259999999999,0.9891796259574188,False,False
3fb8ea1c5cea68ee8159f3d984c6b8c2e2f70bb5e3ede1cd79af7121a0225a38,600572,128,bits-sq,32,128,16,download,30,0.008242,0.008144499999999999,0.008291999999999999,0.9854404270808056,False,False
3fb8ea1c5cea68ee8159f3d984c6b8c2e2f70bb5e3ede1cd79af7121a0225a38,600572,128,bits-sq,32,128,16,operator,30,0.143813,0.14360275,0.14409575,0.4589640713982742,False,False
3fb8ea1c5cea68ee8159f3d984c6b8c2e2f70bb5e3ede1cd79af7121a0225a38,600572,128,bits-sq,32,128,16,output_isolated,30,0.007796999999999999,0.0077145,0.007972,1.9652430421957165,False,False
3fb8ea1c5cea68ee8159f3d984c6b8c2e2f70bb5e3ede1cd79af7121a0225a38,600572,128,bits-sq,32,128,16,selection_isolated,30,0.132596,0.132515,0.13274924999999999,0.35760128510663974,False,False
3fb8ea1c5cea68ee8159f3d984c6b8c2e2f70bb5e3ede1cd79af7121a0225a38,600572,128,bits-sq,32,128,16,transform_isolated,30,0.009514499999999999,0.009447249999999999,0.009667249999999999,0.9936412843554576,False,False
3fb8ea1c5cea68ee8159f3d984c6b8c2e2f70bb5e3ede1cd79af7121a0225a38,600572,128,bits-sq,32,128,16,upload_shared,1,0.691457,0.691457,0.691457,0.997003428991246,False,False
3fb8ea1c5cea68ee8159f3d984c6b8c2e2f70bb5e3ede1cd79af7121a0225a38,600572,128,bits-sq,32,256,4,download,30,0.008207,0.00817225,0.008273,0.9896429876934322,False,False
3fb8ea1c5cea68ee8159f3d984c6b8c2e2f70bb5e3ede1cd79af7121a0225a38,600572,128,bits-sq,32,256,4,operator,30,0.0770565,0.07688175,0.077212,0.856579263267862,False,False
3fb8ea1c5cea68ee8159f3d984c6b8c2e2f70bb5e3ede1cd79af7121a0225a38,600572,128,bits-sq,32,256,4,output_isolated,30,0.007817000000000001,0.0077385,0.00794275,1.9602149162082638,False,False
3fb8ea1c5cea68ee8159f3d984c6b8c2e2f70bb5e3ede1cd79af7121a0225a38,600572,128,bits-sq,32,256,4,selection_isolated,30,0.06600500000000001,0.06584,0.06609074999999999,0.7183773956518444,False,False
3fb8ea1c5cea68ee8159f3d984c6b8c2e2f70bb5e3ede1cd79af7121a0225a38,600572,128,bits-sq,32,256,4,transform_isolated,30,0.0094945,0.009453999999999999,0.00966225,0.9957343725314657,False,False
3fb8ea1c5cea68ee8159f3d984c6b8c2e2f70bb5e3ede1cd79af7121a0225a38,600572,128,bits-sq,32,256,4,upload_shared,1,0.6966760000000001,0.6966760000000001,0.6966760000000001,0.9895345899672157,False,False
3fb8ea1c5cea68ee8159f3d984c6b8c2e2f70bb5e3ede1cd79af7121a0225a38,600572,128,bits-sq,32,256,7,download,30,0.008192000000000001,0.00815225,0.0083605,0.9914550781249997,False,False
3fb8ea1c5cea68ee8159f3d984c6b8c2e2f70bb5e3ede1cd79af7121a0225a38,600572,128,bits-sq,32,256,7,operator,30,0.08300550000000001,0.08276575,0.0833495,0.7951882706567637,False,False
3fb8ea1c5cea68ee8159f3d984c6b8c2e2f70bb5e3ede1cd79af7121a0225a38,600572,128,bits-sq,32,256,7,output_isolated,30,0.007827,0.007733749999999999,0.007969500000000001,1.9577104893318,False,False
3fb8ea1c5cea68ee8159f3d984c6b8c2e2f70bb5e3ede1cd79af7121a0225a38,600572,128,bits-sq,32,256,7,selection_isolated,30,0.071899,0.0717265,0.072019,0.659487614570439,False,False
3fb8ea1c5cea68ee8159f3d984c6b8c2e2f70bb5e3ede1cd79af7121a0225a38,600572,128,bits-sq,32,256,7,transform_isolated,30,0.009499500000000001,0.00942725,0.009609,0.9952102742249591,False,False
3fb8ea1c5cea68ee8159f3d984c6b8c2e2f70bb5e3ede1cd79af7121a0225a38,600572,128,bits-sq,32,256,7,upload_shared,1,0.681753,0.681753,0.681753,1.0111946702104722,False,False
3fb8ea1c5cea68ee8159f3d984c6b8c2e2f70bb5e3ede1cd79af7121a0225a38,600572,128,bits-sq,32,256,8,download,30,0.008252,0.008144499999999999,0.008362999999999999,0.9842462433349489,False,False
3fb8ea1c5cea68ee8159f3d984c6b8c2e2f70bb5e3ede1cd79af7121a0225a38,600572,128,bits-sq,32,256,8,operator,30,0.08620050000000001,0.08613599999999999,0.08628074999999999,0.7657148160393501,False,False
3fb8ea1c5cea68ee8159f3d984c6b8c2e2f70bb5e3ede1cd79af7121a0225a38,600572,128,bits-sq,32,256,8,output_isolated,30,0.007807,0.007742,0.0079845,1.9627257589342897,False,False
3fb8ea1c5cea68ee8159f3d984c6b8c2e2f70bb5e3ede1cd79af7121a0225a38,600572,128,bits-sq,32,256,8,selection_isolated,30,0.07531399999999999,0.075254,0.07544150000000001,0.6295841410627507,False,False
3fb8ea1c5cea68ee8159f3d984c6b8c2e2f70bb5e3ede1cd79af7121a0225a38,600572,128,bits-sq,32,256,8,transform_isolated,30,0.009524000000000001,0.009479,0.00962925,0.99265014699706,False,False
3fb8ea1c5cea68ee8159f3d984c6b8c2e2f70bb5e3ede1cd79af7121a0225a38,600572,128,bits-sq,32,256,8,upload_shared,1,0.700321,0.700321,0.700321,0.9843843037692716,False,False
3fb8ea1c5cea68ee8159f3d984c6b8c2e2f70bb5e3ede1cd79af7121a0225a38,600572,128,bits-sq,32,256,13,download,30,0.0081775,0.008082,0.008683,0.9932130846835828,False,False
3fb8ea1c5cea68ee8159f3d984c6b8c2e2f70bb5e3ede1cd79af7121a0225a38,600572,128,bits-sq,32,256,13,operator,30,0.096301,0.09598,0.09654349999999999,0.6854030591582643,False,False
3fb8ea1c5cea68ee8159f3d984c6b8c2e2f70bb5e3ede1cd79af7121a0225a38,600572,128,bits-sq,32,256,13,output_isolated,30,0.007786999999999999,0.0077020000000000005,0.00788875,1.9677667908051883,False,False
3fb8ea1c5cea68ee8159f3d984c6b8c2e2f70bb5e3ede1cd79af7121a0225a38,600572,128,bits-sq,32,256,13,selection_isolated,30,0.084939,0.08482150000000001,0.08506649999999999,0.5582417970543566,False,False
3fb8ea1c5cea68ee8159f3d984c6b8c2e2f70bb5e3ede1cd79af7121a0225a38,600572,128,bits-sq,32,256,13,transform_isolated,30,0.009453999999999999,0.009384,0.0095475,1.0000000000000002,False,False
3fb8ea1c5cea68ee8159f3d984c6b8c2e2f70bb5e3ede1cd79af7121a0225a38,600572,128,bits-sq,32,256,13,upload_shared,1,0.6892149999999999,0.6892149999999999,0.6892149999999999,1.0002466574291042,False,False
3fb8ea1c5cea68ee8159f3d984c6b8c2e2f70bb5e3ede1cd79af7121a0225a38,600572,128,bits-sq,32,256,16,download,30,0.008207,0.008147,0.00830725,0.9896429876934322,False,False
3fb8ea1c5cea68ee8159f3d984c6b8c2e2f70bb5e3ede1cd79af7121a0225a38,600572,128,bits-sq,32,256,16,operator,30,0.10661199999999998,0.10637100000000001,0.10705724999999999,0.6191141710126441,False,False
3fb8ea1c5cea68ee8159f3d984c6b8c2e2f70bb5e3ede1cd79af7121a0225a38,600572,128,bits-sq,32,256,16,output_isolated,30,0.007852,0.00775125,0.0079845,1.9514773306164035,False,False
3fb8ea1c5cea68ee8159f3d984c6b8c2e2f70bb5e3ede1cd79af7121a0225a38,600572,128,bits-sq,32,256,16,selection_isolated,30,0.09560500000000001,0.09549500000000001,0.0956775,0.4959625542597144,False,False
3fb8ea1c5cea68ee8159f3d984c6b8c2e2f70bb5e3ede1cd79af7121a0225a38,600572,128,bits-sq,32,256,16,transform_isolated,30,0.009555000000000001,0.0094665,0.00968925,0.9894296180010466,False,False
3fb8ea1c5cea68ee8159f3d984c6b8c2e2f70bb5e3ede1cd79af7121a0225a38,600572,128,bits-sq,32,256,16,upload_shared,1,0.698388,0.698388,0.698388,0.9871088850323889,False,False
3fb8ea1c5cea68ee8159f3d984c6b8c2e2f70bb5e3ede1cd79af7121a0225a38,600572,128,bits-sq,32,512,4,download,30,0.008262,0.008172,0.00835725,0.9830549503752116,True,True
3fb8ea1c5cea68ee8159f3d984c6b8c2e2f70bb5e3ede1cd79af7121a0225a38,600572,128,bits-sq,32,512,4,operator,30,0.069205,0.069025,0.06961025,0.9537605664330613,True,True
3fb8ea1c5cea68ee8159f3d984c6b8c2e2f70bb5e3ede1cd79af7121a0225a38,600572,128,bits-sq,32,512,4,output_isolated,30,0.007801999999999999,0.007736249999999999,0.007877,1.9639835939502694,True,True
3fb8ea1c5cea68ee8159f3d984c6b8c2e2f70bb5e3ede1cd79af7121a0225a38,600572,128,bits-sq,32,512,4,selection_isolated,30,0.058083499999999996,0.057988,0.058198,0.8163505987070339,True,True
3fb8ea1c5cea68ee8159f3d984c6b8c2e2f70bb5e3ede1cd79af7121a0225a38,600572,128,bits-sq,32,512,4,transform_isolated,30,0.009524999999999999,0.009454249999999999,0.009605,0.9925459317585303,True,True
3fb8ea1c5cea68ee8159f3d984c6b8c2e2f70bb5e3ede1cd79af7121a0225a38,600572,128,bits-sq,32,512,4,upload_shared,1,0.700711,0.700711,0.700711,0.9838364175815708,True,True
3fb8ea1c5cea68ee8159f3d984c6b8c2e2f70bb5e3ede1cd79af7121a0225a38,600572,128,bits-sq,32,512,7,download,30,0.0082675,0.00821225,0.00845025,0.9824009676443906,False,False
3fb8ea1c5cea68ee8159f3d984c6b8c2e2f70bb5e3ede1cd79af7121a0225a38,600572,128,bits-sq,32,512,7,operator,30,0.07299549999999999,0.07279324999999999,0.0732585,0.9042338226329023,False,False
3fb8ea1c5cea68ee8159f3d984c6b8c2e2f70bb5e3ede1cd79af7121a0225a38,600572,128,bits-sq,32,512,7,output_isolated,30,0.007742,0.0077020000000000005,0.007994500000000002,1.9792043399638337,False,False
3fb8ea1c5cea68ee8159f3d984c6b8c2e2f70bb5e3ede1cd79af7121a0225a38,600572,128,bits-sq,32,512,7,selection_isolated,30,0.0618885,0.06180625000000001,0.06205899999999999,0.7661601105213408,False,False
3fb8ea1c5cea68ee8159f3d984c6b8c2e2f70bb5e3ede1cd79af7121a0225a38,600572,128,bits-sq,32,512,7,transform_isolated,30,0.009554,0.00947425,0.00963925,0.9895331798199708,False,False
3fb8ea1c5cea68ee8159f3d984c6b8c2e2f70bb5e3ede1cd79af7121a0225a38,600572,128,bits-sq,32,512,7,upload_shared,1,0.701253,0.701253,0.701253,0.9830760082309808,False,False
3fb8ea1c5cea68ee8159f3d984c6b8c2e2f70bb5e3ede1cd79af7121a0225a38,600572,128,bits-sq,32,512,8,download,30,0.008228000000000001,0.008153,0.00829975,0.9871171609139521,False,False
3fb8ea1c5cea68ee8159f3d984c6b8c2e2f70bb5e3ede1cd79af7121a0225a38,600572,128,bits-sq,32,512,8,operator,30,0.073522,0.073321,0.07380700000000001,0.8977584940562009,False,False
3fb8ea1c5cea68ee8159f3d984c6b8c2e2f70bb5e3ede1cd79af7121a0225a38,600572,128,bits-sq,32,512,8,output_isolated,30,0.007771500000000001,0.0077245,0.007827,1.9716914366595892,False,False
3fb8ea1c5cea68ee8159f3d984c6b8c2e2f70bb5e3ede1cd79af7121a0225a38,600572,128,bits-sq,32,512,8,selection_isolated,30,0.062244499999999994,0.06219399999999999,0.062369999999999995,0.7617781490734122,False,False
3fb8ea1c5cea68ee8159f3d984c6b8c2e2f70bb5e3ede1cd79af7121a0225a38,600572,128,bits-sq,32,512,8,transform_isolated,30,0.0095295,0.009484,0.00964725,0.992077233852773,False,False
3fb8ea1c5cea68ee8159f3d984c6b8c2e2f70bb5e3ede1cd79af7121a0225a38,600572,128,bits-sq,32,512,8,upload_shared,1,0.696695,0.696695,0.696695,0.989507603757742,False,False
3fb8ea1c5cea68ee8159f3d984c6b8c2e2f70bb5e3ede1cd79af7121a0225a38,600572,128,bits-sq,32,512,13,download,30,0.0082675,0.008172,0.0083205,0.9824009676443906,False,False
3fb8ea1c5cea68ee8159f3d984c6b8c2e2f70bb5e3ede1cd79af7121a0225a38,600572,128,bits-sq,32,512,13,operator,30,0.0788845,0.0787265,0.07908000000000001,0.8367296490438554,False,False
3fb8ea1c5cea68ee8159f3d984c6b8c2e2f70bb5e3ede1cd79af7121a0225a38,600572,128,bits-sq,32,512,13,output_isolated,30,0.007771999999999999,0.00768125,0.0078595,1.971564590838909,False,False
3fb8ea1c5cea68ee8159f3d984c6b8c2e2f70bb5e3ede1cd79af7121a0225a38,600572,128,bits-sq,32,512,13,selection_isolated,30,0.0676975,0.06760474999999999,0.0678005,0.7004172975368367,False,False
3fb8ea1c5cea68ee8159f3d984c6b8c2e2f70bb5e3ede1cd79af7121a0225a38,600572,128,bits-sq,32,512,13,transform_isolated,30,0.009479,0.0094365,0.009554,0.997362590990611,False,False
3fb8ea1c5cea68ee8159f3d984c6b8c2e2f70bb5e3ede1cd79af7121a0225a38,600572,128,bits-sq,32,512,13,upload_shared,1,0.687812,0.687812,0.687812,1.0022869621350021,False,False
3fb8ea1c5cea68ee8159f3d984c6b8c2e2f70bb5e3ede1cd79af7121a0225a38,600572,128,bits-sq,32,512,16,download,30,0.0082875,0.008223000000000001,0.008352,0.9800301659125188,False,False
3fb8ea1c5cea68ee8159f3d984c6b8c2e2f70bb5e3ede1cd79af7121a0225a38,600572,128,bits-sq,32,512,16,operator,30,0.0853145,0.08517174999999999,0.08545425,0.7736668444402769,False,False
3fb8ea1c5cea68ee8159f3d984c6b8c2e2f70bb5e3ede1cd79af7121a0225a38,600572,128,bits-sq,32,512,16,output_isolated,30,0.007907,0.007794499999999999,0.007977,1.9379031238143416,False,False
3fb8ea1c5cea68ee8159f3d984c6b8c2e2f70bb5e3ede1cd79af7121a0225a38,600572,128,bits-sq,32,512,16,selection_isolated,30,0.07424750000000001,0.0741845,0.07439799999999999,0.6386275632176167,False,False
3fb8ea1c5cea68ee8159f3d984c6b8c2e2f70bb5e3ede1cd79af7121a0225a38,600572,128,bits-sq,32,512,16,transform_isolated,30,0.00955,0.00944425,0.009654,0.9899476439790577,False,False
3fb8ea1c5cea68ee8159f3d984c6b8c2e2f70bb5e3ede1cd79af7121a0225a38,600572,128,bits-sq,32,512,16,upload_shared,1,0.7050879999999999,0.7050879999999999,0.7050879999999999,0.9777290210583645,False,False
3fb8ea1c5cea68ee8159f3d984c6b8c2e2f70bb5e3ede1cd79af7121a0225a38,600572,128,bits-sq,128,128,4,download,30,0.008317999999999999,0.00816525,0.008695499999999998,0.9764366434239,False,False
3fb8ea1c5cea68ee8159f3d984c6b8c2e2f70bb5e3ede1cd79af7121a0225a38,600572,128,bits-sq,128,128,4,operator,30,0.1211135,0.12087875000000001,0.12146625,0.5449846631465527,False,False
3fb8ea1c5cea68ee8159f3d984c6b8c2e2f70bb5e3ede1cd79af7121a0225a38,600572,128,bits-sq,128,128,4,output_isolated,30,0.007812,0.0077445,0.007919500000000001,1.961469534050179,False,False
3fb8ea1c5cea68ee8159f3d984c6b8c2e2f70bb5e3ede1cd79af7121a0225a38,600572,128,bits-sq,128,128,4,selection_isolated,30,0.10995649999999998,0.10973100000000001,0.11012124999999999,0.43122962262349207,False,False
3fb8ea1c5cea68ee8159f3d984c6b8c2e2f70bb5e3ede1cd79af7121a0225a38,600572,128,bits-sq,128,128,4,transform_isolated,30,0.009453999999999999,0.00936975,0.00963225,1.0000000000000002,False,False
3fb8ea1c5cea68ee8159f3d984c6b8c2e2f70bb5e3ede1cd79af7121a0225a38,600572,128,bits-sq,128,128,4,upload_shared,1,0.703316,0.703316,0.703316,0.9801924028459469,False,False
3fb8ea1c5cea68ee8159f3d984c6b8c2e2f70bb5e3ede1cd79af7121a0225a38,600572,128,bits-sq,128,128,7,download,30,0.008403,0.008295499999999999,0.0086005,0.9665595620611684,False,False
3fb8ea1c5cea68ee8159f3d984c6b8c2e2f70bb5e3ede1cd79af7121a0225a38,600572,128,bits-sq,128,128,7,operator,30,0.12565,0.12547250000000001,0.12632625,0.525308396339037,False,False
3fb8ea1c5cea68ee8159f3d984c6b8c2e2f70bb5e3ede1cd79af7121a0225a38,600572,128,bits-sq,128,128,7,output_isolated,30,0.007862000000000001,0.007774499999999998,0.008027000000000001,1.9489951666242684,False,False
3fb8ea1c5cea68ee8159f3d984c6b8c2e2f70bb5e3ede1cd79af7121a0225a38,600572,128,bits-sq,128,128,7,selection_isolated,30,0.1147435,0.11457149999999999,0.11483725,0.4132390941534815,False,False
3fb8ea1c5cea68ee8159f3d984c6b8c2e2f70bb5e3ede1cd79af7121a0225a38,600572,128,bits-sq,128,128,7,transform_isolated,30,0.009434,0.009384,0.009551500000000001,1.002119991520034,False,False
3fb8ea1c5cea68ee8159f3d984c6b8c2e2f70bb5e3ede1cd79af7121a0225a38,600572,128,bits-sq,128,128,7,upload_shared,1,0.690035,0.690035,0.690035,0.9990580187961481,False,False
3fb8ea1c5cea68ee8159f3d984c6b8c2e2f70bb5e3ede1cd79af7121a0225a38,600572,128,bits-sq,128,128,8,download,30,0.008213,0.008152,0.008317,0.9889200048703274,False,False
3fb8ea1c5cea68ee8159f3d984c6b8c2e2f70bb5e3ede1cd79af7121a0225a38,600572,128,bits-sq,128,128,8,operator,30,0.13019750000000002,0.13002950000000002,0.13055799999999998,0.5069605791201828,False,False
3fb8ea1c5cea68ee8159f3d984c6b8c2e2f70bb5e3ede1cd79af7121a0225a38,600572,128,bits-sq,128,128,8,output_isolated,30,0.007827,0.00775425,0.007932,1.9577104893318,False,False
3fb8ea1c5cea68ee8159f3d984c6b8c2e2f70bb5e3ede1cd79af7121a0225a38,600572,128,bits-sq,128,128,8,selection_isolated,30,0.11908550000000001,0.11895,0.119241,0.39817190170087874,False,False
3fb8ea1c5cea68ee8159f3d984c6b8c2e2f70bb5e3ede1cd79af7121a0225a38,600572,128,bits-sq,128,128,8,transform_isolated,30,0.009429,0.009344,0.009524749999999998,1.0026513946335773,False,False
3fb8ea1c5cea68ee8159f3d984c6b8c2e2f70bb5e3ede1cd79af7121a0225a38,600572,128,bits-sq,128,128,8,upload_shared,1,0.697367,0.697367,0.697367,0.9885540898838059,False,False
3fb8ea1c5cea68ee8159f3d984c6b8c2e2f70bb5e3ede1cd79af7121a0225a38,600572,128,bits-sq,128,128,13,download,30,0.008223000000000001,0.008172,0.008333,0.9877173780858565,False,False
3fb8ea1c5cea68ee8159f3d984c6b8c2e2f70bb5e3ede1cd79af7121a0225a38,600572,128,bits-sq,128,128,13,operator,30,0.1483045,0.147899,0.14861000000000002,0.445064040538217,False,False
3fb8ea1c5cea68ee8159f3d984c6b8c2e2f70bb5e3ede1cd79af7121a0225a38,600572,128,bits-sq,128,128,13,output_isolated,30,0.007867,0.007807,0.008107,1.947756450997839,False,False
3fb8ea1c5cea68ee8159f3d984c6b8c2e2f70bb5e3ede1cd79af7121a0225a38,600572,128,bits-sq,128,128,13,selection_isolated,30,0.1369125,0.13681725,0.137098,0.3463270336894002,False,False
3fb8ea1c5cea68ee8159f3d984c6b8c2e2f70bb5e3ede1cd79af7121a0225a38,600572,128,bits-sq,128,128,13,transform_isolated,30,0.009504,0.00943475,0.009595000000000001,0.9947390572390573,False,False
3fb8ea1c5cea68ee8159f3d984c6b8c2e2f70bb5e3ede1cd79af7121a0225a38,600572,128,bits-sq,128,128,13,upload_shared,1,0.703827,0.703827,0.703827,0.9794807530827889,False,False
3fb8ea1c5cea68ee8159f3d984c6b8c2e2f70bb5e3ede1cd79af7121a0225a38,600572,128,bits-sq,128,128,16,download,30,0.008308,0.00819525,0.0089105,0.9776119402985074,False,False
3fb8ea1c5cea68ee8159f3d984c6b8c2e2f70bb5e3ede1cd79af7121a0225a38,600572,128,bits-sq,128,128,16,operator,30,0.157799,0.15740375,0.15817750000000003,0.418285286979005,False,False
3fb8ea1c5cea68ee8159f3d984c6b8c2e2f70bb5e3ede1cd79af7121a0225a38,600572,128,bits-sq,128,128,16,output_isolated,30,0.0078515,0.007804499999999999,0.0079395,1.9516016047888936,False,False
3fb8ea1c5cea68ee8159f3d984c6b8c2e2f70bb5e3ede1cd79af7121a0225a38,600572,128,bits-sq,128,128,16,selection_isolated,30,0.146542,0.146432,0.146677,0.32356935213112964,False,False
3fb8ea1c5cea68ee8159f3d984c6b8c2e2f70bb5e3ede1cd79af7121a0225a38,600572,128,bits-sq,128,128,16,transform_isolated,30,0.009484,0.00938925,0.00958,0.9968367777309154,False,False
3fb8ea1c5cea68ee8159f3d984c6b8c2e2f70bb5e3ede1cd79af7121a0225a38,600572,128,bits-sq,128,128,16,upload_shared,1,0.692509,0.692509,0.692509,0.9954888672926995,False,False
3fb8ea1c5cea68ee8159f3d984c6b8c2e2f70bb5e3ede1cd79af7121a0225a38,600572,128,bits-sq,128,256,4,download,30,0.008268000000000001,0.00822225,0.008352749999999999,0.9823415578132557,False,False
3fb8ea1c5cea68ee8159f3d984c6b8c2e2f70bb5e3ede1cd79af7121a0225a38,600572,128,bits-sq,128,256,4,operator,30,0.0891305,0.08890975,0.08935325,0.7405433605780289,False,False
3fb8ea1c5cea68ee8159f3d984c6b8c2e2f70bb5e3ede1cd79af7121a0225a38,600572,128,bits-sq,128,256,4,output_isolated,30,0.007867,0.007747,0.00806975,1.947756450997839,False,False
3fb8ea1c5cea68ee8159f3d984c6b8c2e2f70bb5e3ede1cd79af7121a0225a38,600572,128,bits-sq,128,256,4,selection_isolated,30,0.077848,0.077768,0.0780655,0.6090907923132258,False,False
3fb8ea1c5cea68ee8159f3d984c6b8c2e2f70bb5e3ede1cd79af7121a0225a38,600572,128,bits-sq,128,256,4,transform_isolated,30,0.0094845,0.00944425,0.009575,0.9967842268965155,False,False
3fb8ea1c5cea68ee8159f3d984c6b8c2e2f70bb5e3ede1cd79af7121a0225a38,600572,128,bits-sq,128,256,4,upload_shared,1,0.6969460000000001,0.6969460000000001,0.6969460000000001,0.9891512398378066,False,False
3fb8ea1c5cea68ee8159f3d984c6b8c2e2f70bb5e3ede1cd79af7121a0225a38,600572,128,bits-sq,128,256,7,download,30,0.008183,0.008097,0.008282249999999998,0.992545521202493,False,False
3fb8ea1c5cea68ee8159f3d984c6b8c2e2f70bb5e3ede1cd79af7121a0225a38,600572,128,bits-sq,128,256,7,operator,30,0.0924655,0.09224725,0.09268575000000001,0.7138338082852523,False,False
3fb8ea1c5cea68ee8159f3d984c6b8c2e2f70bb5e3ede1cd79af7121a0225a38,600572,128,bits-sq,128,256,7,output_isolated,30,0.007822,0.0077209999999999996,0.008042,1.9589619023267704,False,False
3fb8ea1c5cea68ee8159f3d984c6b8c2e2f70bb5e3ede1cd79af7121a0225a38,600572,128,bits-sq,128,256,7,selection_isolated,30,0.08132349999999999,0.081238,0.08148875,0.583060247038064,False,False
3fb8ea1c5cea68ee8159f3d984c6b8c2e2f70bb5e3ede1cd79af7121a0225a38,600572,128,bits-sq,128,256,7,transform_isolated,30,0.009479,0.009426499999999999,0.009532249999999999,0.997362590990611,False,False
3fb8ea1c5cea68ee8159f3d984c6b8c2e2f70bb5e3ede1cd79af7121a0225a38,600572,128,bits-sq,128,256,7,upload_shared,1,0.6907070000000001,0.6907070000000001,0.6907070000000001,0.9980860191079575,False,False
3fb8ea1c5cea68ee8159f3d984c6b8c2e2f70bb5e3ede1cd79af7121a0225a38,600572,128,bits-sq,128,256,8,download,30,0.0081925,0.0081345,0.00833275,0.9913945682026242,False,False
3fb8ea1c5cea68ee8159f3d984c6b8c2e2f70bb5e3ede1cd79af7121a0225a38,600572,128,bits-sq,128,256,8,operator,30,0.0977485,0.097563,0.09789874999999999,0.6752533286955811,False,False
3fb8ea1c5cea68ee8159f3d984c6b8c2e2f70bb5e3ede1cd79af7121a0225a38,600572,128,bits-sq,128,256,8,output_isolated,30,0.007822,0.007761250000000001,0.007912,1.9589619023267704,False,False
3fb8ea1c5cea68ee8159f3d984c6b8c2e2f70bb5e3ede1cd79af7121a0225a38,600572,128,bits-sq,128,256,8,selection_isolated,30,0.08664649999999999,0.0865135,0.086786,0.5472408002631383,False,False
3fb8ea1c5cea68ee8159f3d984c6b8c2e2f70bb5e3ede1cd79af7121a0225a38,600572,128,bits-sq,128,256,8,transform_isolated,30,0.009455,0.009394,0.00955175,0.9998942358540456,False,False
3fb8ea1c5cea68ee8159f3d984c6b8c2e2f70bb5e3ede1cd79af7121a0225a38,600572,128,bits-sq,128,256,8,upload_shared,1,0.695504,0.695504,0.695504,0.991202063539534,False,False
3fb8ea1c5cea68ee8159f3d984c6b8c2e2f70bb5e3ede1cd79af7121a0225a38,600572,128,bits-sq,128,256,13,download,30,0.008362999999999999,0.008234749999999999,0.008858,0.9711825899796723,False,False
3fb8ea1c5cea68ee8159f3d984c6b8c2e2f70bb5e3ede1cd79af7121a0225a38,600572,128,bits-sq,128,256,13,operator,30,0.115891,0.11563775000000001,0.116246,0.5695437954629783,False,False
3fb8ea1c5cea68ee8159f3d984c6b8c2e2f70bb5e3ede1cd79af7121a0225a38,600572,128,bits-sq,128,256,13,output_isolated,30,0.007847,0.007736249999999999,0.008009500000000001,1.952720785013381,False,False
3fb8ea1c5cea68ee8159f3d984c6b8c2e2f70bb5e3ede1cd79af7121a0225a38,600572,128,bits-sq,128,256,13,selection_isolated,30,0.104594,0.10438875,0.1048065,0.45333862363041855,False,False
3fb8ea1c5cea68ee8159f3d984c6b8c2e2f70bb5e3ede1cd79af7121a0225a38,600572,128,bits-sq,128,256,13,transform_isolated,30,0.0095195,0.009454249999999999,0.00965975,0.9931193865224014,False,False
3fb8ea1c5cea68ee8159f3d984c6b8c2e2f70bb5e3ede1cd79af7121a0225a38,600572,128,bits-sq,128,256,13,upload_shared,1,0.702604,0.702604,0.702604,0.9811857034688103,False,False
3fb8ea1c5cea68ee8159f3d984c6b8c2e2f70bb5e3ede1cd79af7121a0225a38,600572,128,bits-sq,128,256,16,download,30,0.008251999999999999,0.008177,0.008595499999999999,0.9842462433349491,False,False
3fb8ea1c5cea68ee8159f3d984c6b8c2e2f70bb5e3ede1cd79af7121a0225a38,600572,128,bits-sq,128,256,16,operator,30,0.12437799999999999,0.12390799999999999,0.12468399999999999,0.5306806669989871,False,False
3fb8ea1c5cea68ee8159f3d984c6b8c2e2f70bb5e3ede1cd79af7121a0225a38,600572,128,bits-sq,128,256,16,output_isolated,30,0.007887,0.007794499999999999,0.007989500000000002,1.9428172942817294,False,False
3fb8ea1c5cea68ee8159f3d984c6b8c2e2f70bb5e3ede1cd79af7121a0225a38,600572,128,bits-sq,128,256,16,selection_isolated,30,0.113051,0.112831,0.11338949999999999,0.41942574590229187,False,False
3fb8ea1c5cea68ee8159f3d984c6b8c2e2f70bb5e3ede1cd79af7121a0225a38,600572,128,bits-sq,128,256,16,transform_isolated,30,0.0095745,0.009504,0.0096425,0.9874144863961566,False,False
3fb8ea1c5cea68ee8159f3d984c6b8c2e2f70bb5e3ede1cd79af7121a0225a38,600572,128,bits-sq,128,256,16,upload_shared,1,0.697096,0.697096,0.697096,0.9889383958593938,False,False
3fb8ea1c5cea68ee8159f3d984c6b8c2e2f70bb5e3ede1cd79af7121a0225a38,600572,128,bits-sq,128,512,4,download,30,0.0082025,0.008153,0.008310249999999998,0.9901859189271562,False,False
3fb8ea1c5cea68ee8159f3d984c6b8c2e2f70bb5e3ede1cd79af7121a0225a38,600572,128,bits-sq,128,512,4,operator,30,0.084969,0.08479125,0.08519399999999999,0.7768127199331522,False,False
3fb8ea1c5cea68ee8159f3d984c6b8c2e2f70bb5e3ede1cd79af7121a0225a38,600572,128,bits-sq,128,512,4,output_isolated,30,0.007807,0.007731249999999999,0.007877,1.9627257589342897,False,False
3fb8ea1c5cea68ee8159f3d984c6b8c2e2f70bb5e3ede1cd79af7121a0225a38,600572,128,bits-sq,128,512,4,selection_isolated,30,0.07370199999999999,0.07356375000000001,0.07386200000000001,0.6433543187430464,False,False
3fb8ea1c5cea68ee8159f3d984c6b8c2e2f70bb5e3ede1cd79af7121a0225a38,600572,128,bits-sq,128,512,4,transform_isolated,30,0.009534,0.0094775,0.00960925,0.9916089783931193,False,False
3fb8ea1c5cea68ee8159f3d984c6b8c2e2f70bb5e3ede1cd79af7121a0225a38,600572,128,bits-sq,128,512,4,upload_shared,1,0.700992,0.700992,0.700992,0.9834420364283759,False,False
3fb8ea1c5cea68ee8159f3d984c6b8c2e2f70bb5e3ede1cd79af7121a0225a38,600572,128,bits-sq,128,512,7,download,30,0.0083575,0.008285500000000001,0.008558,0.97182171702064,False,False
3fb8ea1c5cea68ee8159f3d984c6b8c2e2f70bb5e3ede1cd79af7121a0225a38,600572,128,bits-sq,128,512,7,operator,30,0.093607,0.09345124999999999,0.0938195,0.7051288899334452,False,False
3fb8ea1c5cea68ee8159f3d984c6b8c2e2f70bb5e3ede1cd79af7121a0225a38,600572,128,bits-sq,128,512,7,output_isolated,30,0.0077765,0.00769425,0.007927,1.970423712467048,False,False
3fb8ea1c5cea68ee8159f3d984c6b8c2e2f70bb5e3ede1cd79af7121a0225a38,600572,128,bits-sq,128,512,7,selection_isolated,30,0.08233950000000001,0.08218974999999999,0.08249000000000001,0.575865775235458,False,False
3fb8ea1c5cea68ee8159f3d984c6b8c2e2f70bb5e3ede1cd79af7121a0225a38,600572,128,bits-sq,128,512,7,transform_isolated,30,0.00954,0.009493999999999999,0.009677499999999999,0.9909853249475892,False,False
3fb8ea1c5cea68ee8159f3d984c6b8c2e2f70bb5e3ede1cd79af7121a0225a38,600572,128,bits-sq,128,512,7,upload_shared,1,0.7048679999999999,0.7048679999999999,0.7048679999999999,0.9780341851240233,False,False
3fb8ea1c5cea68ee8159f3d984c6b8c2e2f70bb5e3ede1cd79af7121a0225a38,600572,128,bits-sq,128,512,8,download,30,0.008307499999999999,0.008192000000000001,0.00907825,0.9776707794161902,False,False
3fb8ea1c5cea68ee8159f3d984c6b8c2e2f70bb5e3ede1cd79af7121a0225a38,600572,128,bits-sq,128,512,8,operator,30,0.08834900000000001,0.0875905,0.08874225,0.747093911645859,False,False
3fb8ea1c5cea68ee8159f3d984c6b8c2e2f70bb5e3ede1cd79af7121a0225a38,600572,128,bits-sq,128,512,8,output_isolated,30,0.0075565,0.007268749999999999,0.0078845,2.027790643816582,False,False
3fb8ea1c5cea68ee8159f3d984c6b8c2e2f70bb5e3ede1cd79af7121a0225a38,600572,128,bits-sq,128,512,8,selection_isolated,30,0.07735249999999999,0.07705675,0.0776655,0.6129924695387997,False,False
3fb8ea1c5cea68ee8159f3d984c6b8c2e2f70bb5e3ede1cd79af7121a0225a38,600572,128,bits-sq,128,512,8,transform_isolated,30,0.009448999999999999,0.00911825,0.009649999999999999,1.0005291565245,False,False
3fb8ea1c5cea68ee8159f3d984c6b8c2e2f70bb5e3ede1cd79af7121a0225a38,600572,128,bits-sq,128,512,8,upload_shared,1,0.6926789999999999,0.6926789999999999,0.6926789999999999,0.9952445505060787,False,False
3fb8ea1c5cea68ee8159f3d984c6b8c2e2f70bb5e3ede1cd79af7121a0225a38,600572,128,bits-sq,128,512,13,download,30,0.008327499999999998,0.008175499999999999,0.008895499999999999,0.9753227259081358,False,False
3fb8ea1c5cea68ee8159f3d984c6b8c2e2f70bb5e3ede1cd79af7121a0225a38,600572,128,bits-sq,128,512,13,operator,30,0.09953600000000001,0.099411,0.09983925,0.6631269088570969,False,False
3fb8ea1c5cea68ee8159f3d984c6b8c2e2f70bb5e3ede1cd79af7121a0225a38,600572,128,bits-sq,128,512,13,output_isolated,30,0.007887,0.007807,0.008019499999999999,1.9428172942817294,False,False
3fb8ea1c5cea68ee8159f3d984c6b8c2e2f70bb5e3ede1cd79af7121a0225a38,600572,128,bits-sq,128,512,13,selection_isolated,30,0.08843899999999999,0.0882365,0.08863399999999999,0.5361492101900746,False,False
3fb8ea1c5cea68ee8159f3d984c6b8c2e2f70bb5e3ede1cd79af7121a0225a38,600572,128,bits-sq,128,512,13,transform_isolated,30,0.009544,0.009474,0.00966925,0.9905699916177704,False,False
3fb8ea1c5cea68ee8159f3d984c6b8c2e2f70bb5e3ede1cd79af7121a0225a38,600572,128,bits-sq,128,512,13,upload_shared,1,0.695854,0.695854,0.695854,0.9907035096442646,False,False
3fb8ea1c5cea68ee8159f3d984c6b8c2e2f70bb5e3ede1cd79af7121a0225a38,600572,128,bits-sq,128,512,16,download,30,0.008227,0.008183,0.008327,0.9872371459827396,False,False
3fb8ea1c5cea68ee8159f3d984c6b8c2e2f70bb5e3ede1cd79af7121a0225a38,600572,128,bits-sq,128,512,16,operator,30,0.10562,0.10539225000000002,0.10610575,0.6249289907214544,False,False
3fb8ea1c5cea68ee8159f3d984c6b8c2e2f70bb5e3ede1cd79af7121a0225a38,600572,128,bits-sq,128,512,16,output_isolated,30,0.007732,0.007671249999999999,0.0077919999999999994,1.9817640972581478,False,False
3fb8ea1c5cea68ee8159f3d984c6b8c2e2f70bb5e3ede1cd79af7121a0225a38,600572,128,bits-sq,128,512,16,selection_isolated,30,0.09450349999999999,0.094383,0.09456075,0.5017433216759168,False,False
3fb8ea1c5cea68ee8159f3d984c6b8c2e2f70bb5e3ede1cd79af7121a0225a38,600572,128,bits-sq,128,512,16,transform_isolated,30,0.0094945,0.009453999999999999,0.009609,0.9957343725314657,False,False
3fb8ea1c5cea68ee8159f3d984c6b8c2e2f70bb5e3ede1cd79af7121a0225a38,600572,128,bits-sq,128,512,16,upload_shared,1,0.705158,0.705158,0.705158,0.9776319633330404,False,False
3fb8ea1c5cea68ee8159f3d984c6b8c2e2f70bb5e3ede1cd79af7121a0225a38,600572,128,bits-sq,512,128,4,download,30,0.0085425,0.00847225,0.0091215,0.9507755340942347,False,False
3fb8ea1c5cea68ee8159f3d984c6b8c2e2f70bb5e3ede1cd79af7121a0225a38,600572,128,bits-sq,512,128,4,operator,30,0.24394900000000003,0.2435815,0.24424575,0.27056884840683915,False,False
3fb8ea1c5cea68ee8159f3d984c6b8c2e2f70bb5e3ede1cd79af7121a0225a38,600572,128,bits-sq,512,128,4,output_isolated,30,0.007892,0.007794499999999999,0.00810775,1.9415864166244299,False,False
3fb8ea1c5cea68ee8159f3d984c6b8c2e2f70bb5e3ede1cd79af7121a0225a38,600572,128,bits-sq,512,128,4,selection_isolated,30,0.2325825,0.23246450000000002,0.232803,0.20386959465995938,False,False
3fb8ea1c5cea68ee8159f3d984c6b8c2e2f70bb5e3ede1cd79af7121a0225a38,600572,128,bits-sq,512,128,4,transform_isolated,30,0.009453999999999999,0.00934975,0.00954925,1.0000000000000002,False,False
3fb8ea1c5cea68ee8159f3d984c6b8c2e2f70bb5e3ede1cd79af7121a0225a38,600572,128,bits-sq,512,128,4,upload_shared,1,0.715674,0.715674,0.715674,0.9632667946579029,False,False
3fb8ea1c5cea68ee8159f3d984c6b8c2e2f70bb5e3ede1cd79af7121a0225a38,600572,128,bits-sq,512,128,7,download,30,0.008323,0.00823525,0.008718,0.975850054067043,False,False
3fb8ea1c5cea68ee8159f3d984c6b8c2e2f70bb5e3ede1cd79af7121a0225a38,600572,128,bits-sq,512,128,7,operator,30,0.23585250000000002,0.235507,0.23611299999999996,0.27985711408613434,False,False
3fb8ea1c5cea68ee8159f3d984c6b8c2e2f70bb5e3ede1cd79af7121a0225a38,600572,128,bits-sq,512,128,7,output_isolated,30,0.007877,0.007754499999999999,0.0079845,1.9452837374635013,False,False
3fb8ea1c5cea68ee8159f3d984c6b8c2e2f70bb5e3ede1cd79af7121a0225a38,600572,128,bits-sq,512,128,7,selection_isolated,30,0.22467,0.22448500000000002,0.22483075,0.21104953932434237,False,False
3fb8ea1c5cea68ee8159f3d984c6b8c2e2f70bb5e3ede1cd79af7121a0225a38,600572,128,bits-sq,512,128,7,transform_isolated,30,0.00949,0.009414,0.009545,0.9962065331928346,False,False
3fb8ea1c5cea68ee8159f3d984c6b8c2e2f70bb5e3ede1cd79af7121a0225a38,600572,128,bits-sq,512,128,7,upload_shared,1,0.6901550000000001,0.6901550000000001,0.6901550000000001,0.998884308597344,False,False
3fb8ea1c5cea68ee8159f3d984c6b8c2e2f70bb5e3ede1cd79af7121a0225a38,600572,128,bits-sq,512,128,8,download,30,0.008493,0.008232,0.0087405,0.956316966913929,False,False
3fb8ea1c5cea68ee8159f3d984c6b8c2e2f70bb5e3ede1cd79af7121a0225a38,600572,128,bits-sq,512,128,8,operator,30,0.24199700000000002,0.2416535,0.24252275,0.2727513150989475,False,False
3fb8ea1c5cea68ee8159f3d984c6b8c2e2f70bb5e3ede1cd79af7121a0225a38,600572,128,bits-sq,512,128,8,output_isolated,30,0.007776999999999999,0.007722,0.0080695,1.9702970297029705,False,False
3fb8ea1c5cea68ee8159f3d984c6b8c2e2f70bb5e3ede1cd79af7121a0225a38,600572,128,bits-sq,512,128,8,selection_isolated,30,0.230679,0.230484,0.23095475,0.20555187078147558,False,False
3fb8ea1c5cea68ee8159f3d984c6b8c2e2f70bb5e3ede1cd79af7121a0225a38,600572,128,bits-sq,512,128,8,transform_isolated,30,0.0094195,0.009365,0.00948175,1.0036626147884706,False,False
3fb8ea1c5cea68ee8159f3d984c6b8c2e2f70bb5e3ede1cd79af7121a0225a38,600572,128,bits-sq,512,128,8,upload_shared,1,0.70589,0.70589,0.70589,0.9766181699698253,False,False
3fb8ea1c5cea68ee8159f3d984c6b8c2e2f70bb5e3ede1cd79af7121a0225a38,600572,128,bits-sq,512,128,13,download,30,0.008268000000000001,0.00810775,0.008885500000000001,0.9823415578132557,False,False
3fb8ea1c5cea68ee8159f3d984c6b8c2e2f70bb5e3ede1cd79af7121a0225a38,600572,128,bits-sq,512,128,13,operator,30,0.25064,0.250409,0.25103275,0.2633458346632621,False,False
3fb8ea1c5cea68ee8159f3d984c6b8c2e2f70bb5e3ede1cd79af7121a0225a38,600572,128,bits-sq,512,128,13,output_isolated,30,0.0079825,0.00785425,0.008282000000000001,1.91957406827435,False,False
3fb8ea1c5cea68ee8159f3d984c6b8c2e2f70bb5e3ede1cd79af7121a0225a38,600572,128,bits-sq,512,128,13,selection_isolated,30,0.239318,0.23909950000000002,0.239478,0.19813177445908792,False,False
3fb8ea1c5cea68ee8159f3d984c6b8c2e2f70bb5e3ede1cd79af7121a0225a38,600572,128,bits-sq,512,128,13,transform_isolated,30,0.009534500000000001,0.00943975,0.009605,0.9915569772929885,False,False
3fb8ea1c5cea68ee8159f3d984c6b8c2e2f70bb5e3ede1cd79af7121a0225a38,600572,128,bits-sq,512,128,13,upload_shared,1,0.690276,0.690276,0.690276,0.998709211967387,False,False
3fb8ea1c5cea68ee8159f3d984c6b8c2e2f70bb5e3ede1cd79af7121a0225a38,600572,128,bits-sq,512,128,16,download,30,0.008583,0.0084855,0.00910825,0.9462891762786902,False,False
3fb8ea1c5cea68ee8159f3d984c6b8c2e2f70bb5e3ede1cd79af7121a0225a38,600572,128,bits-sq,512,128,16,operator,30,0.2501345,0.249653,0.250304,0.2638780336179136,False,False
3fb8ea1c5cea68ee8159f3d984c6b8c2e2f70bb5e3ede1cd79af7121a0225a38,600572,128,bits-sq,512,128,16,output_isolated,30,0.007991999999999999,0.007862000000000001,0.008112,1.9172922922922926,False,False
3fb8ea1c5cea68ee8159f3d984c6b8c2e2f70bb5e3ede1cd79af7121a0225a38,600572,128,bits-sq,512,128,16,selection_isolated,30,0.238461,0.23827349999999997,0.2386845,0.19884383609898473,False,False
3fb8ea1c5cea68ee8159f3d984c6b8c2e2f70bb5e3ede1cd79af7121a0225a38,600572,128,bits-sq,512,128,16,transform_isolated,30,0.009585,0.0095275,0.00967225,0.9863328116849245,False,False
3fb8ea1c5cea68ee8159f3d984c6b8c2e2f70bb5e3ede1cd79af7121a0225a38,600572,128,bits-sq,512,128,16,upload_shared,1,0.697056,0.697056,0.697056,0.9889951452967911,False,False
3fb8ea1c5cea68ee8159f3d984c6b8c2e2f70bb5e3ede1cd79af7121a0225a38,600572,128,bits-sq,512,256,4,download,30,0.008328,0.0081845,0.008758000000000002,0.9752641690682035,False,False
3fb8ea1c5cea68ee8159f3d984c6b8c2e2f70bb5e3ede1cd79af7121a0225a38,600572,128,bits-sq,512,256,4,operator,30,0.161695,0.16141725,0.16244925,0.40820680911592816,False,False
3fb8ea1c5cea68ee8159f3d984c6b8c2e2f70bb5e3ede1cd79af7121a0225a38,600572,128,bits-sq,512,256,4,output_isolated,30,0.007962,0.007839500000000001,0.008099499999999999,1.924516453152474,False,False
3fb8ea1c5cea68ee8159f3d984c6b8c2e2f70bb5e3ede1cd79af7121a0225a38,600572,128,bits-sq,512,256,4,selection_isolated,30,0.1503225,0.150062,0.15068399999999998,0.3154318215835953,False,False
3fb8ea1c5cea68ee8159f3d984c6b8c2e2f70bb5e3ede1cd79af7121a0225a38,600572,128,bits-sq,512,256,4,transform_isolated,30,0.0095245,0.009447249999999999,0.009665,0.9925980366423435,False,False
3fb8ea1c5cea68ee8159f3d984c6b8c2e2f70bb5e3ede1cd79af7121a0225a38,600572,128,bits-sq,512,256,4,upload_shared,1,0.698649,0.698649,0.698649,0.986740122722569,False,False
3fb8ea1c5cea68ee8159f3d984c6b8c2e2f70bb5e3ede1cd79af7121a0225a38,600572,128,bits-sq,512,256,7,download,30,0.008202000000000001,0.008112,0.008242,0.9902462813947815,False,False
3fb8ea1c5cea68ee8159f3d984c6b8c2e2f70bb5e3ede1cd79af7121a0225a38,600572,128,bits-sq,512,256,7,operator,30,0.15603650000000002,0.1556585,0.15636699999999998,0.4230100008651822,False,False
3fb8ea1c5cea68ee8159f3d984c6b8c2e2f70bb5e3ede1cd79af7121a0225a38,600572,128,bits-sq,512,256,7,output_isolated,30,0.0078965,0.007787,0.0079795,1.940479959475717,False,False
3fb8ea1c5cea68ee8159f3d984c6b8c2e2f70bb5e3ede1cd79af7121a0225a38,600572,128,bits-sq,512,256,7,selection_isolated,30,0.144759,0.14449075,0.14504150000000002,0.3275547634343979,False,False
3fb8ea1c5cea68ee8159f3d984c6b8c2e2f70bb5e3ede1cd79af7121a0225a38,600572,128,bits-sq,512,256,7,transform_isolated,30,0.009504499999999999,0.009434,0.0095575,0.9946867273396813,False,False
3fb8ea1c5cea68ee8159f3d984c6b8c2e2f70bb5e3ede1cd79af7121a0225a38,600572,128,bits-sq,512,256,7,upload_shared,1,0.6898650000000001,0.6898650000000001,0.6898650000000001,0.9993042116935922,False,False
3fb8ea1c5cea68ee8159f3d984c6b8c2e2f70bb5e3ede1cd79af7121a0225a38,600572,128,bits-sq,512,256,8,download,30,0.0082325,0.00815525,0.0086705,0.9865775888247796,False,False
3fb8ea1c5cea68ee8159f3d984c6b8c2e2f70bb5e3ede1cd79af7121a0225a38,600572,128,bits-sq,512,256,8,operator,30,0.1593815,0.15902875000000002,0.1597345,0.4141321295131493,False,False
3fb8ea1c5cea68ee8159f3d984c6b8c2e2f70bb5e3ede1cd79af7121a0225a38,600572,128,bits-sq,512,256,8,output_isolated,30,0.007917,0.007832,0.0080595,1.9354553492484525,False,False
3fb8ea1c5cea68ee8159f3d984c6b8c2e2f70bb5e3ede1cd79af7121a0225a38,600572,128,bits-sq,512,256,8,selection_isolated,30,0.147874,0.14769375,0.14808500000000002,0.3206547466085992,False,False
3fb8ea1c5cea68ee8159f3d984c6b8c2e2f70bb5e3ede1cd79af7121a0225a38,600572,128,bits-sq,512,256,8,transform_isolated,30,0.009549499999999999,0.009504,0.00964725,0.9899994764123777,False,False
3fb8ea1c5cea68ee8159f3d984c6b8c2e2f70bb5e3ede1cd79af7121a0225a38,600572,128,bits-sq,512,256,8,upload_shared,1,0.684307,0.684307,0.684307,1.0074206459966069,False,False
3fb8ea1c5cea68ee8159f3d984c6b8c2e2f70bb5e3ede1cd79af7121a0225a38,600572,128,bits-sq,512,256,13,download,30,0.008257500000000001,0.008192250000000002,0.0084305,0.9835906751438084,False,False
3fb8ea1c5cea68ee8159f3d984c6b8c2e2f70bb5e3ede1cd79af7121a0225a38,600572,128,bits-sq,512,256,13,operator,30,0.166813,0.16655699999999998,0.16726324999999997,0.3956825906853783,False,False
3fb8ea1c5cea68ee8159f3d984c6b8c2e2f70bb5e3ede1cd79af7121a0225a38,600572,128,bits-sq,512,256,13,output_isolated,30,0.007791999999999999,0.0077245,0.007977,1.966504106776181,False,False
3fb8ea1c5cea68ee8159f3d984c6b8c2e2f70bb5e3ede1cd79af7121a0225a38,600572,128,bits-sq,512,256,13,selection_isolated,30,0.155606,0.15543025,0.1562145,0.3047215403005026,False,False
3fb8ea1c5cea68ee8159f3d984c6b8c2e2f70bb5e3ede1cd79af7121a0225a38,600572,128,bits-sq,512,256,13,transform_isolated,30,0.0095395,0.00949725,0.00959175,0.9910372661040936,False,False
3fb8ea1c5cea68ee8159f3d984c6b8c2e2f70bb5e3ede1cd79af7121a0225a38,600572,128,bits-sq,512,256,13,upload_shared,1,0.702614,0.702614,0.702614,0.9811717386787057,False,False
3fb8ea1c5cea68ee8159f3d984c6b8c2e2f70bb5e3ede1cd79af7121a0225a38,600572,128,bits-sq,512,256,16,download,30,0.008172,0.008121999999999999,0.00828275,0.9938815467449827,False,False
3fb8ea1c5cea68ee8159f3d984c6b8c2e2f70bb5e3ede1cd79af7121a0225a38,600572,128,bits-sq,512,256,16,operator,30,0.16848050000000003,0.168135,0.16867575,0.3917664062013111,False,False
3fb8ea1c5cea68ee8159f3d984c6b8c2e2f70bb5e3ede1cd79af7121a0225a38,600572,128,bits-sq,512,256,16,output_isolated,30,0.007942,0.00779675,0.008112,1.9293628808864267,False,False
3fb8ea1c5cea68ee8159f3d984c6b8c2e2f70bb5e3ede1cd79af7121a0225a38,600572,128,bits-sq,512,256,16,selection_isolated,30,0.156858,0.15665975,0.1569705,0.3022893317522855,False,False
3fb8ea1c5cea68ee8159f3d984c6b8c2e2f70bb5e3ede1cd79af7121a0225a38,600572,128,bits-sq,512,256,16,transform_isolated,30,0.009544500000000001,0.009476499999999999,0.009655,0.9905180994289905,False,False
3fb8ea1c5cea68ee8159f3d984c6b8c2e2f70bb5e3ede1cd79af7121a0225a38,600572,128,bits-sq,512,256,16,upload_shared,1,0.701884,0.701884,0.701884,0.9821922140980562,False,False
3fb8ea1c5cea68ee8159f3d984c6b8c2e2f70bb5e3ede1cd79af7121a0225a38,600572,128,bits-sq,512,512,4,download,30,0.008192000000000001,0.008121999999999999,0.00826975,0.9914550781249997,False,False
3fb8ea1c5cea68ee8159f3d984c6b8c2e2f70bb5e3ede1cd79af7121a0225a38,600572,128,bits-sq,512,512,4,operator,30,0.1300365,0.129867,0.1305905,0.5075882540671274,False,False
3fb8ea1c5cea68ee8159f3d984c6b8c2e2f70bb5e3ede1cd79af7121a0225a38,600572,128,bits-sq,512,512,4,output_isolated,30,0.007837,0.00774125,0.0079995,1.9552124537450555,False,False
3fb8ea1c5cea68ee8159f3d984c6b8c2e2f70bb5e3ede1cd79af7121a0225a38,600572,128,bits-sq,512,512,4,selection_isolated,30,0.118956,0.1187675,0.11911075,0.39860536669020474,False,False
3fb8ea1c5cea68ee8159f3d984c6b8c2e2f70bb5e3ede1cd79af7121a0225a38,600572,128,bits-sq,512,512,4,transform_isolated,30,0.009549,0.0094665,0.00960475,0.9900513142737459,False,False
3fb8ea1c5cea68ee8159f3d984c6b8c2e2f70bb5e3ede1cd79af7121a0225a38,600572,128,bits-sq,512,512,4,upload_shared,1,0.694842,0.694842,0.694842,0.9921464160197571,False,False
3fb8ea1c5cea68ee8159f3d984c6b8c2e2f70bb5e3ede1cd79af7121a0225a38,600572,128,bits-sq,512,512,7,download,30,0.0083125,0.00824775,0.0084955,0.9770827067669171,False,False
3fb8ea1c5cea68ee8159f3d984c6b8c2e2f70bb5e3ede1cd79af7121a0225a38,600572,128,bits-sq,512,512,7,operator,30,0.14508,0.14499925000000002,0.14538025,0.4549558864074994,False,False
3fb8ea1c5cea68ee8159f3d984c6b8c2e2f70bb5e3ede1cd79af7121a0225a38,600572,128,bits-sq,512,512,7,output_isolated,30,0.0078515,0.007731249999999999,0.007919500000000001,1.9516016047888936,False,False
3fb8ea1c5cea68ee8159f3d984c6b8c2e2f70bb5e3ede1cd79af7121a0225a38,600572,128,bits-sq,512,512,7,selection_isolated,30,0.133973,0.133833,0.134078,0.3539257910175931,False,False
3fb8ea1c5cea68ee8159f3d984c6b8c2e2f70bb5e3ede1cd79af7121a0225a38,600572,128,bits-sq,512,512,7,transform_isolated,30,0.0095295,0.009446499999999998,0.009625,0.992077233852773,False,False
3fb8ea1c5cea68ee8159f3d984c6b8c2e2f70bb5e3ede1cd79af7121a0225a38,600572,128,bits-sq,512,512,7,upload_shared,1,0.670527,0.670527,0.670527,1.0281241471260665,False,False
3fb8ea1c5cea68ee8159f3d984c6b8c2e2f70bb5e3ede1cd79af7121a0225a38,600572,128,bits-sq,512,512,8,download,30,0.008243,0.008152,0.00867325,0.9853208783209995,False,False
3fb8ea1c5cea68ee8159f3d984c6b8c2e2f70bb5e3ede1cd79af7121a0225a38,600572,128,bits-sq,512,512,8,operator,30,0.13010700000000003,0.12990125,0.1305605,0.507313211433666,False,False
3fb8ea1c5cea68ee8159f3d984c6b8c2e2f70bb5e3ede1cd79af7121a0225a38,600572,128,bits-sq,512,512,8,output_isolated,30,0.007837,0.007774249999999999,0.007982000000000001,1.9552124537450555,False,False
3fb8ea1c5cea68ee8159f3d984c6b8c2e2f70bb5e3ede1cd79af7121a0225a38,600572,128,bits-sq,512,512,8,selection_isolated,30,0.11886,0.1186175,0.119055,0.39892730943967697,False,False
3fb8ea1c5cea68ee8159f3d984c6b8c2e2f70bb5e3ede1cd79af7121a0225a38,600572,128,bits-sq,512,512,8,transform_isolated,30,0.00955,0.00943425,0.00966975,0.9899476439790577,False,False
3fb8ea1c5cea68ee8159f3d984c6b8c2e2f70bb5e3ede1cd79af7121a0225a38,600572,128,bits-sq,512,512,8,upload_shared,1,0.693461,0.693461,0.693461,0.9941222361459405,False,False
3fb8ea1c5cea68ee8159f3d984c6b8c2e2f70bb5e3ede1cd79af7121a0225a38,600572,128,bits-sq,512,512,13,download,30,0.0081875,0.008142,0.00832275,0.9919999999999999,False,False
3fb8ea1c5cea68ee8159f3d984c6b8c2e2f70bb5e3ede1cd79af7121a0225a38,600572,128,bits-sq,512,512,13,operator,30,0.15352749999999998,0.15328225,0.1537805,0.42992297796811657,False,False
3fb8ea1c5cea68ee8159f3d984c6b8c2e2f70bb5e3ede1cd79af7121a0225a38,600572,128,bits-sq,512,512,13,output_isolated,30,0.007887000000000002,0.0077145,0.00809025,1.942817294281729,False,False
3fb8ea1c5cea68ee8159f3d984c6b8c2e2f70bb5e3ede1cd79af7121a0225a38,600572,128,bits-sq,512,512,13,selection_isolated,30,0.14244600000000002,0.14216775,0.142626,0.33287350996166964,False,False
3fb8ea1c5cea68ee8159f3d984c6b8c2e2f70bb5e3ede1cd79af7121a0225a38,600572,128,bits-sq,512,512,13,transform_isolated,30,0.009499,0.009454249999999999,0.00957975,0.9952626592272871,False,False
3fb8ea1c5cea68ee8159f3d984c6b8c2e2f70bb5e3ede1cd79af7121a0225a38,600572,128,bits-sq,512,512,13,upload_shared,1,0.6739409999999999,0.6739409999999999,0.6739409999999999,1.0229159525833866,False,False
3fb8ea1c5cea68ee8159f3d984c6b8c2e2f70bb5e3ede1cd79af7121a0225a38,600572,128,bits-sq,512,512,16,download,30,0.0082975,0.0082145,0.00834275,0.9788490509189515,False,False
3fb8ea1c5cea68ee8159f3d984c6b8c2e2f70bb5e3ede1cd79af7121a0225a38,600572,128,bits-sq,512,512,16,operator,30,0.160744,0.16054325,0.16121175,0.4106218583586324,False,False
3fb8ea1c5cea68ee8159f3d984c6b8c2e2f70bb5e3ede1cd79af7121a0225a38,600572,128,bits-sq,512,512,16,output_isolated,30,0.007842,0.007742,0.008164500000000002,1.9539658250446315,False,False
3fb8ea1c5cea68ee8159f3d984c6b8c2e2f70bb5e3ede1cd79af7121a0225a38,600572,128,bits-sq,512,512,16,selection_isolated,30,0.14960600000000002,0.149451,0.149807,0.3169425023060572,False,False
3fb8ea1c5cea68ee8159f3d984c6b8c2e2f70bb5e3ede1cd79af7121a0225a38,600572,128,bits-sq,512,512,16,transform_isolated,30,0.0094995,0.009446749999999999,0.00955175,0.9952102742249593,False,False
3fb8ea1c5cea68ee8159f3d984c6b8c2e2f70bb5e3ede1cd79af7121a0225a38,600572,128,bits-sq,512,512,16,upload_shared,1,0.684487,0.684487,0.684487,1.0071557239217108,False,False
3fb8ea1c5cea68ee8159f3d984c6b8c2e2f70bb5e3ede1cd79af7121a0225a38,600572,128,block-select,1,128,3,download,30,0.008768000000000001,0.0082295,0.009113999999999999,0.9263229927007297,False,False
3fb8ea1c5cea68ee8159f3d984c6b8c2e2f70bb5e3ede1cd79af7121a0225a38,600572,128,block-select,1,128,3,operator,30,1.3666405,1.36143575,1.374901,0.04829726617936466,False,False
3fb8ea1c5cea68ee8159f3d984c6b8c2e2f70bb5e3ede1cd79af7121a0225a38,600572,128,block-select,1,128,3,output_isolated,30,0.008593,0.00825975,0.00908325,1.7831956243453975,False,False
3fb8ea1c5cea68ee8159f3d984c6b8c2e2f70bb5e3ede1cd79af7121a0225a38,600572,128,block-select,1,128,3,selection_isolated,30,1.3563605,1.35299775,1.3590787500000001,0.034958626412373406,False,False
3fb8ea1c5cea68ee8159f3d984c6b8c2e2f70bb5e3ede1cd79af7121a0225a38,600572,128,block-select,1,128,3,transform_isolated,30,0.009455,0.009397250000000001,0.0095815,0.9998942358540456,False,False
3fb8ea1c5cea68ee8159f3d984c6b8c2e2f70bb5e3ede1cd79af7121a0225a38,600572,128,block-select,1,128,3,upload_shared,1,0.689385,0.689385,0.689385,1.0,False,False
3fb8ea1c5cea68ee8159f3d984c6b8c2e2f70bb5e3ede1cd79af7121a0225a38,600572,128,grid-select,1,0,0,download,30,0.0081525,0.00807525,0.008247,0.996258816314014,True,True
3fb8ea1c5cea68ee8159f3d984c6b8c2e2f70bb5e3ede1cd79af7121a0225a38,600572,128,grid-select,1,0,0,operator,30,0.06906499999999999,0.0684985,0.06941575,0.9556939115326145,True,True
3fb8ea1c5cea68ee8159f3d984c6b8c2e2f70bb5e3ede1cd79af7121a0225a38,600572,128,grid-select,1,0,0,output_isolated,30,0.007857,0.007781999999999999,0.007927,1.9502354588265243,True,True
3fb8ea1c5cea68ee8159f3d984c6b8c2e2f70bb5e3ede1cd79af7121a0225a38,600572,128,grid-select,1,0,0,selection_isolated,30,0.0578325,0.05763225,0.058198,0.8198936584100636,True,True
3fb8ea1c5cea68ee8159f3d984c6b8c2e2f70bb5e3ede1cd79af7121a0225a38,600572,128,grid-select,1,0,0,transform_isolated,30,0.009505,0.00942425,0.009684749999999999,0.9946344029458181,True,True
3fb8ea1c5cea68ee8159f3d984c6b8c2e2f70bb5e3ede1cd79af7121a0225a38,600572,128,grid-select,1,0,0,upload_shared,1,0.689385,0.689385,0.689385,1.0,True,True
3fb8ea1c5cea68ee8159f3d984c6b8c2e2f70bb5e3ede1cd79af7121a0225a38,600572,256,air-topk,1,512,0,download,30,0.008453,0.008403,0.0085755,1.0,True,True
3fb8ea1c5cea68ee8159f3d984c6b8c2e2f70bb5e3ede1cd79af7121a0225a38,600572,256,air-topk,1,512,0,operator,30,0.0657195,0.06549724999999999,0.066626,1.0,True,True
3fb8ea1c5cea68ee8159f3d984c6b8c2e2f70bb5e3ede1cd79af7121a0225a38,600572,256,air-topk,1,512,0,output_isolated,30,0.017712,0.01765925,0.017876999999999997,1.0,True,True
3fb8ea1c5cea68ee8159f3d984c6b8c2e2f70bb5e3ede1cd79af7121a0225a38,600572,256,air-topk,1,512,0,selection_isolated,30,0.0447025,0.044407249999999995,0.04504324999999999,1.0,True,True
3fb8ea1c5cea68ee8159f3d984c6b8c2e2f70bb5e3ede1cd79af7121a0225a38,600572,256,air-topk,1,512,0,transform_isolated,30,0.009524000000000001,0.0094475,0.009572500000000001,1.0,True,True
3fb8ea1c5cea68ee8159f3d984c6b8c2e2f70bb5e3ede1cd79af7121a0225a38,600572,256,air-topk,1,512,0,upload_shared,1,0.698808,0.698808,0.698808,1.0,True,True
3fb8ea1c5cea68ee8159f3d984c6b8c2e2f70bb5e3ede1cd79af7121a0225a38,600572,256,bits-prefetch,1,128,4,download,30,0.0087985,0.0085555,0.0092065,0.9607319429448201,False,False
3fb8ea1c5cea68ee8159f3d984c6b8c2e2f70bb5e3ede1cd79af7121a0225a38,600572,256,bits-prefetch,1,128,4,operator,30,0.698083,0.6970385,0.7000157499999999,0.09414281682837142,False,False
3fb8ea1c5cea68ee8159f3d984c6b8c2e2f70bb5e3ede1cd79af7121a0225a38,600572,256,bits-prefetch,1,128,4,output_isolated,30,0.008473000000000001,0.00817025,0.008888000000000002,2.0904048152956447,False,False
3fb8ea1c5cea68ee8159f3d984c6b8c2e2f70bb5e3ede1cd79af7121a0225a38,600572,256,bits-prefetch,1,128,4,selection_isolated,30,0.687882,0.6860925,0.688834,0.06498570975835972,False,False
3fb8ea1c5cea68ee8159f3d984c6b8c2e2f70bb5e3ede1cd79af7121a0225a38,600572,256,bits-prefetch,1,128,4,transform_isolated,30,0.009489,0.009424,0.0096575,1.0036884813995155,False,False
3fb8ea1c5cea68ee8159f3d984c6b8c2e2f70bb5e3ede1cd79af7121a0225a38,600572,256,bits-prefetch,1,128,4,upload_shared,1,0.6924089999999999,0.6924089999999999,0.6924089999999999,1.0092416476388957,False,False
3fb8ea1c5cea68ee8159f3d984c6b8c2e2f70bb5e3ede1cd79af7121a0225a38,600572,256,bits-prefetch,1,128,7,download,30,0.008713,0.008467249999999999,0.009399000000000001,0.9701595317341903,False,False
3fb8ea1c5cea68ee8159f3d984c6b8c2e2f70bb5e3ede1cd79af7121a0225a38,600572,256,bits-prefetch,1,128,7,operator,30,0.5179100000000001,0.51719625,0.51838325,0.12689366878415168,False,False
3fb8ea1c5cea68ee8159f3d984c6b8c2e2f70bb5e3ede1cd79af7121a0225a38,600572,256,bits-prefetch,1,128,7,output_isolated,30,0.008523,0.008195499999999998,0.00883625,2.078141499472017,False,False
3fb8ea1c5cea68ee8159f3d984c6b8c2e2f70bb5e3ede1cd79af7121a0225a38,600572,256,bits-prefetch,1,128,7,selection_isolated,30,0.5059914999999999,0.505451,0.5067929999999999,0.08834634573900946,False,False
3fb8ea1c5cea68ee8159f3d984c6b8c2e2f70bb5e3ede1cd79af7121a0225a38,600572,256,bits-prefetch,1,128,7,transform_isolated,30,0.009493999999999999,0.00941425,0.0096275,1.003159890457131,False,False
3fb8ea1c5cea68ee8159f3d984c6b8c2e2f70bb5e3ede1cd79af7121a0225a38,600572,256,bits-prefetch,1,128,7,upload_shared,1,0.6989989999999999,0.6989989999999999,0.6989989999999999,0.999726752112664,False,False
3fb8ea1c5cea68ee8159f3d984c6b8c2e2f70bb5e3ede1cd79af7121a0225a38,600572,256,bits-prefetch,1,128,8,download,30,0.008608500000000002,0.0084255,0.009178249999999999,0.9819364581518265,False,False
3fb8ea1c5cea68ee8159f3d984c6b8c2e2f70bb5e3ede1cd79af7121a0225a38,600572,256,bits-prefetch,1,128,8,operator,30,0.49515050000000005,0.49460675000000004,0.49579375000000003,0.13272631250498584,False,False
3fb8ea1c5cea68ee8159f3d984c6b8c2e2f70bb5e3ede1cd79af7121a0225a38,600572,256,bits-prefetch,1,128,8,output_isolated,30,0.008243,0.0081295,0.00840775,2.148732257673177,False,False
3fb8ea1c5cea68ee8159f3d984c6b8c2e2f70bb5e3ede1cd79af7121a0225a38,600572,256,bits-prefetch,1,128,8,selection_isolated,30,0.48335700000000004,0.482912,0.48401325,0.09248340253684129,False,False
3fb8ea1c5cea68ee8159f3d984c6b8c2e2f70bb5e3ede1cd79af7121a0225a38,600572,256,bits-prefetch,1,128,8,transform_isolated,30,0.009479,0.00938725,0.00954175,1.0047473362169006,False,False
3fb8ea1c5cea68ee8159f3d984c6b8c2e2f70bb5e3ede1cd79af7121a0225a38,600572,256,bits-prefetch,1,128,8,upload_shared,1,0.698018,0.698018,0.698018,1.0011317759713931,False,False
3fb8ea1c5cea68ee8159f3d984c6b8c2e2f70bb5e3ede1cd79af7121a0225a38,600572,256,bits-prefetch,1,128,13,download,30,0.008643,0.008515499999999999,0.00925975,0.9780168922827723,False,False
3fb8ea1c5cea68ee8159f3d984c6b8c2e2f70bb5e3ede1cd79af7121a0225a38,600572,256,bits-prefetch,1,128,13,operator,30,0.440477,0.44008699999999995,0.440833,0.14920075282023806,False,False
3fb8ea1c5cea68ee8159f3d984c6b8c2e2f70bb5e3ede1cd79af7121a0225a38,600572,256,bits-prefetch,1,128,13,output_isolated,30,0.008292500000000001,0.008154749999999999,0.008591249999999998,2.1359059391015975,False,False
3fb8ea1c5cea68ee8159f3d984c6b8c2e2f70bb5e3ede1cd79af7121a0225a38,600572,256,bits-prefetch,1,128,13,selection_isolated,30,0.42892949999999996,0.428364,0.42924325,0.104218758560556,False,False
3fb8ea1c5cea68ee8159f3d984c6b8c2e2f70bb5e3ede1cd79af7121a0225a38,600572,256,bits-prefetch,1,128,13,transform_isolated,30,0.009468999999999998,0.009394,0.009585,1.0058084275002643,False,False
3fb8ea1c5cea68ee8159f3d984c6b8c2e2f70bb5e3ede1cd79af7121a0225a38,600572,256,bits-prefetch,1,128,13,upload_shared,1,0.7101069999999999,0.7101069999999999,0.7101069999999999,0.9840883134513532,False,False
3fb8ea1c5cea68ee8159f3d984c6b8c2e2f70bb5e3ede1cd79af7121a0225a38,600572,256,bits-prefetch,1,128,16,download,30,0.008623,0.008454749999999999,0.0087255,0.9802852835440102,False,False
3fb8ea1c5cea68ee8159f3d984c6b8c2e2f70bb5e3ede1cd79af7121a0225a38,600572,256,bits-prefetch,1,128,16,operator,30,0.41067750000000003,0.41041700000000003,0.41106550000000003,0.16002702850777067,False,False
3fb8ea1c5cea68ee8159f3d984c6b8c2e2f70bb5e3ede1cd79af7121a0225a38,600572,256,bits-prefetch,1,128,16,output_isolated,30,0.008227,0.008134749999999998,0.008590500000000001,2.1529111462258417,False,False
3fb8ea1c5cea68ee8159f3d984c6b8c2e2f70bb5e3ede1cd79af7121a0225a38,600572,256,bits-prefetch,1,128,16,selection_isolated,30,0.398874,0.39856400000000003,0.39919225,0.11207173192536991,False,False
3fb8ea1c5cea68ee8159f3d984c6b8c2e2f70bb5e3ede1cd79af7121a0225a38,600572,256,bits-prefetch,1,128,16,transform_isolated,30,0.0094795,0.00941425,0.0096265,1.0046943404187987,False,False
3fb8ea1c5cea68ee8159f3d984c6b8c2e2f70bb5e3ede1cd79af7121a0225a38,600572,256,bits-prefetch,1,128,16,upload_shared,1,0.691398,0.691398,0.691398,1.010717416017981,False,False
3fb8ea1c5cea68ee8159f3d984c6b8c2e2f70bb5e3ede1cd79af7121a0225a38,600572,256,bits-prefetch,1,256,4,download,30,0.008678,0.008398000000000001,0.0092965,0.9740723669048168,False,False
3fb8ea1c5cea68ee8159f3d984c6b8c2e2f70bb5e3ede1cd79af7121a0225a38,600572,256,bits-prefetch,1,256,4,operator,30,0.47932149999999996,0.47854775000000005,0.4797095,0.13710943489912306,False,False
3fb8ea1c5cea68ee8159f3d984c6b8c2e2f70bb5e3ede1cd79af7121a0225a38,600572,256,bits-prefetch,1,256,4,output_isolated,30,0.008358,0.0083155,0.0086305,2.119167264895908,False,False
3fb8ea1c5cea68ee8159f3d984c6b8c2e2f70bb5e3ede1cd79af7121a0225a38,600572,256,bits-prefetch,1,256,4,selection_isolated,30,0.467433,0.46652375,0.46778650000000005,0.09563402669473486,False,False
3fb8ea1c5cea68ee8159f3d984c6b8c2e2f70bb5e3ede1cd79af7121a0225a38,600572,256,bits-prefetch,1,256,4,transform_isolated,30,0.009489,0.00942975,0.00964725,1.0036884813995155,False,False
3fb8ea1c5cea68ee8159f3d984c6b8c2e2f70bb5e3ede1cd79af7121a0225a38,600572,256,bits-prefetch,1,256,4,upload_shared,1,0.689835,0.689835,0.689835,1.0130074583052469,False,False
3fb8ea1c5cea68ee8159f3d984c6b8c2e2f70bb5e3ede1cd79af7121a0225a38,600572,256,bits-prefetch,1,256,7,download,30,0.008608000000000001,0.008414749999999999,0.00912375,0.9819934944237918,False,False
3fb8ea1c5cea68ee8159f3d984c6b8c2e2f70bb5e3ede1cd79af7121a0225a38,600572,256,bits-prefetch,1,256,7,operator,30,0.344367,0.343806,0.34499525,0.1908414569340268,False,False
3fb8ea1c5cea68ee8159f3d984c6b8c2e2f70bb5e3ede1cd79af7121a0225a38,600572,256,bits-prefetch,1,256,7,output_isolated,30,0.008382,0.008308,0.008520499999999999,2.11309949892627,False,False
3fb8ea1c5cea68ee8159f3d984c6b8c2e2f70bb5e3ede1cd79af7121a0225a38,600572,256,bits-prefetch,1,256,7,selection_isolated,30,0.33233349999999995,0.332058,0.332854,0.13451096564144152,False,False
3fb8ea1c5cea68ee8159f3d984c6b8c2e2f70bb5e3ede1cd79af7121a0225a38,600572,256,bits-prefetch,1,256,7,transform_isolated,30,0.009549,0.009479,0.0096325,0.9973819248088807,False,False
3fb8ea1c5cea68ee8159f3d984c6b8c2e2f70bb5e3ede1cd79af7121a0225a38,600572,256,bits-prefetch,1,256,7,upload_shared,1,0.694051,0.694051,0.694051,1.00685396318138,False,False
3fb8ea1c5cea68ee8159f3d984c6b8c2e2f70bb5e3ede1cd79af7121a0225a38,600572,256,bits-prefetch,1,256,8,download,30,0.008563000000000001,0.008475499999999999,0.008703,0.9871540348008875,False,False
3fb8ea1c5cea68ee8159f3d984c6b8c2e2f70bb5e3ede1cd79af7121a0225a38,600572,256,bits-prefetch,1,256,8,operator,30,0.330701,0.32991424999999996,0.331227,0.1987278538619478,False,False
3fb8ea1c5cea68ee8159f3d984c6b8c2e2f70bb5e3ede1cd79af7121a0225a38,600572,256,bits-prefetch,1,256,8,output_isolated,30,0.0083275,0.008182749999999999,0.008498,2.1269288501951364,False,False
3fb8ea1c5cea68ee8159f3d984c6b8c2e2f70bb5e3ede1cd79af7121a0225a38,600572,256,bits-prefetch,1,256,8,selection_isolated,30,0.31853750000000003,0.31828225,0.31915875000000005,0.140336695051603,False,False
3fb8ea1c5cea68ee8159f3d984c6b8c2e2f70bb5e3ede1cd79af7121a0225a38,600572,256,bits-prefetch,1,256,8,transform_isolated,30,0.009479,0.00940725,0.0096125,1.0047473362169006,False,False
3fb8ea1c5cea68ee8159f3d984c6b8c2e2f70bb5e3ede1cd79af7121a0225a38,600572,256,bits-prefetch,1,256,8,upload_shared,1,0.694492,0.694492,0.694492,1.0062146144232043,False,False
3fb8ea1c5cea68ee8159f3d984c6b8c2e2f70bb5e3ede1cd79af7121a0225a38,600572,256,bits-prefetch,1,256,13,download,30,0.008588,0.00841275,0.009163000000000001,0.9842803912435958,False,False
3fb8ea1c5cea68ee8159f3d984c6b8c2e2f70bb5e3ede1cd79af7121a0225a38,600572,256,bits-prefetch,1,256,13,operator,30,0.308863,0.30825199999999997,0.309089,0.21277880484227635,False,False
3fb8ea1c5cea68ee8159f3d984c6b8c2e2f70bb5e3ede1cd79af7121a0225a38,600572,256,bits-prefetch,1,256,13,output_isolated,30,0.0082225,0.008085499999999999,0.00834975,2.154089388871997,False,False
3fb8ea1c5cea68ee8159f3d984c6b8c2e2f70bb5e3ede1cd79af7121a0225a38,600572,256,bits-prefetch,1,256,13,selection_isolated,30,0.296885,0.29672174999999995,0.29711774999999996,0.15057177021405593,False,False
3fb8ea1c5cea68ee8159f3d984c6b8c2e2f70bb5e3ede1cd79af7121a0225a38,600572,256,bits-prefetch,1,256,13,transform_isolated,30,0.0095745,0.009486499999999998,0.0098,0.9947255731369786,False,False
3fb8ea1c5cea68ee8159f3d984c6b8c2e2f70bb5e3ede1cd79af7121a0225a38,600572,256,bits-prefetch,1,256,13,upload_shared,1,0.6938909999999999,0.6938909999999999,0.6938909999999999,1.0070861273600609,False,False
3fb8ea1c5cea68ee8159f3d984c6b8c2e2f70bb5e3ede1cd79af7121a0225a38,600572,256,bits-prefetch,1,256,16,download,30,0.008663,0.008483,0.009048,0.9757589749509408,False,False
3fb8ea1c5cea68ee8159f3d984c6b8c2e2f70bb5e3ede1cd79af7121a0225a38,600572,256,bits-prefetch,1,256,16,operator,30,0.304767,0.30441125,0.30499275,0.21563850416875843,False,False
3fb8ea1c5cea68ee8159f3d984c6b8c2e2f70bb5e3ede1cd79af7121a0225a38,600572,256,bits-prefetch,1,256,16,output_isolated,30,0.008448,0.008197250000000001,0.00862525,2.0965909090909087,False,False
3fb8ea1c5cea68ee8159f3d984c6b8c2e2f70bb5e3ede1cd79af7121a0225a38,600572,256,bits-prefetch,1,256,16,selection_isolated,30,0.292653,0.2925355,0.2928365,0.1527491602683041,False,False
3fb8ea1c5cea68ee8159f3d984c6b8c2e2f70bb5e3ede1cd79af7121a0225a38,600572,256,bits-prefetch,1,256,16,transform_isolated,30,0.0094945,0.0094365,0.009621749999999998,1.0031070619832536,False,False
3fb8ea1c5cea68ee8159f3d984c6b8c2e2f70bb5e3ede1cd79af7121a0225a38,600572,256,bits-prefetch,1,256,16,upload_shared,1,0.694793,0.694793,0.694793,1.0057786995551192,False,False
3fb8ea1c5cea68ee8159f3d984c6b8c2e2f70bb5e3ede1cd79af7121a0225a38,600572,256,bits-prefetch,1,512,4,download,30,0.008648,0.008513,0.0092065,0.9774514338575394,False,False
3fb8ea1c5cea68ee8159f3d984c6b8c2e2f70bb5e3ede1cd79af7121a0225a38,600572,256,bits-prefetch,1,512,4,operator,30,0.281116,0.28026,0.28171375,0.23378071685709817,False,False
3fb8ea1c5cea68ee8159f3d984c6b8c2e2f70bb5e3ede1cd79af7121a0225a38,600572,256,bits-prefetch,1,512,4,output_isolated,30,0.008378,0.00824525,0.0085805,2.1141083790880875,False,False
3fb8ea1c5cea68ee8159f3d984c6b8c2e2f70bb5e3ede1cd79af7121a0225a38,600572,256,bits-prefetch,1,512,4,selection_isolated,30,0.26898249999999996,0.26809099999999997,0.26958625,0.16619110908702242,False,False
3fb8ea1c5cea68ee8159f3d984c6b8c2e2f70bb5e3ede1cd79af7121a0225a38,600572,256,bits-prefetch,1,512,4,transform_isolated,30,0.00956,0.00949725,0.00973475,0.996234309623431,False,False
3fb8ea1c5cea68ee8159f3d984c6b8c2e2f70bb5e3ede1cd79af7121a0225a38,600572,256,bits-prefetch,1,512,4,upload_shared,1,0.689815,0.689815,0.689815,1.0130368287149454,False,False
3fb8ea1c5cea68ee8159f3d984c6b8c2e2f70bb5e3ede1cd79af7121a0225a38,600572,256,bits-prefetch,1,512,7,download,30,0.008537999999999999,0.00847525,0.008702999999999999,0.9900445069102837,False,False
3fb8ea1c5cea68ee8159f3d984c6b8c2e2f70bb5e3ede1cd79af7121a0225a38,600572,256,bits-prefetch,1,512,7,operator,30,0.2324325,0.23211625000000002,0.23292775,0.2827466038527315,False,False
3fb8ea1c5cea68ee8159f3d984c6b8c2e2f70bb5e3ede1cd79af7121a0225a38,600572,256,bits-prefetch,1,512,7,output_isolated,30,0.0083275,0.00823225,0.008380499999999999,2.1269288501951364,False,False
3fb8ea1c5cea68ee8159f3d984c6b8c2e2f70bb5e3ede1cd79af7121a0225a38,600572,256,bits-prefetch,1,512,7,selection_isolated,30,0.2205195,0.2202265,0.22071174999999998,0.2027144991712751,False,False
3fb8ea1c5cea68ee8159f3d984c6b8c2e2f70bb5e3ede1cd79af7121a0225a38,600572,256,bits-prefetch,1,512,7,transform_isolated,30,0.0094895,0.009384,0.009697500000000001,1.0036355972390538,False,False
3fb8ea1c5cea68ee8159f3d984c6b8c2e2f70bb5e3ede1cd79af7121a0225a38,600572,256,bits-prefetch,1,512,7,upload_shared,1,0.693501,0.693501,0.693501,1.0076524763482677,False,False
3fb8ea1c5cea68ee8159f3d984c6b8c2e2f70bb5e3ede1cd79af7121a0225a38,600572,256,bits-prefetch,1,512,8,download,30,0.008659,0.008478,0.009429,0.9762097239866036,False,False
3fb8ea1c5cea68ee8159f3d984c6b8c2e2f70bb5e3ede1cd79af7121a0225a38,600572,256,bits-prefetch,1,512,8,operator,30,0.225657,0.22525375,0.22601300000000002,0.29123625679681997,False,False
3fb8ea1c5cea68ee8159f3d984c6b8c2e2f70bb5e3ede1cd79af7121a0225a38,600572,256,bits-prefetch,1,512,8,output_isolated,30,0.0083225,0.00819025,0.0084255,2.1282066686692698,False,False
3fb8ea1c5cea68ee8159f3d984c6b8c2e2f70bb5e3ede1cd79af7121a0225a38,600572,256,bits-prefetch,1,512,8,selection_isolated,30,0.2139245,0.21374400000000002,0.2141015,0.20896391016456742,False,False
3fb8ea1c5cea68ee8159f3d984c6b8c2e2f70bb5e3ede1cd79af7121a0225a38,600572,256,bits-prefetch,1,512,8,transform_isolated,30,0.009505,0.00941425,0.00955475,1.0019989479221465,False,False
3fb8ea1c5cea68ee8159f3d984c6b8c2e2f70bb5e3ede1cd79af7121a0225a38,600572,256,bits-prefetch,1,512,8,upload_shared,1,0.695273,0.695273,0.695273,1.0050843337796806,False,False
3fb8ea1c5cea68ee8159f3d984c6b8c2e2f70bb5e3ede1cd79af7121a0225a38,600572,256,bits-prefetch,1,512,13,download,30,0.008588000000000002,0.008453,0.00896125,0.9842803912435956,False,False
3fb8ea1c5cea68ee8159f3d984c6b8c2e2f70bb5e3ede1cd79af7121a0225a38,600572,256,bits-prefetch,1,512,13,operator,30,0.222617,0.22228124999999999,0.22326074999999998,0.2952133035662146,False,False
3fb8ea1c5cea68ee8159f3d984c6b8c2e2f70bb5e3ede1cd79af7121a0225a38,600572,256,bits-prefetch,1,512,13,output_isolated,30,0.008418,0.0082655,0.008673,2.104062722736992,False,False
3fb8ea1c5cea68ee8159f3d984c6b8c2e2f70bb5e3ede1cd79af7121a0225a38,600572,256,bits-prefetch,1,512,13,selection_isolated,30,0.210714,0.210554,0.21094975,0.21214774528507835,False,False
3fb8ea1c5cea68ee8159f3d984c6b8c2e2f70bb5e3ede1cd79af7121a0225a38,600572,256,bits-prefetch,1,512,13,transform_isolated,30,0.009469,0.0094365,0.00958175,1.0058084275002641,False,False
3fb8ea1c5cea68ee8159f3d984c6b8c2e2f70bb5e3ede1cd79af7121a0225a38,600572,256,bits-prefetch,1,512,13,upload_shared,1,0.6933109999999999,0.6933109999999999,0.6933109999999999,1.0079286207776887,False,False
3fb8ea1c5cea68ee8159f3d984c6b8c2e2f70bb5e3ede1cd79af7121a0225a38,600572,256,bits-prefetch,1,512,16,download,30,0.008493,0.00843225,0.008580500000000001,0.9952902390203697,True,False
3fb8ea1c5cea68ee8159f3d984c6b8c2e2f70bb5e3ede1cd79af7121a0225a38,600572,256,bits-prefetch,1,512,16,operator,30,0.2225125,0.222312,0.2228605,0.2953519465198584,True,False
3fb8ea1c5cea68ee8159f3d984c6b8c2e2f70bb5e3ede1cd79af7121a0225a38,600572,256,bits-prefetch,1,512,16,output_isolated,30,0.008272499999999999,0.008195499999999998,0.008465499999999999,2.1410698096101544,True,False
3fb8ea1c5cea68ee8159f3d984c6b8c2e2f70bb5e3ede1cd79af7121a0225a38,600572,256,bits-prefetch,1,512,16,selection_isolated,30,0.210243,0.210164,0.21054900000000001,0.2126230124189628,True,False
3fb8ea1c5cea68ee8159f3d984c6b8c2e2f70bb5e3ede1cd79af7121a0225a38,600572,256,bits-prefetch,1,512,16,transform_isolated,30,0.0095595,0.009424,0.009635,0.9962864166535907,True,False
3fb8ea1c5cea68ee8159f3d984c6b8c2e2f70bb5e3ede1cd79af7121a0225a38,600572,256,bits-prefetch,1,512,16,upload_shared,1,0.698808,0.698808,0.698808,1.0,True,False
3fb8ea1c5cea68ee8159f3d984c6b8c2e2f70bb5e3ede1cd79af7121a0225a38,600572,256,bits-sq,8,128,4,download,30,0.008628,0.0085155,0.00873625,0.9797171998145573,False,False
3fb8ea1c5cea68ee8159f3d984c6b8c2e2f70bb5e3ede1cd79af7121a0225a38,600572,256,bits-sq,8,128,4,operator,30,0.195421,0.195106,0.19573200000000002,0.3362970202792944,False,False
3fb8ea1c5cea68ee8159f3d984c6b8c2e2f70bb5e3ede1cd79af7121a0225a38,600572,256,bits-sq,8,128,4,output_isolated,30,0.008132,0.008042,0.00837475,2.1780619773733396,False,False
3fb8ea1c5cea68ee8159f3d984c6b8c2e2f70bb5e3ede1cd79af7121a0225a38,600572,256,bits-sq,8,128,4,selection_isolated,30,0.18382300000000001,0.18366300000000002,0.1840515,0.24318230036502503,False,False
3fb8ea1c5cea68ee8159f3d984c6b8c2e2f70bb5e3ede1cd79af7121a0225a38,600572,256,bits-sq,8,128,4,transform_isolated,30,0.009529000000000001,0.009429,0.0095825,0.9994752859691468,False,False
3fb8ea1c5cea68ee8159f3d984c6b8c2e2f70bb5e3ede1cd79af7121a0225a38,600572,256,bits-sq,8,128,4,upload_shared,1,0.6924089999999999,0.6924089999999999,0.6924089999999999,1.0092416476388957,False,False
3fb8ea1c5cea68ee8159f3d984c6b8c2e2f70bb5e3ede1cd79af7121a0225a38,600572,256,bits-sq,8,128,7,download,30,0.0085485,0.00843775,0.00861725,0.9888284494355735,False,False
3fb8ea1c5cea68ee8159f3d984c6b8c2e2f70bb5e3ede1cd79af7121a0225a38,600572,256,bits-sq,8,128,7,operator,30,0.164043,0.16375375,0.164334,0.40062361697847515,False,False
3fb8ea1c5cea68ee8159f3d984c6b8c2e2f70bb5e3ede1cd79af7121a0225a38,600572,256,bits-sq,8,128,7,output_isolated,30,0.008101999999999998,0.0079745,0.008219500000000001,2.1861268822512963,False,False
3fb8ea1c5cea68ee8159f3d984c6b8c2e2f70bb5e3ede1cd79af7121a0225a38,600572,256,bits-sq,8,128,7,selection_isolated,30,0.1524915,0.152371,0.15268099999999998,0.2931474869091064,False,False
3fb8ea1c5cea68ee8159f3d984c6b8c2e2f70bb5e3ede1cd79af7121a0225a38,600572,256,bits-sq,8,128,7,transform_isolated,30,0.0094645,0.0093875,0.009534,1.0062866501135823,False,False
3fb8ea1c5cea68ee8159f3d984c6b8c2e2f70bb5e3ede1cd79af7121a0225a38,600572,256,bits-sq,8,128,7,upload_shared,1,0.6989989999999999,0.6989989999999999,0.6989989999999999,0.999726752112664,False,False
3fb8ea1c5cea68ee8159f3d984c6b8c2e2f70bb5e3ede1cd79af7121a0225a38,600572,256,bits-sq,8,128,8,download,30,0.008503,0.00837775,0.0086605,0.9941197224508997,False,False
3fb8ea1c5cea68ee8159f3d984c6b8c2e2f70bb5e3ede1cd79af7121a0225a38,600572,256,bits-sq,8,128,8,operator,30,0.16052300000000003,0.16014224999999999,0.160953,0.40940862057150684,False,False
3fb8ea1c5cea68ee8159f3d984c6b8c2e2f70bb5e3ede1cd79af7121a0225a38,600572,256,bits-sq,8,128,8,output_isolated,30,0.008136999999999998,0.00800725,0.008310249999999998,2.176723608209414,False,False
3fb8ea1c5cea68ee8159f3d984c6b8c2e2f70bb5e3ede1cd79af7121a0225a38,600572,256,bits-sq,8,128,8,selection_isolated,30,0.149036,0.14888525,0.149176,0.2999443087576156,False,False
3fb8ea1c5cea68ee8159f3d984c6b8c2e2f70bb5e3ede1cd79af7121a0225a38,600572,256,bits-sq,8,128,8,transform_isolated,30,0.0095195,0.00939975,0.0095715,1.0004727139030412,False,False
3fb8ea1c5cea68ee8159f3d984c6b8c2e2f70bb5e3ede1cd79af7121a0225a38,600572,256,bits-sq,8,128,8,upload_shared,1,0.698018,0.698018,0.698018,1.0011317759713931,False,False
3fb8ea1c5cea68ee8159f3d984c6b8c2e2f70bb5e3ede1cd79af7121a0225a38,600572,256,bits-sq,8,128,13,download,30,0.008643,0.008558,0.00869075,0.9780168922827723,False,False
3fb8ea1c5cea68ee8159f3d984c6b8c2e2f70bb5e3ede1cd79af7121a0225a38,600572,256,bits-sq,8,128,13,operator,30,0.162862,0.16261599999999998,0.16340975,0.40352875440557034,False,False
3fb8ea1c5cea68ee8159f3d984c6b8c2e2f70bb5e3ede1cd79af7121a0225a38,600572,256,bits-sq,8,128,13,output_isolated,30,0.008153,0.008052,0.00830275,2.172451858211701,False,False
3fb8ea1c5cea68ee8159f3d984c6b8c2e2f70bb5e3ede1cd79af7121a0225a38,600572,256,bits-sq,8,128,13,selection_isolated,30,0.151504,0.151309,0.15165725,0.29505821628471857,False,False
3fb8ea1c5cea68ee8159f3d984c6b8c2e2f70bb5e3ede1cd79af7121a0225a38,600572,256,bits-sq,8,128,13,transform_isolated,30,0.009469499999999999,0.00940725,0.009586750000000002,1.0057553197106504,False,False
3fb8ea1c5cea68ee8159f3d984c6b8c2e2f70bb5e3ede1cd79af7121a0225a38,600572,256,bits-sq,8,128,13,upload_shared,1,0.7101069999999999,0.7101069999999999,0.7101069999999999,0.9840883134513532,False,False
3fb8ea1c5cea68ee8159f3d984c6b8c2e2f70bb5e3ede1cd79af7121a0225a38,600572,256,bits-sq,8,128,16,download,30,0.008618,0.008537999999999999,0.0087705,0.9808540264562543,False,False
3fb8ea1c5cea68ee8159f3d984c6b8c2e2f70bb5e3ede1cd79af7121a0225a38,600572,256,bits-sq,8,128,16,operator,30,0.162416,0.162091,0.16281849999999998,0.40463685843759234,False,False
3fb8ea1c5cea68ee8159f3d984c6b8c2e2f70bb5e3ede1cd79af7121a0225a38,600572,256,bits-sq,8,128,16,output_isolated,30,0.008107,0.008027,0.00833775,2.184778586406809,False,False
3fb8ea1c5cea68ee8159f3d984c6b8c2e2f70bb5e3ede1cd79af7121a0225a38,600572,256,bits-sq,8,128,16,selection_isolated,30,0.150974,0.1505605,0.15125149999999998,0.2960940294355319,False,False
3fb8ea1c5cea68ee8159f3d984c6b8c2e2f70bb5e3ede1cd79af7121a0225a38,600572,256,bits-sq,8,128,16,transform_isolated,30,0.00951,0.009426499999999999,0.00965475,1.0014721345951632,False,False
3fb8ea1c5cea68ee8159f3d984c6b8c2e2f70bb5e3ede1cd79af7121a0225a38,600572,256,bits-sq,8,128,16,upload_shared,1,0.691398,0.691398,0.691398,1.010717416017981,False,False
3fb8ea1c5cea68ee8159f3d984c6b8c2e2f70bb5e3ede1cd79af7121a0225a38,600572,256,bits-sq,8,256,4,download,30,0.0085175,0.00839775,0.008573,0.9924273554446726,False,False
3fb8ea1c5cea68ee8159f3d984c6b8c2e2f70bb5e3ede1cd79af7121a0225a38,600572,256,bits-sq,8,256,4,operator,30,0.145916,0.145766,0.14634875000000003,0.4503926916856274,False,False
3fb8ea1c5cea68ee8159f3d984c6b8c2e2f70bb5e3ede1cd79af7121a0225a38,600572,256,bits-sq,8,256,4,output_isolated,30,0.008101999999999998,0.008012,0.00831025,2.1861268822512963,False,False
3fb8ea1c5cea68ee8159f3d984c6b8c2e2f70bb5e3ede1cd79af7121a0225a38,600572,256,bits-sq,8,256,4,selection_isolated,30,0.134599,0.134399,0.13477899999999998,0.3321161375641721,False,False
3fb8ea1c5cea68ee8159f3d984c6b8c2e2f70bb5e3ede1cd79af7121a0225a38,600572,256,bits-sq,8,256,4,transform_isolated,30,0.009464,0.00936975,0.009529000000000001,1.0063398140321218,False,False
3fb8ea1c5cea68ee8159f3d984c6b8c2e2f70bb5e3ede1cd79af7121a0225a38,600572,256,bits-sq,8,256,4,upload_shared,1,0.689835,0.689835,0.689835,1.0130074583052469,False,False
3fb8ea1c5cea68ee8159f3d984c6b8c2e2f70bb5e3ede1cd79af7121a0225a38,600572,256,bits-sq,8,256,7,download,30,0.008497999999999999,0.0084155,0.0089505,0.994704636385032,False,False
3fb8ea1c5cea68ee8159f3d984c6b8c2e2f70bb5e3ede1cd79af7121a0225a38,600572,256,bits-sq,8,256,7,operator,30,0.1468425,0.14659699999999998,0.1472955,0.44755094744368973,False,False
3fb8ea1c5cea68ee8159f3d984c6b8c2e2f70bb5e3ede1cd79af7121a0225a38,600572,256,bits-sq,8,256,7,output_isolated,30,0.008147499999999998,0.008042,0.00833025,2.173918379871126,False,False
3fb8ea1c5cea68ee8159f3d984c6b8c2e2f70bb5e3ede1cd79af7121a0225a38,600572,256,bits-sq,8,256,7,selection_isolated,30,0.1354955,0.13532,0.13564575,0.3299187057872771,False,False
3fb8ea1c5cea68ee8159f3d984c6b8c2e2f70bb5e3ede1cd79af7121a0225a38,600572,256,bits-sq,8,256,7,transform_isolated,30,0.0096095,0.009514249999999998,0.009816749999999999,0.9911025547635154,False,False
3fb8ea1c5cea68ee8159f3d984c6b8c2e2f70bb5e3ede1cd79af7121a0225a38,600572,256,bits-sq,8,256,7,upload_shared,1,0.694051,0.694051,0.694051,1.00685396318138,False,False
3fb8ea1c5cea68ee8159f3d984c6b8c2e2f70bb5e3ede1cd79af7121a0225a38,600572,256,bits-sq,8,256,8,download,30,0.0085485,0.0084555,0.0086805,0.9888284494355735,False,False
3fb8ea1c5cea68ee8159f3d984c6b8c2e2f70bb5e3ede1cd79af7121a0225a38,600572,256,bits-sq,8,256,8,operator,30,0.14968199999999998,0.14940875,0.1498245,0.4390608089148996,False,False
3fb8ea1c5cea68ee8159f3d984c6b8c2e2f70bb5e3ede1cd79af7121a0225a38,600572,256,bits-sq,8,256,8,output_isolated,30,0.008092,0.0080145,0.008217,2.1888284725654965,False,False
3fb8ea1c5cea68ee8159f3d984c6b8c2e2f70bb5e3ede1cd79af7121a0225a38,600572,256,bits-sq,8,256,8,selection_isolated,30,0.1382845,0.13817925,0.13856749999999998,0.323264718750113,False,False
3fb8ea1c5cea68ee8159f3d984c6b8c2e2f70bb5e3ede1cd79af7121a0225a38,600572,256,bits-sq,8,256,8,transform_isolated,30,0.0094895,0.00942975,0.0095675,1.0036355972390538,False,False
3fb8ea1c5cea68ee8159f3d984c6b8c2e2f70bb5e3ede1cd79af7121a0225a38,600572,256,bits-sq,8,256,8,upload_shared,1,0.694492,0.694492,0.694492,1.0062146144232043,False,False
3fb8ea1c5cea68ee8159f3d984c6b8c2e2f70bb5e3ede1cd79af7121a0225a38,600572,256,bits-sq,8,256,13,download,30,0.008532999999999999,0.0084055,0.008613250000000001,0.990624633774757,False,False
3fb8ea1c5cea68ee8159f3d984c6b8c2e2f70bb5e3ede1cd79af7121a0225a38,600572,256,bits-sq,8,256,13,operator,30,0.16328199999999998,0.16297450000000002,0.16363974999999997,0.402490782817457,False,False
3fb8ea1c5cea68ee8159f3d984c6b8c2e2f70bb5e3ede1cd79af7121a0225a38,600572,256,bits-sq,8,256,13,output_isolated,30,0.0081775,0.00808775,0.008413,2.1659431366554567,False,False
3fb8ea1c5cea68ee8159f3d984c6b8c2e2f70bb5e3ede1cd79af7121a0225a38,600572,256,bits-sq,8,256,13,selection_isolated,30,0.15176499999999998,0.15167250000000002,0.15192275,0.2945507857542912,False,False
3fb8ea1c5cea68ee8159f3d984c6b8c2e2f70bb5e3ede1cd79af7121a0225a38,600572,256,bits-sq,8,256,13,transform_isolated,30,0.0095295,0.00943675,0.009674250000000002,0.9994228448502022,False,False
3fb8ea1c5cea68ee8159f3d984c6b8c2e2f70bb5e3ede1cd79af7121a0225a38,600572,256,bits-sq,8,256,13,upload_shared,1,0.6938909999999999,0.6938909999999999,0.6938909999999999,1.0070861273600609,False,False
3fb8ea1c5cea68ee8159f3d984c6b8c2e2f70bb5e3ede1cd79af7121a0225a38,600572,256,bits-sq,8,256,16,download,30,0.0084625,0.008392,0.008588,0.998877400295421,False,False
3fb8ea1c5cea68ee8159f3d984c6b8c2e2f70bb5e3ede1cd79af7121a0225a38,600572,256,bits-sq,8,256,16,operator,30,0.1734125,0.1731545,0.173959,0.3789778706840626,False,False
3fb8ea1c5cea68ee8159f3d984c6b8c2e2f70bb5e3ede1cd79af7121a0225a38,600572,256,bits-sq,8,256,16,output_isolated,30,0.0081025,0.007982000000000001,0.00819975,2.185991977784634,False,False
3fb8ea1c5cea68ee8159f3d984c6b8c2e2f70bb5e3ede1cd79af7121a0225a38,600572,256,bits-sq,8,256,16,selection_isolated,30,0.16199049999999998,0.16181,0.16209025000000002,0.2759575407199805,False,False
3fb8ea1c5cea68ee8159f3d984c6b8c2e2f70bb5e3ede1cd79af7121a0225a38,600572,256,bits-sq,8,256,16,transform_isolated,30,0.009495,0.009395,0.0096425,1.0030542390731965,False,False
3fb8ea1c5cea68ee8159f3d984c6b8c2e2f70bb5e3ede1cd79af7121a0225a38,600572,256,bits-sq,8,256,16,upload_shared,1,0.694793,0.694793,0.694793,1.0057786995551192,False,False
3fb8ea1c5cea68ee8159f3d984c6b8c2e2f70bb5e3ede1cd79af7121a0225a38,600572,256,bits-sq,8,512,4,download,30,0.008578,0.0084605,0.008748,0.9854278386570297,False,False
3fb8ea1c5cea68ee8159f3d984c6b8c2e2f70bb5e3ede1cd79af7121a0225a38,600572,256,bits-sq,8,512,4,operator,30,0.110262,0.1099645,0.11058525,0.596030364042009,False,False
3fb8ea1c5cea68ee8159f3d984c6b8c2e2f70bb5e3ede1cd79af7121a0225a38,600572,256,bits-sq,8,512,4,output_isolated,30,0.008173,0.0080595,0.008282999999999999,2.1671356906888533,False,False
3fb8ea1c5cea68ee8159f3d984c6b8c2e2f70bb5e3ede1cd79af7121a0225a38,600572,256,bits-sq,8,512,4,selection_isolated,30,0.0987345,0.09860249999999998,0.09898475000000001,0.45275460958428915,False,False
3fb8ea1c5cea68ee8159f3d984c6b8c2e2f70bb5e3ede1cd79af7121a0225a38,600572,256,bits-sq,8,512,4,transform_isolated,30,0.0095545,0.009506750000000001,0.0096725,0.9968077869066932,False,False
3fb8ea1c5cea68ee8159f3d984c6b8c2e2f70bb5e3ede1cd79af7121a0225a38,600572,256,bits-sq,8,512,4,upload_shared,1,0.689815,0.689815,0.689815,1.0130368287149454,False,False
3fb8ea1c5cea68ee8159f3d984c6b8c2e2f70bb5e3ede1cd79af7121a0225a38,600572,256,bits-sq,8,512,7,download,30,0.008578,0.0085105,0.0087005,0.9854278386570297,False,False
3fb8ea1c5cea68ee8159f3d984c6b8c2e2f70bb5e3ede1cd79af7121a0225a38,600572,256,bits-sq,8,512,7,operator,30,0.109576,0.1094185,0.10984674999999999,0.5997618091552894,False,False
3fb8ea1c5cea68ee8159f3d984c6b8c2e2f70bb5e3ede1cd79af7121a0225a38,600572,256,bits-sq,8,512,7,output_isolated,30,0.008082,0.007977,0.008182,2.191536748329621,False,False
3fb8ea1c5cea68ee8159f3d984c6b8c2e2f70bb5e3ede1cd79af7121a0225a38,600572,256,bits-sq,8,512,7,selection_isolated,30,0.09840399999999999,0.09830149999999999,0.09852925,0.45427523271411735,False,False
3fb8ea1c5cea68ee8159f3d984c6b8c2e2f70bb5e3ede1cd79af7121a0225a38,600572,256,bits-sq,8,512,7,transform_isolated,30,0.0094845,0.0094365,0.00956175,1.004164689756972,False,False
3fb8ea1c5cea68ee8159f3d984c6b8c2e2f70bb5e3ede1cd79af7121a0225a38,600572,256,bits-sq,8,512,7,upload_shared,1,0.693501,0.693501,0.693501,1.0076524763482677,False,False
3fb8ea1c5cea68ee8159f3d984c6b8c2e2f70bb5e3ede1cd79af7121a0225a38,600572,256,bits-sq,8,512,8,download,30,0.008477499999999999,0.008423,0.008594750000000002,0.9971099970510175,False,False
3fb8ea1c5cea68ee8159f3d984c6b8c2e2f70bb5e3ede1cd79af7121a0225a38,600572,256,bits-sq,8,512,8,operator,30,0.109266,0.10894525,0.109621,0.6014634012410082,False,False
3fb8ea1c5cea68ee8159f3d984c6b8c2e2f70bb5e3ede1cd79af7121a0225a38,600572,256,bits-sq,8,512,8,output_isolated,30,0.0081475,0.008032250000000001,0.00831225,2.1739183798711257,False,False
3fb8ea1c5cea68ee8159f3d984c6b8c2e2f70bb5e3ede1cd79af7121a0225a38,600572,256,bits-sq,8,512,8,selection_isolated,30,0.09780849999999999,0.0976355,0.09795375,0.45704105471405865,False,False
3fb8ea1c5cea68ee8159f3d984c6b8c2e2f70bb5e3ede1cd79af7121a0225a38,600572,256,bits-sq,8,512,8,transform_isolated,30,0.009549499999999999,0.009493999999999999,0.009674000000000002,0.9973297031258184,False,False
3fb8ea1c5cea68ee8159f3d984c6b8c2e2f70bb5e3ede1cd79af7121a0225a38,600572,256,bits-sq,8,512,8,upload_shared,1,0.695273,0.695273,0.695273,1.0050843337796806,False,False
3fb8ea1c5cea68ee8159f3d984c6b8c2e2f70bb5e3ede1cd79af7121a0225a38,600572,256,bits-sq,8,512,13,download,30,0.008578,0.0084955,0.00872325,0.9854278386570297,False,False
3fb8ea1c5cea68ee8159f3d984c6b8c2e2f70bb5e3ede1cd79af7121a0225a38,600572,256,bits-sq,8,512,13,operator,30,0.12493950000000001,0.1247065,0.12545250000000002,0.5260105891251365,False,False
3fb8ea1c5cea68ee8159f3d984c6b8c2e2f70bb5e3ede1cd79af7121a0225a38,600572,256,bits-sq,8,512,13,output_isolated,30,0.008147499999999998,0.008052,0.008298,2.173918379871126,False,False
3fb8ea1c5cea68ee8159f3d984c6b8c2e2f70bb5e3ede1cd79af7121a0225a38,600572,256,bits-sq,8,512,13,selection_isolated,30,0.113562,0.113457,0.11383525,0.3936395977527694,False,False
3fb8ea1c5cea68ee8159f3d984c6b8c2e2f70bb5e3ede1cd79af7121a0225a38,600572,256,bits-sq,8,512,13,transform_isolated,30,0.0095545,0.0094115,0.009615,0.9968077869066932,False,False
3fb8ea1c5cea68ee8159f3d984c6b8c2e2f70bb5e3ede1cd79af7121a0225a38,600572,256,bits-sq,8,512,13,upload_shared,1,0.6933109999999999,0.6933109999999999,0.6933109999999999,1.0079286207776887,False,False
3fb8ea1c5cea68ee8159f3d984c6b8c2e2f70bb5e3ede1cd79af7121a0225a38,600572,256,bits-sq,8,512,16,download,30,0.008493,0.00842525,0.008680499999999999,0.9952902390203697,False,False
3fb8ea1c5cea68ee8159f3d984c6b8c2e2f70bb5e3ede1cd79af7121a0225a38,600572,256,bits-sq,8,512,16,operator,30,0.132731,0.13232349999999998,0.13289875,0.49513301338798027,False,False
3fb8ea1c5cea68ee8159f3d984c6b8c2e2f70bb5e3ede1cd79af7121a0225a38,600572,256,bits-sq,8,512,16,output_isolated,30,0.008102,0.008052,0.0082495,2.186126882251296,False,False
3fb8ea1c5cea68ee8159f3d984c6b8c2e2f70bb5e3ede1cd79af7121a0225a38,600572,256,bits-sq,8,512,16,selection_isolated,30,0.120308,0.1202095,0.1204295,0.3715671443295541,False,False
3fb8ea1c5cea68ee8159f3d984c6b8c2e2f70bb5e3ede1cd79af7121a0225a38,600572,256,bits-sq,8,512,16,transform_isolated,30,0.009505,0.009404000000000001,0.00960975,1.0019989479221465,False,False
3fb8ea1c5cea68ee8159f3d984c6b8c2e2f70bb5e3ede1cd79af7121a0225a38,600572,256,bits-sq,8,512,16,upload_shared,1,0.698808,0.698808,0.698808,1.0,False,False
3fb8ea1c5cea68ee8159f3d984c6b8c2e2f70bb5e3ede1cd79af7121a0225a38,600572,256,bits-sq,32,128,4,download,30,0.0086085,0.008508,0.00875075,0.9819364581518267,False,False
3fb8ea1c5cea68ee8159f3d984c6b8c2e2f70bb5e3ede1cd79af7121a0225a38,600572,256,bits-sq,32,128,4,operator,30,0.123968,0.123732,0.12437125,0.5301327762003097,False,False
3fb8ea1c5cea68ee8159f3d984c6b8c2e2f70bb5e3ede1cd79af7121a0225a38,600572,256,bits-sq,32,128,4,output_isolated,30,0.008136999999999998,0.00800525,0.00826775,2.176723608209414,False,False
3fb8ea1c5cea68ee8159f3d984c6b8c2e2f70bb5e3ede1cd79af7121a0225a38,600572,256,bits-sq,32,128,4,selection_isolated,30,0.11244,0.11225524999999999,0.11262825,0.39756759160441124,False,False
3fb8ea1c5cea68ee8159f3d984c6b8c2e2f70bb5e3ede1cd79af7121a0225a38,600572,256,bits-sq,32,128,4,transform_isolated,30,0.009555000000000001,0.00949425,0.009677499999999999,0.996755625327054,False,False
3fb8ea1c5cea68ee8159f3d984c6b8c2e2f70bb5e3ede1cd79af7121a0225a38,600572,256,bits-sq,32,128,4,upload_shared,1,0.702595,0.702595,0.702595,0.9946099815683288,False,False
3fb8ea1c5cea68ee8159f3d984c6b8c2e2f70bb5e3ede1cd79af7121a0225a38,600572,256,bits-sq,32,128,7,download,30,0.008653000000000001,0.00849725,0.00895075,0.9768866289148271,False,False
3fb8ea1c5cea68ee8159f3d984c6b8c2e2f70bb5e3ede1cd79af7121a0225a38,600572,256,bits-sq,32,128,7,operator,30,0.116055,0.11570749999999999,0.11653625000000001,0.5662789194778337,False,False
3fb8ea1c5cea68ee8159f3d984c6b8c2e2f70bb5e3ede1cd79af7121a0225a38,600572,256,bits-sq,32,128,7,output_isolated,30,0.008147499999999998,0.008067,0.00831525,2.173918379871126,False,False
3fb8ea1c5cea68ee8159f3d984c6b8c2e2f70bb5e3ede1cd79af7121a0225a38,600572,256,bits-sq,32,128,7,selection_isolated,30,0.10453299999999999,0.10431750000000001,0.10474649999999999,0.4276400753828935,False,False
3fb8ea1c5cea68ee8159f3d984c6b8c2e2f70bb5e3ede1cd79af7121a0225a38,600572,256,bits-sq,32,128,7,transform_isolated,30,0.009519,0.009464,0.00962,1.000525265258956,False,False
3fb8ea1c5cea68ee8159f3d984c6b8c2e2f70bb5e3ede1cd79af7121a0225a38,600572,256,bits-sq,32,128,7,upload_shared,1,0.6978369999999999,0.6978369999999999,0.6978369999999999,1.0013914424142027,False,False
3fb8ea1c5cea68ee8159f3d984c6b8c2e2f70bb5e3ede1cd79af7121a0225a38,600572,256,bits-sq,32,128,8,download,30,0.008558,0.00844775,0.00898875,0.9877307782192102,False,False
3fb8ea1c5cea68ee8159f3d984c6b8c2e2f70bb5e3ede1cd79af7121a0225a38,600572,256,bits-sq,32,128,8,operator,30,0.118144,0.11794325,0.11835399999999999,0.5562660820693391,False,False
3fb8ea1c5cea68ee8159f3d984c6b8c2e2f70bb5e3ede1cd79af7121a0225a38,600572,256,bits-sq,32,128,8,output_isolated,30,0.008152,0.0080745,0.0082145,2.172718351324828,False,False
3fb8ea1c5cea68ee8159f3d984c6b8c2e2f70bb5e3ede1cd79af7121a0225a38,600572,256,bits-sq,32,128,8,selection_isolated,30,0.1064965,0.10634350000000001,0.1067245,0.4197555788218392,False,False
3fb8ea1c5cea68ee8159f3d984c6b8c2e2f70bb5e3ede1cd79af7121a0225a38,600572,256,bits-sq,32,128,8,transform_isolated,30,0.009585,0.00948725,0.0096925,0.9936358894105375,False,False
3fb8ea1c5cea68ee8159f3d984c6b8c2e2f70bb5e3ede1cd79af7121a0225a38,600572,256,bits-sq,32,128,8,upload_shared,1,0.6989700000000001,0.6989700000000001,0.6989700000000001,0.9997682303961541,False,False
3fb8ea1c5cea68ee8159f3d984c6b8c2e2f70bb5e3ede1cd79af7121a0225a38,600572,256,bits-sq,32,128,13,download,30,0.008593,0.008494749999999999,0.008961249999999999,0.9837076690329338,False,False
3fb8ea1c5cea68ee8159f3d984c6b8c2e2f70bb5e3ede1cd79af7121a0225a38,600572,256,bits-sq,32,128,13,operator,30,0.124148,0.12393024999999999,0.12456899999999999,0.5293641460192674,False,False
3fb8ea1c5cea68ee8159f3d984c6b8c2e2f70bb5e3ede1cd79af7121a0225a38,600572,256,bits-sq,32,128,13,output_isolated,30,0.008062,0.00798775,0.008144499999999999,2.196973455718184,False,False
3fb8ea1c5cea68ee8159f3d984c6b8c2e2f70bb5e3ede1cd79af7121a0225a38,600572,256,bits-sq,32,128,13,selection_isolated,30,0.112601,0.11251,0.11277600000000002,0.39699913855116736,False,False
3fb8ea1c5cea68ee8159f3d984c6b8c2e2f70bb5e3ede1cd79af7121a0225a38,600572,256,bits-sq,32,128,13,transform_isolated,30,0.009499,0.00942725,0.00964175,1.0026318559848406,False,False
3fb8ea1c5cea68ee8159f3d984c6b8c2e2f70bb5e3ede1cd79af7121a0225a38,600572,256,bits-sq,32,128,13,upload_shared,1,0.6948730000000001,0.6948730000000001,0.6948730000000001,1.0056629053078763,False,False
3fb8ea1c5cea68ee8159f3d984c6b8c2e2f70bb5e3ede1cd79af7121a0225a38,600572,256,bits-sq,32,128,16,download,30,0.0084875,0.00839475,0.008523,0.9959351988217968,False,False
3fb8ea1c5cea68ee8159f3d984c6b8c2e2f70bb5e3ede1cd79af7121a0225a38,600572,256,bits-sq,32,128,16,operator,30,0.13003199999999998,0.129876,0.13063524999999998,0.5054102067183464,False,False
3fb8ea1c5cea68ee8159f3d984c6b8c2e2f70bb5e3ede1cd79af7121a0225a38,600572,256,bits-sq,32,128,16,output_isolated,30,0.008102,0.007951999999999999,0.008282,2.186126882251296,False,False
3fb8ea1c5cea68ee8159f3d984c6b8c2e2f70bb5e3ede1cd79af7121a0225a38,600572,256,bits-sq,32,128,16,selection_isolated,30,0.1185895,0.11839175,0.1186575,0.37695158508974236,False,False
3fb8ea1c5cea68ee8159f3d984c6b8c2e2f70bb5e3ede1cd79af7121a0225a38,600572,256,bits-sq,32,128,16,transform_isolated,30,0.009534500000000001,0.009474,0.0096325,0.9988987361686507,False,False
3fb8ea1c5cea68ee8159f3d984c6b8c2e2f70bb5e3ede1cd79af7121a0225a38,600572,256,bits-sq,32,128,16,upload_shared,1,0.700151,0.700151,0.700151,0.998081842345437,False,False
3fb8ea1c5cea68ee8159f3d984c6b8c2e2f70bb5e3ede1cd79af7121a0225a38,600572,256,bits-sq,32,256,4,download,30,0.008542999999999999,0.0084655,0.0086105,0.9894650591127241,False,False
3fb8ea1c5cea68ee8159f3d984c6b8c2e2f70bb5e3ede1cd79af7121a0225a38,600572,256,bits-sq,32,256,4,operator,30,0.1111385,0.11086574999999999,0.1115565,0.5913297372197753,False,False
3fb8ea1c5cea68ee8159f3d984c6b8c2e2f70bb5e3ede1cd79af7121a0225a38,600572,256,bits-sq,32,256,4,output_isolated,30,0.008132499999999999,0.008047,0.00832225,2.177928066400246,False,False
3fb8ea1c5cea68ee8159f3d984c6b8c2e2f70bb5e3ede1cd79af7121a0225a38,600572,256,bits-sq,32,256,4,selection_isolated,30,0.09959099999999999,0.09948275,0.0997635,0.4488608408390317,False,False
3fb8ea1c5cea68ee8159f3d984c6b8c2e2f70bb5e3ede1cd79af7121a0225a38,600572,256,bits-sq,32,256,4,transform_isolated,30,0.0095295,0.009474,0.00960925,0.9994228448502022,False,False
3fb8ea1c5cea68ee8159f3d984c6b8c2e2f70bb5e3ede1cd79af7121a0225a38,600572,256,bits-sq,32,256,4,upload_shared,1,0.690897,0.690897,0.690897,1.0114503319597568,False,False
3fb8ea1c5cea68ee8159f3d984c6b8c2e2f70bb5e3ede1cd79af7121a0225a38,600572,256,bits-sq,32,256,7,download,30,0.008548,0.00845225,0.008728,0.988886289190454,False,False
3fb8ea1c5cea68ee8159f3d984c6b8c2e2f70bb5e3ede1cd79af7121a0225a38,600572,256,bits-sq,32,256,7,operator,30,0.12036749999999999,0.12020449999999999,0.12090549999999999,0.5459904043865662,False,False
3fb8ea1c5cea68ee8159f3d984c6b8c2e2f70bb5e3ede1cd79af7121a0225a38,600572,256,bits-sq,32,256,7,output_isolated,30,0.008107,0.0079745,0.0082605,2.184778586406809,False,False
3fb8ea1c5cea68ee8159f3d984c6b8c2e2f70bb5e3ede1cd79af7121a0225a38,600572,256,bits-sq,32,256,7,selection_isolated,30,0.10894050000000001,0.10877999999999999,0.10905,0.41033867110945876,False,False
3fb8ea1c5cea68ee8159f3d984c6b8c2e2f70bb5e3ede1cd79af7121a0225a38,600572,256,bits-sq,32,256,7,transform_isolated,30,0.009499,0.00941225,0.0096025,1.0026318559848406,False,False
3fb8ea1c5cea68ee8159f3d984c6b8c2e2f70bb5e3ede1cd79af7121a0225a38,600572,256,bits-sq,32,256,7,upload_shared,1,0.701543,0.701543,0.701543,0.9961014506594749,False,False
3fb8ea1c5cea68ee8159f3d984c6b8c2e2f70bb5e3ede1cd79af7121a0225a38,600572,256,bits-sq,32,256,8,download,30,0.0085585,0.008453,0.008969000000000001,0.9876730735526086,False,False
3fb8ea1c5cea68ee8159f3d984c6b8c2e2f70bb5e3ede1cd79af7121a0225a38,600572,256,bits-sq,32,256,8,operator,30,0.12739799999999998,0.127248,0.127558,0.5158597466208261,False,False
3fb8ea1c5cea68ee8159f3d984c6b8c2e2f70bb5e3ede1cd79af7121a0225a38,600572,256,bits-sq,32,256,8,output_isolated,30,0.008197,0.008002,0.008343,2.1607905331218737,False,False
3fb8ea1c5cea68ee8159f3d984c6b8c2e2f70bb5e3ede1cd79af7121a0225a38,600572,256,bits-sq,32,256,8,selection_isolated,30,0.11585999999999999,0.11570074999999999,0.11609575,0.38583203866735716,False,False
3fb8ea1c5cea68ee8159f3d984c6b8c2e2f70bb5e3ede1cd79af7121a0225a38,600572,256,bits-sq,32,256,8,transform_isolated,30,0.009534500000000001,0.0094365,0.009749,0.9988987361686507,False,False
3fb8ea1c5cea68ee8159f3d984c6b8c2e2f70bb5e3ede1cd79af7121a0225a38,600572,256,bits-sq,32,256,8,upload_shared,1,0.698147,0.698147,0.698147,1.0009467920079869,False,False
3fb8ea1c5cea68ee8159f3d984c6b8c2e2f70bb5e3ede1cd79af7121a0225a38,600572,256,bits-sq,32,256,13,download,30,0.0085175,0.00843775,0.008795500000000001,0.9924273554446726,False,False
3fb8ea1c5cea68ee8159f3d984c6b8c2e2f70bb5e3ede1cd79af7121a0225a38,600572,256,bits-sq,32,256,13,operator,30,0.157008,0.1567745,0.15733575,0.41857421277896667,False,False
3fb8ea1c5cea68ee8159f3d984c6b8c2e2f70bb5e3ede1cd79af7121a0225a38,600572,256,bits-sq,32,256,13,output_isolated,30,0.008161999999999999,0.008082,0.00833775,2.170056358735604,False,False
3fb8ea1c5cea68ee8159f3d984c6b8c2e2f70bb5e3ede1cd79af7121a0225a38,600572,256,bits-sq,32,256,13,selection_isolated,30,0.14543,0.14534,0.14562524999999998,0.3073815581379358,False,False
3fb8ea1c5cea68ee8159f3d984c6b8c2e2f70bb5e3ede1cd79af7121a0225a38,600572,256,bits-sq,32,256,13,transform_isolated,30,0.009585,0.009446499999999998,0.00975475,0.9936358894105375,False,False
3fb8ea1c5cea68ee8159f3d984c6b8c2e2f70bb5e3ede1cd79af7121a0225a38,600572,256,bits-sq,32,256,13,upload_shared,1,0.6965749999999999,0.6965749999999999,0.6965749999999999,1.0032056849585473,False,False
3fb8ea1c5cea68ee8159f3d984c6b8c2e2f70bb5e3ede1cd79af7121a0225a38,600572,256,bits-sq,32,256,16,download,30,0.008493,0.008403,0.008650499999999998,0.9952902390203697,False,False
3fb8ea1c5cea68ee8159f3d984c6b8c2e2f70bb5e3ede1cd79af7121a0225a38,600572,256,bits-sq,32,256,16,operator,30,0.170679,0.1702505,0.17099399999999998,0.3850473696236795,False,False
3fb8ea1c5cea68ee8159f3d984c6b8c2e2f70bb5e3ede1cd79af7121a0225a38,600572,256,bits-sq,32,256,16,output_isolated,30,0.008157000000000001,0.00803775,0.00832525,2.1713865391688114,False,False
3fb8ea1c5cea68ee8159f3d984c6b8c2e2f70bb5e3ede1cd79af7121a0225a38,600572,256,bits-sq,32,256,16,selection_isolated,30,0.15898600000000002,0.1589025,0.1591835,0.2811725560741197,False,False
3fb8ea1c5cea68ee8159f3d984c6b8c2e2f70bb5e3ede1cd79af7121a0225a38,600572,256,bits-sq,32,256,16,transform_isolated,30,0.009600000000000001,0.009524250000000001,0.009684000000000002,0.9920833333333333,False,False
3fb8ea1c5cea68ee8159f3d984c6b8c2e2f70bb5e3ede1cd79af7121a0225a38,600572,256,bits-sq,32,256,16,upload_shared,1,0.6976169999999999,0.6976169999999999,0.6976169999999999,1.0017072405058938,False,False
3fb8ea1c5cea68ee8159f3d984c6b8c2e2f70bb5e3ede1cd79af7121a0225a38,600572,256,bits-sq,32,512,4,download,30,0.008478,0.008418,0.008560499999999999,0.9970511913187073,True,True
3fb8ea1c5cea68ee8159f3d984c6b8c2e2f70bb5e3ede1cd79af7121a0225a38,600572,256,bits-sq,32,512,4,operator,30,0.091974,0.09186899999999999,0.09246,0.7145443277447975,True,True
3fb8ea1c5cea68ee8159f3d984c6b8c2e2f70bb5e3ede1cd79af7121a0225a38,600572,256,bits-sq,32,512,4,output_isolated,30,0.0080575,0.007994500000000002,0.008133,2.1982004343779087,True,True
3fb8ea1c5cea68ee8159f3d984c6b8c2e2f70bb5e3ede1cd79af7121a0225a38,600572,256,bits-sq,32,512,4,selection_isolated,30,0.080672,0.0805145,0.08078550000000001,0.5541265866719556,True,True
3fb8ea1c5cea68ee8159f3d984c6b8c2e2f70bb5e3ede1cd79af7121a0225a38,600572,256,bits-sq,32,512,4,transform_isolated,30,0.009469,0.00940725,0.009587500000000002,1.0058084275002641,True,True
3fb8ea1c5cea68ee8159f3d984c6b8c2e2f70bb5e3ede1cd79af7121a0225a38,600572,256,bits-sq,32,512,4,upload_shared,1,0.6962440000000001,0.6962440000000001,0.6962440000000001,1.0036826170135755,True,True
3fb8ea1c5cea68ee8159f3d984c6b8c2e2f70bb5e3ede1cd79af7121a0225a38,600572,256,bits-sq,32,512,7,download,30,0.008532999999999999,0.00843525,0.00870075,0.990624633774757,False,False
3fb8ea1c5cea68ee8159f3d984c6b8c2e2f70bb5e3ede1cd79af7121a0225a38,600572,256,bits-sq,32,512,7,operator,30,0.09748300000000001,0.0972995,0.09782049999999999,0.6741637003374946,False,False
3fb8ea1c5cea68ee8159f3d984c6b8c2e2f70bb5e3ede1cd79af7121a0225a38,600572,256,bits-sq,32,512,7,output_isolated,30,0.008057,0.00798525,0.00817275,2.198336849944148,False,False
3fb8ea1c5cea68ee8159f3d984c6b8c2e2f70bb5e3ede1cd79af7121a0225a38,600572,256,bits-sq,32,512,7,selection_isolated,30,0.08610500000000001,0.0859825,0.08619775,0.5191626502525984,False,False
3fb8ea1c5cea68ee8159f3d984c6b8c2e2f70bb5e3ede1cd79af7121a0225a38,600572,256,bits-sq,32,512,7,transform_isolated,30,0.009549499999999999,0.009506500000000001,0.00967475,0.9973297031258184,False,False
3fb8ea1c5cea68ee8159f3d984c6b8c2e2f70bb5e3ede1cd79af7121a0225a38,600572,256,bits-sq,32,512,7,upload_shared,1,0.6823140000000001,0.6823140000000001,0.6823140000000001,1.0241736209428502,False,False
3fb8ea1c5cea68ee8159f3d984c6b8c2e2f70bb5e3ede1cd79af7121a0225a38,600572,256,bits-sq,32,512,8,download,30,0.008493,0.008443,0.008618,0.9952902390203697,False,False
3fb8ea1c5cea68ee8159f3d984c6b8c2e2f70bb5e3ede1cd79af7121a0225a38,600572,256,bits-sq,32,512,8,operator,30,0.1020845,0.10183650000000001,0.102821,0.6437754997085748,False,False
3fb8ea1c5cea68ee8159f3d984c6b8c2e2f70bb5e3ede1cd79af7121a0225a38,600572,256,bits-sq,32,512,8,output_isolated,30,0.008131999999999999,0.007994750000000002,0.008372999999999998,2.17806197737334,False,False
3fb8ea1c5cea68ee8159f3d984c6b8c2e2f70bb5e3ede1cd79af7121a0225a38,600572,256,bits-sq,32,512,8,selection_isolated,30,0.090562,0.090392,0.090692,0.4936121110399505,False,False
3fb8ea1c5cea68ee8159f3d984c6b8c2e2f70bb5e3ede1cd79af7121a0225a38,600572,256,bits-sq,32,512,8,transform_isolated,30,0.009569500000000002,0.00948975,0.009679749999999999,0.9952453106222895,False,False
3fb8ea1c5cea68ee8159f3d984c6b8c2e2f70bb5e3ede1cd79af7121a0225a38,600572,256,bits-sq,32,512,8,upload_shared,1,0.701753,0.701753,0.701753,0.9958033667116493,False,False
3fb8ea1c5cea68ee8159f3d984c6b8c2e2f70bb5e3ede1cd79af7121a0225a38,600572,256,bits-sq,32,512,13,download,30,0.008487499999999999,0.008423,0.008638,0.995935198821797,False,False
3fb8ea1c5cea68ee8159f3d984c6b8c2e2f70bb5e3ede1cd79af7121a0225a38,600572,256,bits-sq,32,512,13,operator,30,0.129556,0.12938349999999998,0.13003699999999999,0.5072671277285498,False,False
3fb8ea1c5cea68ee8159f3d984c6b8c2e2f70bb5e3ede1cd79af7121a0225a38,600572,256,bits-sq,32,512,13,output_isolated,30,0.008192000000000001,0.00805475,0.00830275,2.1621093749999996,False,False
3fb8ea1c5cea68ee8159f3d984c6b8c2e2f70bb5e3ede1cd79af7121a0225a38,600572,256,bits-sq,32,512,13,selection_isolated,30,0.11805399999999999,0.11793150000000001,0.1182065,0.37866146000982603,False,False
3fb8ea1c5cea68ee8159f3d984c6b8c2e2f70bb5e3ede1cd79af7121a0225a38,600572,256,bits-sq,32,512,13,transform_isolated,30,0.009544,0.009464,0.00960175,0.9979044425817268,False,False
3fb8ea1c5cea68ee8159f3d984c6b8c2e2f70bb5e3ede1cd79af7121a0225a38,600572,256,bits-sq,32,512,13,upload_shared,1,0.688533,0.688533,0.688533,1.0149230320115377,False,False
3fb8ea1c5cea68ee8159f3d984c6b8c2e2f70bb5e3ede1cd79af7121a0225a38,600572,256,bits-sq,32,512,16,download,30,0.008542999999999999,0.00845225,0.008693,0.9894650591127241,False,False
3fb8ea1c5cea68ee8159f3d984c6b8c2e2f70bb5e3ede1cd79af7121a0225a38,600572,256,bits-sq,32,512,16,operator,30,0.1420255,0.1418,0.14240024999999998,0.4627302843503455,False,False
3fb8ea1c5cea68ee8159f3d984c6b8c2e2f70bb5e3ede1cd79af7121a0225a38,600572,256,bits-sq,32,512,16,output_isolated,30,0.008147,0.0080955,0.00827725,2.174051798207929,False,False
3fb8ea1c5cea68ee8159f3d984c6b8c2e2f70bb5e3ede1cd79af7121a0225a38,600572,256,bits-sq,32,512,16,selection_isolated,30,0.130443,0.1303495,0.130553,0.3426975767193333,False,False
3fb8ea1c5cea68ee8159f3d984c6b8c2e2f70bb5e3ede1cd79af7121a0225a38,600572,256,bits-sq,32,512,16,transform_isolated,30,0.00966,0.00962725,0.00970975,0.9859213250517599,False,False
3fb8ea1c5cea68ee8159f3d984c6b8c2e2f70bb5e3ede1cd79af7121a0225a38,600572,256,bits-sq,32,512,16,upload_shared,1,0.690366,0.690366,0.690366,1.0122282962950087,False,False
3fb8ea1c5cea68ee8159f3d984c6b8c2e2f70bb5e3ede1cd79af7121a0225a38,600572,256,bits-sq,128,128,4,download,30,0.008487999999999999,0.00838225,0.008664,0.9958765315739869,False,False
3fb8ea1c5cea68ee8159f3d984c6b8c2e2f70bb5e3ede1cd79af7121a0225a38,600572,256,bits-sq,128,128,4,operator,30,0.16082849999999999,0.16047050000000002,0.1611815,0.40863093295031666,False,False
3fb8ea1c5cea68ee8159f3d984c6b8c2e2f70bb5e3ede1cd79af7121a0225a38,600572,256,bits-sq,128,128,4,output_isolated,30,0.008172500000000001,0.008067,0.00834275,2.167268277760783,False,False
3fb8ea1c5cea68ee8159f3d984c6b8c2e2f70bb5e3ede1cd79af7121a0225a38,600572,256,bits-sq,128,128,4,selection_isolated,30,0.14910099999999998,0.14884999999999998,0.149496,0.2998135492049014,False,False
3fb8ea1c5cea68ee8159f3d984c6b8c2e2f70bb5e3ede1cd79af7121a0225a38,600572,256,bits-sq,128,128,4,transform_isolated,30,0.009514,0.009446499999999998,0.009574000000000001,1.0010510826150938,False,False
3fb8ea1c5cea68ee8159f3d984c6b8c2e2f70bb5e3ede1cd79af7121a0225a38,600572,256,bits-sq,128,128,4,upload_shared,1,0.7019529999999999,0.7019529999999999,0.7019529999999999,0.995519643053025,False,False
3fb8ea1c5cea68ee8159f3d984c6b8c2e2f70bb5e3ede1cd79af7121a0225a38,600572,256,bits-sq,128,128,7,download,30,0.008638,0.008545249999999999,0.008743250000000001,0.9785830053253068,False,False
3fb8ea1c5cea68ee8159f3d984c6b8c2e2f70bb5e3ede1cd79af7121a0225a38,600572,256,bits-sq,128,128,7,operator,30,0.1533175,0.15286450000000001,0.153818,0.4286496975231138,False,False
3fb8ea1c5cea68ee8159f3d984c6b8c2e2f70bb5e3ede1cd79af7121a0225a38,600572,256,bits-sq,128,128,7,output_isolated,30,0.008132499999999999,0.007956999999999999,0.00827725,2.177928066400246,False,False
3fb8ea1c5cea68ee8159f3d984c6b8c2e2f70bb5e3ede1cd79af7121a0225a38,600572,256,bits-sq,128,128,7,selection_isolated,30,0.14130900000000002,0.14118650000000002,0.14147225000000002,0.316345738771062,False,False
3fb8ea1c5cea68ee8159f3d984c6b8c2e2f70bb5e3ede1cd79af7121a0225a38,600572,256,bits-sq,128,128,7,transform_isolated,30,0.0095245,0.00945725,0.0096265,0.9999475038059742,False,False
3fb8ea1c5cea68ee8159f3d984c6b8c2e2f70bb5e3ede1cd79af7121a0225a38,600572,256,bits-sq,128,128,7,upload_shared,1,0.6874920000000001,0.6874920000000001,0.6874920000000001,1.016459827896179,False,False
3fb8ea1c5cea68ee8159f3d984c6b8c2e2f70bb5e3ede1cd79af7121a0225a38,600572,256,bits-sq,128,128,8,download,30,0.008573,0.008443,0.008670500000000001,0.9860025661961973,False,False
3fb8ea1c5cea68ee8159f3d984c6b8c2e2f70bb5e3ede1cd79af7121a0225a38,600572,256,bits-sq,128,128,8,operator,30,0.15726800000000002,0.15686225,0.159877,0.417882213800646,False,False
3fb8ea1c5cea68ee8159f3d984c6b8c2e2f70bb5e3ede1cd79af7121a0225a38,600572,256,bits-sq,128,128,8,output_isolated,30,0.008102,0.008014750000000001,0.008242,2.186126882251296,False,False
3fb8ea1c5cea68ee8159f3d984c6b8c2e2f70bb5e3ede1cd79af7121a0225a38,600572,256,bits-sq,128,128,8,selection_isolated,30,0.146943,0.1453375,0.14825999999999998,0.30421660099494363,False,False
3fb8ea1c5cea68ee8159f3d984c6b8c2e2f70bb5e3ede1cd79af7121a0225a38,600572,256,bits-sq,128,128,8,transform_isolated,30,0.009529000000000001,0.0094665,0.009564,0.9994752859691468,False,False
3fb8ea1c5cea68ee8159f3d984c6b8c2e2f70bb5e3ede1cd79af7121a0225a38,600572,256,bits-sq,128,128,8,upload_shared,1,0.6916789999999999,0.6916789999999999,0.6916789999999999,1.0103068041678294,False,False
3fb8ea1c5cea68ee8159f3d984c6b8c2e2f70bb5e3ede1cd79af7121a0225a38,600572,256,bits-sq,128,128,13,download,30,0.008573,0.008483,0.00870075,0.9860025661961973,False,False
3fb8ea1c5cea68ee8159f3d984c6b8c2e2f70bb5e3ede1cd79af7121a0225a38,600572,256,bits-sq,128,128,13,operator,30,0.164519,0.16401575000000002,0.1649925,0.3994644995410864,False,False
3fb8ea1c5cea68ee8159f3d984c6b8c2e2f70bb5e3ede1cd79af7121a0225a38,600572,256,bits-sq,128,128,13,output_isolated,30,0.008057,0.007992,0.008169500000000001,2.198336849944148,False,False
3fb8ea1c5cea68ee8159f3d984c6b8c2e2f70bb5e3ede1cd79af7121a0225a38,600572,256,bits-sq,128,128,13,selection_isolated,30,0.1529215,0.15277949999999998,0.15321525,0.29232318542520186,False,False
3fb8ea1c5cea68ee8159f3d984c6b8c2e2f70bb5e3ede1cd79af7121a0225a38,600572,256,bits-sq,128,128,13,transform_isolated,30,0.009514,0.009453999999999999,0.00959175,1.0010510826150938,False,False
3fb8ea1c5cea68ee8159f3d984c6b8c2e2f70bb5e3ede1cd79af7121a0225a38,600572,256,bits-sq,128,128,13,upload_shared,1,0.692018,0.692018,0.692018,1.0098118835059202,False,False
3fb8ea1c5cea68ee8159f3d984c6b8c2e2f70bb5e3ede1cd79af7121a0225a38,600572,256,bits-sq,128,128,16,download,30,0.008483000000000001,0.008418,0.008675500000000001,0.9964635152658257,False,False
3fb8ea1c5cea68ee8159f3d984c6b8c2e2f70bb5e3ede1cd79af7121a0225a38,600572,256,bits-sq,128,128,16,operator,30,0.172867,0.17254125,0.17304200000000003,0.38017377521447127,False,False
3fb8ea1c5cea68ee8159f3d984c6b8c2e2f70bb5e3ede1cd79af7121a0225a38,600572,256,bits-sq,128,128,16,output_isolated,30,0.0081475,0.008062,0.0082655,2.1739183798711257,False,False
3fb8ea1c5cea68ee8159f3d984c6b8c2e2f70bb5e3ede1cd79af7121a0225a38,600572,256,bits-sq,128,128,16,selection_isolated,30,0.16122950000000003,0.1610465,0.16144999999999998,0.27726005476665244,False,False
3fb8ea1c5cea68ee8159f3d984c6b8c2e2f70bb5e3ede1cd79af7121a0225a38,600572,256,bits-sq,128,128,16,transform_isolated,30,0.009544500000000001,0.009416500000000001,0.009612500000000001,0.9978521661689979,False,False
3fb8ea1c5cea68ee8159f3d984c6b8c2e2f70bb5e3ede1cd79af7121a0225a38,600572,256,bits-sq,128,128,16,upload_shared,1,0.703626,0.703626,0.703626,0.9931526123252978,False,False
3fb8ea1c5cea68ee8159f3d984c6b8c2e2f70bb5e3ede1cd79af7121a0225a38,600572,256,bits-sq,128,256,4,download,30,0.008568,0.008454749999999999,0.0087405,0.9865779645191411,False,False
3fb8ea1c5cea68ee8159f3d984c6b8c2e2f70bb5e3ede1cd79af7121a0225a38,600572,256,bits-sq,128,256,4,operator,30,0.14050249999999997,0.14013475,0.140933,0.467746125513781,False,False
3fb8ea1c5cea68ee8159f3d984c6b8c2e2f70bb5e3ede1cd79af7121a0225a38,600572,256,bits-sq,128,256,4,output_isolated,30,0.0081775,0.008114499999999998,0.00827275,2.1659431366554567,False,False
3fb8ea1c5cea68ee8159f3d984c6b8c2e2f70bb5e3ede1cd79af7121a0225a38,600572,256,bits-sq,128,256,4,selection_isolated,30,0.128886,0.12857249999999998,0.12904025,0.34683751532361934,False,False
3fb8ea1c5cea68ee8159f3d984c6b8c2e2f70bb5e3ede1cd79af7121a0225a38,600572,256,bits-sq,128,256,4,transform_isolated,30,0.009499500000000001,0.009426499999999999,0.00960175,1.0025790831096373,False,False
3fb8ea1c5cea68ee8159f3d984c6b8c2e2f70bb5e3ede1cd79af7121a0225a38,600572,256,bits-sq,128,256,4,upload_shared,1,0.68601,0.68601,0.68601,1.0186557047273364,False,False
3fb8ea1c5cea68ee8159f3d984c6b8c2e2f70bb5e3ede1cd79af7121a0225a38,600572,256,bits-sq,128,256,7,download,30,0.0085125,0.008423,0.0088705,0.9930102790014685,False,False
3fb8ea1c5cea68ee8159f3d984c6b8c2e2f70bb5e3ede1cd79af7121a0225a38,600572,256,bits-sq,128,256,7,operator,30,0.15094849999999999,0.15064824999999998,0.151284,0.4353769663163265,False,False
3fb8ea1c5cea68ee8159f3d984c6b8c2e2f70bb5e3ede1cd79af7121a0225a38,600572,256,bits-sq,128,256,7,output_isolated,30,0.0082675,0.008102999999999999,0.008448,2.1423646809797394,False,False
3fb8ea1c5cea68ee8159f3d984c6b8c2e2f70bb5e3ede1cd79af7121a0225a38,600572,256,bits-sq,128,256,7,selection_isolated,30,0.139106,0.138961,0.13922075,0.321355656837232,False,False
3fb8ea1c5cea68ee8159f3d984c6b8c2e2f70bb5e3ede1cd79af7121a0225a38,600572,256,bits-sq,128,256,7,transform_isolated,30,0.009524000000000001,0.00947425,0.00962475,1.0,False,False
3fb8ea1c5cea68ee8159f3d984c6b8c2e2f70bb5e3ede1cd79af7121a0225a38,600572,256,bits-sq,128,256,7,upload_shared,1,0.7027239999999999,0.7027239999999999,0.7027239999999999,0.9944273996618873,False,False
3fb8ea1c5cea68ee8159f3d984c6b8c2e2f70bb5e3ede1cd79af7121a0225a38,600572,256,bits-sq,128,256,8,download,30,0.008468,0.008404749999999999,0.00861075,0.9982286254133208,False,False
3fb8ea1c5cea68ee8159f3d984c6b8c2e2f70bb5e3ede1cd79af7121a0225a38,600572,256,bits-sq,128,256,8,operator,30,0.1584905,0.15827925,0.1590935,0.41465892277455113,False,False
3fb8ea1c5cea68ee8159f3d984c6b8c2e2f70bb5e3ede1cd79af7121a0225a38,600572,256,bits-sq,128,256,8,output_isolated,30,0.0082175,0.008152,0.00836025,2.1554000608457557,False,False
3fb8ea1c5cea68ee8159f3d984c6b8c2e2f70bb5e3ede1cd79af7121a0225a38,600572,256,bits-sq,128,256,8,selection_isolated,30,0.146928,0.14680300000000002,0.1472805,0.3042476587171948,False,False
3fb8ea1c5cea68ee8159f3d984c6b8c2e2f70bb5e3ede1cd79af7121a0225a38,600572,256,bits-sq,128,256,8,transform_isolated,30,0.009484,0.009419,0.00954675,1.0042176296921133,False,False
3fb8ea1c5cea68ee8159f3d984c6b8c2e2f70bb5e3ede1cd79af7121a0225a38,600572,256,bits-sq,128,256,8,upload_shared,1,0.701032,0.701032,0.701032,0.9968275342637711,False,False
3fb8ea1c5cea68ee8159f3d984c6b8c2e2f70bb5e3ede1cd79af7121a0225a38,600572,256,bits-sq,128,256,13,download,30,0.008487999999999999,0.008388,0.008598250000000002,0.9958765315739869,False,False
3fb8ea1c5cea68ee8159f3d984c6b8c2e2f70bb5e3ede1cd79af7121a0225a38,600572,256,bits-sq,128,256,13,operator,30,0.1891565,0.18883625,0.1895145,0.3474345317237314,False,False
3fb8ea1c5cea68ee8159f3d984c6b8c2e2f70bb5e3ede1cd79af7121a0225a38,600572,256,bits-sq,128,256,13,output_isolated,30,0.0082425,0.008144499999999999,0.008408,2.148862602365787,False,False
3fb8ea1c5cea68ee8159f3d984c6b8c2e2f70bb5e3ede1cd79af7121a0225a38,600572,256,bits-sq,128,256,13,selection_isolated,30,0.17743350000000002,0.17723075,0.17760625000000002,0.2519394590085863,False,False
3fb8ea1c5cea68ee8159f3d984c6b8c2e2f70bb5e3ede1cd79af7121a0225a38,600572,256,bits-sq,128,256,13,transform_isolated,30,0.009485,0.009416500000000001,0.009577249999999999,1.0041117554032684,False,False
3fb8ea1c5cea68ee8159f3d984c6b8c2e2f70bb5e3ede1cd79af7121a0225a38,600572,256,bits-sq,128,256,13,upload_shared,1,0.6913779999999999,0.6913779999999999,0.6913779999999999,1.0107466537841818,False,False
3fb8ea1c5cea68ee8159f3d984c6b8c2e2f70bb5e3ede1cd79af7121a0225a38,600572,256,bits-sq,128,256,16,download,30,0.008583,0.008504749999999998,0.0086555,0.9848537807293487,False,False
3fb8ea1c5cea68ee8159f3d984c6b8c2e2f70bb5e3ede1cd79af7121a0225a38,600572,256,bits-sq,128,256,16,operator,30,0.21098499999999998,0.21065675,0.21131524999999998,0.31148896841007656,False,False
3fb8ea1c5cea68ee8159f3d984c6b8c2e2f70bb5e3ede1cd79af7121a0225a38,600572,256,bits-sq,128,256,16,output_isolated,30,0.008242,0.00814525,0.008413,2.148992962873089,False,False
3fb8ea1c5cea68ee8159f3d984c6b8c2e2f70bb5e3ede1cd79af7121a0225a38,600572,256,bits-sq,128,256,16,selection_isolated,30,0.1990415,0.198876,0.199317,0.22458884202540674,False,False
3fb8ea1c5cea68ee8159f3d984c6b8c2e2f70bb5e3ede1cd79af7121a0225a38,600572,256,bits-sq,128,256,16,transform_isolated,30,0.009565,0.009524000000000001,0.0097,0.995713538944067,False,False
3fb8ea1c5cea68ee8159f3d984c6b8c2e2f70bb5e3ede1cd79af7121a0225a38,600572,256,bits-sq,128,256,16,upload_shared,1,0.687552,0.687552,0.687552,1.016371125383971,False,False
3fb8ea1c5cea68ee8159f3d984c6b8c2e2f70bb5e3ede1cd79af7121a0225a38,600572,256,bits-sq,128,512,4,download,30,0.008598000000000001,0.008463,0.00900625,0.9831356129332401,False,False
3fb8ea1c5cea68ee8159f3d984c6b8c2e2f70bb5e3ede1cd79af7121a0225a38,600572,256,bits-sq,128,512,4,operator,30,0.111023,0.1109005,0.1113155,0.5919449123154662,False,False
3fb8ea1c5cea68ee8159f3d984c6b8c2e2f70bb5e3ede1cd79af7121a0225a38,600572,256,bits-sq,128,512,4,output_isolated,30,0.008213000000000002,0.008144499999999999,0.00829975,2.156581030074272,False,False
3fb8ea1c5cea68ee8159f3d984c6b8c2e2f70bb5e3ede1cd79af7121a0225a38,600572,256,bits-sq,128,512,4,selection_isolated,30,0.099601,0.0994785,0.0997585,0.4488157749420187,False,False
3fb8ea1c5cea68ee8159f3d984c6b8c2e2f70bb5e3ede1cd79af7121a0225a38,600572,256,bits-sq,128,512,4,transform_isolated,30,0.0095295,0.0094475,0.009612500000000001,0.9994228448502022,False,False
3fb8ea1c5cea68ee8159f3d984c6b8c2e2f70bb5e3ede1cd79af7121a0225a38,600572,256,bits-sq,128,512,4,upload_shared,1,0.691027,0.691027,0.691027,1.0112600520674302,False,False
3fb8ea1c5cea68ee8159f3d984c6b8c2e2f70bb5e3ede1cd79af7121a0225a38,600572,256,bits-sq,128,512,7,download,30,0.008578,0.008443,0.00893325,0.9854278386570297,False,False
3fb8ea1c5cea68ee8159f3d984c6b8c2e2f70bb5e3ede1cd79af7121a0225a38,600572,256,bits-sq,128,512,7,operator,30,0.136492,0.1361485,0.136967,0.4814897576414735,False,False
3fb8ea1c5cea68ee8159f3d984c6b8c2e2f70bb5e3ede1cd79af7121a0225a38,600572,256,bits-sq,128,512,7,output_isolated,30,0.0082925,0.00814775,0.008527999999999999,2.135905939101598,False,False
3fb8ea1c5cea68ee8159f3d984c6b8c2e2f70bb5e3ede1cd79af7121a0225a38,600572,256,bits-sq,128,512,7,selection_isolated,30,0.124579,0.12441050000000001,0.12500674999999997,0.3588285345042102,False,False
3fb8ea1c5cea68ee8159f3d984c6b8c2e2f70bb5e3ede1cd79af7121a0225a38,600572,256,bits-sq,128,512,7,transform_isolated,30,0.0096095,0.00948975,0.009694999999999999,0.9911025547635154,False,False
3fb8ea1c5cea68ee8159f3d984c6b8c2e2f70bb5e3ede1cd79af7121a0225a38,600572,256,bits-sq,128,512,7,upload_shared,1,0.713722,0.713722,0.713722,0.9791039088048288,False,False
3fb8ea1c5cea68ee8159f3d984c6b8c2e2f70bb5e3ede1cd79af7121a0225a38,600572,256,bits-sq,128,512,8,download,30,0.008493,0.00846225,0.00899125,0.9952902390203697,False,False
3fb8ea1c5cea68ee8159f3d984c6b8c2e2f70bb5e3ede1cd79af7121a0225a38,600572,256,bits-sq,128,512,8,operator,30,0.13195,0.13158175,0.13234325,0.49806366047745354,False,False
3fb8ea1c5cea68ee8159f3d984c6b8c2e2f70bb5e3ede1cd79af7121a0225a38,600572,256,bits-sq,128,512,8,output_isolated,30,0.008212,0.008107,0.00831975,2.1568436434486116,False,False
3fb8ea1c5cea68ee8159f3d984c6b8c2e2f70bb5e3ede1cd79af7121a0225a38,600572,256,bits-sq,128,512,8,selection_isolated,30,0.1204375,0.1200695,0.12066525,0.3711676180591593,False,False
3fb8ea1c5cea68ee8159f3d984c6b8c2e2f70bb5e3ede1cd79af7121a0225a38,600572,256,bits-sq,128,512,8,transform_isolated,30,0.009524999999999999,0.009447249999999999,0.0096875,0.9998950131233598,False,False
3fb8ea1c5cea68ee8159f3d984c6b8c2e2f70bb5e3ede1cd79af7121a0225a38,600572,256,bits-sq,128,512,8,upload_shared,1,0.687702,0.687702,0.687702,1.016149436820018,False,False
3fb8ea1c5cea68ee8159f3d984c6b8c2e2f70bb5e3ede1cd79af7121a0225a38,600572,256,bits-sq,128,512,13,download,30,0.008653000000000001,0.008542999999999999,0.00911125,0.9768866289148271,False,False
3fb8ea1c5cea68ee8159f3d984c6b8c2e2f70bb5e3ede1cd79af7121a0225a38,600572,256,bits-sq,128,512,13,operator,30,0.153468,0.15316200000000002,0.1539105,0.42822933771209637,False,False
3fb8ea1c5cea68ee8159f3d984c6b8c2e2f70bb5e3ede1cd79af7121a0225a38,600572,256,bits-sq,128,512,13,output_isolated,30,0.008368,0.00815975,0.008550499999999999,2.1166347992351815,False,False
3fb8ea1c5cea68ee8159f3d984c6b8c2e2f70bb5e3ede1cd79af7121a0225a38,600572,256,bits-sq,128,512,13,selection_isolated,30,0.1416495,0.1414975,0.1419225,0.31558530033639365,False,False
3fb8ea1c5cea68ee8159f3d984c6b8c2e2f70bb5e3ede1cd79af7121a0225a38,600572,256,bits-sq,128,512,13,transform_isolated,30,0.0095245,0.009484,0.009684749999999999,0.9999475038059742,False,False
3fb8ea1c5cea68ee8159f3d984c6b8c2e2f70bb5e3ede1cd79af7121a0225a38,600572,256,bits-sq,128,512,13,upload_shared,1,0.6963349999999999,0.6963349999999999,0.6963349999999999,1.0035514515283592,False,False
3fb8ea1c5cea68ee8159f3d984c6b8c2e2f70bb5e3ede1cd79af7121a0225a38,600572,256,bits-sq,128,512,16,download,30,0.008723,0.0086455,0.00890625,0.9690473460965265,False,False
3fb8ea1c5cea68ee8159f3d984c6b8c2e2f70bb5e3ede1cd79af7121a0225a38,600572,256,bits-sq,128,512,16,operator,30,0.166557,0.16624450000000002,0.1670905,0.3945766314234766,False,False
3fb8ea1c5cea68ee8159f3d984c6b8c2e2f70bb5e3ede1cd79af7121a0225a38,600572,256,bits-sq,128,512,16,output_isolated,30,0.0080375,0.007994500000000002,0.008210250000000002,2.203670295489891,False,False
3fb8ea1c5cea68ee8159f3d984c6b8c2e2f70bb5e3ede1cd79af7121a0225a38,600572,256,bits-sq,128,512,16,selection_isolated,30,0.154789,0.154609,0.15494750000000002,0.2887963614985561,False,False
3fb8ea1c5cea68ee8159f3d984c6b8c2e2f70bb5e3ede1cd79af7121a0225a38,600572,256,bits-sq,128,512,16,transform_isolated,30,0.009559,0.009421500000000001,0.009605,0.9963385291348469,False,False
3fb8ea1c5cea68ee8159f3d984c6b8c2e2f70bb5e3ede1cd79af7121a0225a38,600572,256,bits-sq,128,512,16,upload_shared,1,0.711618,0.711618,0.711618,0.9819987690024704,False,False
3fb8ea1c5cea68ee8159f3d984c6b8c2e2f70bb5e3ede1cd79af7121a0225a38,600572,256,bits-sq,512,128,4,download,30,0.008612999999999999,0.008480499999999998,0.00906125,0.981423429699292,False,False
3fb8ea1c5cea68ee8159f3d984c6b8c2e2f70bb5e3ede1cd79af7121a0225a38,600572,256,bits-sq,512,128,4,operator,30,0.376085,0.37562,0.37642024999999996,0.17474640041479986,False,False
3fb8ea1c5cea68ee8159f3d984c6b8c2e2f70bb5e3ede1cd79af7121a0225a38,600572,256,bits-sq,512,128,4,output_isolated,30,0.0081975,0.0080645,0.00836975,2.160658737419945,False,False
3fb8ea1c5cea68ee8159f3d984c6b8c2e2f70bb5e3ede1cd79af7121a0225a38,600572,256,bits-sq,512,128,4,selection_isolated,30,0.36431199999999997,0.36408674999999996,0.36446199999999995,0.12270389117020576,False,False
3fb8ea1c5cea68ee8159f3d984c6b8c2e2f70bb5e3ede1cd79af7121a0225a38,600572,256,bits-sq,512,128,4,transform_isolated,30,0.0095595,0.00940975,0.009662500000000001,0.9962864166535907,False,False
3fb8ea1c5cea68ee8159f3d984c6b8c2e2f70bb5e3ede1cd79af7121a0225a38,600572,256,bits-sq,512,128,4,upload_shared,1,0.7054389999999999,0.7054389999999999,0.7054389999999999,0.9906001794627176,False,False
3fb8ea1c5cea68ee8159f3d984c6b8c2e2f70bb5e3ede1cd79af7121a0225a38,600572,256,bits-sq,512,128,7,download,30,0.0089435,0.0087555,0.009384,0.9451556996701516,False,False
3fb8ea1c5cea68ee8159f3d984c6b8c2e2f70bb5e3ede1cd79af7121a0225a38,600572,256,bits-sq,512,128,7,operator,30,0.36325050000000003,0.3626815,0.3636735,0.1809206043763188,False,False
3fb8ea1c5cea68ee8159f3d984c6b8c2e2f70bb5e3ede1cd79af7121a0225a38,600572,256,bits-sq,512,128,7,output_isolated,30,0.008237499999999998,0.008089500000000001,0.0084255,2.1501669195751143,False,False
3fb8ea1c5cea68ee8159f3d984c6b8c2e2f70bb5e3ede1cd79af7121a0225a38,600572,256,bits-sq,512,128,7,selection_isolated,30,0.351302,0.3510845,0.35164799999999996,0.12724806576677616,False,False
3fb8ea1c5cea68ee8159f3d984c6b8c2e2f70bb5e3ede1cd79af7121a0225a38,600572,256,bits-sq,512,128,7,transform_isolated,30,0.009469499999999999,0.0094115,0.00962175,1.0057553197106504,False,False
3fb8ea1c5cea68ee8159f3d984c6b8c2e2f70bb5e3ede1cd79af7121a0225a38,600572,256,bits-sq,512,128,7,upload_shared,1,0.6894349999999999,0.6894349999999999,0.6894349999999999,1.013595190264492,False,False
3fb8ea1c5cea68ee8159f3d984c6b8c2e2f70bb5e3ede1cd79af7121a0225a38,600572,256,bits-sq,512,128,8,download,30,0.008618,0.00845225,0.00909375,0.9808540264562543,False,False
3fb8ea1c5cea68ee8159f3d984c6b8c2e2f70bb5e3ede1cd79af7121a0225a38,600572,256,bits-sq,512,128,8,operator,30,0.364307,0.36417374999999996,0.36463724999999997,0.18039592980645444,False,False
3fb8ea1c5cea68ee8159f3d984c6b8c2e2f70bb5e3ede1cd79af7121a0225a38,600572,256,bits-sq,512,128,8,output_isolated,30,0.0081875,0.008012,0.008357999999999999,2.163297709923664,False,False
3fb8ea1c5cea68ee8159f3d984c6b8c2e2f70bb5e3ede1cd79af7121a0225a38,600572,256,bits-sq,512,128,8,selection_isolated,30,0.352514,0.35231149999999994,0.3530525,0.12681056638885263,False,False
3fb8ea1c5cea68ee8159f3d984c6b8c2e2f70bb5e3ede1cd79af7121a0225a38,600572,256,bits-sq,512,128,8,transform_isolated,30,0.0095645,0.009476499999999999,0.00967925,0.9957655915102724,False,False
3fb8ea1c5cea68ee8159f3d984c6b8c2e2f70bb5e3ede1cd79af7121a0225a38,600572,256,bits-sq,512,128,8,upload_shared,1,0.693701,0.693701,0.693701,1.0073619614214193,False,False
3fb8ea1c5cea68ee8159f3d984c6b8c2e2f70bb5e3ede1cd79af7121a0225a38,600572,256,bits-sq,512,128,13,download,30,0.008593,0.008438000000000001,0.00875825,0.9837076690329338,False,False
3fb8ea1c5cea68ee8159f3d984c6b8c2e2f70bb5e3ede1cd79af7121a0225a38,600572,256,bits-sq,512,128,13,operator,30,0.36461750000000004,0.36405375,0.365028,0.18024230872078273,False,False
3fb8ea1c5cea68ee8159f3d984c6b8c2e2f70bb5e3ede1cd79af7121a0225a38,600572,256,bits-sq,512,128,13,output_isolated,30,0.008187,0.008039500000000002,0.00842225,2.163429827775742,False,False
3fb8ea1c5cea68ee8159f3d984c6b8c2e2f70bb5e3ede1cd79af7121a0225a38,600572,256,bits-sq,512,128,13,selection_isolated,30,0.35254399999999997,0.35242724999999997,0.35275175000000003,0.12679977534719072,False,False
3fb8ea1c5cea68ee8159f3d984c6b8c2e2f70bb5e3ede1cd79af7121a0225a38,600572,256,bits-sq,512,128,13,transform_isolated,30,0.009549,0.00948425,0.0096025,0.9973819248088807,False,False
3fb8ea1c5cea68ee8159f3d984c6b8c2e2f70bb5e3ede1cd79af7121a0225a38,600572,256,bits-sq,512,128,13,upload_shared,1,0.700572,0.700572,0.700572,0.9974820575187133,False,False
3fb8ea1c5cea68ee8159f3d984c6b8c2e2f70bb5e3ede1cd79af7121a0225a38,600572,256,bits-sq,512,128,16,download,30,0.008573,0.0084855,0.00911625,0.9860025661961973,False,False
3fb8ea1c5cea68ee8159f3d984c6b8c2e2f70bb5e3ede1cd79af7121a0225a38,600572,256,bits-sq,512,128,16,operator,30,0.364467,0.36410374999999995,0.36492275,0.18031673649466207,False,False
3fb8ea1c5cea68ee8159f3d984c6b8c2e2f70bb5e3ede1cd79af7121a0225a38,600572,256,bits-sq,512,128,16,output_isolated,30,0.008317499999999999,0.0080745,0.0086615,2.129486023444545,False,False
3fb8ea1c5cea68ee8159f3d984c6b8c2e2f70bb5e3ede1cd79af7121a0225a38,600572,256,bits-sq,512,128,16,selection_isolated,30,0.3529045,0.35252925,0.3531625,0.1266702464831137,False,False
3fb8ea1c5cea68ee8159f3d984c6b8c2e2f70bb5e3ede1cd79af7121a0225a38,600572,256,bits-sq,512,128,16,transform_isolated,30,0.009564,0.009454249999999999,0.009662500000000001,0.9958176495190298,False,False
3fb8ea1c5cea68ee8159f3d984c6b8c2e2f70bb5e3ede1cd79af7121a0225a38,600572,256,bits-sq,512,128,16,upload_shared,1,0.700522,0.700522,0.700522,0.9975532531455115,False,False
3fb8ea1c5cea68ee8159f3d984c6b8c2e2f70bb5e3ede1cd79af7121a0225a38,600572,256,bits-sq,512,256,4,download,30,0.008613,0.0084855,0.009029,0.9814234296992917,False,False
3fb8ea1c5cea68ee8159f3d984c6b8c2e2f70bb5e3ede1cd79af7121a0225a38,600572,256,bits-sq,512,256,4,operator,30,0.28364500000000004,0.2830815,0.28400000000000003,0.2316963105290063,False,False
3fb8ea1c5cea68ee8159f3d984c6b8c2e2f70bb5e3ede1cd79af7121a0225a38,600572,256,bits-sq,512,256,4,output_isolated,30,0.0082825,0.00817725,0.008423,2.1384847570178085,False,False
3fb8ea1c5cea68ee8159f3d984c6b8c2e2f70bb5e3ede1cd79af7121a0225a38,600572,256,bits-sq,512,256,4,selection_isolated,30,0.271687,0.27145424999999995,0.27185375,0.16453676473294634,False,False
3fb8ea1c5cea68ee8159f3d984c6b8c2e2f70bb5e3ede1cd79af7121a0225a38,600572,256,bits-sq,512,256,4,transform_isolated,30,0.009514,0.00946675,0.009575,1.0010510826150938,False,False
3fb8ea1c5cea68ee8159f3d984c6b8c2e2f70bb5e3ede1cd79af7121a0225a38,600572,256,bits-sq,512,256,4,upload_shared,1,0.697286,0.697286,0.697286,1.002182748542205,False,False
3fb8ea1c5cea68ee8159f3d984c6b8c2e2f70bb5e3ede1cd79af7121a0225a38,600572,256,bits-sq,512,256,7,download,30,0.008598000000000001,0.0084705,0.009055750000000001,0.9831356129332401,False,False
3fb8ea1c5cea68ee8159f3d984c6b8c2e2f70bb5e3ede1cd79af7121a0225a38,600572,256,bits-sq,512,256,7,operator,30,0.26997400000000005,0.2695805,0.27040175,0.24342899686636488,False,False
3fb8ea1c5cea68ee8159f3d984c6b8c2e2f70bb5e3ede1cd79af7121a0225a38,600572,256,bits-sq,512,256,7,output_isolated,30,0.0082975,0.008202000000000001,0.008493,2.1346188611027417,False,False
3fb8ea1c5cea68ee8159f3d984c6b8c2e2f70bb5e3ede1cd79af7121a0225a38,600572,256,bits-sq,512,256,7,selection_isolated,30,0.25805100000000003,0.257681,0.25846674999999997,0.173231260487268,False,False
3fb8ea1c5cea68ee8159f3d984c6b8c2e2f70bb5e3ede1cd79af7121a0225a38,600572,256,bits-sq,512,256,7,transform_isolated,30,0.009524000000000001,0.00943925,0.0096415,1.0,False,False
3fb8ea1c5cea68ee8159f3d984c6b8c2e2f70bb5e3ede1cd79af7121a0225a38,600572,256,bits-sq,512,256,7,upload_shared,1,0.693391,0.693391,0.693391,1.007812330993624,False,False
3fb8ea1c5cea68ee8159f3d984c6b8c2e2f70bb5e3ede1cd79af7121a0225a38,600572,256,bits-sq,512,256,8,download,30,0.0085675,0.00850225,0.00888625,0.9866355412897578,False,False
3fb8ea1c5cea68ee8159f3d984c6b8c2e2f70bb5e3ede1cd79af7121a0225a38,600572,256,bits-sq,512,256,8,operator,30,0.274466,0.274065,0.275011,0.23944495857410392,False,False
3fb8ea1c5cea68ee8159f3d984c6b8c2e2f70bb5e3ede1cd79af7121a0225a38,600572,256,bits-sq,512,256,8,output_isolated,30,0.0082975,0.00819025,0.008568000000000001,2.1346188611027417,False,False
3fb8ea1c5cea68ee8159f3d984c6b8c2e2f70bb5e3ede1cd79af7121a0225a38,600572,256,bits-sq,512,256,8,selection_isolated,30,0.262778,0.26263549999999997,0.263009,0.1701150781267838,False,False
3fb8ea1c5cea68ee8159f3d984c6b8c2e2f70bb5e3ede1cd79af7121a0225a38,600572,256,bits-sq,512,256,8,transform_isolated,30,0.009514499999999999,0.009454249999999999,0.00961475,1.0009984760103003,False,False
3fb8ea1c5cea68ee8159f3d984c6b8c2e2f70bb5e3ede1cd79af7121a0225a38,600572,256,bits-sq,512,256,8,upload_shared,1,0.6899649999999999,0.6899649999999999,0.6899649999999999,1.0128165921459784,False,False
3fb8ea1c5cea68ee8159f3d984c6b8c2e2f70bb5e3ede1cd79af7121a0225a38,600572,256,bits-sq,512,256,13,download,30,0.009079,0.00860125,0.011276749999999999,0.9310496750743474,False,False
3fb8ea1c5cea68ee8159f3d984c6b8c2e2f70bb5e3ede1cd79af7121a0225a38,600572,256,bits-sq,512,256,13,operator,30,0.288462,0.28778625,0.2913015,0.22782723547642325,False,False
3fb8ea1c5cea68ee8159f3d984c6b8c2e2f70bb5e3ede1cd79af7121a0225a38,600572,256,bits-sq,512,256,13,output_isolated,30,0.008417999999999998,0.00818725,0.009670000000000002,2.1040627227369924,False,False
3fb8ea1c5cea68ee8159f3d984c6b8c2e2f70bb5e3ede1cd79af7121a0225a38,600572,256,bits-sq,512,256,13,selection_isolated,30,0.27665399999999996,0.27605799999999997,0.27850449999999993,0.1615826989669407,False,False
3fb8ea1c5cea68ee8159f3d984c6b8c2e2f70bb5e3ede1cd79af7121a0225a38,600572,256,bits-sq,512,256,13,transform_isolated,30,0.00967,0.00950975,0.0108915,0.9849017580144779,False,False
3fb8ea1c5cea68ee8159f3d984c6b8c2e2f70bb5e3ede1cd79af7121a0225a38,600572,256,bits-sq,512,256,13,upload_shared,1,0.6905159999999999,0.6905159999999999,0.6905159999999999,1.0120084111012635,False,False
3fb8ea1c5cea68ee8159f3d984c6b8c2e2f70bb5e3ede1cd79af7121a0225a38,600572,256,bits-sq,512,256,16,download,30,0.008623,0.00847225,0.009105750000000001,0.9802852835440102,False,False
3fb8ea1c5cea68ee8159f3d984c6b8c2e2f70bb5e3ede1cd79af7121a0225a38,600572,256,bits-sq,512,256,16,operator,30,0.295183,0.2949395,0.2954705,0.22263985392112692,False,False
3fb8ea1c5cea68ee8159f3d984c6b8c2e2f70bb5e3ede1cd79af7121a0225a38,600572,256,bits-sq,512,256,16,output_isolated,30,0.0082775,0.008144499999999999,0.0084805,2.1397765025672,False,False
3fb8ea1c5cea68ee8159f3d984c6b8c2e2f70bb5e3ede1cd79af7121a0225a38,600572,256,bits-sq,512,256,16,selection_isolated,30,0.283314,0.283144,0.28354999999999997,0.1577842958696005,False,False
3fb8ea1c5cea68ee8159f3d984c6b8c2e2f70bb5e3ede1cd79af7121a0225a38,600572,256,bits-sq,512,256,16,transform_isolated,30,0.009514,0.0094565,0.009609,1.0010510826150938,False,False
3fb8ea1c5cea68ee8159f3d984c6b8c2e2f70bb5e3ede1cd79af7121a0225a38,600572,256,bits-sq,512,256,16,upload_shared,1,0.697227,0.697227,0.697227,1.0022675541824972,False,False
3fb8ea1c5cea68ee8159f3d984c6b8c2e2f70bb5e3ede1cd79af7121a0225a38,600572,256,bits-sq,512,512,4,download,30,0.008542999999999999,0.0084355,0.008633,0.9894650591127241,False,False
3fb8ea1c5cea68ee8159f3d984c6b8c2e2f70bb5e3ede1cd79af7121a0225a38,600572,256,bits-sq,512,512,4,operator,30,0.1842595,0.18374074999999998,0.1848125,0.3566681772174569,False,False
3fb8ea1c5cea68ee8159f3d984c6b8c2e2f70bb5e3ede1cd79af7121a0225a38,600572,256,bits-sq,512,512,4,output_isolated,30,0.008288,0.0081295,0.008468,2.137065637065637,False,False
3fb8ea1c5cea68ee8159f3d984c6b8c2e2f70bb5e3ede1cd79af7121a0225a38,600572,256,bits-sq,512,512,4,selection_isolated,30,0.17239100000000002,0.1722135,0.17265424999999998,0.25930878062079804,False,False
3fb8ea1c5cea68ee8159f3d984c6b8c2e2f70bb5e3ede1cd79af7121a0225a38,600572,256,bits-sq,512,512,4,transform_isolated,30,0.0095295,0.0094675,0.00961,0.9994228448502022,False,False
3fb8ea1c5cea68ee8159f3d984c6b8c2e2f70bb5e3ede1cd79af7121a0225a38,600572,256,bits-sq,512,512,4,upload_shared,1,0.69343,0.69343,0.69343,1.0077556494527204,False,False
3fb8ea1c5cea68ee8159f3d984c6b8c2e2f70bb5e3ede1cd79af7121a0225a38,600572,256,bits-sq,512,512,7,download,30,0.008543,0.00841775,0.009064,0.9894650591127239,False,False
3fb8ea1c5cea68ee8159f3d984c6b8c2e2f70bb5e3ede1cd79af7121a0225a38,600572,256,bits-sq,512,512,7,operator,30,0.202707,0.20230425,0.203023,0.32420932676227265,False,False
3fb8ea1c5cea68ee8159f3d984c6b8c2e2f70bb5e3ede1cd79af7121a0225a38,600572,256,bits-sq,512,512,7,output_isolated,30,0.008177,0.008084500000000001,0.008272,2.1660755778402834,False,False
3fb8ea1c5cea68ee8159f3d984c6b8c2e2f70bb5e3ede1cd79af7121a0225a38,600572,256,bits-sq,512,512,7,selection_isolated,30,0.190684,0.190529,0.1908365,0.23443235929600806,False,False
3fb8ea1c5cea68ee8159f3d984c6b8c2e2f70bb5e3ede1cd79af7121a0225a38,600572,256,bits-sq,512,512,7,transform_isolated,30,0.009535,0.009437250000000001,0.009714750000000001,0.9988463555322498,False,False
3fb8ea1c5cea68ee8159f3d984c6b8c2e2f70bb5e3ede1cd79af7121a0225a38,600572,256,bits-sq,512,512,7,upload_shared,1,0.695774,0.695774,0.695774,1.0043606113479377,False,False
3fb8ea1c5cea68ee8159f3d984c6b8c2e2f70bb5e3ede1cd79af7121a0225a38,600572,256,bits-sq,512,512,8,download,30,0.0086435,0.0085405,0.00911375,0.9779603170012148,False,False
3fb8ea1c5cea68ee8159f3d984c6b8c2e2f70bb5e3ede1cd79af7121a0225a38,600572,256,bits-sq,512,512,8,operator,30,0.18832549999999998,0.1879825,0.18896599999999997,0.3489676119272218,False,False
3fb8ea1c5cea68ee8159f3d984c6b8c2e2f70bb5e3ede1cd79af7121a0225a38,600572,256,bits-sq,512,512,8,output_isolated,30,0.008258,0.0081645,0.008478,2.144829256478566,False,False
3fb8ea1c5cea68ee8159f3d984c6b8c2e2f70bb5e3ede1cd79af7121a0225a38,600572,256,bits-sq,512,512,8,selection_isolated,30,0.176357,0.17609375,0.17660775,0.25347732156931674,False,False
3fb8ea1c5cea68ee8159f3d984c6b8c2e2f70bb5e3ede1cd79af7121a0225a38,600572,256,bits-sq,512,512,8,transform_isolated,30,0.009519,0.009445,0.009600000000000001,1.000525265258956,False,False
3fb8ea1c5cea68ee8159f3d984c6b8c2e2f70bb5e3ede1cd79af7121a0225a38,600572,256,bits-sq,512,512,8,upload_shared,1,0.69911,0.69911,0.69911,0.9995680221996538,False,False
3fb8ea1c5cea68ee8159f3d984c6b8c2e2f70bb5e3ede1cd79af7121a0225a38,600572,256,bits-sq,512,512,13,download,30,0.008612999999999999,0.008498,0.00911375,0.981423429699292,False,False
3fb8ea1c5cea68ee8159f3d984c6b8c2e2f70bb5e3ede1cd79af7121a0225a38,600572,256,bits-sq,512,512,13,operator,30,0.217204,0.21697075,0.21776999999999996,0.30257039465203217,False,False
3fb8ea1c5cea68ee8159f3d984c6b8c2e2f70bb5e3ede1cd79af7121a0225a38,600572,256,bits-sq,512,512,13,output_isolated,30,0.008212,0.008142,0.0084455,2.1568436434486116,False,False
3fb8ea1c5cea68ee8159f3d984c6b8c2e2f70bb5e3ede1cd79af7121a0225a38,600572,256,bits-sq,512,512,13,selection_isolated,30,0.205521,0.2052935,0.2056635,0.21750818651135406,False,False
3fb8ea1c5cea68ee8159f3d984c6b8c2e2f70bb5e3ede1cd79af7121a0225a38,600572,256,bits-sq,512,512,13,transform_isolated,30,0.0095245,0.009426499999999999,0.009618999999999999,0.9999475038059742,False,False
3fb8ea1c5cea68ee8159f3d984c6b8c2e2f70bb5e3ede1cd79af7121a0225a38,600572,256,bits-sq,512,512,13,upload_shared,1,0.691347,0.691347,0.691347,1.0107919756648975,False,False
3fb8ea1c5cea68ee8159f3d984c6b8c2e2f70bb5e3ede1cd79af7121a0225a38,600572,256,bits-sq,512,512,16,download,30,0.0085385,0.008445500000000002,0.008712999999999999,0.9899865315922002,False,False
3fb8ea1c5cea68ee8159f3d984c6b8c2e2f70bb5e3ede1cd79af7121a0225a38,600572,256,bits-sq,512,512,16,operator,30,0.22429,0.223994,0.22475075,0.29301128003923493,False,False
3fb8ea1c5cea68ee8159f3d984c6b8c2e2f70bb5e3ede1cd79af7121a0225a38,600572,256,bits-sq,512,512,16,output_isolated,30,0.008097,0.0080145,0.008320250000000001,2.187476843275287,False,False
3fb8ea1c5cea68ee8159f3d984c6b8c2e2f70bb5e3ede1cd79af7121a0225a38,600572,256,bits-sq,512,512,16,selection_isolated,30,0.21253699999999998,0.21237425000000001,0.21286449999999998,0.21032808405124756,False,False
3fb8ea1c5cea68ee8159f3d984c6b8c2e2f70bb5e3ede1cd79af7121a0225a38,600572,256,bits-sq,512,512,16,transform_isolated,30,0.0095245,0.00947725,0.0096925,0.9999475038059742,False,False
3fb8ea1c5cea68ee8159f3d984c6b8c2e2f70bb5e3ede1cd79af7121a0225a38,600572,256,bits-sq,512,512,16,upload_shared,1,0.685909,0.685909,0.685909,1.0188057016309744,False,False
3fb8ea1c5cea68ee8159f3d984c6b8c2e2f70bb5e3ede1cd79af7121a0225a38,600572,256,block-select,1,128,4,download,30,0.0091385,0.008638,0.00931725,0.9249876894457515,False,False
3fb8ea1c5cea68ee8159f3d984c6b8c2e2f70bb5e3ede1cd79af7121a0225a38,600572,256,block-select,1,128,4,operator,30,1.4584795,1.45390525,1.4629442499999998,0.04506028367213938,False,False
3fb8ea1c5cea68ee8159f3d984c6b8c2e2f70bb5e3ede1cd79af7121a0225a38,600572,256,block-select,1,128,4,output_isolated,30,0.0091535,0.0087065,0.009413999999999999,1.934997541923854,False,False
3fb8ea1c5cea68ee8159f3d984c6b8c2e2f70bb5e3ede1cd79af7121a0225a38,600572,256,block-select,1,128,4,selection_isolated,30,1.446141,1.44300875,1.45012,0.030911577778377077,False,False
3fb8ea1c5cea68ee8159f3d984c6b8c2e2f70bb5e3ede1cd79af7121a0225a38,600572,256,block-select,1,128,4,transform_isolated,30,0.0095545,0.009414,0.0096575,0.9968077869066932,False,False
3fb8ea1c5cea68ee8159f3d984c6b8c2e2f70bb5e3ede1cd79af7121a0225a38,600572,256,block-select,1,128,4,upload_shared,1,0.698808,0.698808,0.698808,1.0,False,False
3fb8ea1c5cea68ee8159f3d984c6b8c2e2f70bb5e3ede1cd79af7121a0225a38,600572,256,grid-select,1,0,0,download,30,0.0084625,0.0083955,0.008595500000000002,0.998877400295421,True,True
3fb8ea1c5cea68ee8159f3d984c6b8c2e2f70bb5e3ede1cd79af7121a0225a38,600572,256,grid-select,1,0,0,operator,30,0.07993600000000001,0.07901475000000001,0.08044125,0.8221514711769414,True,True
3fb8ea1c5cea68ee8159f3d984c6b8c2e2f70bb5e3ede1cd79af7121a0225a38,600572,256,grid-select,1,0,0,output_isolated,30,0.008167500000000001,0.0080945,0.008219500000000001,2.1685950413223134,True,True
3fb8ea1c5cea68ee8159f3d984c6b8c2e2f70bb5e3ede1cd79af7121a0225a38,600572,256,grid-select,1,0,0,selection_isolated,30,0.06815299999999999,0.06799625000000001,0.06823325,0.6559138996082344,True,True
3fb8ea1c5cea68ee8159f3d984c6b8c2e2f70bb5e3ede1cd79af7121a0225a38,600572,256,grid-select,1,0,0,transform_isolated,30,0.009615,0.00951225,0.00975225,0.9905356214248571,True,True
3fb8ea1c5cea68ee8159f3d984c6b8c2e2f70bb5e3ede1cd79af7121a0225a38,600572,256,grid-select,1,0,0,upload_shared,1,0.698808,0.698808,0.698808,1.0,True,True
3fb8ea1c5cea68ee8159f3d984c6b8c2e2f70bb5e3ede1cd79af7121a0225a38,600572,512,air-topk,1,512,0,download,30,0.009209,0.009134,0.00929175,1.0,True,True
3fb8ea1c5cea68ee8159f3d984c6b8c2e2f70bb5e3ede1cd79af7121a0225a38,600572,512,air-topk,1,512,0,operator,30,0.0788845,0.0783415,0.0792875,1.0,True,True
3fb8ea1c5cea68ee8159f3d984c6b8c2e2f70bb5e3ede1cd79af7121a0225a38,600572,512,air-topk,1,512,0,output_isolated,30,0.025883999999999997,0.0257915,0.025991500000000004,1.0,True,True
3fb8ea1c5cea68ee8159f3d984c6b8c2e2f70bb5e3ede1cd79af7121a0225a38,600572,512,air-topk,1,512,0,selection_isolated,30,0.049019499999999994,0.048804,0.049392250000000006,1.0,True,True
3fb8ea1c5cea68ee8159f3d984c6b8c2e2f70bb5e3ede1cd79af7121a0225a38,600572,512,air-topk,1,512,0,transform_isolated,30,0.0096045,0.009486499999999998,0.00966175,1.0,True,True
3fb8ea1c5cea68ee8159f3d984c6b8c2e2f70bb5e3ede1cd79af7121a0225a38,600572,512,air-topk,1,512,0,upload_shared,1,0.698729,0.698729,0.698729,1.0,True,True
3fb8ea1c5cea68ee8159f3d984c6b8c2e2f70bb5e3ede1cd79af7121a0225a38,600572,512,bits-prefetch,1,128,4,download,30,0.009795,0.009219,0.010125,0.9401735579377234,False,False
3fb8ea1c5cea68ee8159f3d984c6b8c2e2f70bb5e3ede1cd79af7121a0225a38,600572,512,bits-prefetch,1,128,4,operator,30,0.8779655,0.876183,0.8791194999999999,0.08984920250283183,False,False
3fb8ea1c5cea68ee8159f3d984c6b8c2e2f70bb5e3ede1cd79af7121a0225a38,600572,512,bits-prefetch,1,128,4,output_isolated,30,0.0087485,0.008532999999999999,0.00932425,2.9586786306223924,False,False
3fb8ea1c5cea68ee8159f3d984c6b8c2e2f70bb5e3ede1cd79af7121a0225a38,600572,512,bits-prefetch,1,128,4,selection_isolated,30,0.865271,0.86420675,0.8670090000000001,0.05665219335907478,False,False
3fb8ea1c5cea68ee8159f3d984c6b8c2e2f70bb5e3ede1cd79af7121a0225a38,600572,512,bits-prefetch,1,128,4,transform_isolated,30,0.0095095,0.0094115,0.0096425,1.0099900099900099,False,False
3fb8ea1c5cea68ee8159f3d984c6b8c2e2f70bb5e3ede1cd79af7121a0225a38,600572,512,bits-prefetch,1,128,4,upload_shared,1,0.70583,0.70583,0.70583,0.9899395038465354,False,False
3fb8ea1c5cea68ee8159f3d984c6b8c2e2f70bb5e3ede1cd79af7121a0225a38,600572,512,bits-prefetch,1,128,7,download,30,0.009374500000000001,0.009179,0.010155,0.9823457251053389,False,False
3fb8ea1c5cea68ee8159f3d984c6b8c2e2f70bb5e3ede1cd79af7121a0225a38,600572,512,bits-prefetch,1,128,7,operator,30,0.701513,0.7009394999999999,0.7023215,0.11244909217648139,False,False
3fb8ea1c5cea68ee8159f3d984c6b8c2e2f70bb5e3ede1cd79af7121a0225a38,600572,512,bits-prefetch,1,128,7,output_isolated,30,0.008853,0.00852475,0.009104,2.9237546594374786,False,False
3fb8ea1c5cea68ee8159f3d984c6b8c2e2f70bb5e3ede1cd79af7121a0225a38,600572,512,bits-prefetch,1,128,7,selection_isolated,30,0.6895994999999999,0.6886807499999998,0.69000575,0.07108401325697017,False,False
3fb8ea1c5cea68ee8159f3d984c6b8c2e2f70bb5e3ede1cd79af7121a0225a38,600572,512,bits-prefetch,1,128,7,transform_isolated,30,0.009529000000000001,0.009442250000000001,0.00978225,1.007923181865883,False,False
3fb8ea1c5cea68ee8159f3d984c6b8c2e2f70bb5e3ede1cd79af7121a0225a38,600572,512,bits-prefetch,1,128,7,upload_shared,1,0.681142,0.681142,0.681142,1.025819873095478,False,False
3fb8ea1c5cea68ee8159f3d984c6b8c2e2f70bb5e3ede1cd79af7121a0225a38,600572,512,bits-prefetch,1,128,8,download,30,0.009288999999999999,0.0091565,0.00984225,0.9913876628269999,False,False
3fb8ea1c5cea68ee8159f3d984c6b8c2e2f70bb5e3ede1cd79af7121a0225a38,600572,512,bits-prefetch,1,128,8,operator,30,0.5602590000000001,0.559047,0.56124,0.1408000585443518,False,False
3fb8ea1c5cea68ee8159f3d984c6b8c2e2f70bb5e3ede1cd79af7121a0225a38,600572,512,bits-prefetch,1,128,8,output_isolated,30,0.008833500000000001,0.008438000000000001,0.00914375,2.930208863983698,False,False
3fb8ea1c5cea68ee8159f3d984c6b8c2e2f70bb5e3ede1cd79af7121a0225a38,600572,512,bits-prefetch,1,128,8,selection_isolated,30,0.548421,0.54728675,0.5489795000000001,0.08938297402907619,False,False
3fb8ea1c5cea68ee8159f3d984c6b8c2e2f70bb5e3ede1cd79af7121a0225a38,600572,512,bits-prefetch,1,128,8,transform_isolated,30,0.009514499999999999,0.00942425,0.00960475,1.0094592464133691,False,False
3fb8ea1c5cea68ee8159f3d984c6b8c2e2f70bb5e3ede1cd79af7121a0225a38,600572,512,bits-prefetch,1,128,8,upload_shared,1,0.6863,0.6863,0.6863,1.0181101559084949,False,False
3fb8ea1c5cea68ee8159f3d984c6b8c2e2f70bb5e3ede1cd79af7121a0225a38,600572,512,bits-prefetch,1,128,13,download,30,0.009594499999999999,0.009174,0.009915,0.9598207306269219,False,False
3fb8ea1c5cea68ee8159f3d984c6b8c2e2f70bb5e3ede1cd79af7121a0225a38,600572,512,bits-prefetch,1,128,13,operator,30,0.487148,0.4865995,0.48760074999999997,0.16193128166388857,False,False
3fb8ea1c5cea68ee8159f3d984c6b8c2e2f70bb5e3ede1cd79af7121a0225a38,600572,512,bits-prefetch,1,128,13,output_isolated,30,0.008558,0.008433,0.008978,3.0245384435615796,False,False
3fb8ea1c5cea68ee8159f3d984c6b8c2e2f70bb5e3ede1cd79af7121a0225a38,600572,512,bits-prefetch,1,128,13,selection_isolated,30,0.475455,0.47508500000000004,0.4757185,0.1031001882407378,False,False
3fb8ea1c5cea68ee8159f3d984c6b8c2e2f70bb5e3ede1cd79af7121a0225a38,600572,512,bits-prefetch,1,128,13,transform_isolated,30,0.0094595,0.009399,0.00954225,1.0153285057349755,False,False
3fb8ea1c5cea68ee8159f3d984c6b8c2e2f70bb5e3ede1cd79af7121a0225a38,600572,512,bits-prefetch,1,128,13,upload_shared,1,0.703496,0.703496,0.703496,0.9932238420687538,False,False
3fb8ea1c5cea68ee8159f3d984c6b8c2e2f70bb5e3ede1cd79af7121a0225a38,600572,512,bits-prefetch,1,128,16,download,30,0.00933,0.0091965,0.00979,0.9870310825294749,False,False
3fb8ea1c5cea68ee8159f3d984c6b8c2e2f70bb5e3ede1cd79af7121a0225a38,600572,512,bits-prefetch,1,128,16,operator,30,0.45963699999999996,0.45854675,0.460478,0.17162347678711679,False,False
3fb8ea1c5cea68ee8159f3d984c6b8c2e2f70bb5e3ede1cd79af7121a0225a38,600572,512,bits-prefetch,1,128,16,output_isolated,30,0.008573,0.008355499999999998,0.008948250000000001,3.019246471480228,False,False
3fb8ea1c5cea68ee8159f3d984c6b8c2e2f70bb5e3ede1cd79af7121a0225a38,600572,512,bits-prefetch,1,128,16,selection_isolated,30,0.447639,0.447142,0.44795399999999996,0.1095067677302469,False,False
3fb8ea1c5cea68ee8159f3d984c6b8c2e2f70bb5e3ede1cd79af7121a0225a38,600572,512,bits-prefetch,1,128,16,transform_isolated,30,0.009469,0.009409,0.0095925,1.014309853205196,False,False
3fb8ea1c5cea68ee8159f3d984c6b8c2e2f70bb5e3ede1cd79af7121a0225a38,600572,512,bits-prefetch,1,128,16,upload_shared,1,0.694703,0.694703,0.694703,1.005795282300494,False,False
3fb8ea1c5cea68ee8159f3d984c6b8c2e2f70bb5e3ede1cd79af7121a0225a38,600572,512,bits-prefetch,1,256,4,download,30,0.0096195,0.009199,0.010177499999999999,0.9573262643588545,False,False
3fb8ea1c5cea68ee8159f3d984c6b8c2e2f70bb5e3ede1cd79af7121a0225a38,600572,512,bits-prefetch,1,256,4,operator,30,0.456857,0.45598874999999994,0.45776825000000004,0.1726678150931254,False,False
3fb8ea1c5cea68ee8159f3d984c6b8c2e2f70bb5e3ede1cd79af7121a0225a38,600572,512,bits-prefetch,1,256,4,output_isolated,30,0.008663500000000001,0.008550499999999999,0.00892625,2.987707046805563,False,False
3fb8ea1c5cea68ee8159f3d984c6b8c2e2f70bb5e3ede1cd79af7121a0225a38,600572,512,bits-prefetch,1,256,4,selection_isolated,30,0.4452395,0.443853,0.4461335,0.11009692536264189,False,False
3fb8ea1c5cea68ee8159f3d984c6b8c2e2f70bb5e3ede1cd79af7121a0225a38,600572,512,bits-prefetch,1,256,4,transform_isolated,30,0.0094845,0.009424,0.00969175,1.0126522220464969,False,False
3fb8ea1c5cea68ee8159f3d984c6b8c2e2f70bb5e3ede1cd79af7121a0225a38,600572,512,bits-prefetch,1,256,4,upload_shared,1,0.694543,0.694543,0.694543,1.0060269846503385,False,False
3fb8ea1c5cea68ee8159f3d984c6b8c2e2f70bb5e3ede1cd79af7121a0225a38,600572,512,bits-prefetch,1,256,7,download,30,0.009298999999999998,0.009184000000000001,0.009760000000000001,0.9903215399505325,False,False
3fb8ea1c5cea68ee8159f3d984c6b8c2e2f70bb5e3ede1cd79af7121a0225a38,600572,512,bits-prefetch,1,256,7,operator,30,0.3533455,0.35281000000000007,0.353951,0.22325033147443507,False,False
3fb8ea1c5cea68ee8159f3d984c6b8c2e2f70bb5e3ede1cd79af7121a0225a38,600572,512,bits-prefetch,1,256,7,output_isolated,30,0.008558,0.00839775,0.008876249999999999,3.0245384435615796,False,False
3fb8ea1c5cea68ee8159f3d984c6b8c2e2f70bb5e3ede1cd79af7121a0225a38,600572,512,bits-prefetch,1,256,7,selection_isolated,30,0.341628,0.34120700000000004,0.341898,0.14348794595290784,False,False
3fb8ea1c5cea68ee8159f3d984c6b8c2e2f70bb5e3ede1cd79af7121a0225a38,600572,512,bits-prefetch,1,256,7,transform_isolated,30,0.009503999999999999,0.00945675,0.00966475,1.010574494949495,False,False
3fb8ea1c5cea68ee8159f3d984c6b8c2e2f70bb5e3ede1cd79af7121a0225a38,600572,512,bits-prefetch,1,256,7,upload_shared,1,0.695124,0.695124,0.695124,1.0051861250654561,False,False
3fb8ea1c5cea68ee8159f3d984c6b8c2e2f70bb5e3ede1cd79af7121a0225a38,600572,512,bits-prefetch,1,256,8,download,30,0.009164,0.009093249999999999,0.009822500000000001,1.0049105194238324,False,False
3fb8ea1c5cea68ee8159f3d984c6b8c2e2f70bb5e3ede1cd79af7121a0225a38,600572,512,bits-prefetch,1,256,8,operator,30,0.3407865,0.34028499999999995,0.341303,0.2314777727404108,False,False
3fb8ea1c5cea68ee8159f3d984c6b8c2e2f70bb5e3ede1cd79af7121a0225a38,600572,512,bits-prefetch,1,256,8,output_isolated,30,0.008583,0.008400500000000002,0.008850750000000001,3.015728766165676,False,False
3fb8ea1c5cea68ee8159f3d984c6b8c2e2f70bb5e3ede1cd79af7121a0225a38,600572,512,bits-prefetch,1,256,8,selection_isolated,30,0.328468,0.328007,0.32945225,0.14923675974524153,False,False
3fb8ea1c5cea68ee8159f3d984c6b8c2e2f70bb5e3ede1cd79af7121a0225a38,600572,512,bits-prefetch,1,256,8,transform_isolated,30,0.0094945,0.00943425,0.009662249999999999,1.0115856548528095,False,False
3fb8ea1c5cea68ee8159f3d984c6b8c2e2f70bb5e3ede1cd79af7121a0225a38,600572,512,bits-prefetch,1,256,8,upload_shared,1,0.707763,0.707763,0.707763,0.987235840245958,False,False
3fb8ea1c5cea68ee8159f3d984c6b8c2e2f70bb5e3ede1cd79af7121a0225a38,600572,512,bits-prefetch,1,256,13,download,30,0.009475,0.009139,0.009745,0.9719261213720316,False,False
3fb8ea1c5cea68ee8159f3d984c6b8c2e2f70bb5e3ede1cd79af7121a0225a38,600572,512,bits-prefetch,1,256,13,operator,30,0.3066295,0.3062715,0.3070175,0.2572632444040772,False,False
3fb8ea1c5cea68ee8159f3d984c6b8c2e2f70bb5e3ede1cd79af7121a0225a38,600572,512,bits-prefetch,1,256,13,output_isolated,30,0.008633,0.008458,0.008913,2.998262481176879,False,False
3fb8ea1c5cea68ee8159f3d984c6b8c2e2f70bb5e3ede1cd79af7121a0225a38,600572,512,bits-prefetch,1,256,13,selection_isolated,30,0.2945415,0.2942075,0.294877,0.1664264628244237,False,False
3fb8ea1c5cea68ee8159f3d984c6b8c2e2f70bb5e3ede1cd79af7121a0225a38,600572,512,bits-prefetch,1,256,13,transform_isolated,30,0.0096545,0.00953725,0.00975175,0.9948210678957999,False,False
3fb8ea1c5cea68ee8159f3d984c6b8c2e2f70bb5e3ede1cd79af7121a0225a38,600572,512,bits-prefetch,1,256,13,upload_shared,1,0.6953239999999999,0.6953239999999999,0.6953239999999999,1.0048969976586457,False,False
3fb8ea1c5cea68ee8159f3d984c6b8c2e2f70bb5e3ede1cd79af7121a0225a38,600572,512,bits-prefetch,1,256,16,download,30,0.009504,0.0091465,0.01008,0.9689604377104377,False,False
3fb8ea1c5cea68ee8159f3d984c6b8c2e2f70bb5e3ede1cd79af7121a0225a38,600572,512,bits-prefetch,1,256,16,operator,30,0.37096700000000005,0.370657,0.371212,0.21264559920424184,False,False
3fb8ea1c5cea68ee8159f3d984c6b8c2e2f70bb5e3ede1cd79af7121a0225a38,600572,512,bits-prefetch,1,256,16,output_isolated,30,0.0084475,0.00835225,0.008750500000000001,3.06410180526783,False,False
3fb8ea1c5cea68ee8159f3d984c6b8c2e2f70bb5e3ede1cd79af7121a0225a38,600572,512,bits-prefetch,1,256,16,selection_isolated,30,0.3587885,0.35854149999999996,0.35897650000000003,0.13662505905289604,False,False
3fb8ea1c5cea68ee8159f3d984c6b8c2e2f70bb5e3ede1cd79af7121a0225a38,600572,512,bits-prefetch,1,256,16,transform_isolated,30,0.009524000000000001,0.00943675,0.0095825,1.0084523309533808,False,False
3fb8ea1c5cea68ee8159f3d984c6b8c2e2f70bb5e3ede1cd79af7121a0225a38,600572,512,bits-prefetch,1,256,16,upload_shared,1,0.702875,0.702875,0.702875,0.9941013693757781,False,False
3fb8ea1c5cea68ee8159f3d984c6b8c2e2f70bb5e3ede1cd79af7121a0225a38,600572,512,bits-prefetch,1,512,4,download,30,0.009374,0.009194,0.009845,0.9823981224663964,False,False
3fb8ea1c5cea68ee8159f3d984c6b8c2e2f70bb5e3ede1cd79af7121a0225a38,600572,512,bits-prefetch,1,512,4,operator,30,0.311337,0.31085850000000004,0.311993,0.25337335427527086,False,False
3fb8ea1c5cea68ee8159f3d984c6b8c2e2f70bb5e3ede1cd79af7121a0225a38,600572,512,bits-prefetch,1,512,4,output_isolated,30,0.008558,0.00830775,0.0087855,3.0245384435615796,False,False
3fb8ea1c5cea68ee8159f3d984c6b8c2e2f70bb5e3ede1cd79af7121a0225a38,600572,512,bits-prefetch,1,512,4,selection_isolated,30,0.298993,0.2986645,0.29950150000000003,0.16394865431632177,False,False
3fb8ea1c5cea68ee8159f3d984c6b8c2e2f70bb5e3ede1cd79af7121a0225a38,600572,512,bits-prefetch,1,512,4,transform_isolated,30,0.009559499999999999,0.009446749999999999,0.00970175,1.004707359171505,False,False
3fb8ea1c5cea68ee8159f3d984c6b8c2e2f70bb5e3ede1cd79af7121a0225a38,600572,512,bits-prefetch,1,512,4,upload_shared,1,0.7002809999999999,0.7002809999999999,0.7002809999999999,0.9977837468102092,False,False
3fb8ea1c5cea68ee8159f3d984c6b8c2e2f70bb5e3ede1cd79af7121a0225a38,600572,512,bits-prefetch,1,512,7,download,30,0.009273499999999999,0.00916875,0.009607500000000001,0.9930446972556211,False,False
3fb8ea1c5cea68ee8159f3d984c6b8c2e2f70bb5e3ede1cd79af7121a0225a38,600572,512,bits-prefetch,1,512,7,operator,30,0.2683915,0.267946,0.2685845,0.29391579092482434,False,False
3fb8ea1c5cea68ee8159f3d984c6b8c2e2f70bb5e3ede1cd79af7121a0225a38,600572,512,bits-prefetch,1,512,7,output_isolated,30,0.0084175,0.008323,0.0086705,3.075022275022275,False,False
3fb8ea1c5cea68ee8159f3d984c6b8c2e2f70bb5e3ede1cd79af7121a0225a38,600572,512,bits-prefetch,1,512,7,selection_isolated,30,0.256233,0.25598025,0.25660875,0.1913083014287777,False,False
3fb8ea1c5cea68ee8159f3d984c6b8c2e2f70bb5e3ede1cd79af7121a0225a38,600572,512,bits-prefetch,1,512,7,transform_isolated,30,0.0095195,0.00948425,0.009607250000000001,1.008929040390777,False,False
3fb8ea1c5cea68ee8159f3d984c6b8c2e2f70bb5e3ede1cd79af7121a0225a38,600572,512,bits-prefetch,1,512,7,upload_shared,1,0.702735,0.702735,0.702735,0.9942994158537714,False,False
3fb8ea1c5cea68ee8159f3d984c6b8c2e2f70bb5e3ede1cd79af7121a0225a38,600572,512,bits-prefetch,1,512,8,download,30,0.009284,0.009144,0.009766750000000001,0.9919215855234812,True,False
3fb8ea1c5cea68ee8159f3d984c6b8c2e2f70bb5e3ede1cd79af7121a0225a38,600572,512,bits-prefetch,1,512,8,operator,30,0.266664,0.26619649999999995,0.26705225,0.29581983319833194,True,False
3fb8ea1c5cea68ee8159f3d984c6b8c2e2f70bb5e3ede1cd79af7121a0225a38,600572,512,bits-prefetch,1,512,8,output_isolated,30,0.0084975,0.008353,0.008838,3.046072374227714,True,False
3fb8ea1c5cea68ee8159f3d984c6b8c2e2f70bb5e3ede1cd79af7121a0225a38,600572,512,bits-prefetch,1,512,8,selection_isolated,30,0.254556,0.25434524999999997,0.25473075,0.19256862929964327,True,False
3fb8ea1c5cea68ee8159f3d984c6b8c2e2f70bb5e3ede1cd79af7121a0225a38,600572,512,bits-prefetch,1,512,8,transform_isolated,30,0.0095095,0.00941975,0.00961475,1.0099900099900099,True,False
3fb8ea1c5cea68ee8159f3d984c6b8c2e2f70bb5e3ede1cd79af7121a0225a38,600572,512,bits-prefetch,1,512,8,upload_shared,1,0.6932210000000001,0.6932210000000001,0.6932210000000001,1.0079455180959607,True,False
3fb8ea1c5cea68ee8159f3d984c6b8c2e2f70bb5e3ede1cd79af7121a0225a38,600572,512,bits-prefetch,1,512,13,download,30,0.009359,0.0092065,0.0097875,0.9839726466502833,False,False
3fb8ea1c5cea68ee8159f3d984c6b8c2e2f70bb5e3ede1cd79af7121a0225a38,600572,512,bits-prefetch,1,512,13,operator,30,0.272859,0.27231974999999997,0.27307149999999997,0.28910352966183994,False,False
3fb8ea1c5cea68ee8159f3d984c6b8c2e2f70bb5e3ede1cd79af7121a0225a38,600572,512,bits-prefetch,1,512,13,output_isolated,30,0.0084825,0.00838225,0.008678,3.0514588859416443,False,False
3fb8ea1c5cea68ee8159f3d984c6b8c2e2f70bb5e3ede1cd79af7121a0225a38,600572,512,bits-prefetch,1,512,13,selection_isolated,30,0.26061,0.26053750000000003,0.2608225,0.18809523809523807,False,False
3fb8ea1c5cea68ee8159f3d984c6b8c2e2f70bb5e3ede1cd79af7121a0225a38,600572,512,bits-prefetch,1,512,13,transform_isolated,30,0.0095095,0.00942975,0.00965925,1.0099900099900099,False,False
3fb8ea1c5cea68ee8159f3d984c6b8c2e2f70bb5e3ede1cd79af7121a0225a38,600572,512,bits-prefetch,1,512,13,upload_shared,1,0.697747,0.697747,0.697747,1.001407386918181,False,False
3fb8ea1c5cea68ee8159f3d984c6b8c2e2f70bb5e3ede1cd79af7121a0225a38,600572,512,bits-prefetch,1,512,16,download,30,0.009304,0.009123250000000001,0.009441749999999999,0.9897893379191746,False,False
3fb8ea1c5cea68ee8159f3d984c6b8c2e2f70bb5e3ede1cd79af7121a0225a38,600572,512,bits-prefetch,1,512,16,operator,30,0.28489149999999996,0.28439824999999996,0.2852095,0.27689313299975604,False,False
3fb8ea1c5cea68ee8159f3d984c6b8c2e2f70bb5e3ede1cd79af7121a0225a38,600572,512,bits-prefetch,1,512,16,output_isolated,30,0.008612999999999999,0.008297750000000001,0.008775749999999999,3.005224660397074,False,False
3fb8ea1c5cea68ee8159f3d984c6b8c2e2f70bb5e3ede1cd79af7121a0225a38,600572,512,bits-prefetch,1,512,16,selection_isolated,30,0.27258800000000005,0.27227475,0.2726805,0.17982999985325834,False,False
3fb8ea1c5cea68ee8159f3d984c6b8c2e2f70bb5e3ede1cd79af7121a0225a38,600572,512,bits-prefetch,1,512,16,transform_isolated,30,0.0095895,0.009521749999999999,0.009689749999999999,1.0015642108556233,False,False
3fb8ea1c5cea68ee8159f3d984c6b8c2e2f70bb5e3ede1cd79af7121a0225a38,600572,512,bits-prefetch,1,512,16,upload_shared,1,0.698729,0.698729,0.698729,1.0,False,False
3fb8ea1c5cea68ee8159f3d984c6b8c2e2f70bb5e3ede1cd79af7121a0225a38,600572,512,bits-sq,8,128,4,download,30,0.009454,0.009234,0.0099225,0.9740850433678866,False,False
3fb8ea1c5cea68ee8159f3d984c6b8c2e2f70bb5e3ede1cd79af7121a0225a38,600572,512,bits-sq,8,128,4,operator,30,0.2497435,0.24915025000000002,0.25020899999999996,0.3158620744884251,False,False
3fb8ea1c5cea68ee8159f3d984c6b8c2e2f70bb5e3ede1cd79af7121a0225a38,600572,512,bits-sq,8,128,4,output_isolated,30,0.008598000000000001,0.00844775,0.008720499999999999,3.01046755059316,False,False
3fb8ea1c5cea68ee8159f3d984c6b8c2e2f70bb5e3ede1cd79af7121a0225a38,600572,512,bits-sq,8,128,4,selection_isolated,30,0.237565,0.23726150000000001,0.237841,0.206341422347568,False,False
3fb8ea1c5cea68ee8159f3d984c6b8c2e2f70bb5e3ede1cd79af7121a0225a38,600572,512,bits-sq,8,128,4,transform_isolated,30,0.00963,0.009564,0.00981,0.9973520249221184,False,False
3fb8ea1c5cea68ee8159f3d984c6b8c2e2f70bb5e3ede1cd79af7121a0225a38,600572,512,bits-sq,8,128,4,upload_shared,1,0.70583,0.70583,0.70583,0.9899395038465354,False,False
3fb8ea1c5cea68ee8159f3d984c6b8c2e2f70bb5e3ede1cd79af7121a0225a38,600572,512,bits-sq,8,128,7,download,30,0.009304,0.0091965,0.0098525,0.9897893379191746,False,False
3fb8ea1c5cea68ee8159f3d984c6b8c2e2f70bb5e3ede1cd79af7121a0225a38,600572,512,bits-sq,8,128,7,operator,30,0.226368,0.225867,0.22680125,0.3484790253039298,False,False
3fb8ea1c5cea68ee8159f3d984c6b8c2e2f70bb5e3ede1cd79af7121a0225a38,600572,512,bits-sq,8,128,7,output_isolated,30,0.008618,0.008514750000000001,0.008800500000000001,3.003481086098862,False,False
3fb8ea1c5cea68ee8159f3d984c6b8c2e2f70bb5e3ede1cd79af7121a0225a38,600572,512,bits-sq,8,128,7,selection_isolated,30,0.2142095,0.213964,0.21442250000000002,0.22883905709130545,False,False
3fb8ea1c5cea68ee8159f3d984c6b8c2e2f70bb5e3ede1cd79af7121a0225a38,600572,512,bits-sq,8,128,7,transform_isolated,30,0.009704,0.009666749999999998,0.009832500000000001,0.9897464962901895,False,False
3fb8ea1c5cea68ee8159f3d984c6b8c2e2f70bb5e3ede1cd79af7121a0225a38,600572,512,bits-sq,8,128,7,upload_shared,1,0.681142,0.681142,0.681142,1.025819873095478,False,False
3fb8ea1c5cea68ee8159f3d984c6b8c2e2f70bb5e3ede1cd79af7121a0225a38,600572,512,bits-sq,8,128,8,download,30,0.009254,0.009086499999999999,0.009479000000000001,0.9951372379511563,False,False
3fb8ea1c5cea68ee8159f3d984c6b8c2e2f70bb5e3ede1cd79af7121a0225a38,600572,512,bits-sq,8,128,8,operator,30,0.233584,0.233243,0.233809,0.3377136276457291,False,False
3fb8ea1c5cea68ee8159f3d984c6b8c2e2f70bb5e3ede1cd79af7121a0225a38,600572,512,bits-sq,8,128,8,output_isolated,30,0.008593,0.00845225,0.00875575,3.0122192482252994,False,False
3fb8ea1c5cea68ee8159f3d984c6b8c2e2f70bb5e3ede1cd79af7121a0225a38,600572,512,bits-sq,8,128,8,selection_isolated,30,0.221085,0.22093925,0.22132025,0.22172241445597843,False,False
3fb8ea1c5cea68ee8159f3d984c6b8c2e2f70bb5e3ede1cd79af7121a0225a38,600572,512,bits-sq,8,128,8,transform_isolated,30,0.0096895,0.00961,0.009781749999999999,0.991227617524124,False,False
3fb8ea1c5cea68ee8159f3d984c6b8c2e2f70bb5e3ede1cd79af7121a0225a38,600572,512,bits-sq,8,128,8,upload_shared,1,0.6863,0.6863,0.6863,1.0181101559084949,False,False
3fb8ea1c5cea68ee8159f3d984c6b8c2e2f70bb5e3ede1cd79af7121a0225a38,600572,512,bits-sq,8,128,13,download,30,0.009389000000000002,0.009149,0.0098675,0.980828629246991,False,False
3fb8ea1c5cea68ee8159f3d984c6b8c2e2f70bb5e3ede1cd79af7121a0225a38,600572,512,bits-sq,8,128,13,operator,30,0.201174,0.20090675000000002,0.2012975,0.3921207511905117,False,False
3fb8ea1c5cea68ee8159f3d984c6b8c2e2f70bb5e3ede1cd79af7121a0225a38,600572,512,bits-sq,8,128,13,output_isolated,30,0.008573,0.008513,0.0087205,3.019246471480228,False,False
3fb8ea1c5cea68ee8159f3d984c6b8c2e2f70bb5e3ede1cd79af7121a0225a38,600572,512,bits-sq,8,128,13,selection_isolated,30,0.188846,0.18873850000000003,0.1891135,0.25957393855310673,False,False
3fb8ea1c5cea68ee8159f3d984c6b8c2e2f70bb5e3ede1cd79af7121a0225a38,600572,512,bits-sq,8,128,13,transform_isolated,30,0.009765000000000001,0.00966425,0.0099125,0.983563748079877,False,False
3fb8ea1c5cea68ee8159f3d984c6b8c2e2f70bb5e3ede1cd79af7121a0225a38,600572,512,bits-sq,8,128,13,upload_shared,1,0.703496,0.703496,0.703496,0.9932238420687538,False,False
3fb8ea1c5cea68ee8159f3d984c6b8c2e2f70bb5e3ede1cd79af7121a0225a38,600572,512,bits-sq,8,128,16,download,30,0.009309,0.0091765,0.0098125,0.9892577075948008,False,False
3fb8ea1c5cea68ee8159f3d984c6b8c2e2f70bb5e3ede1cd79af7121a0225a38,600572,512,bits-sq,8,128,16,operator,30,0.208456,0.20814825,0.2087135,0.3784227846643896,False,False
3fb8ea1c5cea68ee8159f3d984c6b8c2e2f70bb5e3ede1cd79af7121a0225a38,600572,512,bits-sq,8,128,16,output_isolated,30,0.008598000000000001,0.00842025,0.008691250000000001,3.01046755059316,False,False
3fb8ea1c5cea68ee8159f3d984c6b8c2e2f70bb5e3ede1cd79af7121a0225a38,600572,512,bits-sq,8,128,16,selection_isolated,30,0.196318,0.19617949999999998,0.19641524999999999,0.24969437341456208,False,False
3fb8ea1c5cea68ee8159f3d984c6b8c2e2f70bb5e3ede1cd79af7121a0225a38,600572,512,bits-sq,8,128,16,transform_isolated,30,0.009719499999999999,0.00964725,0.009815,0.9881681156438089,False,False
3fb8ea1c5cea68ee8159f3d984c6b8c2e2f70bb5e3ede1cd79af7121a0225a38,600572,512,bits-sq,8,128,16,upload_shared,1,0.694703,0.694703,0.694703,1.005795282300494,False,False
3fb8ea1c5cea68ee8159f3d984c6b8c2e2f70bb5e3ede1cd79af7121a0225a38,600572,512,bits-sq,8,256,4,download,30,0.009174,0.009106499999999998,0.0094215,1.0038151297144102,False,False
3fb8ea1c5cea68ee8159f3d984c6b8c2e2f70bb5e3ede1cd79af7121a0225a38,600572,512,bits-sq,8,256,4,operator,30,0.1576535,0.15732125,0.1582875,0.500366309660109,False,False
3fb8ea1c5cea68ee8159f3d984c6b8c2e2f70bb5e3ede1cd79af7121a0225a38,600572,512,bits-sq,8,256,4,output_isolated,30,0.008628,0.008453,0.0088965,2.9999999999999996,False,False
3fb8ea1c5cea68ee8159f3d984c6b8c2e2f70bb5e3ede1cd79af7121a0225a38,600572,512,bits-sq,8,256,4,selection_isolated,30,0.145821,0.14540599999999998,0.14609925,0.33616214399846384,False,False
3fb8ea1c5cea68ee8159f3d984c6b8c2e2f70bb5e3ede1cd79af7121a0225a38,600572,512,bits-sq,8,256,4,transform_isolated,30,0.0095195,0.0094365,0.009621499999999998,1.008929040390777,False,False
3fb8ea1c5cea68ee8159f3d984c6b8c2e2f70bb5e3ede1cd79af7121a0225a38,600572,512,bits-sq,8,256,4,upload_shared,1,0.694543,0.694543,0.694543,1.0060269846503385,False,False
3fb8ea1c5cea68ee8159f3d984c6b8c2e2f70bb5e3ede1cd79af7121a0225a38,600572,512,bits-sq,8,256,7,download,30,0.009249,0.00914625,0.0094615,0.9956752081306087,False,False
3fb8ea1c5cea68ee8159f3d984c6b8c2e2f70bb5e3ede1cd79af7121a0225a38,600572,512,bits-sq,8,256,7,operator,30,0.146982,0.1468255,0.14719025000000002,0.5366949694520418,False,False
3fb8ea1c5cea68ee8159f3d984c6b8c2e2f70bb5e3ede1cd79af7121a0225a38,600572,512,bits-sq,8,256,7,output_isolated,30,0.008603,0.008473,0.008683,3.0087178891084503,False,False
3fb8ea1c5cea68ee8159f3d984c6b8c2e2f70bb5e3ede1cd79af7121a0225a38,600572,512,bits-sq,8,256,7,selection_isolated,30,0.1351,0.13498975000000002,0.13529000000000002,0.3628386380458919,False,False
3fb8ea1c5cea68ee8159f3d984c6b8c2e2f70bb5e3ede1cd79af7121a0225a38,600572,512,bits-sq,8,256,7,transform_isolated,30,0.0095245,0.009451499999999998,0.00971725,1.0083993910441493,False,False
3fb8ea1c5cea68ee8159f3d984c6b8c2e2f70bb5e3ede1cd79af7121a0225a38,600572,512,bits-sq,8,256,7,upload_shared,1,0.695124,0.695124,0.695124,1.0051861250654561,False,False
3fb8ea1c5cea68ee8159f3d984c6b8c2e2f70bb5e3ede1cd79af7121a0225a38,600572,512,bits-sq,8,256,8,download,30,0.009134,0.009063,0.0093265,1.0082110794832495,False,False
3fb8ea1c5cea68ee8159f3d984c6b8c2e2f70bb5e3ede1cd79af7121a0225a38,600572,512,bits-sq,8,256,8,operator,30,0.14500449999999998,0.1446465,0.145465,0.5440141512849602,False,False
3fb8ea1c5cea68ee8159f3d984c6b8c2e2f70bb5e3ede1cd79af7121a0225a38,600572,512,bits-sq,8,256,8,output_isolated,30,0.008673,0.008508,0.00883575,2.9844344517468,False,False
3fb8ea1c5cea68ee8159f3d984c6b8c2e2f70bb5e3ede1cd79af7121a0225a38,600572,512,bits-sq,8,256,8,selection_isolated,30,0.132942,0.13264349999999997,0.133152,0.36872846805373766,False,False
3fb8ea1c5cea68ee8159f3d984c6b8c2e2f70bb5e3ede1cd79af7121a0225a38,600572,512,bits-sq,8,256,8,transform_isolated,30,0.009505,0.00942925,0.009715,1.0104681746449238,False,False
3fb8ea1c5cea68ee8159f3d984c6b8c2e2f70bb5e3ede1cd79af7121a0225a38,600572,512,bits-sq,8,256,8,upload_shared,1,0.707763,0.707763,0.707763,0.987235840245958,False,False
3fb8ea1c5cea68ee8159f3d984c6b8c2e2f70bb5e3ede1cd79af7121a0225a38,600572,512,bits-sq,8,256,13,download,30,0.009259,0.0091465,0.009447249999999999,0.9945998487957664,False,False
3fb8ea1c5cea68ee8159f3d984c6b8c2e2f70bb5e3ede1cd79af7121a0225a38,600572,512,bits-sq,8,256,13,operator,30,0.15984700000000002,0.15964199999999998,0.1603055,0.49350003440790247,False,False
3fb8ea1c5cea68ee8159f3d984c6b8c2e2f70bb5e3ede1cd79af7121a0225a38,600572,512,bits-sq,8,256,13,output_isolated,30,0.008833500000000001,0.00868825,0.008941499999999998,2.930208863983698,False,False
3fb8ea1c5cea68ee8159f3d984c6b8c2e2f70bb5e3ede1cd79af7121a0225a38,600572,512,bits-sq,8,256,13,selection_isolated,30,0.147944,0.147734,0.14811675,0.33133820905207373,False,False
3fb8ea1c5cea68ee8159f3d984c6b8c2e2f70bb5e3ede1cd79af7121a0225a38,600572,512,bits-sq,8,256,13,transform_isolated,30,0.0094795,0.009434,0.00967175,1.013186349491007,False,False
3fb8ea1c5cea68ee8159f3d984c6b8c2e2f70bb5e3ede1cd79af7121a0225a38,600572,512,bits-sq,8,256,13,upload_shared,1,0.6953239999999999,0.6953239999999999,0.6953239999999999,1.0048969976586457,False,False
3fb8ea1c5cea68ee8159f3d984c6b8c2e2f70bb5e3ede1cd79af7121a0225a38,600572,512,bits-sq,8,256,16,download,30,0.009164,0.009076500000000001,0.0092915,1.0049105194238324,False,False
3fb8ea1c5cea68ee8159f3d984c6b8c2e2f70bb5e3ede1cd79af7121a0225a38,600572,512,bits-sq,8,256,16,operator,30,0.172321,0.17207350000000002,0.17286525,0.4577764752990059,False,False
3fb8ea1c5cea68ee8159f3d984c6b8c2e2f70bb5e3ede1cd79af7121a0225a38,600572,512,bits-sq,8,256,16,output_isolated,30,0.0087485,0.008580500000000001,0.008900499999999999,2.9586786306223924,False,False
3fb8ea1c5cea68ee8159f3d984c6b8c2e2f70bb5e3ede1cd79af7121a0225a38,600572,512,bits-sq,8,256,16,selection_isolated,30,0.16040300000000002,0.1601795,0.16058075,0.3056021396108551,False,False
3fb8ea1c5cea68ee8159f3d984c6b8c2e2f70bb5e3ede1cd79af7121a0225a38,600572,512,bits-sq,8,256,16,transform_isolated,30,0.0096795,0.00961675,0.00980675,0.9922516658918332,False,False
3fb8ea1c5cea68ee8159f3d984c6b8c2e2f70bb5e3ede1cd79af7121a0225a38,600572,512,bits-sq,8,256,16,upload_shared,1,0.702875,0.702875,0.702875,0.9941013693757781,False,False
3fb8ea1c5cea68ee8159f3d984c6b8c2e2f70bb5e3ede1cd79af7121a0225a38,600572,512,bits-sq,8,512,4,download,30,0.0092795,0.009226499999999999,0.00956175,0.9924026078991326,False,False
3fb8ea1c5cea68ee8159f3d984c6b8c2e2f70bb5e3ede1cd79af7121a0225a38,600572,512,bits-sq,8,512,4,operator,30,0.1472135,0.14697775,0.147598,0.5358509919266915,False,False
3fb8ea1c5cea68ee8159f3d984c6b8c2e2f70bb5e3ede1cd79af7121a0225a38,600572,512,bits-sq,8,512,4,output_isolated,30,0.0086935,0.0085405,0.00882375,2.977396905734169,False,False
3fb8ea1c5cea68ee8159f3d984c6b8c2e2f70bb5e3ede1cd79af7121a0225a38,600572,512,bits-sq,8,512,4,selection_isolated,30,0.135466,0.13516675,0.135646,0.3618583260744393,False,False
3fb8ea1c5cea68ee8159f3d984c6b8c2e2f70bb5e3ede1cd79af7121a0225a38,600572,512,bits-sq,8,512,4,transform_isolated,30,0.0094695,0.009424,0.009651749999999999,1.0142562965309678,False,False
3fb8ea1c5cea68ee8159f3d984c6b8c2e2f70bb5e3ede1cd79af7121a0225a38,600572,512,bits-sq,8,512,4,upload_shared,1,0.7002809999999999,0.7002809999999999,0.7002809999999999,0.9977837468102092,False,False
3fb8ea1c5cea68ee8159f3d984c6b8c2e2f70bb5e3ede1cd79af7121a0225a38,600572,512,bits-sq,8,512,7,download,30,0.009309499999999998,0.0091965,0.00961675,0.9892045759707827,False,False
3fb8ea1c5cea68ee8159f3d984c6b8c2e2f70bb5e3ede1cd79af7121a0225a38,600572,512,bits-sq,8,512,7,operator,30,0.16268149999999998,0.16231525000000002,0.163047,0.4849014792708452,False,False
3fb8ea1c5cea68ee8159f3d984c6b8c2e2f70bb5e3ede1cd79af7121a0225a38,600572,512,bits-sq,8,512,7,output_isolated,30,0.008573,0.008445500000000002,0.008773250000000002,3.019246471480228,False,False
3fb8ea1c5cea68ee8159f3d984c6b8c2e2f70bb5e3ede1cd79af7121a0225a38,600572,512,bits-sq,8,512,7,selection_isolated,30,0.150623,0.150448,0.1507355,0.3254449851616286,False,False
3fb8ea1c5cea68ee8159f3d984c6b8c2e2f70bb5e3ede1cd79af7121a0225a38,600572,512,bits-sq,8,512,7,transform_isolated,30,0.009519,0.009454249999999999,0.00959225,1.0089820359281438,False,False
3fb8ea1c5cea68ee8159f3d984c6b8c2e2f70bb5e3ede1cd79af7121a0225a38,600572,512,bits-sq,8,512,7,upload_shared,1,0.702735,0.702735,0.702735,0.9942994158537714,False,False
3fb8ea1c5cea68ee8159f3d984c6b8c2e2f70bb5e3ede1cd79af7121a0225a38,600572,512,bits-sq,8,512,8,download,30,0.009234,0.00914825,0.0093565,0.9972926142516787,False,False
3fb8ea1c5cea68ee8159f3d984c6b8c2e2f70bb5e3ede1cd79af7121a0225a38,600572,512,bits-sq,8,512,8,operator,30,0.167754,0.16730075,0.168155,0.47023915972197383,False,False
3fb8ea1c5cea68ee8159f3d984c6b8c2e2f70bb5e3ede1cd79af7121a0225a38,600572,512,bits-sq,8,512,8,output_isolated,30,0.008693,0.008603000000000001,0.00879825,2.977568158288278,False,False
3fb8ea1c5cea68ee8159f3d984c6b8c2e2f70bb5e3ede1cd79af7121a0225a38,600572,512,bits-sq,8,512,8,selection_isolated,30,0.155771,0.1557085,0.15598599999999999,0.3146895121685037,False,False
3fb8ea1c5cea68ee8159f3d984c6b8c2e2f70bb5e3ede1cd79af7121a0225a38,600572,512,bits-sq,8,512,8,transform_isolated,30,0.0095395,0.009464,0.009662249999999999,1.0068137743068295,False,False
3fb8ea1c5cea68ee8159f3d984c6b8c2e2f70bb5e3ede1cd79af7121a0225a38,600572,512,bits-sq,8,512,8,upload_shared,1,0.6932210000000001,0.6932210000000001,0.6932210000000001,1.0079455180959607,False,False
3fb8ea1c5cea68ee8159f3d984c6b8c2e2f70bb5e3ede1cd79af7121a0225a38,600572,512,bits-sq,8,512,13,download,30,0.009284,0.009204,0.00948925,0.9919215855234812,False,False
3fb8ea1c5cea68ee8159f3d984c6b8c2e2f70bb5e3ede1cd79af7121a0225a38,600572,512,bits-sq,8,512,13,operator,30,0.19494,0.19095649999999997,0.19555174999999997,0.40466040833076844,False,False
3fb8ea1c5cea68ee8159f3d984c6b8c2e2f70bb5e3ede1cd79af7121a0225a38,600572,512,bits-sq,8,512,13,output_isolated,30,0.0086885,0.008498,0.00897325,2.9791103182367493,False,False
3fb8ea1c5cea68ee8159f3d984c6b8c2e2f70bb5e3ede1cd79af7121a0225a38,600572,512,bits-sq,8,512,13,selection_isolated,30,0.178971,0.17882775,0.18024025,0.27389632957294757,False,False
3fb8ea1c5cea68ee8159f3d984c6b8c2e2f70bb5e3ede1cd79af7121a0225a38,600572,512,bits-sq,8,512,13,transform_isolated,30,0.009504,0.00943975,0.009562500000000002,1.010574494949495,False,False
3fb8ea1c5cea68ee8159f3d984c6b8c2e2f70bb5e3ede1cd79af7121a0225a38,600572,512,bits-sq,8,512,13,upload_shared,1,0.697747,0.697747,0.697747,1.001407386918181,False,False
3fb8ea1c5cea68ee8159f3d984c6b8c2e2f70bb5e3ede1cd79af7121a0225a38,600572,512,bits-sq,8,512,16,download,30,0.009269,0.009174,0.009476749999999999,0.9935268097960945,False,False
3fb8ea1c5cea68ee8159f3d984c6b8c2e2f70bb5e3ede1cd79af7121a0225a38,600572,512,bits-sq,8,512,16,operator,30,0.2100035,0.20973050000000001,0.21036900000000003,0.3756342156202158,False,False
3fb8ea1c5cea68ee8159f3d984c6b8c2e2f70bb5e3ede1cd79af7121a0225a38,600572,512,bits-sq,8,512,16,output_isolated,30,0.008568,0.008515499999999999,0.0087705,3.0210084033613445,False,False
3fb8ea1c5cea68ee8159f3d984c6b8c2e2f70bb5e3ede1cd79af7121a0225a38,600572,512,bits-sq,8,512,16,selection_isolated,30,0.1976695,0.1975315,0.19779475000000002,0.24798717050430133,False,False
3fb8ea1c5cea68ee8159f3d984c6b8c2e2f70bb5e3ede1cd79af7121a0225a38,600572,512,bits-sq,8,512,16,transform_isolated,30,0.009579500000000001,0.009486499999999998,0.00966225,1.002609739547993,False,False
3fb8ea1c5cea68ee8159f3d984c6b8c2e2f70bb5e3ede1cd79af7121a0225a38,600572,512,bits-sq,8,512,16,upload_shared,1,0.698729,0.698729,0.698729,1.0,False,False
3fb8ea1c5cea68ee8159f3d984c6b8c2e2f70bb5e3ede1cd79af7121a0225a38,600572,512,bits-sq,32,128,4,download,30,0.009369500000000001,0.009245749999999999,0.009957500000000001,0.9828699503708842,False,False
3fb8ea1c5cea68ee8159f3d984c6b8c2e2f70bb5e3ede1cd79af7121a0225a38,600572,512,bits-sq,32,128,4,operator,30,0.184344,0.1839205,0.18463425,0.42792008419042654,False,False
3fb8ea1c5cea68ee8159f3d984c6b8c2e2f70bb5e3ede1cd79af7121a0225a38,600572,512,bits-sq,32,128,4,output_isolated,30,0.008418,0.0083355,0.008718,3.074839629365645,False,False
3fb8ea1c5cea68ee8159f3d984c6b8c2e2f70bb5e3ede1cd79af7121a0225a38,600572,512,bits-sq,32,128,4,selection_isolated,30,0.17208099999999998,0.17196599999999995,0.17230374999999998,0.28486294245151994,False,False
3fb8ea1c5cea68ee8159f3d984c6b8c2e2f70bb5e3ede1cd79af7121a0225a38,600572,512,bits-sq,32,128,4,transform_isolated,30,0.009729999999999999,0.009625,0.009832500000000001,0.9871017471736897,False,False
3fb8ea1c5cea68ee8159f3d984c6b8c2e2f70bb5e3ede1cd79af7121a0225a38,600572,512,bits-sq,32,128,4,upload_shared,1,0.7016429999999999,0.7016429999999999,0.7016429999999999,0.995846890797742,False,False
3fb8ea1c5cea68ee8159f3d984c6b8c2e2f70bb5e3ede1cd79af7121a0225a38,600572,512,bits-sq,32,128,7,download,30,0.009304,0.009226499999999999,0.0098525,0.9897893379191746,False,False
3fb8ea1c5cea68ee8159f3d984c6b8c2e2f70bb5e3ede1cd79af7121a0225a38,600572,512,bits-sq,32,128,7,operator,30,0.1758515,0.1755535,0.17613175000000003,0.4485858807004774,False,False
3fb8ea1c5cea68ee8159f3d984c6b8c2e2f70bb5e3ede1cd79af7121a0225a38,600572,512,bits-sq,32,128,7,output_isolated,30,0.008493,0.008347750000000001,0.008620500000000001,3.047686329918756,False,False
3fb8ea1c5cea68ee8159f3d984c6b8c2e2f70bb5e3ede1cd79af7121a0225a38,600572,512,bits-sq,32,128,7,selection_isolated,30,0.163633,0.1635205,0.16385625,0.29956976893413917,False,False
3fb8ea1c5cea68ee8159f3d984c6b8c2e2f70bb5e3ede1cd79af7121a0225a38,600572,512,bits-sq,32,128,7,transform_isolated,30,0.009765,0.0096725,0.0098625,0.9835637480798772,False,False
3fb8ea1c5cea68ee8159f3d984c6b8c2e2f70bb5e3ede1cd79af7121a0225a38,600572,512,bits-sq,32,128,7,upload_shared,1,0.694633,0.694633,0.694633,1.0058966389445938,False,False
3fb8ea1c5cea68ee8159f3d984c6b8c2e2f70bb5e3ede1cd79af7121a0225a38,600572,512,bits-sq,32,128,8,download,30,0.009284,0.009204,0.009737250000000001,0.9919215855234812,False,False
3fb8ea1c5cea68ee8159f3d984c6b8c2e2f70bb5e3ede1cd79af7121a0225a38,600572,512,bits-sq,32,128,8,operator,30,0.1787255,0.178055,0.179357,0.4413723839071649,False,False
3fb8ea1c5cea68ee8159f3d984c6b8c2e2f70bb5e3ede1cd79af7121a0225a38,600572,512,bits-sq,32,128,8,output_isolated,30,0.008503,0.0083605,0.008708,3.044102081618252,False,False
3fb8ea1c5cea68ee8159f3d984c6b8c2e2f70bb5e3ede1cd79af7121a0225a38,600572,512,bits-sq,32,128,8,selection_isolated,30,0.166302,0.165936,0.16693275,0.29476193912280063,False,False
3fb8ea1c5cea68ee8159f3d984c6b8c2e2f70bb5e3ede1cd79af7121a0225a38,600572,512,bits-sq,32,128,8,transform_isolated,30,0.0097345,0.009635,0.009845,0.9866454363346859,False,False
3fb8ea1c5cea68ee8159f3d984c6b8c2e2f70bb5e3ede1cd79af7121a0225a38,600572,512,bits-sq,32,128,8,upload_shared,1,0.705449,0.705449,0.705449,0.9904741519231015,False,False
3fb8ea1c5cea68ee8159f3d984c6b8c2e2f70bb5e3ede1cd79af7121a0225a38,600572,512,bits-sq,32,128,13,download,30,0.009284,0.009216499999999999,0.00979475,0.9919215855234812,False,False
3fb8ea1c5cea68ee8159f3d984c6b8c2e2f70bb5e3ede1cd79af7121a0225a38,600572,512,bits-sq,32,128,13,operator,30,0.166327,0.16613699999999998,0.1667905,0.4742735695347117,False,False
3fb8ea1c5cea68ee8159f3d984c6b8c2e2f70bb5e3ede1cd79af7121a0225a38,600572,512,bits-sq,32,128,13,output_isolated,30,0.0084625,0.0083355,0.00881125,3.058670605612998,False,False
3fb8ea1c5cea68ee8159f3d984c6b8c2e2f70bb5e3ede1cd79af7121a0225a38,600572,512,bits-sq,32,128,13,selection_isolated,30,0.15434900000000001,0.15417875,0.15450899999999998,0.3175887112971253,False,False
3fb8ea1c5cea68ee8159f3d984c6b8c2e2f70bb5e3ede1cd79af7121a0225a38,600572,512,bits-sq,32,128,13,transform_isolated,30,0.00985,0.0097075,0.0099125,0.9750761421319798,False,False
3fb8ea1c5cea68ee8159f3d984c6b8c2e2f70bb5e3ede1cd79af7121a0225a38,600572,512,bits-sq,32,128,13,upload_shared,1,0.687472,0.687472,0.687472,1.0163744850699374,False,False
3fb8ea1c5cea68ee8159f3d984c6b8c2e2f70bb5e3ede1cd79af7121a0225a38,600572,512,bits-sq,32,128,16,download,30,0.009264,0.0092065,0.009564,0.9940630397236615,False,False
3fb8ea1c5cea68ee8159f3d984c6b8c2e2f70bb5e3ede1cd79af7121a0225a38,600572,512,bits-sq,32,128,16,operator,30,0.175901,0.17540324999999998,0.1764495,0.4484596449139004,False,False
3fb8ea1c5cea68ee8159f3d984c6b8c2e2f70bb5e3ede1cd79af7121a0225a38,600572,512,bits-sq,32,128,16,output_isolated,30,0.008448,0.00834525,0.008618,3.063920454545454,False,False
3fb8ea1c5cea68ee8159f3d984c6b8c2e2f70bb5e3ede1cd79af7121a0225a38,600572,512,bits-sq,32,128,16,selection_isolated,30,0.163683,0.16356974999999999,0.1637855,0.29947825980706605,False,False
3fb8ea1c5cea68ee8159f3d984c6b8c2e2f70bb5e3ede1cd79af7121a0225a38,600572,512,bits-sq,32,128,16,transform_isolated,30,0.009729999999999999,0.009694000000000001,0.009864999999999999,0.9871017471736897,False,False
3fb8ea1c5cea68ee8159f3d984c6b8c2e2f70bb5e3ede1cd79af7121a0225a38,600572,512,bits-sq,32,128,16,upload_shared,1,0.695875,0.695875,0.695875,1.0041013112987247,False,False
3fb8ea1c5cea68ee8159f3d984c6b8c2e2f70bb5e3ede1cd79af7121a0225a38,600572,512,bits-sq,32,256,4,download,30,0.009234,0.009085749999999998,0.009323999999999999,0.9972926142516787,True,False
3fb8ea1c5cea68ee8159f3d984c6b8c2e2f70bb5e3ede1cd79af7121a0225a38,600572,512,bits-sq,32,256,4,operator,30,0.125661,0.12547,0.1261435,0.6277564240297308,True,False
3fb8ea1c5cea68ee8159f3d984c6b8c2e2f70bb5e3ede1cd79af7121a0225a38,600572,512,bits-sq,32,256,4,output_isolated,30,0.008403,0.00834475,0.00864875,3.0803284541235265,True,False
3fb8ea1c5cea68ee8159f3d984c6b8c2e2f70bb5e3ede1cd79af7121a0225a38,600572,512,bits-sq,32,256,4,selection_isolated,30,0.113923,0.113772,0.1140505,0.4302862459731573,True,False
3fb8ea1c5cea68ee8159f3d984c6b8c2e2f70bb5e3ede1cd79af7121a0225a38,600572,512,bits-sq,32,256,4,transform_isolated,30,0.00954,0.0094365,0.009590000000000001,1.0067610062893082,True,False
3fb8ea1c5cea68ee8159f3d984c6b8c2e2f70bb5e3ede1cd79af7121a0225a38,600572,512,bits-sq,32,256,4,upload_shared,1,0.6852079999999999,0.6852079999999999,0.6852079999999999,1.0197326943059628,True,False
3fb8ea1c5cea68ee8159f3d984c6b8c2e2f70bb5e3ede1cd79af7121a0225a38,600572,512,bits-sq,32,256,7,download,30,0.009369,0.0092365,0.00975675,0.9829224036716832,False,False
3fb8ea1c5cea68ee8159f3d984c6b8c2e2f70bb5e3ede1cd79af7121a0225a38,600572,512,bits-sq,32,256,7,operator,30,0.1275935,0.1273255,0.1279915,0.6182485784934185,False,False
3fb8ea1c5cea68ee8159f3d984c6b8c2e2f70bb5e3ede1cd79af7121a0225a38,600572,512,bits-sq,32,256,7,output_isolated,30,0.008476999999999998,0.008393000000000001,0.008627999999999999,3.0534387165270735,False,False
3fb8ea1c5cea68ee8159f3d984c6b8c2e2f70bb5e3ede1cd79af7121a0225a38,600572,512,bits-sq,32,256,7,selection_isolated,30,0.115731,0.115555,0.11584349999999999,0.4235641271569415,False,False
3fb8ea1c5cea68ee8159f3d984c6b8c2e2f70bb5e3ede1cd79af7121a0225a38,600572,512,bits-sq,32,256,7,transform_isolated,30,0.0095845,0.009506500000000001,0.009705,1.0020867024883928,False,False
3fb8ea1c5cea68ee8159f3d984c6b8c2e2f70bb5e3ede1cd79af7121a0225a38,600572,512,bits-sq,32,256,7,upload_shared,1,0.693321,0.693321,0.693321,1.0078001387524682,False,False
3fb8ea1c5cea68ee8159f3d984c6b8c2e2f70bb5e3ede1cd79af7121a0225a38,600572,512,bits-sq,32,256,8,download,30,0.009298999999999998,0.009211500000000001,0.0095615,0.9903215399505325,False,False
3fb8ea1c5cea68ee8159f3d984c6b8c2e2f70bb5e3ede1cd79af7121a0225a38,600572,512,bits-sq,32,256,8,operator,30,0.12670199999999998,0.12644625,0.1271005,0.6225986961531784,False,False
3fb8ea1c5cea68ee8159f3d984c6b8c2e2f70bb5e3ede1cd79af7121a0225a38,600572,512,bits-sq,32,256,8,output_isolated,30,0.008453,0.008375249999999999,0.008612999999999999,3.062108127292085,False,False
3fb8ea1c5cea68ee8159f3d984c6b8c2e2f70bb5e3ede1cd79af7121a0225a38,600572,512,bits-sq,32,256,8,selection_isolated,30,0.114869,0.1147365,0.1150075,0.4267426372650584,False,False
3fb8ea1c5cea68ee8159f3d984c6b8c2e2f70bb5e3ede1cd79af7121a0225a38,600572,512,bits-sq,32,256,8,transform_isolated,30,0.009514499999999999,0.009476499999999999,0.009640000000000001,1.0094592464133691,False,False
3fb8ea1c5cea68ee8159f3d984c6b8c2e2f70bb5e3ede1cd79af7121a0225a38,600572,512,bits-sq,32,256,8,upload_shared,1,0.7010719999999999,0.7010719999999999,0.7010719999999999,0.9966579752150994,False,False
3fb8ea1c5cea68ee8159f3d984c6b8c2e2f70bb5e3ede1cd79af7121a0225a38,600572,512,bits-sq,32,256,13,download,30,0.009645,0.009529250000000001,0.010017499999999999,0.9547952306894764,False,False
3fb8ea1c5cea68ee8159f3d984c6b8c2e2f70bb5e3ede1cd79af7121a0225a38,600572,512,bits-sq,32,256,13,operator,30,0.140387,0.13999699999999998,0.14081624999999998,0.5619074415722253,False,False
3fb8ea1c5cea68ee8159f3d984c6b8c2e2f70bb5e3ede1cd79af7121a0225a38,600572,512,bits-sq,32,256,13,output_isolated,30,0.008653000000000001,0.008553,0.00888625,2.9913324858430594,False,False
3fb8ea1c5cea68ee8159f3d984c6b8c2e2f70bb5e3ede1cd79af7121a0225a38,600572,512,bits-sq,32,256,13,selection_isolated,30,0.12816450000000001,0.1280215,0.128324,0.38247330579060496,False,False
3fb8ea1c5cea68ee8159f3d984c6b8c2e2f70bb5e3ede1cd79af7121a0225a38,600572,512,bits-sq,32,256,13,transform_isolated,30,0.009649999999999999,0.009504,0.009745,0.9952849740932644,False,False
3fb8ea1c5cea68ee8159f3d984c6b8c2e2f70bb5e3ede1cd79af7121a0225a38,600572,512,bits-sq,32,256,13,upload_shared,1,0.6935910000000001,0.6935910000000001,0.6935910000000001,1.0074078239192839,False,False
3fb8ea1c5cea68ee8159f3d984c6b8c2e2f70bb5e3ede1cd79af7121a0225a38,600572,512,bits-sq,32,256,16,download,30,0.009269,0.009118999999999999,0.009905,0.9935268097960945,False,False
3fb8ea1c5cea68ee8159f3d984c6b8c2e2f70bb5e3ede1cd79af7121a0225a38,600572,512,bits-sq,32,256,16,operator,30,0.1660065,0.16577925,0.16665275,0.475189224518317,False,False
3fb8ea1c5cea68ee8159f3d984c6b8c2e2f70bb5e3ede1cd79af7121a0225a38,600572,512,bits-sq,32,256,16,output_isolated,30,0.0084225,0.0083495,0.008658,3.0731967943009795,False,False
3fb8ea1c5cea68ee8159f3d984c6b8c2e2f70bb5e3ede1cd79af7121a0225a38,600572,512,bits-sq,32,256,16,selection_isolated,30,0.15392850000000002,0.1537455,0.15412399999999998,0.3184562962674228,False,False
3fb8ea1c5cea68ee8159f3d984c6b8c2e2f70bb5e3ede1cd79af7121a0225a38,600572,512,bits-sq,32,256,16,transform_isolated,30,0.0097095,0.009627499999999999,0.00988,0.9891858489108606,False,False
3fb8ea1c5cea68ee8159f3d984c6b8c2e2f70bb5e3ede1cd79af7121a0225a38,600572,512,bits-sq,32,256,16,upload_shared,1,0.693731,0.693731,0.693731,1.0072045216373495,False,False
3fb8ea1c5cea68ee8159f3d984c6b8c2e2f70bb5e3ede1cd79af7121a0225a38,600572,512,bits-sq,32,512,4,download,30,0.009364,0.009226499999999999,0.0100725,0.9834472447671935,False,True
3fb8ea1c5cea68ee8159f3d984c6b8c2e2f70bb5e3ede1cd79af7121a0225a38,600572,512,bits-sq,32,512,4,operator,30,0.1321705,0.13186925,0.1325485,0.5968389315316202,False,True
3fb8ea1c5cea68ee8159f3d984c6b8c2e2f70bb5e3ede1cd79af7121a0225a38,600572,512,bits-sq,32,512,4,output_isolated,30,0.008408,0.00829225,0.008648,3.0784966698382488,False,True
3fb8ea1c5cea68ee8159f3d984c6b8c2e2f70bb5e3ede1cd79af7121a0225a38,600572,512,bits-sq,32,512,4,selection_isolated,30,0.120513,0.12005625,0.120743,0.40675694738326984,False,True
3fb8ea1c5cea68ee8159f3d984c6b8c2e2f70bb5e3ede1cd79af7121a0225a38,600572,512,bits-sq,32,512,4,transform_isolated,30,0.009519,0.009414,0.00958225,1.0089820359281438,False,True
3fb8ea1c5cea68ee8159f3d984c6b8c2e2f70bb5e3ede1cd79af7121a0225a38,600572,512,bits-sq,32,512,4,upload_shared,1,0.686119,0.686119,0.686119,1.0183787360501604,False,True
3fb8ea1c5cea68ee8159f3d984c6b8c2e2f70bb5e3ede1cd79af7121a0225a38,600572,512,bits-sq,32,512,7,download,30,0.0091385,0.0090665,0.009211500000000001,1.0077146139957323,False,False
3fb8ea1c5cea68ee8159f3d984c6b8c2e2f70bb5e3ede1cd79af7121a0225a38,600572,512,bits-sq,32,512,7,operator,30,0.153593,0.15345975,0.15402300000000002,0.5135943695350699,False,False
3fb8ea1c5cea68ee8159f3d984c6b8c2e2f70bb5e3ede1cd79af7121a0225a38,600572,512,bits-sq,32,512,7,output_isolated,30,0.0084075,0.00827225,0.0085055,3.078679750223015,False,False
3fb8ea1c5cea68ee8159f3d984c6b8c2e2f70bb5e3ede1cd79af7121a0225a38,600572,512,bits-sq,32,512,7,selection_isolated,30,0.141615,0.141494,0.14171975,0.3461462415704551,False,False
3fb8ea1c5cea68ee8159f3d984c6b8c2e2f70bb5e3ede1cd79af7121a0225a38,600572,512,bits-sq,32,512,7,transform_isolated,30,0.0095545,0.00948725,0.0096575,1.0052331362185358,False,False
3fb8ea1c5cea68ee8159f3d984c6b8c2e2f70bb5e3ede1cd79af7121a0225a38,600572,512,bits-sq,32,512,7,upload_shared,1,0.7041970000000001,0.7041970000000001,0.7041970000000001,0.9922351273862285,False,False
3fb8ea1c5cea68ee8159f3d984c6b8c2e2f70bb5e3ede1cd79af7121a0225a38,600572,512,bits-sq,32,512,8,download,30,0.009139,0.009046499999999999,0.00931725,1.0076594813436919,False,False
3fb8ea1c5cea68ee8159f3d984c6b8c2e2f70bb5e3ede1cd79af7121a0225a38,600572,512,bits-sq,32,512,8,operator,30,0.1635125,0.1633245,0.16400125000000002,0.48243712254414794,False,False
3fb8ea1c5cea68ee8159f3d984c6b8c2e2f70bb5e3ede1cd79af7121a0225a38,600572,512,bits-sq,32,512,8,output_isolated,30,0.008393000000000001,0.0083105,0.008538,3.0839985702371018,False,False
3fb8ea1c5cea68ee8159f3d984c6b8c2e2f70bb5e3ede1cd79af7121a0225a38,600572,512,bits-sq,32,512,8,selection_isolated,30,0.15169000000000002,0.1515725,0.1518875,0.32315577823192027,False,False
3fb8ea1c5cea68ee8159f3d984c6b8c2e2f70bb5e3ede1cd79af7121a0225a38,600572,512,bits-sq,32,512,8,transform_isolated,30,0.009569500000000002,0.0094875,0.009642250000000002,1.0036574533674694,False,False
3fb8ea1c5cea68ee8159f3d984c6b8c2e2f70bb5e3ede1cd79af7121a0225a38,600572,512,bits-sq,32,512,8,upload_shared,1,0.6866,0.6866,0.6866,1.0176653073113895,False,False
3fb8ea1c5cea68ee8159f3d984c6b8c2e2f70bb5e3ede1cd79af7121a0225a38,600572,512,bits-sq,32,512,13,download,30,0.009299,0.009181499999999999,0.00979,0.9903215399505323,False,False
3fb8ea1c5cea68ee8159f3d984c6b8c2e2f70bb5e3ede1cd79af7121a0225a38,600572,512,bits-sq,32,512,13,operator,30,0.207229,0.20704625000000002,0.20772174999999998,0.3806634206602358,False,False
3fb8ea1c5cea68ee8159f3d984c6b8c2e2f70bb5e3ede1cd79af7121a0225a38,600572,512,bits-sq,32,512,13,output_isolated,30,0.008513,0.0084055,0.00869875,3.040526253964525,False,False
3fb8ea1c5cea68ee8159f3d984c6b8c2e2f70bb5e3ede1cd79af7121a0225a38,600572,512,bits-sq,32,512,13,selection_isolated,30,0.19528099999999998,0.195166,0.19549375,0.2510203245579447,False,False
3fb8ea1c5cea68ee8159f3d984c6b8c2e2f70bb5e3ede1cd79af7121a0225a38,600572,512,bits-sq,32,512,13,transform_isolated,30,0.009555000000000001,0.0094815,0.00963175,1.0051805337519621,False,False
3fb8ea1c5cea68ee8159f3d984c6b8c2e2f70bb5e3ede1cd79af7121a0225a38,600572,512,bits-sq,32,512,13,upload_shared,1,0.6851579999999999,0.6851579999999999,0.6851579999999999,1.0198071101848043,False,False
3fb8ea1c5cea68ee8159f3d984c6b8c2e2f70bb5e3ede1cd79af7121a0225a38,600572,512,bits-sq,32,512,16,download,30,0.009239,0.00916875,0.009534,0.9967528953349929,False,False
3fb8ea1c5cea68ee8159f3d984c6b8c2e2f70bb5e3ede1cd79af7121a0225a38,600572,512,bits-sq,32,512,16,operator,30,0.23880200000000001,0.2386335,0.23919525,0.33033433555832864,False,False
3fb8ea1c5cea68ee8159f3d984c6b8c2e2f70bb5e3ede1cd79af7121a0225a38,600572,512,bits-sq,32,512,16,output_isolated,30,0.0085025,0.0083855,0.0086655,3.0442810937959424,False,False
3fb8ea1c5cea68ee8159f3d984c6b8c2e2f70bb5e3ede1cd79af7121a0225a38,600572,512,bits-sq,32,512,16,selection_isolated,30,0.2265235,0.2264155,0.226758,0.2163991815418709,False,False
3fb8ea1c5cea68ee8159f3d984c6b8c2e2f70bb5e3ede1cd79af7121a0225a38,600572,512,bits-sq,32,512,16,transform_isolated,30,0.009549499999999999,0.009496749999999998,0.009687499999999998,1.0057594638462748,False,False
3fb8ea1c5cea68ee8159f3d984c6b8c2e2f70bb5e3ede1cd79af7121a0225a38,600572,512,bits-sq,32,512,16,upload_shared,1,0.6880620000000001,0.6880620000000001,0.6880620000000001,1.0155029633957404,False,False
3fb8ea1c5cea68ee8159f3d984c6b8c2e2f70bb5e3ede1cd79af7121a0225a38,600572,512,bits-sq,128,128,4,download,30,0.009249,0.009113999999999999,0.0093915,0.9956752081306087,False,False
3fb8ea1c5cea68ee8159f3d984c6b8c2e2f70bb5e3ede1cd79af7121a0225a38,600572,512,bits-sq,128,128,4,operator,30,0.27401549999999997,0.27344475,0.274281,0.2878833496645263,False,False
3fb8ea1c5cea68ee8159f3d984c6b8c2e2f70bb5e3ede1cd79af7121a0225a38,600572,512,bits-sq,128,128,4,output_isolated,30,0.008503,0.008383,0.008663750000000001,3.044102081618252,False,False
3fb8ea1c5cea68ee8159f3d984c6b8c2e2f70bb5e3ede1cd79af7121a0225a38,600572,512,bits-sq,128,128,4,selection_isolated,30,0.26165099999999997,0.26141875,0.26174675000000003,0.18734688573710784,False,False
3fb8ea1c5cea68ee8159f3d984c6b8c2e2f70bb5e3ede1cd79af7121a0225a38,600572,512,bits-sq,128,128,4,transform_isolated,30,0.0097945,0.00972425,0.00999,0.9806013579049467,False,False
3fb8ea1c5cea68ee8159f3d984c6b8c2e2f70bb5e3ede1cd79af7121a0225a38,600572,512,bits-sq,128,128,4,upload_shared,1,0.698348,0.698348,0.698348,1.0005455732671964,False,False
3fb8ea1c5cea68ee8159f3d984c6b8c2e2f70bb5e3ede1cd79af7121a0225a38,600572,512,bits-sq,128,128,7,download,30,0.0093195,0.009244,0.009802499999999999,0.9881431407264338,False,False
3fb8ea1c5cea68ee8159f3d984c6b8c2e2f70bb5e3ede1cd79af7121a0225a38,600572,512,bits-sq,128,128,7,operator,30,0.2636095,0.263139,0.26393,0.2992475612601215,False,False
3fb8ea1c5cea68ee8159f3d984c6b8c2e2f70bb5e3ede1cd79af7121a0225a38,600572,512,bits-sq,128,128,7,output_isolated,30,0.008478,0.008334749999999998,0.0085755,3.0530785562632694,False,False
3fb8ea1c5cea68ee8159f3d984c6b8c2e2f70bb5e3ede1cd79af7121a0225a38,600572,512,bits-sq,128,128,7,selection_isolated,30,0.251201,0.25105325,0.2513335,0.19514054482267185,False,False
3fb8ea1c5cea68ee8159f3d984c6b8c2e2f70bb5e3ede1cd79af7121a0225a38,600572,512,bits-sq,128,128,7,transform_isolated,30,0.009715,0.009675,0.00979175,0.9886258363355637,False,False
3fb8ea1c5cea68ee8159f3d984c6b8c2e2f70bb5e3ede1cd79af7121a0225a38,600572,512,bits-sq,128,128,7,upload_shared,1,0.696655,0.696655,0.696655,1.0029770833482858,False,False
3fb8ea1c5cea68ee8159f3d984c6b8c2e2f70bb5e3ede1cd79af7121a0225a38,600572,512,bits-sq,128,128,8,download,30,0.009359000000000001,0.009189,0.010005749999999999,0.9839726466502831,False,False
3fb8ea1c5cea68ee8159f3d984c6b8c2e2f70bb5e3ede1cd79af7121a0225a38,600572,512,bits-sq,128,128,8,operator,30,0.2566235,0.25621325,0.256994,0.30739390585819304,False,False
3fb8ea1c5cea68ee8159f3d984c6b8c2e2f70bb5e3ede1cd79af7121a0225a38,600572,512,bits-sq,128,128,8,output_isolated,30,0.008518,0.008375249999999999,0.008848,3.03874148861235,False,False
3fb8ea1c5cea68ee8159f3d984c6b8c2e2f70bb5e3ede1cd79af7121a0225a38,600572,512,bits-sq,128,128,8,selection_isolated,30,0.24419000000000002,0.24406175,0.24427775,0.20074327368033085,False,False
3fb8ea1c5cea68ee8159f3d984c6b8c2e2f70bb5e3ede1cd79af7121a0225a38,600572,512,bits-sq,128,128,8,transform_isolated,30,0.009735,0.0096375,0.00986925,0.9865947611710323,False,False
3fb8ea1c5cea68ee8159f3d984c6b8c2e2f70bb5e3ede1cd79af7121a0225a38,600572,512,bits-sq,128,128,8,upload_shared,1,0.699851,0.699851,0.699851,0.9983968016049131,False,False
3fb8ea1c5cea68ee8159f3d984c6b8c2e2f70bb5e3ede1cd79af7121a0225a38,600572,512,bits-sq,128,128,13,download,30,0.009359,0.009149,0.00975925,0.9839726466502833,False,False
3fb8ea1c5cea68ee8159f3d984c6b8c2e2f70bb5e3ede1cd79af7121a0225a38,600572,512,bits-sq,128,128,13,operator,30,0.25104000000000004,0.2507,0.25164349999999996,0.3142307998725302,False,False
3fb8ea1c5cea68ee8159f3d984c6b8c2e2f70bb5e3ede1cd79af7121a0225a38,600572,512,bits-sq,128,128,13,output_isolated,30,0.008522499999999999,0.00841525,0.00875125,3.037136990319742,False,False
3fb8ea1c5cea68ee8159f3d984c6b8c2e2f70bb5e3ede1cd79af7121a0225a38,600572,512,bits-sq,128,128,13,selection_isolated,30,0.23876150000000002,0.2385135,0.23895950000000002,0.2053073883352215,False,False
3fb8ea1c5cea68ee8159f3d984c6b8c2e2f70bb5e3ede1cd79af7121a0225a38,600572,512,bits-sq,128,128,13,transform_isolated,30,0.0097245,0.00966425,0.0097925,0.9876600339349066,False,False
3fb8ea1c5cea68ee8159f3d984c6b8c2e2f70bb5e3ede1cd79af7121a0225a38,600572,512,bits-sq,128,128,13,upload_shared,1,0.701903,0.701903,0.701903,0.995478007644931,False,False
3fb8ea1c5cea68ee8159f3d984c6b8c2e2f70bb5e3ede1cd79af7121a0225a38,600572,512,bits-sq,128,128,16,download,30,0.009209,0.00911325,0.009314,1.0,False,False
3fb8ea1c5cea68ee8159f3d984c6b8c2e2f70bb5e3ede1cd79af7121a0225a38,600572,512,bits-sq,128,128,16,operator,30,0.2583615,0.257956,0.25874199999999997,0.3053260644484569,False,False
3fb8ea1c5cea68ee8159f3d984c6b8c2e2f70bb5e3ede1cd79af7121a0225a38,600572,512,bits-sq,128,128,16,output_isolated,30,0.0085535,0.0084355,0.008715500000000001,3.026129654527386,False,False
3fb8ea1c5cea68ee8159f3d984c6b8c2e2f70bb5e3ede1cd79af7121a0225a38,600572,512,bits-sq,128,128,16,selection_isolated,30,0.246168,0.2459055,0.2463055,0.19913026875954631,False,False
3fb8ea1c5cea68ee8159f3d984c6b8c2e2f70bb5e3ede1cd79af7121a0225a38,600572,512,bits-sq,128,128,16,transform_isolated,30,0.009745,0.009689999999999999,0.00988,0.9855823499230375,False,False
3fb8ea1c5cea68ee8159f3d984c6b8c2e2f70bb5e3ede1cd79af7121a0225a38,600572,512,bits-sq,128,128,16,upload_shared,1,0.707772,0.707772,0.707772,0.9872232865951184,False,False
3fb8ea1c5cea68ee8159f3d984c6b8c2e2f70bb5e3ede1cd79af7121a0225a38,600572,512,bits-sq,128,256,4,download,30,0.009174000000000002,0.009098750000000001,0.009264,1.0038151297144102,False,False
3fb8ea1c5cea68ee8159f3d984c6b8c2e2f70bb5e3ede1cd79af7121a0225a38,600572,512,bits-sq,128,256,4,operator,30,0.1802135,0.179973,0.18089149999999998,0.4377280281443954,False,False
3fb8ea1c5cea68ee8159f3d984c6b8c2e2f70bb5e3ede1cd79af7121a0225a38,600572,512,bits-sq,128,256,4,output_isolated,30,0.008503,0.008367999999999999,0.0085755,3.044102081618252,False,False
3fb8ea1c5cea68ee8159f3d984c6b8c2e2f70bb5e3ede1cd79af7121a0225a38,600572,512,bits-sq,128,256,4,selection_isolated,30,0.16838,0.16817749999999998,0.1686335,0.2911242427841786,False,False
3fb8ea1c5cea68ee8159f3d984c6b8c2e2f70bb5e3ede1cd79af7121a0225a38,600572,512,bits-sq,128,256,4,transform_isolated,30,0.009594,0.0095265,0.00972,1.0010944340212633,False,False
3fb8ea1c5cea68ee8159f3d984c6b8c2e2f70bb5e3ede1cd79af7121a0225a38,600572,512,bits-sq,128,256,4,upload_shared,1,0.7,0.7,0.7,0.9981842857142859,False,False
3fb8ea1c5cea68ee8159f3d984c6b8c2e2f70bb5e3ede1cd79af7121a0225a38,600572,512,bits-sq,128,256,7,download,30,0.009359000000000001,0.00930225,0.00972925,0.9839726466502831,False,False
3fb8ea1c5cea68ee8159f3d984c6b8c2e2f70bb5e3ede1cd79af7121a0225a38,600572,512,bits-sq,128,256,7,operator,30,0.180579,0.18030799999999997,0.18077899999999997,0.43684204697113177,False,False
3fb8ea1c5cea68ee8159f3d984c6b8c2e2f70bb5e3ede1cd79af7121a0225a38,600572,512,bits-sq,128,256,7,output_isolated,30,0.008413,0.0082555,0.008608000000000001,3.0766670628788777,False,False
3fb8ea1c5cea68ee8159f3d984c6b8c2e2f70bb5e3ede1cd79af7121a0225a38,600572,512,bits-sq,128,256,7,selection_isolated,30,0.168736,0.168435,0.168951,0.2905100274985776,False,False
3fb8ea1c5cea68ee8159f3d984c6b8c2e2f70bb5e3ede1cd79af7121a0225a38,600572,512,bits-sq,128,256,7,transform_isolated,30,0.009649999999999999,0.00952675,0.0097625,0.9952849740932644,False,False
3fb8ea1c5cea68ee8159f3d984c6b8c2e2f70bb5e3ede1cd79af7121a0225a38,600572,512,bits-sq,128,256,7,upload_shared,1,0.691769,0.691769,0.691769,1.0100611620353037,False,False
3fb8ea1c5cea68ee8159f3d984c6b8c2e2f70bb5e3ede1cd79af7121a0225a38,600572,512,bits-sq,128,256,8,download,30,0.009714500000000001,0.009264,0.009864749999999999,0.9479643831386072,False,False
3fb8ea1c5cea68ee8159f3d984c6b8c2e2f70bb5e3ede1cd79af7121a0225a38,600572,512,bits-sq,128,256,8,operator,30,0.181946,0.1817075,0.182421,0.4335599573499829,False,False
3fb8ea1c5cea68ee8159f3d984c6b8c2e2f70bb5e3ede1cd79af7121a0225a38,600572,512,bits-sq,128,256,8,output_isolated,30,0.008477,0.008342249999999999,0.00902625,3.0534387165270727,False,False
3fb8ea1c5cea68ee8159f3d984c6b8c2e2f70bb5e3ede1cd79af7121a0225a38,600572,512,bits-sq,128,256,8,selection_isolated,30,0.170172,0.1699855,0.170348,0.2880585525233293,False,False
3fb8ea1c5cea68ee8159f3d984c6b8c2e2f70bb5e3ede1cd79af7121a0225a38,600572,512,bits-sq,128,256,8,transform_isolated,30,0.009559,0.009493999999999999,0.0096725,1.0047599121246993,False,False
3fb8ea1c5cea68ee8159f3d984c6b8c2e2f70bb5e3ede1cd79af7121a0225a38,600572,512,bits-sq,128,256,8,upload_shared,1,0.6979580000000001,0.6979580000000001,0.6979580000000001,1.0011046509961916,False,False
3fb8ea1c5cea68ee8159f3d984c6b8c2e2f70bb5e3ede1cd79af7121a0225a38,600572,512,bits-sq,128,256,13,download,30,0.009333999999999999,0.009214,0.009435,0.9866080994214701,False,False
3fb8ea1c5cea68ee8159f3d984c6b8c2e2f70bb5e3ede1cd79af7121a0225a38,600572,512,bits-sq,128,256,13,operator,30,0.19655250000000002,0.19631975000000002,0.19698049999999998,0.40134060874321104,False,False
3fb8ea1c5cea68ee8159f3d984c6b8c2e2f70bb5e3ede1cd79af7121a0225a38,600572,512,bits-sq,128,256,13,output_isolated,30,0.008643000000000001,0.008483,0.009028000000000001,2.994793474488024,False,False
3fb8ea1c5cea68ee8159f3d984c6b8c2e2f70bb5e3ede1cd79af7121a0225a38,600572,512,bits-sq,128,256,13,selection_isolated,30,0.18474449999999998,0.18452675000000002,0.1850075,0.26533672179685996,False,False
3fb8ea1c5cea68ee8159f3d984c6b8c2e2f70bb5e3ede1cd79af7121a0225a38,600572,512,bits-sq,128,256,13,transform_isolated,30,0.0095545,0.009484,0.009652250000000001,1.0052331362185358,False,False
3fb8ea1c5cea68ee8159f3d984c6b8c2e2f70bb5e3ede1cd79af7121a0225a38,600572,512,bits-sq,128,256,13,upload_shared,1,0.687311,0.687311,0.687311,1.0166125669456767,False,False
3fb8ea1c5cea68ee8159f3d984c6b8c2e2f70bb5e3ede1cd79af7121a0225a38,600572,512,bits-sq,128,256,16,download,30,0.0093245,0.009199,0.009634750000000001,0.9876132768513057,False,False
3fb8ea1c5cea68ee8159f3d984c6b8c2e2f70bb5e3ede1cd79af7121a0225a38,600572,512,bits-sq,128,256,16,operator,30,0.235031,0.234636,0.23566199999999998,0.33563444822172395,False,False
3fb8ea1c5cea68ee8159f3d984c6b8c2e2f70bb5e3ede1cd79af7121a0225a38,600572,512,bits-sq,128,256,16,output_isolated,30,0.008468,0.008324749999999999,0.008702999999999999,3.056683986773736,False,False
3fb8ea1c5cea68ee8159f3d984c6b8c2e2f70bb5e3ede1cd79af7121a0225a38,600572,512,bits-sq,128,256,16,selection_isolated,30,0.2228625,0.22264725,0.2231055,0.21995400751584496,False,False
3fb8ea1c5cea68ee8159f3d984c6b8c2e2f70bb5e3ede1cd79af7121a0225a38,600572,512,bits-sq,128,256,16,transform_isolated,30,0.009674499999999999,0.009617500000000001,0.009815,0.9927644839526591,False,False
3fb8ea1c5cea68ee8159f3d984c6b8c2e2f70bb5e3ede1cd79af7121a0225a38,600572,512,bits-sq,128,256,16,upload_shared,1,0.6913680000000001,0.6913680000000001,0.6913680000000001,1.0106470070931832,False,False
3fb8ea1c5cea68ee8159f3d984c6b8c2e2f70bb5e3ede1cd79af7121a0225a38,600572,512,bits-sq,128,512,4,download,30,0.009333999999999999,0.009204,0.00975675,0.9866080994214701,False,False
3fb8ea1c5cea68ee8159f3d984c6b8c2e2f70bb5e3ede1cd79af7121a0225a38,600572,512,bits-sq,128,512,4,operator,30,0.1718555,0.171344,0.172902,0.4590164411380491,False,False
3fb8ea1c5cea68ee8159f3d984c6b8c2e2f70bb5e3ede1cd79af7121a0225a38,600572,512,bits-sq,128,512,4,output_isolated,30,0.008427500000000001,0.00833225,0.008503,3.0713734796796195,False,False
3fb8ea1c5cea68ee8159f3d984c6b8c2e2f70bb5e3ede1cd79af7121a0225a38,600572,512,bits-sq,128,512,4,selection_isolated,30,0.1595815,0.1593195,0.15986225,0.30717533047377044,False,False
3fb8ea1c5cea68ee8159f3d984c6b8c2e2f70bb5e3ede1cd79af7121a0225a38,600572,512,bits-sq,128,512,4,transform_isolated,30,0.00956,0.00948725,0.00961175,1.0046548117154812,False,False
3fb8ea1c5cea68ee8159f3d984c6b8c2e2f70bb5e3ede1cd79af7121a0225a38,600572,512,bits-sq,128,512,4,upload_shared,1,0.6932400000000001,0.6932400000000001,0.6932400000000001,1.0079178927932606,False,False
3fb8ea1c5cea68ee8159f3d984c6b8c2e2f70bb5e3ede1cd79af7121a0225a38,600572,512,bits-sq,128,512,7,download,30,0.009254,0.009184000000000001,0.00983,0.9951372379511563,False,False
3fb8ea1c5cea68ee8159f3d984c6b8c2e2f70bb5e3ede1cd79af7121a0225a38,600572,512,bits-sq,128,512,7,operator,30,0.2214,0.22094175,0.22485775,0.35629855465221316,False,False
3fb8ea1c5cea68ee8159f3d984c6b8c2e2f70bb5e3ede1cd79af7121a0225a38,600572,512,bits-sq,128,512,7,output_isolated,30,0.008357999999999999,0.008313,0.008439750000000001,3.096913137114142,False,False
3fb8ea1c5cea68ee8159f3d984c6b8c2e2f70bb5e3ede1cd79af7121a0225a38,600572,512,bits-sq,128,512,7,selection_isolated,30,0.20925699999999997,0.209077,0.20955049999999997,0.23425500700096055,False,False
3fb8ea1c5cea68ee8159f3d984c6b8c2e2f70bb5e3ede1cd79af7121a0225a38,600572,512,bits-sq,128,512,7,transform_isolated,30,0.0095295,0.00945975,0.009629,1.0078702974972455,False,False
3fb8ea1c5cea68ee8159f3d984c6b8c2e2f70bb5e3ede1cd79af7121a0225a38,600572,512,bits-sq,128,512,7,upload_shared,1,0.7019939999999999,0.7019939999999999,0.7019939999999999,0.9953489630965509,False,False
3fb8ea1c5cea68ee8159f3d984c6b8c2e2f70bb5e3ede1cd79af7121a0225a38,600572,512,bits-sq,128,512,8,download,30,0.009219,0.00912075,0.009614000000000001,0.9989152836533247,False,False
3fb8ea1c5cea68ee8159f3d984c6b8c2e2f70bb5e3ede1cd79af7121a0225a38,600572,512,bits-sq,128,512,8,operator,30,0.21116000000000001,0.21085900000000002,0.21148850000000002,0.3735769085053987,False,False
3fb8ea1c5cea68ee8159f3d984c6b8c2e2f70bb5e3ede1cd79af7121a0225a38,600572,512,bits-sq,128,512,8,output_isolated,30,0.008487999999999999,0.0083855,0.008701249999999999,3.0494816211121583,False,False
3fb8ea1c5cea68ee8159f3d984c6b8c2e2f70bb5e3ede1cd79af7121a0225a38,600572,512,bits-sq,128,512,8,selection_isolated,30,0.199182,0.1989485,0.19945725,0.24610406562842022,False,False
3fb8ea1c5cea68ee8159f3d984c6b8c2e2f70bb5e3ede1cd79af7121a0225a38,600572,512,bits-sq,128,512,8,transform_isolated,30,0.009544,0.009506500000000001,0.009634750000000001,1.0063390611902765,False,False
3fb8ea1c5cea68ee8159f3d984c6b8c2e2f70bb5e3ede1cd79af7121a0225a38,600572,512,bits-sq,128,512,8,upload_shared,1,0.7047680000000001,0.7047680000000001,0.7047680000000001,0.9914312227569924,False,False
3fb8ea1c5cea68ee8159f3d984c6b8c2e2f70bb5e3ede1cd79af7121a0225a38,600572,512,bits-sq,128,512,13,download,30,0.009284,0.009169,0.009771750000000001,0.9919215855234812,False,False
3fb8ea1c5cea68ee8159f3d984c6b8c2e2f70bb5e3ede1cd79af7121a0225a38,600572,512,bits-sq,128,512,13,operator,30,0.26043499999999997,0.2601115,0.26084325,0.3028951561810049,False,False
3fb8ea1c5cea68ee8159f3d984c6b8c2e2f70bb5e3ede1cd79af7121a0225a38,600572,512,bits-sq,128,512,13,output_isolated,30,0.008403,0.00834475,0.008548,3.0803284541235265,False,False
3fb8ea1c5cea68ee8159f3d984c6b8c2e2f70bb5e3ede1cd79af7121a0225a38,600572,512,bits-sq,128,512,13,selection_isolated,30,0.24839699999999998,0.24823625,0.24856699999999998,0.19734336566061586,False,False
3fb8ea1c5cea68ee8159f3d984c6b8c2e2f70bb5e3ede1cd79af7121a0225a38,600572,512,bits-sq,128,512,13,transform_isolated,30,0.009504499999999999,0.009447249999999999,0.00959175,1.0105213320006314,False,False
3fb8ea1c5cea68ee8159f3d984c6b8c2e2f70bb5e3ede1cd79af7121a0225a38,600572,512,bits-sq,128,512,13,upload_shared,1,0.6976169999999999,0.6976169999999999,0.6976169999999999,1.0015939978526902,False,False
3fb8ea1c5cea68ee8159f3d984c6b8c2e2f70bb5e3ede1cd79af7121a0225a38,600572,512,bits-sq,128,512,16,download,30,0.009485,0.009216499999999999,0.01013275,0.9709014232999472,False,False
3fb8ea1c5cea68ee8159f3d984c6b8c2e2f70bb5e3ede1cd79af7121a0225a38,600572,512,bits-sq,128,512,16,operator,30,0.28136649999999996,0.28103849999999997,0.28176674999999995,0.28036209001426965,False,False
3fb8ea1c5cea68ee8159f3d984c6b8c2e2f70bb5e3ede1cd79af7121a0225a38,600572,512,bits-sq,128,512,16,output_isolated,30,0.008588,0.00838525,0.00880375,3.013972985561248,False,False
3fb8ea1c5cea68ee8159f3d984c6b8c2e2f70bb5e3ede1cd79af7121a0225a38,600572,512,bits-sq,128,512,16,selection_isolated,30,0.26903200000000005,0.26886525000000006,0.2692605,0.18220694935918397,False,False
3fb8ea1c5cea68ee8159f3d984c6b8c2e2f70bb5e3ede1cd79af7121a0225a38,600572,512,bits-sq,128,512,16,transform_isolated,30,0.009499500000000001,0.00946425,0.009621499999999998,1.0110532133270171,False,False
3fb8ea1c5cea68ee8159f3d984c6b8c2e2f70bb5e3ede1cd79af7121a0225a38,600572,512,bits-sq,128,512,16,upload_shared,1,0.700701,0.700701,0.700701,0.997185675487833,False,False
3fb8ea1c5cea68ee8159f3d984c6b8c2e2f70bb5e3ede1cd79af7121a0225a38,600572,512,bits-sq,512,128,4,download,30,0.009364,0.0091865,0.01000325,0.9834472447671935,False,False
3fb8ea1c5cea68ee8159f3d984c6b8c2e2f70bb5e3ede1cd79af7121a0225a38,600572,512,bits-sq,512,128,4,operator,30,0.7443124999999999,0.74396025,0.744653,0.10598303803845831,False,False
3fb8ea1c5cea68ee8159f3d984c6b8c2e2f70bb5e3ede1cd79af7121a0225a38,600572,512,bits-sq,512,128,4,output_isolated,30,0.0088285,0.008547999999999998,0.009191500000000002,2.9318683808121424,False,False
3fb8ea1c5cea68ee8159f3d984c6b8c2e2f70bb5e3ede1cd79af7121a0225a38,600572,512,bits-sq,512,128,4,selection_isolated,30,0.731633,0.7311679999999999,0.7318665,0.06700012164568847,False,False
3fb8ea1c5cea68ee8159f3d984c6b8c2e2f70bb5e3ede1cd79af7121a0225a38,600572,512,bits-sq,512,128,4,transform_isolated,30,0.0097995,0.00971925,0.0098825,0.9801010255625288,False,False
3fb8ea1c5cea68ee8159f3d984c6b8c2e2f70bb5e3ede1cd79af7121a0225a38,600572,512,bits-sq,512,128,4,upload_shared,1,0.68647,0.68647,0.68647,1.017858027299081,False,False
3fb8ea1c5cea68ee8159f3d984c6b8c2e2f70bb5e3ede1cd79af7121a0225a38,600572,512,bits-sq,512,128,7,download,30,0.0096445,0.009429,0.00993775,0.9548447301570844,False,False
3fb8ea1c5cea68ee8159f3d984c6b8c2e2f70bb5e3ede1cd79af7121a0225a38,600572,512,bits-sq,512,128,7,operator,30,0.7133259999999999,0.7130252499999999,0.713792,0.11058688453806535,False,False
3fb8ea1c5cea68ee8159f3d984c6b8c2e2f70bb5e3ede1cd79af7121a0225a38,600572,512,bits-sq,512,128,7,output_isolated,30,0.008783,0.008467249999999999,0.009169,2.947056814300353,False,False
3fb8ea1c5cea68ee8159f3d984c6b8c2e2f70bb5e3ede1cd79af7121a0225a38,600572,512,bits-sq,512,128,7,selection_isolated,30,0.700742,0.700491,0.701182,0.06995370621427001,False,False
3fb8ea1c5cea68ee8159f3d984c6b8c2e2f70bb5e3ede1cd79af7121a0225a38,600572,512,bits-sq,512,128,7,transform_isolated,30,0.009760000000000001,0.00965425,0.009874999999999998,0.9840676229508195,False,False
3fb8ea1c5cea68ee8159f3d984c6b8c2e2f70bb5e3ede1cd79af7121a0225a38,600572,512,bits-sq,512,128,7,upload_shared,1,0.720271,0.720271,0.720271,0.9700918126649554,False,False
3fb8ea1c5cea68ee8159f3d984c6b8c2e2f70bb5e3ede1cd79af7121a0225a38,600572,512,bits-sq,512,128,8,download,30,0.009319,0.009179,0.00999075,0.988196158386093,False,False
3fb8ea1c5cea68ee8159f3d984c6b8c2e2f70bb5e3ede1cd79af7121a0225a38,600572,512,bits-sq,512,128,8,operator,30,0.6549225000000001,0.65451425,0.6554979999999999,0.12044860269726569,False,False
3fb8ea1c5cea68ee8159f3d984c6b8c2e2f70bb5e3ede1cd79af7121a0225a38,600572,512,bits-sq,512,128,8,output_isolated,30,0.008728,0.00840725,0.00905375,2.9656278643446377,False,False
3fb8ea1c5cea68ee8159f3d984c6b8c2e2f70bb5e3ede1cd79af7121a0225a38,600572,512,bits-sq,512,128,8,selection_isolated,30,0.6424190000000001,0.6422155,0.642894,0.07630456135326008,False,False
3fb8ea1c5cea68ee8159f3d984c6b8c2e2f70bb5e3ede1cd79af7121a0225a38,600572,512,bits-sq,512,128,8,transform_isolated,30,0.009765,0.0096575,0.00984,0.9835637480798772,False,False
3fb8ea1c5cea68ee8159f3d984c6b8c2e2f70bb5e3ede1cd79af7121a0225a38,600572,512,bits-sq,512,128,8,upload_shared,1,0.7019939999999999,0.7019939999999999,0.7019939999999999,0.9953489630965509,False,False
3fb8ea1c5cea68ee8159f3d984c6b8c2e2f70bb5e3ede1cd79af7121a0225a38,600572,512,bits-sq,512,128,13,download,30,0.009704500000000001,0.009256499999999999,0.009917500000000001,0.9489412128394042,False,False
3fb8ea1c5cea68ee8159f3d984c6b8c2e2f70bb5e3ede1cd79af7121a0225a38,600572,512,bits-sq,512,128,13,operator,30,0.649188,0.6480395000000001,0.6512217499999999,0.12151256646764881,False,False
3fb8ea1c5cea68ee8159f3d984c6b8c2e2f70bb5e3ede1cd79af7121a0225a38,600572,512,bits-sq,512,128,13,output_isolated,30,0.008628,0.00840725,0.00901825,2.9999999999999996,False,False
3fb8ea1c5cea68ee8159f3d984c6b8c2e2f70bb5e3ede1cd79af7121a0225a38,600572,512,bits-sq,512,128,13,selection_isolated,30,0.636559,0.635828,0.63755525,0.07700700170761861,False,False
3fb8ea1c5cea68ee8159f3d984c6b8c2e2f70bb5e3ede1cd79af7121a0225a38,600572,512,bits-sq,512,128,13,transform_isolated,30,0.009749500000000001,0.009649,0.009895000000000001,0.9851274424329451,False,False
3fb8ea1c5cea68ee8159f3d984c6b8c2e2f70bb5e3ede1cd79af7121a0225a38,600572,512,bits-sq,512,128,13,upload_shared,1,0.6920189999999999,0.6920189999999999,0.6920189999999999,1.009696265564963,False,False
3fb8ea1c5cea68ee8159f3d984c6b8c2e2f70bb5e3ede1cd79af7121a0225a38,600572,512,bits-sq,512,128,16,download,30,0.009704999999999998,0.009219000000000001,0.010005,0.9488923235445649,False,False
3fb8ea1c5cea68ee8159f3d984c6b8c2e2f70bb5e3ede1cd79af7121a0225a38,600572,512,bits-sq,512,128,16,operator,30,0.6442859999999999,0.6438834999999999,0.6448619999999999,0.12243708539375371,False,False
3fb8ea1c5cea68ee8159f3d984c6b8c2e2f70bb5e3ede1cd79af7121a0225a38,600572,512,bits-sq,512,128,16,output_isolated,30,0.008653000000000001,0.008403,0.009014,2.9913324858430594,False,False
3fb8ea1c5cea68ee8159f3d984c6b8c2e2f70bb5e3ede1cd79af7121a0225a38,600572,512,bits-sq,512,128,16,selection_isolated,30,0.631837,0.63155425,0.6320804999999999,0.07758250941302898,False,False
3fb8ea1c5cea68ee8159f3d984c6b8c2e2f70bb5e3ede1cd79af7121a0225a38,600572,512,bits-sq,512,128,16,transform_isolated,30,0.009755,0.009694999999999999,0.00983175,0.9845720143516146,False,False
3fb8ea1c5cea68ee8159f3d984c6b8c2e2f70bb5e3ede1cd79af7121a0225a38,600572,512,bits-sq,512,128,16,upload_shared,1,0.711639,0.711639,0.711639,0.9818587795216395,False,False
3fb8ea1c5cea68ee8159f3d984c6b8c2e2f70bb5e3ede1cd79af7121a0225a38,600572,512,bits-sq,512,256,4,download,30,0.0094745,0.00916575,0.009802499999999999,0.971977413056098,False,False
3fb8ea1c5cea68ee8159f3d984c6b8c2e2f70bb5e3ede1cd79af7121a0225a38,600572,512,bits-sq,512,256,4,operator,30,0.41931,0.4189975,0.4196085,0.18812930767212802,False,False
3fb8ea1c5cea68ee8159f3d984c6b8c2e2f70bb5e3ede1cd79af7121a0225a38,600572,512,bits-sq,512,256,4,output_isolated,30,0.008493,0.008413,0.0087415,3.047686329918756,False,False
3fb8ea1c5cea68ee8159f3d984c6b8c2e2f70bb5e3ede1cd79af7121a0225a38,600572,512,bits-sq,512,256,4,selection_isolated,30,0.406987,0.4067092500000001,0.4072645,0.12044487907476159,False,False
3fb8ea1c5cea68ee8159f3d984c6b8c2e2f70bb5e3ede1cd79af7121a0225a38,600572,512,bits-sq,512,256,4,transform_isolated,30,0.0095495,0.009454249999999999,0.009639,1.0057594638462746,False,False
3fb8ea1c5cea68ee8159f3d984c6b8c2e2f70bb5e3ede1cd79af7121a0225a38,600572,512,bits-sq,512,256,4,upload_shared,1,0.692018,0.692018,0.692018,1.00969772462566,False,False
3fb8ea1c5cea68ee8159f3d984c6b8c2e2f70bb5e3ede1cd79af7121a0225a38,600572,512,bits-sq,512,256,7,download,30,0.009329999999999998,0.00916125,0.0099625,0.987031082529475,False,False
3fb8ea1c5cea68ee8159f3d984c6b8c2e2f70bb5e3ede1cd79af7121a0225a38,600572,512,bits-sq,512,256,7,operator,30,0.405109,0.40434024999999996,0.40548249999999997,0.19472413597328125,False,False
3fb8ea1c5cea68ee8159f3d984c6b8c2e2f70bb5e3ede1cd79af7121a0225a38,600572,512,bits-sq,512,256,7,output_isolated,30,0.008608000000000001,0.0084055,0.008813,3.0069702602230475,False,False
3fb8ea1c5cea68ee8159f3d984c6b8c2e2f70bb5e3ede1cd79af7121a0225a38,600572,512,bits-sq,512,256,7,selection_isolated,30,0.392595,0.3923925,0.392991,0.12486022491371512,False,False
3fb8ea1c5cea68ee8159f3d984c6b8c2e2f70bb5e3ede1cd79af7121a0225a38,600572,512,bits-sq,512,256,7,transform_isolated,30,0.0095645,0.009458999999999999,0.009687499999999998,1.0041821318417063,False,False
3fb8ea1c5cea68ee8159f3d984c6b8c2e2f70bb5e3ede1cd79af7121a0225a38,600572,512,bits-sq,512,256,7,upload_shared,1,0.679259,0.679259,0.679259,1.028663587821435,False,False
3fb8ea1c5cea68ee8159f3d984c6b8c2e2f70bb5e3ede1cd79af7121a0225a38,600572,512,bits-sq,512,256,8,download,30,0.009214,0.009136499999999999,0.0097875,0.9994573475146517,False,False
3fb8ea1c5cea68ee8159f3d984c6b8c2e2f70bb5e3ede1cd79af7121a0225a38,600572,512,bits-sq,512,256,8,operator,30,0.400827,0.4002595,0.4039245,0.1968043569919192,False,False
3fb8ea1c5cea68ee8159f3d984c6b8c2e2f70bb5e3ede1cd79af7121a0225a38,600572,512,bits-sq,512,256,8,output_isolated,30,0.008568,0.0083955,0.00896625,3.0210084033613445,False,False
3fb8ea1c5cea68ee8159f3d984c6b8c2e2f70bb5e3ede1cd79af7121a0225a38,600572,512,bits-sq,512,256,8,selection_isolated,30,0.3917385,0.38812375000000005,0.3921515,0.12513322024769072,False,False
3fb8ea1c5cea68ee8159f3d984c6b8c2e2f70bb5e3ede1cd79af7121a0225a38,600572,512,bits-sq,512,256,8,transform_isolated,30,0.009590000000000001,0.009439,0.00971,1.0015119916579769,False,False
3fb8ea1c5cea68ee8159f3d984c6b8c2e2f70bb5e3ede1cd79af7121a0225a38,600572,512,bits-sq,512,256,8,upload_shared,1,0.70592,0.70592,0.70592,0.9898132932910245,False,False
3fb8ea1c5cea68ee8159f3d984c6b8c2e2f70bb5e3ede1cd79af7121a0225a38,600572,512,bits-sq,512,256,13,download,30,0.009249,0.009034,0.009805000000000001,0.9956752081306087,False,False
3fb8ea1c5cea68ee8159f3d984c6b8c2e2f70bb5e3ede1cd79af7121a0225a38,600572,512,bits-sq,512,256,13,operator,30,0.40482799999999997,0.40443975,0.40519900000000003,0.19485929826988252,False,False
3fb8ea1c5cea68ee8159f3d984c6b8c2e2f70bb5e3ede1cd79af7121a0225a38,600572,512,bits-sq,512,256,13,output_isolated,30,0.0087285,0.008608000000000001,0.008930750000000001,2.965457982471215,False,False
3fb8ea1c5cea68ee8159f3d984c6b8c2e2f70bb5e3ede1cd79af7121a0225a38,600572,512,bits-sq,512,256,13,selection_isolated,30,0.3924995,0.3921965,0.39299025,0.12489060495618465,False,False
3fb8ea1c5cea68ee8159f3d984c6b8c2e2f70bb5e3ede1cd79af7121a0225a38,600572,512,bits-sq,512,256,13,transform_isolated,30,0.0095845,0.00950425,0.009681750000000001,1.0020867024883928,False,False
3fb8ea1c5cea68ee8159f3d984c6b8c2e2f70bb5e3ede1cd79af7121a0225a38,600572,512,bits-sq,512,256,13,upload_shared,1,0.688754,0.688754,0.688754,1.0144826745107833,False,False
3fb8ea1c5cea68ee8159f3d984c6b8c2e2f70bb5e3ede1cd79af7121a0225a38,600572,512,bits-sq,512,256,16,download,30,0.009323999999999999,0.009181499999999999,0.00963675,0.9876662376662378,False,False
3fb8ea1c5cea68ee8159f3d984c6b8c2e2f70bb5e3ede1cd79af7121a0225a38,600572,512,bits-sq,512,256,16,operator,30,0.46406800000000004,0.463733,0.464549,0.16998478671229214,False,False
3fb8ea1c5cea68ee8159f3d984c6b8c2e2f70bb5e3ede1cd79af7121a0225a38,600572,512,bits-sq,512,256,16,output_isolated,30,0.008748,0.008508,0.009171249999999999,2.958847736625514,False,False
3fb8ea1c5cea68ee8159f3d984c6b8c2e2f70bb5e3ede1cd79af7121a0225a38,600572,512,bits-sq,512,256,16,selection_isolated,30,0.452,0.45172474999999995,0.4522625,0.10845022123893804,False,False
3fb8ea1c5cea68ee8159f3d984c6b8c2e2f70bb5e3ede1cd79af7121a0225a38,600572,512,bits-sq,512,256,16,transform_isolated,30,0.009770000000000001,0.009694250000000001,0.009864999999999999,0.9830603889457522,False,False
3fb8ea1c5cea68ee8159f3d984c6b8c2e2f70bb5e3ede1cd79af7121a0225a38,600572,512,bits-sq,512,256,16,upload_shared,1,0.7058690000000001,0.7058690000000001,0.7058690000000001,0.989884808654297,False,False
3fb8ea1c5cea68ee8159f3d984c6b8c2e2f70bb5e3ede1cd79af7121a0225a38,600572,512,bits-sq,512,512,4,download,30,0.009384,0.009264,0.010150000000000001,0.9813512361466326,False,False
3fb8ea1c5cea68ee8159f3d984c6b8c2e2f70bb5e3ede1cd79af7121a0225a38,600572,512,bits-sq,512,512,4,operator,30,0.318758,0.31834525,0.32244549999999994,0.24747457318718274,False,False
3fb8ea1c5cea68ee8159f3d984c6b8c2e2f70bb5e3ede1cd79af7121a0225a38,600572,512,bits-sq,512,512,4,output_isolated,30,0.008518,0.008433000000000001,0.00884875,3.03874148861235,False,False
3fb8ea1c5cea68ee8159f3d984c6b8c2e2f70bb5e3ede1cd79af7121a0225a38,600572,512,bits-sq,512,512,4,selection_isolated,30,0.306369,0.30601875,0.30927400000000005,0.16000150145739286,False,False
3fb8ea1c5cea68ee8159f3d984c6b8c2e2f70bb5e3ede1cd79af7121a0225a38,600572,512,bits-sq,512,512,4,transform_isolated,30,0.0095745,0.009514,0.0096725,1.0031333228889237,False,False
3fb8ea1c5cea68ee8159f3d984c6b8c2e2f70bb5e3ede1cd79af7121a0225a38,600572,512,bits-sq,512,512,4,upload_shared,1,0.709785,0.709785,0.709785,0.9844234521721367,False,False
3fb8ea1c5cea68ee8159f3d984c6b8c2e2f70bb5e3ede1cd79af7121a0225a38,600572,512,bits-sq,512,512,7,download,30,0.009419,0.0092675,0.009912500000000001,0.9777046395583395,False,False
3fb8ea1c5cea68ee8159f3d984c6b8c2e2f70bb5e3ede1cd79af7121a0225a38,600572,512,bits-sq,512,512,7,operator,30,0.34821250000000004,0.347862,0.3485487500000001,0.22654126431417593,False,False
3fb8ea1c5cea68ee8159f3d984c6b8c2e2f70bb5e3ede1cd79af7121a0225a38,600572,512,bits-sq,512,512,7,output_isolated,30,0.008588,0.0083955,0.008938250000000002,3.013972985561248,False,False
3fb8ea1c5cea68ee8159f3d984c6b8c2e2f70bb5e3ede1cd79af7121a0225a38,600572,512,bits-sq,512,512,7,selection_isolated,30,0.33605399999999996,0.3358715,0.33623975,0.14586792598808523,False,False
3fb8ea1c5cea68ee8159f3d984c6b8c2e2f70bb5e3ede1cd79af7121a0225a38,600572,512,bits-sq,512,512,7,transform_isolated,30,0.009544500000000001,0.00946425,0.009661749999999998,1.0062863429200062,False,False
3fb8ea1c5cea68ee8159f3d984c6b8c2e2f70bb5e3ede1cd79af7121a0225a38,600572,512,bits-sq,512,512,7,upload_shared,1,0.695154,0.695154,0.695154,1.0051427453485127,False,False
3fb8ea1c5cea68ee8159f3d984c6b8c2e2f70bb5e3ede1cd79af7121a0225a38,600572,512,bits-sq,512,512,8,download,30,0.0093145,0.00913875,0.00996,0.9886735734607333,False,False
3fb8ea1c5cea68ee8159f3d984c6b8c2e2f70bb5e3ede1cd79af7121a0225a38,600572,512,bits-sq,512,512,8,operator,30,0.3330645,0.332825,0.33360275,0.23684451510142931,False,False
3fb8ea1c5cea68ee8159f3d984c6b8c2e2f70bb5e3ede1cd79af7121a0225a38,600572,512,bits-sq,512,512,8,output_isolated,30,0.0085425,0.008442,0.008866249999999999,3.0300263388937663,False,False
3fb8ea1c5cea68ee8159f3d984c6b8c2e2f70bb5e3ede1cd79af7121a0225a38,600572,512,bits-sq,512,512,8,selection_isolated,30,0.320916,0.3206735,0.32119949999999997,0.15274869436238767,False,False
3fb8ea1c5cea68ee8159f3d984c6b8c2e2f70bb5e3ede1cd79af7121a0225a38,600572,512,bits-sq,512,512,8,transform_isolated,30,0.0095745,0.009534,0.00967175,1.0031333228889237,False,False
3fb8ea1c5cea68ee8159f3d984c6b8c2e2f70bb5e3ede1cd79af7121a0225a38,600572,512,bits-sq,512,512,8,upload_shared,1,0.705468,0.705468,0.705468,0.9904474760017464,False,False
3fb8ea1c5cea68ee8159f3d984c6b8c2e2f70bb5e3ede1cd79af7121a0225a38,600572,512,bits-sq,512,512,13,download,30,0.009349,0.009219,0.0097975,0.9850251363782223,False,False
3fb8ea1c5cea68ee8159f3d984c6b8c2e2f70bb5e3ede1cd79af7121a0225a38,600572,512,bits-sq,512,512,13,operator,30,0.38029599999999997,0.3799685,0.38066675,0.2074292130340577,False,False
3fb8ea1c5cea68ee8159f3d984c6b8c2e2f70bb5e3ede1cd79af7121a0225a38,600572,512,bits-sq,512,512,13,output_isolated,30,0.008538,0.00842725,0.00892875,3.031623330990864,False,False
3fb8ea1c5cea68ee8159f3d984c6b8c2e2f70bb5e3ede1cd79af7121a0225a38,600572,512,bits-sq,512,512,13,selection_isolated,30,0.368183,0.36802974999999993,0.368508,0.13313895535643958,False,False
3fb8ea1c5cea68ee8159f3d984c6b8c2e2f70bb5e3ede1cd79af7121a0225a38,600572,512,bits-sq,512,512,13,transform_isolated,30,0.009474,0.009419,0.00953475,1.0137745408486385,False,False
3fb8ea1c5cea68ee8159f3d984c6b8c2e2f70bb5e3ede1cd79af7121a0225a38,600572,512,bits-sq,512,512,13,upload_shared,1,0.702975,0.702975,0.702975,0.9939599559017035,False,False
3fb8ea1c5cea68ee8159f3d984c6b8c2e2f70bb5e3ede1cd79af7121a0225a38,600572,512,bits-sq,512,512,16,download,30,0.009454,0.0092565,0.0099575,0.9740850433678866,False,False
3fb8ea1c5cea68ee8159f3d984c6b8c2e2f70bb5e3ede1cd79af7121a0225a38,600572,512,bits-sq,512,512,16,operator,30,0.39969600000000005,0.39918,0.400126,0.19736124454585482,False,False
3fb8ea1c5cea68ee8159f3d984c6b8c2e2f70bb5e3ede1cd79af7121a0225a38,600572,512,bits-sq,512,512,16,output_isolated,30,0.0085375,0.008343,0.00886075,3.0318008784773056,False,False
3fb8ea1c5cea68ee8159f3d984c6b8c2e2f70bb5e3ede1cd79af7121a0225a38,600572,512,bits-sq,512,512,16,selection_isolated,30,0.387467,0.387322,0.38769475000000003,0.12651270946945156,False,False
3fb8ea1c5cea68ee8159f3d984c6b8c2e2f70bb5e3ede1cd79af7121a0225a38,600572,512,bits-sq,512,512,16,transform_isolated,30,0.00954,0.0094615,0.0096375,1.0067610062893082,False,False
3fb8ea1c5cea68ee8159f3d984c6b8c2e2f70bb5e3ede1cd79af7121a0225a38,600572,512,bits-sq,512,512,16,upload_shared,1,0.696986,0.696986,0.696986,1.0025007675907407,False,False
3fb8ea1c5cea68ee8159f3d984c6b8c2e2f70bb5e3ede1cd79af7121a0225a38,600572,512,block-select,1,128,8,download,30,0.0101405,0.009564,0.010466,0.9081406242295744,False,False
3fb8ea1c5cea68ee8159f3d984c6b8c2e2f70bb5e3ede1cd79af7121a0225a38,600572,512,block-select,1,128,8,operator,30,1.576654,1.5665635,1.5826782499999998,0.05003285438656801,False,False
3fb8ea1c5cea68ee8159f3d984c6b8c2e2f70bb5e3ede1cd79af7121a0225a38,600572,512,block-select,1,128,8,output_isolated,30,0.009184000000000001,0.00897625,0.00975925,2.818379790940766,False,False
3fb8ea1c5cea68ee8159f3d984c6b8c2e2f70bb5e3ede1cd79af7121a0225a38,600572,512,block-select,1,128,8,selection_isolated,30,1.5637794999999999,1.549934,1.56723975,0.03134681072363463,False,False
3fb8ea1c5cea68ee8159f3d984c6b8c2e2f70bb5e3ede1cd79af7121a0225a38,600572,512,block-select,1,128,8,transform_isolated,30,0.0096145,0.00951925,0.0097925,0.9989599043111966,False,False
3fb8ea1c5cea68ee8159f3d984c6b8c2e2f70bb5e3ede1cd79af7121a0225a38,600572,512,block-select,1,128,8,upload_shared,1,0.698729,0.698729,0.698729,1.0,False,False
3fb8ea1c5cea68ee8159f3d984c6b8c2e2f70bb5e3ede1cd79af7121a0225a38,600572,512,grid-select,1,0,0,download,30,0.009274,0.00916375,0.009524000000000001,0.9929911580763425,True,True
3fb8ea1c5cea68ee8159f3d984c6b8c2e2f70bb5e3ede1cd79af7121a0225a38,600572,512,grid-select,1,0,0,operator,30,0.10897000000000001,0.10869,0.1098385,0.7239102505276681,True,True
3fb8ea1c5cea68ee8159f3d984c6b8c2e2f70bb5e3ede1cd79af7121a0225a38,600572,512,grid-select,1,0,0,output_isolated,30,0.008487499999999999,0.00839525,0.008622999999999999,3.0496612665684832,True,True
3fb8ea1c5cea68ee8159f3d984c6b8c2e2f70bb5e3ede1cd79af7121a0225a38,600572,512,grid-select,1,0,0,selection_isolated,30,0.0979735,0.0977905,0.0980765,0.500334274063905,True,True
3fb8ea1c5cea68ee8159f3d984c6b8c2e2f70bb5e3ede1cd79af7121a0225a38,600572,512,grid-select,1,0,0,transform_isolated,30,0.009594,0.00951,0.0096725,1.0010944340212633,True,True
3fb8ea1c5cea68ee8159f3d984c6b8c2e2f70bb5e3ede1cd79af7121a0225a38,600572,512,grid-select,1,0,0,upload_shared,1,0.698729,0.698729,0.698729,1.0,True,True
3fb8ea1c5cea68ee8159f3d984c6b8c2e2f70bb5e3ede1cd79af7121a0225a38,600572,1024,air-topk,1,512,0,download,30,0.011137000000000001,0.01101925,0.011582,1.0,True,True
3fb8ea1c5cea68ee8159f3d984c6b8c2e2f70bb5e3ede1cd79af7121a0225a38,600572,1024,air-topk,1,512,0,operator,30,0.0939925,0.09362200000000001,0.09601325,1.0,True,True
3fb8ea1c5cea68ee8159f3d984c6b8c2e2f70bb5e3ede1cd79af7121a0225a38,600572,1024,air-topk,1,512,0,output_isolated,30,0.044437500000000005,0.044331999999999996,0.044533,1.0,True,True
3fb8ea1c5cea68ee8159f3d984c6b8c2e2f70bb5e3ede1cd79af7121a0225a38,600572,1024,air-topk,1,512,0,selection_isolated,30,0.0452635,0.04503875,0.045624000000000005,1.0,True,True
3fb8ea1c5cea68ee8159f3d984c6b8c2e2f70bb5e3ede1cd79af7121a0225a38,600572,1024,air-topk,1,512,0,transform_isolated,30,0.009679499999999999,0.009602500000000002,0.0098425,1.0,True,True
3fb8ea1c5cea68ee8159f3d984c6b8c2e2f70bb5e3ede1cd79af7121a0225a38,600572,1024,air-topk,1,512,0,upload_shared,1,0.690026,0.690026,0.690026,1.0,True,True
3fb8ea1c5cea68ee8159f3d984c6b8c2e2f70bb5e3ede1cd79af7121a0225a38,600572,1024,bits-prefetch,1,128,4,download,30,0.010882,0.010376,0.011252,1.0234331924278628,False,False
3fb8ea1c5cea68ee8159f3d984c6b8c2e2f70bb5e3ede1cd79af7121a0225a38,600572,1024,bits-prefetch,1,128,4,operator,30,0.857329,0.8563879999999999,0.8598254999999999,0.1096341077929243,False,False
3fb8ea1c5cea68ee8159f3d984c6b8c2e2f70bb5e3ede1cd79af7121a0225a38,600572,1024,bits-prefetch,1,128,4,output_isolated,30,0.008678,0.008518,0.00905125,5.120707536298687,False,False
3fb8ea1c5cea68ee8159f3d984c6b8c2e2f70bb5e3ede1cd79af7121a0225a38,600572,1024,bits-prefetch,1,128,4,selection_isolated,30,0.8446995,0.84345075,0.8461320000000001,0.05358532827354579,False,False
3fb8ea1c5cea68ee8159f3d984c6b8c2e2f70bb5e3ede1cd79af7121a0225a38,600572,1024,bits-prefetch,1,128,4,transform_isolated,30,0.0096295,0.009531500000000002,0.00978,1.0051923775896983,False,False
3fb8ea1c5cea68ee8159f3d984c6b8c2e2f70bb5e3ede1cd79af7121a0225a38,600572,1024,bits-prefetch,1,128,4,upload_shared,1,0.67944,0.67944,0.67944,1.0155804780407394,False,False
3fb8ea1c5cea68ee8159f3d984c6b8c2e2f70bb5e3ede1cd79af7121a0225a38,600572,1024,bits-prefetch,1,128,7,download,30,0.0105105,0.01013525,0.010916750000000001,1.0596070596070597,False,False
3fb8ea1c5cea68ee8159f3d984c6b8c2e2f70bb5e3ede1cd79af7121a0225a38,600572,1024,bits-prefetch,1,128,7,operator,30,0.82833,0.82762475,0.8294320000000001,0.1134722876148395,False,False
3fb8ea1c5cea68ee8159f3d984c6b8c2e2f70bb5e3ede1cd79af7121a0225a38,600572,1024,bits-prefetch,1,128,7,output_isolated,30,0.008944,0.008535499999999998,0.009179,4.96841457960644,False,False
3fb8ea1c5cea68ee8159f3d984c6b8c2e2f70bb5e3ede1cd79af7121a0225a38,600572,1024,bits-prefetch,1,128,7,selection_isolated,30,0.8160815,0.815408,0.81663025,0.05546443584372394,False,False
3fb8ea1c5cea68ee8159f3d984c6b8c2e2f70bb5e3ede1cd79af7121a0225a38,600572,1024,bits-prefetch,1,128,7,transform_isolated,30,0.009644,0.00956175,0.00981,1.0036810452094567,False,False
3fb8ea1c5cea68ee8159f3d984c6b8c2e2f70bb5e3ede1cd79af7121a0225a38,600572,1024,bits-prefetch,1,128,7,upload_shared,1,0.703576,0.703576,0.703576,0.9807412418843168,False,False
3fb8ea1c5cea68ee8159f3d984c6b8c2e2f70bb5e3ede1cd79af7121a0225a38,600572,1024,bits-prefetch,1,128,8,download,30,0.010616,0.010105000000000001,0.0111945,1.049076865109269,False,False
3fb8ea1c5cea68ee8159f3d984c6b8c2e2f70bb5e3ede1cd79af7121a0225a38,600572,1024,bits-prefetch,1,128,8,operator,30,0.8109485,0.8106012499999999,0.8112997500000001,0.11590440083433166,False,False
3fb8ea1c5cea68ee8159f3d984c6b8c2e2f70bb5e3ede1cd79af7121a0225a38,600572,1024,bits-prefetch,1,128,8,output_isolated,30,0.008814,0.008355499999999998,0.009019000000000001,5.041695030633084,False,False
3fb8ea1c5cea68ee8159f3d984c6b8c2e2f70bb5e3ede1cd79af7121a0225a38,600572,1024,bits-prefetch,1,128,8,selection_isolated,30,0.79852,0.7983322500000001,0.7989584999999999,0.05668424084556429,False,False
3fb8ea1c5cea68ee8159f3d984c6b8c2e2f70bb5e3ede1cd79af7121a0225a38,600572,1024,bits-prefetch,1,128,8,transform_isolated,30,0.009585,0.00954425,0.0097325,1.0098591549295775,False,False
3fb8ea1c5cea68ee8159f3d984c6b8c2e2f70bb5e3ede1cd79af7121a0225a38,600572,1024,bits-prefetch,1,128,8,upload_shared,1,0.7031449999999999,0.7031449999999999,0.7031449999999999,0.9813423973718083,False,False
3fb8ea1c5cea68ee8159f3d984c6b8c2e2f70bb5e3ede1cd79af7121a0225a38,600572,1024,bits-prefetch,1,128,13,download,30,0.010676,0.0101585,0.011002,1.0431809666541778,False,False
3fb8ea1c5cea68ee8159f3d984c6b8c2e2f70bb5e3ede1cd79af7121a0225a38,600572,1024,bits-prefetch,1,128,13,operator,30,0.746341,0.7460684999999999,0.7467712499999999,0.12593774159532975,False,False
3fb8ea1c5cea68ee8159f3d984c6b8c2e2f70bb5e3ede1cd79af7121a0225a38,600572,1024,bits-prefetch,1,128,13,output_isolated,30,0.0088235,0.00862225,0.00918625,5.0362667875559595,False,False
3fb8ea1c5cea68ee8159f3d984c6b8c2e2f70bb5e3ede1cd79af7121a0225a38,600572,1024,bits-prefetch,1,128,13,selection_isolated,30,0.7340975000000001,0.733882,0.73434725,0.06165870337387063,False,False
3fb8ea1c5cea68ee8159f3d984c6b8c2e2f70bb5e3ede1cd79af7121a0225a38,600572,1024,bits-prefetch,1,128,13,transform_isolated,30,0.0096995,0.00959425,0.0099075,0.997938038043198,False,False
3fb8ea1c5cea68ee8159f3d984c6b8c2e2f70bb5e3ede1cd79af7121a0225a38,600572,1024,bits-prefetch,1,128,13,upload_shared,1,0.707592,0.707592,0.707592,0.9751749595812277,False,False
3fb8ea1c5cea68ee8159f3d984c6b8c2e2f70bb5e3ede1cd79af7121a0225a38,600572,1024,bits-prefetch,1,128,16,download,30,0.010880999999999998,0.010386,0.011347,1.023527249333701,False,False
3fb8ea1c5cea68ee8159f3d984c6b8c2e2f70bb5e3ede1cd79af7121a0225a38,600572,1024,bits-prefetch,1,128,16,operator,30,0.5658175000000001,0.565457,0.5663155,0.16611805043145536,False,False
3fb8ea1c5cea68ee8159f3d984c6b8c2e2f70bb5e3ede1cd79af7121a0225a38,600572,1024,bits-prefetch,1,128,16,output_isolated,30,0.008633,0.00842225,0.008969000000000001,5.14739951349473,False,False
3fb8ea1c5cea68ee8159f3d984c6b8c2e2f70bb5e3ede1cd79af7121a0225a38,600572,1024,bits-prefetch,1,128,16,selection_isolated,30,0.553784,0.5532057499999999,0.5545932499999999,0.08173493636508096,False,False
3fb8ea1c5cea68ee8159f3d984c6b8c2e2f70bb5e3ede1cd79af7121a0225a38,600572,1024,bits-prefetch,1,128,16,transform_isolated,30,0.009625,0.009535,0.009711500000000001,1.0056623376623375,False,False
3fb8ea1c5cea68ee8159f3d984c6b8c2e2f70bb5e3ede1cd79af7121a0225a38,600572,1024,bits-prefetch,1,128,16,upload_shared,1,0.713081,0.713081,0.713081,0.9676684696408965,False,False
3fb8ea1c5cea68ee8159f3d984c6b8c2e2f70bb5e3ede1cd79af7121a0225a38,600572,1024,bits-prefetch,1,256,4,download,30,0.010736,0.010222499999999999,0.011214499999999999,1.0373509687034277,False,False
3fb8ea1c5cea68ee8159f3d984c6b8c2e2f70bb5e3ede1cd79af7121a0225a38,600572,1024,bits-prefetch,1,256,4,operator,30,0.563634,0.5629355,0.5643910000000001,0.16676158641955596,False,False
3fb8ea1c5cea68ee8159f3d984c6b8c2e2f70bb5e3ede1cd79af7121a0225a38,600572,1024,bits-prefetch,1,256,4,output_isolated,30,0.008657999999999999,0.008498,0.00892575,5.132536382536384,False,False
3fb8ea1c5cea68ee8159f3d984c6b8c2e2f70bb5e3ede1cd79af7121a0225a38,600572,1024,bits-prefetch,1,256,4,selection_isolated,30,0.550995,0.5505665000000001,0.551776,0.08214865833628254,False,False
3fb8ea1c5cea68ee8159f3d984c6b8c2e2f70bb5e3ede1cd79af7121a0225a38,600572,1024,bits-prefetch,1,256,4,transform_isolated,30,0.009665,0.00958675,0.009810000000000001,1.001500258665287,False,False
3fb8ea1c5cea68ee8159f3d984c6b8c2e2f70bb5e3ede1cd79af7121a0225a38,600572,1024,bits-prefetch,1,256,4,upload_shared,1,0.7090240000000001,0.7090240000000001,0.7090240000000001,0.9732054204089,False,False
3fb8ea1c5cea68ee8159f3d984c6b8c2e2f70bb5e3ede1cd79af7121a0225a38,600572,1024,bits-prefetch,1,256,7,download,30,0.010591,0.01021825,0.01095675,1.0515532055518837,False,False
3fb8ea1c5cea68ee8159f3d984c6b8c2e2f70bb5e3ede1cd79af7121a0225a38,600572,1024,bits-prefetch,1,256,7,operator,30,0.4203215,0.419706,0.4209455,0.22362049050548213,False,False
3fb8ea1c5cea68ee8159f3d984c6b8c2e2f70bb5e3ede1cd79af7121a0225a38,600572,1024,bits-prefetch,1,256,7,output_isolated,30,0.008542999999999999,0.008428,0.008645499999999999,5.201627063092592,False,False
3fb8ea1c5cea68ee8159f3d984c6b8c2e2f70bb5e3ede1cd79af7121a0225a38,600572,1024,bits-prefetch,1,256,7,selection_isolated,30,0.4080685,0.40750974999999995,0.408364,0.1109213281593654,False,False
3fb8ea1c5cea68ee8159f3d984c6b8c2e2f70bb5e3ede1cd79af7121a0225a38,600572,1024,bits-prefetch,1,256,7,transform_isolated,30,0.00964,0.009534250000000001,0.009825,1.004097510373444,False,False
3fb8ea1c5cea68ee8159f3d984c6b8c2e2f70bb5e3ede1cd79af7121a0225a38,600572,1024,bits-prefetch,1,256,7,upload_shared,1,0.712639,0.712639,0.712639,0.968268646537728,False,False
3fb8ea1c5cea68ee8159f3d984c6b8c2e2f70bb5e3ede1cd79af7121a0225a38,600572,1024,bits-prefetch,1,256,8,download,30,0.010882,0.010371000000000002,0.0112045,1.0234331924278628,False,False
3fb8ea1c5cea68ee8159f3d984c6b8c2e2f70bb5e3ede1cd79af7121a0225a38,600572,1024,bits-prefetch,1,256,8,operator,30,0.4181685,0.41776824999999995,0.41879725,0.22477183240727125,False,False
3fb8ea1c5cea68ee8159f3d984c6b8c2e2f70bb5e3ede1cd79af7121a0225a38,600572,1024,bits-prefetch,1,256,8,output_isolated,30,0.008583,0.00843525,0.0088005,5.177385529535128,False,False
3fb8ea1c5cea68ee8159f3d984c6b8c2e2f70bb5e3ede1cd79af7121a0225a38,600572,1024,bits-prefetch,1,256,8,selection_isolated,30,0.4061605,0.405655,0.4064635,0.11144239777132439,False,False
3fb8ea1c5cea68ee8159f3d984c6b8c2e2f70bb5e3ede1cd79af7121a0225a38,600572,1024,bits-prefetch,1,256,8,transform_isolated,30,0.009694999999999999,0.00963675,0.009935000000000001,0.9984012377514183,False,False
3fb8ea1c5cea68ee8159f3d984c6b8c2e2f70bb5e3ede1cd79af7121a0225a38,600572,1024,bits-prefetch,1,256,8,upload_shared,1,0.690306,0.690306,0.690306,0.9995943827809697,False,False
3fb8ea1c5cea68ee8159f3d984c6b8c2e2f70bb5e3ede1cd79af7121a0225a38,600572,1024,bits-prefetch,1,256,13,download,30,0.010475499999999999,0.01009325,0.010671,1.0631473438022054,False,False
3fb8ea1c5cea68ee8159f3d984c6b8c2e2f70bb5e3ede1cd79af7121a0225a38,600572,1024,bits-prefetch,1,256,13,operator,30,0.371823,0.37127024999999997,0.371979,0.2527882890515111,False,False
3fb8ea1c5cea68ee8159f3d984c6b8c2e2f70bb5e3ede1cd79af7121a0225a38,600572,1024,bits-prefetch,1,256,13,output_isolated,30,0.008638,0.0084905,0.0087905,5.144420004630702,False,False
3fb8ea1c5cea68ee8159f3d984c6b8c2e2f70bb5e3ede1cd79af7121a0225a38,600572,1024,bits-prefetch,1,256,13,selection_isolated,30,0.3594445,0.35923925,0.35966225,0.12592625565281984,False,False
3fb8ea1c5cea68ee8159f3d984c6b8c2e2f70bb5e3ede1cd79af7121a0225a38,600572,1024,bits-prefetch,1,256,13,transform_isolated,30,0.009605,0.00955725,0.00973425,1.007756376887038,False,False
3fb8ea1c5cea68ee8159f3d984c6b8c2e2f70bb5e3ede1cd79af7121a0225a38,600572,1024,bits-prefetch,1,256,13,upload_shared,1,0.694292,0.694292,0.694292,0.9938556111837671,False,False
3fb8ea1c5cea68ee8159f3d984c6b8c2e2f70bb5e3ede1cd79af7121a0225a38,600572,1024,bits-prefetch,1,256,16,download,30,0.0103005,0.0101485,0.010673499999999999,1.0812096500169894,False,False
3fb8ea1c5cea68ee8159f3d984c6b8c2e2f70bb5e3ede1cd79af7121a0225a38,600572,1024,bits-prefetch,1,256,16,operator,30,0.362795,0.36233150000000003,0.3629825,0.2590788186165741,False,False
3fb8ea1c5cea68ee8159f3d984c6b8c2e2f70bb5e3ede1cd79af7121a0225a38,600572,1024,bits-prefetch,1,256,16,output_isolated,30,0.0085785,0.008420500000000001,0.008938,5.180101416331527,False,False
3fb8ea1c5cea68ee8159f3d984c6b8c2e2f70bb5e3ede1cd79af7121a0225a38,600572,1024,bits-prefetch,1,256,16,selection_isolated,30,0.3504205,0.35018825,0.35062850000000007,0.12916909826907957,False,False
3fb8ea1c5cea68ee8159f3d984c6b8c2e2f70bb5e3ede1cd79af7121a0225a38,600572,1024,bits-prefetch,1,256,16,transform_isolated,30,0.009585,0.00954425,0.00971725,1.0098591549295775,False,False
3fb8ea1c5cea68ee8159f3d984c6b8c2e2f70bb5e3ede1cd79af7121a0225a38,600572,1024,bits-prefetch,1,256,16,upload_shared,1,0.688353,0.688353,0.688353,1.002430439033461,False,False
3fb8ea1c5cea68ee8159f3d984c6b8c2e2f70bb5e3ede1cd79af7121a0225a38,600572,1024,bits-prefetch,1,512,4,download,30,0.010626,0.0102375,0.010991999999999998,1.0480895915678525,False,False
3fb8ea1c5cea68ee8159f3d984c6b8c2e2f70bb5e3ede1cd79af7121a0225a38,600572,1024,bits-prefetch,1,512,4,operator,30,0.357286,0.35645525,0.357842,0.2630735601171051,False,False
3fb8ea1c5cea68ee8159f3d984c6b8c2e2f70bb5e3ede1cd79af7121a0225a38,600572,1024,bits-prefetch,1,512,4,output_isolated,30,0.008593,0.0084555,0.008798,5.171360409635751,False,False
3fb8ea1c5cea68ee8159f3d984c6b8c2e2f70bb5e3ede1cd79af7121a0225a38,600572,1024,bits-prefetch,1,512,4,selection_isolated,30,0.34468699999999997,0.34431375,0.34524550000000004,0.1313176882214879,False,False
3fb8ea1c5cea68ee8159f3d984c6b8c2e2f70bb5e3ede1cd79af7121a0225a38,600572,1024,bits-prefetch,1,512,4,transform_isolated,30,0.009614,0.00956425,0.00984175,1.0068129810692739,False,False
3fb8ea1c5cea68ee8159f3d984c6b8c2e2f70bb5e3ede1cd79af7121a0225a38,600572,1024,bits-prefetch,1,512,4,upload_shared,1,0.698609,0.698609,0.698609,0.9877141577048105,False,False
3fb8ea1c5cea68ee8159f3d984c6b8c2e2f70bb5e3ede1cd79af7121a0225a38,600572,1024,bits-prefetch,1,512,7,download,30,0.010546,0.0101475,0.010972,1.0560402048169923,False,False
3fb8ea1c5cea68ee8159f3d984c6b8c2e2f70bb5e3ede1cd79af7121a0225a38,600572,1024,bits-prefetch,1,512,7,operator,30,0.3147415,0.314216,0.315328,0.2986339583435931,False,False
3fb8ea1c5cea68ee8159f3d984c6b8c2e2f70bb5e3ede1cd79af7121a0225a38,600572,1024,bits-prefetch,1,512,7,output_isolated,30,0.008487999999999999,0.00833525,0.00885625,5.2353322337417545,False,False
3fb8ea1c5cea68ee8159f3d984c6b8c2e2f70bb5e3ede1cd79af7121a0225a38,600572,1024,bits-prefetch,1,512,7,selection_isolated,30,0.30234300000000003,0.30204525000000004,0.30258875,0.14970910522155298,False,False
3fb8ea1c5cea68ee8159f3d984c6b8c2e2f70bb5e3ede1cd79af7121a0225a38,600572,1024,bits-prefetch,1,512,7,transform_isolated,30,0.009649999999999999,0.00955725,0.0098625,1.003056994818653,False,False
3fb8ea1c5cea68ee8159f3d984c6b8c2e2f70bb5e3ede1cd79af7121a0225a38,600572,1024,bits-prefetch,1,512,7,upload_shared,1,0.691738,0.691738,0.691738,0.9975250745224349,False,False
3fb8ea1c5cea68ee8159f3d984c6b8c2e2f70bb5e3ede1cd79af7121a0225a38,600572,1024,bits-prefetch,1,512,8,download,30,0.010651,0.01021,0.010884499999999998,1.045629518355084,False,False
3fb8ea1c5cea68ee8159f3d984c6b8c2e2f70bb5e3ede1cd79af7121a0225a38,600572,1024,bits-prefetch,1,512,8,operator,30,0.316705,0.31637675,0.31713825,0.29678249475063545,False,False
3fb8ea1c5cea68ee8159f3d984c6b8c2e2f70bb5e3ede1cd79af7121a0225a38,600572,1024,bits-prefetch,1,512,8,output_isolated,30,0.008468,0.0083355,0.00872125,5.247697213037318,False,False
3fb8ea1c5cea68ee8159f3d984c6b8c2e2f70bb5e3ede1cd79af7121a0225a38,600572,1024,bits-prefetch,1,512,8,selection_isolated,30,0.3044565,0.30425349999999995,0.30464175,0.14866984281826795,False,False
3fb8ea1c5cea68ee8159f3d984c6b8c2e2f70bb5e3ede1cd79af7121a0225a38,600572,1024,bits-prefetch,1,512,8,transform_isolated,30,0.009705,0.0095875,0.009859999999999999,0.9973724884080369,False,False
3fb8ea1c5cea68ee8159f3d984c6b8c2e2f70bb5e3ede1cd79af7121a0225a38,600572,1024,bits-prefetch,1,512,8,upload_shared,1,0.696135,0.696135,0.696135,0.991224403312576,False,False
3fb8ea1c5cea68ee8159f3d984c6b8c2e2f70bb5e3ede1cd79af7121a0225a38,600572,1024,bits-prefetch,1,512,13,download,30,0.010261,0.010097500000000002,0.010661,1.085371796121236,True,False
3fb8ea1c5cea68ee8159f3d984c6b8c2e2f70bb5e3ede1cd79af7121a0225a38,600572,1024,bits-prefetch,1,512,13,operator,30,0.29544250000000005,0.29524725,0.29597125,0.31814143191991673,True,False
3fb8ea1c5cea68ee8159f3d984c6b8c2e2f70bb5e3ede1cd79af7121a0225a38,600572,1024,bits-prefetch,1,512,13,output_isolated,30,0.008558,0.00847475,0.0087855,5.192509932227157,True,False
3fb8ea1c5cea68ee8159f3d984c6b8c2e2f70bb5e3ede1cd79af7121a0225a38,600572,1024,bits-prefetch,1,512,13,selection_isolated,30,0.28343949999999996,0.2832165,0.28370475,0.15969369124628008,True,False
3fb8ea1c5cea68ee8159f3d984c6b8c2e2f70bb5e3ede1cd79af7121a0225a38,600572,1024,bits-prefetch,1,512,13,transform_isolated,30,0.0097,0.009599,0.00988,0.9978865979381442,True,False
3fb8ea1c5cea68ee8159f3d984c6b8c2e2f70bb5e3ede1cd79af7121a0225a38,600572,1024,bits-prefetch,1,512,13,upload_shared,1,0.704998,0.704998,0.704998,0.9787630603207386,True,False
3fb8ea1c5cea68ee8159f3d984c6b8c2e2f70bb5e3ede1cd79af7121a0225a38,600572,1024,bits-prefetch,1,512,16,download,30,0.0107665,0.010318250000000001,0.0113645,1.0344122974039847,False,False
3fb8ea1c5cea68ee8159f3d984c6b8c2e2f70bb5e3ede1cd79af7121a0225a38,600572,1024,bits-prefetch,1,512,16,operator,30,0.3198845,0.31910125,0.32043325,0.2938326177104549,False,False
3fb8ea1c5cea68ee8159f3d984c6b8c2e2f70bb5e3ede1cd79af7121a0225a38,600572,1024,bits-prefetch,1,512,16,output_isolated,30,0.008563,0.008367250000000001,0.00883075,5.18947798668691,False,False
3fb8ea1c5cea68ee8159f3d984c6b8c2e2f70bb5e3ede1cd79af7121a0225a38,600572,1024,bits-prefetch,1,512,16,selection_isolated,30,0.30659000000000003,0.30637925,0.306769,0.14763527838481358,False,False
3fb8ea1c5cea68ee8159f3d984c6b8c2e2f70bb5e3ede1cd79af7121a0225a38,600572,1024,bits-prefetch,1,512,16,transform_isolated,30,0.0097,0.009555000000000001,0.009887749999999999,0.9978865979381442,False,False
3fb8ea1c5cea68ee8159f3d984c6b8c2e2f70bb5e3ede1cd79af7121a0225a38,600572,1024,bits-prefetch,1,512,16,upload_shared,1,0.690026,0.690026,0.690026,1.0,False,False
3fb8ea1c5cea68ee8159f3d984c6b8c2e2f70bb5e3ede1cd79af7121a0225a38,600572,1024,bits-sq,8,128,4,download,30,0.0106115,0.010225,0.01087125,1.0495217452763512,False,False
3fb8ea1c5cea68ee8159f3d984c6b8c2e2f70bb5e3ede1cd79af7121a0225a38,600572,1024,bits-sq,8,128,4,operator,30,0.32204299999999997,0.321592,0.322459,0.29186319839276126,False,False
3fb8ea1c5cea68ee8159f3d984c6b8c2e2f70bb5e3ede1cd79af7121a0225a38,600572,1024,bits-sq,8,128,4,output_isolated,30,0.008784,0.008563000000000001,0.0090015,5.05891393442623,False,False
3fb8ea1c5cea68ee8159f3d984c6b8c2e2f70bb5e3ede1cd79af7121a0225a38,600572,1024,bits-sq,8,128,4,selection_isolated,30,0.30985450000000003,0.3095215,0.310145,0.14607985360870987,False,False
3fb8ea1c5cea68ee8159f3d984c6b8c2e2f70bb5e3ede1cd79af7121a0225a38,600572,1024,bits-sq,8,128,4,transform_isolated,30,0.0097595,0.009704,0.009899999999999999,0.9918028587530097,False,False
3fb8ea1c5cea68ee8159f3d984c6b8c2e2f70bb5e3ede1cd79af7121a0225a38,600572,1024,bits-sq,8,128,4,upload_shared,1,0.67944,0.67944,0.67944,1.0155804780407394,False,False
3fb8ea1c5cea68ee8159f3d984c6b8c2e2f70bb5e3ede1cd79af7121a0225a38,600572,1024,bits-sq,8,128,7,download,30,0.010620999999999998,0.010275999999999999,0.0107835,1.0485829959514172,False,False
3fb8ea1c5cea68ee8159f3d984c6b8c2e2f70bb5e3ede1cd79af7121a0225a38,600572,1024,bits-sq,8,128,7,operator,30,0.29852749999999995,0.298232,0.2989155,0.3148537404426729,False,False
3fb8ea1c5cea68ee8159f3d984c6b8c2e2f70bb5e3ede1cd79af7121a0225a38,600572,1024,bits-sq,8,128,7,output_isolated,30,0.008588499999999999,0.0085555,0.00878325,5.174069977295222,False,False
3fb8ea1c5cea68ee8159f3d984c6b8c2e2f70bb5e3ede1cd79af7121a0225a38,600572,1024,bits-sq,8,128,7,selection_isolated,30,0.2861285,0.28594575,0.286484,0.15819290982897544,False,False
3fb8ea1c5cea68ee8159f3d984c6b8c2e2f70bb5e3ede1cd79af7121a0225a38,600572,1024,bits-sq,8,128,7,transform_isolated,30,0.0097945,0.00967675,0.0099275,0.9882587166266782,False,False
3fb8ea1c5cea68ee8159f3d984c6b8c2e2f70bb5e3ede1cd79af7121a0225a38,600572,1024,bits-sq,8,128,7,upload_shared,1,0.703576,0.703576,0.703576,0.9807412418843168,False,False
3fb8ea1c5cea68ee8159f3d984c6b8c2e2f70bb5e3ede1cd79af7121a0225a38,600572,1024,bits-sq,8,128,8,download,30,0.010561000000000001,0.01019275,0.010756,1.0545402897452893,False,False
3fb8ea1c5cea68ee8159f3d984c6b8c2e2f70bb5e3ede1cd79af7121a0225a38,600572,1024,bits-sq,8,128,8,operator,30,0.33118200000000003,0.33095125000000003,0.33166775000000004,0.28380920460653053,False,False
3fb8ea1c5cea68ee8159f3d984c6b8c2e2f70bb5e3ede1cd79af7121a0225a38,600572,1024,bits-sq,8,128,8,output_isolated,30,0.008667999999999999,0.0085155,0.008866249999999999,5.126615136132904,False,False
3fb8ea1c5cea68ee8159f3d984c6b8c2e2f70bb5e3ede1cd79af7121a0225a38,600572,1024,bits-sq,8,128,8,selection_isolated,30,0.31881299999999996,0.31851725000000003,0.3190905,0.1419750762986453,False,False
3fb8ea1c5cea68ee8159f3d984c6b8c2e2f70bb5e3ede1cd79af7121a0225a38,600572,1024,bits-sq,8,128,8,transform_isolated,30,0.0097895,0.00972675,0.00988475,0.9887634710659379,False,False
3fb8ea1c5cea68ee8159f3d984c6b8c2e2f70bb5e3ede1cd79af7121a0225a38,600572,1024,bits-sq,8,128,8,upload_shared,1,0.7031449999999999,0.7031449999999999,0.7031449999999999,0.9813423973718083,False,False
3fb8ea1c5cea68ee8159f3d984c6b8c2e2f70bb5e3ede1cd79af7121a0225a38,600572,1024,bits-sq,8,128,13,download,30,0.010376,0.01018,0.010701,1.07334232845027,False,False
3fb8ea1c5cea68ee8159f3d984c6b8c2e2f70bb5e3ede1cd79af7121a0225a38,600572,1024,bits-sq,8,128,13,operator,30,0.321938,0.3214995,0.32238900000000004,0.291958389503569,False,False
3fb8ea1c5cea68ee8159f3d984c6b8c2e2f70bb5e3ede1cd79af7121a0225a38,600572,1024,bits-sq,8,128,13,output_isolated,30,0.0088035,0.0086305,0.009003750000000001,5.047708297836088,False,False
3fb8ea1c5cea68ee8159f3d984c6b8c2e2f70bb5e3ede1cd79af7121a0225a38,600572,1024,bits-sq,8,128,13,selection_isolated,30,0.309589,0.30939075,0.30976725,0.14620513002722965,False,False
3fb8ea1c5cea68ee8159f3d984c6b8c2e2f70bb5e3ede1cd79af7121a0225a38,600572,1024,bits-sq,8,128,13,transform_isolated,30,0.009845,0.00974725,0.010012749999999999,0.9831894362620619,False,False
3fb8ea1c5cea68ee8159f3d984c6b8c2e2f70bb5e3ede1cd79af7121a0225a38,600572,1024,bits-sq,8,128,13,upload_shared,1,0.707592,0.707592,0.707592,0.9751749595812277,False,False
3fb8ea1c5cea68ee8159f3d984c6b8c2e2f70bb5e3ede1cd79af7121a0225a38,600572,1024,bits-sq,8,128,16,download,30,0.010741,0.010606,0.011166999999999998,1.0368680755981752,False,False
3fb8ea1c5cea68ee8159f3d984c6b8c2e2f70bb5e3ede1cd79af7121a0225a38,600572,1024,bits-sq,8,128,16,operator,30,0.324426,0.323841,0.324837,0.2897193813072935,False,False
3fb8ea1c5cea68ee8159f3d984c6b8c2e2f70bb5e3ede1cd79af7121a0225a38,600572,1024,bits-sq,8,128,16,output_isolated,30,0.008608000000000001,0.008444749999999999,0.0088005,5.162348977695167,False,False
3fb8ea1c5cea68ee8159f3d984c6b8c2e2f70bb5e3ede1cd79af7121a0225a38,600572,1024,bits-sq,8,128,16,selection_isolated,30,0.31195249999999997,0.3117845,0.31212799999999996,0.14509741066348242,False,False
3fb8ea1c5cea68ee8159f3d984c6b8c2e2f70bb5e3ede1cd79af7121a0225a38,600572,1024,bits-sq,8,128,16,transform_isolated,30,0.009835,0.0097275,0.009947500000000001,0.9841891204880527,False,False
3fb8ea1c5cea68ee8159f3d984c6b8c2e2f70bb5e3ede1cd79af7121a0225a38,600572,1024,bits-sq,8,128,16,upload_shared,1,0.713081,0.713081,0.713081,0.9676684696408965,False,False
3fb8ea1c5cea68ee8159f3d984c6b8c2e2f70bb5e3ede1cd79af7121a0225a38,600572,1024,bits-sq,8,256,4,download,30,0.0104805,0.0101975,0.0113375,1.0626401412146367,False,False
3fb8ea1c5cea68ee8159f3d984c6b8c2e2f70bb5e3ede1cd79af7121a0225a38,600572,1024,bits-sq,8,256,4,operator,30,0.220344,0.22013549999999998,0.22066149999999995,0.4265716334458846,False,False
3fb8ea1c5cea68ee8159f3d984c6b8c2e2f70bb5e3ede1cd79af7121a0225a38,600572,1024,bits-sq,8,256,4,output_isolated,30,0.008653000000000001,0.008455500000000001,0.008778000000000001,5.135502137986825,False,False
3fb8ea1c5cea68ee8159f3d984c6b8c2e2f70bb5e3ede1cd79af7121a0225a38,600572,1024,bits-sq,8,256,4,selection_isolated,30,0.207855,0.20763725,0.2081285,0.2177647879531404,False,False
3fb8ea1c5cea68ee8159f3d984c6b8c2e2f70bb5e3ede1cd79af7121a0225a38,600572,1024,bits-sq,8,256,4,transform_isolated,30,0.009855,0.009717499999999999,0.0099825,0.9821917808219178,False,False
3fb8ea1c5cea68ee8159f3d984c6b8c2e2f70bb5e3ede1cd79af7121a0225a38,600572,1024,bits-sq,8,256,4,upload_shared,1,0.7090240000000001,0.7090240000000001,0.7090240000000001,0.9732054204089,False,False
3fb8ea1c5cea68ee8159f3d984c6b8c2e2f70bb5e3ede1cd79af7121a0225a38,600572,1024,bits-sq,8,256,7,download,30,0.0103555,0.01015825,0.0106885,1.0754671430640723,False,False
3fb8ea1c5cea68ee8159f3d984c6b8c2e2f70bb5e3ede1cd79af7121a0225a38,600572,1024,bits-sq,8,256,7,operator,30,0.2085765,0.20823024999999998,0.20895925,0.4506380153085319,False,False
3fb8ea1c5cea68ee8159f3d984c6b8c2e2f70bb5e3ede1cd79af7121a0225a38,600572,1024,bits-sq,8,256,7,output_isolated,30,0.008668499999999999,0.008498,0.008928000000000002,5.126319432427756,False,False
3fb8ea1c5cea68ee8159f3d984c6b8c2e2f70bb5e3ede1cd79af7121a0225a38,600572,1024,bits-sq,8,256,7,selection_isolated,30,0.1962125,0.1960695,0.19645225,0.23068611836656683,False,False
3fb8ea1c5cea68ee8159f3d984c6b8c2e2f70bb5e3ede1cd79af7121a0225a38,600572,1024,bits-sq,8,256,7,transform_isolated,30,0.009859999999999999,0.009777500000000001,0.01011575,0.9816937119675456,False,False
3fb8ea1c5cea68ee8159f3d984c6b8c2e2f70bb5e3ede1cd79af7121a0225a38,600572,1024,bits-sq,8,256,7,upload_shared,1,0.712639,0.712639,0.712639,0.968268646537728,False,False
3fb8ea1c5cea68ee8159f3d984c6b8c2e2f70bb5e3ede1cd79af7121a0225a38,600572,1024,bits-sq,8,256,8,download,30,0.010571,0.01018525,0.0107835,1.0535427111909943,False,False
3fb8ea1c5cea68ee8159f3d984c6b8c2e2f70bb5e3ede1cd79af7121a0225a38,600572,1024,bits-sq,8,256,8,operator,30,0.212061,0.21179775,0.21248425,0.4432333149423987,False,False
3fb8ea1c5cea68ee8159f3d984c6b8c2e2f70bb5e3ede1cd79af7121a0225a38,600572,1024,bits-sq,8,256,8,output_isolated,30,0.008723499999999999,0.0086305,0.008843750000000001,5.093998968304008,False,False
3fb8ea1c5cea68ee8159f3d984c6b8c2e2f70bb5e3ede1cd79af7121a0225a38,600572,1024,bits-sq,8,256,8,selection_isolated,30,0.199497,0.19930949999999997,0.199703,0.22688812363093178,False,False
3fb8ea1c5cea68ee8159f3d984c6b8c2e2f70bb5e3ede1cd79af7121a0225a38,600572,1024,bits-sq,8,256,8,transform_isolated,30,0.0098595,0.0097675,0.01004,0.9817434961204928,False,False
3fb8ea1c5cea68ee8159f3d984c6b8c2e2f70bb5e3ede1cd79af7121a0225a38,600572,1024,bits-sq,8,256,8,upload_shared,1,0.690306,0.690306,0.690306,0.9995943827809697,False,False
3fb8ea1c5cea68ee8159f3d984c6b8c2e2f70bb5e3ede1cd79af7121a0225a38,600572,1024,bits-sq,8,256,13,download,30,0.01016,0.010047750000000001,0.010488500000000001,1.0961614173228347,False,False
3fb8ea1c5cea68ee8159f3d984c6b8c2e2f70bb5e3ede1cd79af7121a0225a38,600572,1024,bits-sq,8,256,13,operator,30,0.20871099999999998,0.20827325,0.20908174999999998,0.4503476098528588,False,False
3fb8ea1c5cea68ee8159f3d984c6b8c2e2f70bb5e3ede1cd79af7121a0225a38,600572,1024,bits-sq,8,256,13,output_isolated,30,0.008657999999999999,0.008563000000000001,0.008775500000000002,5.132536382536384,False,False
3fb8ea1c5cea68ee8159f3d984c6b8c2e2f70bb5e3ede1cd79af7121a0225a38,600572,1024,bits-sq,8,256,13,selection_isolated,30,0.196042,0.19585875,0.1961755,0.23088674875791923,False,False
3fb8ea1c5cea68ee8159f3d984c6b8c2e2f70bb5e3ede1cd79af7121a0225a38,600572,1024,bits-sq,8,256,13,transform_isolated,30,0.009835,0.0097975,0.009962500000000001,0.9841891204880527,False,False
3fb8ea1c5cea68ee8159f3d984c6b8c2e2f70bb5e3ede1cd79af7121a0225a38,600572,1024,bits-sq,8,256,13,upload_shared,1,0.694292,0.694292,0.694292,0.9938556111837671,False,False
3fb8ea1c5cea68ee8159f3d984c6b8c2e2f70bb5e3ede1cd79af7121a0225a38,600572,1024,bits-sq,8,256,16,download,30,0.01023,0.01013,0.010813499999999998,1.0886608015640276,False,False
3fb8ea1c5cea68ee8159f3d984c6b8c2e2f70bb5e3ede1cd79af7121a0225a38,600572,1024,bits-sq,8,256,16,operator,30,0.22186100000000003,0.22150599999999998,0.222196,0.42365490104164316,False,False
3fb8ea1c5cea68ee8159f3d984c6b8c2e2f70bb5e3ede1cd79af7121a0225a38,600572,1024,bits-sq,8,256,16,output_isolated,30,0.008648,0.008542250000000001,0.00894375,5.138471322849215,False,False
3fb8ea1c5cea68ee8159f3d984c6b8c2e2f70bb5e3ede1cd79af7121a0225a38,600572,1024,bits-sq,8,256,16,selection_isolated,30,0.209537,0.209428,0.209873,0.21601674167330828,False,False
3fb8ea1c5cea68ee8159f3d984c6b8c2e2f70bb5e3ede1cd79af7121a0225a38,600572,1024,bits-sq,8,256,16,transform_isolated,30,0.009844499999999999,0.0097575,0.00996275,0.9832393722383056,False,False
3fb8ea1c5cea68ee8159f3d984c6b8c2e2f70bb5e3ede1cd79af7121a0225a38,600572,1024,bits-sq,8,256,16,upload_shared,1,0.688353,0.688353,0.688353,1.002430439033461,False,False
3fb8ea1c5cea68ee8159f3d984c6b8c2e2f70bb5e3ede1cd79af7121a0225a38,600572,1024,bits-sq,8,512,4,download,30,0.010406,0.01022,0.010691000000000003,1.0702479338842976,False,False
3fb8ea1c5cea68ee8159f3d984c6b8c2e2f70bb5e3ede1cd79af7121a0225a38,600572,1024,bits-sq,8,512,4,operator,30,0.18348250000000002,0.18318974999999998,0.18383549999999999,0.5122695624923358,False,False
3fb8ea1c5cea68ee8159f3d984c6b8c2e2f70bb5e3ede1cd79af7121a0225a38,600572,1024,bits-sq,8,512,4,output_isolated,30,0.008613,0.0085305,0.008748,5.159352142110762,False,False
3fb8ea1c5cea68ee8159f3d984c6b8c2e2f70bb5e3ede1cd79af7121a0225a38,600572,1024,bits-sq,8,512,4,selection_isolated,30,0.170914,0.17078899999999997,0.17110175,0.26483202078238177,False,False
3fb8ea1c5cea68ee8159f3d984c6b8c2e2f70bb5e3ede1cd79af7121a0225a38,600572,1024,bits-sq,8,512,4,transform_isolated,30,0.00985,0.009705,0.010072749999999998,0.9826903553299492,False,False
3fb8ea1c5cea68ee8159f3d984c6b8c2e2f70bb5e3ede1cd79af7121a0225a38,600572,1024,bits-sq,8,512,4,upload_shared,1,0.698609,0.698609,0.698609,0.9877141577048105,False,False
3fb8ea1c5cea68ee8159f3d984c6b8c2e2f70bb5e3ede1cd79af7121a0225a38,600572,1024,bits-sq,8,512,7,download,30,0.010350999999999999,0.010177499999999999,0.010729250000000001,1.075934692300261,False,False
3fb8ea1c5cea68ee8159f3d984c6b8c2e2f70bb5e3ede1cd79af7121a0225a38,600572,1024,bits-sq,8,512,7,operator,30,0.18385400000000002,0.1836255,0.18452475000000002,0.511234457776279,False,False
3fb8ea1c5cea68ee8159f3d984c6b8c2e2f70bb5e3ede1cd79af7121a0225a38,600572,1024,bits-sq,8,512,7,output_isolated,30,0.008593,0.0084855,0.008702999999999999,5.171360409635751,False,False
3fb8ea1c5cea68ee8159f3d984c6b8c2e2f70bb5e3ede1cd79af7121a0225a38,600572,1024,bits-sq,8,512,7,selection_isolated,30,0.171365,0.17119974999999998,0.1715125,0.2641350334082222,False,False
3fb8ea1c5cea68ee8159f3d984c6b8c2e2f70bb5e3ede1cd79af7121a0225a38,600572,1024,bits-sq,8,512,7,transform_isolated,30,0.009795,0.00976425,0.01006575,0.9882082695252679,False,False
3fb8ea1c5cea68ee8159f3d984c6b8c2e2f70bb5e3ede1cd79af7121a0225a38,600572,1024,bits-sq,8,512,7,upload_shared,1,0.691738,0.691738,0.691738,0.9975250745224349,False,False
3fb8ea1c5cea68ee8159f3d984c6b8c2e2f70bb5e3ede1cd79af7121a0225a38,600572,1024,bits-sq,8,512,8,download,30,0.010261,0.01013825,0.010696750000000001,1.085371796121236,False,False
3fb8ea1c5cea68ee8159f3d984c6b8c2e2f70bb5e3ede1cd79af7121a0225a38,600572,1024,bits-sq,8,512,8,operator,30,0.1891865,0.188821,0.1896445,0.49682456200627423,False,False
3fb8ea1c5cea68ee8159f3d984c6b8c2e2f70bb5e3ede1cd79af7121a0225a38,600572,1024,bits-sq,8,512,8,output_isolated,30,0.008698000000000001,0.0085305,0.00879125,5.108933088066222,False,False
3fb8ea1c5cea68ee8159f3d984c6b8c2e2f70bb5e3ede1cd79af7121a0225a38,600572,1024,bits-sq,8,512,8,selection_isolated,30,0.176552,0.17632949999999997,0.1767605,0.25637489238298067,False,False
3fb8ea1c5cea68ee8159f3d984c6b8c2e2f70bb5e3ede1cd79af7121a0225a38,600572,1024,bits-sq,8,512,8,transform_isolated,30,0.0098045,0.0097575,0.0098825,0.9872507522056196,False,False
3fb8ea1c5cea68ee8159f3d984c6b8c2e2f70bb5e3ede1cd79af7121a0225a38,600572,1024,bits-sq,8,512,8,upload_shared,1,0.696135,0.696135,0.696135,0.991224403312576,False,False
3fb8ea1c5cea68ee8159f3d984c6b8c2e2f70bb5e3ede1cd79af7121a0225a38,600572,1024,bits-sq,8,512,13,download,30,0.010575999999999999,0.01015825,0.011012000000000001,1.0530446293494706,False,False
3fb8ea1c5cea68ee8159f3d984c6b8c2e2f70bb5e3ede1cd79af7121a0225a38,600572,1024,bits-sq,8,512,13,operator,30,0.220965,0.22063175000000002,0.22119775000000003,0.42537279659674615,False,False
3fb8ea1c5cea68ee8159f3d984c6b8c2e2f70bb5e3ede1cd79af7121a0225a38,600572,1024,bits-sq,8,512,13,output_isolated,30,0.008702999999999999,0.0085455,0.00887075,5.105997931747674,False,False
3fb8ea1c5cea68ee8159f3d984c6b8c2e2f70bb5e3ede1cd79af7121a0225a38,600572,1024,bits-sq,8,512,13,selection_isolated,30,0.20851599999999998,0.20833525,0.20880374999999998,0.21707446910548833,False,False
3fb8ea1c5cea68ee8159f3d984c6b8c2e2f70bb5e3ede1cd79af7121a0225a38,600572,1024,bits-sq,8,512,13,transform_isolated,30,0.0099405,0.0097675,0.010165,0.9737437754640108,False,False
3fb8ea1c5cea68ee8159f3d984c6b8c2e2f70bb5e3ede1cd79af7121a0225a38,600572,1024,bits-sq,8,512,13,upload_shared,1,0.704998,0.704998,0.704998,0.9787630603207386,False,False
3fb8ea1c5cea68ee8159f3d984c6b8c2e2f70bb5e3ede1cd79af7121a0225a38,600572,1024,bits-sq,8,512,16,download,30,0.0106315,0.01024325,0.010831,1.047547382777595,False,False
3fb8ea1c5cea68ee8159f3d984c6b8c2e2f70bb5e3ede1cd79af7121a0225a38,600572,1024,bits-sq,8,512,16,operator,30,0.236989,0.23685650000000003,0.23736675000000002,0.3966112351206174,False,False
3fb8ea1c5cea68ee8159f3d984c6b8c2e2f70bb5e3ede1cd79af7121a0225a38,600572,1024,bits-sq,8,512,16,output_isolated,30,0.008718,0.008535499999999998,0.008978,5.097212663454921,False,False
3fb8ea1c5cea68ee8159f3d984c6b8c2e2f70bb5e3ede1cd79af7121a0225a38,600572,1024,bits-sq,8,512,16,selection_isolated,30,0.22445500000000002,0.2241825,0.22459525000000002,0.20165957541600765,False,False
3fb8ea1c5cea68ee8159f3d984c6b8c2e2f70bb5e3ede1cd79af7121a0225a38,600572,1024,bits-sq,8,512,16,transform_isolated,30,0.0097045,0.009585,0.009781749999999999,0.9974238755216651,False,False
3fb8ea1c5cea68ee8159f3d984c6b8c2e2f70bb5e3ede1cd79af7121a0225a38,600572,1024,bits-sq,8,512,16,upload_shared,1,0.690026,0.690026,0.690026,1.0,False,False
3fb8ea1c5cea68ee8159f3d984c6b8c2e2f70bb5e3ede1cd79af7121a0225a38,600572,1024,bits-sq,32,128,4,download,30,0.010751,0.010543499999999999,0.011272,1.0359036368709889,False,False
3fb8ea1c5cea68ee8159f3d984c6b8c2e2f70bb5e3ede1cd79af7121a0225a38,600572,1024,bits-sq,32,128,4,operator,30,0.2863635,0.28589825,0.28684725,0.328227934076794,False,False
3fb8ea1c5cea68ee8159f3d984c6b8c2e2f70bb5e3ede1cd79af7121a0225a38,600572,1024,bits-sq,32,128,4,output_isolated,30,0.008458,0.00836525,0.00865375,5.253901631591393,False,False
3fb8ea1c5cea68ee8159f3d984c6b8c2e2f70bb5e3ede1cd79af7121a0225a38,600572,1024,bits-sq,32,128,4,selection_isolated,30,0.27378,0.27349650000000003,0.2741525,0.16532800058441083,False,False
3fb8ea1c5cea68ee8159f3d984c6b8c2e2f70bb5e3ede1cd79af7121a0225a38,600572,1024,bits-sq,32,128,4,transform_isolated,30,0.009785,0.00974,0.009932500000000002,0.9892181911088399,False,False
3fb8ea1c5cea68ee8159f3d984c6b8c2e2f70bb5e3ede1cd79af7121a0225a38,600572,1024,bits-sq,32,128,4,upload_shared,1,0.6955140000000001,0.6955140000000001,0.6955140000000001,0.9921094327360771,False,False
3fb8ea1c5cea68ee8159f3d984c6b8c2e2f70bb5e3ede1cd79af7121a0225a38,600572,1024,bits-sq,32,128,7,download,30,0.010741500000000001,0.010336,0.0111495,1.0368198110133593,False,False
3fb8ea1c5cea68ee8159f3d984c6b8c2e2f70bb5e3ede1cd79af7121a0225a38,600572,1024,bits-sq,32,128,7,operator,30,0.28853700000000004,0.28786349999999994,0.28880725,0.32575544904119746,False,False
3fb8ea1c5cea68ee8159f3d984c6b8c2e2f70bb5e3ede1cd79af7121a0225a38,600572,1024,bits-sq,32,128,7,output_isolated,30,0.008483000000000001,0.008322749999999999,0.008743,5.238418012495579,False,False
3fb8ea1c5cea68ee8159f3d984c6b8c2e2f70bb5e3ede1cd79af7121a0225a38,600572,1024,bits-sq,32,128,7,selection_isolated,30,0.2757325,0.27547974999999997,0.276338,0.16415729012720662,False,False
3fb8ea1c5cea68ee8159f3d984c6b8c2e2f70bb5e3ede1cd79af7121a0225a38,600572,1024,bits-sq,32,128,7,transform_isolated,30,0.00987,0.009805,0.0099725,0.9806990881458965,False,False
3fb8ea1c5cea68ee8159f3d984c6b8c2e2f70bb5e3ede1cd79af7121a0225a38,600572,1024,bits-sq,32,128,7,upload_shared,1,0.697066,0.697066,0.697066,0.9899005259186362,False,False
3fb8ea1c5cea68ee8159f3d984c6b8c2e2f70bb5e3ede1cd79af7121a0225a38,600572,1024,bits-sq,32,128,8,download,30,0.0102455,0.01010525,0.01069175,1.0870138109413892,False,False
3fb8ea1c5cea68ee8159f3d984c6b8c2e2f70bb5e3ede1cd79af7121a0225a38,600572,1024,bits-sq,32,128,8,operator,30,0.31044,0.30998675000000003,0.31087849999999995,0.30277187218141993,False,False
3fb8ea1c5cea68ee8159f3d984c6b8c2e2f70bb5e3ede1cd79af7121a0225a38,600572,1024,bits-sq,32,128,8,output_isolated,30,0.008577999999999999,0.0084355,0.008833,5.180403357425975,False,False
3fb8ea1c5cea68ee8159f3d984c6b8c2e2f70bb5e3ede1cd79af7121a0225a38,600572,1024,bits-sq,32,128,8,selection_isolated,30,0.298172,0.297786,0.298547,0.15180332157278348,False,False
3fb8ea1c5cea68ee8159f3d984c6b8c2e2f70bb5e3ede1cd79af7121a0225a38,600572,1024,bits-sq,32,128,8,transform_isolated,30,0.00982,0.00973425,0.0099425,0.9856924643584519,False,False
3fb8ea1c5cea68ee8159f3d984c6b8c2e2f70bb5e3ede1cd79af7121a0225a38,600572,1024,bits-sq,32,128,8,upload_shared,1,0.6981080000000001,0.6981080000000001,0.6981080000000001,0.9884229947228795,False,False
3fb8ea1c5cea68ee8159f3d984c6b8c2e2f70bb5e3ede1cd79af7121a0225a38,600572,1024,bits-sq,32,128,13,download,30,0.0105205,0.010105749999999998,0.01083425,1.0585998764317286,False,False
3fb8ea1c5cea68ee8159f3d984c6b8c2e2f70bb5e3ede1cd79af7121a0225a38,600572,1024,bits-sq,32,128,13,operator,30,0.303685,0.30334,0.304216,0.30950656107479796,False,False
3fb8ea1c5cea68ee8159f3d984c6b8c2e2f70bb5e3ede1cd79af7121a0225a38,600572,1024,bits-sq,32,128,13,output_isolated,30,0.008563000000000001,0.0084055,0.008705500000000001,5.189477986686908,False,False
3fb8ea1c5cea68ee8159f3d984c6b8c2e2f70bb5e3ede1cd79af7121a0225a38,600572,1024,bits-sq,32,128,13,selection_isolated,30,0.2915415,0.29133125,0.29173699999999997,0.15525576976176633,False,False
3fb8ea1c5cea68ee8159f3d984c6b8c2e2f70bb5e3ede1cd79af7121a0225a38,600572,1024,bits-sq,32,128,13,transform_isolated,30,0.00983,0.00973225,0.009985,0.9846897253306204,False,False
3fb8ea1c5cea68ee8159f3d984c6b8c2e2f70bb5e3ede1cd79af7121a0225a38,600572,1024,bits-sq,32,128,13,upload_shared,1,0.695113,0.695113,0.695113,0.9926817654108038,False,False
3fb8ea1c5cea68ee8159f3d984c6b8c2e2f70bb5e3ede1cd79af7121a0225a38,600572,1024,bits-sq,32,128,16,download,30,0.010520999999999999,0.01013825,0.011036999999999998,1.0585495675316037,False,False
3fb8ea1c5cea68ee8159f3d984c6b8c2e2f70bb5e3ede1cd79af7121a0225a38,600572,1024,bits-sq,32,128,16,operator,30,0.29137199999999996,0.2909135,0.291937,0.32258590393037084,False,False
3fb8ea1c5cea68ee8159f3d984c6b8c2e2f70bb5e3ede1cd79af7121a0225a38,600572,1024,bits-sq,32,128,16,output_isolated,30,0.008423,0.00830525,0.00868125,5.275733111717916,False,False
3fb8ea1c5cea68ee8159f3d984c6b8c2e2f70bb5e3ede1cd79af7121a0225a38,600572,1024,bits-sq,32,128,16,selection_isolated,30,0.278807,0.27870525,0.279098,0.16234707163019577,False,False
3fb8ea1c5cea68ee8159f3d984c6b8c2e2f70bb5e3ede1cd79af7121a0225a38,600572,1024,bits-sq,32,128,16,transform_isolated,30,0.009735,0.00965925,0.009832500000000001,0.9942989214175653,False,False
3fb8ea1c5cea68ee8159f3d984c6b8c2e2f70bb5e3ede1cd79af7121a0225a38,600572,1024,bits-sq,32,128,16,upload_shared,1,0.690656,0.690656,0.690656,0.9990878237501737,False,False
3fb8ea1c5cea68ee8159f3d984c6b8c2e2f70bb5e3ede1cd79af7121a0225a38,600572,1024,bits-sq,32,256,4,download,30,0.010602,0.0101985,0.01084675,1.0504621769477458,False,False
3fb8ea1c5cea68ee8159f3d984c6b8c2e2f70bb5e3ede1cd79af7121a0225a38,600572,1024,bits-sq,32,256,4,operator,30,0.19958749999999997,0.19917700000000002,0.19985725000000001,0.47093380096448934,False,False
3fb8ea1c5cea68ee8159f3d984c6b8c2e2f70bb5e3ede1cd79af7121a0225a38,600572,1024,bits-sq,32,256,4,output_isolated,30,0.008498,0.008403,0.008680499999999999,5.229171569781125,False,False
3fb8ea1c5cea68ee8159f3d984c6b8c2e2f70bb5e3ede1cd79af7121a0225a38,600572,1024,bits-sq,32,256,4,selection_isolated,30,0.18686799999999998,0.18673050000000002,0.187049,0.24222178222060495,False,False
3fb8ea1c5cea68ee8159f3d984c6b8c2e2f70bb5e3ede1cd79af7121a0225a38,600572,1024,bits-sq,32,256,4,transform_isolated,30,0.00989,0.009775,0.0099725,0.9787158746208291,False,False
3fb8ea1c5cea68ee8159f3d984c6b8c2e2f70bb5e3ede1cd79af7121a0225a38,600572,1024,bits-sq,32,256,4,upload_shared,1,0.708924,0.708924,0.708924,0.9733426996405821,False,False
3fb8ea1c5cea68ee8159f3d984c6b8c2e2f70bb5e3ede1cd79af7121a0225a38,600572,1024,bits-sq,32,256,7,download,30,0.010665999999999998,0.0105585,0.0110935,1.0441590099381215,False,False
3fb8ea1c5cea68ee8159f3d984c6b8c2e2f70bb5e3ede1cd79af7121a0225a38,600572,1024,bits-sq,32,256,7,operator,30,0.189287,0.188846,0.18969025,0.4965607780777338,False,False
3fb8ea1c5cea68ee8159f3d984c6b8c2e2f70bb5e3ede1cd79af7121a0225a38,600572,1024,bits-sq,32,256,7,output_isolated,30,0.008493,0.00832775,0.0086255,5.232250088308018,False,False
3fb8ea1c5cea68ee8159f3d984c6b8c2e2f70bb5e3ede1cd79af7121a0225a38,600572,1024,bits-sq,32,256,7,selection_isolated,30,0.17649700000000001,0.1763595,0.17664225,0.2564547839340045,False,False
3fb8ea1c5cea68ee8159f3d984c6b8c2e2f70bb5e3ede1cd79af7121a0225a38,600572,1024,bits-sq,32,256,7,transform_isolated,30,0.009920000000000002,0.0098175,0.0100375,0.9757560483870965,False,False
3fb8ea1c5cea68ee8159f3d984c6b8c2e2f70bb5e3ede1cd79af7121a0225a38,600572,1024,bits-sq,32,256,7,upload_shared,1,0.696986,0.696986,0.696986,0.9900141466256137,False,False
3fb8ea1c5cea68ee8159f3d984c6b8c2e2f70bb5e3ede1cd79af7121a0225a38,600572,1024,bits-sq,32,256,8,download,30,0.0102855,0.010208499999999999,0.010605999999999999,1.082786446939867,False,False
3fb8ea1c5cea68ee8159f3d984c6b8c2e2f70bb5e3ede1cd79af7121a0225a38,600572,1024,bits-sq,32,256,8,operator,30,0.199818,0.199357,0.20016325000000001,0.47039055540541896,False,False
3fb8ea1c5cea68ee8159f3d984c6b8c2e2f70bb5e3ede1cd79af7121a0225a38,600572,1024,bits-sq,32,256,8,output_isolated,30,0.008463,0.00839475,0.00871125,5.250797589507267,False,False
3fb8ea1c5cea68ee8159f3d984c6b8c2e2f70bb5e3ede1cd79af7121a0225a38,600572,1024,bits-sq,32,256,8,selection_isolated,30,0.18737399999999999,0.18714625,0.18763724999999998,0.2415676668054266,False,False
3fb8ea1c5cea68ee8159f3d984c6b8c2e2f70bb5e3ede1cd79af7121a0225a38,600572,1024,bits-sq,32,256,8,transform_isolated,30,0.00983,0.00971725,0.009925000000000002,0.9846897253306204,False,False
3fb8ea1c5cea68ee8159f3d984c6b8c2e2f70bb5e3ede1cd79af7121a0225a38,600572,1024,bits-sq,32,256,8,upload_shared,1,0.696425,0.696425,0.696425,0.9908116451879241,False,False
3fb8ea1c5cea68ee8159f3d984c6b8c2e2f70bb5e3ede1cd79af7121a0225a38,600572,1024,bits-sq,32,256,13,download,30,0.0106515,0.010233500000000001,0.010832,1.0455804346805615,False,False
3fb8ea1c5cea68ee8159f3d984c6b8c2e2f70bb5e3ede1cd79af7121a0225a38,600572,1024,bits-sq,32,256,13,operator,30,0.20168550000000002,0.20138,0.201926,0.46603499012075733,False,False
3fb8ea1c5cea68ee8159f3d984c6b8c2e2f70bb5e3ede1cd79af7121a0225a38,600572,1024,bits-sq,32,256,13,output_isolated,30,0.008483000000000001,0.008375249999999999,0.00862275,5.238418012495579,False,False
3fb8ea1c5cea68ee8159f3d984c6b8c2e2f70bb5e3ede1cd79af7121a0225a38,600572,1024,bits-sq,32,256,13,selection_isolated,30,0.18883149999999999,0.18862275,0.18912175,0.23970312156605228,False,False
3fb8ea1c5cea68ee8159f3d984c6b8c2e2f70bb5e3ede1cd79af7121a0225a38,600572,1024,bits-sq,32,256,13,transform_isolated,30,0.009925,0.0097975,0.00999525,0.975264483627204,False,False
3fb8ea1c5cea68ee8159f3d984c6b8c2e2f70bb5e3ede1cd79af7121a0225a38,600572,1024,bits-sq,32,256,13,upload_shared,1,0.697336,0.697336,0.697336,0.9895172485000059,False,False
3fb8ea1c5cea68ee8159f3d984c6b8c2e2f70bb5e3ede1cd79af7121a0225a38,600572,1024,bits-sq,32,256,16,download,30,0.0106065,0.0102375,0.010693750000000002,1.0500164993164571,False,False
3fb8ea1c5cea68ee8159f3d984c6b8c2e2f70bb5e3ede1cd79af7121a0225a38,600572,1024,bits-sq,32,256,16,operator,30,0.2210505,0.22067749999999997,0.22156025000000001,0.42520826688924024,False,False
3fb8ea1c5cea68ee8159f3d984c6b8c2e2f70bb5e3ede1cd79af7121a0225a38,600572,1024,bits-sq,32,256,16,output_isolated,30,0.008403,0.008313,0.0085655,5.288289896465548,False,False
3fb8ea1c5cea68ee8159f3d984c6b8c2e2f70bb5e3ede1cd79af7121a0225a38,600572,1024,bits-sq,32,256,16,selection_isolated,30,0.208636,0.20846525,0.20894350000000003,0.21694961559845857,False,False
3fb8ea1c5cea68ee8159f3d984c6b8c2e2f70bb5e3ede1cd79af7121a0225a38,600572,1024,bits-sq,32,256,16,transform_isolated,30,0.00982,0.009747500000000001,0.00998075,0.9856924643584519,False,False
3fb8ea1c5cea68ee8159f3d984c6b8c2e2f70bb5e3ede1cd79af7121a0225a38,600572,1024,bits-sq,32,256,16,upload_shared,1,0.6900850000000001,0.6900850000000001,0.6900850000000001,0.9999145032858271,False,False
3fb8ea1c5cea68ee8159f3d984c6b8c2e2f70bb5e3ede1cd79af7121a0225a38,600572,1024,bits-sq,32,512,4,download,30,0.010665999999999998,0.010331,0.01090625,1.0441590099381215,True,True
3fb8ea1c5cea68ee8159f3d984c6b8c2e2f70bb5e3ede1cd79af7121a0225a38,600572,1024,bits-sq,32,512,4,operator,30,0.171325,0.17084149999999998,0.1715625,0.5486210418794689,True,True
3fb8ea1c5cea68ee8159f3d984c6b8c2e2f70bb5e3ede1cd79af7121a0225a38,600572,1024,bits-sq,32,512,4,output_isolated,30,0.008478,0.008413,0.008608000000000001,5.241507430997878,True,True
3fb8ea1c5cea68ee8159f3d984c6b8c2e2f70bb5e3ede1cd79af7121a0225a38,600572,1024,bits-sq,32,512,4,selection_isolated,30,0.15858,0.15841025,0.15882775,0.2854300668432337,True,True
3fb8ea1c5cea68ee8159f3d984c6b8c2e2f70bb5e3ede1cd79af7121a0225a38,600572,1024,bits-sq,32,512,4,transform_isolated,30,0.009825,0.00972225,0.00991075,0.9851908396946564,True,True
3fb8ea1c5cea68ee8159f3d984c6b8c2e2f70bb5e3ede1cd79af7121a0225a38,600572,1024,bits-sq,32,512,4,upload_shared,1,0.700121,0.700121,0.700121,0.9855810638446784,True,True
3fb8ea1c5cea68ee8159f3d984c6b8c2e2f70bb5e3ede1cd79af7121a0225a38,600572,1024,bits-sq,32,512,7,download,30,0.0119185,0.011838000000000001,0.0123255,0.93442966816294,False,False
3fb8ea1c5cea68ee8159f3d984c6b8c2e2f70bb5e3ede1cd79af7121a0225a38,600572,1024,bits-sq,32,512,7,operator,30,0.1766375,0.17627525,0.17721125000000001,0.5321208690113934,False,False
3fb8ea1c5cea68ee8159f3d984c6b8c2e2f70bb5e3ede1cd79af7121a0225a38,600572,1024,bits-sq,32,512,7,output_isolated,30,0.008448,0.0084155,0.008713,5.260120738636364,False,False
3fb8ea1c5cea68ee8159f3d984c6b8c2e2f70bb5e3ede1cd79af7121a0225a38,600572,1024,bits-sq,32,512,7,selection_isolated,30,0.164329,0.16410075000000002,0.1646275,0.2754443829147624,False,False
3fb8ea1c5cea68ee8159f3d984c6b8c2e2f70bb5e3ede1cd79af7121a0225a38,600572,1024,bits-sq,32,512,7,transform_isolated,30,0.009864999999999999,0.009745,0.00999,0.9811961479979726,False,False
3fb8ea1c5cea68ee8159f3d984c6b8c2e2f70bb5e3ede1cd79af7121a0225a38,600572,1024,bits-sq,32,512,7,upload_shared,1,0.7033550000000001,0.7033550000000001,0.7033550000000001,0.9810493989521649,False,False
3fb8ea1c5cea68ee8159f3d984c6b8c2e2f70bb5e3ede1cd79af7121a0225a38,600572,1024,bits-sq,32,512,8,download,30,0.010666,0.010206,0.010814250000000001,1.0441590099381213,False,False
3fb8ea1c5cea68ee8159f3d984c6b8c2e2f70bb5e3ede1cd79af7121a0225a38,600572,1024,bits-sq,32,512,8,operator,30,0.191149,0.19089225,0.19162825,0.49172373384113965,False,False
3fb8ea1c5cea68ee8159f3d984c6b8c2e2f70bb5e3ede1cd79af7121a0225a38,600572,1024,bits-sq,32,512,8,output_isolated,30,0.008453,0.008362250000000002,0.008718,5.257009345794393,False,False
3fb8ea1c5cea68ee8159f3d984c6b8c2e2f70bb5e3ede1cd79af7121a0225a38,600572,1024,bits-sq,32,512,8,selection_isolated,30,0.1786605,0.1785025,0.17880349999999998,0.2533492294043731,False,False
3fb8ea1c5cea68ee8159f3d984c6b8c2e2f70bb5e3ede1cd79af7121a0225a38,600572,1024,bits-sq,32,512,8,transform_isolated,30,0.009945,0.0097875,0.010067749999999999,0.9733031674208142,False,False
3fb8ea1c5cea68ee8159f3d984c6b8c2e2f70bb5e3ede1cd79af7121a0225a38,600572,1024,bits-sq,32,512,8,upload_shared,1,0.688333,0.688333,0.688333,1.0024595653557218,False,False
3fb8ea1c5cea68ee8159f3d984c6b8c2e2f70bb5e3ede1cd79af7121a0225a38,600572,1024,bits-sq,32,512,13,download,30,0.010761,0.01050025,0.011119500000000001,1.0349409906142553,False,False
3fb8ea1c5cea68ee8159f3d984c6b8c2e2f70bb5e3ede1cd79af7121a0225a38,600572,1024,bits-sq,32,512,13,operator,30,0.2054715,0.20514575,0.20592025,0.4574478698992318,False,False
3fb8ea1c5cea68ee8159f3d984c6b8c2e2f70bb5e3ede1cd79af7121a0225a38,600572,1024,bits-sq,32,512,13,output_isolated,30,0.008573,0.008408,0.008800750000000001,5.183424705470664,False,False
3fb8ea1c5cea68ee8159f3d984c6b8c2e2f70bb5e3ede1cd79af7121a0225a38,600572,1024,bits-sq,32,512,13,selection_isolated,30,0.192802,0.19265700000000002,0.19298700000000002,0.2347667555315816,False,False
3fb8ea1c5cea68ee8159f3d984c6b8c2e2f70bb5e3ede1cd79af7121a0225a38,600572,1024,bits-sq,32,512,13,transform_isolated,30,0.009919500000000001,0.009822250000000001,0.0100225,0.9758052321185541,False,False
3fb8ea1c5cea68ee8159f3d984c6b8c2e2f70bb5e3ede1cd79af7121a0225a38,600572,1024,bits-sq,32,512,13,upload_shared,1,0.69283,0.69283,0.69283,0.9959528311418386,False,False
3fb8ea1c5cea68ee8159f3d984c6b8c2e2f70bb5e3ede1cd79af7121a0225a38,600572,1024,bits-sq,32,512,16,download,30,0.010691,0.01031525,0.0107835,1.0417173323356095,False,False
3fb8ea1c5cea68ee8159f3d984c6b8c2e2f70bb5e3ede1cd79af7121a0225a38,600572,1024,bits-sq,32,512,16,operator,30,0.248492,0.24809599999999998,0.24891699999999997,0.3782516137340438,False,False
3fb8ea1c5cea68ee8159f3d984c6b8c2e2f70bb5e3ede1cd79af7121a0225a38,600572,1024,bits-sq,32,512,16,output_isolated,30,0.008508,0.00838475,0.008673,5.223025387870241,False,False
3fb8ea1c5cea68ee8159f3d984c6b8c2e2f70bb5e3ede1cd79af7121a0225a38,600572,1024,bits-sq,32,512,16,selection_isolated,30,0.235817,0.2356295,0.23601225000000003,0.19194332893726915,False,False
3fb8ea1c5cea68ee8159f3d984c6b8c2e2f70bb5e3ede1cd79af7121a0225a38,600572,1024,bits-sq,32,512,16,transform_isolated,30,0.009919500000000001,0.009815,0.009985,0.9758052321185541,False,False
3fb8ea1c5cea68ee8159f3d984c6b8c2e2f70bb5e3ede1cd79af7121a0225a38,600572,1024,bits-sq,32,512,16,upload_shared,1,0.708403,0.708403,0.708403,0.9740585514177664,False,False
3fb8ea1c5cea68ee8159f3d984c6b8c2e2f70bb5e3ede1cd79af7121a0225a38,600572,1024,bits-sq,128,128,4,download,30,0.0108165,0.01025275,0.0111935,1.0296306568668239,False,False
3fb8ea1c5cea68ee8159f3d984c6b8c2e2f70bb5e3ede1cd79af7121a0225a38,600572,1024,bits-sq,128,128,4,operator,30,0.46035250000000005,0.45967625,0.4608255,0.20417506150178394,False,False
3fb8ea1c5cea68ee8159f3d984c6b8c2e2f70bb5e3ede1cd79af7121a0225a38,600572,1024,bits-sq,128,128,4,output_isolated,30,0.008593,0.008478,0.0088155,5.171360409635751,False,False
3fb8ea1c5cea68ee8159f3d984c6b8c2e2f70bb5e3ede1cd79af7121a0225a38,600572,1024,bits-sq,128,128,4,selection_isolated,30,0.448084,0.44796575,0.4482815,0.10101565777845226,False,False
3fb8ea1c5cea68ee8159f3d984c6b8c2e2f70bb5e3ede1cd79af7121a0225a38,600572,1024,bits-sq,128,128,4,transform_isolated,30,0.0098095,0.0097575,0.009968250000000001,0.9867475406493703,False,False
3fb8ea1c5cea68ee8159f3d984c6b8c2e2f70bb5e3ede1cd79af7121a0225a38,600572,1024,bits-sq,128,128,4,upload_shared,1,0.696005,0.696005,0.696005,0.9914095444716633,False,False
3fb8ea1c5cea68ee8159f3d984c6b8c2e2f70bb5e3ede1cd79af7121a0225a38,600572,1024,bits-sq,128,128,7,download,30,0.010601000000000001,0.010162750000000002,0.0109895,1.050561267804924,False,False
3fb8ea1c5cea68ee8159f3d984c6b8c2e2f70bb5e3ede1cd79af7121a0225a38,600572,1024,bits-sq,128,128,7,operator,30,0.4888055,0.48840925,0.48934625000000004,0.19229018495086492,False,False
3fb8ea1c5cea68ee8159f3d984c6b8c2e2f70bb5e3ede1cd79af7121a0225a38,600572,1024,bits-sq,128,128,7,output_isolated,30,0.008537999999999999,0.008398000000000001,0.008821250000000001,5.2046732255797625,False,False
3fb8ea1c5cea68ee8159f3d984c6b8c2e2f70bb5e3ede1cd79af7121a0225a38,600572,1024,bits-sq,128,128,7,selection_isolated,30,0.476102,0.47586349999999994,0.47625175,0.09507101419443732,False,False
3fb8ea1c5cea68ee8159f3d984c6b8c2e2f70bb5e3ede1cd79af7121a0225a38,600572,1024,bits-sq,128,128,7,transform_isolated,30,0.00981,0.009674249999999999,0.0099675,0.986697247706422,False,False
3fb8ea1c5cea68ee8159f3d984c6b8c2e2f70bb5e3ede1cd79af7121a0225a38,600572,1024,bits-sq,128,128,7,upload_shared,1,0.690967,0.690967,0.690967,0.9986381404611219,False,False
3fb8ea1c5cea68ee8159f3d984c6b8c2e2f70bb5e3ede1cd79af7121a0225a38,600572,1024,bits-sq,128,128,8,download,30,0.010205,0.01007825,0.010825999999999999,1.091327780499755,False,False
3fb8ea1c5cea68ee8159f3d984c6b8c2e2f70bb5e3ede1cd79af7121a0225a38,600572,1024,bits-sq,128,128,8,operator,30,0.505436,0.5050749999999999,0.5057235,0.1859632080025958,False,False
3fb8ea1c5cea68ee8159f3d984c6b8c2e2f70bb5e3ede1cd79af7121a0225a38,600572,1024,bits-sq,128,128,8,output_isolated,30,0.008593,0.0083855,0.008869,5.171360409635751,False,False
3fb8ea1c5cea68ee8159f3d984c6b8c2e2f70bb5e3ede1cd79af7121a0225a38,600572,1024,bits-sq,128,128,8,selection_isolated,30,0.4932375,0.4931202499999999,0.493628,0.09176816442383233,False,False
3fb8ea1c5cea68ee8159f3d984c6b8c2e2f70bb5e3ede1cd79af7121a0225a38,600572,1024,bits-sq,128,128,8,transform_isolated,30,0.0097,0.00964725,0.009835,0.9978865979381442,False,False
3fb8ea1c5cea68ee8159f3d984c6b8c2e2f70bb5e3ede1cd79af7121a0225a38,600572,1024,bits-sq,128,128,8,upload_shared,1,0.6947519999999999,0.6947519999999999,0.6947519999999999,0.9931975726590209,False,False
3fb8ea1c5cea68ee8159f3d984c6b8c2e2f70bb5e3ede1cd79af7121a0225a38,600572,1024,bits-sq,128,128,13,download,30,0.010621499999999999,0.010211,0.010810999999999998,1.048533634609048,False,False
3fb8ea1c5cea68ee8159f3d984c6b8c2e2f70bb5e3ede1cd79af7121a0225a38,600572,1024,bits-sq,128,128,13,operator,30,0.496252,0.49609374999999994,0.49673475,0.18940477821751853,False,False
3fb8ea1c5cea68ee8159f3d984c6b8c2e2f70bb5e3ede1cd79af7121a0225a38,600572,1024,bits-sq,128,128,13,output_isolated,30,0.008608000000000001,0.008493,0.00896875,5.162348977695167,False,False
3fb8ea1c5cea68ee8159f3d984c6b8c2e2f70bb5e3ede1cd79af7121a0225a38,600572,1024,bits-sq,128,128,13,selection_isolated,30,0.483673,0.48341049999999997,0.48382800000000004,0.09358285453188414,False,False
3fb8ea1c5cea68ee8159f3d984c6b8c2e2f70bb5e3ede1cd79af7121a0225a38,600572,1024,bits-sq,128,128,13,transform_isolated,30,0.009775,0.00968,0.0098675,0.9902301790281328,False,False
3fb8ea1c5cea68ee8159f3d984c6b8c2e2f70bb5e3ede1cd79af7121a0225a38,600572,1024,bits-sq,128,128,13,upload_shared,1,0.697076,0.697076,0.697076,0.9898863251639707,False,False
3fb8ea1c5cea68ee8159f3d984c6b8c2e2f70bb5e3ede1cd79af7121a0225a38,600572,1024,bits-sq,128,128,16,download,30,0.010746,0.0104885,0.011077,1.036385631863019,False,False
3fb8ea1c5cea68ee8159f3d984c6b8c2e2f70bb5e3ede1cd79af7121a0225a38,600572,1024,bits-sq,128,128,16,operator,30,0.450878,0.450487,0.451334,0.2084654829022485,False,False
3fb8ea1c5cea68ee8159f3d984c6b8c2e2f70bb5e3ede1cd79af7121a0225a38,600572,1024,bits-sq,128,128,16,output_isolated,30,0.008603,0.008478,0.0089755,5.165349296756946,False,False
3fb8ea1c5cea68ee8159f3d984c6b8c2e2f70bb5e3ede1cd79af7121a0225a38,600572,1024,bits-sq,128,128,16,selection_isolated,30,0.438359,0.43814225,0.4388225,0.10325669143327729,False,False
3fb8ea1c5cea68ee8159f3d984c6b8c2e2f70bb5e3ede1cd79af7121a0225a38,600572,1024,bits-sq,128,128,16,transform_isolated,30,0.009745,0.009694250000000001,0.009884999999999998,0.9932786044125191,False,False
3fb8ea1c5cea68ee8159f3d984c6b8c2e2f70bb5e3ede1cd79af7121a0225a38,600572,1024,bits-sq,128,128,16,upload_shared,1,0.686159,0.686159,0.686159,1.005635720000758,False,False
3fb8ea1c5cea68ee8159f3d984c6b8c2e2f70bb5e3ede1cd79af7121a0225a38,600572,1024,bits-sq,128,256,4,download,30,0.010780999999999999,0.0105635,0.0112045,1.033021055560709,False,False
3fb8ea1c5cea68ee8159f3d984c6b8c2e2f70bb5e3ede1cd79af7121a0225a38,600572,1024,bits-sq,128,256,4,operator,30,0.314462,0.31421825,0.31484449999999997,0.29889939006938837,False,False
3fb8ea1c5cea68ee8159f3d984c6b8c2e2f70bb5e3ede1cd79af7121a0225a38,600572,1024,bits-sq,128,256,4,output_isolated,30,0.008537999999999999,0.008420500000000001,0.008638,5.2046732255797625,False,False
3fb8ea1c5cea68ee8159f3d984c6b8c2e2f70bb5e3ede1cd79af7121a0225a38,600572,1024,bits-sq,128,256,4,selection_isolated,30,0.302157,0.30200724999999995,0.30223549999999993,0.14980126225770046,False,False
3fb8ea1c5cea68ee8159f3d984c6b8c2e2f70bb5e3ede1cd79af7121a0225a38,600572,1024,bits-sq,128,256,4,transform_isolated,30,0.009835,0.009684250000000002,0.009975,0.9841891204880527,False,False
3fb8ea1c5cea68ee8159f3d984c6b8c2e2f70bb5e3ede1cd79af7121a0225a38,600572,1024,bits-sq,128,256,4,upload_shared,1,0.7043470000000001,0.7043470000000001,0.7043470000000001,0.9796676922028489,False,False
3fb8ea1c5cea68ee8159f3d984c6b8c2e2f70bb5e3ede1cd79af7121a0225a38,600572,1024,bits-sq,128,256,7,download,30,0.010541,0.01019825,0.01104425,1.056541125130443,False,False
3fb8ea1c5cea68ee8159f3d984c6b8c2e2f70bb5e3ede1cd79af7121a0225a38,600572,1024,bits-sq,128,256,7,operator,30,0.289609,0.28931625000000005,0.29001,0.3245496514265786,False,False
3fb8ea1c5cea68ee8159f3d984c6b8c2e2f70bb5e3ede1cd79af7121a0225a38,600572,1024,bits-sq,128,256,7,output_isolated,30,0.008463,0.00835025,0.0087255,5.250797589507267,False,False
3fb8ea1c5cea68ee8159f3d984c6b8c2e2f70bb5e3ede1cd79af7121a0225a38,600572,1024,bits-sq,128,256,7,selection_isolated,30,0.27710999999999997,0.27696499999999996,0.27727999999999997,0.16334127241889504,False,False
3fb8ea1c5cea68ee8159f3d984c6b8c2e2f70bb5e3ede1cd79af7121a0225a38,600572,1024,bits-sq,128,256,7,transform_isolated,30,0.009744,0.009704,0.009975,0.9933805418719212,False,False
3fb8ea1c5cea68ee8159f3d984c6b8c2e2f70bb5e3ede1cd79af7121a0225a38,600572,1024,bits-sq,128,256,7,upload_shared,1,0.703546,0.703546,0.703546,0.9807830618040612,False,False
3fb8ea1c5cea68ee8159f3d984c6b8c2e2f70bb5e3ede1cd79af7121a0225a38,600572,1024,bits-sq,128,256,8,download,30,0.010520999999999999,0.0101475,0.010843499999999999,1.0585495675316037,False,False
3fb8ea1c5cea68ee8159f3d984c6b8c2e2f70bb5e3ede1cd79af7121a0225a38,600572,1024,bits-sq,128,256,8,operator,30,0.30194750000000004,0.3012395,0.3021405,0.3112875582675796,False,False
3fb8ea1c5cea68ee8159f3d984c6b8c2e2f70bb5e3ede1cd79af7121a0225a38,600572,1024,bits-sq,128,256,8,output_isolated,30,0.008578,0.008450500000000001,0.00890625,5.180403357425973,False,False
3fb8ea1c5cea68ee8159f3d984c6b8c2e2f70bb5e3ede1cd79af7121a0225a38,600572,1024,bits-sq,128,256,8,selection_isolated,30,0.2894185,0.28921825,0.28961325,0.15639463268588563,False,False
3fb8ea1c5cea68ee8159f3d984c6b8c2e2f70bb5e3ede1cd79af7121a0225a38,600572,1024,bits-sq,128,256,8,transform_isolated,30,0.00989,0.009777500000000001,0.009985,0.9787158746208291,False,False
3fb8ea1c5cea68ee8159f3d984c6b8c2e2f70bb5e3ede1cd79af7121a0225a38,600572,1024,bits-sq,128,256,8,upload_shared,1,0.7021240000000001,0.7021240000000001,0.7021240000000001,0.9827694253436714,False,False
3fb8ea1c5cea68ee8159f3d984c6b8c2e2f70bb5e3ede1cd79af7121a0225a38,600572,1024,bits-sq,128,256,13,download,30,0.010501,0.01017775,0.01071425,1.060565660413294,False,False
3fb8ea1c5cea68ee8159f3d984c6b8c2e2f70bb5e3ede1cd79af7121a0225a38,600572,1024,bits-sq,128,256,13,operator,30,0.31026,0.3099575,0.31085575,0.30294752787984275,False,False
3fb8ea1c5cea68ee8159f3d984c6b8c2e2f70bb5e3ede1cd79af7121a0225a38,600572,1024,bits-sq,128,256,13,output_isolated,30,0.008508,0.008372999999999998,0.008773000000000001,5.223025387870241,False,False
3fb8ea1c5cea68ee8159f3d984c6b8c2e2f70bb5e3ede1cd79af7121a0225a38,600572,1024,bits-sq,128,256,13,selection_isolated,30,0.297967,0.29773099999999997,0.2982245,0.15190776159776082,False,False
3fb8ea1c5cea68ee8159f3d984c6b8c2e2f70bb5e3ede1cd79af7121a0225a38,600572,1024,bits-sq,128,256,13,transform_isolated,30,0.0097595,0.009684749999999999,0.00987,0.9918028587530097,False,False
3fb8ea1c5cea68ee8159f3d984c6b8c2e2f70bb5e3ede1cd79af7121a0225a38,600572,1024,bits-sq,128,256,13,upload_shared,1,0.694773,0.694773,0.694773,0.9931675525675293,False,False
3fb8ea1c5cea68ee8159f3d984c6b8c2e2f70bb5e3ede1cd79af7121a0225a38,600572,1024,bits-sq,128,256,16,download,30,0.0106465,0.01040025,0.010796749999999999,1.046071478889776,False,False
3fb8ea1c5cea68ee8159f3d984c6b8c2e2f70bb5e3ede1cd79af7121a0225a38,600572,1024,bits-sq,128,256,16,operator,30,0.31469199999999997,0.31424850000000004,0.31492775,0.29868093246730143,False,False
3fb8ea1c5cea68ee8159f3d984c6b8c2e2f70bb5e3ede1cd79af7121a0225a38,600572,1024,bits-sq,128,256,16,output_isolated,30,0.008483,0.008398000000000001,0.00880575,5.238418012495581,False,False
3fb8ea1c5cea68ee8159f3d984c6b8c2e2f70bb5e3ede1cd79af7121a0225a38,600572,1024,bits-sq,128,256,16,selection_isolated,30,0.302027,0.30186050000000003,0.3022555,0.14986574048015575,False,False
3fb8ea1c5cea68ee8159f3d984c6b8c2e2f70bb5e3ede1cd79af7121a0225a38,600572,1024,bits-sq,128,256,16,transform_isolated,30,0.009920000000000002,0.009775,0.010046,0.9757560483870965,False,False
3fb8ea1c5cea68ee8159f3d984c6b8c2e2f70bb5e3ede1cd79af7121a0225a38,600572,1024,bits-sq,128,256,16,upload_shared,1,0.707251,0.707251,0.707251,0.9756451387131302,False,False
3fb8ea1c5cea68ee8159f3d984c6b8c2e2f70bb5e3ede1cd79af7121a0225a38,600572,1024,bits-sq,128,512,4,download,30,0.0106515,0.01024325,0.0111445,1.0455804346805615,False,False
3fb8ea1c5cea68ee8159f3d984c6b8c2e2f70bb5e3ede1cd79af7121a0225a38,600572,1024,bits-sq,128,512,4,operator,30,0.2413505,0.240354,0.24841175,0.3894439829211044,False,False
3fb8ea1c5cea68ee8159f3d984c6b8c2e2f70bb5e3ede1cd79af7121a0225a38,600572,1024,bits-sq,128,512,4,output_isolated,30,0.008508,0.00843475,0.00876325,5.223025387870241,False,False
3fb8ea1c5cea68ee8159f3d984c6b8c2e2f70bb5e3ede1cd79af7121a0225a38,600572,1024,bits-sq,128,512,4,selection_isolated,30,0.2350815,0.2272215,0.23581200000000002,0.1925438624477043,False,False
3fb8ea1c5cea68ee8159f3d984c6b8c2e2f70bb5e3ede1cd79af7121a0225a38,600572,1024,bits-sq,128,512,4,transform_isolated,30,0.009904999999999999,0.0098175,0.009965,0.977233720343261,False,False
3fb8ea1c5cea68ee8159f3d984c6b8c2e2f70bb5e3ede1cd79af7121a0225a38,600572,1024,bits-sq,128,512,4,upload_shared,1,0.694753,0.694753,0.694753,0.9931961430897025,False,False
3fb8ea1c5cea68ee8159f3d984c6b8c2e2f70bb5e3ede1cd79af7121a0225a38,600572,1024,bits-sq,128,512,7,download,30,0.010290999999999998,0.010148250000000001,0.010731,1.08220775434846,False,False
3fb8ea1c5cea68ee8159f3d984c6b8c2e2f70bb5e3ede1cd79af7121a0225a38,600572,1024,bits-sq,128,512,7,operator,30,0.2738795,0.27361399999999997,0.27452350000000003,0.34318924928663885,False,False
3fb8ea1c5cea68ee8159f3d984c6b8c2e2f70bb5e3ede1cd79af7121a0225a38,600572,1024,bits-sq,128,512,7,output_isolated,30,0.008563000000000001,0.008392,0.00892625,5.189477986686908,False,False
3fb8ea1c5cea68ee8159f3d984c6b8c2e2f70bb5e3ede1cd79af7121a0225a38,600572,1024,bits-sq,128,512,7,selection_isolated,30,0.2611705,0.26095575,0.2613535,0.1733101556263054,False,False
3fb8ea1c5cea68ee8159f3d984c6b8c2e2f70bb5e3ede1cd79af7121a0225a38,600572,1024,bits-sq,128,512,7,transform_isolated,30,0.009855,0.009775,0.010002500000000001,0.9821917808219178,False,False
3fb8ea1c5cea68ee8159f3d984c6b8c2e2f70bb5e3ede1cd79af7121a0225a38,600572,1024,bits-sq,128,512,7,upload_shared,1,0.704799,0.704799,0.704799,0.9790394140740837,False,False
3fb8ea1c5cea68ee8159f3d984c6b8c2e2f70bb5e3ede1cd79af7121a0225a38,600572,1024,bits-sq,128,512,8,download,30,0.010531,0.010156,0.010926749999999999,1.0575443927452284,False,False
3fb8ea1c5cea68ee8159f3d984c6b8c2e2f70bb5e3ede1cd79af7121a0225a38,600572,1024,bits-sq,128,512,8,operator,30,0.277556,0.2771725,0.27839375,0.3386433728688985,False,False
3fb8ea1c5cea68ee8159f3d984c6b8c2e2f70bb5e3ede1cd79af7121a0225a38,600572,1024,bits-sq,128,512,8,output_isolated,30,0.008478,0.008378,0.0086405,5.241507430997878,False,False
3fb8ea1c5cea68ee8159f3d984c6b8c2e2f70bb5e3ede1cd79af7121a0225a38,600572,1024,bits-sq,128,512,8,selection_isolated,30,0.265277,0.26499700000000004,0.26547475,0.1706273065512653,False,False
3fb8ea1c5cea68ee8159f3d984c6b8c2e2f70bb5e3ede1cd79af7121a0225a38,600572,1024,bits-sq,128,512,8,transform_isolated,30,0.009864999999999999,0.009689999999999999,0.00992775,0.9811961479979726,False,False
3fb8ea1c5cea68ee8159f3d984c6b8c2e2f70bb5e3ede1cd79af7121a0225a38,600572,1024,bits-sq,128,512,8,upload_shared,1,0.699941,0.699941,0.699941,0.9858345203381428,False,False
3fb8ea1c5cea68ee8159f3d984c6b8c2e2f70bb5e3ede1cd79af7121a0225a38,600572,1024,bits-sq,128,512,13,download,30,0.010636,0.01033825,0.011082,1.0471041745016925,False,False
3fb8ea1c5cea68ee8159f3d984c6b8c2e2f70bb5e3ede1cd79af7121a0225a38,600572,1024,bits-sq,128,512,13,operator,30,0.280575,0.280139,0.28102350000000004,0.33499955448632274,False,False
3fb8ea1c5cea68ee8159f3d984c6b8c2e2f70bb5e3ede1cd79af7121a0225a38,600572,1024,bits-sq,128,512,13,output_isolated,30,0.0084975,0.008343,0.008573,5.229479258605473,False,False
3fb8ea1c5cea68ee8159f3d984c6b8c2e2f70bb5e3ede1cd79af7121a0225a38,600572,1024,bits-sq,128,512,13,selection_isolated,30,0.26793599999999995,0.26778274999999996,0.268026,0.16893399916397947,False,False
3fb8ea1c5cea68ee8159f3d984c6b8c2e2f70bb5e3ede1cd79af7121a0225a38,600572,1024,bits-sq,128,512,13,transform_isolated,30,0.009940000000000001,0.00982725,0.010090000000000002,0.9737927565392352,False,False
3fb8ea1c5cea68ee8159f3d984c6b8c2e2f70bb5e3ede1cd79af7121a0225a38,600572,1024,bits-sq,128,512,13,upload_shared,1,0.694913,0.694913,0.694913,0.9929674649920206,False,False
3fb8ea1c5cea68ee8159f3d984c6b8c2e2f70bb5e3ede1cd79af7121a0225a38,600572,1024,bits-sq,128,512,16,download,30,0.010606,0.010225,0.010811749999999998,1.050066000377145,False,False
3fb8ea1c5cea68ee8159f3d984c6b8c2e2f70bb5e3ede1cd79af7121a0225a38,600572,1024,bits-sq,128,512,16,operator,30,0.312203,0.31147949999999996,0.31242824999999996,0.30106212944782723,False,False
3fb8ea1c5cea68ee8159f3d984c6b8c2e2f70bb5e3ede1cd79af7121a0225a38,600572,1024,bits-sq,128,512,16,output_isolated,30,0.0084925,0.00831725,0.00870375,5.232558139534884,False,False
3fb8ea1c5cea68ee8159f3d984c6b8c2e2f70bb5e3ede1cd79af7121a0225a38,600572,1024,bits-sq,128,512,16,selection_isolated,30,0.2998545,0.299579,0.300019,0.1509515448325771,False,False
3fb8ea1c5cea68ee8159f3d984c6b8c2e2f70bb5e3ede1cd79af7121a0225a38,600572,1024,bits-sq,128,512,16,transform_isolated,30,0.0097645,0.009725,0.00984,0.9912949971836754,False,False
3fb8ea1c5cea68ee8159f3d984c6b8c2e2f70bb5e3ede1cd79af7121a0225a38,600572,1024,bits-sq,128,512,16,upload_shared,1,0.7023539999999999,0.7023539999999999,0.7023539999999999,0.982447597650188,False,False
3fb8ea1c5cea68ee8159f3d984c6b8c2e2f70bb5e3ede1cd79af7121a0225a38,600572,1024,bits-sq,512,128,4,download,30,0.010891000000000001,0.010423499999999999,0.011620499999999999,1.0225874575337435,False,False
3fb8ea1c5cea68ee8159f3d984c6b8c2e2f70bb5e3ede1cd79af7121a0225a38,600572,1024,bits-sq,512,128,4,operator,30,1.287205,1.2865725000000001,1.2878517500000002,0.07302061443204463,False,False
3fb8ea1c5cea68ee8159f3d984c6b8c2e2f70bb5e3ede1cd79af7121a0225a38,600572,1024,bits-sq,512,128,4,output_isolated,30,0.009274,0.008859,0.00954175,4.791621738192798,False,False
3fb8ea1c5cea68ee8159f3d984c6b8c2e2f70bb5e3ede1cd79af7121a0225a38,600572,1024,bits-sq,512,128,4,selection_isolated,30,1.2745215,1.273695,1.27504175,0.03551411255125943,False,False
3fb8ea1c5cea68ee8159f3d984c6b8c2e2f70bb5e3ede1cd79af7121a0225a38,600572,1024,bits-sq,512,128,4,transform_isolated,30,0.009845,0.00976,0.0100125,0.9831894362620619,False,False
3fb8ea1c5cea68ee8159f3d984c6b8c2e2f70bb5e3ede1cd79af7121a0225a38,600572,1024,bits-sq,512,128,4,upload_shared,1,0.698789,0.698789,0.698789,0.9874597339110948,False,False
3fb8ea1c5cea68ee8159f3d984c6b8c2e2f70bb5e3ede1cd79af7121a0225a38,600572,1024,bits-sq,512,128,7,download,30,0.010971999999999999,0.010686000000000001,0.0115205,1.0150382792562889,False,False
3fb8ea1c5cea68ee8159f3d984c6b8c2e2f70bb5e3ede1cd79af7121a0225a38,600572,1024,bits-sq,512,128,7,operator,30,1.371839,1.3713355,1.373036,0.06851569316807585,False,False
3fb8ea1c5cea68ee8159f3d984c6b8c2e2f70bb5e3ede1cd79af7121a0225a38,600572,1024,bits-sq,512,128,7,output_isolated,30,0.009269,0.00903325,0.00953475,4.794206494767505,False,False
3fb8ea1c5cea68ee8159f3d984c6b8c2e2f70bb5e3ede1cd79af7121a0225a38,600572,1024,bits-sq,512,128,7,selection_isolated,30,1.3591745,1.3588140000000002,1.3597860000000002,0.03330219923931769,False,False
3fb8ea1c5cea68ee8159f3d984c6b8c2e2f70bb5e3ede1cd79af7121a0225a38,600572,1024,bits-sq,512,128,7,transform_isolated,30,0.009835,0.00974,0.010007499999999999,0.9841891204880527,False,False
3fb8ea1c5cea68ee8159f3d984c6b8c2e2f70bb5e3ede1cd79af7121a0225a38,600572,1024,bits-sq,512,128,7,upload_shared,1,0.687613,0.687613,0.687613,1.0035092413901425,False,False
3fb8ea1c5cea68ee8159f3d984c6b8c2e2f70bb5e3ede1cd79af7121a0225a38,600572,1024,bits-sq,512,128,8,download,30,0.010952,0.010520999999999999,0.0118655,1.0168918918918919,False,False
3fb8ea1c5cea68ee8159f3d984c6b8c2e2f70bb5e3ede1cd79af7121a0225a38,600572,1024,bits-sq,512,128,8,operator,30,1.3870615000000002,1.3864877500000001,1.38737275,0.06776375813184923,False,False
3fb8ea1c5cea68ee8159f3d984c6b8c2e2f70bb5e3ede1cd79af7121a0225a38,600572,1024,bits-sq,512,128,8,output_isolated,30,0.009174000000000002,0.00885325,0.009667499999999999,4.843852190974493,False,False
3fb8ea1c5cea68ee8159f3d984c6b8c2e2f70bb5e3ede1cd79af7121a0225a38,600572,1024,bits-sq,512,128,8,selection_isolated,30,1.374177,1.37343125,1.37461025,0.03293862435479563,False,False
3fb8ea1c5cea68ee8159f3d984c6b8c2e2f70bb5e3ede1cd79af7121a0225a38,600572,1024,bits-sq,512,128,8,transform_isolated,30,0.009864999999999999,0.0097725,0.01001575,0.9811961479979726,False,False
3fb8ea1c5cea68ee8159f3d984c6b8c2e2f70bb5e3ede1cd79af7121a0225a38,600572,1024,bits-sq,512,128,8,upload_shared,1,0.691708,0.691708,0.691708,0.9975683380848567,False,False
3fb8ea1c5cea68ee8159f3d984c6b8c2e2f70bb5e3ede1cd79af7121a0225a38,600572,1024,bits-sq,512,128,13,download,30,0.011186999999999999,0.0107935,0.011560250000000001,0.995530526503978,False,False
3fb8ea1c5cea68ee8159f3d984c6b8c2e2f70bb5e3ede1cd79af7121a0225a38,600572,1024,bits-sq,512,128,13,operator,30,1.383126,1.3804809999999998,1.3848939999999998,0.06795657084025605,False,False
3fb8ea1c5cea68ee8159f3d984c6b8c2e2f70bb5e3ede1cd79af7121a0225a38,600572,1024,bits-sq,512,128,13,output_isolated,30,0.0091035,0.008718,0.009503999999999999,4.881364310430055,False,False
3fb8ea1c5cea68ee8159f3d984c6b8c2e2f70bb5e3ede1cd79af7121a0225a38,600572,1024,bits-sq,512,128,13,selection_isolated,30,1.367758,1.36645825,1.3693024999999999,0.03309320800901914,False,False
3fb8ea1c5cea68ee8159f3d984c6b8c2e2f70bb5e3ede1cd79af7121a0225a38,600572,1024,bits-sq,512,128,13,transform_isolated,30,0.00987,0.009742500000000001,0.010065000000000001,0.9806990881458965,False,False
3fb8ea1c5cea68ee8159f3d984c6b8c2e2f70bb5e3ede1cd79af7121a0225a38,600572,1024,bits-sq,512,128,13,upload_shared,1,0.704247,0.704247,0.704247,0.9798068007389454,False,False
3fb8ea1c5cea68ee8159f3d984c6b8c2e2f70bb5e3ede1cd79af7121a0225a38,600572,1024,bits-sq,512,128,16,download,30,0.0108715,0.010571,0.011447,1.024421652945776,False,False
3fb8ea1c5cea68ee8159f3d984c6b8c2e2f70bb5e3ede1cd79af7121a0225a38,600572,1024,bits-sq,512,128,16,operator,30,1.2164685,1.2135687499999999,1.2182285,0.07726669453421935,False,False
3fb8ea1c5cea68ee8159f3d984c6b8c2e2f70bb5e3ede1cd79af7121a0225a38,600572,1024,bits-sq,512,128,16,output_isolated,30,0.0089535,0.008693,0.009311499999999999,4.963142905009215,False,False
3fb8ea1c5cea68ee8159f3d984c6b8c2e2f70bb5e3ede1cd79af7121a0225a38,600572,1024,bits-sq,512,128,16,selection_isolated,30,1.203343,1.2013835,1.2049599999999998,0.03761479478419702,False,False
3fb8ea1c5cea68ee8159f3d984c6b8c2e2f70bb5e3ede1cd79af7121a0225a38,600572,1024,bits-sq,512,128,16,transform_isolated,30,0.0098045,0.009749250000000001,0.01001,0.9872507522056196,False,False
3fb8ea1c5cea68ee8159f3d984c6b8c2e2f70bb5e3ede1cd79af7121a0225a38,600572,1024,bits-sq,512,128,16,upload_shared,1,0.698729,0.698729,0.698729,0.9875445272773851,False,False
3fb8ea1c5cea68ee8159f3d984c6b8c2e2f70bb5e3ede1cd79af7121a0225a38,600572,1024,bits-sq,512,256,4,download,30,0.010856500000000002,0.010703500000000001,0.011272,1.025837056141482,False,False
3fb8ea1c5cea68ee8159f3d984c6b8c2e2f70bb5e3ede1cd79af7121a0225a38,600572,1024,bits-sq,512,256,4,operator,30,0.8056255,0.8046847500000001,0.806477,0.11667021463446726,False,False
3fb8ea1c5cea68ee8159f3d984c6b8c2e2f70bb5e3ede1cd79af7121a0225a38,600572,1024,bits-sq,512,256,4,output_isolated,30,0.008663,0.0084305,0.0088205,5.129574050559852,False,False
3fb8ea1c5cea68ee8159f3d984c6b8c2e2f70bb5e3ede1cd79af7121a0225a38,600572,1024,bits-sq,512,256,4,selection_isolated,30,0.7932874999999999,0.79220275,0.794294,0.057058128358255994,False,False
3fb8ea1c5cea68ee8159f3d984c6b8c2e2f70bb5e3ede1cd79af7121a0225a38,600572,1024,bits-sq,512,256,4,transform_isolated,30,0.009805,0.00972425,0.009980000000000001,0.9872004079551249,False,False
3fb8ea1c5cea68ee8159f3d984c6b8c2e2f70bb5e3ede1cd79af7121a0225a38,600572,1024,bits-sq,512,256,4,upload_shared,1,0.694713,0.694713,0.694713,0.993253329072581,False,False
3fb8ea1c5cea68ee8159f3d984c6b8c2e2f70bb5e3ede1cd79af7121a0225a38,600572,1024,bits-sq,512,256,7,download,30,0.0107865,0.0105035,0.011304499999999999,1.032494321605711,False,False
3fb8ea1c5cea68ee8159f3d984c6b8c2e2f70bb5e3ede1cd79af7121a0225a38,600572,1024,bits-sq,512,256,7,operator,30,0.7191095000000001,0.71815075,0.7199359999999999,0.1307067977825352,False,False
3fb8ea1c5cea68ee8159f3d984c6b8c2e2f70bb5e3ede1cd79af7121a0225a38,600572,1024,bits-sq,512,256,7,output_isolated,30,0.0088535,0.008657999999999999,0.009069,5.019201445755916,False,False
3fb8ea1c5cea68ee8159f3d984c6b8c2e2f70bb5e3ede1cd79af7121a0225a38,600572,1024,bits-sq,512,256,7,selection_isolated,30,0.7066255,0.70598,0.70712175,0.06405585419716667,False,False
3fb8ea1c5cea68ee8159f3d984c6b8c2e2f70bb5e3ede1cd79af7121a0225a38,600572,1024,bits-sq,512,256,7,transform_isolated,30,0.009864999999999999,0.00977925,0.01003275,0.9811961479979726,False,False
3fb8ea1c5cea68ee8159f3d984c6b8c2e2f70bb5e3ede1cd79af7121a0225a38,600572,1024,bits-sq,512,256,7,upload_shared,1,0.688633,0.688633,0.688633,1.002022848164407,False,False
3fb8ea1c5cea68ee8159f3d984c6b8c2e2f70bb5e3ede1cd79af7121a0225a38,600572,1024,bits-sq,512,256,8,download,30,0.010735999999999999,0.01021075,0.011545499999999998,1.037350968703428,False,False
3fb8ea1c5cea68ee8159f3d984c6b8c2e2f70bb5e3ede1cd79af7121a0225a38,600572,1024,bits-sq,512,256,8,operator,30,0.7235715,0.7222189999999999,0.7247205,0.12990077691009114,False,False
3fb8ea1c5cea68ee8159f3d984c6b8c2e2f70bb5e3ede1cd79af7121a0225a38,600572,1024,bits-sq,512,256,8,output_isolated,30,0.008858000000000001,0.0086055,0.009184000000000001,5.0166516143599,False,False
3fb8ea1c5cea68ee8159f3d984c6b8c2e2f70bb5e3ede1cd79af7121a0225a38,600572,1024,bits-sq,512,256,8,selection_isolated,30,0.7105360000000001,0.709545,0.711608,0.06370331693256921,False,False
3fb8ea1c5cea68ee8159f3d984c6b8c2e2f70bb5e3ede1cd79af7121a0225a38,600572,1024,bits-sq,512,256,8,transform_isolated,30,0.009855,0.0098075,0.009985,0.9821917808219178,False,False
3fb8ea1c5cea68ee8159f3d984c6b8c2e2f70bb5e3ede1cd79af7121a0225a38,600572,1024,bits-sq,512,256,8,upload_shared,1,0.695594,0.695594,0.695594,0.9919953306095222,False,False
3fb8ea1c5cea68ee8159f3d984c6b8c2e2f70bb5e3ede1cd79af7121a0225a38,600572,1024,bits-sq,512,256,13,download,30,0.0109765,0.010671,0.011404750000000002,1.014622147314718,False,False
3fb8ea1c5cea68ee8159f3d984c6b8c2e2f70bb5e3ede1cd79af7121a0225a38,600572,1024,bits-sq,512,256,13,operator,30,0.7232860000000001,0.72188575,0.7238095,0.1299520521619387,False,False
3fb8ea1c5cea68ee8159f3d984c6b8c2e2f70bb5e3ede1cd79af7121a0225a38,600572,1024,bits-sq,512,256,13,output_isolated,30,0.0089885,0.008593,0.0092465,4.943817099627302,False,False
3fb8ea1c5cea68ee8159f3d984c6b8c2e2f70bb5e3ede1cd79af7121a0225a38,600572,1024,bits-sq,512,256,13,selection_isolated,30,0.7099655,0.7081805,0.71049175,0.06375450638094386,False,False
3fb8ea1c5cea68ee8159f3d984c6b8c2e2f70bb5e3ede1cd79af7121a0225a38,600572,1024,bits-sq,512,256,13,transform_isolated,30,0.009895,0.0097575,0.0101225,0.9782213239009601,False,False
3fb8ea1c5cea68ee8159f3d984c6b8c2e2f70bb5e3ede1cd79af7121a0225a38,600572,1024,bits-sq,512,256,13,upload_shared,1,0.685108,0.685108,0.685108,1.00717843026209,False,False
3fb8ea1c5cea68ee8159f3d984c6b8c2e2f70bb5e3ede1cd79af7121a0225a38,600572,1024,bits-sq,512,256,16,download,30,0.0111565,0.010591,0.01168275,0.9982521400080672,False,False
3fb8ea1c5cea68ee8159f3d984c6b8c2e2f70bb5e3ede1cd79af7121a0225a38,600572,1024,bits-sq,512,256,16,operator,30,0.726691,0.725965,0.727723,0.1293431458487858,False,False
3fb8ea1c5cea68ee8159f3d984c6b8c2e2f70bb5e3ede1cd79af7121a0225a38,600572,1024,bits-sq,512,256,16,output_isolated,30,0.008928499999999999,0.008548,0.009224,4.977039816318531,False,False
3fb8ea1c5cea68ee8159f3d984c6b8c2e2f70bb5e3ede1cd79af7121a0225a38,600572,1024,bits-sq,512,256,16,selection_isolated,30,0.715059,0.713627,0.716358,0.06330037101833555,False,False
3fb8ea1c5cea68ee8159f3d984c6b8c2e2f70bb5e3ede1cd79af7121a0225a38,600572,1024,bits-sq,512,256,16,transform_isolated,30,0.00988,0.0097725,0.00999,0.9797064777327934,False,False
3fb8ea1c5cea68ee8159f3d984c6b8c2e2f70bb5e3ede1cd79af7121a0225a38,600572,1024,bits-sq,512,256,16,upload_shared,1,0.6886629999999999,0.6886629999999999,0.6886629999999999,1.0019791973722998,False,False
3fb8ea1c5cea68ee8159f3d984c6b8c2e2f70bb5e3ede1cd79af7121a0225a38,600572,1024,bits-sq,512,512,4,download,30,0.010641,0.010305749999999999,0.010771,1.0466121605112304,False,False
3fb8ea1c5cea68ee8159f3d984c6b8c2e2f70bb5e3ede1cd79af7121a0225a38,600572,1024,bits-sq,512,512,4,operator,30,0.509863,0.50916425,0.5170335,0.1843485406864197,False,False
3fb8ea1c5cea68ee8159f3d984c6b8c2e2f70bb5e3ede1cd79af7121a0225a38,600572,1024,bits-sq,512,512,4,output_isolated,30,0.0086735,0.008458,0.008855499999999999,5.123364270479046,False,False
3fb8ea1c5cea68ee8159f3d984c6b8c2e2f70bb5e3ede1cd79af7121a0225a38,600572,1024,bits-sq,512,512,4,selection_isolated,30,0.4964475,0.49600125,0.50382375,0.0911747969322033,False,False
3fb8ea1c5cea68ee8159f3d984c6b8c2e2f70bb5e3ede1cd79af7121a0225a38,600572,1024,bits-sq,512,512,4,transform_isolated,30,0.009885,0.0097875,0.0099625,0.9792109256449164,False,False
3fb8ea1c5cea68ee8159f3d984c6b8c2e2f70bb5e3ede1cd79af7121a0225a38,600572,1024,bits-sq,512,512,4,upload_shared,1,0.6703049999999999,0.6703049999999999,0.6703049999999999,1.0294209352458956,False,False
3fb8ea1c5cea68ee8159f3d984c6b8c2e2f70bb5e3ede1cd79af7121a0225a38,600572,1024,bits-sq,512,512,7,download,30,0.010666,0.01019075,0.0113695,1.0441590099381213,False,False
3fb8ea1c5cea68ee8159f3d984c6b8c2e2f70bb5e3ede1cd79af7121a0225a38,600572,1024,bits-sq,512,512,7,operator,30,0.535827,0.535326,0.536388,0.17541575919093289,False,False
3fb8ea1c5cea68ee8159f3d984c6b8c2e2f70bb5e3ede1cd79af7121a0225a38,600572,1024,bits-sq,512,512,7,output_isolated,30,0.008633,0.0085055,0.008931249999999998,5.14739951349473,False,False
3fb8ea1c5cea68ee8159f3d984c6b8c2e2f70bb5e3ede1cd79af7121a0225a38,600572,1024,bits-sq,512,512,7,selection_isolated,30,0.5226865,0.52248175,0.52290725,0.08659779810651316,False,False
3fb8ea1c5cea68ee8159f3d984c6b8c2e2f70bb5e3ede1cd79af7121a0225a38,600572,1024,bits-sq,512,512,7,transform_isolated,30,0.009955499999999999,0.009835,0.01008575,0.9722766310079856,False,False
3fb8ea1c5cea68ee8159f3d984c6b8c2e2f70bb5e3ede1cd79af7121a0225a38,600572,1024,bits-sq,512,512,7,upload_shared,1,0.696215,0.696215,0.696215,0.9911105046573256,False,False
3fb8ea1c5cea68ee8159f3d984c6b8c2e2f70bb5e3ede1cd79af7121a0225a38,600572,1024,bits-sq,512,512,8,download,30,0.010676,0.010406,0.010821999999999998,1.0431809666541778,False,False
3fb8ea1c5cea68ee8159f3d984c6b8c2e2f70bb5e3ede1cd79af7121a0225a38,600572,1024,bits-sq,512,512,8,operator,30,0.540589,0.5396555000000001,0.5466655,0.17387053750631257,False,False
3fb8ea1c5cea68ee8159f3d984c6b8c2e2f70bb5e3ede1cd79af7121a0225a38,600572,1024,bits-sq,512,512,8,output_isolated,30,0.008763,0.008618,0.00887075,5.071037315987676,False,False
3fb8ea1c5cea68ee8159f3d984c6b8c2e2f70bb5e3ede1cd79af7121a0225a38,600572,1024,bits-sq,512,512,8,selection_isolated,30,0.5268685,0.5263504999999999,0.5339714999999999,0.08591043116071657,False,False
3fb8ea1c5cea68ee8159f3d984c6b8c2e2f70bb5e3ede1cd79af7121a0225a38,600572,1024,bits-sq,512,512,8,transform_isolated,30,0.009975500000000002,0.00989,0.01008275,0.9703273018896293,False,False
3fb8ea1c5cea68ee8159f3d984c6b8c2e2f70bb5e3ede1cd79af7121a0225a38,600572,1024,bits-sq,512,512,8,upload_shared,1,0.702836,0.702836,0.702836,0.9817738419773603,False,False
3fb8ea1c5cea68ee8159f3d984c6b8c2e2f70bb5e3ede1cd79af7121a0225a38,600572,1024,bits-sq,512,512,13,download,30,0.010626,0.010263499999999998,0.01094375,1.0480895915678525,False,False
3fb8ea1c5cea68ee8159f3d984c6b8c2e2f70bb5e3ede1cd79af7121a0225a38,600572,1024,bits-sq,512,512,13,operator,30,0.527644,0.52714325,0.5280225000000001,0.1781362054718712,False,False
3fb8ea1c5cea68ee8159f3d984c6b8c2e2f70bb5e3ede1cd79af7121a0225a38,600572,1024,bits-sq,512,512,13,output_isolated,30,0.008628,0.008525499999999998,0.008850750000000001,5.15038247566064,False,False
3fb8ea1c5cea68ee8159f3d984c6b8c2e2f70bb5e3ede1cd79af7121a0225a38,600572,1024,bits-sq,512,512,13,selection_isolated,30,0.5146394999999999,0.51431675,0.51493525,0.08795185756242964,False,False
3fb8ea1c5cea68ee8159f3d984c6b8c2e2f70bb5e3ede1cd79af7121a0225a38,600572,1024,bits-sq,512,512,13,transform_isolated,30,0.009989999999999999,0.009854249999999998,0.010110250000000001,0.9689189189189189,False,False
3fb8ea1c5cea68ee8159f3d984c6b8c2e2f70bb5e3ede1cd79af7121a0225a38,600572,1024,bits-sq,512,512,13,upload_shared,1,0.7054090000000001,0.7054090000000001,0.7054090000000001,0.9781927931171844,False,False
3fb8ea1c5cea68ee8159f3d984c6b8c2e2f70bb5e3ede1cd79af7121a0225a38,600572,1024,bits-sq,512,512,16,download,30,0.010666,0.0102175,0.011166999999999998,1.0441590099381213,False,False
3fb8ea1c5cea68ee8159f3d984c6b8c2e2f70bb5e3ede1cd79af7121a0225a38,600572,1024,bits-sq,512,512,16,operator,30,0.5822320000000001,0.58111275,0.582758,0.16143478888140808,False,False
3fb8ea1c5cea68ee8159f3d984c6b8c2e2f70bb5e3ede1cd79af7121a0225a38,600572,1024,bits-sq,512,512,16,output_isolated,30,0.008883499999999999,0.008553,0.0091115,5.002251364889966,False,False
3fb8ea1c5cea68ee8159f3d984c6b8c2e2f70bb5e3ede1cd79af7121a0225a38,600572,1024,bits-sq,512,512,16,selection_isolated,30,0.5693025,0.568982,0.5696457500000001,0.07950694051053701,False,False
3fb8ea1c5cea68ee8159f3d984c6b8c2e2f70bb5e3ede1cd79af7121a0225a38,600572,1024,bits-sq,512,512,16,transform_isolated,30,0.009850000000000001,0.009735,0.010015,0.982690355329949,False,False
3fb8ea1c5cea68ee8159f3d984c6b8c2e2f70bb5e3ede1cd79af7121a0225a38,600572,1024,bits-sq,512,512,16,upload_shared,1,0.689334,0.689334,0.689334,1.0010038675010953,False,False
3fb8ea1c5cea68ee8159f3d984c6b8c2e2f70bb5e3ede1cd79af7121a0225a38,600572,1024,block-select,1,128,8,download,30,0.011392,0.0109585,0.01165475,0.977615870786517,False,False
3fb8ea1c5cea68ee8159f3d984c6b8c2e2f70bb5e3ede1cd79af7121a0225a38,600572,1024,block-select,1,128,8,operator,30,1.9226929999999998,1.9189479999999999,1.92448125,0.04888585957300516,False,False
3fb8ea1c5cea68ee8159f3d984c6b8c2e2f70bb5e3ede1cd79af7121a0225a38,600572,1024,block-select,1,128,8,output_isolated,30,0.0094945,0.009008,0.0097825,4.6803412501974835,False,False
3fb8ea1c5cea68ee8159f3d984c6b8c2e2f70bb5e3ede1cd79af7121a0225a38,600572,1024,block-select,1,128,8,selection_isolated,30,1.9102044999999999,1.9053025,1.9136025,0.023695630494012552,False,False
3fb8ea1c5cea68ee8159f3d984c6b8c2e2f70bb5e3ede1cd79af7121a0225a38,600572,1024,block-select,1,128,8,transform_isolated,30,0.009785,0.009669750000000001,0.0099225,0.9892181911088399,False,False
3fb8ea1c5cea68ee8159f3d984c6b8c2e2f70bb5e3ede1cd79af7121a0225a38,600572,1024,block-select,1,128,8,upload_shared,1,0.690026,0.690026,0.690026,1.0,False,False
3fb8ea1c5cea68ee8159f3d984c6b8c2e2f70bb5e3ede1cd79af7121a0225a38,600572,1024,grid-select,1,0,0,download,30,0.010780999999999999,0.01060925,0.01120175,1.033021055560709,True,True
3fb8ea1c5cea68ee8159f3d984c6b8c2e2f70bb5e3ede1cd79af7121a0225a38,600572,1024,grid-select,1,0,0,operator,30,0.3811725,0.380276,0.38222425,0.2465878309689183,True,True
3fb8ea1c5cea68ee8159f3d984c6b8c2e2f70bb5e3ede1cd79af7121a0225a38,600572,1024,grid-select,1,0,0,output_isolated,30,0.008743500000000001,0.008638,0.008866249999999999,5.082346886258363,True,True
3fb8ea1c5cea68ee8159f3d984c6b8c2e2f70bb5e3ede1cd79af7121a0225a38,600572,1024,grid-select,1,0,0,selection_isolated,30,0.368212,0.36753974999999994,0.36894649999999996,0.12292782418823939,True,True
3fb8ea1c5cea68ee8159f3d984c6b8c2e2f70bb5e3ede1cd79af7121a0225a38,600572,1024,grid-select,1,0,0,transform_isolated,30,0.0097645,0.00963,0.009912500000000001,0.9912949971836754,True,True
3fb8ea1c5cea68ee8159f3d984c6b8c2e2f70bb5e3ede1cd79af7121a0225a38,600572,1024,grid-select,1,0,0,upload_shared,1,0.690026,0.690026,0.690026,1.0,True,True
