operator,dataset_id,rows,batch_size,k,temperature,seed,backend,degree,block_size,items_per_thread,phase,source_file,retention_ratio,samples,median_ms,p25_ms,p75_ms,speedup_vs_air,paper_selected,paper_global_selected
gradient-compression,e77ffd0b75f255761df3bc4c0830771bb75243da7d366a0e80be0186efb789d4,2359296,1,32,0.0,0,air-topk,1,512,0,download,/home/jirka/research/2024/bits-knn-jpdc2024/data/application-scaling/ampere02-35760925/gradient-compression-middle.csv,1.3563368055555555e-05,30,0.008057,0.0078845,0.0082145,1.0,True,True
gradient-compression,e77ffd0b75f255761df3bc4c0830771bb75243da7d366a0e80be0186efb789d4,2359296,1,32,0.0,0,air-topk,1,512,0,operator,/home/jirka/research/2024/bits-knn-jpdc2024/data/application-scaling/ampere02-35760925/gradient-compression-middle.csv,1.3563368055555555e-05,30,0.0611525,0.0607445,0.06166125,1.0,True,True
gradient-compression,e77ffd0b75f255761df3bc4c0830771bb75243da7d366a0e80be0186efb789d4,2359296,1,32,0.0,0,air-topk,1,512,0,output_isolated,/home/jirka/research/2024/bits-knn-jpdc2024/data/application-scaling/ampere02-35760925/gradient-compression-middle.csv,1.3563368055555555e-05,30,0.007677,0.007513499999999999,0.00777375,1.0,True,True
gradient-compression,e77ffd0b75f255761df3bc4c0830771bb75243da7d366a0e80be0186efb789d4,2359296,1,32,0.0,0,air-topk,1,512,0,selection_isolated,/home/jirka/research/2024/bits-knn-jpdc2024/data/application-scaling/ampere02-35760925/gradient-compression-middle.csv,1.3563368055555555e-05,30,0.045149,0.044908000000000003,0.045334,1.0,True,True
gradient-compression,e77ffd0b75f255761df3bc4c0830771bb75243da7d366a0e80be0186efb789d4,2359296,1,32,0.0,0,air-topk,1,512,0,transform_isolated,/home/jirka/research/2024/bits-knn-jpdc2024/data/application-scaling/ampere02-35760925/gradient-compression-middle.csv,1.3563368055555555e-05,30,0.014772500000000001,0.0146195,0.014932749999999998,1.0,True,True
gradient-compression,e77ffd0b75f255761df3bc4c0830771bb75243da7d366a0e80be0186efb789d4,2359296,1,32,0.0,0,air-topk,1,512,0,upload_shared,/home/jirka/research/2024/bits-knn-jpdc2024/data/application-scaling/ampere02-35760925/gradient-compression-middle.csv,1.3563368055555555e-05,1,0.6070300000000001,0.6070300000000001,0.6070300000000001,1.0,True,True
gradient-compression,e77ffd0b75f255761df3bc4c0830771bb75243da7d366a0e80be0186efb789d4,2359296,1,32,0.0,0,bits-prefetch,1,128,4,download,/home/jirka/research/2024/bits-knn-jpdc2024/data/application-scaling/ampere02-35760925/gradient-compression-middle.csv,1.3563368055555555e-05,30,0.00961,0.008790500000000001,0.01021,0.8383975026014567,False,False
gradient-compression,e77ffd0b75f255761df3bc4c0830771bb75243da7d366a0e80be0186efb789d4,2359296,1,32,0.0,0,bits-prefetch,1,128,4,operator,/home/jirka/research/2024/bits-knn-jpdc2024/data/application-scaling/ampere02-35760925/gradient-compression-middle.csv,1.3563368055555555e-05,30,2.781274,2.77994225,2.7823935,0.021987225997870043,False,False
gradient-compression,e77ffd0b75f255761df3bc4c0830771bb75243da7d366a0e80be0186efb789d4,2359296,1,32,0.0,0,bits-prefetch,1,128,4,output_isolated,/home/jirka/research/2024/bits-knn-jpdc2024/data/application-scaling/ampere02-35760925/gradient-compression-middle.csv,1.3563368055555555e-05,30,0.0091135,0.008528,0.009755,0.8423766939156196,False,False
gradient-compression,e77ffd0b75f255761df3bc4c0830771bb75243da7d366a0e80be0186efb789d4,2359296,1,32,0.0,0,bits-prefetch,1,128,4,selection_isolated,/home/jirka/research/2024/bits-knn-jpdc2024/data/application-scaling/ampere02-35760925/gradient-compression-middle.csv,1.3563368055555555e-05,30,2.763437,2.7619225,2.7652675,0.016337987802870123,False,False
gradient-compression,e77ffd0b75f255761df3bc4c0830771bb75243da7d366a0e80be0186efb789d4,2359296,1,32,0.0,0,bits-prefetch,1,128,4,transform_isolated,/home/jirka/research/2024/bits-knn-jpdc2024/data/application-scaling/ampere02-35760925/gradient-compression-middle.csv,1.3563368055555555e-05,30,0.014692,0.014557,0.01490275,1.0054791723386878,False,False
gradient-compression,e77ffd0b75f255761df3bc4c0830771bb75243da7d366a0e80be0186efb789d4,2359296,1,32,0.0,0,bits-prefetch,1,128,4,upload_shared,/home/jirka/research/2024/bits-knn-jpdc2024/data/application-scaling/ampere02-35760925/gradient-compression-middle.csv,1.3563368055555555e-05,1,0.483993,0.483993,0.483993,1.2542123543109096,False,False
gradient-compression,e77ffd0b75f255761df3bc4c0830771bb75243da7d366a0e80be0186efb789d4,2359296,1,32,0.0,0,bits-prefetch,1,128,7,download,/home/jirka/research/2024/bits-knn-jpdc2024/data/application-scaling/ampere02-35760925/gradient-compression-middle.csv,1.3563368055555555e-05,30,0.008733,0.00818225,0.009444000000000001,0.9225924653612734,False,False
gradient-compression,e77ffd0b75f255761df3bc4c0830771bb75243da7d366a0e80be0186efb789d4,2359296,1,32,0.0,0,bits-prefetch,1,128,7,operator,/home/jirka/research/2024/bits-knn-jpdc2024/data/application-scaling/ampere02-35760925/gradient-compression-middle.csv,1.3563368055555555e-05,30,1.750232,1.749616,1.7515565,0.03493965371447899,False,False
gradient-compression,e77ffd0b75f255761df3bc4c0830771bb75243da7d366a0e80be0186efb789d4,2359296,1,32,0.0,0,bits-prefetch,1,128,7,output_isolated,/home/jirka/research/2024/bits-knn-jpdc2024/data/application-scaling/ampere02-35760925/gradient-compression-middle.csv,1.3563368055555555e-05,30,0.008508,0.008234749999999999,0.008994,0.902327221438646,False,False
gradient-compression,e77ffd0b75f255761df3bc4c0830771bb75243da7d366a0e80be0186efb789d4,2359296,1,32,0.0,0,bits-prefetch,1,128,7,selection_isolated,/home/jirka/research/2024/bits-knn-jpdc2024/data/application-scaling/ampere02-35760925/gradient-compression-middle.csv,1.3563368055555555e-05,30,1.733286,1.7323275,1.734313,0.026048211316539796,False,False
gradient-compression,e77ffd0b75f255761df3bc4c0830771bb75243da7d366a0e80be0186efb789d4,2359296,1,32,0.0,0,bits-prefetch,1,128,7,transform_isolated,/home/jirka/research/2024/bits-knn-jpdc2024/data/application-scaling/ampere02-35760925/gradient-compression-middle.csv,1.3563368055555555e-05,30,0.0146175,0.014572,0.0147705,1.0106037284077305,False,False
gradient-compression,e77ffd0b75f255761df3bc4c0830771bb75243da7d366a0e80be0186efb789d4,2359296,1,32,0.0,0,bits-prefetch,1,128,7,upload_shared,/home/jirka/research/2024/bits-knn-jpdc2024/data/application-scaling/ampere02-35760925/gradient-compression-middle.csv,1.3563368055555555e-05,1,0.48127000000000003,0.48127000000000003,0.48127000000000003,1.2613086209404285,False,False
gradient-compression,e77ffd0b75f255761df3bc4c0830771bb75243da7d366a0e80be0186efb789d4,2359296,1,32,0.0,0,bits-prefetch,1,128,8,download,/home/jirka/research/2024/bits-knn-jpdc2024/data/application-scaling/ampere02-35760925/gradient-compression-middle.csv,1.3563368055555555e-05,30,0.0091135,0.008698000000000001,0.009624999999999998,0.8840730784001756,False,False
gradient-compression,e77ffd0b75f255761df3bc4c0830771bb75243da7d366a0e80be0186efb789d4,2359296,1,32,0.0,0,bits-prefetch,1,128,8,operator,/home/jirka/research/2024/bits-knn-jpdc2024/data/application-scaling/ampere02-35760925/gradient-compression-middle.csv,1.3563368055555555e-05,30,1.6273715000000002,1.6261765000000001,1.629093,0.037577467714040705,False,False
gradient-compression,e77ffd0b75f255761df3bc4c0830771bb75243da7d366a0e80be0186efb789d4,2359296,1,32,0.0,0,bits-prefetch,1,128,8,output_isolated,/home/jirka/research/2024/bits-knn-jpdc2024/data/application-scaling/ampere02-35760925/gradient-compression-middle.csv,1.3563368055555555e-05,30,0.008663,0.008057,0.0090515,0.8861826157220362,False,False
gradient-compression,e77ffd0b75f255761df3bc4c0830771bb75243da7d366a0e80be0186efb789d4,2359296,1,32,0.0,0,bits-prefetch,1,128,8,selection_isolated,/home/jirka/research/2024/bits-knn-jpdc2024/data/application-scaling/ampere02-35760925/gradient-compression-middle.csv,1.3563368055555555e-05,30,1.612333,1.61062525,1.6132715,0.028002279926045055,False,False
gradient-compression,e77ffd0b75f255761df3bc4c0830771bb75243da7d366a0e80be0186efb789d4,2359296,1,32,0.0,0,bits-prefetch,1,128,8,transform_isolated,/home/jirka/research/2024/bits-knn-jpdc2024/data/application-scaling/ampere02-35760925/gradient-compression-middle.csv,1.3563368055555555e-05,30,0.014712000000000001,0.0146045,0.014858,1.0041122892876564,False,False
gradient-compression,e77ffd0b75f255761df3bc4c0830771bb75243da7d366a0e80be0186efb789d4,2359296,1,32,0.0,0,bits-prefetch,1,128,8,upload_shared,/home/jirka/research/2024/bits-knn-jpdc2024/data/application-scaling/ampere02-35760925/gradient-compression-middle.csv,1.3563368055555555e-05,1,0.480378,0.480378,0.480378,1.263650708400468,False,False
gradient-compression,e77ffd0b75f255761df3bc4c0830771bb75243da7d366a0e80be0186efb789d4,2359296,1,32,0.0,0,bits-prefetch,1,128,13,download,/home/jirka/research/2024/bits-knn-jpdc2024/data/application-scaling/ampere02-35760925/gradient-compression-middle.csv,1.3563368055555555e-05,30,0.008593,0.008052,0.009063,0.9376236471546607,False,False
gradient-compression,e77ffd0b75f255761df3bc4c0830771bb75243da7d366a0e80be0186efb789d4,2359296,1,32,0.0,0,bits-prefetch,1,128,13,operator,/home/jirka/research/2024/bits-knn-jpdc2024/data/application-scaling/ampere02-35760925/gradient-compression-middle.csv,1.3563368055555555e-05,30,1.3882590000000001,1.3871645000000001,1.390001,0.044049777455071416,False,False
gradient-compression,e77ffd0b75f255761df3bc4c0830771bb75243da7d366a0e80be0186efb789d4,2359296,1,32,0.0,0,bits-prefetch,1,128,13,output_isolated,/home/jirka/research/2024/bits-knn-jpdc2024/data/application-scaling/ampere02-35760925/gradient-compression-middle.csv,1.3563368055555555e-05,30,0.008428000000000001,0.0080345,0.008663,0.9108922638822969,False,False
gradient-compression,e77ffd0b75f255761df3bc4c0830771bb75243da7d366a0e80be0186efb789d4,2359296,1,32,0.0,0,bits-prefetch,1,128,13,selection_isolated,/home/jirka/research/2024/bits-knn-jpdc2024/data/application-scaling/ampere02-35760925/gradient-compression-middle.csv,1.3563368055555555e-05,30,1.3719035000000002,1.3714455,1.3726600000000002,0.03290974911865156,False,False
gradient-compression,e77ffd0b75f255761df3bc4c0830771bb75243da7d366a0e80be0186efb789d4,2359296,1,32,0.0,0,bits-prefetch,1,128,13,transform_isolated,/home/jirka/research/2024/bits-knn-jpdc2024/data/application-scaling/ampere02-35760925/gradient-compression-middle.csv,1.3563368055555555e-05,30,0.014607,0.01453225,0.014686999999999999,1.0113301841582802,False,False
gradient-compression,e77ffd0b75f255761df3bc4c0830771bb75243da7d366a0e80be0186efb789d4,2359296,1,32,0.0,0,bits-prefetch,1,128,13,upload_shared,/home/jirka/research/2024/bits-knn-jpdc2024/data/application-scaling/ampere02-35760925/gradient-compression-middle.csv,1.3563368055555555e-05,1,0.473537,0.473537,0.473537,1.2819061657272823,False,False
gradient-compression,e77ffd0b75f255761df3bc4c0830771bb75243da7d366a0e80be0186efb789d4,2359296,1,32,0.0,0,bits-prefetch,1,128,16,download,/home/jirka/research/2024/bits-knn-jpdc2024/data/application-scaling/ampere02-35760925/gradient-compression-middle.csv,1.3563368055555555e-05,30,0.008833,0.00854475,0.009120500000000002,0.9121476282123853,False,False
gradient-compression,e77ffd0b75f255761df3bc4c0830771bb75243da7d366a0e80be0186efb789d4,2359296,1,32,0.0,0,bits-prefetch,1,128,16,operator,/home/jirka/research/2024/bits-knn-jpdc2024/data/application-scaling/ampere02-35760925/gradient-compression-middle.csv,1.3563368055555555e-05,30,1.257921,1.25689975,1.2587694999999999,0.04861394316495233,False,False
gradient-compression,e77ffd0b75f255761df3bc4c0830771bb75243da7d366a0e80be0186efb789d4,2359296,1,32,0.0,0,bits-prefetch,1,128,16,output_isolated,/home/jirka/research/2024/bits-knn-jpdc2024/data/application-scaling/ampere02-35760925/gradient-compression-middle.csv,1.3563368055555555e-05,30,0.008317999999999999,0.0079745,0.008657999999999999,0.9229382062995913,False,False
gradient-compression,e77ffd0b75f255761df3bc4c0830771bb75243da7d366a0e80be0186efb789d4,2359296,1,32,0.0,0,bits-prefetch,1,128,16,selection_isolated,/home/jirka/research/2024/bits-knn-jpdc2024/data/application-scaling/ampere02-35760925/gradient-compression-middle.csv,1.3563368055555555e-05,30,1.2412204999999998,1.240755,1.2421497500000003,0.03637468121095326,False,False
gradient-compression,e77ffd0b75f255761df3bc4c0830771bb75243da7d366a0e80be0186efb789d4,2359296,1,32,0.0,0,bits-prefetch,1,128,16,transform_isolated,/home/jirka/research/2024/bits-knn-jpdc2024/data/application-scaling/ampere02-35760925/gradient-compression-middle.csv,1.3563368055555555e-05,30,0.014516999999999999,0.014437,0.01465725,1.0176000551078048,False,False
gradient-compression,e77ffd0b75f255761df3bc4c0830771bb75243da7d366a0e80be0186efb789d4,2359296,1,32,0.0,0,bits-prefetch,1,128,16,upload_shared,/home/jirka/research/2024/bits-knn-jpdc2024/data/application-scaling/ampere02-35760925/gradient-compression-middle.csv,1.3563368055555555e-05,1,0.48504400000000003,0.48504400000000003,0.48504400000000003,1.25149470975829,False,False
gradient-compression,e77ffd0b75f255761df3bc4c0830771bb75243da7d366a0e80be0186efb789d4,2359296,1,32,0.0,0,bits-prefetch,1,256,4,download,/home/jirka/research/2024/bits-knn-jpdc2024/data/application-scaling/ampere02-35760925/gradient-compression-middle.csv,1.3563368055555555e-05,30,0.008933,0.0082595,0.009354000000000001,0.9019366394268443,False,False
gradient-compression,e77ffd0b75f255761df3bc4c0830771bb75243da7d366a0e80be0186efb789d4,2359296,1,32,0.0,0,bits-prefetch,1,256,4,operator,/home/jirka/research/2024/bits-knn-jpdc2024/data/application-scaling/ampere02-35760925/gradient-compression-middle.csv,1.3563368055555555e-05,30,1.522998,1.5219585,1.5241865,0.04015271195365982,False,False
gradient-compression,e77ffd0b75f255761df3bc4c0830771bb75243da7d366a0e80be0186efb789d4,2359296,1,32,0.0,0,bits-prefetch,1,256,4,output_isolated,/home/jirka/research/2024/bits-knn-jpdc2024/data/application-scaling/ampere02-35760925/gradient-compression-middle.csv,1.3563368055555555e-05,30,0.008768000000000001,0.00818475,0.008974000000000001,0.8755702554744523,False,False
gradient-compression,e77ffd0b75f255761df3bc4c0830771bb75243da7d366a0e80be0186efb789d4,2359296,1,32,0.0,0,bits-prefetch,1,256,4,selection_isolated,/home/jirka/research/2024/bits-knn-jpdc2024/data/application-scaling/ampere02-35760925/gradient-compression-middle.csv,1.3563368055555555e-05,30,1.506517,1.505541,1.5071765,0.02996912746421049,False,False
gradient-compression,e77ffd0b75f255761df3bc4c0830771bb75243da7d366a0e80be0186efb789d4,2359296,1,32,0.0,0,bits-prefetch,1,256,4,transform_isolated,/home/jirka/research/2024/bits-knn-jpdc2024/data/application-scaling/ampere02-35760925/gradient-compression-middle.csv,1.3563368055555555e-05,30,0.014637,0.0145195,0.0147295,1.009257361481178,False,False
gradient-compression,e77ffd0b75f255761df3bc4c0830771bb75243da7d366a0e80be0186efb789d4,2359296,1,32,0.0,0,bits-prefetch,1,256,4,upload_shared,/home/jirka/research/2024/bits-knn-jpdc2024/data/application-scaling/ampere02-35760925/gradient-compression-middle.csv,1.3563368055555555e-05,1,0.474138,0.474138,0.474138,1.2802812683227247,False,False
gradient-compression,e77ffd0b75f255761df3bc4c0830771bb75243da7d366a0e80be0186efb789d4,2359296,1,32,0.0,0,bits-prefetch,1,256,7,download,/home/jirka/research/2024/bits-knn-jpdc2024/data/application-scaling/ampere02-35760925/gradient-compression-middle.csv,1.3563368055555555e-05,30,0.0084025,0.007994500000000002,0.00888625,0.9588812853317464,False,False
gradient-compression,e77ffd0b75f255761df3bc4c0830771bb75243da7d366a0e80be0186efb789d4,2359296,1,32,0.0,0,bits-prefetch,1,256,7,operator,/home/jirka/research/2024/bits-knn-jpdc2024/data/application-scaling/ampere02-35760925/gradient-compression-middle.csv,1.3563368055555555e-05,30,0.999324,0.9981694999999999,1.0002825,0.06119386705412859,False,False
gradient-compression,e77ffd0b75f255761df3bc4c0830771bb75243da7d366a0e80be0186efb789d4,2359296,1,32,0.0,0,bits-prefetch,1,256,7,output_isolated,/home/jirka/research/2024/bits-knn-jpdc2024/data/application-scaling/ampere02-35760925/gradient-compression-middle.csv,1.3563368055555555e-05,30,0.008143000000000001,0.0078945,0.008465499999999999,0.9427729338081787,False,False
gradient-compression,e77ffd0b75f255761df3bc4c0830771bb75243da7d366a0e80be0186efb789d4,2359296,1,32,0.0,0,bits-prefetch,1,256,7,selection_isolated,/home/jirka/research/2024/bits-knn-jpdc2024/data/application-scaling/ampere02-35760925/gradient-compression-middle.csv,1.3563368055555555e-05,30,0.9833195000000001,0.981993,0.9838432500000001,0.04591488320937396,False,False
gradient-compression,e77ffd0b75f255761df3bc4c0830771bb75243da7d366a0e80be0186efb789d4,2359296,1,32,0.0,0,bits-prefetch,1,256,7,transform_isolated,/home/jirka/research/2024/bits-knn-jpdc2024/data/application-scaling/ampere02-35760925/gradient-compression-middle.csv,1.3563368055555555e-05,30,0.014562,0.014487,0.0146995,1.0144554319461614,False,False
gradient-compression,e77ffd0b75f255761df3bc4c0830771bb75243da7d366a0e80be0186efb789d4,2359296,1,32,0.0,0,bits-prefetch,1,256,7,upload_shared,/home/jirka/research/2024/bits-knn-jpdc2024/data/application-scaling/ampere02-35760925/gradient-compression-middle.csv,1.3563368055555555e-05,1,0.47835500000000003,0.47835500000000003,0.47835500000000003,1.2689947842083809,False,False
gradient-compression,e77ffd0b75f255761df3bc4c0830771bb75243da7d366a0e80be0186efb789d4,2359296,1,32,0.0,0,bits-prefetch,1,256,8,download,/home/jirka/research/2024/bits-knn-jpdc2024/data/application-scaling/ampere02-35760925/gradient-compression-middle.csv,1.3563368055555555e-05,30,0.0083325,0.00809275,0.009073999999999999,0.966936693669367,False,False
gradient-compression,e77ffd0b75f255761df3bc4c0830771bb75243da7d366a0e80be0186efb789d4,2359296,1,32,0.0,0,bits-prefetch,1,256,8,operator,/home/jirka/research/2024/bits-knn-jpdc2024/data/application-scaling/ampere02-35760925/gradient-compression-middle.csv,1.3563368055555555e-05,30,0.932744,0.9317135,0.9335414999999998,0.06556193339222766,False,False
gradient-compression,e77ffd0b75f255761df3bc4c0830771bb75243da7d366a0e80be0186efb789d4,2359296,1,32,0.0,0,bits-prefetch,1,256,8,output_isolated,/home/jirka/research/2024/bits-knn-jpdc2024/data/application-scaling/ampere02-35760925/gradient-compression-middle.csv,1.3563368055555555e-05,30,0.008052,0.0076845,0.00834725,0.9534277198211624,False,False
gradient-compression,e77ffd0b75f255761df3bc4c0830771bb75243da7d366a0e80be0186efb789d4,2359296,1,32,0.0,0,bits-prefetch,1,256,8,selection_isolated,/home/jirka/research/2024/bits-knn-jpdc2024/data/application-scaling/ampere02-35760925/gradient-compression-middle.csv,1.3563368055555555e-05,30,0.9158025000000001,0.91485875,0.916414,0.049299930934890435,False,False
gradient-compression,e77ffd0b75f255761df3bc4c0830771bb75243da7d366a0e80be0186efb789d4,2359296,1,32,0.0,0,bits-prefetch,1,256,8,transform_isolated,/home/jirka/research/2024/bits-knn-jpdc2024/data/application-scaling/ampere02-35760925/gradient-compression-middle.csv,1.3563368055555555e-05,30,0.014562,0.0144945,0.0147145,1.0144554319461614,False,False
gradient-compression,e77ffd0b75f255761df3bc4c0830771bb75243da7d366a0e80be0186efb789d4,2359296,1,32,0.0,0,bits-prefetch,1,256,8,upload_shared,/home/jirka/research/2024/bits-knn-jpdc2024/data/application-scaling/ampere02-35760925/gradient-compression-middle.csv,1.3563368055555555e-05,1,0.471084,0.471084,0.471084,1.288581229674538,False,False
gradient-compression,e77ffd0b75f255761df3bc4c0830771bb75243da7d366a0e80be0186efb789d4,2359296,1,32,0.0,0,bits-prefetch,1,256,13,download,/home/jirka/research/2024/bits-knn-jpdc2024/data/application-scaling/ampere02-35760925/gradient-compression-middle.csv,1.3563368055555555e-05,30,0.008417500000000001,0.008072,0.0087855,0.957172557172557,False,False
gradient-compression,e77ffd0b75f255761df3bc4c0830771bb75243da7d366a0e80be0186efb789d4,2359296,1,32,0.0,0,bits-prefetch,1,256,13,operator,/home/jirka/research/2024/bits-knn-jpdc2024/data/application-scaling/ampere02-35760925/gradient-compression-middle.csv,1.3563368055555555e-05,30,0.824139,0.8238455,0.8246817500000001,0.07420168199781833,False,False
gradient-compression,e77ffd0b75f255761df3bc4c0830771bb75243da7d366a0e80be0186efb789d4,2359296,1,32,0.0,0,bits-prefetch,1,256,13,output_isolated,/home/jirka/research/2024/bits-knn-jpdc2024/data/application-scaling/ampere02-35760925/gradient-compression-middle.csv,1.3563368055555555e-05,30,0.007947,0.007726,0.008207750000000002,0.9660249150622877,False,False
gradient-compression,e77ffd0b75f255761df3bc4c0830771bb75243da7d366a0e80be0186efb789d4,2359296,1,32,0.0,0,bits-prefetch,1,256,13,selection_isolated,/home/jirka/research/2024/bits-knn-jpdc2024/data/application-scaling/ampere02-35760925/gradient-compression-middle.csv,1.3563368055555555e-05,30,0.8079194999999999,0.80753325,0.8081597500000001,0.05588304280315057,False,False
gradient-compression,e77ffd0b75f255761df3bc4c0830771bb75243da7d366a0e80be0186efb789d4,2359296,1,32,0.0,0,bits-prefetch,1,256,13,transform_isolated,/home/jirka/research/2024/bits-knn-jpdc2024/data/application-scaling/ampere02-35760925/gradient-compression-middle.csv,1.3563368055555555e-05,30,0.014547000000000001,0.01445425,0.01468475,1.0155014779679659,False,False
gradient-compression,e77ffd0b75f255761df3bc4c0830771bb75243da7d366a0e80be0186efb789d4,2359296,1,32,0.0,0,bits-prefetch,1,256,13,upload_shared,/home/jirka/research/2024/bits-knn-jpdc2024/data/application-scaling/ampere02-35760925/gradient-compression-middle.csv,1.3563368055555555e-05,1,0.479977,0.479977,0.479977,1.2647064338499554,False,False
gradient-compression,e77ffd0b75f255761df3bc4c0830771bb75243da7d366a0e80be0186efb789d4,2359296,1,32,0.0,0,bits-prefetch,1,256,16,download,/home/jirka/research/2024/bits-knn-jpdc2024/data/application-scaling/ampere02-35760925/gradient-compression-middle.csv,1.3563368055555555e-05,30,0.008453,0.0079745,0.0087305,0.953152726842541,False,False
gradient-compression,e77ffd0b75f255761df3bc4c0830771bb75243da7d366a0e80be0186efb789d4,2359296,1,32,0.0,0,bits-prefetch,1,256,16,operator,/home/jirka/research/2024/bits-knn-jpdc2024/data/application-scaling/ampere02-35760925/gradient-compression-middle.csv,1.3563368055555555e-05,30,0.8039285,0.8035622499999999,0.8043715,0.0760670880557164,False,False
gradient-compression,e77ffd0b75f255761df3bc4c0830771bb75243da7d366a0e80be0186efb789d4,2359296,1,32,0.0,0,bits-prefetch,1,256,16,output_isolated,/home/jirka/research/2024/bits-knn-jpdc2024/data/application-scaling/ampere02-35760925/gradient-compression-middle.csv,1.3563368055555555e-05,30,0.007927,0.007724249999999999,0.00831025,0.9684622177368487,False,False
gradient-compression,e77ffd0b75f255761df3bc4c0830771bb75243da7d366a0e80be0186efb789d4,2359296,1,32,0.0,0,bits-prefetch,1,256,16,selection_isolated,/home/jirka/research/2024/bits-knn-jpdc2024/data/application-scaling/ampere02-35760925/gradient-compression-middle.csv,1.3563368055555555e-05,30,0.7874275,0.7872129999999998,0.7878215,0.05733734216800913,False,False
gradient-compression,e77ffd0b75f255761df3bc4c0830771bb75243da7d366a0e80be0186efb789d4,2359296,1,32,0.0,0,bits-prefetch,1,256,16,transform_isolated,/home/jirka/research/2024/bits-knn-jpdc2024/data/application-scaling/ampere02-35760925/gradient-compression-middle.csv,1.3563368055555555e-05,30,0.014582000000000001,0.014521999999999998,0.01472725,1.0130640515704292,False,False
gradient-compression,e77ffd0b75f255761df3bc4c0830771bb75243da7d366a0e80be0186efb789d4,2359296,1,32,0.0,0,bits-prefetch,1,256,16,upload_shared,/home/jirka/research/2024/bits-knn-jpdc2024/data/application-scaling/ampere02-35760925/gradient-compression-middle.csv,1.3563368055555555e-05,1,0.487279,0.487279,0.487279,1.2457544856232263,False,False
gradient-compression,e77ffd0b75f255761df3bc4c0830771bb75243da7d366a0e80be0186efb789d4,2359296,1,32,0.0,0,bits-prefetch,1,512,4,download,/home/jirka/research/2024/bits-knn-jpdc2024/data/application-scaling/ampere02-35760925/gradient-compression-middle.csv,1.3563368055555555e-05,30,0.0083025,0.007994500000000002,0.0090265,0.9704305931948207,False,False
gradient-compression,e77ffd0b75f255761df3bc4c0830771bb75243da7d366a0e80be0186efb789d4,2359296,1,32,0.0,0,bits-prefetch,1,512,4,operator,/home/jirka/research/2024/bits-knn-jpdc2024/data/application-scaling/ampere02-35760925/gradient-compression-middle.csv,1.3563368055555555e-05,30,0.8324515,0.83174,0.83352875,0.07346073615099498,False,False
gradient-compression,e77ffd0b75f255761df3bc4c0830771bb75243da7d366a0e80be0186efb789d4,2359296,1,32,0.0,0,bits-prefetch,1,512,4,output_isolated,/home/jirka/research/2024/bits-knn-jpdc2024/data/application-scaling/ampere02-35760925/gradient-compression-middle.csv,1.3563368055555555e-05,30,0.007982,0.007801999999999999,0.008348,0.9617890253069407,False,False
gradient-compression,e77ffd0b75f255761df3bc4c0830771bb75243da7d366a0e80be0186efb789d4,2359296,1,32,0.0,0,bits-prefetch,1,512,4,selection_isolated,/home/jirka/research/2024/bits-knn-jpdc2024/data/application-scaling/ampere02-35760925/gradient-compression-middle.csv,1.3563368055555555e-05,30,0.8153755,0.8148565,0.81615675,0.05537203411189078,False,False
gradient-compression,e77ffd0b75f255761df3bc4c0830771bb75243da7d366a0e80be0186efb789d4,2359296,1,32,0.0,0,bits-prefetch,1,512,4,transform_isolated,/home/jirka/research/2024/bits-knn-jpdc2024/data/application-scaling/ampere02-35760925/gradient-compression-middle.csv,1.3563368055555555e-05,30,0.014572499999999999,0.0144595,0.01468275,1.0137244810430608,False,False
gradient-compression,e77ffd0b75f255761df3bc4c0830771bb75243da7d366a0e80be0186efb789d4,2359296,1,32,0.0,0,bits-prefetch,1,512,4,upload_shared,/home/jirka/research/2024/bits-knn-jpdc2024/data/application-scaling/ampere02-35760925/gradient-compression-middle.csv,1.3563368055555555e-05,1,0.477703,0.477703,0.477703,1.2707267904953499,False,False
gradient-compression,e77ffd0b75f255761df3bc4c0830771bb75243da7d366a0e80be0186efb789d4,2359296,1,32,0.0,0,bits-prefetch,1,512,7,download,/home/jirka/research/2024/bits-knn-jpdc2024/data/application-scaling/ampere02-35760925/gradient-compression-middle.csv,1.3563368055555555e-05,30,0.008107,0.008002,0.008645499999999999,0.9938324904403603,False,False
gradient-compression,e77ffd0b75f255761df3bc4c0830771bb75243da7d366a0e80be0186efb789d4,2359296,1,32,0.0,0,bits-prefetch,1,512,7,operator,/home/jirka/research/2024/bits-knn-jpdc2024/data/application-scaling/ampere02-35760925/gradient-compression-middle.csv,1.3563368055555555e-05,30,0.635313,0.634992,0.6358790000000001,0.09625570388139389,False,False
gradient-compression,e77ffd0b75f255761df3bc4c0830771bb75243da7d366a0e80be0186efb789d4,2359296,1,32,0.0,0,bits-prefetch,1,512,7,output_isolated,/home/jirka/research/2024/bits-knn-jpdc2024/data/application-scaling/ampere02-35760925/gradient-compression-middle.csv,1.3563368055555555e-05,30,0.008052,0.00776375,0.008288,0.9534277198211624,False,False
gradient-compression,e77ffd0b75f255761df3bc4c0830771bb75243da7d366a0e80be0186efb789d4,2359296,1,32,0.0,0,bits-prefetch,1,512,7,selection_isolated,/home/jirka/research/2024/bits-knn-jpdc2024/data/application-scaling/ampere02-35760925/gradient-compression-middle.csv,1.3563368055555555e-05,30,0.619248,0.6188670000000001,0.6198472500000001,0.07290939978813012,False,False
gradient-compression,e77ffd0b75f255761df3bc4c0830771bb75243da7d366a0e80be0186efb789d4,2359296,1,32,0.0,0,bits-prefetch,1,512,7,transform_isolated,/home/jirka/research/2024/bits-knn-jpdc2024/data/application-scaling/ampere02-35760925/gradient-compression-middle.csv,1.3563368055555555e-05,30,0.014597,0.014484499999999999,0.01470475,1.0120230184284442,False,False
gradient-compression,e77ffd0b75f255761df3bc4c0830771bb75243da7d366a0e80be0186efb789d4,2359296,1,32,0.0,0,bits-prefetch,1,512,7,upload_shared,/home/jirka/research/2024/bits-knn-jpdc2024/data/application-scaling/ampere02-35760925/gradient-compression-middle.csv,1.3563368055555555e-05,1,0.485796,0.485796,0.485796,1.2495574273975085,False,False
gradient-compression,e77ffd0b75f255761df3bc4c0830771bb75243da7d366a0e80be0186efb789d4,2359296,1,32,0.0,0,bits-prefetch,1,512,8,download,/home/jirka/research/2024/bits-knn-jpdc2024/data/application-scaling/ampere02-35760925/gradient-compression-middle.csv,1.3563368055555555e-05,30,0.008132,0.00794125,0.00864125,0.9907771765863256,False,False
gradient-compression,e77ffd0b75f255761df3bc4c0830771bb75243da7d366a0e80be0186efb789d4,2359296,1,32,0.0,0,bits-prefetch,1,512,8,operator,/home/jirka/research/2024/bits-knn-jpdc2024/data/application-scaling/ampere02-35760925/gradient-compression-middle.csv,1.3563368055555555e-05,30,0.613054,0.61275625,0.61347425,0.09975059293308583,False,False
gradient-compression,e77ffd0b75f255761df3bc4c0830771bb75243da7d366a0e80be0186efb789d4,2359296,1,32,0.0,0,bits-prefetch,1,512,8,output_isolated,/home/jirka/research/2024/bits-knn-jpdc2024/data/application-scaling/ampere02-35760925/gradient-compression-middle.csv,1.3563368055555555e-05,30,0.007822,0.00763425,0.008119499999999998,0.9814625415494757,False,False
gradient-compression,e77ffd0b75f255761df3bc4c0830771bb75243da7d366a0e80be0186efb789d4,2359296,1,32,0.0,0,bits-prefetch,1,512,8,selection_isolated,/home/jirka/research/2024/bits-knn-jpdc2024/data/application-scaling/ampere02-35760925/gradient-compression-middle.csv,1.3563368055555555e-05,30,0.596614,0.5963955000000001,0.5969315000000001,0.07567539481138559,False,False
gradient-compression,e77ffd0b75f255761df3bc4c0830771bb75243da7d366a0e80be0186efb789d4,2359296,1,32,0.0,0,bits-prefetch,1,512,8,transform_isolated,/home/jirka/research/2024/bits-knn-jpdc2024/data/application-scaling/ampere02-35760925/gradient-compression-middle.csv,1.3563368055555555e-05,30,0.014652,0.014567,0.01481275,1.0082241332241333,False,False
gradient-compression,e77ffd0b75f255761df3bc4c0830771bb75243da7d366a0e80be0186efb789d4,2359296,1,32,0.0,0,bits-prefetch,1,512,8,upload_shared,/home/jirka/research/2024/bits-knn-jpdc2024/data/application-scaling/ampere02-35760925/gradient-compression-middle.csv,1.3563368055555555e-05,1,0.476713,0.476713,0.476713,1.2733657357781307,False,False
gradient-compression,e77ffd0b75f255761df3bc4c0830771bb75243da7d366a0e80be0186efb789d4,2359296,1,32,0.0,0,bits-prefetch,1,512,13,download,/home/jirka/research/2024/bits-knn-jpdc2024/data/application-scaling/ampere02-35760925/gradient-compression-middle.csv,1.3563368055555555e-05,30,0.0082925,0.007994500000000002,0.008929,0.9716008441362678,False,False
gradient-compression,e77ffd0b75f255761df3bc4c0830771bb75243da7d366a0e80be0186efb789d4,2359296,1,32,0.0,0,bits-prefetch,1,512,13,operator,/home/jirka/research/2024/bits-knn-jpdc2024/data/application-scaling/ampere02-35760925/gradient-compression-middle.csv,1.3563368055555555e-05,30,0.5804644999999999,0.5800682500000001,0.58083,0.10535097322919836,False,False
gradient-compression,e77ffd0b75f255761df3bc4c0830771bb75243da7d366a0e80be0186efb789d4,2359296,1,32,0.0,0,bits-prefetch,1,512,13,output_isolated,/home/jirka/research/2024/bits-knn-jpdc2024/data/application-scaling/ampere02-35760925/gradient-compression-middle.csv,1.3563368055555555e-05,30,0.0078615,0.007685999999999999,0.00814225,0.9765311963365769,False,False
gradient-compression,e77ffd0b75f255761df3bc4c0830771bb75243da7d366a0e80be0186efb789d4,2359296,1,32,0.0,0,bits-prefetch,1,512,13,selection_isolated,/home/jirka/research/2024/bits-knn-jpdc2024/data/application-scaling/ampere02-35760925/gradient-compression-middle.csv,1.3563368055555555e-05,30,0.563724,0.563509,0.56407475,0.08009061171779097,False,False
gradient-compression,e77ffd0b75f255761df3bc4c0830771bb75243da7d366a0e80be0186efb789d4,2359296,1,32,0.0,0,bits-prefetch,1,512,13,transform_isolated,/home/jirka/research/2024/bits-knn-jpdc2024/data/application-scaling/ampere02-35760925/gradient-compression-middle.csv,1.3563368055555555e-05,30,0.0146425,0.014537250000000002,0.01481025,1.0088782653235446,False,False
gradient-compression,e77ffd0b75f255761df3bc4c0830771bb75243da7d366a0e80be0186efb789d4,2359296,1,32,0.0,0,bits-prefetch,1,512,13,upload_shared,/home/jirka/research/2024/bits-knn-jpdc2024/data/application-scaling/ampere02-35760925/gradient-compression-middle.csv,1.3563368055555555e-05,1,0.485395,0.485395,0.485395,1.2505897258933447,False,False
gradient-compression,e77ffd0b75f255761df3bc4c0830771bb75243da7d366a0e80be0186efb789d4,2359296,1,32,0.0,0,bits-prefetch,1,512,16,download,/home/jirka/research/2024/bits-knn-jpdc2024/data/application-scaling/ampere02-35760925/gradient-compression-middle.csv,1.3563368055555555e-05,30,0.008052,0.007961999999999999,0.0082255,1.0006209637357177,True,False
gradient-compression,e77ffd0b75f255761df3bc4c0830771bb75243da7d366a0e80be0186efb789d4,2359296,1,32,0.0,0,bits-prefetch,1,512,16,operator,/home/jirka/research/2024/bits-knn-jpdc2024/data/application-scaling/ampere02-35760925/gradient-compression-middle.csv,1.3563368055555555e-05,30,0.548902,0.54829825,0.5492994999999999,0.11140877606567293,True,False
gradient-compression,e77ffd0b75f255761df3bc4c0830771bb75243da7d366a0e80be0186efb789d4,2359296,1,32,0.0,0,bits-prefetch,1,512,16,output_isolated,/home/jirka/research/2024/bits-knn-jpdc2024/data/application-scaling/ampere02-35760925/gradient-compression-middle.csv,1.3563368055555555e-05,30,0.007892,0.007751000000000001,0.00830725,0.9727572225038014,True,False
gradient-compression,e77ffd0b75f255761df3bc4c0830771bb75243da7d366a0e80be0186efb789d4,2359296,1,32,0.0,0,bits-prefetch,1,512,16,selection_isolated,/home/jirka/research/2024/bits-knn-jpdc2024/data/application-scaling/ampere02-35760925/gradient-compression-middle.csv,1.3563368055555555e-05,30,0.532011,0.53168075,0.5325044999999999,0.08486478663035163,True,False
gradient-compression,e77ffd0b75f255761df3bc4c0830771bb75243da7d366a0e80be0186efb789d4,2359296,1,32,0.0,0,bits-prefetch,1,512,16,transform_isolated,/home/jirka/research/2024/bits-knn-jpdc2024/data/application-scaling/ampere02-35760925/gradient-compression-middle.csv,1.3563368055555555e-05,30,0.014592,0.014511999999999999,0.0147645,1.0123697916666667,True,False
gradient-compression,e77ffd0b75f255761df3bc4c0830771bb75243da7d366a0e80be0186efb789d4,2359296,1,32,0.0,0,bits-prefetch,1,512,16,upload_shared,/home/jirka/research/2024/bits-knn-jpdc2024/data/application-scaling/ampere02-35760925/gradient-compression-middle.csv,1.3563368055555555e-05,1,0.6070300000000001,0.6070300000000001,0.6070300000000001,1.0,True,False
gradient-compression,e77ffd0b75f255761df3bc4c0830771bb75243da7d366a0e80be0186efb789d4,2359296,1,32,0.0,0,bits-sq,8,128,4,download,/home/jirka/research/2024/bits-knn-jpdc2024/data/application-scaling/ampere02-35760925/gradient-compression-middle.csv,1.3563368055555555e-05,30,0.008267,0.007924500000000001,0.008953,0.9745977984758679,False,False
gradient-compression,e77ffd0b75f255761df3bc4c0830771bb75243da7d366a0e80be0186efb789d4,2359296,1,32,0.0,0,bits-sq,8,128,4,operator,/home/jirka/research/2024/bits-knn-jpdc2024/data/application-scaling/ampere02-35760925/gradient-compression-middle.csv,1.3563368055555555e-05,30,0.4376285,0.4372055,0.43816649999999996,0.1397361003682347,False,False
gradient-compression,e77ffd0b75f255761df3bc4c0830771bb75243da7d366a0e80be0186efb789d4,2359296,1,32,0.0,0,bits-sq,8,128,4,output_isolated,/home/jirka/research/2024/bits-knn-jpdc2024/data/application-scaling/ampere02-35760925/gradient-compression-middle.csv,1.3563368055555555e-05,30,0.007822,0.007638500000000001,0.00799975,0.9814625415494757,False,False
gradient-compression,e77ffd0b75f255761df3bc4c0830771bb75243da7d366a0e80be0186efb789d4,2359296,1,32,0.0,0,bits-sq,8,128,4,selection_isolated,/home/jirka/research/2024/bits-knn-jpdc2024/data/application-scaling/ampere02-35760925/gradient-compression-middle.csv,1.3563368055555555e-05,30,0.42106299999999997,0.4208155,0.42153399999999996,0.10722623455397412,False,False
gradient-compression,e77ffd0b75f255761df3bc4c0830771bb75243da7d366a0e80be0186efb789d4,2359296,1,32,0.0,0,bits-sq,8,128,4,transform_isolated,/home/jirka/research/2024/bits-knn-jpdc2024/data/application-scaling/ampere02-35760925/gradient-compression-middle.csv,1.3563368055555555e-05,30,0.014607,0.014521999999999998,0.01466025,1.0113301841582802,False,False
gradient-compression,e77ffd0b75f255761df3bc4c0830771bb75243da7d366a0e80be0186efb789d4,2359296,1,32,0.0,0,bits-sq,8,128,4,upload_shared,/home/jirka/research/2024/bits-knn-jpdc2024/data/application-scaling/ampere02-35760925/gradient-compression-middle.csv,1.3563368055555555e-05,1,0.483993,0.483993,0.483993,1.2542123543109096,False,False
gradient-compression,e77ffd0b75f255761df3bc4c0830771bb75243da7d366a0e80be0186efb789d4,2359296,1,32,0.0,0,bits-sq,8,128,7,download,/home/jirka/research/2024/bits-knn-jpdc2024/data/application-scaling/ampere02-35760925/gradient-compression-middle.csv,1.3563368055555555e-05,30,0.008136999999999998,0.007994500000000002,0.008542999999999999,0.9901683667199215,False,False
gradient-compression,e77ffd0b75f255761df3bc4c0830771bb75243da7d366a0e80be0186efb789d4,2359296,1,32,0.0,0,bits-sq,8,128,7,operator,/home/jirka/research/2024/bits-knn-jpdc2024/data/application-scaling/ampere02-35760925/gradient-compression-middle.csv,1.3563368055555555e-05,30,0.363701,0.36316000000000004,0.3641145,0.16813948820597138,False,False
gradient-compression,e77ffd0b75f255761df3bc4c0830771bb75243da7d366a0e80be0186efb789d4,2359296,1,32,0.0,0,bits-sq,8,128,7,output_isolated,/home/jirka/research/2024/bits-knn-jpdc2024/data/application-scaling/ampere02-35760925/gradient-compression-middle.csv,1.3563368055555555e-05,30,0.007767,0.0076445,0.0079595,0.988412514484357,False,False
gradient-compression,e77ffd0b75f255761df3bc4c0830771bb75243da7d366a0e80be0186efb789d4,2359296,1,32,0.0,0,bits-sq,8,128,7,selection_isolated,/home/jirka/research/2024/bits-knn-jpdc2024/data/application-scaling/ampere02-35760925/gradient-compression-middle.csv,1.3563368055555555e-05,30,0.347406,0.34677349999999996,0.347607,0.12996033459410605,False,False
gradient-compression,e77ffd0b75f255761df3bc4c0830771bb75243da7d366a0e80be0186efb789d4,2359296,1,32,0.0,0,bits-sq,8,128,7,transform_isolated,/home/jirka/research/2024/bits-knn-jpdc2024/data/application-scaling/ampere02-35760925/gradient-compression-middle.csv,1.3563368055555555e-05,30,0.014567,0.014452,0.014697,1.0141072286675363,False,False
gradient-compression,e77ffd0b75f255761df3bc4c0830771bb75243da7d366a0e80be0186efb789d4,2359296,1,32,0.0,0,bits-sq,8,128,7,upload_shared,/home/jirka/research/2024/bits-knn-jpdc2024/data/application-scaling/ampere02-35760925/gradient-compression-middle.csv,1.3563368055555555e-05,1,0.48127000000000003,0.48127000000000003,0.48127000000000003,1.2613086209404285,False,False
gradient-compression,e77ffd0b75f255761df3bc4c0830771bb75243da7d366a0e80be0186efb789d4,2359296,1,32,0.0,0,bits-sq,8,128,8,download,/home/jirka/research/2024/bits-knn-jpdc2024/data/application-scaling/ampere02-35760925/gradient-compression-middle.csv,1.3563368055555555e-05,30,0.008102,0.008012,0.008550249999999999,0.9944458158479388,False,False
gradient-compression,e77ffd0b75f255761df3bc4c0830771bb75243da7d366a0e80be0186efb789d4,2359296,1,32,0.0,0,bits-sq,8,128,8,operator,/home/jirka/research/2024/bits-knn-jpdc2024/data/application-scaling/ampere02-35760925/gradient-compression-middle.csv,1.3563368055555555e-05,30,0.35704650000000004,0.3565575000000001,0.3573035,0.1712732095119263,False,False
gradient-compression,e77ffd0b75f255761df3bc4c0830771bb75243da7d366a0e80be0186efb789d4,2359296,1,32,0.0,0,bits-sq,8,128,8,output_isolated,/home/jirka/research/2024/bits-knn-jpdc2024/data/application-scaling/ampere02-35760925/gradient-compression-middle.csv,1.3563368055555555e-05,30,0.007792,0.007671,0.007967,0.9852412731006159,False,False
gradient-compression,e77ffd0b75f255761df3bc4c0830771bb75243da7d366a0e80be0186efb789d4,2359296,1,32,0.0,0,bits-sq,8,128,8,selection_isolated,/home/jirka/research/2024/bits-knn-jpdc2024/data/application-scaling/ampere02-35760925/gradient-compression-middle.csv,1.3563368055555555e-05,30,0.340727,0.34021325,0.34106949999999997,0.13250784352282033,False,False
gradient-compression,e77ffd0b75f255761df3bc4c0830771bb75243da7d366a0e80be0186efb789d4,2359296,1,32,0.0,0,bits-sq,8,128,8,transform_isolated,/home/jirka/research/2024/bits-knn-jpdc2024/data/application-scaling/ampere02-35760925/gradient-compression-middle.csv,1.3563368055555555e-05,30,0.014562,0.014511999999999999,0.014669499999999999,1.0144554319461614,False,False
gradient-compression,e77ffd0b75f255761df3bc4c0830771bb75243da7d366a0e80be0186efb789d4,2359296,1,32,0.0,0,bits-sq,8,128,8,upload_shared,/home/jirka/research/2024/bits-knn-jpdc2024/data/application-scaling/ampere02-35760925/gradient-compression-middle.csv,1.3563368055555555e-05,1,0.480378,0.480378,0.480378,1.263650708400468,False,False
gradient-compression,e77ffd0b75f255761df3bc4c0830771bb75243da7d366a0e80be0186efb789d4,2359296,1,32,0.0,0,bits-sq,8,128,13,download,/home/jirka/research/2024/bits-knn-jpdc2024/data/application-scaling/ampere02-35760925/gradient-compression-middle.csv,1.3563368055555555e-05,30,0.008102499999999999,0.007982000000000001,0.008433000000000001,0.9943844492440607,False,False
gradient-compression,e77ffd0b75f255761df3bc4c0830771bb75243da7d366a0e80be0186efb789d4,2359296,1,32,0.0,0,bits-sq,8,128,13,operator,/home/jirka/research/2024/bits-knn-jpdc2024/data/application-scaling/ampere02-35760925/gradient-compression-middle.csv,1.3563368055555555e-05,30,0.34244399999999997,0.3419805,0.3426765,0.17857664318837535,False,False
gradient-compression,e77ffd0b75f255761df3bc4c0830771bb75243da7d366a0e80be0186efb789d4,2359296,1,32,0.0,0,bits-sq,8,128,13,output_isolated,/home/jirka/research/2024/bits-knn-jpdc2024/data/application-scaling/ampere02-35760925/gradient-compression-middle.csv,1.3563368055555555e-05,30,0.0077815,0.00757425,0.0081495,0.9865707125875474,False,False
gradient-compression,e77ffd0b75f255761df3bc4c0830771bb75243da7d366a0e80be0186efb789d4,2359296,1,32,0.0,0,bits-sq,8,128,13,selection_isolated,/home/jirka/research/2024/bits-knn-jpdc2024/data/application-scaling/ampere02-35760925/gradient-compression-middle.csv,1.3563368055555555e-05,30,0.32638449999999997,0.326144,0.32661475,0.13833071117041407,False,False
gradient-compression,e77ffd0b75f255761df3bc4c0830771bb75243da7d366a0e80be0186efb789d4,2359296,1,32,0.0,0,bits-sq,8,128,13,transform_isolated,/home/jirka/research/2024/bits-knn-jpdc2024/data/application-scaling/ampere02-35760925/gradient-compression-middle.csv,1.3563368055555555e-05,30,0.014521999999999998,0.0144345,0.014620250000000001,1.0172496901253272,False,False
gradient-compression,e77ffd0b75f255761df3bc4c0830771bb75243da7d366a0e80be0186efb789d4,2359296,1,32,0.0,0,bits-sq,8,128,13,upload_shared,/home/jirka/research/2024/bits-knn-jpdc2024/data/application-scaling/ampere02-35760925/gradient-compression-middle.csv,1.3563368055555555e-05,1,0.473537,0.473537,0.473537,1.2819061657272823,False,False
gradient-compression,e77ffd0b75f255761df3bc4c0830771bb75243da7d366a0e80be0186efb789d4,2359296,1,32,0.0,0,bits-sq,8,128,16,download,/home/jirka/research/2024/bits-knn-jpdc2024/data/application-scaling/ampere02-35760925/gradient-compression-middle.csv,1.3563368055555555e-05,30,0.008117,0.008042,0.00869325,0.9926081064432674,False,False
gradient-compression,e77ffd0b75f255761df3bc4c0830771bb75243da7d366a0e80be0186efb789d4,2359296,1,32,0.0,0,bits-sq,8,128,16,operator,/home/jirka/research/2024/bits-knn-jpdc2024/data/application-scaling/ampere02-35760925/gradient-compression-middle.csv,1.3563368055555555e-05,30,0.3401805,0.33981675,0.340536,0.17976486012572737,False,False
gradient-compression,e77ffd0b75f255761df3bc4c0830771bb75243da7d366a0e80be0186efb789d4,2359296,1,32,0.0,0,bits-sq,8,128,16,output_isolated,/home/jirka/research/2024/bits-knn-jpdc2024/data/application-scaling/ampere02-35760925/gradient-compression-middle.csv,1.3563368055555555e-05,30,0.0075910000000000005,0.007476999999999999,0.007897,1.0113292056382557,False,False
gradient-compression,e77ffd0b75f255761df3bc4c0830771bb75243da7d366a0e80be0186efb789d4,2359296,1,32,0.0,0,bits-sq,8,128,16,selection_isolated,/home/jirka/research/2024/bits-knn-jpdc2024/data/application-scaling/ampere02-35760925/gradient-compression-middle.csv,1.3563368055555555e-05,30,0.324306,0.324171,0.3244695,0.13921728244312473,False,False
gradient-compression,e77ffd0b75f255761df3bc4c0830771bb75243da7d366a0e80be0186efb789d4,2359296,1,32,0.0,0,bits-sq,8,128,16,transform_isolated,/home/jirka/research/2024/bits-knn-jpdc2024/data/application-scaling/ampere02-35760925/gradient-compression-middle.csv,1.3563368055555555e-05,30,0.014567,0.01448425,0.01466475,1.0141072286675363,False,False
gradient-compression,e77ffd0b75f255761df3bc4c0830771bb75243da7d366a0e80be0186efb789d4,2359296,1,32,0.0,0,bits-sq,8,128,16,upload_shared,/home/jirka/research/2024/bits-knn-jpdc2024/data/application-scaling/ampere02-35760925/gradient-compression-middle.csv,1.3563368055555555e-05,1,0.48504400000000003,0.48504400000000003,0.48504400000000003,1.25149470975829,False,False
gradient-compression,e77ffd0b75f255761df3bc4c0830771bb75243da7d366a0e80be0186efb789d4,2359296,1,32,0.0,0,bits-sq,8,256,4,download,/home/jirka/research/2024/bits-knn-jpdc2024/data/application-scaling/ampere02-35760925/gradient-compression-middle.csv,1.3563368055555555e-05,30,0.0082475,0.0079845,0.008635499999999999,0.9769020915428919,False,False
gradient-compression,e77ffd0b75f255761df3bc4c0830771bb75243da7d366a0e80be0186efb789d4,2359296,1,32,0.0,0,bits-sq,8,256,4,operator,/home/jirka/research/2024/bits-knn-jpdc2024/data/application-scaling/ampere02-35760925/gradient-compression-middle.csv,1.3563368055555555e-05,30,0.260084,0.25972875,0.26024400000000003,0.23512595930545518,False,False
gradient-compression,e77ffd0b75f255761df3bc4c0830771bb75243da7d366a0e80be0186efb789d4,2359296,1,32,0.0,0,bits-sq,8,256,4,output_isolated,/home/jirka/research/2024/bits-knn-jpdc2024/data/application-scaling/ampere02-35760925/gradient-compression-middle.csv,1.3563368055555555e-05,30,0.007622,0.00752125,0.0078017500000000005,1.0072159538178955,False,False
gradient-compression,e77ffd0b75f255761df3bc4c0830771bb75243da7d366a0e80be0186efb789d4,2359296,1,32,0.0,0,bits-sq,8,256,4,selection_isolated,/home/jirka/research/2024/bits-knn-jpdc2024/data/application-scaling/ampere02-35760925/gradient-compression-middle.csv,1.3563368055555555e-05,30,0.24365399999999998,0.24326824999999996,0.24383975,0.18529964621963935,False,False
gradient-compression,e77ffd0b75f255761df3bc4c0830771bb75243da7d366a0e80be0186efb789d4,2359296,1,32,0.0,0,bits-sq,8,256,4,transform_isolated,/home/jirka/research/2024/bits-knn-jpdc2024/data/application-scaling/ampere02-35760925/gradient-compression-middle.csv,1.3563368055555555e-05,30,0.014612,0.014504499999999998,0.0147095,1.010984122638927,False,False
gradient-compression,e77ffd0b75f255761df3bc4c0830771bb75243da7d366a0e80be0186efb789d4,2359296,1,32,0.0,0,bits-sq,8,256,4,upload_shared,/home/jirka/research/2024/bits-knn-jpdc2024/data/application-scaling/ampere02-35760925/gradient-compression-middle.csv,1.3563368055555555e-05,1,0.474138,0.474138,0.474138,1.2802812683227247,False,False
gradient-compression,e77ffd0b75f255761df3bc4c0830771bb75243da7d366a0e80be0186efb789d4,2359296,1,32,0.0,0,bits-sq,8,256,7,download,/home/jirka/research/2024/bits-knn-jpdc2024/data/application-scaling/ampere02-35760925/gradient-compression-middle.csv,1.3563368055555555e-05,30,0.0080225,0.007954499999999998,0.008197000000000001,1.0043004051106263,False,False
gradient-compression,e77ffd0b75f255761df3bc4c0830771bb75243da7d366a0e80be0186efb789d4,2359296,1,32,0.0,0,bits-sq,8,256,7,operator,/home/jirka/research/2024/bits-knn-jpdc2024/data/application-scaling/ampere02-35760925/gradient-compression-middle.csv,1.3563368055555555e-05,30,0.220669,0.2192195,0.2216685,0.27712320262474566,False,False
gradient-compression,e77ffd0b75f255761df3bc4c0830771bb75243da7d366a0e80be0186efb789d4,2359296,1,32,0.0,0,bits-sq,8,256,7,output_isolated,/home/jirka/research/2024/bits-knn-jpdc2024/data/application-scaling/ampere02-35760925/gradient-compression-middle.csv,1.3563368055555555e-05,30,0.0076615,0.007536000000000001,0.00783875,1.002023102525615,False,False
gradient-compression,e77ffd0b75f255761df3bc4c0830771bb75243da7d366a0e80be0186efb789d4,2359296,1,32,0.0,0,bits-sq,8,256,7,selection_isolated,/home/jirka/research/2024/bits-knn-jpdc2024/data/application-scaling/ampere02-35760925/gradient-compression-middle.csv,1.3563368055555555e-05,30,0.2057715,0.203223,0.20622025000000002,0.2194132812367116,False,False
gradient-compression,e77ffd0b75f255761df3bc4c0830771bb75243da7d366a0e80be0186efb789d4,2359296,1,32,0.0,0,bits-sq,8,256,7,transform_isolated,/home/jirka/research/2024/bits-knn-jpdc2024/data/application-scaling/ampere02-35760925/gradient-compression-middle.csv,1.3563368055555555e-05,30,0.014672499999999998,0.0145095,0.014769500000000001,1.0068154711194413,False,False
gradient-compression,e77ffd0b75f255761df3bc4c0830771bb75243da7d366a0e80be0186efb789d4,2359296,1,32,0.0,0,bits-sq,8,256,7,upload_shared,/home/jirka/research/2024/bits-knn-jpdc2024/data/application-scaling/ampere02-35760925/gradient-compression-middle.csv,1.3563368055555555e-05,1,0.47835500000000003,0.47835500000000003,0.47835500000000003,1.2689947842083809,False,False
gradient-compression,e77ffd0b75f255761df3bc4c0830771bb75243da7d366a0e80be0186efb789d4,2359296,1,32,0.0,0,bits-sq,8,256,8,download,/home/jirka/research/2024/bits-knn-jpdc2024/data/application-scaling/ampere02-35760925/gradient-compression-middle.csv,1.3563368055555555e-05,30,0.008107,0.008022249999999998,0.008522749999999999,0.9938324904403603,False,False
gradient-compression,e77ffd0b75f255761df3bc4c0830771bb75243da7d366a0e80be0186efb789d4,2359296,1,32,0.0,0,bits-sq,8,256,8,operator,/home/jirka/research/2024/bits-knn-jpdc2024/data/application-scaling/ampere02-35760925/gradient-compression-middle.csv,1.3563368055555555e-05,30,0.2168035,0.21638050000000003,0.2171015,0.28206417331823513,False,False
gradient-compression,e77ffd0b75f255761df3bc4c0830771bb75243da7d366a0e80be0186efb789d4,2359296,1,32,0.0,0,bits-sq,8,256,8,output_isolated,/home/jirka/research/2024/bits-knn-jpdc2024/data/application-scaling/ampere02-35760925/gradient-compression-middle.csv,1.3563368055555555e-05,30,0.0076015,0.007551,0.007882,1.0099322502137735,False,False
gradient-compression,e77ffd0b75f255761df3bc4c0830771bb75243da7d366a0e80be0186efb789d4,2359296,1,32,0.0,0,bits-sq,8,256,8,selection_isolated,/home/jirka/research/2024/bits-knn-jpdc2024/data/application-scaling/ampere02-35760925/gradient-compression-middle.csv,1.3563368055555555e-05,30,0.200799,0.20060075,0.201225,0.22484673728454824,False,False
gradient-compression,e77ffd0b75f255761df3bc4c0830771bb75243da7d366a0e80be0186efb789d4,2359296,1,32,0.0,0,bits-sq,8,256,8,transform_isolated,/home/jirka/research/2024/bits-knn-jpdc2024/data/application-scaling/ampere02-35760925/gradient-compression-middle.csv,1.3563368055555555e-05,30,0.014582,0.014484499999999999,0.014676999999999999,1.0130640515704294,False,False
gradient-compression,e77ffd0b75f255761df3bc4c0830771bb75243da7d366a0e80be0186efb789d4,2359296,1,32,0.0,0,bits-sq,8,256,8,upload_shared,/home/jirka/research/2024/bits-knn-jpdc2024/data/application-scaling/ampere02-35760925/gradient-compression-middle.csv,1.3563368055555555e-05,1,0.471084,0.471084,0.471084,1.288581229674538,False,False
gradient-compression,e77ffd0b75f255761df3bc4c0830771bb75243da7d366a0e80be0186efb789d4,2359296,1,32,0.0,0,bits-sq,8,256,13,download,/home/jirka/research/2024/bits-knn-jpdc2024/data/application-scaling/ampere02-35760925/gradient-compression-middle.csv,1.3563368055555555e-05,30,0.0080175,0.0079745,0.00823975,1.0049267227938883,False,False
gradient-compression,e77ffd0b75f255761df3bc4c0830771bb75243da7d366a0e80be0186efb789d4,2359296,1,32,0.0,0,bits-sq,8,256,13,operator,/home/jirka/research/2024/bits-knn-jpdc2024/data/application-scaling/ampere02-35760925/gradient-compression-middle.csv,1.3563368055555555e-05,30,0.204735,0.2044025,0.20540599999999998,0.2986909907929763,False,False
gradient-compression,e77ffd0b75f255761df3bc4c0830771bb75243da7d366a0e80be0186efb789d4,2359296,1,32,0.0,0,bits-sq,8,256,13,output_isolated,/home/jirka/research/2024/bits-knn-jpdc2024/data/application-scaling/ampere02-35760925/gradient-compression-middle.csv,1.3563368055555555e-05,30,0.007661,0.00754675,0.007774499999999999,1.0020885001957969,False,False
gradient-compression,e77ffd0b75f255761df3bc4c0830771bb75243da7d366a0e80be0186efb789d4,2359296,1,32,0.0,0,bits-sq,8,256,13,selection_isolated,/home/jirka/research/2024/bits-knn-jpdc2024/data/application-scaling/ampere02-35760925/gradient-compression-middle.csv,1.3563368055555555e-05,30,0.1888665,0.18873600000000001,0.18895099999999998,0.23905245239362197,False,False
gradient-compression,e77ffd0b75f255761df3bc4c0830771bb75243da7d366a0e80be0186efb789d4,2359296,1,32,0.0,0,bits-sq,8,256,13,transform_isolated,/home/jirka/research/2024/bits-knn-jpdc2024/data/application-scaling/ampere02-35760925/gradient-compression-middle.csv,1.3563368055555555e-05,30,0.014617,0.0145095,0.014691999999999998,1.0106382978723405,False,False
gradient-compression,e77ffd0b75f255761df3bc4c0830771bb75243da7d366a0e80be0186efb789d4,2359296,1,32,0.0,0,bits-sq,8,256,13,upload_shared,/home/jirka/research/2024/bits-knn-jpdc2024/data/application-scaling/ampere02-35760925/gradient-compression-middle.csv,1.3563368055555555e-05,1,0.479977,0.479977,0.479977,1.2647064338499554,False,False
gradient-compression,e77ffd0b75f255761df3bc4c0830771bb75243da7d366a0e80be0186efb789d4,2359296,1,32,0.0,0,bits-sq,8,256,16,download,/home/jirka/research/2024/bits-knn-jpdc2024/data/application-scaling/ampere02-35760925/gradient-compression-middle.csv,1.3563368055555555e-05,30,0.008087500000000001,0.00800975,0.008338,0.9962287480680061,False,False
gradient-compression,e77ffd0b75f255761df3bc4c0830771bb75243da7d366a0e80be0186efb789d4,2359296,1,32,0.0,0,bits-sq,8,256,16,operator,/home/jirka/research/2024/bits-knn-jpdc2024/data/application-scaling/ampere02-35760925/gradient-compression-middle.csv,1.3563368055555555e-05,30,0.207094,0.2066405,0.20754675,0.295288612900422,False,False
gradient-compression,e77ffd0b75f255761df3bc4c0830771bb75243da7d366a0e80be0186efb789d4,2359296,1,32,0.0,0,bits-sq,8,256,16,output_isolated,/home/jirka/research/2024/bits-knn-jpdc2024/data/application-scaling/ampere02-35760925/gradient-compression-middle.csv,1.3563368055555555e-05,30,0.0077065,0.0075745,0.007927,0.9961720625446052,False,False
gradient-compression,e77ffd0b75f255761df3bc4c0830771bb75243da7d366a0e80be0186efb789d4,2359296,1,32,0.0,0,bits-sq,8,256,16,selection_isolated,/home/jirka/research/2024/bits-knn-jpdc2024/data/application-scaling/ampere02-35760925/gradient-compression-middle.csv,1.3563368055555555e-05,30,0.191475,0.19074149999999998,0.19173325,0.2357957957957958,False,False
gradient-compression,e77ffd0b75f255761df3bc4c0830771bb75243da7d366a0e80be0186efb789d4,2359296,1,32,0.0,0,bits-sq,8,256,16,transform_isolated,/home/jirka/research/2024/bits-knn-jpdc2024/data/application-scaling/ampere02-35760925/gradient-compression-middle.csv,1.3563368055555555e-05,30,0.014612,0.014526999999999998,0.0146695,1.010984122638927,False,False
gradient-compression,e77ffd0b75f255761df3bc4c0830771bb75243da7d366a0e80be0186efb789d4,2359296,1,32,0.0,0,bits-sq,8,256,16,upload_shared,/home/jirka/research/2024/bits-knn-jpdc2024/data/application-scaling/ampere02-35760925/gradient-compression-middle.csv,1.3563368055555555e-05,1,0.487279,0.487279,0.487279,1.2457544856232263,False,False
gradient-compression,e77ffd0b75f255761df3bc4c0830771bb75243da7d366a0e80be0186efb789d4,2359296,1,32,0.0,0,bits-sq,8,512,4,download,/home/jirka/research/2024/bits-knn-jpdc2024/data/application-scaling/ampere02-35760925/gradient-compression-middle.csv,1.3563368055555555e-05,30,0.008042,0.007954499999999998,0.008202000000000001,1.001865207659786,False,False
gradient-compression,e77ffd0b75f255761df3bc4c0830771bb75243da7d366a0e80be0186efb789d4,2359296,1,32,0.0,0,bits-sq,8,512,4,operator,/home/jirka/research/2024/bits-knn-jpdc2024/data/application-scaling/ampere02-35760925/gradient-compression-middle.csv,1.3563368055555555e-05,30,0.176332,0.175867,0.1766655,0.3468031894381054,False,False
gradient-compression,e77ffd0b75f255761df3bc4c0830771bb75243da7d366a0e80be0186efb789d4,2359296,1,32,0.0,0,bits-sq,8,512,4,output_isolated,/home/jirka/research/2024/bits-knn-jpdc2024/data/application-scaling/ampere02-35760925/gradient-compression-middle.csv,1.3563368055555555e-05,30,0.007611,0.007521,0.0078745,1.0086716594402838,False,False
gradient-compression,e77ffd0b75f255761df3bc4c0830771bb75243da7d366a0e80be0186efb789d4,2359296,1,32,0.0,0,bits-sq,8,512,4,selection_isolated,/home/jirka/research/2024/bits-knn-jpdc2024/data/application-scaling/ampere02-35760925/gradient-compression-middle.csv,1.3563368055555555e-05,30,0.16047300000000003,0.1603155,0.16099324999999998,0.2813495105095561,False,False
gradient-compression,e77ffd0b75f255761df3bc4c0830771bb75243da7d366a0e80be0186efb789d4,2359296,1,32,0.0,0,bits-sq,8,512,4,transform_isolated,/home/jirka/research/2024/bits-knn-jpdc2024/data/application-scaling/ampere02-35760925/gradient-compression-middle.csv,1.3563368055555555e-05,30,0.014597,0.01448425,0.014649500000000001,1.0120230184284442,False,False
gradient-compression,e77ffd0b75f255761df3bc4c0830771bb75243da7d366a0e80be0186efb789d4,2359296,1,32,0.0,0,bits-sq,8,512,4,upload_shared,/home/jirka/research/2024/bits-knn-jpdc2024/data/application-scaling/ampere02-35760925/gradient-compression-middle.csv,1.3563368055555555e-05,1,0.477703,0.477703,0.477703,1.2707267904953499,False,False
gradient-compression,e77ffd0b75f255761df3bc4c0830771bb75243da7d366a0e80be0186efb789d4,2359296,1,32,0.0,0,bits-sq,8,512,7,download,/home/jirka/research/2024/bits-knn-jpdc2024/data/application-scaling/ampere02-35760925/gradient-compression-middle.csv,1.3563368055555555e-05,30,0.008027,0.0079445,0.008129499999999998,1.003737386321166,False,False
gradient-compression,e77ffd0b75f255761df3bc4c0830771bb75243da7d366a0e80be0186efb789d4,2359296,1,32,0.0,0,bits-sq,8,512,7,operator,/home/jirka/research/2024/bits-knn-jpdc2024/data/application-scaling/ampere02-35760925/gradient-compression-middle.csv,1.3563368055555555e-05,30,0.160443,0.16005475,0.160859,0.3811478219679263,False,False
gradient-compression,e77ffd0b75f255761df3bc4c0830771bb75243da7d366a0e80be0186efb789d4,2359296,1,32,0.0,0,bits-sq,8,512,7,output_isolated,/home/jirka/research/2024/bits-knn-jpdc2024/data/application-scaling/ampere02-35760925/gradient-compression-middle.csv,1.3563368055555555e-05,30,0.0076515,0.007572,0.007727,1.0033326798666928,False,False
gradient-compression,e77ffd0b75f255761df3bc4c0830771bb75243da7d366a0e80be0186efb789d4,2359296,1,32,0.0,0,bits-sq,8,512,7,selection_isolated,/home/jirka/research/2024/bits-knn-jpdc2024/data/application-scaling/ampere02-35760925/gradient-compression-middle.csv,1.3563368055555555e-05,30,0.144479,0.14426575,0.144599,0.3124952415229895,False,False
gradient-compression,e77ffd0b75f255761df3bc4c0830771bb75243da7d366a0e80be0186efb789d4,2359296,1,32,0.0,0,bits-sq,8,512,7,transform_isolated,/home/jirka/research/2024/bits-knn-jpdc2024/data/application-scaling/ampere02-35760925/gradient-compression-middle.csv,1.3563368055555555e-05,30,0.014597,0.014454499999999999,0.014657,1.0120230184284442,False,False
gradient-compression,e77ffd0b75f255761df3bc4c0830771bb75243da7d366a0e80be0186efb789d4,2359296,1,32,0.0,0,bits-sq,8,512,7,upload_shared,/home/jirka/research/2024/bits-knn-jpdc2024/data/application-scaling/ampere02-35760925/gradient-compression-middle.csv,1.3563368055555555e-05,1,0.485796,0.485796,0.485796,1.2495574273975085,False,False
gradient-compression,e77ffd0b75f255761df3bc4c0830771bb75243da7d366a0e80be0186efb789d4,2359296,1,32,0.0,0,bits-sq,8,512,8,download,/home/jirka/research/2024/bits-knn-jpdc2024/data/application-scaling/ampere02-35760925/gradient-compression-middle.csv,1.3563368055555555e-05,30,0.008022000000000001,0.007894499999999999,0.00812025,1.0043630017452005,False,False
gradient-compression,e77ffd0b75f255761df3bc4c0830771bb75243da7d366a0e80be0186efb789d4,2359296,1,32,0.0,0,bits-sq,8,512,8,operator,/home/jirka/research/2024/bits-knn-jpdc2024/data/application-scaling/ampere02-35760925/gradient-compression-middle.csv,1.3563368055555555e-05,30,0.151395,0.15120675,0.15172675,0.403926813963473,False,False
gradient-compression,e77ffd0b75f255761df3bc4c0830771bb75243da7d366a0e80be0186efb789d4,2359296,1,32,0.0,0,bits-sq,8,512,8,output_isolated,/home/jirka/research/2024/bits-knn-jpdc2024/data/application-scaling/ampere02-35760925/gradient-compression-middle.csv,1.3563368055555555e-05,30,0.0076115,0.00755125,0.007804500000000001,1.0086053997241016,False,False
gradient-compression,e77ffd0b75f255761df3bc4c0830771bb75243da7d366a0e80be0186efb789d4,2359296,1,32,0.0,0,bits-sq,8,512,8,selection_isolated,/home/jirka/research/2024/bits-knn-jpdc2024/data/application-scaling/ampere02-35760925/gradient-compression-middle.csv,1.3563368055555555e-05,30,0.1358155,0.1355425,0.13613599999999998,0.33242892011589253,False,False
gradient-compression,e77ffd0b75f255761df3bc4c0830771bb75243da7d366a0e80be0186efb789d4,2359296,1,32,0.0,0,bits-sq,8,512,8,transform_isolated,/home/jirka/research/2024/bits-knn-jpdc2024/data/application-scaling/ampere02-35760925/gradient-compression-middle.csv,1.3563368055555555e-05,30,0.014577,0.014487,0.014767249999999999,1.0134115387253895,False,False
gradient-compression,e77ffd0b75f255761df3bc4c0830771bb75243da7d366a0e80be0186efb789d4,2359296,1,32,0.0,0,bits-sq,8,512,8,upload_shared,/home/jirka/research/2024/bits-knn-jpdc2024/data/application-scaling/ampere02-35760925/gradient-compression-middle.csv,1.3563368055555555e-05,1,0.476713,0.476713,0.476713,1.2733657357781307,False,False
gradient-compression,e77ffd0b75f255761df3bc4c0830771bb75243da7d366a0e80be0186efb789d4,2359296,1,32,0.0,0,bits-sq,8,512,13,download,/home/jirka/research/2024/bits-knn-jpdc2024/data/application-scaling/ampere02-35760925/gradient-compression-middle.csv,1.3563368055555555e-05,30,0.008092,0.0080145,0.008538,0.995674740484429,False,False
gradient-compression,e77ffd0b75f255761df3bc4c0830771bb75243da7d366a0e80be0186efb789d4,2359296,1,32,0.0,0,bits-sq,8,512,13,operator,/home/jirka/research/2024/bits-knn-jpdc2024/data/application-scaling/ampere02-35760925/gradient-compression-middle.csv,1.3563368055555555e-05,30,0.156968,0.15681725000000002,0.157524,0.3895857754446766,False,False
gradient-compression,e77ffd0b75f255761df3bc4c0830771bb75243da7d366a0e80be0186efb789d4,2359296,1,32,0.0,0,bits-sq,8,512,13,output_isolated,/home/jirka/research/2024/bits-knn-jpdc2024/data/application-scaling/ampere02-35760925/gradient-compression-middle.csv,1.3563368055555555e-05,30,0.0076115,0.007542,0.00775625,1.0086053997241016,False,False
gradient-compression,e77ffd0b75f255761df3bc4c0830771bb75243da7d366a0e80be0186efb789d4,2359296,1,32,0.0,0,bits-sq,8,512,13,selection_isolated,/home/jirka/research/2024/bits-knn-jpdc2024/data/application-scaling/ampere02-35760925/gradient-compression-middle.csv,1.3563368055555555e-05,30,0.141189,0.14098049999999998,0.1414315,0.3197770364546813,False,False
gradient-compression,e77ffd0b75f255761df3bc4c0830771bb75243da7d366a0e80be0186efb789d4,2359296,1,32,0.0,0,bits-sq,8,512,13,transform_isolated,/home/jirka/research/2024/bits-knn-jpdc2024/data/application-scaling/ampere02-35760925/gradient-compression-middle.csv,1.3563368055555555e-05,30,0.014642,0.014502,0.014802,1.0089127168419616,False,False
gradient-compression,e77ffd0b75f255761df3bc4c0830771bb75243da7d366a0e80be0186efb789d4,2359296,1,32,0.0,0,bits-sq,8,512,13,upload_shared,/home/jirka/research/2024/bits-knn-jpdc2024/data/application-scaling/ampere02-35760925/gradient-compression-middle.csv,1.3563368055555555e-05,1,0.485395,0.485395,0.485395,1.2505897258933447,False,False
gradient-compression,e77ffd0b75f255761df3bc4c0830771bb75243da7d366a0e80be0186efb789d4,2359296,1,32,0.0,0,bits-sq,8,512,16,download,/home/jirka/research/2024/bits-knn-jpdc2024/data/application-scaling/ampere02-35760925/gradient-compression-middle.csv,1.3563368055555555e-05,30,0.008037,0.007942,0.00814725,1.002488490730372,False,False
gradient-compression,e77ffd0b75f255761df3bc4c0830771bb75243da7d366a0e80be0186efb789d4,2359296,1,32,0.0,0,bits-sq,8,512,16,operator,/home/jirka/research/2024/bits-knn-jpdc2024/data/application-scaling/ampere02-35760925/gradient-compression-middle.csv,1.3563368055555555e-05,30,0.147789,0.14707275,0.14821225,0.41378248719458144,False,False
gradient-compression,e77ffd0b75f255761df3bc4c0830771bb75243da7d366a0e80be0186efb789d4,2359296,1,32,0.0,0,bits-sq,8,512,16,output_isolated,/home/jirka/research/2024/bits-knn-jpdc2024/data/application-scaling/ampere02-35760925/gradient-compression-middle.csv,1.3563368055555555e-05,30,0.007681,0.007617,0.0077795,0.9994792344746777,False,False
gradient-compression,e77ffd0b75f255761df3bc4c0830771bb75243da7d366a0e80be0186efb789d4,2359296,1,32,0.0,0,bits-sq,8,512,16,selection_isolated,/home/jirka/research/2024/bits-knn-jpdc2024/data/application-scaling/ampere02-35760925/gradient-compression-middle.csv,1.3563368055555555e-05,30,0.1308535,0.130698,0.13106825,0.34503471439434175,False,False
gradient-compression,e77ffd0b75f255761df3bc4c0830771bb75243da7d366a0e80be0186efb789d4,2359296,1,32,0.0,0,bits-sq,8,512,16,transform_isolated,/home/jirka/research/2024/bits-knn-jpdc2024/data/application-scaling/ampere02-35760925/gradient-compression-middle.csv,1.3563368055555555e-05,30,0.0146775,0.0145895,0.0148205,1.0064724919093853,False,False
gradient-compression,e77ffd0b75f255761df3bc4c0830771bb75243da7d366a0e80be0186efb789d4,2359296,1,32,0.0,0,bits-sq,8,512,16,upload_shared,/home/jirka/research/2024/bits-knn-jpdc2024/data/application-scaling/ampere02-35760925/gradient-compression-middle.csv,1.3563368055555555e-05,1,0.6070300000000001,0.6070300000000001,0.6070300000000001,1.0,False,False
gradient-compression,e77ffd0b75f255761df3bc4c0830771bb75243da7d366a0e80be0186efb789d4,2359296,1,32,0.0,0,bits-sq,32,128,4,download,/home/jirka/research/2024/bits-knn-jpdc2024/data/application-scaling/ampere02-35760925/gradient-compression-middle.csv,1.3563368055555555e-05,30,0.008002,0.0079045,0.008102,1.00687328167958,False,False
gradient-compression,e77ffd0b75f255761df3bc4c0830771bb75243da7d366a0e80be0186efb789d4,2359296,1,32,0.0,0,bits-sq,32,128,4,operator,/home/jirka/research/2024/bits-knn-jpdc2024/data/application-scaling/ampere02-35760925/gradient-compression-middle.csv,1.3563368055555555e-05,30,0.157003,0.15657700000000002,0.15752149999999998,0.38949892677209985,False,False
gradient-compression,e77ffd0b75f255761df3bc4c0830771bb75243da7d366a0e80be0186efb789d4,2359296,1,32,0.0,0,bits-sq,32,128,4,output_isolated,/home/jirka/research/2024/bits-knn-jpdc2024/data/application-scaling/ampere02-35760925/gradient-compression-middle.csv,1.3563368055555555e-05,30,0.007627,0.00751425,0.0078745,1.0065556575324504,False,False
gradient-compression,e77ffd0b75f255761df3bc4c0830771bb75243da7d366a0e80be0186efb789d4,2359296,1,32,0.0,0,bits-sq,32,128,4,selection_isolated,/home/jirka/research/2024/bits-knn-jpdc2024/data/application-scaling/ampere02-35760925/gradient-compression-middle.csv,1.3563368055555555e-05,30,0.141149,0.1408455,0.1414625,0.31986765758170443,False,False
gradient-compression,e77ffd0b75f255761df3bc4c0830771bb75243da7d366a0e80be0186efb789d4,2359296,1,32,0.0,0,bits-sq,32,128,4,transform_isolated,/home/jirka/research/2024/bits-knn-jpdc2024/data/application-scaling/ampere02-35760925/gradient-compression-middle.csv,1.3563368055555555e-05,30,0.014567,0.0145095,0.01468475,1.0141072286675363,False,False
gradient-compression,e77ffd0b75f255761df3bc4c0830771bb75243da7d366a0e80be0186efb789d4,2359296,1,32,0.0,0,bits-sq,32,128,4,upload_shared,/home/jirka/research/2024/bits-knn-jpdc2024/data/application-scaling/ampere02-35760925/gradient-compression-middle.csv,1.3563368055555555e-05,1,0.46987199999999996,0.46987199999999996,0.46987199999999996,1.2919050294548304,False,False
gradient-compression,e77ffd0b75f255761df3bc4c0830771bb75243da7d366a0e80be0186efb789d4,2359296,1,32,0.0,0,bits-sq,32,128,7,download,/home/jirka/research/2024/bits-knn-jpdc2024/data/application-scaling/ampere02-35760925/gradient-compression-middle.csv,1.3563368055555555e-05,30,0.008137499999999999,0.0080145,0.0082395,0.9901075268817205,False,False
gradient-compression,e77ffd0b75f255761df3bc4c0830771bb75243da7d366a0e80be0186efb789d4,2359296,1,32,0.0,0,bits-sq,32,128,7,operator,/home/jirka/research/2024/bits-knn-jpdc2024/data/application-scaling/ampere02-35760925/gradient-compression-middle.csv,1.3563368055555555e-05,30,0.1393815,0.13915349999999999,0.1398595,0.43874187033429835,False,False
gradient-compression,e77ffd0b75f255761df3bc4c0830771bb75243da7d366a0e80be0186efb789d4,2359296,1,32,0.0,0,bits-sq,32,128,7,output_isolated,/home/jirka/research/2024/bits-knn-jpdc2024/data/application-scaling/ampere02-35760925/gradient-compression-middle.csv,1.3563368055555555e-05,30,0.007676499999999999,0.007591,0.00774875,1.000065133850062,False,False
gradient-compression,e77ffd0b75f255761df3bc4c0830771bb75243da7d366a0e80be0186efb789d4,2359296,1,32,0.0,0,bits-sq,32,128,7,selection_isolated,/home/jirka/research/2024/bits-knn-jpdc2024/data/application-scaling/ampere02-35760925/gradient-compression-middle.csv,1.3563368055555555e-05,30,0.1235175,0.123347,0.1237345,0.3655271520229927,False,False
gradient-compression,e77ffd0b75f255761df3bc4c0830771bb75243da7d366a0e80be0186efb789d4,2359296,1,32,0.0,0,bits-sq,32,128,7,transform_isolated,/home/jirka/research/2024/bits-knn-jpdc2024/data/application-scaling/ampere02-35760925/gradient-compression-middle.csv,1.3563368055555555e-05,30,0.014602,0.0145095,0.014681999999999999,1.0116764826736064,False,False
gradient-compression,e77ffd0b75f255761df3bc4c0830771bb75243da7d366a0e80be0186efb789d4,2359296,1,32,0.0,0,bits-sq,32,128,7,upload_shared,/home/jirka/research/2024/bits-knn-jpdc2024/data/application-scaling/ampere02-35760925/gradient-compression-middle.csv,1.3563368055555555e-05,1,0.48127000000000003,0.48127000000000003,0.48127000000000003,1.2613086209404285,False,False
gradient-compression,e77ffd0b75f255761df3bc4c0830771bb75243da7d366a0e80be0186efb789d4,2359296,1,32,0.0,0,bits-sq,32,128,8,download,/home/jirka/research/2024/bits-knn-jpdc2024/data/application-scaling/ampere02-35760925/gradient-compression-middle.csv,1.3563368055555555e-05,30,0.008036999999999999,0.0079095,0.0087255,1.0024884907303722,False,False
gradient-compression,e77ffd0b75f255761df3bc4c0830771bb75243da7d366a0e80be0186efb789d4,2359296,1,32,0.0,0,bits-sq,32,128,8,operator,/home/jirka/research/2024/bits-knn-jpdc2024/data/application-scaling/ampere02-35760925/gradient-compression-middle.csv,1.3563368055555555e-05,30,0.137989,0.13751575,0.13835725,0.4431693830667662,False,False
gradient-compression,e77ffd0b75f255761df3bc4c0830771bb75243da7d366a0e80be0186efb789d4,2359296,1,32,0.0,0,bits-sq,32,128,8,output_isolated,/home/jirka/research/2024/bits-knn-jpdc2024/data/application-scaling/ampere02-35760925/gradient-compression-middle.csv,1.3563368055555555e-05,30,0.007591499999999999,0.00750425,0.00780925,1.011262596324837,False,False
gradient-compression,e77ffd0b75f255761df3bc4c0830771bb75243da7d366a0e80be0186efb789d4,2359296,1,32,0.0,0,bits-sq,32,128,8,selection_isolated,/home/jirka/research/2024/bits-knn-jpdc2024/data/application-scaling/ampere02-35760925/gradient-compression-middle.csv,1.3563368055555555e-05,30,0.12195,0.12184424999999999,0.12223325,0.37022550225502254,False,False
gradient-compression,e77ffd0b75f255761df3bc4c0830771bb75243da7d366a0e80be0186efb789d4,2359296,1,32,0.0,0,bits-sq,32,128,8,transform_isolated,/home/jirka/research/2024/bits-knn-jpdc2024/data/application-scaling/ampere02-35760925/gradient-compression-middle.csv,1.3563368055555555e-05,30,0.014592,0.014452000000000001,0.014708,1.0123697916666667,False,False
gradient-compression,e77ffd0b75f255761df3bc4c0830771bb75243da7d366a0e80be0186efb789d4,2359296,1,32,0.0,0,bits-sq,32,128,8,upload_shared,/home/jirka/research/2024/bits-knn-jpdc2024/data/application-scaling/ampere02-35760925/gradient-compression-middle.csv,1.3563368055555555e-05,1,0.48622699999999996,0.48622699999999996,0.48622699999999996,1.2484497981395524,False,False
gradient-compression,e77ffd0b75f255761df3bc4c0830771bb75243da7d366a0e80be0186efb789d4,2359296,1,32,0.0,0,bits-sq,32,128,13,download,/home/jirka/research/2024/bits-knn-jpdc2024/data/application-scaling/ampere02-35760925/gradient-compression-middle.csv,1.3563368055555555e-05,30,0.008062,0.0079545,0.008380250000000002,0.9993798064996279,False,False
gradient-compression,e77ffd0b75f255761df3bc4c0830771bb75243da7d366a0e80be0186efb789d4,2359296,1,32,0.0,0,bits-sq,32,128,13,operator,/home/jirka/research/2024/bits-knn-jpdc2024/data/application-scaling/ampere02-35760925/gradient-compression-middle.csv,1.3563368055555555e-05,30,0.13547,0.13516925000000002,0.1360085,0.45140990625230676,False,False
gradient-compression,e77ffd0b75f255761df3bc4c0830771bb75243da7d366a0e80be0186efb789d4,2359296,1,32,0.0,0,bits-sq,32,128,13,output_isolated,/home/jirka/research/2024/bits-knn-jpdc2024/data/application-scaling/ampere02-35760925/gradient-compression-middle.csv,1.3563368055555555e-05,30,0.007636,0.0074842500000000005,0.007769499999999999,1.0053693033001572,False,False
gradient-compression,e77ffd0b75f255761df3bc4c0830771bb75243da7d366a0e80be0186efb789d4,2359296,1,32,0.0,0,bits-sq,32,128,13,selection_isolated,/home/jirka/research/2024/bits-knn-jpdc2024/data/application-scaling/ampere02-35760925/gradient-compression-middle.csv,1.3563368055555555e-05,30,0.119471,0.1193635,0.11973450000000001,0.3779076093780081,False,False
gradient-compression,e77ffd0b75f255761df3bc4c0830771bb75243da7d366a0e80be0186efb789d4,2359296,1,32,0.0,0,bits-sq,32,128,13,transform_isolated,/home/jirka/research/2024/bits-knn-jpdc2024/data/application-scaling/ampere02-35760925/gradient-compression-middle.csv,1.3563368055555555e-05,30,0.014612,0.014527249999999998,0.014679499999999998,1.010984122638927,False,False
gradient-compression,e77ffd0b75f255761df3bc4c0830771bb75243da7d366a0e80be0186efb789d4,2359296,1,32,0.0,0,bits-sq,32,128,13,upload_shared,/home/jirka/research/2024/bits-knn-jpdc2024/data/application-scaling/ampere02-35760925/gradient-compression-middle.csv,1.3563368055555555e-05,1,0.478655,0.478655,0.478655,1.2681994338302118,False,False
gradient-compression,e77ffd0b75f255761df3bc4c0830771bb75243da7d366a0e80be0186efb789d4,2359296,1,32,0.0,0,bits-sq,32,128,16,download,/home/jirka/research/2024/bits-knn-jpdc2024/data/application-scaling/ampere02-35760925/gradient-compression-middle.csv,1.3563368055555555e-05,30,0.008162,0.008032000000000001,0.00835725,0.9871355060034305,False,False
gradient-compression,e77ffd0b75f255761df3bc4c0830771bb75243da7d366a0e80be0186efb789d4,2359296,1,32,0.0,0,bits-sq,32,128,16,operator,/home/jirka/research/2024/bits-knn-jpdc2024/data/application-scaling/ampere02-35760925/gradient-compression-middle.csv,1.3563368055555555e-05,30,0.135395,0.13521175,0.13576775000000002,0.4516599579009565,False,False
gradient-compression,e77ffd0b75f255761df3bc4c0830771bb75243da7d366a0e80be0186efb789d4,2359296,1,32,0.0,0,bits-sq,32,128,16,output_isolated,/home/jirka/research/2024/bits-knn-jpdc2024/data/application-scaling/ampere02-35760925/gradient-compression-middle.csv,1.3563368055555555e-05,30,0.007641500000000001,0.0075084999999999995,0.007781999999999999,1.0046456847477587,False,False
gradient-compression,e77ffd0b75f255761df3bc4c0830771bb75243da7d366a0e80be0186efb789d4,2359296,1,32,0.0,0,bits-sq,32,128,16,selection_isolated,/home/jirka/research/2024/bits-knn-jpdc2024/data/application-scaling/ampere02-35760925/gradient-compression-middle.csv,1.3563368055555555e-05,30,0.11934049999999999,0.11923524999999999,0.11948624999999999,0.3783208550324492,False,False
gradient-compression,e77ffd0b75f255761df3bc4c0830771bb75243da7d366a0e80be0186efb789d4,2359296,1,32,0.0,0,bits-sq,32,128,16,transform_isolated,/home/jirka/research/2024/bits-knn-jpdc2024/data/application-scaling/ampere02-35760925/gradient-compression-middle.csv,1.3563368055555555e-05,30,0.014537000000000001,0.014454499999999999,0.014692,1.0162000412739904,False,False
gradient-compression,e77ffd0b75f255761df3bc4c0830771bb75243da7d366a0e80be0186efb789d4,2359296,1,32,0.0,0,bits-sq,32,128,16,upload_shared,/home/jirka/research/2024/bits-knn-jpdc2024/data/application-scaling/ampere02-35760925/gradient-compression-middle.csv,1.3563368055555555e-05,1,0.483913,0.483913,0.483913,1.2544196994087782,False,False
gradient-compression,e77ffd0b75f255761df3bc4c0830771bb75243da7d366a0e80be0186efb789d4,2359296,1,32,0.0,0,bits-sq,32,256,4,download,/home/jirka/research/2024/bits-knn-jpdc2024/data/application-scaling/ampere02-35760925/gradient-compression-middle.csv,1.3563368055555555e-05,30,0.008032000000000001,0.007972,0.00813725,1.0031125498007967,False,False
gradient-compression,e77ffd0b75f255761df3bc4c0830771bb75243da7d366a0e80be0186efb789d4,2359296,1,32,0.0,0,bits-sq,32,256,4,operator,/home/jirka/research/2024/bits-knn-jpdc2024/data/application-scaling/ampere02-35760925/gradient-compression-middle.csv,1.3563368055555555e-05,30,0.1078635,0.10760049999999999,0.10833725000000001,0.5669434053224677,False,False
gradient-compression,e77ffd0b75f255761df3bc4c0830771bb75243da7d366a0e80be0186efb789d4,2359296,1,32,0.0,0,bits-sq,32,256,4,output_isolated,/home/jirka/research/2024/bits-knn-jpdc2024/data/application-scaling/ampere02-35760925/gradient-compression-middle.csv,1.3563368055555555e-05,30,0.007575999999999999,0.00752125,0.007658750000000001,1.0133315733896515,False,False
gradient-compression,e77ffd0b75f255761df3bc4c0830771bb75243da7d366a0e80be0186efb789d4,2359296,1,32,0.0,0,bits-sq,32,256,4,selection_isolated,/home/jirka/research/2024/bits-knn-jpdc2024/data/application-scaling/ampere02-35760925/gradient-compression-middle.csv,1.3563368055555555e-05,30,0.09194949999999999,0.09180150000000001,0.09215499999999999,0.4910195270229855,False,False
gradient-compression,e77ffd0b75f255761df3bc4c0830771bb75243da7d366a0e80be0186efb789d4,2359296,1,32,0.0,0,bits-sq,32,256,4,transform_isolated,/home/jirka/research/2024/bits-knn-jpdc2024/data/application-scaling/ampere02-35760925/gradient-compression-middle.csv,1.3563368055555555e-05,30,0.014627000000000001,0.0145145,0.014702,1.0099473576263076,False,False
gradient-compression,e77ffd0b75f255761df3bc4c0830771bb75243da7d366a0e80be0186efb789d4,2359296,1,32,0.0,0,bits-sq,32,256,4,upload_shared,/home/jirka/research/2024/bits-knn-jpdc2024/data/application-scaling/ampere02-35760925/gradient-compression-middle.csv,1.3563368055555555e-05,1,0.48893099999999995,0.48893099999999995,0.48893099999999995,1.2415453305272117,False,False
gradient-compression,e77ffd0b75f255761df3bc4c0830771bb75243da7d366a0e80be0186efb789d4,2359296,1,32,0.0,0,bits-sq,32,256,7,download,/home/jirka/research/2024/bits-knn-jpdc2024/data/application-scaling/ampere02-35760925/gradient-compression-middle.csv,1.3563368055555555e-05,30,0.008102,0.007942,0.008418,0.9944458158479388,False,False
gradient-compression,e77ffd0b75f255761df3bc4c0830771bb75243da7d366a0e80be0186efb789d4,2359296,1,32,0.0,0,bits-sq,32,256,7,operator,/home/jirka/research/2024/bits-knn-jpdc2024/data/application-scaling/ampere02-35760925/gradient-compression-middle.csv,1.3563368055555555e-05,30,0.09787799999999999,0.09762299999999999,0.09827725,0.6247828929892315,False,False
gradient-compression,e77ffd0b75f255761df3bc4c0830771bb75243da7d366a0e80be0186efb789d4,2359296,1,32,0.0,0,bits-sq,32,256,7,output_isolated,/home/jirka/research/2024/bits-knn-jpdc2024/data/application-scaling/ampere02-35760925/gradient-compression-middle.csv,1.3563368055555555e-05,30,0.0076170000000000005,0.007497,0.0077485,1.007877116975187,False,False
gradient-compression,e77ffd0b75f255761df3bc4c0830771bb75243da7d366a0e80be0186efb789d4,2359296,1,32,0.0,0,bits-sq,32,256,7,selection_isolated,/home/jirka/research/2024/bits-knn-jpdc2024/data/application-scaling/ampere02-35760925/gradient-compression-middle.csv,1.3563368055555555e-05,30,0.0821445,0.0817715,0.08265325,0.5496290074198517,False,False
gradient-compression,e77ffd0b75f255761df3bc4c0830771bb75243da7d366a0e80be0186efb789d4,2359296,1,32,0.0,0,bits-sq,32,256,7,transform_isolated,/home/jirka/research/2024/bits-knn-jpdc2024/data/application-scaling/ampere02-35760925/gradient-compression-middle.csv,1.3563368055555555e-05,30,0.014582000000000001,0.014452,0.01475475,1.0130640515704292,False,False
gradient-compression,e77ffd0b75f255761df3bc4c0830771bb75243da7d366a0e80be0186efb789d4,2359296,1,32,0.0,0,bits-sq,32,256,7,upload_shared,/home/jirka/research/2024/bits-knn-jpdc2024/data/application-scaling/ampere02-35760925/gradient-compression-middle.csv,1.3563368055555555e-05,1,0.470422,0.470422,0.470422,1.2903945818860514,False,False
gradient-compression,e77ffd0b75f255761df3bc4c0830771bb75243da7d366a0e80be0186efb789d4,2359296,1,32,0.0,0,bits-sq,32,256,8,download,/home/jirka/research/2024/bits-knn-jpdc2024/data/application-scaling/ampere02-35760925/gradient-compression-middle.csv,1.3563368055555555e-05,30,0.007951999999999999,0.0078845,0.008120249999999999,1.0132042253521127,False,False
gradient-compression,e77ffd0b75f255761df3bc4c0830771bb75243da7d366a0e80be0186efb789d4,2359296,1,32,0.0,0,bits-sq,32,256,8,operator,/home/jirka/research/2024/bits-knn-jpdc2024/data/application-scaling/ampere02-35760925/gradient-compression-middle.csv,1.3563368055555555e-05,30,0.095915,0.0957125,0.096256,0.6375697231924099,False,False
gradient-compression,e77ffd0b75f255761df3bc4c0830771bb75243da7d366a0e80be0186efb789d4,2359296,1,32,0.0,0,bits-sq,32,256,8,output_isolated,/home/jirka/research/2024/bits-knn-jpdc2024/data/application-scaling/ampere02-35760925/gradient-compression-middle.csv,1.3563368055555555e-05,30,0.0076715,0.007575999999999999,0.007807000000000001,1.0007169393208628,False,False
gradient-compression,e77ffd0b75f255761df3bc4c0830771bb75243da7d366a0e80be0186efb789d4,2359296,1,32,0.0,0,bits-sq,32,256,8,selection_isolated,/home/jirka/research/2024/bits-knn-jpdc2024/data/application-scaling/ampere02-35760925/gradient-compression-middle.csv,1.3563368055555555e-05,30,0.07988100000000001,0.0797785,0.080041,0.565203239819231,False,False
gradient-compression,e77ffd0b75f255761df3bc4c0830771bb75243da7d366a0e80be0186efb789d4,2359296,1,32,0.0,0,bits-sq,32,256,8,transform_isolated,/home/jirka/research/2024/bits-knn-jpdc2024/data/application-scaling/ampere02-35760925/gradient-compression-middle.csv,1.3563368055555555e-05,30,0.014642,0.01455025,0.014742,1.0089127168419616,False,False
gradient-compression,e77ffd0b75f255761df3bc4c0830771bb75243da7d366a0e80be0186efb789d4,2359296,1,32,0.0,0,bits-sq,32,256,8,upload_shared,/home/jirka/research/2024/bits-knn-jpdc2024/data/application-scaling/ampere02-35760925/gradient-compression-middle.csv,1.3563368055555555e-05,1,0.48856099999999997,0.48856099999999997,0.48856099999999997,1.242485585218632,False,False
gradient-compression,e77ffd0b75f255761df3bc4c0830771bb75243da7d366a0e80be0186efb789d4,2359296,1,32,0.0,0,bits-sq,32,256,13,download,/home/jirka/research/2024/bits-knn-jpdc2024/data/application-scaling/ampere02-35760925/gradient-compression-middle.csv,1.3563368055555555e-05,30,0.007942,0.0078845,0.008009500000000001,1.0144799798539412,False,False
gradient-compression,e77ffd0b75f255761df3bc4c0830771bb75243da7d366a0e80be0186efb789d4,2359296,1,32,0.0,0,bits-sq,32,256,13,operator,/home/jirka/research/2024/bits-knn-jpdc2024/data/application-scaling/ampere02-35760925/gradient-compression-middle.csv,1.3563368055555555e-05,30,0.096076,0.0959285,0.0963435,0.6365013114617595,False,False
gradient-compression,e77ffd0b75f255761df3bc4c0830771bb75243da7d366a0e80be0186efb789d4,2359296,1,32,0.0,0,bits-sq,32,256,13,output_isolated,/home/jirka/research/2024/bits-knn-jpdc2024/data/application-scaling/ampere02-35760925/gradient-compression-middle.csv,1.3563368055555555e-05,30,0.007562,0.007491,0.0076195,1.015207617032531,False,False
gradient-compression,e77ffd0b75f255761df3bc4c0830771bb75243da7d366a0e80be0186efb789d4,2359296,1,32,0.0,0,bits-sq,32,256,13,selection_isolated,/home/jirka/research/2024/bits-knn-jpdc2024/data/application-scaling/ampere02-35760925/gradient-compression-middle.csv,1.3563368055555555e-05,30,0.080216,0.0800845,0.08032924999999999,0.5628428243741898,False,False
gradient-compression,e77ffd0b75f255761df3bc4c0830771bb75243da7d366a0e80be0186efb789d4,2359296,1,32,0.0,0,bits-sq,32,256,13,transform_isolated,/home/jirka/research/2024/bits-knn-jpdc2024/data/application-scaling/ampere02-35760925/gradient-compression-middle.csv,1.3563368055555555e-05,30,0.014607,0.014562,0.014702,1.0113301841582802,False,False
gradient-compression,e77ffd0b75f255761df3bc4c0830771bb75243da7d366a0e80be0186efb789d4,2359296,1,32,0.0,0,bits-sq,32,256,13,upload_shared,/home/jirka/research/2024/bits-knn-jpdc2024/data/application-scaling/ampere02-35760925/gradient-compression-middle.csv,1.3563368055555555e-05,1,0.483202,0.483202,0.483202,1.2562654955898362,False,False
gradient-compression,e77ffd0b75f255761df3bc4c0830771bb75243da7d366a0e80be0186efb789d4,2359296,1,32,0.0,0,bits-sq,32,256,16,download,/home/jirka/research/2024/bits-knn-jpdc2024/data/application-scaling/ampere02-35760925/gradient-compression-middle.csv,1.3563368055555555e-05,30,0.007982,0.007894499999999999,0.008087,1.0093961413179655,False,False
gradient-compression,e77ffd0b75f255761df3bc4c0830771bb75243da7d366a0e80be0186efb789d4,2359296,1,32,0.0,0,bits-sq,32,256,16,operator,/home/jirka/research/2024/bits-knn-jpdc2024/data/application-scaling/ampere02-35760925/gradient-compression-middle.csv,1.3563368055555555e-05,30,0.096787,0.09647875,0.097087,0.6318255550848771,False,False
gradient-compression,e77ffd0b75f255761df3bc4c0830771bb75243da7d366a0e80be0186efb789d4,2359296,1,32,0.0,0,bits-sq,32,256,16,output_isolated,/home/jirka/research/2024/bits-knn-jpdc2024/data/application-scaling/ampere02-35760925/gradient-compression-middle.csv,1.3563368055555555e-05,30,0.007561,0.00748675,0.0076170000000000005,1.015341885993916,False,False
gradient-compression,e77ffd0b75f255761df3bc4c0830771bb75243da7d366a0e80be0186efb789d4,2359296,1,32,0.0,0,bits-sq,32,256,16,selection_isolated,/home/jirka/research/2024/bits-knn-jpdc2024/data/application-scaling/ampere02-35760925/gradient-compression-middle.csv,1.3563368055555555e-05,30,0.0806225,0.08056200000000001,0.08070975,0.5600049613941518,False,False
gradient-compression,e77ffd0b75f255761df3bc4c0830771bb75243da7d366a0e80be0186efb789d4,2359296,1,32,0.0,0,bits-sq,32,256,16,transform_isolated,/home/jirka/research/2024/bits-knn-jpdc2024/data/application-scaling/ampere02-35760925/gradient-compression-middle.csv,1.3563368055555555e-05,30,0.014652499999999999,0.014612,0.01479275,1.0081897287152364,False,False
gradient-compression,e77ffd0b75f255761df3bc4c0830771bb75243da7d366a0e80be0186efb789d4,2359296,1,32,0.0,0,bits-sq,32,256,16,upload_shared,/home/jirka/research/2024/bits-knn-jpdc2024/data/application-scaling/ampere02-35760925/gradient-compression-middle.csv,1.3563368055555555e-05,1,0.48819999999999997,0.48819999999999997,0.48819999999999997,1.2434043424825894,False,False
gradient-compression,e77ffd0b75f255761df3bc4c0830771bb75243da7d366a0e80be0186efb789d4,2359296,1,32,0.0,0,bits-sq,32,512,4,download,/home/jirka/research/2024/bits-knn-jpdc2024/data/application-scaling/ampere02-35760925/gradient-compression-middle.csv,1.3563368055555555e-05,30,0.008007,0.007982000000000001,0.008042,1.0062445360309729,False,True
gradient-compression,e77ffd0b75f255761df3bc4c0830771bb75243da7d366a0e80be0186efb789d4,2359296,1,32,0.0,0,bits-sq,32,512,4,operator,/home/jirka/research/2024/bits-knn-jpdc2024/data/application-scaling/ampere02-35760925/gradient-compression-middle.csv,1.3563368055555555e-05,30,0.0902015,0.09007849999999999,0.09046775,0.6779543577434964,False,True
gradient-compression,e77ffd0b75f255761df3bc4c0830771bb75243da7d366a0e80be0186efb789d4,2359296,1,32,0.0,0,bits-sq,32,512,4,output_isolated,/home/jirka/research/2024/bits-knn-jpdc2024/data/application-scaling/ampere02-35760925/gradient-compression-middle.csv,1.3563368055555555e-05,30,0.007697000000000001,0.00761625,0.00782175,0.9974015850331297,False,True
gradient-compression,e77ffd0b75f255761df3bc4c0830771bb75243da7d366a0e80be0186efb789d4,2359296,1,32,0.0,0,bits-sq,32,512,4,selection_isolated,/home/jirka/research/2024/bits-knn-jpdc2024/data/application-scaling/ampere02-35760925/gradient-compression-middle.csv,1.3563368055555555e-05,30,0.0743225,0.074157,0.07451125,0.6074741834572304,False,True
gradient-compression,e77ffd0b75f255761df3bc4c0830771bb75243da7d366a0e80be0186efb789d4,2359296,1,32,0.0,0,bits-sq,32,512,4,transform_isolated,/home/jirka/research/2024/bits-knn-jpdc2024/data/application-scaling/ampere02-35760925/gradient-compression-middle.csv,1.3563368055555555e-05,30,0.014681999999999999,0.0145845,0.01473975,1.006164010352813,False,True
gradient-compression,e77ffd0b75f255761df3bc4c0830771bb75243da7d366a0e80be0186efb789d4,2359296,1,32,0.0,0,bits-sq,32,512,4,upload_shared,/home/jirka/research/2024/bits-knn-jpdc2024/data/application-scaling/ampere02-35760925/gradient-compression-middle.csv,1.3563368055555555e-05,1,0.487198,0.487198,0.487198,1.2459616008275898,False,True
gradient-compression,e77ffd0b75f255761df3bc4c0830771bb75243da7d366a0e80be0186efb789d4,2359296,1,32,0.0,0,bits-sq,32,512,7,download,/home/jirka/research/2024/bits-knn-jpdc2024/data/application-scaling/ampere02-35760925/gradient-compression-middle.csv,1.3563368055555555e-05,30,0.008073,0.00798225,0.008222750000000001,0.9980180849746066,False,False
gradient-compression,e77ffd0b75f255761df3bc4c0830771bb75243da7d366a0e80be0186efb789d4,2359296,1,32,0.0,0,bits-sq,32,512,7,operator,/home/jirka/research/2024/bits-knn-jpdc2024/data/application-scaling/ampere02-35760925/gradient-compression-middle.csv,1.3563368055555555e-05,30,0.08916,0.0888565,0.08945025,0.685873710183939,False,False
gradient-compression,e77ffd0b75f255761df3bc4c0830771bb75243da7d366a0e80be0186efb789d4,2359296,1,32,0.0,0,bits-sq,32,512,7,output_isolated,/home/jirka/research/2024/bits-knn-jpdc2024/data/application-scaling/ampere02-35760925/gradient-compression-middle.csv,1.3563368055555555e-05,30,0.007596,0.007502,0.0077295,1.0106635071090047,False,False
gradient-compression,e77ffd0b75f255761df3bc4c0830771bb75243da7d366a0e80be0186efb789d4,2359296,1,32,0.0,0,bits-sq,32,512,7,selection_isolated,/home/jirka/research/2024/bits-knn-jpdc2024/data/application-scaling/ampere02-35760925/gradient-compression-middle.csv,1.3563368055555555e-05,30,0.073095,0.07296525000000001,0.0732385,0.6176756276079076,False,False
gradient-compression,e77ffd0b75f255761df3bc4c0830771bb75243da7d366a0e80be0186efb789d4,2359296,1,32,0.0,0,bits-sq,32,512,7,transform_isolated,/home/jirka/research/2024/bits-knn-jpdc2024/data/application-scaling/ampere02-35760925/gradient-compression-middle.csv,1.3563368055555555e-05,30,0.014597,0.014504499999999998,0.014681999999999999,1.0120230184284442,False,False
gradient-compression,e77ffd0b75f255761df3bc4c0830771bb75243da7d366a0e80be0186efb789d4,2359296,1,32,0.0,0,bits-sq,32,512,7,upload_shared,/home/jirka/research/2024/bits-knn-jpdc2024/data/application-scaling/ampere02-35760925/gradient-compression-middle.csv,1.3563368055555555e-05,1,0.477914,0.477914,0.477914,1.2701657620408695,False,False
gradient-compression,e77ffd0b75f255761df3bc4c0830771bb75243da7d366a0e80be0186efb789d4,2359296,1,32,0.0,0,bits-sq,32,512,8,download,/home/jirka/research/2024/bits-knn-jpdc2024/data/application-scaling/ampere02-35760925/gradient-compression-middle.csv,1.3563368055555555e-05,30,0.0079575,0.0078745,0.0081195,1.0125039271127867,False,False
gradient-compression,e77ffd0b75f255761df3bc4c0830771bb75243da7d366a0e80be0186efb789d4,2359296,1,32,0.0,0,bits-sq,32,512,8,operator,/home/jirka/research/2024/bits-knn-jpdc2024/data/application-scaling/ampere02-35760925/gradient-compression-middle.csv,1.3563368055555555e-05,30,0.086246,0.08605275,0.08664925,0.7090473761101964,False,False
gradient-compression,e77ffd0b75f255761df3bc4c0830771bb75243da7d366a0e80be0186efb789d4,2359296,1,32,0.0,0,bits-sq,32,512,8,output_isolated,/home/jirka/research/2024/bits-knn-jpdc2024/data/application-scaling/ampere02-35760925/gradient-compression-middle.csv,1.3563368055555555e-05,30,0.0076265000000000005,0.0075385,0.0077020000000000005,1.006621648200354,False,False
gradient-compression,e77ffd0b75f255761df3bc4c0830771bb75243da7d366a0e80be0186efb789d4,2359296,1,32,0.0,0,bits-sq,32,512,8,selection_isolated,/home/jirka/research/2024/bits-knn-jpdc2024/data/application-scaling/ampere02-35760925/gradient-compression-middle.csv,1.3563368055555555e-05,30,0.07020100000000001,0.07004925,0.07032375,0.643138986624122,False,False
gradient-compression,e77ffd0b75f255761df3bc4c0830771bb75243da7d366a0e80be0186efb789d4,2359296,1,32,0.0,0,bits-sq,32,512,8,transform_isolated,/home/jirka/research/2024/bits-knn-jpdc2024/data/application-scaling/ampere02-35760925/gradient-compression-middle.csv,1.3563368055555555e-05,30,0.0147325,0.014664749999999999,0.014930499999999998,1.0027150856948923,False,False
gradient-compression,e77ffd0b75f255761df3bc4c0830771bb75243da7d366a0e80be0186efb789d4,2359296,1,32,0.0,0,bits-sq,32,512,8,upload_shared,/home/jirka/research/2024/bits-knn-jpdc2024/data/application-scaling/ampere02-35760925/gradient-compression-middle.csv,1.3563368055555555e-05,1,0.472246,0.472246,0.472246,1.2854105699148326,False,False
gradient-compression,e77ffd0b75f255761df3bc4c0830771bb75243da7d366a0e80be0186efb789d4,2359296,1,32,0.0,0,bits-sq,32,512,13,download,/home/jirka/research/2024/bits-knn-jpdc2024/data/application-scaling/ampere02-35760925/gradient-compression-middle.csv,1.3563368055555555e-05,30,0.008002,0.007924500000000001,0.00808475,1.00687328167958,False,False
gradient-compression,e77ffd0b75f255761df3bc4c0830771bb75243da7d366a0e80be0186efb789d4,2359296,1,32,0.0,0,bits-sq,32,512,13,operator,/home/jirka/research/2024/bits-knn-jpdc2024/data/application-scaling/ampere02-35760925/gradient-compression-middle.csv,1.3563368055555555e-05,30,0.0874875,0.0871495,0.087938,0.6989855693670525,False,False
gradient-compression,e77ffd0b75f255761df3bc4c0830771bb75243da7d366a0e80be0186efb789d4,2359296,1,32,0.0,0,bits-sq,32,512,13,output_isolated,/home/jirka/research/2024/bits-knn-jpdc2024/data/application-scaling/ampere02-35760925/gradient-compression-middle.csv,1.3563368055555555e-05,30,0.0075365,0.0074545,0.007656,1.0186426059842102,False,False
gradient-compression,e77ffd0b75f255761df3bc4c0830771bb75243da7d366a0e80be0186efb789d4,2359296,1,32,0.0,0,bits-sq,32,512,13,selection_isolated,/home/jirka/research/2024/bits-knn-jpdc2024/data/application-scaling/ampere02-35760925/gradient-compression-middle.csv,1.3563368055555555e-05,30,0.071338,0.07119800000000001,0.07159825,0.6328885026213239,False,False
gradient-compression,e77ffd0b75f255761df3bc4c0830771bb75243da7d366a0e80be0186efb789d4,2359296,1,32,0.0,0,bits-sq,32,512,13,transform_isolated,/home/jirka/research/2024/bits-knn-jpdc2024/data/application-scaling/ampere02-35760925/gradient-compression-middle.csv,1.3563368055555555e-05,30,0.014612,0.0145245,0.014662,1.010984122638927,False,False
gradient-compression,e77ffd0b75f255761df3bc4c0830771bb75243da7d366a0e80be0186efb789d4,2359296,1,32,0.0,0,bits-sq,32,512,13,upload_shared,/home/jirka/research/2024/bits-knn-jpdc2024/data/application-scaling/ampere02-35760925/gradient-compression-middle.csv,1.3563368055555555e-05,1,0.489892,0.489892,0.489892,1.239109844618814,False,False
gradient-compression,e77ffd0b75f255761df3bc4c0830771bb75243da7d366a0e80be0186efb789d4,2359296,1,32,0.0,0,bits-sq,32,512,16,download,/home/jirka/research/2024/bits-knn-jpdc2024/data/application-scaling/ampere02-35760925/gradient-compression-middle.csv,1.3563368055555555e-05,30,0.008007,0.007877,0.008142,1.0062445360309729,False,False
gradient-compression,e77ffd0b75f255761df3bc4c0830771bb75243da7d366a0e80be0186efb789d4,2359296,1,32,0.0,0,bits-sq,32,512,16,operator,/home/jirka/research/2024/bits-knn-jpdc2024/data/application-scaling/ampere02-35760925/gradient-compression-middle.csv,1.3563368055555555e-05,30,0.0879585,0.08777800000000001,0.088219,0.6952426428372471,False,False
gradient-compression,e77ffd0b75f255761df3bc4c0830771bb75243da7d366a0e80be0186efb789d4,2359296,1,32,0.0,0,bits-sq,32,512,16,output_isolated,/home/jirka/research/2024/bits-knn-jpdc2024/data/application-scaling/ampere02-35760925/gradient-compression-middle.csv,1.3563368055555555e-05,30,0.0076370000000000006,0.00749425,0.007686999999999999,1.0052376587665313,False,False
gradient-compression,e77ffd0b75f255761df3bc4c0830771bb75243da7d366a0e80be0186efb789d4,2359296,1,32,0.0,0,bits-sq,32,512,16,selection_isolated,/home/jirka/research/2024/bits-knn-jpdc2024/data/application-scaling/ampere02-35760925/gradient-compression-middle.csv,1.3563368055555555e-05,30,0.072139,0.072019,0.07229000000000001,0.6258611846573976,False,False
gradient-compression,e77ffd0b75f255761df3bc4c0830771bb75243da7d366a0e80be0186efb789d4,2359296,1,32,0.0,0,bits-sq,32,512,16,transform_isolated,/home/jirka/research/2024/bits-knn-jpdc2024/data/application-scaling/ampere02-35760925/gradient-compression-middle.csv,1.3563368055555555e-05,30,0.014597,0.014516999999999999,0.014739750000000001,1.0120230184284442,False,False
gradient-compression,e77ffd0b75f255761df3bc4c0830771bb75243da7d366a0e80be0186efb789d4,2359296,1,32,0.0,0,bits-sq,32,512,16,upload_shared,/home/jirka/research/2024/bits-knn-jpdc2024/data/application-scaling/ampere02-35760925/gradient-compression-middle.csv,1.3563368055555555e-05,1,0.476371,0.476371,0.476371,1.2742799204821453,False,False
gradient-compression,e77ffd0b75f255761df3bc4c0830771bb75243da7d366a0e80be0186efb789d4,2359296,1,32,0.0,0,bits-sq,128,128,4,download,/home/jirka/research/2024/bits-knn-jpdc2024/data/application-scaling/ampere02-35760925/gradient-compression-middle.csv,1.3563368055555555e-05,30,0.007967499999999999,0.007894499999999999,0.008047,1.0112331346093506,False,False
gradient-compression,e77ffd0b75f255761df3bc4c0830771bb75243da7d366a0e80be0186efb789d4,2359296,1,32,0.0,0,bits-sq,128,128,4,operator,/home/jirka/research/2024/bits-knn-jpdc2024/data/application-scaling/ampere02-35760925/gradient-compression-middle.csv,1.3563368055555555e-05,30,0.093552,0.0933745,0.093802,0.6536738925944929,False,False
gradient-compression,e77ffd0b75f255761df3bc4c0830771bb75243da7d366a0e80be0186efb789d4,2359296,1,32,0.0,0,bits-sq,128,128,4,output_isolated,/home/jirka/research/2024/bits-knn-jpdc2024/data/application-scaling/ampere02-35760925/gradient-compression-middle.csv,1.3563368055555555e-05,30,0.007571,0.0074919999999999995,0.007649500000000001,1.0140007924976886,False,False
gradient-compression,e77ffd0b75f255761df3bc4c0830771bb75243da7d366a0e80be0186efb789d4,2359296,1,32,0.0,0,bits-sq,128,128,4,selection_isolated,/home/jirka/research/2024/bits-knn-jpdc2024/data/application-scaling/ampere02-35760925/gradient-compression-middle.csv,1.3563368055555555e-05,30,0.0779135,0.07782475,0.07805875,0.5794759573116341,False,False
gradient-compression,e77ffd0b75f255761df3bc4c0830771bb75243da7d366a0e80be0186efb789d4,2359296,1,32,0.0,0,bits-sq,128,128,4,transform_isolated,/home/jirka/research/2024/bits-knn-jpdc2024/data/application-scaling/ampere02-35760925/gradient-compression-middle.csv,1.3563368055555555e-05,30,0.014532000000000002,0.0144245,0.014651999999999998,1.0165496834571979,False,False
gradient-compression,e77ffd0b75f255761df3bc4c0830771bb75243da7d366a0e80be0186efb789d4,2359296,1,32,0.0,0,bits-sq,128,128,4,upload_shared,/home/jirka/research/2024/bits-knn-jpdc2024/data/application-scaling/ampere02-35760925/gradient-compression-middle.csv,1.3563368055555555e-05,1,0.467619,0.467619,0.467619,1.2981294600946498,False,False
gradient-compression,e77ffd0b75f255761df3bc4c0830771bb75243da7d366a0e80be0186efb789d4,2359296,1,32,0.0,0,bits-sq,128,128,7,download,/home/jirka/research/2024/bits-knn-jpdc2024/data/application-scaling/ampere02-35760925/gradient-compression-middle.csv,1.3563368055555555e-05,30,0.0080475,0.0079695,0.00819025,1.0011804908356632,False,False
gradient-compression,e77ffd0b75f255761df3bc4c0830771bb75243da7d366a0e80be0186efb789d4,2359296,1,32,0.0,0,bits-sq,128,128,7,operator,/home/jirka/research/2024/bits-knn-jpdc2024/data/application-scaling/ampere02-35760925/gradient-compression-middle.csv,1.3563368055555555e-05,30,0.0879435,0.08774475000000001,0.088299,0.6953612262418485,False,False
gradient-compression,e77ffd0b75f255761df3bc4c0830771bb75243da7d366a0e80be0186efb789d4,2359296,1,32,0.0,0,bits-sq,128,128,7,output_isolated,/home/jirka/research/2024/bits-knn-jpdc2024/data/application-scaling/ampere02-35760925/gradient-compression-middle.csv,1.3563368055555555e-05,30,0.007571,0.00752425,0.0076760000000000005,1.0140007924976886,False,False
gradient-compression,e77ffd0b75f255761df3bc4c0830771bb75243da7d366a0e80be0186efb789d4,2359296,1,32,0.0,0,bits-sq,128,128,7,selection_isolated,/home/jirka/research/2024/bits-knn-jpdc2024/data/application-scaling/ampere02-35760925/gradient-compression-middle.csv,1.3563368055555555e-05,30,0.07199449999999999,0.0719315,0.072144,0.6271173492419561,False,False
gradient-compression,e77ffd0b75f255761df3bc4c0830771bb75243da7d366a0e80be0186efb789d4,2359296,1,32,0.0,0,bits-sq,128,128,7,transform_isolated,/home/jirka/research/2024/bits-knn-jpdc2024/data/application-scaling/ampere02-35760925/gradient-compression-middle.csv,1.3563368055555555e-05,30,0.014602500000000001,0.014549500000000002,0.014719500000000002,1.0116418421503168,False,False
gradient-compression,e77ffd0b75f255761df3bc4c0830771bb75243da7d366a0e80be0186efb789d4,2359296,1,32,0.0,0,bits-sq,128,128,7,upload_shared,/home/jirka/research/2024/bits-knn-jpdc2024/data/application-scaling/ampere02-35760925/gradient-compression-middle.csv,1.3563368055555555e-05,1,0.474629,0.474629,0.474629,1.278956827332506,False,False
gradient-compression,e77ffd0b75f255761df3bc4c0830771bb75243da7d366a0e80be0186efb789d4,2359296,1,32,0.0,0,bits-sq,128,128,8,download,/home/jirka/research/2024/bits-knn-jpdc2024/data/application-scaling/ampere02-35760925/gradient-compression-middle.csv,1.3563368055555555e-05,30,0.008028,0.007934499999999999,0.00827975,1.0036123567513702,False,False
gradient-compression,e77ffd0b75f255761df3bc4c0830771bb75243da7d366a0e80be0186efb789d4,2359296,1,32,0.0,0,bits-sq,128,128,8,operator,/home/jirka/research/2024/bits-knn-jpdc2024/data/application-scaling/ampere02-35760925/gradient-compression-middle.csv,1.3563368055555555e-05,30,0.0915385,0.09128375,0.0917665,0.6680522403141848,False,False
gradient-compression,e77ffd0b75f255761df3bc4c0830771bb75243da7d366a0e80be0186efb789d4,2359296,1,32,0.0,0,bits-sq,128,128,8,output_isolated,/home/jirka/research/2024/bits-knn-jpdc2024/data/application-scaling/ampere02-35760925/gradient-compression-middle.csv,1.3563368055555555e-05,30,0.007641500000000001,0.0075145,0.00782125,1.0046456847477587,False,False
gradient-compression,e77ffd0b75f255761df3bc4c0830771bb75243da7d366a0e80be0186efb789d4,2359296,1,32,0.0,0,bits-sq,128,128,8,selection_isolated,/home/jirka/research/2024/bits-knn-jpdc2024/data/application-scaling/ampere02-35760925/gradient-compression-middle.csv,1.3563368055555555e-05,30,0.0757895,0.0756,0.0760275,0.5957157653764704,False,False
gradient-compression,e77ffd0b75f255761df3bc4c0830771bb75243da7d366a0e80be0186efb789d4,2359296,1,32,0.0,0,bits-sq,128,128,8,transform_isolated,/home/jirka/research/2024/bits-knn-jpdc2024/data/application-scaling/ampere02-35760925/gradient-compression-middle.csv,1.3563368055555555e-05,30,0.014602,0.014504499999999998,0.014691999999999998,1.0116764826736064,False,False
gradient-compression,e77ffd0b75f255761df3bc4c0830771bb75243da7d366a0e80be0186efb789d4,2359296,1,32,0.0,0,bits-sq,128,128,8,upload_shared,/home/jirka/research/2024/bits-knn-jpdc2024/data/application-scaling/ampere02-35760925/gradient-compression-middle.csv,1.3563368055555555e-05,1,0.487609,0.487609,0.487609,1.2449113941703291,False,False
gradient-compression,e77ffd0b75f255761df3bc4c0830771bb75243da7d366a0e80be0186efb789d4,2359296,1,32,0.0,0,bits-sq,128,128,13,download,/home/jirka/research/2024/bits-knn-jpdc2024/data/application-scaling/ampere02-35760925/gradient-compression-middle.csv,1.3563368055555555e-05,30,0.0080025,0.00788775,0.008171999999999999,1.0068103717588255,False,False
gradient-compression,e77ffd0b75f255761df3bc4c0830771bb75243da7d366a0e80be0186efb789d4,2359296,1,32,0.0,0,bits-sq,128,128,13,operator,/home/jirka/research/2024/bits-knn-jpdc2024/data/application-scaling/ampere02-35760925/gradient-compression-middle.csv,1.3563368055555555e-05,30,0.094588,0.094187,0.09500375,0.646514357000888,False,False
gradient-compression,e77ffd0b75f255761df3bc4c0830771bb75243da7d366a0e80be0186efb789d4,2359296,1,32,0.0,0,bits-sq,128,128,13,output_isolated,/home/jirka/research/2024/bits-knn-jpdc2024/data/application-scaling/ampere02-35760925/gradient-compression-middle.csv,1.3563368055555555e-05,30,0.0075015,0.007454250000000001,0.00769925,1.0233953209358129,False,False
gradient-compression,e77ffd0b75f255761df3bc4c0830771bb75243da7d366a0e80be0186efb789d4,2359296,1,32,0.0,0,bits-sq,128,128,13,selection_isolated,/home/jirka/research/2024/bits-knn-jpdc2024/data/application-scaling/ampere02-35760925/gradient-compression-middle.csv,1.3563368055555555e-05,30,0.078704,0.07856825,0.0788115,0.5736557227078675,False,False
gradient-compression,e77ffd0b75f255761df3bc4c0830771bb75243da7d366a0e80be0186efb789d4,2359296,1,32,0.0,0,bits-sq,128,128,13,transform_isolated,/home/jirka/research/2024/bits-knn-jpdc2024/data/application-scaling/ampere02-35760925/gradient-compression-middle.csv,1.3563368055555555e-05,30,0.014562,0.014474500000000001,0.014647,1.0144554319461614,False,False
gradient-compression,e77ffd0b75f255761df3bc4c0830771bb75243da7d366a0e80be0186efb789d4,2359296,1,32,0.0,0,bits-sq,128,128,13,upload_shared,/home/jirka/research/2024/bits-knn-jpdc2024/data/application-scaling/ampere02-35760925/gradient-compression-middle.csv,1.3563368055555555e-05,1,0.489091,0.489091,0.489091,1.2411391745094473,False,False
gradient-compression,e77ffd0b75f255761df3bc4c0830771bb75243da7d366a0e80be0186efb789d4,2359296,1,32,0.0,0,bits-sq,128,128,16,download,/home/jirka/research/2024/bits-knn-jpdc2024/data/application-scaling/ampere02-35760925/gradient-compression-middle.csv,1.3563368055555555e-05,30,0.007961999999999999,0.007912,0.0080405,1.0119316754584278,False,False
gradient-compression,e77ffd0b75f255761df3bc4c0830771bb75243da7d366a0e80be0186efb789d4,2359296,1,32,0.0,0,bits-sq,128,128,16,operator,/home/jirka/research/2024/bits-knn-jpdc2024/data/application-scaling/ampere02-35760925/gradient-compression-middle.csv,1.3563368055555555e-05,30,0.0995865,0.099135,0.10017875,0.6140641552820915,False,False
gradient-compression,e77ffd0b75f255761df3bc4c0830771bb75243da7d366a0e80be0186efb789d4,2359296,1,32,0.0,0,bits-sq,128,128,16,output_isolated,/home/jirka/research/2024/bits-knn-jpdc2024/data/application-scaling/ampere02-35760925/gradient-compression-middle.csv,1.3563368055555555e-05,30,0.007546499999999999,0.00746425,0.007651,1.0172927847346454,False,False
gradient-compression,e77ffd0b75f255761df3bc4c0830771bb75243da7d366a0e80be0186efb789d4,2359296,1,32,0.0,0,bits-sq,128,128,16,selection_isolated,/home/jirka/research/2024/bits-knn-jpdc2024/data/application-scaling/ampere02-35760925/gradient-compression-middle.csv,1.3563368055555555e-05,30,0.0838125,0.083466,0.08425774999999999,0.5386905294556301,False,False
gradient-compression,e77ffd0b75f255761df3bc4c0830771bb75243da7d366a0e80be0186efb789d4,2359296,1,32,0.0,0,bits-sq,128,128,16,transform_isolated,/home/jirka/research/2024/bits-knn-jpdc2024/data/application-scaling/ampere02-35760925/gradient-compression-middle.csv,1.3563368055555555e-05,30,0.014567,0.01443875,0.014652,1.0141072286675363,False,False
gradient-compression,e77ffd0b75f255761df3bc4c0830771bb75243da7d366a0e80be0186efb789d4,2359296,1,32,0.0,0,bits-sq,128,128,16,upload_shared,/home/jirka/research/2024/bits-knn-jpdc2024/data/application-scaling/ampere02-35760925/gradient-compression-middle.csv,1.3563368055555555e-05,1,0.48253100000000004,0.48253100000000004,0.48253100000000004,1.2580124385790759,False,False
gradient-compression,e77ffd0b75f255761df3bc4c0830771bb75243da7d366a0e80be0186efb789d4,2359296,1,32,0.0,0,bits-sq,128,256,4,download,/home/jirka/research/2024/bits-knn-jpdc2024/data/application-scaling/ampere02-35760925/gradient-compression-middle.csv,1.3563368055555555e-05,30,0.008167499999999998,0.008007,0.008765750000000001,0.9864707682889504,False,False
gradient-compression,e77ffd0b75f255761df3bc4c0830771bb75243da7d366a0e80be0186efb789d4,2359296,1,32,0.0,0,bits-sq,128,256,4,operator,/home/jirka/research/2024/bits-knn-jpdc2024/data/application-scaling/ampere02-35760925/gradient-compression-middle.csv,1.3563368055555555e-05,30,0.07662150000000001,0.076421,0.07698200000000001,0.7981114961205404,False,False
gradient-compression,e77ffd0b75f255761df3bc4c0830771bb75243da7d366a0e80be0186efb789d4,2359296,1,32,0.0,0,bits-sq,128,256,4,output_isolated,/home/jirka/research/2024/bits-knn-jpdc2024/data/application-scaling/ampere02-35760925/gradient-compression-middle.csv,1.3563368055555555e-05,30,0.0075765,0.0074935,0.0077220000000000006,1.0132647000593942,False,False
gradient-compression,e77ffd0b75f255761df3bc4c0830771bb75243da7d366a0e80be0186efb789d4,2359296,1,32,0.0,0,bits-sq,128,256,4,selection_isolated,/home/jirka/research/2024/bits-knn-jpdc2024/data/application-scaling/ampere02-35760925/gradient-compression-middle.csv,1.3563368055555555e-05,30,0.060897,0.06071025,0.06095975,0.7413994121221078,False,False
gradient-compression,e77ffd0b75f255761df3bc4c0830771bb75243da7d366a0e80be0186efb789d4,2359296,1,32,0.0,0,bits-sq,128,256,4,transform_isolated,/home/jirka/research/2024/bits-knn-jpdc2024/data/application-scaling/ampere02-35760925/gradient-compression-middle.csv,1.3563368055555555e-05,30,0.014737,0.01461475,0.01494025,1.0024089027617562,False,False
gradient-compression,e77ffd0b75f255761df3bc4c0830771bb75243da7d366a0e80be0186efb789d4,2359296,1,32,0.0,0,bits-sq,128,256,4,upload_shared,/home/jirka/research/2024/bits-knn-jpdc2024/data/application-scaling/ampere02-35760925/gradient-compression-middle.csv,1.3563368055555555e-05,1,0.487939,0.487939,0.487939,1.244069443106618,False,False
gradient-compression,e77ffd0b75f255761df3bc4c0830771bb75243da7d366a0e80be0186efb789d4,2359296,1,32,0.0,0,bits-sq,128,256,7,download,/home/jirka/research/2024/bits-knn-jpdc2024/data/application-scaling/ampere02-35760925/gradient-compression-middle.csv,1.3563368055555555e-05,30,0.0080275,0.007954499999999998,0.008162,1.003674867642479,False,False
gradient-compression,e77ffd0b75f255761df3bc4c0830771bb75243da7d366a0e80be0186efb789d4,2359296,1,32,0.0,0,bits-sq,128,256,7,operator,/home/jirka/research/2024/bits-knn-jpdc2024/data/application-scaling/ampere02-35760925/gradient-compression-middle.csv,1.3563368055555555e-05,30,0.07800800000000001,0.07770550000000001,0.0782055,0.7839260075889651,False,False
gradient-compression,e77ffd0b75f255761df3bc4c0830771bb75243da7d366a0e80be0186efb789d4,2359296,1,32,0.0,0,bits-sq,128,256,7,output_isolated,/home/jirka/research/2024/bits-knn-jpdc2024/data/application-scaling/ampere02-35760925/gradient-compression-middle.csv,1.3563368055555555e-05,30,0.007631500000000001,0.00749425,0.00779375,1.0059621306427307,False,False
gradient-compression,e77ffd0b75f255761df3bc4c0830771bb75243da7d366a0e80be0186efb789d4,2359296,1,32,0.0,0,bits-sq,128,256,7,selection_isolated,/home/jirka/research/2024/bits-knn-jpdc2024/data/application-scaling/ampere02-35760925/gradient-compression-middle.csv,1.3563368055555555e-05,30,0.062273999999999996,0.0620965,0.06245174999999999,0.7250056203230884,False,False
gradient-compression,e77ffd0b75f255761df3bc4c0830771bb75243da7d366a0e80be0186efb789d4,2359296,1,32,0.0,0,bits-sq,128,256,7,transform_isolated,/home/jirka/research/2024/bits-knn-jpdc2024/data/application-scaling/ampere02-35760925/gradient-compression-middle.csv,1.3563368055555555e-05,30,0.014547000000000001,0.014471999999999999,0.0146395,1.0155014779679659,False,False
gradient-compression,e77ffd0b75f255761df3bc4c0830771bb75243da7d366a0e80be0186efb789d4,2359296,1,32,0.0,0,bits-sq,128,256,7,upload_shared,/home/jirka/research/2024/bits-knn-jpdc2024/data/application-scaling/ampere02-35760925/gradient-compression-middle.csv,1.3563368055555555e-05,1,0.48264100000000004,0.48264100000000004,0.48264100000000004,1.257725721602599,False,False
gradient-compression,e77ffd0b75f255761df3bc4c0830771bb75243da7d366a0e80be0186efb789d4,2359296,1,32,0.0,0,bits-sq,128,256,8,download,/home/jirka/research/2024/bits-knn-jpdc2024/data/application-scaling/ampere02-35760925/gradient-compression-middle.csv,1.3563368055555555e-05,30,0.008032000000000001,0.007961999999999999,0.0081495,1.0031125498007967,False,False
gradient-compression,e77ffd0b75f255761df3bc4c0830771bb75243da7d366a0e80be0186efb789d4,2359296,1,32,0.0,0,bits-sq,128,256,8,operator,/home/jirka/research/2024/bits-knn-jpdc2024/data/application-scaling/ampere02-35760925/gradient-compression-middle.csv,1.3563368055555555e-05,30,0.0822995,0.08201175,0.0825825,0.7430482566722763,False,False
gradient-compression,e77ffd0b75f255761df3bc4c0830771bb75243da7d366a0e80be0186efb789d4,2359296,1,32,0.0,0,bits-sq,128,256,8,output_isolated,/home/jirka/research/2024/bits-knn-jpdc2024/data/application-scaling/ampere02-35760925/gradient-compression-middle.csv,1.3563368055555555e-05,30,0.007542,0.0074712500000000005,0.007649500000000001,1.0178997613365155,False,False
gradient-compression,e77ffd0b75f255761df3bc4c0830771bb75243da7d366a0e80be0186efb789d4,2359296,1,32,0.0,0,bits-sq,128,256,8,selection_isolated,/home/jirka/research/2024/bits-knn-jpdc2024/data/application-scaling/ampere02-35760925/gradient-compression-middle.csv,1.3563368055555555e-05,30,0.06667100000000001,0.06652325,0.066886,0.6771909825861319,False,False
gradient-compression,e77ffd0b75f255761df3bc4c0830771bb75243da7d366a0e80be0186efb789d4,2359296,1,32,0.0,0,bits-sq,128,256,8,transform_isolated,/home/jirka/research/2024/bits-knn-jpdc2024/data/application-scaling/ampere02-35760925/gradient-compression-middle.csv,1.3563368055555555e-05,30,0.014587,0.014464499999999998,0.0147295,1.012716802632481,False,False
gradient-compression,e77ffd0b75f255761df3bc4c0830771bb75243da7d366a0e80be0186efb789d4,2359296,1,32,0.0,0,bits-sq,128,256,8,upload_shared,/home/jirka/research/2024/bits-knn-jpdc2024/data/application-scaling/ampere02-35760925/gradient-compression-middle.csv,1.3563368055555555e-05,1,0.485786,0.485786,0.485786,1.249583149782003,False,False
gradient-compression,e77ffd0b75f255761df3bc4c0830771bb75243da7d366a0e80be0186efb789d4,2359296,1,32,0.0,0,bits-sq,128,256,13,download,/home/jirka/research/2024/bits-knn-jpdc2024/data/application-scaling/ampere02-35760925/gradient-compression-middle.csv,1.3563368055555555e-05,30,0.008032000000000001,0.0079645,0.00814525,1.0031125498007967,False,False
gradient-compression,e77ffd0b75f255761df3bc4c0830771bb75243da7d366a0e80be0186efb789d4,2359296,1,32,0.0,0,bits-sq,128,256,13,operator,/home/jirka/research/2024/bits-knn-jpdc2024/data/application-scaling/ampere02-35760925/gradient-compression-middle.csv,1.3563368055555555e-05,30,0.08891,0.08851675,0.08919,0.6878022719604093,False,False
gradient-compression,e77ffd0b75f255761df3bc4c0830771bb75243da7d366a0e80be0186efb789d4,2359296,1,32,0.0,0,bits-sq,128,256,13,output_isolated,/home/jirka/research/2024/bits-knn-jpdc2024/data/application-scaling/ampere02-35760925/gradient-compression-middle.csv,1.3563368055555555e-05,30,0.0075615,0.007491,0.0077135,1.0152747470739933,False,False
gradient-compression,e77ffd0b75f255761df3bc4c0830771bb75243da7d366a0e80be0186efb789d4,2359296,1,32,0.0,0,bits-sq,128,256,13,selection_isolated,/home/jirka/research/2024/bits-knn-jpdc2024/data/application-scaling/ampere02-35760925/gradient-compression-middle.csv,1.3563368055555555e-05,30,0.07296050000000001,0.07285825,0.073156,0.6188142899239999,False,False
gradient-compression,e77ffd0b75f255761df3bc4c0830771bb75243da7d366a0e80be0186efb789d4,2359296,1,32,0.0,0,bits-sq,128,256,13,transform_isolated,/home/jirka/research/2024/bits-knn-jpdc2024/data/application-scaling/ampere02-35760925/gradient-compression-middle.csv,1.3563368055555555e-05,30,0.0146275,0.014547000000000001,0.014727,1.00991283541275,False,False
gradient-compression,e77ffd0b75f255761df3bc4c0830771bb75243da7d366a0e80be0186efb789d4,2359296,1,32,0.0,0,bits-sq,128,256,13,upload_shared,/home/jirka/research/2024/bits-knn-jpdc2024/data/application-scaling/ampere02-35760925/gradient-compression-middle.csv,1.3563368055555555e-05,1,0.47417899999999996,0.47417899999999996,0.47417899999999996,1.2801705684983944,False,False
gradient-compression,e77ffd0b75f255761df3bc4c0830771bb75243da7d366a0e80be0186efb789d4,2359296,1,32,0.0,0,bits-sq,128,256,16,download,/home/jirka/research/2024/bits-knn-jpdc2024/data/application-scaling/ampere02-35760925/gradient-compression-middle.csv,1.3563368055555555e-05,30,0.0080575,0.0080045,0.0081705,0.9999379460130313,False,False
gradient-compression,e77ffd0b75f255761df3bc4c0830771bb75243da7d366a0e80be0186efb789d4,2359296,1,32,0.0,0,bits-sq,128,256,16,operator,/home/jirka/research/2024/bits-knn-jpdc2024/data/application-scaling/ampere02-35760925/gradient-compression-middle.csv,1.3563368055555555e-05,30,0.093051,0.09281525,0.09339925000000002,0.6571933670782689,False,False
gradient-compression,e77ffd0b75f255761df3bc4c0830771bb75243da7d366a0e80be0186efb789d4,2359296,1,32,0.0,0,bits-sq,128,256,16,output_isolated,/home/jirka/research/2024/bits-knn-jpdc2024/data/application-scaling/ampere02-35760925/gradient-compression-middle.csv,1.3563368055555555e-05,30,0.0075815,0.00749675,0.007697000000000001,1.012596451889468,False,False
gradient-compression,e77ffd0b75f255761df3bc4c0830771bb75243da7d366a0e80be0186efb789d4,2359296,1,32,0.0,0,bits-sq,128,256,16,selection_isolated,/home/jirka/research/2024/bits-knn-jpdc2024/data/application-scaling/ampere02-35760925/gradient-compression-middle.csv,1.3563368055555555e-05,30,0.077277,0.0772095,0.0773345,0.5842488709447831,False,False
gradient-compression,e77ffd0b75f255761df3bc4c0830771bb75243da7d366a0e80be0186efb789d4,2359296,1,32,0.0,0,bits-sq,128,256,16,transform_isolated,/home/jirka/research/2024/bits-knn-jpdc2024/data/application-scaling/ampere02-35760925/gradient-compression-middle.csv,1.3563368055555555e-05,30,0.014682,0.014622,0.0147895,1.0061640103528129,False,False
gradient-compression,e77ffd0b75f255761df3bc4c0830771bb75243da7d366a0e80be0186efb789d4,2359296,1,32,0.0,0,bits-sq,128,256,16,upload_shared,/home/jirka/research/2024/bits-knn-jpdc2024/data/application-scaling/ampere02-35760925/gradient-compression-middle.csv,1.3563368055555555e-05,1,0.474198,0.474198,0.474198,1.280119275070751,False,False
gradient-compression,e77ffd0b75f255761df3bc4c0830771bb75243da7d366a0e80be0186efb789d4,2359296,1,32,0.0,0,bits-sq,128,512,4,download,/home/jirka/research/2024/bits-knn-jpdc2024/data/application-scaling/ampere02-35760925/gradient-compression-middle.csv,1.3563368055555555e-05,30,0.008042,0.007954499999999998,0.008173,1.001865207659786,True,False
gradient-compression,e77ffd0b75f255761df3bc4c0830771bb75243da7d366a0e80be0186efb789d4,2359296,1,32,0.0,0,bits-sq,128,512,4,operator,/home/jirka/research/2024/bits-knn-jpdc2024/data/application-scaling/ampere02-35760925/gradient-compression-middle.csv,1.3563368055555555e-05,30,0.07455300000000001,0.0741695,0.0748565,0.8202553887838181,True,False
gradient-compression,e77ffd0b75f255761df3bc4c0830771bb75243da7d366a0e80be0186efb789d4,2359296,1,32,0.0,0,bits-sq,128,512,4,output_isolated,/home/jirka/research/2024/bits-knn-jpdc2024/data/application-scaling/ampere02-35760925/gradient-compression-middle.csv,1.3563368055555555e-05,30,0.0075569999999999995,0.007496,0.00768925,1.015879317189361,True,False
gradient-compression,e77ffd0b75f255761df3bc4c0830771bb75243da7d366a0e80be0186efb789d4,2359296,1,32,0.0,0,bits-sq,128,512,4,selection_isolated,/home/jirka/research/2024/bits-knn-jpdc2024/data/application-scaling/ampere02-35760925/gradient-compression-middle.csv,1.3563368055555555e-05,30,0.058904,0.058728999999999996,0.059124249999999996,0.7664844492733941,True,False
gradient-compression,e77ffd0b75f255761df3bc4c0830771bb75243da7d366a0e80be0186efb789d4,2359296,1,32,0.0,0,bits-sq,128,512,4,transform_isolated,/home/jirka/research/2024/bits-knn-jpdc2024/data/application-scaling/ampere02-35760925/gradient-compression-middle.csv,1.3563368055555555e-05,30,0.014592500000000001,0.01450425,0.014662,1.0123351036491348,True,False
gradient-compression,e77ffd0b75f255761df3bc4c0830771bb75243da7d366a0e80be0186efb789d4,2359296,1,32,0.0,0,bits-sq,128,512,4,upload_shared,/home/jirka/research/2024/bits-knn-jpdc2024/data/application-scaling/ampere02-35760925/gradient-compression-middle.csv,1.3563368055555555e-05,1,0.468951,0.468951,0.468951,1.2944422764851766,True,False
gradient-compression,e77ffd0b75f255761df3bc4c0830771bb75243da7d366a0e80be0186efb789d4,2359296,1,32,0.0,0,bits-sq,128,512,7,download,/home/jirka/research/2024/bits-knn-jpdc2024/data/application-scaling/ampere02-35760925/gradient-compression-middle.csv,1.3563368055555555e-05,30,0.008067,0.007982000000000001,0.008268000000000001,0.9987603818024049,False,False
gradient-compression,e77ffd0b75f255761df3bc4c0830771bb75243da7d366a0e80be0186efb789d4,2359296,1,32,0.0,0,bits-sq,128,512,7,operator,/home/jirka/research/2024/bits-knn-jpdc2024/data/application-scaling/ampere02-35760925/gradient-compression-middle.csv,1.3563368055555555e-05,30,0.08359149999999999,0.08325600000000001,0.083902,0.7315636159178865,False,False
gradient-compression,e77ffd0b75f255761df3bc4c0830771bb75243da7d366a0e80be0186efb789d4,2359296,1,32,0.0,0,bits-sq,128,512,7,output_isolated,/home/jirka/research/2024/bits-knn-jpdc2024/data/application-scaling/ampere02-35760925/gradient-compression-middle.csv,1.3563368055555555e-05,30,0.0075715,0.007522,0.00770425,1.0139338308129169,False,False
gradient-compression,e77ffd0b75f255761df3bc4c0830771bb75243da7d366a0e80be0186efb789d4,2359296,1,32,0.0,0,bits-sq,128,512,7,selection_isolated,/home/jirka/research/2024/bits-knn-jpdc2024/data/application-scaling/ampere02-35760925/gradient-compression-middle.csv,1.3563368055555555e-05,30,0.067702,0.06763775,0.0677805,0.6668783787775842,False,False
gradient-compression,e77ffd0b75f255761df3bc4c0830771bb75243da7d366a0e80be0186efb789d4,2359296,1,32,0.0,0,bits-sq,128,512,7,transform_isolated,/home/jirka/research/2024/bits-knn-jpdc2024/data/application-scaling/ampere02-35760925/gradient-compression-middle.csv,1.3563368055555555e-05,30,0.014617,0.0145245,0.014702749999999999,1.0106382978723405,False,False
gradient-compression,e77ffd0b75f255761df3bc4c0830771bb75243da7d366a0e80be0186efb789d4,2359296,1,32,0.0,0,bits-sq,128,512,7,upload_shared,/home/jirka/research/2024/bits-knn-jpdc2024/data/application-scaling/ampere02-35760925/gradient-compression-middle.csv,1.3563368055555555e-05,1,0.473648,0.473648,0.473648,1.281605749417289,False,False
gradient-compression,e77ffd0b75f255761df3bc4c0830771bb75243da7d366a0e80be0186efb789d4,2359296,1,32,0.0,0,bits-sq,128,512,8,download,/home/jirka/research/2024/bits-knn-jpdc2024/data/application-scaling/ampere02-35760925/gradient-compression-middle.csv,1.3563368055555555e-05,30,0.008007,0.007947,0.00808275,1.0062445360309729,False,False
gradient-compression,e77ffd0b75f255761df3bc4c0830771bb75243da7d366a0e80be0186efb789d4,2359296,1,32,0.0,0,bits-sq,128,512,8,operator,/home/jirka/research/2024/bits-knn-jpdc2024/data/application-scaling/ampere02-35760925/gradient-compression-middle.csv,1.3563368055555555e-05,30,0.081729,0.081474,0.08206150000000001,0.7482350206169169,False,False
gradient-compression,e77ffd0b75f255761df3bc4c0830771bb75243da7d366a0e80be0186efb789d4,2359296,1,32,0.0,0,bits-sq,128,512,8,output_isolated,/home/jirka/research/2024/bits-knn-jpdc2024/data/application-scaling/ampere02-35760925/gradient-compression-middle.csv,1.3563368055555555e-05,30,0.0075915,0.007513499999999999,0.0076820000000000005,1.011262596324837,False,False
gradient-compression,e77ffd0b75f255761df3bc4c0830771bb75243da7d366a0e80be0186efb789d4,2359296,1,32,0.0,0,bits-sq,128,512,8,selection_isolated,/home/jirka/research/2024/bits-knn-jpdc2024/data/application-scaling/ampere02-35760925/gradient-compression-middle.csv,1.3563368055555555e-05,30,0.065845,0.06565425,0.06613250000000001,0.6856860809476801,False,False
gradient-compression,e77ffd0b75f255761df3bc4c0830771bb75243da7d366a0e80be0186efb789d4,2359296,1,32,0.0,0,bits-sq,128,512,8,transform_isolated,/home/jirka/research/2024/bits-knn-jpdc2024/data/application-scaling/ampere02-35760925/gradient-compression-middle.csv,1.3563368055555555e-05,30,0.0146825,0.014627000000000001,0.014812,1.0061297462966117,False,False
gradient-compression,e77ffd0b75f255761df3bc4c0830771bb75243da7d366a0e80be0186efb789d4,2359296,1,32,0.0,0,bits-sq,128,512,8,upload_shared,/home/jirka/research/2024/bits-knn-jpdc2024/data/application-scaling/ampere02-35760925/gradient-compression-middle.csv,1.3563368055555555e-05,1,0.487469,0.487469,0.487469,1.2452689299216977,False,False
gradient-compression,e77ffd0b75f255761df3bc4c0830771bb75243da7d366a0e80be0186efb789d4,2359296,1,32,0.0,0,bits-sq,128,512,13,download,/home/jirka/research/2024/bits-knn-jpdc2024/data/application-scaling/ampere02-35760925/gradient-compression-middle.csv,1.3563368055555555e-05,30,0.0080525,0.0080145,0.0081595,1.0005588326606643,False,False
gradient-compression,e77ffd0b75f255761df3bc4c0830771bb75243da7d366a0e80be0186efb789d4,2359296,1,32,0.0,0,bits-sq,128,512,13,operator,/home/jirka/research/2024/bits-knn-jpdc2024/data/application-scaling/ampere02-35760925/gradient-compression-middle.csv,1.3563368055555555e-05,30,0.085194,0.08496825000000001,0.0854665,0.7178028969176232,False,False
gradient-compression,e77ffd0b75f255761df3bc4c0830771bb75243da7d366a0e80be0186efb789d4,2359296,1,32,0.0,0,bits-sq,128,512,13,output_isolated,/home/jirka/research/2024/bits-knn-jpdc2024/data/application-scaling/ampere02-35760925/gradient-compression-middle.csv,1.3563368055555555e-05,30,0.0075765,0.007501,0.007731000000000001,1.0132647000593942,False,False
gradient-compression,e77ffd0b75f255761df3bc4c0830771bb75243da7d366a0e80be0186efb789d4,2359296,1,32,0.0,0,bits-sq,128,512,13,selection_isolated,/home/jirka/research/2024/bits-knn-jpdc2024/data/application-scaling/ampere02-35760925/gradient-compression-middle.csv,1.3563368055555555e-05,30,0.069225,0.06913250000000001,0.06941325000000001,0.6522065727699531,False,False
gradient-compression,e77ffd0b75f255761df3bc4c0830771bb75243da7d366a0e80be0186efb789d4,2359296,1,32,0.0,0,bits-sq,128,512,13,transform_isolated,/home/jirka/research/2024/bits-knn-jpdc2024/data/application-scaling/ampere02-35760925/gradient-compression-middle.csv,1.3563368055555555e-05,30,0.014691999999999998,0.014627000000000001,0.014787,1.005479172338688,False,False
gradient-compression,e77ffd0b75f255761df3bc4c0830771bb75243da7d366a0e80be0186efb789d4,2359296,1,32,0.0,0,bits-sq,128,512,13,upload_shared,/home/jirka/research/2024/bits-knn-jpdc2024/data/application-scaling/ampere02-35760925/gradient-compression-middle.csv,1.3563368055555555e-05,1,0.479036,0.479036,0.479036,1.267190774806069,False,False
gradient-compression,e77ffd0b75f255761df3bc4c0830771bb75243da7d366a0e80be0186efb789d4,2359296,1,32,0.0,0,bits-sq,128,512,16,download,/home/jirka/research/2024/bits-knn-jpdc2024/data/application-scaling/ampere02-35760925/gradient-compression-middle.csv,1.3563368055555555e-05,30,0.007997,0.0078645,0.00838275,1.007502813555083,False,False
gradient-compression,e77ffd0b75f255761df3bc4c0830771bb75243da7d366a0e80be0186efb789d4,2359296,1,32,0.0,0,bits-sq,128,512,16,operator,/home/jirka/research/2024/bits-knn-jpdc2024/data/application-scaling/ampere02-35760925/gradient-compression-middle.csv,1.3563368055555555e-05,30,0.0927505,0.09245,0.09311425,0.6593225912528773,False,False
gradient-compression,e77ffd0b75f255761df3bc4c0830771bb75243da7d366a0e80be0186efb789d4,2359296,1,32,0.0,0,bits-sq,128,512,16,output_isolated,/home/jirka/research/2024/bits-knn-jpdc2024/data/application-scaling/ampere02-35760925/gradient-compression-middle.csv,1.3563368055555555e-05,30,0.007647000000000001,0.0075585,0.007804500000000001,1.0039231071008237,False,False
gradient-compression,e77ffd0b75f255761df3bc4c0830771bb75243da7d366a0e80be0186efb789d4,2359296,1,32,0.0,0,bits-sq,128,512,16,selection_isolated,/home/jirka/research/2024/bits-knn-jpdc2024/data/application-scaling/ampere02-35760925/gradient-compression-middle.csv,1.3563368055555555e-05,30,0.076711,0.07645850000000001,0.07697425,0.5885596589798073,False,False
gradient-compression,e77ffd0b75f255761df3bc4c0830771bb75243da7d366a0e80be0186efb789d4,2359296,1,32,0.0,0,bits-sq,128,512,16,transform_isolated,/home/jirka/research/2024/bits-knn-jpdc2024/data/application-scaling/ampere02-35760925/gradient-compression-middle.csv,1.3563368055555555e-05,30,0.014612,0.0145345,0.014686999999999999,1.010984122638927,False,False
gradient-compression,e77ffd0b75f255761df3bc4c0830771bb75243da7d366a0e80be0186efb789d4,2359296,1,32,0.0,0,bits-sq,128,512,16,upload_shared,/home/jirka/research/2024/bits-knn-jpdc2024/data/application-scaling/ampere02-35760925/gradient-compression-middle.csv,1.3563368055555555e-05,1,0.486457,0.486457,0.486457,1.2478595230410912,False,False
gradient-compression,e77ffd0b75f255761df3bc4c0830771bb75243da7d366a0e80be0186efb789d4,2359296,1,32,0.0,0,bits-sq,512,128,4,download,/home/jirka/research/2024/bits-knn-jpdc2024/data/application-scaling/ampere02-35760925/gradient-compression-middle.csv,1.3563368055555555e-05,30,0.008052,0.007994500000000002,0.00836025,1.0006209637357177,False,False
gradient-compression,e77ffd0b75f255761df3bc4c0830771bb75243da7d366a0e80be0186efb789d4,2359296,1,32,0.0,0,bits-sq,512,128,4,operator,/home/jirka/research/2024/bits-knn-jpdc2024/data/application-scaling/ampere02-35760925/gradient-compression-middle.csv,1.3563368055555555e-05,30,0.1071475,0.1068945,0.10743549999999999,0.5707319349494855,False,False
gradient-compression,e77ffd0b75f255761df3bc4c0830771bb75243da7d366a0e80be0186efb789d4,2359296,1,32,0.0,0,bits-sq,512,128,4,output_isolated,/home/jirka/research/2024/bits-knn-jpdc2024/data/application-scaling/ampere02-35760925/gradient-compression-middle.csv,1.3563368055555555e-05,30,0.007631500000000001,0.00753875,0.00776175,1.0059621306427307,False,False
gradient-compression,e77ffd0b75f255761df3bc4c0830771bb75243da7d366a0e80be0186efb789d4,2359296,1,32,0.0,0,bits-sq,512,128,4,selection_isolated,/home/jirka/research/2024/bits-knn-jpdc2024/data/application-scaling/ampere02-35760925/gradient-compression-middle.csv,1.3563368055555555e-05,30,0.09106800000000001,0.09088275,0.0914365,0.49577238986252026,False,False
gradient-compression,e77ffd0b75f255761df3bc4c0830771bb75243da7d366a0e80be0186efb789d4,2359296,1,32,0.0,0,bits-sq,512,128,4,transform_isolated,/home/jirka/research/2024/bits-knn-jpdc2024/data/application-scaling/ampere02-35760925/gradient-compression-middle.csv,1.3563368055555555e-05,30,0.014582,0.014502,0.014717,1.0130640515704294,False,False
gradient-compression,e77ffd0b75f255761df3bc4c0830771bb75243da7d366a0e80be0186efb789d4,2359296,1,32,0.0,0,bits-sq,512,128,4,upload_shared,/home/jirka/research/2024/bits-knn-jpdc2024/data/application-scaling/ampere02-35760925/gradient-compression-middle.csv,1.3563368055555555e-05,1,0.485926,0.485926,0.485926,1.2492231327403762,False,False
gradient-compression,e77ffd0b75f255761df3bc4c0830771bb75243da7d366a0e80be0186efb789d4,2359296,1,32,0.0,0,bits-sq,512,128,7,download,/home/jirka/research/2024/bits-knn-jpdc2024/data/application-scaling/ampere02-35760925/gradient-compression-middle.csv,1.3563368055555555e-05,30,0.0083225,0.0079495,0.0091215,0.9680985280865124,False,False
gradient-compression,e77ffd0b75f255761df3bc4c0830771bb75243da7d366a0e80be0186efb789d4,2359296,1,32,0.0,0,bits-sq,512,128,7,operator,/home/jirka/research/2024/bits-knn-jpdc2024/data/application-scaling/ampere02-35760925/gradient-compression-middle.csv,1.3563368055555555e-05,30,0.1005825,0.1002645,0.1007005,0.6079834961350135,False,False
gradient-compression,e77ffd0b75f255761df3bc4c0830771bb75243da7d366a0e80be0186efb789d4,2359296,1,32,0.0,0,bits-sq,512,128,7,output_isolated,/home/jirka/research/2024/bits-knn-jpdc2024/data/application-scaling/ampere02-35760925/gradient-compression-middle.csv,1.3563368055555555e-05,30,0.007662,0.00755425,0.007763750000000001,1.0019577133907596,False,False
gradient-compression,e77ffd0b75f255761df3bc4c0830771bb75243da7d366a0e80be0186efb789d4,2359296,1,32,0.0,0,bits-sq,512,128,7,selection_isolated,/home/jirka/research/2024/bits-knn-jpdc2024/data/application-scaling/ampere02-35760925/gradient-compression-middle.csv,1.3563368055555555e-05,30,0.084754,0.08462050000000002,0.0849315,0.532706420935885,False,False
gradient-compression,e77ffd0b75f255761df3bc4c0830771bb75243da7d366a0e80be0186efb789d4,2359296,1,32,0.0,0,bits-sq,512,128,7,transform_isolated,/home/jirka/research/2024/bits-knn-jpdc2024/data/application-scaling/ampere02-35760925/gradient-compression-middle.csv,1.3563368055555555e-05,30,0.014627,0.014549500000000002,0.01469275,1.0099473576263076,False,False
gradient-compression,e77ffd0b75f255761df3bc4c0830771bb75243da7d366a0e80be0186efb789d4,2359296,1,32,0.0,0,bits-sq,512,128,7,upload_shared,/home/jirka/research/2024/bits-knn-jpdc2024/data/application-scaling/ampere02-35760925/gradient-compression-middle.csv,1.3563368055555555e-05,1,0.479817,0.479817,0.479817,1.265128163445647,False,False
gradient-compression,e77ffd0b75f255761df3bc4c0830771bb75243da7d366a0e80be0186efb789d4,2359296,1,32,0.0,0,bits-sq,512,128,8,download,/home/jirka/research/2024/bits-knn-jpdc2024/data/application-scaling/ampere02-35760925/gradient-compression-middle.csv,1.3563368055555555e-05,30,0.008132499999999999,0.008084500000000001,0.0082395,0.9907162619120813,False,False
gradient-compression,e77ffd0b75f255761df3bc4c0830771bb75243da7d366a0e80be0186efb789d4,2359296,1,32,0.0,0,bits-sq,512,128,8,operator,/home/jirka/research/2024/bits-knn-jpdc2024/data/application-scaling/ampere02-35760925/gradient-compression-middle.csv,1.3563368055555555e-05,30,0.106236,0.1061035,0.10655450000000001,0.5756287887345156,False,False
gradient-compression,e77ffd0b75f255761df3bc4c0830771bb75243da7d366a0e80be0186efb789d4,2359296,1,32,0.0,0,bits-sq,512,128,8,output_isolated,/home/jirka/research/2024/bits-knn-jpdc2024/data/application-scaling/ampere02-35760925/gradient-compression-middle.csv,1.3563368055555555e-05,30,0.0076065,0.0074985,0.0076885,1.0092683888779332,False,False
gradient-compression,e77ffd0b75f255761df3bc4c0830771bb75243da7d366a0e80be0186efb789d4,2359296,1,32,0.0,0,bits-sq,512,128,8,selection_isolated,/home/jirka/research/2024/bits-knn-jpdc2024/data/application-scaling/ampere02-35760925/gradient-compression-middle.csv,1.3563368055555555e-05,30,0.090227,0.09012425,0.0903445,0.5003934520708879,False,False
gradient-compression,e77ffd0b75f255761df3bc4c0830771bb75243da7d366a0e80be0186efb789d4,2359296,1,32,0.0,0,bits-sq,512,128,8,transform_isolated,/home/jirka/research/2024/bits-knn-jpdc2024/data/application-scaling/ampere02-35760925/gradient-compression-middle.csv,1.3563368055555555e-05,30,0.0146925,0.014645249999999999,0.0148405,1.0054449549089672,False,False
gradient-compression,e77ffd0b75f255761df3bc4c0830771bb75243da7d366a0e80be0186efb789d4,2359296,1,32,0.0,0,bits-sq,512,128,8,upload_shared,/home/jirka/research/2024/bits-knn-jpdc2024/data/application-scaling/ampere02-35760925/gradient-compression-middle.csv,1.3563368055555555e-05,1,0.479166,0.479166,0.479166,1.2668469799610158,False,False
gradient-compression,e77ffd0b75f255761df3bc4c0830771bb75243da7d366a0e80be0186efb789d4,2359296,1,32,0.0,0,bits-sq,512,128,13,download,/home/jirka/research/2024/bits-knn-jpdc2024/data/application-scaling/ampere02-35760925/gradient-compression-middle.csv,1.3563368055555555e-05,30,0.007992,0.007934499999999999,0.0080695,1.008133133133133,False,False
gradient-compression,e77ffd0b75f255761df3bc4c0830771bb75243da7d366a0e80be0186efb789d4,2359296,1,32,0.0,0,bits-sq,512,128,13,operator,/home/jirka/research/2024/bits-knn-jpdc2024/data/application-scaling/ampere02-35760925/gradient-compression-middle.csv,1.3563368055555555e-05,30,0.1061305,0.10581275,0.106452,0.5762009978281455,False,False
gradient-compression,e77ffd0b75f255761df3bc4c0830771bb75243da7d366a0e80be0186efb789d4,2359296,1,32,0.0,0,bits-sq,512,128,13,output_isolated,/home/jirka/research/2024/bits-knn-jpdc2024/data/application-scaling/ampere02-35760925/gradient-compression-middle.csv,1.3563368055555555e-05,30,0.007556,0.007467,0.0077694999999999995,1.0160137638962414,False,False
gradient-compression,e77ffd0b75f255761df3bc4c0830771bb75243da7d366a0e80be0186efb789d4,2359296,1,32,0.0,0,bits-sq,512,128,13,selection_isolated,/home/jirka/research/2024/bits-knn-jpdc2024/data/application-scaling/ampere02-35760925/gradient-compression-middle.csv,1.3563368055555555e-05,30,0.090297,0.090087,0.09049199999999999,0.5000055372825233,False,False
gradient-compression,e77ffd0b75f255761df3bc4c0830771bb75243da7d366a0e80be0186efb789d4,2359296,1,32,0.0,0,bits-sq,512,128,13,transform_isolated,/home/jirka/research/2024/bits-knn-jpdc2024/data/application-scaling/ampere02-35760925/gradient-compression-middle.csv,1.3563368055555555e-05,30,0.014627000000000001,0.014542000000000001,0.014686999999999999,1.0099473576263076,False,False
gradient-compression,e77ffd0b75f255761df3bc4c0830771bb75243da7d366a0e80be0186efb789d4,2359296,1,32,0.0,0,bits-sq,512,128,13,upload_shared,/home/jirka/research/2024/bits-knn-jpdc2024/data/application-scaling/ampere02-35760925/gradient-compression-middle.csv,1.3563368055555555e-05,1,0.480709,0.480709,0.480709,1.2627806011537126,False,False
gradient-compression,e77ffd0b75f255761df3bc4c0830771bb75243da7d366a0e80be0186efb789d4,2359296,1,32,0.0,0,bits-sq,512,128,16,download,/home/jirka/research/2024/bits-knn-jpdc2024/data/application-scaling/ampere02-35760925/gradient-compression-middle.csv,1.3563368055555555e-05,30,0.008042,0.00798375,0.008162,1.001865207659786,False,False
gradient-compression,e77ffd0b75f255761df3bc4c0830771bb75243da7d366a0e80be0186efb789d4,2359296,1,32,0.0,0,bits-sq,512,128,16,operator,/home/jirka/research/2024/bits-knn-jpdc2024/data/application-scaling/ampere02-35760925/gradient-compression-middle.csv,1.3563368055555555e-05,30,0.1159805,0.1156725,0.1162135,0.5272653592629796,False,False
gradient-compression,e77ffd0b75f255761df3bc4c0830771bb75243da7d366a0e80be0186efb789d4,2359296,1,32,0.0,0,bits-sq,512,128,16,output_isolated,/home/jirka/research/2024/bits-knn-jpdc2024/data/application-scaling/ampere02-35760925/gradient-compression-middle.csv,1.3563368055555555e-05,30,0.007601500000000001,0.007507,0.0077295,1.0099322502137735,False,False
gradient-compression,e77ffd0b75f255761df3bc4c0830771bb75243da7d366a0e80be0186efb789d4,2359296,1,32,0.0,0,bits-sq,512,128,16,selection_isolated,/home/jirka/research/2024/bits-knn-jpdc2024/data/application-scaling/ampere02-35760925/gradient-compression-middle.csv,1.3563368055555555e-05,30,0.0999765,0.09982100000000001,0.10015950000000001,0.45159612508939606,False,False
gradient-compression,e77ffd0b75f255761df3bc4c0830771bb75243da7d366a0e80be0186efb789d4,2359296,1,32,0.0,0,bits-sq,512,128,16,transform_isolated,/home/jirka/research/2024/bits-knn-jpdc2024/data/application-scaling/ampere02-35760925/gradient-compression-middle.csv,1.3563368055555555e-05,30,0.014602,0.014526999999999998,0.014692,1.0116764826736064,False,False
gradient-compression,e77ffd0b75f255761df3bc4c0830771bb75243da7d366a0e80be0186efb789d4,2359296,1,32,0.0,0,bits-sq,512,128,16,upload_shared,/home/jirka/research/2024/bits-knn-jpdc2024/data/application-scaling/ampere02-35760925/gradient-compression-middle.csv,1.3563368055555555e-05,1,0.479607,0.479607,0.479607,1.2656821105613556,False,False
gradient-compression,e77ffd0b75f255761df3bc4c0830771bb75243da7d366a0e80be0186efb789d4,2359296,1,32,0.0,0,bits-sq,512,256,4,download,/home/jirka/research/2024/bits-knn-jpdc2024/data/application-scaling/ampere02-35760925/gradient-compression-middle.csv,1.3563368055555555e-05,30,0.007961999999999999,0.00783125,0.0080895,1.0119316754584278,False,False
gradient-compression,e77ffd0b75f255761df3bc4c0830771bb75243da7d366a0e80be0186efb789d4,2359296,1,32,0.0,0,bits-sq,512,256,4,operator,/home/jirka/research/2024/bits-knn-jpdc2024/data/application-scaling/ampere02-35760925/gradient-compression-middle.csv,1.3563368055555555e-05,30,0.09697700000000001,0.0966735,0.09716949999999999,0.6305876651164708,False,False
gradient-compression,e77ffd0b75f255761df3bc4c0830771bb75243da7d366a0e80be0186efb789d4,2359296,1,32,0.0,0,bits-sq,512,256,4,output_isolated,/home/jirka/research/2024/bits-knn-jpdc2024/data/application-scaling/ampere02-35760925/gradient-compression-middle.csv,1.3563368055555555e-05,30,0.007561999999999999,0.00749125,0.00763625,1.015207617032531,False,False
gradient-compression,e77ffd0b75f255761df3bc4c0830771bb75243da7d366a0e80be0186efb789d4,2359296,1,32,0.0,0,bits-sq,512,256,4,selection_isolated,/home/jirka/research/2024/bits-knn-jpdc2024/data/application-scaling/ampere02-35760925/gradient-compression-middle.csv,1.3563368055555555e-05,30,0.0807175,0.0805045,0.081033,0.5593458667575185,False,False
gradient-compression,e77ffd0b75f255761df3bc4c0830771bb75243da7d366a0e80be0186efb789d4,2359296,1,32,0.0,0,bits-sq,512,256,4,transform_isolated,/home/jirka/research/2024/bits-knn-jpdc2024/data/application-scaling/ampere02-35760925/gradient-compression-middle.csv,1.3563368055555555e-05,30,0.014777,0.014669499999999999,0.014855249999999999,0.9996954726940516,False,False
gradient-compression,e77ffd0b75f255761df3bc4c0830771bb75243da7d366a0e80be0186efb789d4,2359296,1,32,0.0,0,bits-sq,512,256,4,upload_shared,/home/jirka/research/2024/bits-knn-jpdc2024/data/application-scaling/ampere02-35760925/gradient-compression-middle.csv,1.3563368055555555e-05,1,0.480858,0.480858,0.480858,1.2623893124373518,False,False
gradient-compression,e77ffd0b75f255761df3bc4c0830771bb75243da7d366a0e80be0186efb789d4,2359296,1,32,0.0,0,bits-sq,512,256,7,download,/home/jirka/research/2024/bits-knn-jpdc2024/data/application-scaling/ampere02-35760925/gradient-compression-middle.csv,1.3563368055555555e-05,30,0.008062,0.0079645,0.008162,0.9993798064996279,False,False
gradient-compression,e77ffd0b75f255761df3bc4c0830771bb75243da7d366a0e80be0186efb789d4,2359296,1,32,0.0,0,bits-sq,512,256,7,operator,/home/jirka/research/2024/bits-knn-jpdc2024/data/application-scaling/ampere02-35760925/gradient-compression-middle.csv,1.3563368055555555e-05,30,0.09636600000000001,0.09572275,0.09742775,0.634585849781043,False,False
gradient-compression,e77ffd0b75f255761df3bc4c0830771bb75243da7d366a0e80be0186efb789d4,2359296,1,32,0.0,0,bits-sq,512,256,7,output_isolated,/home/jirka/research/2024/bits-knn-jpdc2024/data/application-scaling/ampere02-35760925/gradient-compression-middle.csv,1.3563368055555555e-05,30,0.007587,0.00751425,0.0076795000000000006,1.0118623962040332,False,False
gradient-compression,e77ffd0b75f255761df3bc4c0830771bb75243da7d366a0e80be0186efb789d4,2359296,1,32,0.0,0,bits-sq,512,256,7,selection_isolated,/home/jirka/research/2024/bits-knn-jpdc2024/data/application-scaling/ampere02-35760925/gradient-compression-middle.csv,1.3563368055555555e-05,30,0.080061,0.079656,0.080497,0.563932501467631,False,False
gradient-compression,e77ffd0b75f255761df3bc4c0830771bb75243da7d366a0e80be0186efb789d4,2359296,1,32,0.0,0,bits-sq,512,256,7,transform_isolated,/home/jirka/research/2024/bits-knn-jpdc2024/data/application-scaling/ampere02-35760925/gradient-compression-middle.csv,1.3563368055555555e-05,30,0.014622,0.014557,0.014767,1.0102927096156478,False,False
gradient-compression,e77ffd0b75f255761df3bc4c0830771bb75243da7d366a0e80be0186efb789d4,2359296,1,32,0.0,0,bits-sq,512,256,7,upload_shared,/home/jirka/research/2024/bits-knn-jpdc2024/data/application-scaling/ampere02-35760925/gradient-compression-middle.csv,1.3563368055555555e-05,1,0.47761400000000004,0.47761400000000004,0.47761400000000004,1.270963581469555,False,False
gradient-compression,e77ffd0b75f255761df3bc4c0830771bb75243da7d366a0e80be0186efb789d4,2359296,1,32,0.0,0,bits-sq,512,256,8,download,/home/jirka/research/2024/bits-knn-jpdc2024/data/application-scaling/ampere02-35760925/gradient-compression-middle.csv,1.3563368055555555e-05,30,0.008117,0.008012,0.0085705,0.9926081064432674,False,False
gradient-compression,e77ffd0b75f255761df3bc4c0830771bb75243da7d366a0e80be0186efb789d4,2359296,1,32,0.0,0,bits-sq,512,256,8,operator,/home/jirka/research/2024/bits-knn-jpdc2024/data/application-scaling/ampere02-35760925/gradient-compression-middle.csv,1.3563368055555555e-05,30,0.09781799999999999,0.09745200000000001,0.09834475000000001,0.6251661248440983,False,False
gradient-compression,e77ffd0b75f255761df3bc4c0830771bb75243da7d366a0e80be0186efb789d4,2359296,1,32,0.0,0,bits-sq,512,256,8,output_isolated,/home/jirka/research/2024/bits-knn-jpdc2024/data/application-scaling/ampere02-35760925/gradient-compression-middle.csv,1.3563368055555555e-05,30,0.0075915,0.00751125,0.007749249999999999,1.011262596324837,False,False
gradient-compression,e77ffd0b75f255761df3bc4c0830771bb75243da7d366a0e80be0186efb789d4,2359296,1,32,0.0,0,bits-sq,512,256,8,selection_isolated,/home/jirka/research/2024/bits-knn-jpdc2024/data/application-scaling/ampere02-35760925/gradient-compression-middle.csv,1.3563368055555555e-05,30,0.081929,0.08159875,0.082309,0.5510747110302823,False,False
gradient-compression,e77ffd0b75f255761df3bc4c0830771bb75243da7d366a0e80be0186efb789d4,2359296,1,32,0.0,0,bits-sq,512,256,8,transform_isolated,/home/jirka/research/2024/bits-knn-jpdc2024/data/application-scaling/ampere02-35760925/gradient-compression-middle.csv,1.3563368055555555e-05,30,0.014597,0.0145245,0.01472725,1.0120230184284442,False,False
gradient-compression,e77ffd0b75f255761df3bc4c0830771bb75243da7d366a0e80be0186efb789d4,2359296,1,32,0.0,0,bits-sq,512,256,8,upload_shared,/home/jirka/research/2024/bits-knn-jpdc2024/data/application-scaling/ampere02-35760925/gradient-compression-middle.csv,1.3563368055555555e-05,1,0.49021299999999995,0.49021299999999995,0.49021299999999995,1.2382984539373703,False,False
gradient-compression,e77ffd0b75f255761df3bc4c0830771bb75243da7d366a0e80be0186efb789d4,2359296,1,32,0.0,0,bits-sq,512,256,13,download,/home/jirka/research/2024/bits-knn-jpdc2024/data/application-scaling/ampere02-35760925/gradient-compression-middle.csv,1.3563368055555555e-05,30,0.008067000000000001,0.0079745,0.0082155,0.9987603818024047,False,False
gradient-compression,e77ffd0b75f255761df3bc4c0830771bb75243da7d366a0e80be0186efb789d4,2359296,1,32,0.0,0,bits-sq,512,256,13,operator,/home/jirka/research/2024/bits-knn-jpdc2024/data/application-scaling/ampere02-35760925/gradient-compression-middle.csv,1.3563368055555555e-05,30,0.108569,0.107598,0.10913575,0.563259309747718,False,False
gradient-compression,e77ffd0b75f255761df3bc4c0830771bb75243da7d366a0e80be0186efb789d4,2359296,1,32,0.0,0,bits-sq,512,256,13,output_isolated,/home/jirka/research/2024/bits-knn-jpdc2024/data/application-scaling/ampere02-35760925/gradient-compression-middle.csv,1.3563368055555555e-05,30,0.007666,0.007571,0.0077595,1.0014349073832507,False,False
gradient-compression,e77ffd0b75f255761df3bc4c0830771bb75243da7d366a0e80be0186efb789d4,2359296,1,32,0.0,0,bits-sq,512,256,13,selection_isolated,/home/jirka/research/2024/bits-knn-jpdc2024/data/application-scaling/ampere02-35760925/gradient-compression-middle.csv,1.3563368055555555e-05,30,0.0926455,0.09193925,0.0933135,0.4873307392156122,False,False
gradient-compression,e77ffd0b75f255761df3bc4c0830771bb75243da7d366a0e80be0186efb789d4,2359296,1,32,0.0,0,bits-sq,512,256,13,transform_isolated,/home/jirka/research/2024/bits-knn-jpdc2024/data/application-scaling/ampere02-35760925/gradient-compression-middle.csv,1.3563368055555555e-05,30,0.014667,0.0145595,0.0147405,1.0071930183404925,False,False
gradient-compression,e77ffd0b75f255761df3bc4c0830771bb75243da7d366a0e80be0186efb789d4,2359296,1,32,0.0,0,bits-sq,512,256,13,upload_shared,/home/jirka/research/2024/bits-knn-jpdc2024/data/application-scaling/ampere02-35760925/gradient-compression-middle.csv,1.3563368055555555e-05,1,0.48737800000000003,0.48737800000000003,0.48737800000000003,1.245501438308664,False,False
gradient-compression,e77ffd0b75f255761df3bc4c0830771bb75243da7d366a0e80be0186efb789d4,2359296,1,32,0.0,0,bits-sq,512,256,16,download,/home/jirka/research/2024/bits-knn-jpdc2024/data/application-scaling/ampere02-35760925/gradient-compression-middle.csv,1.3563368055555555e-05,30,0.008081999999999999,0.007992,0.0084755,0.9969067062608267,False,False
gradient-compression,e77ffd0b75f255761df3bc4c0830771bb75243da7d366a0e80be0186efb789d4,2359296,1,32,0.0,0,bits-sq,512,256,16,operator,/home/jirka/research/2024/bits-knn-jpdc2024/data/application-scaling/ampere02-35760925/gradient-compression-middle.csv,1.3563368055555555e-05,30,0.122125,0.12100149999999998,0.12266099999999999,0.5007369498464688,False,False
gradient-compression,e77ffd0b75f255761df3bc4c0830771bb75243da7d366a0e80be0186efb789d4,2359296,1,32,0.0,0,bits-sq,512,256,16,output_isolated,/home/jirka/research/2024/bits-knn-jpdc2024/data/application-scaling/ampere02-35760925/gradient-compression-middle.csv,1.3563368055555555e-05,30,0.007662,0.007544250000000001,0.007761749999999999,1.0019577133907596,False,False
gradient-compression,e77ffd0b75f255761df3bc4c0830771bb75243da7d366a0e80be0186efb789d4,2359296,1,32,0.0,0,bits-sq,512,256,16,selection_isolated,/home/jirka/research/2024/bits-knn-jpdc2024/data/application-scaling/ampere02-35760925/gradient-compression-middle.csv,1.3563368055555555e-05,30,0.10520449999999999,0.104939,0.1067395,0.42915464642672135,False,False
gradient-compression,e77ffd0b75f255761df3bc4c0830771bb75243da7d366a0e80be0186efb789d4,2359296,1,32,0.0,0,bits-sq,512,256,16,transform_isolated,/home/jirka/research/2024/bits-knn-jpdc2024/data/application-scaling/ampere02-35760925/gradient-compression-middle.csv,1.3563368055555555e-05,30,0.014717500000000001,0.014663,0.0147995,1.0037370477322916,False,False
gradient-compression,e77ffd0b75f255761df3bc4c0830771bb75243da7d366a0e80be0186efb789d4,2359296,1,32,0.0,0,bits-sq,512,256,16,upload_shared,/home/jirka/research/2024/bits-knn-jpdc2024/data/application-scaling/ampere02-35760925/gradient-compression-middle.csv,1.3563368055555555e-05,1,0.49204499999999995,0.49204499999999995,0.49204499999999995,1.2336879756932804,False,False
gradient-compression,e77ffd0b75f255761df3bc4c0830771bb75243da7d366a0e80be0186efb789d4,2359296,1,32,0.0,0,bits-sq,512,512,4,download,/home/jirka/research/2024/bits-knn-jpdc2024/data/application-scaling/ampere02-35760925/gradient-compression-middle.csv,1.3563368055555555e-05,30,0.008138,0.007939499999999999,0.0090115,0.9900466945195381,False,False
gradient-compression,e77ffd0b75f255761df3bc4c0830771bb75243da7d366a0e80be0186efb789d4,2359296,1,32,0.0,0,bits-sq,512,512,4,operator,/home/jirka/research/2024/bits-knn-jpdc2024/data/application-scaling/ampere02-35760925/gradient-compression-middle.csv,1.3563368055555555e-05,30,0.10031200000000001,0.0999135,0.101774,0.6096229763139005,False,False
gradient-compression,e77ffd0b75f255761df3bc4c0830771bb75243da7d366a0e80be0186efb789d4,2359296,1,32,0.0,0,bits-sq,512,512,4,output_isolated,/home/jirka/research/2024/bits-knn-jpdc2024/data/application-scaling/ampere02-35760925/gradient-compression-middle.csv,1.3563368055555555e-05,30,0.0076115,0.007515999999999999,0.007794249999999999,1.0086053997241016,False,False
gradient-compression,e77ffd0b75f255761df3bc4c0830771bb75243da7d366a0e80be0186efb789d4,2359296,1,32,0.0,0,bits-sq,512,512,4,selection_isolated,/home/jirka/research/2024/bits-knn-jpdc2024/data/application-scaling/ampere02-35760925/gradient-compression-middle.csv,1.3563368055555555e-05,30,0.084137,0.08393225000000001,0.0844355,0.5366129051428028,False,False
gradient-compression,e77ffd0b75f255761df3bc4c0830771bb75243da7d366a0e80be0186efb789d4,2359296,1,32,0.0,0,bits-sq,512,512,4,transform_isolated,/home/jirka/research/2024/bits-knn-jpdc2024/data/application-scaling/ampere02-35760925/gradient-compression-middle.csv,1.3563368055555555e-05,30,0.014672,0.0145545,0.014777249999999999,1.006849781897492,False,False
gradient-compression,e77ffd0b75f255761df3bc4c0830771bb75243da7d366a0e80be0186efb789d4,2359296,1,32,0.0,0,bits-sq,512,512,4,upload_shared,/home/jirka/research/2024/bits-knn-jpdc2024/data/application-scaling/ampere02-35760925/gradient-compression-middle.csv,1.3563368055555555e-05,1,0.467989,0.467989,0.467989,1.297103137039546,False,False
gradient-compression,e77ffd0b75f255761df3bc4c0830771bb75243da7d366a0e80be0186efb789d4,2359296,1,32,0.0,0,bits-sq,512,512,7,download,/home/jirka/research/2024/bits-knn-jpdc2024/data/application-scaling/ampere02-35760925/gradient-compression-middle.csv,1.3563368055555555e-05,30,0.007982,0.007932,0.008175249999999998,1.0093961413179655,False,False
gradient-compression,e77ffd0b75f255761df3bc4c0830771bb75243da7d366a0e80be0186efb789d4,2359296,1,32,0.0,0,bits-sq,512,512,7,operator,/home/jirka/research/2024/bits-knn-jpdc2024/data/application-scaling/ampere02-35760925/gradient-compression-middle.csv,1.3563368055555555e-05,30,0.1299715,0.12969875,0.13036975,0.4705069957644561,False,False
gradient-compression,e77ffd0b75f255761df3bc4c0830771bb75243da7d366a0e80be0186efb789d4,2359296,1,32,0.0,0,bits-sq,512,512,7,output_isolated,/home/jirka/research/2024/bits-knn-jpdc2024/data/application-scaling/ampere02-35760925/gradient-compression-middle.csv,1.3563368055555555e-05,30,0.0076159999999999995,0.00750625,0.007732,1.0080094537815127,False,False
gradient-compression,e77ffd0b75f255761df3bc4c0830771bb75243da7d366a0e80be0186efb789d4,2359296,1,32,0.0,0,bits-sq,512,512,7,selection_isolated,/home/jirka/research/2024/bits-knn-jpdc2024/data/application-scaling/ampere02-35760925/gradient-compression-middle.csv,1.3563368055555555e-05,30,0.1138875,0.11368049999999999,0.11408525,0.3964350784765668,False,False
gradient-compression,e77ffd0b75f255761df3bc4c0830771bb75243da7d366a0e80be0186efb789d4,2359296,1,32,0.0,0,bits-sq,512,512,7,transform_isolated,/home/jirka/research/2024/bits-knn-jpdc2024/data/application-scaling/ampere02-35760925/gradient-compression-middle.csv,1.3563368055555555e-05,30,0.014547000000000001,0.01448425,0.014687249999999999,1.0155014779679659,False,False
gradient-compression,e77ffd0b75f255761df3bc4c0830771bb75243da7d366a0e80be0186efb789d4,2359296,1,32,0.0,0,bits-sq,512,512,7,upload_shared,/home/jirka/research/2024/bits-knn-jpdc2024/data/application-scaling/ampere02-35760925/gradient-compression-middle.csv,1.3563368055555555e-05,1,0.477283,0.477283,0.477283,1.271845006002728,False,False
gradient-compression,e77ffd0b75f255761df3bc4c0830771bb75243da7d366a0e80be0186efb789d4,2359296,1,32,0.0,0,bits-sq,512,512,8,download,/home/jirka/research/2024/bits-knn-jpdc2024/data/application-scaling/ampere02-35760925/gradient-compression-middle.csv,1.3563368055555555e-05,30,0.008102499999999999,0.0079795,0.008473,0.9943844492440607,False,False
gradient-compression,e77ffd0b75f255761df3bc4c0830771bb75243da7d366a0e80be0186efb789d4,2359296,1,32,0.0,0,bits-sq,512,512,8,operator,/home/jirka/research/2024/bits-knn-jpdc2024/data/application-scaling/ampere02-35760925/gradient-compression-middle.csv,1.3563368055555555e-05,30,0.109341,0.10912999999999999,0.11002200000000001,0.5592824283663036,False,False
gradient-compression,e77ffd0b75f255761df3bc4c0830771bb75243da7d366a0e80be0186efb789d4,2359296,1,32,0.0,0,bits-sq,512,512,8,output_isolated,/home/jirka/research/2024/bits-knn-jpdc2024/data/application-scaling/ampere02-35760925/gradient-compression-middle.csv,1.3563368055555555e-05,30,0.007786999999999999,0.00761125,0.007922,0.9858738923847439,False,False
gradient-compression,e77ffd0b75f255761df3bc4c0830771bb75243da7d366a0e80be0186efb789d4,2359296,1,32,0.0,0,bits-sq,512,512,8,selection_isolated,/home/jirka/research/2024/bits-knn-jpdc2024/data/application-scaling/ampere02-35760925/gradient-compression-middle.csv,1.3563368055555555e-05,30,0.092996,0.09285275,0.09319925000000001,0.4854939997419244,False,False
gradient-compression,e77ffd0b75f255761df3bc4c0830771bb75243da7d366a0e80be0186efb789d4,2359296,1,32,0.0,0,bits-sq,512,512,8,transform_isolated,/home/jirka/research/2024/bits-knn-jpdc2024/data/application-scaling/ampere02-35760925/gradient-compression-middle.csv,1.3563368055555555e-05,30,0.014787,0.014699499999999999,0.014957999999999999,0.9990194089402855,False,False
gradient-compression,e77ffd0b75f255761df3bc4c0830771bb75243da7d366a0e80be0186efb789d4,2359296,1,32,0.0,0,bits-sq,512,512,8,upload_shared,/home/jirka/research/2024/bits-knn-jpdc2024/data/application-scaling/ampere02-35760925/gradient-compression-middle.csv,1.3563368055555555e-05,1,0.487239,0.487239,0.487239,1.2458567561299487,False,False
gradient-compression,e77ffd0b75f255761df3bc4c0830771bb75243da7d366a0e80be0186efb789d4,2359296,1,32,0.0,0,bits-sq,512,512,13,download,/home/jirka/research/2024/bits-knn-jpdc2024/data/application-scaling/ampere02-35760925/gradient-compression-middle.csv,1.3563368055555555e-05,30,0.008068,0.0079845,0.008513,0.9986365889935547,False,False
gradient-compression,e77ffd0b75f255761df3bc4c0830771bb75243da7d366a0e80be0186efb789d4,2359296,1,32,0.0,0,bits-sq,512,512,13,operator,/home/jirka/research/2024/bits-knn-jpdc2024/data/application-scaling/ampere02-35760925/gradient-compression-middle.csv,1.3563368055555555e-05,30,0.1298265,0.12932100000000002,0.130147,0.47103249336614633,False,False
gradient-compression,e77ffd0b75f255761df3bc4c0830771bb75243da7d366a0e80be0186efb789d4,2359296,1,32,0.0,0,bits-sq,512,512,13,output_isolated,/home/jirka/research/2024/bits-knn-jpdc2024/data/application-scaling/ampere02-35760925/gradient-compression-middle.csv,1.3563368055555555e-05,30,0.007602,0.0074835,0.007771749999999999,1.0098658247829517,False,False
gradient-compression,e77ffd0b75f255761df3bc4c0830771bb75243da7d366a0e80be0186efb789d4,2359296,1,32,0.0,0,bits-sq,512,512,13,selection_isolated,/home/jirka/research/2024/bits-knn-jpdc2024/data/application-scaling/ampere02-35760925/gradient-compression-middle.csv,1.3563368055555555e-05,30,0.11372199999999999,0.11363224999999999,0.113948,0.3970120117479468,False,False
gradient-compression,e77ffd0b75f255761df3bc4c0830771bb75243da7d366a0e80be0186efb789d4,2359296,1,32,0.0,0,bits-sq,512,512,13,transform_isolated,/home/jirka/research/2024/bits-knn-jpdc2024/data/application-scaling/ampere02-35760925/gradient-compression-middle.csv,1.3563368055555555e-05,30,0.014622,0.0145245,0.0146895,1.0102927096156478,False,False
gradient-compression,e77ffd0b75f255761df3bc4c0830771bb75243da7d366a0e80be0186efb789d4,2359296,1,32,0.0,0,bits-sq,512,512,13,upload_shared,/home/jirka/research/2024/bits-knn-jpdc2024/data/application-scaling/ampere02-35760925/gradient-compression-middle.csv,1.3563368055555555e-05,1,0.488581,0.488581,0.488581,1.2424347242320108,False,False
gradient-compression,e77ffd0b75f255761df3bc4c0830771bb75243da7d366a0e80be0186efb789d4,2359296,1,32,0.0,0,bits-sq,512,512,16,download,/home/jirka/research/2024/bits-knn-jpdc2024/data/application-scaling/ampere02-35760925/gradient-compression-middle.csv,1.3563368055555555e-05,30,0.008037,0.0078845,0.008092,1.002488490730372,False,False
gradient-compression,e77ffd0b75f255761df3bc4c0830771bb75243da7d366a0e80be0186efb789d4,2359296,1,32,0.0,0,bits-sq,512,512,16,operator,/home/jirka/research/2024/bits-knn-jpdc2024/data/application-scaling/ampere02-35760925/gradient-compression-middle.csv,1.3563368055555555e-05,30,0.136687,0.1364195,0.1373405,0.4473907540585425,False,False
gradient-compression,e77ffd0b75f255761df3bc4c0830771bb75243da7d366a0e80be0186efb789d4,2359296,1,32,0.0,0,bits-sq,512,512,16,output_isolated,/home/jirka/research/2024/bits-knn-jpdc2024/data/application-scaling/ampere02-35760925/gradient-compression-middle.csv,1.3563368055555555e-05,30,0.007591,0.007534249999999999,0.0077694999999999995,1.011329205638256,False,False
gradient-compression,e77ffd0b75f255761df3bc4c0830771bb75243da7d366a0e80be0186efb789d4,2359296,1,32,0.0,0,bits-sq,512,512,16,selection_isolated,/home/jirka/research/2024/bits-knn-jpdc2024/data/application-scaling/ampere02-35760925/gradient-compression-middle.csv,1.3563368055555555e-05,30,0.12053749999999999,0.12036475,0.120788,0.3745639323861869,False,False
gradient-compression,e77ffd0b75f255761df3bc4c0830771bb75243da7d366a0e80be0186efb789d4,2359296,1,32,0.0,0,bits-sq,512,512,16,transform_isolated,/home/jirka/research/2024/bits-knn-jpdc2024/data/application-scaling/ampere02-35760925/gradient-compression-middle.csv,1.3563368055555555e-05,30,0.014647,0.014564500000000001,0.014767249999999999,1.008568307503243,False,False
gradient-compression,e77ffd0b75f255761df3bc4c0830771bb75243da7d366a0e80be0186efb789d4,2359296,1,32,0.0,0,bits-sq,512,512,16,upload_shared,/home/jirka/research/2024/bits-knn-jpdc2024/data/application-scaling/ampere02-35760925/gradient-compression-middle.csv,1.3563368055555555e-05,1,0.487349,0.487349,0.487349,1.245575552632713,False,False
gradient-compression,e77ffd0b75f255761df3bc4c0830771bb75243da7d366a0e80be0186efb789d4,2359296,1,32,0.0,0,block-select,1,128,2,download,/home/jirka/research/2024/bits-knn-jpdc2024/data/application-scaling/ampere02-35760925/gradient-compression-middle.csv,1.3563368055555555e-05,30,0.010676,0.009687500000000002,0.011258,0.7546834020232297,False,False
gradient-compression,e77ffd0b75f255761df3bc4c0830771bb75243da7d366a0e80be0186efb789d4,2359296,1,32,0.0,0,block-select,1,128,2,operator,/home/jirka/research/2024/bits-knn-jpdc2024/data/application-scaling/ampere02-35760925/gradient-compression-middle.csv,1.3563368055555555e-05,30,5.021563499999999,5.00407725,5.04037925,0.01217798002554384,False,False
gradient-compression,e77ffd0b75f255761df3bc4c0830771bb75243da7d366a0e80be0186efb789d4,2359296,1,32,0.0,0,block-select,1,128,2,output_isolated,/home/jirka/research/2024/bits-knn-jpdc2024/data/application-scaling/ampere02-35760925/gradient-compression-middle.csv,1.3563368055555555e-05,30,0.009885,0.00940675,0.010758499999999999,0.7766312594840667,False,False
gradient-compression,e77ffd0b75f255761df3bc4c0830771bb75243da7d366a0e80be0186efb789d4,2359296,1,32,0.0,0,block-select,1,128,2,selection_isolated,/home/jirka/research/2024/bits-knn-jpdc2024/data/application-scaling/ampere02-35760925/gradient-compression-middle.csv,1.3563368055555555e-05,30,4.9937965,4.985293500000001,5.00781275,0.009041017190027667,False,False
gradient-compression,e77ffd0b75f255761df3bc4c0830771bb75243da7d366a0e80be0186efb789d4,2359296,1,32,0.0,0,block-select,1,128,2,transform_isolated,/home/jirka/research/2024/bits-knn-jpdc2024/data/application-scaling/ampere02-35760925/gradient-compression-middle.csv,1.3563368055555555e-05,30,0.014807,0.014684749999999998,0.015067999999999998,0.9976700209360437,False,False
gradient-compression,e77ffd0b75f255761df3bc4c0830771bb75243da7d366a0e80be0186efb789d4,2359296,1,32,0.0,0,block-select,1,128,2,upload_shared,/home/jirka/research/2024/bits-knn-jpdc2024/data/application-scaling/ampere02-35760925/gradient-compression-middle.csv,1.3563368055555555e-05,1,0.6070300000000001,0.6070300000000001,0.6070300000000001,1.0,False,False
gradient-compression,e77ffd0b75f255761df3bc4c0830771bb75243da7d366a0e80be0186efb789d4,2359296,1,32,0.0,0,grid-select,1,0,0,download,/home/jirka/research/2024/bits-knn-jpdc2024/data/application-scaling/ampere02-35760925/gradient-compression-middle.csv,1.3563368055555555e-05,30,0.008047,0.0079645,0.0082395,1.0012426991425376,True,True
gradient-compression,e77ffd0b75f255761df3bc4c0830771bb75243da7d366a0e80be0186efb789d4,2359296,1,32,0.0,0,grid-select,1,0,0,operator,/home/jirka/research/2024/bits-knn-jpdc2024/data/application-scaling/ampere02-35760925/gradient-compression-middle.csv,1.3563368055555555e-05,30,0.0743925,0.0742045,0.07504825,0.8220250697314917,True,True
gradient-compression,e77ffd0b75f255761df3bc4c0830771bb75243da7d366a0e80be0186efb789d4,2359296,1,32,0.0,0,grid-select,1,0,0,output_isolated,/home/jirka/research/2024/bits-knn-jpdc2024/data/application-scaling/ampere02-35760925/gradient-compression-middle.csv,1.3563368055555555e-05,30,0.007667,0.0075959999999999995,0.0077894999999999995,1.0013042911177774,True,True
gradient-compression,e77ffd0b75f255761df3bc4c0830771bb75243da7d366a0e80be0186efb789d4,2359296,1,32,0.0,0,grid-select,1,0,0,selection_isolated,/home/jirka/research/2024/bits-knn-jpdc2024/data/application-scaling/ampere02-35760925/gradient-compression-middle.csv,1.3563368055555555e-05,30,0.059360500000000004,0.05925,0.0595,0.760589954599439,True,True
gradient-compression,e77ffd0b75f255761df3bc4c0830771bb75243da7d366a0e80be0186efb789d4,2359296,1,32,0.0,0,grid-select,1,0,0,transform_isolated,/home/jirka/research/2024/bits-knn-jpdc2024/data/application-scaling/ampere02-35760925/gradient-compression-middle.csv,1.3563368055555555e-05,30,0.014647,0.0145445,0.014744750000000001,1.008568307503243,True,True
gradient-compression,e77ffd0b75f255761df3bc4c0830771bb75243da7d366a0e80be0186efb789d4,2359296,1,32,0.0,0,grid-select,1,0,0,upload_shared,/home/jirka/research/2024/bits-knn-jpdc2024/data/application-scaling/ampere02-35760925/gradient-compression-middle.csv,1.3563368055555555e-05,1,0.6070300000000001,0.6070300000000001,0.6070300000000001,1.0,True,True
gradient-compression,e77ffd0b75f255761df3bc4c0830771bb75243da7d366a0e80be0186efb789d4,2359296,1,64,0.0,0,air-topk,1,512,0,download,/home/jirka/research/2024/bits-knn-jpdc2024/data/application-scaling/ampere02-35760925/gradient-compression-middle.csv,2.712673611111111e-05,30,0.007972,0.0078845,0.008117,1.0,True,True
gradient-compression,e77ffd0b75f255761df3bc4c0830771bb75243da7d366a0e80be0186efb789d4,2359296,1,64,0.0,0,air-topk,1,512,0,operator,/home/jirka/research/2024/bits-knn-jpdc2024/data/application-scaling/ampere02-35760925/gradient-compression-middle.csv,2.712673611111111e-05,30,0.060691999999999996,0.059990999999999996,0.06104224999999999,1.0,True,True
gradient-compression,e77ffd0b75f255761df3bc4c0830771bb75243da7d366a0e80be0186efb789d4,2359296,1,64,0.0,0,air-topk,1,512,0,output_isolated,/home/jirka/research/2024/bits-knn-jpdc2024/data/application-scaling/ampere02-35760925/gradient-compression-middle.csv,2.712673611111111e-05,30,0.007587,0.00751375,0.00769125,1.0,True,True
gradient-compression,e77ffd0b75f255761df3bc4c0830771bb75243da7d366a0e80be0186efb789d4,2359296,1,64,0.0,0,air-topk,1,512,0,selection_isolated,/home/jirka/research/2024/bits-knn-jpdc2024/data/application-scaling/ampere02-35760925/gradient-compression-middle.csv,2.712673611111111e-05,30,0.0444675,0.04429725,0.044753,1.0,True,True
gradient-compression,e77ffd0b75f255761df3bc4c0830771bb75243da7d366a0e80be0186efb789d4,2359296,1,64,0.0,0,air-topk,1,512,0,transform_isolated,/home/jirka/research/2024/bits-knn-jpdc2024/data/application-scaling/ampere02-35760925/gradient-compression-middle.csv,2.712673611111111e-05,30,0.014808,0.0146345,0.0149555,1.0,True,True
gradient-compression,e77ffd0b75f255761df3bc4c0830771bb75243da7d366a0e80be0186efb789d4,2359296,1,64,0.0,0,air-topk,1,512,0,upload_shared,/home/jirka/research/2024/bits-knn-jpdc2024/data/application-scaling/ampere02-35760925/gradient-compression-middle.csv,2.712673611111111e-05,1,0.5904149999999999,0.5904149999999999,0.5904149999999999,1.0,True,True
gradient-compression,e77ffd0b75f255761df3bc4c0830771bb75243da7d366a0e80be0186efb789d4,2359296,1,64,0.0,0,bits-prefetch,1,128,4,download,/home/jirka/research/2024/bits-knn-jpdc2024/data/application-scaling/ampere02-35760925/gradient-compression-middle.csv,2.712673611111111e-05,30,0.009364999999999998,0.00893075,0.010366,0.8512546716497599,False,False
gradient-compression,e77ffd0b75f255761df3bc4c0830771bb75243da7d366a0e80be0186efb789d4,2359296,1,64,0.0,0,bits-prefetch,1,128,4,operator,/home/jirka/research/2024/bits-knn-jpdc2024/data/application-scaling/ampere02-35760925/gradient-compression-middle.csv,2.712673611111111e-05,30,2.796101,2.7943765000000003,2.7988382499999997,0.021705939806895384,False,False
gradient-compression,e77ffd0b75f255761df3bc4c0830771bb75243da7d366a0e80be0186efb789d4,2359296,1,64,0.0,0,bits-prefetch,1,128,4,output_isolated,/home/jirka/research/2024/bits-knn-jpdc2024/data/application-scaling/ampere02-35760925/gradient-compression-middle.csv,2.712673611111111e-05,30,0.009173500000000001,0.008768749999999999,0.009527500000000001,0.8270561944732108,False,False
gradient-compression,e77ffd0b75f255761df3bc4c0830771bb75243da7d366a0e80be0186efb789d4,2359296,1,64,0.0,0,bits-prefetch,1,128,4,selection_isolated,/home/jirka/research/2024/bits-knn-jpdc2024/data/application-scaling/ampere02-35760925/gradient-compression-middle.csv,2.712673611111111e-05,30,2.779997,2.7770547499999996,2.7812140000000003,0.015995520858475748,False,False
gradient-compression,e77ffd0b75f255761df3bc4c0830771bb75243da7d366a0e80be0186efb789d4,2359296,1,64,0.0,0,bits-prefetch,1,128,4,transform_isolated,/home/jirka/research/2024/bits-knn-jpdc2024/data/application-scaling/ampere02-35760925/gradient-compression-middle.csv,2.712673611111111e-05,30,0.0146725,0.014524,0.014767249999999999,1.0092349633668427,False,False
gradient-compression,e77ffd0b75f255761df3bc4c0830771bb75243da7d366a0e80be0186efb789d4,2359296,1,64,0.0,0,bits-prefetch,1,128,4,upload_shared,/home/jirka/research/2024/bits-knn-jpdc2024/data/application-scaling/ampere02-35760925/gradient-compression-middle.csv,2.712673611111111e-05,1,0.475781,0.475781,0.475781,1.2409385830875967,False,False
gradient-compression,e77ffd0b75f255761df3bc4c0830771bb75243da7d366a0e80be0186efb789d4,2359296,1,64,0.0,0,bits-prefetch,1,128,7,download,/home/jirka/research/2024/bits-knn-jpdc2024/data/application-scaling/ampere02-35760925/gradient-compression-middle.csv,2.712673611111111e-05,30,0.008953,0.008688,0.0095475,0.8904277895677427,False,False
gradient-compression,e77ffd0b75f255761df3bc4c0830771bb75243da7d366a0e80be0186efb789d4,2359296,1,64,0.0,0,bits-prefetch,1,128,7,operator,/home/jirka/research/2024/bits-knn-jpdc2024/data/application-scaling/ampere02-35760925/gradient-compression-middle.csv,2.712673611111111e-05,30,1.767288,1.7662760000000002,1.7679037499999999,0.03434188428824277,False,False
gradient-compression,e77ffd0b75f255761df3bc4c0830771bb75243da7d366a0e80be0186efb789d4,2359296,1,64,0.0,0,bits-prefetch,1,128,7,output_isolated,/home/jirka/research/2024/bits-knn-jpdc2024/data/application-scaling/ampere02-35760925/gradient-compression-middle.csv,2.712673611111111e-05,30,0.008738,0.00840525,0.00888125,0.8682764934767682,False,False
gradient-compression,e77ffd0b75f255761df3bc4c0830771bb75243da7d366a0e80be0186efb789d4,2359296,1,64,0.0,0,bits-prefetch,1,128,7,selection_isolated,/home/jirka/research/2024/bits-knn-jpdc2024/data/application-scaling/ampere02-35760925/gradient-compression-middle.csv,2.712673611111111e-05,30,1.7514235,1.7500095,1.7524,0.02538934757926909,False,False
gradient-compression,e77ffd0b75f255761df3bc4c0830771bb75243da7d366a0e80be0186efb789d4,2359296,1,64,0.0,0,bits-prefetch,1,128,7,transform_isolated,/home/jirka/research/2024/bits-knn-jpdc2024/data/application-scaling/ampere02-35760925/gradient-compression-middle.csv,2.712673611111111e-05,30,0.0146925,0.0145695,0.01482775,1.0078611536498212,False,False
gradient-compression,e77ffd0b75f255761df3bc4c0830771bb75243da7d366a0e80be0186efb789d4,2359296,1,64,0.0,0,bits-prefetch,1,128,7,upload_shared,/home/jirka/research/2024/bits-knn-jpdc2024/data/application-scaling/ampere02-35760925/gradient-compression-middle.csv,2.712673611111111e-05,1,0.489351,0.489351,0.489351,1.2065266036035482,False,False
gradient-compression,e77ffd0b75f255761df3bc4c0830771bb75243da7d366a0e80be0186efb789d4,2359296,1,64,0.0,0,bits-prefetch,1,128,8,download,/home/jirka/research/2024/bits-knn-jpdc2024/data/application-scaling/ampere02-35760925/gradient-compression-middle.csv,2.712673611111111e-05,30,0.0086135,0.008222,0.009441749999999999,0.9255238869216927,False,False
gradient-compression,e77ffd0b75f255761df3bc4c0830771bb75243da7d366a0e80be0186efb789d4,2359296,1,64,0.0,0,bits-prefetch,1,128,8,operator,/home/jirka/research/2024/bits-knn-jpdc2024/data/application-scaling/ampere02-35760925/gradient-compression-middle.csv,2.712673611111111e-05,30,1.6456490000000001,1.64432375,1.6466849999999997,0.0368802824903731,False,False
gradient-compression,e77ffd0b75f255761df3bc4c0830771bb75243da7d366a0e80be0186efb789d4,2359296,1,64,0.0,0,bits-prefetch,1,128,8,output_isolated,/home/jirka/research/2024/bits-knn-jpdc2024/data/application-scaling/ampere02-35760925/gradient-compression-middle.csv,2.712673611111111e-05,30,0.008583,0.008167,0.0088205,0.8839566585110101,False,False
gradient-compression,e77ffd0b75f255761df3bc4c0830771bb75243da7d366a0e80be0186efb789d4,2359296,1,64,0.0,0,bits-prefetch,1,128,8,selection_isolated,/home/jirka/research/2024/bits-knn-jpdc2024/data/application-scaling/ampere02-35760925/gradient-compression-middle.csv,2.712673611111111e-05,30,1.6286230000000002,1.627741,1.62973425,0.027303740644704144,False,False
gradient-compression,e77ffd0b75f255761df3bc4c0830771bb75243da7d366a0e80be0186efb789d4,2359296,1,64,0.0,0,bits-prefetch,1,128,8,transform_isolated,/home/jirka/research/2024/bits-knn-jpdc2024/data/application-scaling/ampere02-35760925/gradient-compression-middle.csv,2.712673611111111e-05,30,0.014662,0.0145945,0.014702749999999999,1.0099577138180331,False,False
gradient-compression,e77ffd0b75f255761df3bc4c0830771bb75243da7d366a0e80be0186efb789d4,2359296,1,64,0.0,0,bits-prefetch,1,128,8,upload_shared,/home/jirka/research/2024/bits-knn-jpdc2024/data/application-scaling/ampere02-35760925/gradient-compression-middle.csv,2.712673611111111e-05,1,0.486817,0.486817,0.486817,1.2128068658243238,False,False
gradient-compression,e77ffd0b75f255761df3bc4c0830771bb75243da7d366a0e80be0186efb789d4,2359296,1,64,0.0,0,bits-prefetch,1,128,13,download,/home/jirka/research/2024/bits-knn-jpdc2024/data/application-scaling/ampere02-35760925/gradient-compression-middle.csv,2.712673611111111e-05,30,0.0084725,0.008042,0.0086805,0.9409265269991147,False,False
gradient-compression,e77ffd0b75f255761df3bc4c0830771bb75243da7d366a0e80be0186efb789d4,2359296,1,64,0.0,0,bits-prefetch,1,128,13,operator,/home/jirka/research/2024/bits-knn-jpdc2024/data/application-scaling/ampere02-35760925/gradient-compression-middle.csv,2.712673611111111e-05,30,1.409055,1.4086425000000002,1.4098992499999998,0.043072839598170404,False,False
gradient-compression,e77ffd0b75f255761df3bc4c0830771bb75243da7d366a0e80be0186efb789d4,2359296,1,64,0.0,0,bits-prefetch,1,128,13,output_isolated,/home/jirka/research/2024/bits-knn-jpdc2024/data/application-scaling/ampere02-35760925/gradient-compression-middle.csv,2.712673611111111e-05,30,0.0084825,0.0081395,0.00876075,0.8944297082228116,False,False
gradient-compression,e77ffd0b75f255761df3bc4c0830771bb75243da7d366a0e80be0186efb789d4,2359296,1,64,0.0,0,bits-prefetch,1,128,13,selection_isolated,/home/jirka/research/2024/bits-knn-jpdc2024/data/application-scaling/ampere02-35760925/gradient-compression-middle.csv,2.712673611111111e-05,30,1.3921945,1.3915864999999998,1.3928174999999998,0.03194058014163969,False,False
gradient-compression,e77ffd0b75f255761df3bc4c0830771bb75243da7d366a0e80be0186efb789d4,2359296,1,64,0.0,0,bits-prefetch,1,128,13,transform_isolated,/home/jirka/research/2024/bits-knn-jpdc2024/data/application-scaling/ampere02-35760925/gradient-compression-middle.csv,2.712673611111111e-05,30,0.014537000000000001,0.014482,0.014697,1.0186420857123202,False,False
gradient-compression,e77ffd0b75f255761df3bc4c0830771bb75243da7d366a0e80be0186efb789d4,2359296,1,64,0.0,0,bits-prefetch,1,128,13,upload_shared,/home/jirka/research/2024/bits-knn-jpdc2024/data/application-scaling/ampere02-35760925/gradient-compression-middle.csv,2.712673611111111e-05,1,0.487749,0.487749,0.487749,1.2104894115620943,False,False
gradient-compression,e77ffd0b75f255761df3bc4c0830771bb75243da7d366a0e80be0186efb789d4,2359296,1,64,0.0,0,bits-prefetch,1,128,16,download,/home/jirka/research/2024/bits-knn-jpdc2024/data/application-scaling/ampere02-35760925/gradient-compression-middle.csv,2.712673611111111e-05,30,0.008553,0.008064499999999999,0.0092115,0.932070618496434,False,False
gradient-compression,e77ffd0b75f255761df3bc4c0830771bb75243da7d366a0e80be0186efb789d4,2359296,1,64,0.0,0,bits-prefetch,1,128,16,operator,/home/jirka/research/2024/bits-knn-jpdc2024/data/application-scaling/ampere02-35760925/gradient-compression-middle.csv,2.712673611111111e-05,30,1.2777660000000002,1.2770199999999998,1.27861525,0.047498524769010904,False,False
gradient-compression,e77ffd0b75f255761df3bc4c0830771bb75243da7d366a0e80be0186efb789d4,2359296,1,64,0.0,0,bits-prefetch,1,128,16,output_isolated,/home/jirka/research/2024/bits-knn-jpdc2024/data/application-scaling/ampere02-35760925/gradient-compression-middle.csv,2.712673611111111e-05,30,0.008478,0.008077250000000001,0.008893999999999999,0.8949044585987261,False,False
gradient-compression,e77ffd0b75f255761df3bc4c0830771bb75243da7d366a0e80be0186efb789d4,2359296,1,64,0.0,0,bits-prefetch,1,128,16,selection_isolated,/home/jirka/research/2024/bits-knn-jpdc2024/data/application-scaling/ampere02-35760925/gradient-compression-middle.csv,2.712673611111111e-05,30,1.2608255000000002,1.26013925,1.2617167500000002,0.03526856016157668,False,False
gradient-compression,e77ffd0b75f255761df3bc4c0830771bb75243da7d366a0e80be0186efb789d4,2359296,1,64,0.0,0,bits-prefetch,1,128,16,transform_isolated,/home/jirka/research/2024/bits-knn-jpdc2024/data/application-scaling/ampere02-35760925/gradient-compression-middle.csv,2.712673611111111e-05,30,0.014602,0.014477,0.0147095,1.014107656485413,False,False
gradient-compression,e77ffd0b75f255761df3bc4c0830771bb75243da7d366a0e80be0186efb789d4,2359296,1,64,0.0,0,bits-prefetch,1,128,16,upload_shared,/home/jirka/research/2024/bits-knn-jpdc2024/data/application-scaling/ampere02-35760925/gradient-compression-middle.csv,2.712673611111111e-05,1,0.48986199999999996,0.48986199999999996,0.48986199999999996,1.2052680142570764,False,False
gradient-compression,e77ffd0b75f255761df3bc4c0830771bb75243da7d366a0e80be0186efb789d4,2359296,1,64,0.0,0,bits-prefetch,1,256,4,download,/home/jirka/research/2024/bits-knn-jpdc2024/data/application-scaling/ampere02-35760925/gradient-compression-middle.csv,2.712673611111111e-05,30,0.0088635,0.00836725,0.0093465,0.8994189654199808,False,False
gradient-compression,e77ffd0b75f255761df3bc4c0830771bb75243da7d366a0e80be0186efb789d4,2359296,1,64,0.0,0,bits-prefetch,1,256,4,operator,/home/jirka/research/2024/bits-knn-jpdc2024/data/application-scaling/ampere02-35760925/gradient-compression-middle.csv,2.712673611111111e-05,30,1.5353515,1.5346207500000002,1.5364577499999998,0.03952971029760937,False,False
gradient-compression,e77ffd0b75f255761df3bc4c0830771bb75243da7d366a0e80be0186efb789d4,2359296,1,64,0.0,0,bits-prefetch,1,256,4,output_isolated,/home/jirka/research/2024/bits-knn-jpdc2024/data/application-scaling/ampere02-35760925/gradient-compression-middle.csv,2.712673611111111e-05,30,0.008543,0.008022,0.00892875,0.888095516797378,False,False
gradient-compression,e77ffd0b75f255761df3bc4c0830771bb75243da7d366a0e80be0186efb789d4,2359296,1,64,0.0,0,bits-prefetch,1,256,4,selection_isolated,/home/jirka/research/2024/bits-knn-jpdc2024/data/application-scaling/ampere02-35760925/gradient-compression-middle.csv,2.712673611111111e-05,30,1.519542,1.51869925,1.5201357500000001,0.029263751841015255,False,False
gradient-compression,e77ffd0b75f255761df3bc4c0830771bb75243da7d366a0e80be0186efb789d4,2359296,1,64,0.0,0,bits-prefetch,1,256,4,transform_isolated,/home/jirka/research/2024/bits-knn-jpdc2024/data/application-scaling/ampere02-35760925/gradient-compression-middle.csv,2.712673611111111e-05,30,0.0146225,0.014466999999999999,0.014721999999999999,1.0126859292186698,False,False
gradient-compression,e77ffd0b75f255761df3bc4c0830771bb75243da7d366a0e80be0186efb789d4,2359296,1,64,0.0,0,bits-prefetch,1,256,4,upload_shared,/home/jirka/research/2024/bits-knn-jpdc2024/data/application-scaling/ampere02-35760925/gradient-compression-middle.csv,2.712673611111111e-05,1,0.47005199999999997,0.47005199999999997,0.47005199999999997,1.2560631589696458,False,False
gradient-compression,e77ffd0b75f255761df3bc4c0830771bb75243da7d366a0e80be0186efb789d4,2359296,1,64,0.0,0,bits-prefetch,1,256,7,download,/home/jirka/research/2024/bits-knn-jpdc2024/data/application-scaling/ampere02-35760925/gradient-compression-middle.csv,2.712673611111111e-05,30,0.008212500000000001,0.00802025,0.00911125,0.9707153729071536,False,False
gradient-compression,e77ffd0b75f255761df3bc4c0830771bb75243da7d366a0e80be0186efb789d4,2359296,1,64,0.0,0,bits-prefetch,1,256,7,operator,/home/jirka/research/2024/bits-knn-jpdc2024/data/application-scaling/ampere02-35760925/gradient-compression-middle.csv,2.712673611111111e-05,30,1.0101705,1.0093775,1.01132975,0.06008094673126961,False,False
gradient-compression,e77ffd0b75f255761df3bc4c0830771bb75243da7d366a0e80be0186efb789d4,2359296,1,64,0.0,0,bits-prefetch,1,256,7,output_isolated,/home/jirka/research/2024/bits-knn-jpdc2024/data/application-scaling/ampere02-35760925/gradient-compression-middle.csv,2.712673611111111e-05,30,0.0081725,0.0078245,0.008532999999999999,0.9283572958091161,False,False
gradient-compression,e77ffd0b75f255761df3bc4c0830771bb75243da7d366a0e80be0186efb789d4,2359296,1,64,0.0,0,bits-prefetch,1,256,7,selection_isolated,/home/jirka/research/2024/bits-knn-jpdc2024/data/application-scaling/ampere02-35760925/gradient-compression-middle.csv,2.712673611111111e-05,30,0.9942664999999999,0.9934124999999999,0.9951477500000001,0.044723924621819205,False,False
gradient-compression,e77ffd0b75f255761df3bc4c0830771bb75243da7d366a0e80be0186efb789d4,2359296,1,64,0.0,0,bits-prefetch,1,256,7,transform_isolated,/home/jirka/research/2024/bits-knn-jpdc2024/data/application-scaling/ampere02-35760925/gradient-compression-middle.csv,2.712673611111111e-05,30,0.014587,0.01448425,0.014699499999999999,1.015150476451635,False,False
gradient-compression,e77ffd0b75f255761df3bc4c0830771bb75243da7d366a0e80be0186efb789d4,2359296,1,64,0.0,0,bits-prefetch,1,256,7,upload_shared,/home/jirka/research/2024/bits-knn-jpdc2024/data/application-scaling/ampere02-35760925/gradient-compression-middle.csv,2.712673611111111e-05,1,0.479537,0.479537,0.479537,1.2312188631951235,False,False
gradient-compression,e77ffd0b75f255761df3bc4c0830771bb75243da7d366a0e80be0186efb789d4,2359296,1,64,0.0,0,bits-prefetch,1,256,8,download,/home/jirka/research/2024/bits-knn-jpdc2024/data/application-scaling/ampere02-35760925/gradient-compression-middle.csv,2.712673611111111e-05,30,0.0082825,0.007961999999999999,0.00885125,0.9625113190461817,False,False
gradient-compression,e77ffd0b75f255761df3bc4c0830771bb75243da7d366a0e80be0186efb789d4,2359296,1,64,0.0,0,bits-prefetch,1,256,8,operator,/home/jirka/research/2024/bits-knn-jpdc2024/data/application-scaling/ampere02-35760925/gradient-compression-middle.csv,2.712673611111111e-05,30,0.942453,0.9419005,0.94390225,0.06439790631469156,False,False
gradient-compression,e77ffd0b75f255761df3bc4c0830771bb75243da7d366a0e80be0186efb789d4,2359296,1,64,0.0,0,bits-prefetch,1,256,8,output_isolated,/home/jirka/research/2024/bits-knn-jpdc2024/data/application-scaling/ampere02-35760925/gradient-compression-middle.csv,2.712673611111111e-05,30,0.0082875,0.008022999999999999,0.008643,0.915475113122172,False,False
gradient-compression,e77ffd0b75f255761df3bc4c0830771bb75243da7d366a0e80be0186efb789d4,2359296,1,64,0.0,0,bits-prefetch,1,256,8,selection_isolated,/home/jirka/research/2024/bits-knn-jpdc2024/data/application-scaling/ampere02-35760925/gradient-compression-middle.csv,2.712673611111111e-05,30,0.9254425,0.92448275,0.926519,0.04804998689815953,False,False
gradient-compression,e77ffd0b75f255761df3bc4c0830771bb75243da7d366a0e80be0186efb789d4,2359296,1,64,0.0,0,bits-prefetch,1,256,8,transform_isolated,/home/jirka/research/2024/bits-knn-jpdc2024/data/application-scaling/ampere02-35760925/gradient-compression-middle.csv,2.712673611111111e-05,30,0.014587,0.014474500000000001,0.014652,1.015150476451635,False,False
gradient-compression,e77ffd0b75f255761df3bc4c0830771bb75243da7d366a0e80be0186efb789d4,2359296,1,64,0.0,0,bits-prefetch,1,256,8,upload_shared,/home/jirka/research/2024/bits-knn-jpdc2024/data/application-scaling/ampere02-35760925/gradient-compression-middle.csv,2.712673611111111e-05,1,0.479758,0.479758,0.479758,1.2306517035672149,False,False
gradient-compression,e77ffd0b75f255761df3bc4c0830771bb75243da7d366a0e80be0186efb789d4,2359296,1,64,0.0,0,bits-prefetch,1,256,13,download,/home/jirka/research/2024/bits-knn-jpdc2024/data/application-scaling/ampere02-35760925/gradient-compression-middle.csv,2.712673611111111e-05,30,0.008172,0.00800475,0.0088565,0.9755261869799314,False,False
gradient-compression,e77ffd0b75f255761df3bc4c0830771bb75243da7d366a0e80be0186efb789d4,2359296,1,64,0.0,0,bits-prefetch,1,256,13,operator,/home/jirka/research/2024/bits-knn-jpdc2024/data/application-scaling/ampere02-35760925/gradient-compression-middle.csv,2.712673611111111e-05,30,0.8382855,0.838005,0.838676,0.07240015483984871,False,False
gradient-compression,e77ffd0b75f255761df3bc4c0830771bb75243da7d366a0e80be0186efb789d4,2359296,1,64,0.0,0,bits-prefetch,1,256,13,output_isolated,/home/jirka/research/2024/bits-knn-jpdc2024/data/application-scaling/ampere02-35760925/gradient-compression-middle.csv,2.712673611111111e-05,30,0.008137499999999999,0.007752,0.0084155,0.9323502304147466,False,False
gradient-compression,e77ffd0b75f255761df3bc4c0830771bb75243da7d366a0e80be0186efb789d4,2359296,1,64,0.0,0,bits-prefetch,1,256,13,selection_isolated,/home/jirka/research/2024/bits-knn-jpdc2024/data/application-scaling/ampere02-35760925/gradient-compression-middle.csv,2.712673611111111e-05,30,0.8213245,0.8209605,0.8216125000000001,0.05414120728165299,False,False
gradient-compression,e77ffd0b75f255761df3bc4c0830771bb75243da7d366a0e80be0186efb789d4,2359296,1,64,0.0,0,bits-prefetch,1,256,13,transform_isolated,/home/jirka/research/2024/bits-knn-jpdc2024/data/application-scaling/ampere02-35760925/gradient-compression-middle.csv,2.712673611111111e-05,30,0.014572,0.014481250000000001,0.01468525,1.0161954433159484,False,False
gradient-compression,e77ffd0b75f255761df3bc4c0830771bb75243da7d366a0e80be0186efb789d4,2359296,1,64,0.0,0,bits-prefetch,1,256,13,upload_shared,/home/jirka/research/2024/bits-knn-jpdc2024/data/application-scaling/ampere02-35760925/gradient-compression-middle.csv,2.712673611111111e-05,1,0.479547,0.479547,0.479547,1.2311931885717144,False,False
gradient-compression,e77ffd0b75f255761df3bc4c0830771bb75243da7d366a0e80be0186efb789d4,2359296,1,64,0.0,0,bits-prefetch,1,256,16,download,/home/jirka/research/2024/bits-knn-jpdc2024/data/application-scaling/ampere02-35760925/gradient-compression-middle.csv,2.712673611111111e-05,30,0.0081875,0.0079845,0.008778750000000002,0.973679389312977,False,False
gradient-compression,e77ffd0b75f255761df3bc4c0830771bb75243da7d366a0e80be0186efb789d4,2359296,1,64,0.0,0,bits-prefetch,1,256,16,operator,/home/jirka/research/2024/bits-knn-jpdc2024/data/application-scaling/ampere02-35760925/gradient-compression-middle.csv,2.712673611111111e-05,30,0.8149390000000001,0.814449,0.815661,0.07447428580544065,False,False
gradient-compression,e77ffd0b75f255761df3bc4c0830771bb75243da7d366a0e80be0186efb789d4,2359296,1,64,0.0,0,bits-prefetch,1,256,16,output_isolated,/home/jirka/research/2024/bits-knn-jpdc2024/data/application-scaling/ampere02-35760925/gradient-compression-middle.csv,2.712673611111111e-05,30,0.008017,0.007802,0.0084405,0.9463639765498316,False,False
gradient-compression,e77ffd0b75f255761df3bc4c0830771bb75243da7d366a0e80be0186efb789d4,2359296,1,64,0.0,0,bits-prefetch,1,256,16,selection_isolated,/home/jirka/research/2024/bits-knn-jpdc2024/data/application-scaling/ampere02-35760925/gradient-compression-middle.csv,2.712673611111111e-05,30,0.79851,0.7982542499999999,0.7988977500000001,0.055688094075215085,False,False
gradient-compression,e77ffd0b75f255761df3bc4c0830771bb75243da7d366a0e80be0186efb789d4,2359296,1,64,0.0,0,bits-prefetch,1,256,16,transform_isolated,/home/jirka/research/2024/bits-knn-jpdc2024/data/application-scaling/ampere02-35760925/gradient-compression-middle.csv,2.712673611111111e-05,30,0.0146075,0.014472,0.014804500000000002,1.0137258257744308,False,False
gradient-compression,e77ffd0b75f255761df3bc4c0830771bb75243da7d366a0e80be0186efb789d4,2359296,1,64,0.0,0,bits-prefetch,1,256,16,upload_shared,/home/jirka/research/2024/bits-knn-jpdc2024/data/application-scaling/ampere02-35760925/gradient-compression-middle.csv,2.712673611111111e-05,1,0.487599,0.487599,0.487599,1.2108617942202504,False,False
gradient-compression,e77ffd0b75f255761df3bc4c0830771bb75243da7d366a0e80be0186efb789d4,2359296,1,64,0.0,0,bits-prefetch,1,512,4,download,/home/jirka/research/2024/bits-knn-jpdc2024/data/application-scaling/ampere02-35760925/gradient-compression-middle.csv,2.712673611111111e-05,30,0.008227,0.007967,0.0088705,0.9690044973866537,False,False
gradient-compression,e77ffd0b75f255761df3bc4c0830771bb75243da7d366a0e80be0186efb789d4,2359296,1,64,0.0,0,bits-prefetch,1,512,4,operator,/home/jirka/research/2024/bits-knn-jpdc2024/data/application-scaling/ampere02-35760925/gradient-compression-middle.csv,2.712673611111111e-05,30,0.8412495,0.8402455,0.84171825,0.07214506516794364,False,False
gradient-compression,e77ffd0b75f255761df3bc4c0830771bb75243da7d366a0e80be0186efb789d4,2359296,1,64,0.0,0,bits-prefetch,1,512,4,output_isolated,/home/jirka/research/2024/bits-knn-jpdc2024/data/application-scaling/ampere02-35760925/gradient-compression-middle.csv,2.712673611111111e-05,30,0.007942,0.0077845,0.008290249999999999,0.9553009317552255,False,False
gradient-compression,e77ffd0b75f255761df3bc4c0830771bb75243da7d366a0e80be0186efb789d4,2359296,1,64,0.0,0,bits-prefetch,1,512,4,selection_isolated,/home/jirka/research/2024/bits-knn-jpdc2024/data/application-scaling/ampere02-35760925/gradient-compression-middle.csv,2.712673611111111e-05,30,0.8237375,0.822852,0.8245014999999999,0.053982609751286055,False,False
gradient-compression,e77ffd0b75f255761df3bc4c0830771bb75243da7d366a0e80be0186efb789d4,2359296,1,64,0.0,0,bits-prefetch,1,512,4,transform_isolated,/home/jirka/research/2024/bits-knn-jpdc2024/data/application-scaling/ampere02-35760925/gradient-compression-middle.csv,2.712673611111111e-05,30,0.014557,0.01447125,0.014617250000000002,1.017242563715051,False,False
gradient-compression,e77ffd0b75f255761df3bc4c0830771bb75243da7d366a0e80be0186efb789d4,2359296,1,64,0.0,0,bits-prefetch,1,512,4,upload_shared,/home/jirka/research/2024/bits-knn-jpdc2024/data/application-scaling/ampere02-35760925/gradient-compression-middle.csv,2.712673611111111e-05,1,0.47966699999999995,0.47966699999999995,0.47966699999999995,1.23088517659126,False,False
gradient-compression,e77ffd0b75f255761df3bc4c0830771bb75243da7d366a0e80be0186efb789d4,2359296,1,64,0.0,0,bits-prefetch,1,512,7,download,/home/jirka/research/2024/bits-knn-jpdc2024/data/application-scaling/ampere02-35760925/gradient-compression-middle.csv,2.712673611111111e-05,30,0.0082275,0.008052,0.008886249999999998,0.9689456092373139,False,False
gradient-compression,e77ffd0b75f255761df3bc4c0830771bb75243da7d366a0e80be0186efb789d4,2359296,1,64,0.0,0,bits-prefetch,1,512,7,operator,/home/jirka/research/2024/bits-knn-jpdc2024/data/application-scaling/ampere02-35760925/gradient-compression-middle.csv,2.712673611111111e-05,30,0.643049,0.64241625,0.64352325,0.09438161011058255,False,False
gradient-compression,e77ffd0b75f255761df3bc4c0830771bb75243da7d366a0e80be0186efb789d4,2359296,1,64,0.0,0,bits-prefetch,1,512,7,output_isolated,/home/jirka/research/2024/bits-knn-jpdc2024/data/application-scaling/ampere02-35760925/gradient-compression-middle.csv,2.712673611111111e-05,30,0.007807,0.0076387500000000014,0.008092,0.9718201613936212,False,False
gradient-compression,e77ffd0b75f255761df3bc4c0830771bb75243da7d366a0e80be0186efb789d4,2359296,1,64,0.0,0,bits-prefetch,1,512,7,selection_isolated,/home/jirka/research/2024/bits-knn-jpdc2024/data/application-scaling/ampere02-35760925/gradient-compression-middle.csv,2.712673611111111e-05,30,0.6259984999999999,0.6255755000000001,0.6263415,0.07103451525842315,False,False
gradient-compression,e77ffd0b75f255761df3bc4c0830771bb75243da7d366a0e80be0186efb789d4,2359296,1,64,0.0,0,bits-prefetch,1,512,7,transform_isolated,/home/jirka/research/2024/bits-knn-jpdc2024/data/application-scaling/ampere02-35760925/gradient-compression-middle.csv,2.712673611111111e-05,30,0.014607,0.0145095,0.014679499999999998,1.0137605257753133,False,False
gradient-compression,e77ffd0b75f255761df3bc4c0830771bb75243da7d366a0e80be0186efb789d4,2359296,1,64,0.0,0,bits-prefetch,1,512,7,upload_shared,/home/jirka/research/2024/bits-knn-jpdc2024/data/application-scaling/ampere02-35760925/gradient-compression-middle.csv,2.712673611111111e-05,1,0.491054,0.491054,0.491054,1.2023423085852063,False,False
gradient-compression,e77ffd0b75f255761df3bc4c0830771bb75243da7d366a0e80be0186efb789d4,2359296,1,64,0.0,0,bits-prefetch,1,512,8,download,/home/jirka/research/2024/bits-knn-jpdc2024/data/application-scaling/ampere02-35760925/gradient-compression-middle.csv,2.712673611111111e-05,30,0.0080925,0.0079845,0.00896375,0.9851096694470187,False,False
gradient-compression,e77ffd0b75f255761df3bc4c0830771bb75243da7d366a0e80be0186efb789d4,2359296,1,64,0.0,0,bits-prefetch,1,512,8,operator,/home/jirka/research/2024/bits-knn-jpdc2024/data/application-scaling/ampere02-35760925/gradient-compression-middle.csv,2.712673611111111e-05,30,0.6238205,0.62308325,0.6242927500000001,0.09729080721136929,False,False
gradient-compression,e77ffd0b75f255761df3bc4c0830771bb75243da7d366a0e80be0186efb789d4,2359296,1,64,0.0,0,bits-prefetch,1,512,8,output_isolated,/home/jirka/research/2024/bits-knn-jpdc2024/data/application-scaling/ampere02-35760925/gradient-compression-middle.csv,2.712673611111111e-05,30,0.007902,0.0077020000000000005,0.00826275,0.9601366742596812,False,False
gradient-compression,e77ffd0b75f255761df3bc4c0830771bb75243da7d366a0e80be0186efb789d4,2359296,1,64,0.0,0,bits-prefetch,1,512,8,selection_isolated,/home/jirka/research/2024/bits-knn-jpdc2024/data/application-scaling/ampere02-35760925/gradient-compression-middle.csv,2.712673611111111e-05,30,0.6070595,0.6062315,0.6072325,0.07325064511798267,False,False
gradient-compression,e77ffd0b75f255761df3bc4c0830771bb75243da7d366a0e80be0186efb789d4,2359296,1,64,0.0,0,bits-prefetch,1,512,8,transform_isolated,/home/jirka/research/2024/bits-knn-jpdc2024/data/application-scaling/ampere02-35760925/gradient-compression-middle.csv,2.712673611111111e-05,30,0.0146475,0.014552,0.0147805,1.0109575012800818,False,False
gradient-compression,e77ffd0b75f255761df3bc4c0830771bb75243da7d366a0e80be0186efb789d4,2359296,1,64,0.0,0,bits-prefetch,1,512,8,upload_shared,/home/jirka/research/2024/bits-knn-jpdc2024/data/application-scaling/ampere02-35760925/gradient-compression-middle.csv,2.712673611111111e-05,1,0.49384799999999995,0.49384799999999995,0.49384799999999995,1.1955399232152402,False,False
gradient-compression,e77ffd0b75f255761df3bc4c0830771bb75243da7d366a0e80be0186efb789d4,2359296,1,64,0.0,0,bits-prefetch,1,512,13,download,/home/jirka/research/2024/bits-knn-jpdc2024/data/application-scaling/ampere02-35760925/gradient-compression-middle.csv,2.712673611111111e-05,30,0.0081225,0.0079845,0.00872825,0.9814712219144353,False,False
gradient-compression,e77ffd0b75f255761df3bc4c0830771bb75243da7d366a0e80be0186efb789d4,2359296,1,64,0.0,0,bits-prefetch,1,512,13,operator,/home/jirka/research/2024/bits-knn-jpdc2024/data/application-scaling/ampere02-35760925/gradient-compression-middle.csv,2.712673611111111e-05,30,0.586994,0.586669,0.587385,0.10339458324957324,False,False
gradient-compression,e77ffd0b75f255761df3bc4c0830771bb75243da7d366a0e80be0186efb789d4,2359296,1,64,0.0,0,bits-prefetch,1,512,13,output_isolated,/home/jirka/research/2024/bits-knn-jpdc2024/data/application-scaling/ampere02-35760925/gradient-compression-middle.csv,2.712673611111111e-05,30,0.007862000000000001,0.0076035,0.00815475,0.9650216229966928,False,False
gradient-compression,e77ffd0b75f255761df3bc4c0830771bb75243da7d366a0e80be0186efb789d4,2359296,1,64,0.0,0,bits-prefetch,1,512,13,selection_isolated,/home/jirka/research/2024/bits-knn-jpdc2024/data/application-scaling/ampere02-35760925/gradient-compression-middle.csv,2.712673611111111e-05,30,0.570405,0.5700482499999999,0.5708125,0.07795776684986983,False,False
gradient-compression,e77ffd0b75f255761df3bc4c0830771bb75243da7d366a0e80be0186efb789d4,2359296,1,64,0.0,0,bits-prefetch,1,512,13,transform_isolated,/home/jirka/research/2024/bits-knn-jpdc2024/data/application-scaling/ampere02-35760925/gradient-compression-middle.csv,2.712673611111111e-05,30,0.014582000000000001,0.014466999999999999,0.01470975,1.0154985598683308,False,False
gradient-compression,e77ffd0b75f255761df3bc4c0830771bb75243da7d366a0e80be0186efb789d4,2359296,1,64,0.0,0,bits-prefetch,1,512,13,upload_shared,/home/jirka/research/2024/bits-knn-jpdc2024/data/application-scaling/ampere02-35760925/gradient-compression-middle.csv,2.712673611111111e-05,1,0.478605,0.478605,0.478605,1.2336164478014227,False,False
gradient-compression,e77ffd0b75f255761df3bc4c0830771bb75243da7d366a0e80be0186efb789d4,2359296,1,64,0.0,0,bits-prefetch,1,512,16,download,/home/jirka/research/2024/bits-knn-jpdc2024/data/application-scaling/ampere02-35760925/gradient-compression-middle.csv,2.712673611111111e-05,30,0.008283,0.007972,0.008693,0.962453217433297,True,False
gradient-compression,e77ffd0b75f255761df3bc4c0830771bb75243da7d366a0e80be0186efb789d4,2359296,1,64,0.0,0,bits-prefetch,1,512,16,operator,/home/jirka/research/2024/bits-knn-jpdc2024/data/application-scaling/ampere02-35760925/gradient-compression-middle.csv,2.712673611111111e-05,30,0.555126,0.554505,0.5555217499999999,0.10933013405965492,True,False
gradient-compression,e77ffd0b75f255761df3bc4c0830771bb75243da7d366a0e80be0186efb789d4,2359296,1,64,0.0,0,bits-prefetch,1,512,16,output_isolated,/home/jirka/research/2024/bits-knn-jpdc2024/data/application-scaling/ampere02-35760925/gradient-compression-middle.csv,2.712673611111111e-05,30,0.0078465,0.007697,0.0082445,0.9669279296501626,True,False
gradient-compression,e77ffd0b75f255761df3bc4c0830771bb75243da7d366a0e80be0186efb789d4,2359296,1,64,0.0,0,bits-prefetch,1,512,16,selection_isolated,/home/jirka/research/2024/bits-knn-jpdc2024/data/application-scaling/ampere02-35760925/gradient-compression-middle.csv,2.712673611111111e-05,30,0.5381009999999999,0.53776,0.5385635,0.08263783193118021,True,False
gradient-compression,e77ffd0b75f255761df3bc4c0830771bb75243da7d366a0e80be0186efb789d4,2359296,1,64,0.0,0,bits-prefetch,1,512,16,transform_isolated,/home/jirka/research/2024/bits-knn-jpdc2024/data/application-scaling/ampere02-35760925/gradient-compression-middle.csv,2.712673611111111e-05,30,0.0147125,0.0146245,0.014903,1.0064910790144435,True,False
gradient-compression,e77ffd0b75f255761df3bc4c0830771bb75243da7d366a0e80be0186efb789d4,2359296,1,64,0.0,0,bits-prefetch,1,512,16,upload_shared,/home/jirka/research/2024/bits-knn-jpdc2024/data/application-scaling/ampere02-35760925/gradient-compression-middle.csv,2.712673611111111e-05,1,0.5904149999999999,0.5904149999999999,0.5904149999999999,1.0,True,False
gradient-compression,e77ffd0b75f255761df3bc4c0830771bb75243da7d366a0e80be0186efb789d4,2359296,1,64,0.0,0,bits-sq,8,128,4,download,/home/jirka/research/2024/bits-knn-jpdc2024/data/application-scaling/ampere02-35760925/gradient-compression-middle.csv,2.712673611111111e-05,30,0.0081525,0.008062,0.008753750000000001,0.9778595522845752,False,False
gradient-compression,e77ffd0b75f255761df3bc4c0830771bb75243da7d366a0e80be0186efb789d4,2359296,1,64,0.0,0,bits-sq,8,128,4,operator,/home/jirka/research/2024/bits-knn-jpdc2024/data/application-scaling/ampere02-35760925/gradient-compression-middle.csv,2.712673611111111e-05,30,0.450989,0.45060475,0.45131800000000005,0.13457534440973062,False,False
gradient-compression,e77ffd0b75f255761df3bc4c0830771bb75243da7d366a0e80be0186efb789d4,2359296,1,64,0.0,0,bits-sq,8,128,4,output_isolated,/home/jirka/research/2024/bits-knn-jpdc2024/data/application-scaling/ampere02-35760925/gradient-compression-middle.csv,2.712673611111111e-05,30,0.007807,0.00766425,0.007907,0.9718201613936212,False,False
gradient-compression,e77ffd0b75f255761df3bc4c0830771bb75243da7d366a0e80be0186efb789d4,2359296,1,64,0.0,0,bits-sq,8,128,4,selection_isolated,/home/jirka/research/2024/bits-knn-jpdc2024/data/application-scaling/ampere02-35760925/gradient-compression-middle.csv,2.712673611111111e-05,30,0.434238,0.4337595,0.43452625,0.10240352064996615,False,False
gradient-compression,e77ffd0b75f255761df3bc4c0830771bb75243da7d366a0e80be0186efb789d4,2359296,1,64,0.0,0,bits-sq,8,128,4,transform_isolated,/home/jirka/research/2024/bits-knn-jpdc2024/data/application-scaling/ampere02-35760925/gradient-compression-middle.csv,2.712673611111111e-05,30,0.014582000000000001,0.014489499999999999,0.014693,1.0154985598683308,False,False
gradient-compression,e77ffd0b75f255761df3bc4c0830771bb75243da7d366a0e80be0186efb789d4,2359296,1,64,0.0,0,bits-sq,8,128,4,upload_shared,/home/jirka/research/2024/bits-knn-jpdc2024/data/application-scaling/ampere02-35760925/gradient-compression-middle.csv,2.712673611111111e-05,1,0.475781,0.475781,0.475781,1.2409385830875967,False,False
gradient-compression,e77ffd0b75f255761df3bc4c0830771bb75243da7d366a0e80be0186efb789d4,2359296,1,64,0.0,0,bits-sq,8,128,7,download,/home/jirka/research/2024/bits-knn-jpdc2024/data/application-scaling/ampere02-35760925/gradient-compression-middle.csv,2.712673611111111e-05,30,0.008032000000000001,0.007912,0.008508,0.9925298804780875,False,False
gradient-compression,e77ffd0b75f255761df3bc4c0830771bb75243da7d366a0e80be0186efb789d4,2359296,1,64,0.0,0,bits-sq,8,128,7,operator,/home/jirka/research/2024/bits-knn-jpdc2024/data/application-scaling/ampere02-35760925/gradient-compression-middle.csv,2.712673611111111e-05,30,0.38098199999999993,0.38044375,0.3815905,0.15930411410512835,False,False
gradient-compression,e77ffd0b75f255761df3bc4c0830771bb75243da7d366a0e80be0186efb789d4,2359296,1,64,0.0,0,bits-sq,8,128,7,output_isolated,/home/jirka/research/2024/bits-knn-jpdc2024/data/application-scaling/ampere02-35760925/gradient-compression-middle.csv,2.712673611111111e-05,30,0.0078265,0.007732,0.0079995,0.9693988372835878,False,False
gradient-compression,e77ffd0b75f255761df3bc4c0830771bb75243da7d366a0e80be0186efb789d4,2359296,1,64,0.0,0,bits-sq,8,128,7,selection_isolated,/home/jirka/research/2024/bits-knn-jpdc2024/data/application-scaling/ampere02-35760925/gradient-compression-middle.csv,2.712673611111111e-05,30,0.3646125,0.36408175000000004,0.36499299999999996,0.12195824334053275,False,False
gradient-compression,e77ffd0b75f255761df3bc4c0830771bb75243da7d366a0e80be0186efb789d4,2359296,1,64,0.0,0,bits-sq,8,128,7,transform_isolated,/home/jirka/research/2024/bits-knn-jpdc2024/data/application-scaling/ampere02-35760925/gradient-compression-middle.csv,2.712673611111111e-05,30,0.014517,0.014472,0.014659499999999999,1.0200454639388303,False,False
gradient-compression,e77ffd0b75f255761df3bc4c0830771bb75243da7d366a0e80be0186efb789d4,2359296,1,64,0.0,0,bits-sq,8,128,7,upload_shared,/home/jirka/research/2024/bits-knn-jpdc2024/data/application-scaling/ampere02-35760925/gradient-compression-middle.csv,2.712673611111111e-05,1,0.489351,0.489351,0.489351,1.2065266036035482,False,False
gradient-compression,e77ffd0b75f255761df3bc4c0830771bb75243da7d366a0e80be0186efb789d4,2359296,1,64,0.0,0,bits-sq,8,128,8,download,/home/jirka/research/2024/bits-knn-jpdc2024/data/application-scaling/ampere02-35760925/gradient-compression-middle.csv,2.712673611111111e-05,30,0.008138,0.007972,0.0084755,0.9796018677807816,False,False
gradient-compression,e77ffd0b75f255761df3bc4c0830771bb75243da7d366a0e80be0186efb789d4,2359296,1,64,0.0,0,bits-sq,8,128,8,operator,/home/jirka/research/2024/bits-knn-jpdc2024/data/application-scaling/ampere02-35760925/gradient-compression-middle.csv,2.712673611111111e-05,30,0.376751,0.37637774999999996,0.37754199999999993,0.1610931357846429,False,False
gradient-compression,e77ffd0b75f255761df3bc4c0830771bb75243da7d366a0e80be0186efb789d4,2359296,1,64,0.0,0,bits-sq,8,128,8,output_isolated,/home/jirka/research/2024/bits-knn-jpdc2024/data/application-scaling/ampere02-35760925/gradient-compression-middle.csv,2.712673611111111e-05,30,0.007807,0.0076445,0.008037,0.9718201613936212,False,False
gradient-compression,e77ffd0b75f255761df3bc4c0830771bb75243da7d366a0e80be0186efb789d4,2359296,1,64,0.0,0,bits-sq,8,128,8,selection_isolated,/home/jirka/research/2024/bits-knn-jpdc2024/data/application-scaling/ampere02-35760925/gradient-compression-middle.csv,2.712673611111111e-05,30,0.36095200000000005,0.36065125000000003,0.3611345,0.12319505086548903,False,False
gradient-compression,e77ffd0b75f255761df3bc4c0830771bb75243da7d366a0e80be0186efb789d4,2359296,1,64,0.0,0,bits-sq,8,128,8,transform_isolated,/home/jirka/research/2024/bits-knn-jpdc2024/data/application-scaling/ampere02-35760925/gradient-compression-middle.csv,2.712673611111111e-05,30,0.0146175,0.01453125,0.01469025,1.0130323242688557,False,False
gradient-compression,e77ffd0b75f255761df3bc4c0830771bb75243da7d366a0e80be0186efb789d4,2359296,1,64,0.0,0,bits-sq,8,128,8,upload_shared,/home/jirka/research/2024/bits-knn-jpdc2024/data/application-scaling/ampere02-35760925/gradient-compression-middle.csv,2.712673611111111e-05,1,0.486817,0.486817,0.486817,1.2128068658243238,False,False
gradient-compression,e77ffd0b75f255761df3bc4c0830771bb75243da7d366a0e80be0186efb789d4,2359296,1,64,0.0,0,bits-sq,8,128,13,download,/home/jirka/research/2024/bits-knn-jpdc2024/data/application-scaling/ampere02-35760925/gradient-compression-middle.csv,2.712673611111111e-05,30,0.008172,0.007994500000000002,0.0087355,0.9755261869799314,False,False
gradient-compression,e77ffd0b75f255761df3bc4c0830771bb75243da7d366a0e80be0186efb789d4,2359296,1,64,0.0,0,bits-sq,8,128,13,operator,/home/jirka/research/2024/bits-knn-jpdc2024/data/application-scaling/ampere02-35760925/gradient-compression-middle.csv,2.712673611111111e-05,30,0.36527350000000003,0.364873,0.365664,0.16615494964731903,False,False
gradient-compression,e77ffd0b75f255761df3bc4c0830771bb75243da7d366a0e80be0186efb789d4,2359296,1,64,0.0,0,bits-sq,8,128,13,output_isolated,/home/jirka/research/2024/bits-knn-jpdc2024/data/application-scaling/ampere02-35760925/gradient-compression-middle.csv,2.712673611111111e-05,30,0.0077815,0.00761125,0.007977749999999999,0.9750048191222772,False,False
gradient-compression,e77ffd0b75f255761df3bc4c0830771bb75243da7d366a0e80be0186efb789d4,2359296,1,64,0.0,0,bits-sq,8,128,13,selection_isolated,/home/jirka/research/2024/bits-knn-jpdc2024/data/application-scaling/ampere02-35760925/gradient-compression-middle.csv,2.712673611111111e-05,30,0.349024,0.3488815,0.349229,0.12740527872008803,False,False
gradient-compression,e77ffd0b75f255761df3bc4c0830771bb75243da7d366a0e80be0186efb789d4,2359296,1,64,0.0,0,bits-sq,8,128,13,transform_isolated,/home/jirka/research/2024/bits-knn-jpdc2024/data/application-scaling/ampere02-35760925/gradient-compression-middle.csv,2.712673611111111e-05,30,0.014522,0.014482,0.014707,1.0196942569893954,False,False
gradient-compression,e77ffd0b75f255761df3bc4c0830771bb75243da7d366a0e80be0186efb789d4,2359296,1,64,0.0,0,bits-sq,8,128,13,upload_shared,/home/jirka/research/2024/bits-knn-jpdc2024/data/application-scaling/ampere02-35760925/gradient-compression-middle.csv,2.712673611111111e-05,1,0.487749,0.487749,0.487749,1.2104894115620943,False,False
gradient-compression,e77ffd0b75f255761df3bc4c0830771bb75243da7d366a0e80be0186efb789d4,2359296,1,64,0.0,0,bits-sq,8,128,16,download,/home/jirka/research/2024/bits-knn-jpdc2024/data/application-scaling/ampere02-35760925/gradient-compression-middle.csv,2.712673611111111e-05,30,0.0083675,0.0080695,0.008525499999999998,0.9527337914550343,False,False
gradient-compression,e77ffd0b75f255761df3bc4c0830771bb75243da7d366a0e80be0186efb789d4,2359296,1,64,0.0,0,bits-sq,8,128,16,operator,/home/jirka/research/2024/bits-knn-jpdc2024/data/application-scaling/ampere02-35760925/gradient-compression-middle.csv,2.712673611111111e-05,30,0.36062649999999996,0.36039600000000005,0.3611045,0.1682960070876655,False,False
gradient-compression,e77ffd0b75f255761df3bc4c0830771bb75243da7d366a0e80be0186efb789d4,2359296,1,64,0.0,0,bits-sq,8,128,16,output_isolated,/home/jirka/research/2024/bits-knn-jpdc2024/data/application-scaling/ampere02-35760925/gradient-compression-middle.csv,2.712673611111111e-05,30,0.007747,0.00766125,0.00788675,0.9793468439395895,False,False
gradient-compression,e77ffd0b75f255761df3bc4c0830771bb75243da7d366a0e80be0186efb789d4,2359296,1,64,0.0,0,bits-sq,8,128,16,selection_isolated,/home/jirka/research/2024/bits-knn-jpdc2024/data/application-scaling/ampere02-35760925/gradient-compression-middle.csv,2.712673611111111e-05,30,0.3443215,0.344181,0.344542,0.12914529008499323,False,False
gradient-compression,e77ffd0b75f255761df3bc4c0830771bb75243da7d366a0e80be0186efb789d4,2359296,1,64,0.0,0,bits-sq,8,128,16,transform_isolated,/home/jirka/research/2024/bits-knn-jpdc2024/data/application-scaling/ampere02-35760925/gradient-compression-middle.csv,2.712673611111111e-05,30,0.014502,0.014437,0.0147045,1.0211005378568474,False,False
gradient-compression,e77ffd0b75f255761df3bc4c0830771bb75243da7d366a0e80be0186efb789d4,2359296,1,64,0.0,0,bits-sq,8,128,16,upload_shared,/home/jirka/research/2024/bits-knn-jpdc2024/data/application-scaling/ampere02-35760925/gradient-compression-middle.csv,2.712673611111111e-05,1,0.48986199999999996,0.48986199999999996,0.48986199999999996,1.2052680142570764,False,False
gradient-compression,e77ffd0b75f255761df3bc4c0830771bb75243da7d366a0e80be0186efb789d4,2359296,1,64,0.0,0,bits-sq,8,256,4,download,/home/jirka/research/2024/bits-knn-jpdc2024/data/application-scaling/ampere02-35760925/gradient-compression-middle.csv,2.712673611111111e-05,30,0.0080825,0.007951999999999999,0.008423,0.9863284874729354,False,False
gradient-compression,e77ffd0b75f255761df3bc4c0830771bb75243da7d366a0e80be0186efb789d4,2359296,1,64,0.0,0,bits-sq,8,256,4,operator,/home/jirka/research/2024/bits-knn-jpdc2024/data/application-scaling/ampere02-35760925/gradient-compression-middle.csv,2.712673611111111e-05,30,0.268752,0.26778350000000006,0.26897024999999997,0.22582901708638448,False,False
gradient-compression,e77ffd0b75f255761df3bc4c0830771bb75243da7d366a0e80be0186efb789d4,2359296,1,64,0.0,0,bits-sq,8,256,4,output_isolated,/home/jirka/research/2024/bits-knn-jpdc2024/data/application-scaling/ampere02-35760925/gradient-compression-middle.csv,2.712673611111111e-05,30,0.007626000000000001,0.0075545,0.0079195,0.9948859166011014,False,False
gradient-compression,e77ffd0b75f255761df3bc4c0830771bb75243da7d366a0e80be0186efb789d4,2359296,1,64,0.0,0,bits-sq,8,256,4,selection_isolated,/home/jirka/research/2024/bits-knn-jpdc2024/data/application-scaling/ampere02-35760925/gradient-compression-middle.csv,2.712673611111111e-05,30,0.25236749999999997,0.2518495,0.252973,0.17620137299771169,False,False
gradient-compression,e77ffd0b75f255761df3bc4c0830771bb75243da7d366a0e80be0186efb789d4,2359296,1,64,0.0,0,bits-sq,8,256,4,transform_isolated,/home/jirka/research/2024/bits-knn-jpdc2024/data/application-scaling/ampere02-35760925/gradient-compression-middle.csv,2.712673611111111e-05,30,0.014587,0.014492,0.01470475,1.015150476451635,False,False
gradient-compression,e77ffd0b75f255761df3bc4c0830771bb75243da7d366a0e80be0186efb789d4,2359296,1,64,0.0,0,bits-sq,8,256,4,upload_shared,/home/jirka/research/2024/bits-knn-jpdc2024/data/application-scaling/ampere02-35760925/gradient-compression-middle.csv,2.712673611111111e-05,1,0.47005199999999997,0.47005199999999997,0.47005199999999997,1.2560631589696458,False,False
gradient-compression,e77ffd0b75f255761df3bc4c0830771bb75243da7d366a0e80be0186efb789d4,2359296,1,64,0.0,0,bits-sq,8,256,7,download,/home/jirka/research/2024/bits-knn-jpdc2024/data/application-scaling/ampere02-35760925/gradient-compression-middle.csv,2.712673611111111e-05,30,0.008047,0.0079445,0.008540500000000001,0.9906797564309681,False,False
gradient-compression,e77ffd0b75f255761df3bc4c0830771bb75243da7d366a0e80be0186efb789d4,2359296,1,64,0.0,0,bits-sq,8,256,7,operator,/home/jirka/research/2024/bits-knn-jpdc2024/data/application-scaling/ampere02-35760925/gradient-compression-middle.csv,2.712673611111111e-05,30,0.2267485,0.22649324999999998,0.2271215,0.2676621896065465,False,False
gradient-compression,e77ffd0b75f255761df3bc4c0830771bb75243da7d366a0e80be0186efb789d4,2359296,1,64,0.0,0,bits-sq,8,256,7,output_isolated,/home/jirka/research/2024/bits-knn-jpdc2024/data/application-scaling/ampere02-35760925/gradient-compression-middle.csv,2.712673611111111e-05,30,0.0077865,0.007649250000000001,0.008012749999999999,0.9743787324214987,False,False
gradient-compression,e77ffd0b75f255761df3bc4c0830771bb75243da7d366a0e80be0186efb789d4,2359296,1,64,0.0,0,bits-sq,8,256,7,selection_isolated,/home/jirka/research/2024/bits-knn-jpdc2024/data/application-scaling/ampere02-35760925/gradient-compression-middle.csv,2.712673611111111e-05,30,0.210634,0.21027400000000002,0.21100675,0.21111264088418774,False,False
gradient-compression,e77ffd0b75f255761df3bc4c0830771bb75243da7d366a0e80be0186efb789d4,2359296,1,64,0.0,0,bits-sq,8,256,7,transform_isolated,/home/jirka/research/2024/bits-knn-jpdc2024/data/application-scaling/ampere02-35760925/gradient-compression-middle.csv,2.712673611111111e-05,30,0.014612,0.014504499999999998,0.014681999999999999,1.0134136326307144,False,False
gradient-compression,e77ffd0b75f255761df3bc4c0830771bb75243da7d366a0e80be0186efb789d4,2359296,1,64,0.0,0,bits-sq,8,256,7,upload_shared,/home/jirka/research/2024/bits-knn-jpdc2024/data/application-scaling/ampere02-35760925/gradient-compression-middle.csv,2.712673611111111e-05,1,0.479537,0.479537,0.479537,1.2312188631951235,False,False
gradient-compression,e77ffd0b75f255761df3bc4c0830771bb75243da7d366a0e80be0186efb789d4,2359296,1,64,0.0,0,bits-sq,8,256,8,download,/home/jirka/research/2024/bits-knn-jpdc2024/data/application-scaling/ampere02-35760925/gradient-compression-middle.csv,2.712673611111111e-05,30,0.0080375,0.007954499999999998,0.0082295,0.991850699844479,False,False
gradient-compression,e77ffd0b75f255761df3bc4c0830771bb75243da7d366a0e80be0186efb789d4,2359296,1,64,0.0,0,bits-sq,8,256,8,operator,/home/jirka/research/2024/bits-knn-jpdc2024/data/application-scaling/ampere02-35760925/gradient-compression-middle.csv,2.712673611111111e-05,30,0.225336,0.22491100000000003,0.22573200000000002,0.26934000781055845,False,False
gradient-compression,e77ffd0b75f255761df3bc4c0830771bb75243da7d366a0e80be0186efb789d4,2359296,1,64,0.0,0,bits-sq,8,256,8,output_isolated,/home/jirka/research/2024/bits-knn-jpdc2024/data/application-scaling/ampere02-35760925/gradient-compression-middle.csv,2.712673611111111e-05,30,0.0077020000000000005,0.0075945000000000006,0.007942,0.9850688132952479,False,False
gradient-compression,e77ffd0b75f255761df3bc4c0830771bb75243da7d366a0e80be0186efb789d4,2359296,1,64,0.0,0,bits-sq,8,256,8,selection_isolated,/home/jirka/research/2024/bits-knn-jpdc2024/data/application-scaling/ampere02-35760925/gradient-compression-middle.csv,2.712673611111111e-05,30,0.20914149999999998,0.208436,0.20947725,0.2126192075699945,False,False
gradient-compression,e77ffd0b75f255761df3bc4c0830771bb75243da7d366a0e80be0186efb789d4,2359296,1,64,0.0,0,bits-sq,8,256,8,transform_isolated,/home/jirka/research/2024/bits-knn-jpdc2024/data/application-scaling/ampere02-35760925/gradient-compression-middle.csv,2.712673611111111e-05,30,0.014582,0.014464499999999998,0.014670250000000001,1.0154985598683308,False,False
gradient-compression,e77ffd0b75f255761df3bc4c0830771bb75243da7d366a0e80be0186efb789d4,2359296,1,64,0.0,0,bits-sq,8,256,8,upload_shared,/home/jirka/research/2024/bits-knn-jpdc2024/data/application-scaling/ampere02-35760925/gradient-compression-middle.csv,2.712673611111111e-05,1,0.479758,0.479758,0.479758,1.2306517035672149,False,False
gradient-compression,e77ffd0b75f255761df3bc4c0830771bb75243da7d366a0e80be0186efb789d4,2359296,1,64,0.0,0,bits-sq,8,256,13,download,/home/jirka/research/2024/bits-knn-jpdc2024/data/application-scaling/ampere02-35760925/gradient-compression-middle.csv,2.712673611111111e-05,30,0.008012,0.0079445,0.008137,0.9950074887668497,False,False
gradient-compression,e77ffd0b75f255761df3bc4c0830771bb75243da7d366a0e80be0186efb789d4,2359296,1,64,0.0,0,bits-sq,8,256,13,operator,/home/jirka/research/2024/bits-knn-jpdc2024/data/application-scaling/ampere02-35760925/gradient-compression-middle.csv,2.712673611111111e-05,30,0.2161575,0.21576199999999998,0.21639524999999998,0.28077674843574707,False,False
gradient-compression,e77ffd0b75f255761df3bc4c0830771bb75243da7d366a0e80be0186efb789d4,2359296,1,64,0.0,0,bits-sq,8,256,13,output_isolated,/home/jirka/research/2024/bits-knn-jpdc2024/data/application-scaling/ampere02-35760925/gradient-compression-middle.csv,2.712673611111111e-05,30,0.007692,0.00764425,0.007762,0.9863494539781591,False,False
gradient-compression,e77ffd0b75f255761df3bc4c0830771bb75243da7d366a0e80be0186efb789d4,2359296,1,64,0.0,0,bits-sq,8,256,13,selection_isolated,/home/jirka/research/2024/bits-knn-jpdc2024/data/application-scaling/ampere02-35760925/gradient-compression-middle.csv,2.712673611111111e-05,30,0.199853,0.19971525,0.20002124999999998,0.2225010382631234,False,False
gradient-compression,e77ffd0b75f255761df3bc4c0830771bb75243da7d366a0e80be0186efb789d4,2359296,1,64,0.0,0,bits-sq,8,256,13,transform_isolated,/home/jirka/research/2024/bits-knn-jpdc2024/data/application-scaling/ampere02-35760925/gradient-compression-middle.csv,2.712673611111111e-05,30,0.014617,0.01453775,0.01473975,1.0130669768078264,False,False
gradient-compression,e77ffd0b75f255761df3bc4c0830771bb75243da7d366a0e80be0186efb789d4,2359296,1,64,0.0,0,bits-sq,8,256,13,upload_shared,/home/jirka/research/2024/bits-knn-jpdc2024/data/application-scaling/ampere02-35760925/gradient-compression-middle.csv,2.712673611111111e-05,1,0.479547,0.479547,0.479547,1.2311931885717144,False,False
gradient-compression,e77ffd0b75f255761df3bc4c0830771bb75243da7d366a0e80be0186efb789d4,2359296,1,64,0.0,0,bits-sq,8,256,16,download,/home/jirka/research/2024/bits-knn-jpdc2024/data/application-scaling/ampere02-35760925/gradient-compression-middle.csv,2.712673611111111e-05,30,0.008042,0.007967,0.008253,0.9912956975876647,False,False
gradient-compression,e77ffd0b75f255761df3bc4c0830771bb75243da7d366a0e80be0186efb789d4,2359296,1,64,0.0,0,bits-sq,8,256,16,operator,/home/jirka/research/2024/bits-knn-jpdc2024/data/application-scaling/ampere02-35760925/gradient-compression-middle.csv,2.712673611111111e-05,30,0.217239,0.21697075,0.2175275,0.27937893288037596,False,False
gradient-compression,e77ffd0b75f255761df3bc4c0830771bb75243da7d366a0e80be0186efb789d4,2359296,1,64,0.0,0,bits-sq,8,256,16,output_isolated,/home/jirka/research/2024/bits-knn-jpdc2024/data/application-scaling/ampere02-35760925/gradient-compression-middle.csv,2.712673611111111e-05,30,0.007751999999999999,0.007624250000000001,0.007947,0.9787151702786379,False,False
gradient-compression,e77ffd0b75f255761df3bc4c0830771bb75243da7d366a0e80be0186efb789d4,2359296,1,64,0.0,0,bits-sq,8,256,16,selection_isolated,/home/jirka/research/2024/bits-knn-jpdc2024/data/application-scaling/ampere02-35760925/gradient-compression-middle.csv,2.712673611111111e-05,30,0.20118999999999998,0.20104925,0.20133249999999997,0.22102241662110444,False,False
gradient-compression,e77ffd0b75f255761df3bc4c0830771bb75243da7d366a0e80be0186efb789d4,2359296,1,64,0.0,0,bits-sq,8,256,16,transform_isolated,/home/jirka/research/2024/bits-knn-jpdc2024/data/application-scaling/ampere02-35760925/gradient-compression-middle.csv,2.712673611111111e-05,30,0.014567,0.014481250000000001,0.014640249999999999,1.0165442438388137,False,False
gradient-compression,e77ffd0b75f255761df3bc4c0830771bb75243da7d366a0e80be0186efb789d4,2359296,1,64,0.0,0,bits-sq,8,256,16,upload_shared,/home/jirka/research/2024/bits-knn-jpdc2024/data/application-scaling/ampere02-35760925/gradient-compression-middle.csv,2.712673611111111e-05,1,0.487599,0.487599,0.487599,1.2108617942202504,False,False
gradient-compression,e77ffd0b75f255761df3bc4c0830771bb75243da7d366a0e80be0186efb789d4,2359296,1,64,0.0,0,bits-sq,8,512,4,download,/home/jirka/research/2024/bits-knn-jpdc2024/data/application-scaling/ampere02-35760925/gradient-compression-middle.csv,2.712673611111111e-05,30,0.007961999999999999,0.0079045,0.0086205,1.0012559658377294,False,False
gradient-compression,e77ffd0b75f255761df3bc4c0830771bb75243da7d366a0e80be0186efb789d4,2359296,1,64,0.0,0,bits-sq,8,512,4,operator,/home/jirka/research/2024/bits-knn-jpdc2024/data/application-scaling/ampere02-35760925/gradient-compression-middle.csv,2.712673611111111e-05,30,0.1813745,0.18107175,0.1817875,0.33462256270864976,False,False
gradient-compression,e77ffd0b75f255761df3bc4c0830771bb75243da7d366a0e80be0186efb789d4,2359296,1,64,0.0,0,bits-sq,8,512,4,output_isolated,/home/jirka/research/2024/bits-knn-jpdc2024/data/application-scaling/ampere02-35760925/gradient-compression-middle.csv,2.712673611111111e-05,30,0.0077269999999999995,0.0075585,0.0078795,0.9818817134722403,False,False
gradient-compression,e77ffd0b75f255761df3bc4c0830771bb75243da7d366a0e80be0186efb789d4,2359296,1,64,0.0,0,bits-sq,8,512,4,selection_isolated,/home/jirka/research/2024/bits-knn-jpdc2024/data/application-scaling/ampere02-35760925/gradient-compression-middle.csv,2.712673611111111e-05,30,0.16574100000000003,0.165516,0.166016,0.26829511104675363,False,False
gradient-compression,e77ffd0b75f255761df3bc4c0830771bb75243da7d366a0e80be0186efb789d4,2359296,1,64,0.0,0,bits-sq,8,512,4,transform_isolated,/home/jirka/research/2024/bits-knn-jpdc2024/data/application-scaling/ampere02-35760925/gradient-compression-middle.csv,2.712673611111111e-05,30,0.014597,0.014532000000000002,0.01471975,1.014455025005138,False,False
gradient-compression,e77ffd0b75f255761df3bc4c0830771bb75243da7d366a0e80be0186efb789d4,2359296,1,64,0.0,0,bits-sq,8,512,4,upload_shared,/home/jirka/research/2024/bits-knn-jpdc2024/data/application-scaling/ampere02-35760925/gradient-compression-middle.csv,2.712673611111111e-05,1,0.47966699999999995,0.47966699999999995,0.47966699999999995,1.23088517659126,False,False
gradient-compression,e77ffd0b75f255761df3bc4c0830771bb75243da7d366a0e80be0186efb789d4,2359296,1,64,0.0,0,bits-sq,8,512,7,download,/home/jirka/research/2024/bits-knn-jpdc2024/data/application-scaling/ampere02-35760925/gradient-compression-middle.csv,2.712673611111111e-05,30,0.008272499999999999,0.0080245,0.00894075,0.96367482623149,False,False
gradient-compression,e77ffd0b75f255761df3bc4c0830771bb75243da7d366a0e80be0186efb789d4,2359296,1,64,0.0,0,bits-sq,8,512,7,operator,/home/jirka/research/2024/bits-knn-jpdc2024/data/application-scaling/ampere02-35760925/gradient-compression-middle.csv,2.712673611111111e-05,30,0.16806500000000002,0.16793725,0.1682475,0.3611221848689494,False,False
gradient-compression,e77ffd0b75f255761df3bc4c0830771bb75243da7d366a0e80be0186efb789d4,2359296,1,64,0.0,0,bits-sq,8,512,7,output_isolated,/home/jirka/research/2024/bits-knn-jpdc2024/data/application-scaling/ampere02-35760925/gradient-compression-middle.csv,2.712673611111111e-05,30,0.007636500000000001,0.0075120000000000004,0.007799500000000001,0.9935179728933411,False,False
gradient-compression,e77ffd0b75f255761df3bc4c0830771bb75243da7d366a0e80be0186efb789d4,2359296,1,64,0.0,0,bits-sq,8,512,7,selection_isolated,/home/jirka/research/2024/bits-knn-jpdc2024/data/application-scaling/ampere02-35760925/gradient-compression-middle.csv,2.712673611111111e-05,30,0.1520605,0.1519335,0.1523375,0.2924329460971127,False,False
gradient-compression,e77ffd0b75f255761df3bc4c0830771bb75243da7d366a0e80be0186efb789d4,2359296,1,64,0.0,0,bits-sq,8,512,7,transform_isolated,/home/jirka/research/2024/bits-knn-jpdc2024/data/application-scaling/ampere02-35760925/gradient-compression-middle.csv,2.712673611111111e-05,30,0.014587,0.014497,0.01469225,1.015150476451635,False,False
gradient-compression,e77ffd0b75f255761df3bc4c0830771bb75243da7d366a0e80be0186efb789d4,2359296,1,64,0.0,0,bits-sq,8,512,7,upload_shared,/home/jirka/research/2024/bits-knn-jpdc2024/data/application-scaling/ampere02-35760925/gradient-compression-middle.csv,2.712673611111111e-05,1,0.491054,0.491054,0.491054,1.2023423085852063,False,False
gradient-compression,e77ffd0b75f255761df3bc4c0830771bb75243da7d366a0e80be0186efb789d4,2359296,1,64,0.0,0,bits-sq,8,512,8,download,/home/jirka/research/2024/bits-knn-jpdc2024/data/application-scaling/ampere02-35760925/gradient-compression-middle.csv,2.712673611111111e-05,30,0.008077500000000001,0.008002,0.0082295,0.9869390281646547,False,False
gradient-compression,e77ffd0b75f255761df3bc4c0830771bb75243da7d366a0e80be0186efb789d4,2359296,1,64,0.0,0,bits-sq,8,512,8,operator,/home/jirka/research/2024/bits-knn-jpdc2024/data/application-scaling/ampere02-35760925/gradient-compression-middle.csv,2.712673611111111e-05,30,0.16182049999999998,0.1616025,0.162331,0.375057548332875,False,False
gradient-compression,e77ffd0b75f255761df3bc4c0830771bb75243da7d366a0e80be0186efb789d4,2359296,1,64,0.0,0,bits-sq,8,512,8,output_isolated,/home/jirka/research/2024/bits-knn-jpdc2024/data/application-scaling/ampere02-35760925/gradient-compression-middle.csv,2.712673611111111e-05,30,0.007627,0.00755375,0.0077395,0.9947554739740396,False,False
gradient-compression,e77ffd0b75f255761df3bc4c0830771bb75243da7d366a0e80be0186efb789d4,2359296,1,64,0.0,0,bits-sq,8,512,8,selection_isolated,/home/jirka/research/2024/bits-knn-jpdc2024/data/application-scaling/ampere02-35760925/gradient-compression-middle.csv,2.712673611111111e-05,30,0.1457755,0.145545,0.14596425,0.30504097053345725,False,False
gradient-compression,e77ffd0b75f255761df3bc4c0830771bb75243da7d366a0e80be0186efb789d4,2359296,1,64,0.0,0,bits-sq,8,512,8,transform_isolated,/home/jirka/research/2024/bits-knn-jpdc2024/data/application-scaling/ampere02-35760925/gradient-compression-middle.csv,2.712673611111111e-05,30,0.014602,0.014526999999999998,0.014697,1.014107656485413,False,False
gradient-compression,e77ffd0b75f255761df3bc4c0830771bb75243da7d366a0e80be0186efb789d4,2359296,1,64,0.0,0,bits-sq,8,512,8,upload_shared,/home/jirka/research/2024/bits-knn-jpdc2024/data/application-scaling/ampere02-35760925/gradient-compression-middle.csv,2.712673611111111e-05,1,0.49384799999999995,0.49384799999999995,0.49384799999999995,1.1955399232152402,False,False
gradient-compression,e77ffd0b75f255761df3bc4c0830771bb75243da7d366a0e80be0186efb789d4,2359296,1,64,0.0,0,bits-sq,8,512,13,download,/home/jirka/research/2024/bits-knn-jpdc2024/data/application-scaling/ampere02-35760925/gradient-compression-middle.csv,2.712673611111111e-05,30,0.008032000000000001,0.007934499999999999,0.008171999999999999,0.9925298804780875,False,False
gradient-compression,e77ffd0b75f255761df3bc4c0830771bb75243da7d366a0e80be0186efb789d4,2359296,1,64,0.0,0,bits-sq,8,512,13,operator,/home/jirka/research/2024/bits-knn-jpdc2024/data/application-scaling/ampere02-35760925/gradient-compression-middle.csv,2.712673611111111e-05,30,0.154534,0.15427125000000003,0.154975,0.39274205029313936,False,False
gradient-compression,e77ffd0b75f255761df3bc4c0830771bb75243da7d366a0e80be0186efb789d4,2359296,1,64,0.0,0,bits-sq,8,512,13,output_isolated,/home/jirka/research/2024/bits-knn-jpdc2024/data/application-scaling/ampere02-35760925/gradient-compression-middle.csv,2.712673611111111e-05,30,0.007636500000000001,0.0075162499999999995,0.007812,0.9935179728933411,False,False
gradient-compression,e77ffd0b75f255761df3bc4c0830771bb75243da7d366a0e80be0186efb789d4,2359296,1,64,0.0,0,bits-sq,8,512,13,selection_isolated,/home/jirka/research/2024/bits-knn-jpdc2024/data/application-scaling/ampere02-35760925/gradient-compression-middle.csv,2.712673611111111e-05,30,0.1385745,0.13834725,0.1387875,0.32089237197319853,False,False
gradient-compression,e77ffd0b75f255761df3bc4c0830771bb75243da7d366a0e80be0186efb789d4,2359296,1,64,0.0,0,bits-sq,8,512,13,transform_isolated,/home/jirka/research/2024/bits-knn-jpdc2024/data/application-scaling/ampere02-35760925/gradient-compression-middle.csv,2.712673611111111e-05,30,0.014607499999999999,0.014522,0.01468775,1.013725825774431,False,False
gradient-compression,e77ffd0b75f255761df3bc4c0830771bb75243da7d366a0e80be0186efb789d4,2359296,1,64,0.0,0,bits-sq,8,512,13,upload_shared,/home/jirka/research/2024/bits-knn-jpdc2024/data/application-scaling/ampere02-35760925/gradient-compression-middle.csv,2.712673611111111e-05,1,0.478605,0.478605,0.478605,1.2336164478014227,False,False
gradient-compression,e77ffd0b75f255761df3bc4c0830771bb75243da7d366a0e80be0186efb789d4,2359296,1,64,0.0,0,bits-sq,8,512,16,download,/home/jirka/research/2024/bits-knn-jpdc2024/data/application-scaling/ampere02-35760925/gradient-compression-middle.csv,2.712673611111111e-05,30,0.0080325,0.007951999999999999,0.008171999999999999,0.9924680983504514,False,False
gradient-compression,e77ffd0b75f255761df3bc4c0830771bb75243da7d366a0e80be0186efb789d4,2359296,1,64,0.0,0,bits-sq,8,512,16,operator,/home/jirka/research/2024/bits-knn-jpdc2024/data/application-scaling/ampere02-35760925/gradient-compression-middle.csv,2.712673611111111e-05,30,0.1575935,0.157323,0.1578365,0.385117406492019,False,False
gradient-compression,e77ffd0b75f255761df3bc4c0830771bb75243da7d366a0e80be0186efb789d4,2359296,1,64,0.0,0,bits-sq,8,512,16,output_isolated,/home/jirka/research/2024/bits-knn-jpdc2024/data/application-scaling/ampere02-35760925/gradient-compression-middle.csv,2.712673611111111e-05,30,0.007716499999999999,0.007647000000000001,0.007932,0.9832177800816433,False,False
gradient-compression,e77ffd0b75f255761df3bc4c0830771bb75243da7d366a0e80be0186efb789d4,2359296,1,64,0.0,0,bits-sq,8,512,16,selection_isolated,/home/jirka/research/2024/bits-knn-jpdc2024/data/application-scaling/ampere02-35760925/gradient-compression-middle.csv,2.712673611111111e-05,30,0.1403125,0.14012199999999997,0.1407805,0.3169175946547884,False,False
gradient-compression,e77ffd0b75f255761df3bc4c0830771bb75243da7d366a0e80be0186efb789d4,2359296,1,64,0.0,0,bits-sq,8,512,16,transform_isolated,/home/jirka/research/2024/bits-knn-jpdc2024/data/application-scaling/ampere02-35760925/gradient-compression-middle.csv,2.712673611111111e-05,30,0.014852500000000001,0.014642,0.014948,0.9970038714021208,False,False
gradient-compression,e77ffd0b75f255761df3bc4c0830771bb75243da7d366a0e80be0186efb789d4,2359296,1,64,0.0,0,bits-sq,8,512,16,upload_shared,/home/jirka/research/2024/bits-knn-jpdc2024/data/application-scaling/ampere02-35760925/gradient-compression-middle.csv,2.712673611111111e-05,1,0.5904149999999999,0.5904149999999999,0.5904149999999999,1.0,False,False
gradient-compression,e77ffd0b75f255761df3bc4c0830771bb75243da7d366a0e80be0186efb789d4,2359296,1,64,0.0,0,bits-sq,32,128,4,download,/home/jirka/research/2024/bits-knn-jpdc2024/data/application-scaling/ampere02-35760925/gradient-compression-middle.csv,2.712673611111111e-05,30,0.008052,0.007977,0.008177,0.9900645802285146,False,False
gradient-compression,e77ffd0b75f255761df3bc4c0830771bb75243da7d366a0e80be0186efb789d4,2359296,1,64,0.0,0,bits-sq,32,128,4,operator,/home/jirka/research/2024/bits-knn-jpdc2024/data/application-scaling/ampere02-35760925/gradient-compression-middle.csv,2.712673611111111e-05,30,0.176127,0.175691,0.17655525,0.3445922544527528,False,False
gradient-compression,e77ffd0b75f255761df3bc4c0830771bb75243da7d366a0e80be0186efb789d4,2359296,1,64,0.0,0,bits-sq,32,128,4,output_isolated,/home/jirka/research/2024/bits-knn-jpdc2024/data/application-scaling/ampere02-35760925/gradient-compression-middle.csv,2.712673611111111e-05,30,0.007657000000000001,0.00760375,0.007751999999999999,0.9908580383962386,False,False
gradient-compression,e77ffd0b75f255761df3bc4c0830771bb75243da7d366a0e80be0186efb789d4,2359296,1,64,0.0,0,bits-sq,32,128,4,selection_isolated,/home/jirka/research/2024/bits-knn-jpdc2024/data/application-scaling/ampere02-35760925/gradient-compression-middle.csv,2.712673611111111e-05,30,0.15995700000000002,0.159702,0.16016725,0.27799658658264403,False,False
gradient-compression,e77ffd0b75f255761df3bc4c0830771bb75243da7d366a0e80be0186efb789d4,2359296,1,64,0.0,0,bits-sq,32,128,4,transform_isolated,/home/jirka/research/2024/bits-knn-jpdc2024/data/application-scaling/ampere02-35760925/gradient-compression-middle.csv,2.712673611111111e-05,30,0.014547000000000001,0.014472,0.014637749999999998,1.017941843679109,False,False
gradient-compression,e77ffd0b75f255761df3bc4c0830771bb75243da7d366a0e80be0186efb789d4,2359296,1,64,0.0,0,bits-sq,32,128,4,upload_shared,/home/jirka/research/2024/bits-knn-jpdc2024/data/application-scaling/ampere02-35760925/gradient-compression-middle.csv,2.712673611111111e-05,1,0.48667699999999997,0.48667699999999997,0.48667699999999997,1.2131557480628834,False,False
gradient-compression,e77ffd0b75f255761df3bc4c0830771bb75243da7d366a0e80be0186efb789d4,2359296,1,64,0.0,0,bits-sq,32,128,7,download,/home/jirka/research/2024/bits-knn-jpdc2024/data/application-scaling/ampere02-35760925/gradient-compression-middle.csv,2.712673611111111e-05,30,0.007992,0.007906999999999999,0.008040250000000002,0.9974974974974974,False,False
gradient-compression,e77ffd0b75f255761df3bc4c0830771bb75243da7d366a0e80be0186efb789d4,2359296,1,64,0.0,0,bits-sq,32,128,7,operator,/home/jirka/research/2024/bits-knn-jpdc2024/data/application-scaling/ampere02-35760925/gradient-compression-middle.csv,2.712673611111111e-05,30,0.16331249999999997,0.163132,0.16345025,0.37163107539226947,False,False
gradient-compression,e77ffd0b75f255761df3bc4c0830771bb75243da7d366a0e80be0186efb789d4,2359296,1,64,0.0,0,bits-sq,32,128,7,output_isolated,/home/jirka/research/2024/bits-knn-jpdc2024/data/application-scaling/ampere02-35760925/gradient-compression-middle.csv,2.712673611111111e-05,30,0.007581,0.0075435,0.00773875,1.000791452314998,False,False
gradient-compression,e77ffd0b75f255761df3bc4c0830771bb75243da7d366a0e80be0186efb789d4,2359296,1,64,0.0,0,bits-sq,32,128,7,selection_isolated,/home/jirka/research/2024/bits-knn-jpdc2024/data/application-scaling/ampere02-35760925/gradient-compression-middle.csv,2.712673611111111e-05,30,0.14744849999999998,0.14730875000000002,0.14756375,0.30157987365080013,False,False
gradient-compression,e77ffd0b75f255761df3bc4c0830771bb75243da7d366a0e80be0186efb789d4,2359296,1,64,0.0,0,bits-sq,32,128,7,transform_isolated,/home/jirka/research/2024/bits-knn-jpdc2024/data/application-scaling/ampere02-35760925/gradient-compression-middle.csv,2.712673611111111e-05,30,0.014557,0.014474500000000001,0.01462725,1.017242563715051,False,False
gradient-compression,e77ffd0b75f255761df3bc4c0830771bb75243da7d366a0e80be0186efb789d4,2359296,1,64,0.0,0,bits-sq,32,128,7,upload_shared,/home/jirka/research/2024/bits-knn-jpdc2024/data/application-scaling/ampere02-35760925/gradient-compression-middle.csv,2.712673611111111e-05,1,0.478886,0.478886,0.478886,1.2328925882151491,False,False
gradient-compression,e77ffd0b75f255761df3bc4c0830771bb75243da7d366a0e80be0186efb789d4,2359296,1,64,0.0,0,bits-sq,32,128,8,download,/home/jirka/research/2024/bits-knn-jpdc2024/data/application-scaling/ampere02-35760925/gradient-compression-middle.csv,2.712673611111111e-05,30,0.008128,0.0079745,0.008433000000000001,0.9808070866141733,False,False
gradient-compression,e77ffd0b75f255761df3bc4c0830771bb75243da7d366a0e80be0186efb789d4,2359296,1,64,0.0,0,bits-sq,32,128,8,operator,/home/jirka/research/2024/bits-knn-jpdc2024/data/application-scaling/ampere02-35760925/gradient-compression-middle.csv,2.712673611111111e-05,30,0.16564600000000002,0.165446,0.16631925,0.3663958079277495,False,False
gradient-compression,e77ffd0b75f255761df3bc4c0830771bb75243da7d366a0e80be0186efb789d4,2359296,1,64,0.0,0,bits-sq,32,128,8,output_isolated,/home/jirka/research/2024/bits-knn-jpdc2024/data/application-scaling/ampere02-35760925/gradient-compression-middle.csv,2.712673611111111e-05,30,0.007717,0.007653500000000001,0.0078645,0.9831540754179086,False,False
gradient-compression,e77ffd0b75f255761df3bc4c0830771bb75243da7d366a0e80be0186efb789d4,2359296,1,64,0.0,0,bits-sq,32,128,8,selection_isolated,/home/jirka/research/2024/bits-knn-jpdc2024/data/application-scaling/ampere02-35760925/gradient-compression-middle.csv,2.712673611111111e-05,30,0.149522,0.1493335,0.149762,0.29739770736078974,False,False
gradient-compression,e77ffd0b75f255761df3bc4c0830771bb75243da7d366a0e80be0186efb789d4,2359296,1,64,0.0,0,bits-sq,32,128,8,transform_isolated,/home/jirka/research/2024/bits-knn-jpdc2024/data/application-scaling/ampere02-35760925/gradient-compression-middle.csv,2.712673611111111e-05,30,0.014652499999999999,0.014526999999999998,0.01479475,1.0106125234601604,False,False
gradient-compression,e77ffd0b75f255761df3bc4c0830771bb75243da7d366a0e80be0186efb789d4,2359296,1,64,0.0,0,bits-sq,32,128,8,upload_shared,/home/jirka/research/2024/bits-knn-jpdc2024/data/application-scaling/ampere02-35760925/gradient-compression-middle.csv,2.712673611111111e-05,1,0.46873,0.46873,0.46873,1.2596057431783754,False,False
gradient-compression,e77ffd0b75f255761df3bc4c0830771bb75243da7d366a0e80be0186efb789d4,2359296,1,64,0.0,0,bits-sq,32,128,13,download,/home/jirka/research/2024/bits-knn-jpdc2024/data/application-scaling/ampere02-35760925/gradient-compression-middle.csv,2.712673611111111e-05,30,0.0081625,0.00801525,0.008473000000000001,0.9766615620214395,False,False
gradient-compression,e77ffd0b75f255761df3bc4c0830771bb75243da7d366a0e80be0186efb789d4,2359296,1,64,0.0,0,bits-sq,32,128,13,operator,/home/jirka/research/2024/bits-knn-jpdc2024/data/application-scaling/ampere02-35760925/gradient-compression-middle.csv,2.712673611111111e-05,30,0.1752705,0.17491,0.175631,0.3462761845262038,False,False
gradient-compression,e77ffd0b75f255761df3bc4c0830771bb75243da7d366a0e80be0186efb789d4,2359296,1,64,0.0,0,bits-sq,32,128,13,output_isolated,/home/jirka/research/2024/bits-knn-jpdc2024/data/application-scaling/ampere02-35760925/gradient-compression-middle.csv,2.712673611111111e-05,30,0.007647000000000001,0.0075734999999999995,0.007794499999999999,0.9921537857983521,False,False
gradient-compression,e77ffd0b75f255761df3bc4c0830771bb75243da7d366a0e80be0186efb789d4,2359296,1,64,0.0,0,bits-sq,32,128,13,selection_isolated,/home/jirka/research/2024/bits-knn-jpdc2024/data/application-scaling/ampere02-35760925/gradient-compression-middle.csv,2.712673611111111e-05,30,0.159111,0.1589835,0.159237,0.27947470633708543,False,False
gradient-compression,e77ffd0b75f255761df3bc4c0830771bb75243da7d366a0e80be0186efb789d4,2359296,1,64,0.0,0,bits-sq,32,128,13,transform_isolated,/home/jirka/research/2024/bits-knn-jpdc2024/data/application-scaling/ampere02-35760925/gradient-compression-middle.csv,2.712673611111111e-05,30,0.014597,0.014484499999999999,0.01472275,1.014455025005138,False,False
gradient-compression,e77ffd0b75f255761df3bc4c0830771bb75243da7d366a0e80be0186efb789d4,2359296,1,64,0.0,0,bits-sq,32,128,13,upload_shared,/home/jirka/research/2024/bits-knn-jpdc2024/data/application-scaling/ampere02-35760925/gradient-compression-middle.csv,2.712673611111111e-05,1,0.48026800000000003,0.48026800000000003,0.48026800000000003,1.2293448657832708,False,False
gradient-compression,e77ffd0b75f255761df3bc4c0830771bb75243da7d366a0e80be0186efb789d4,2359296,1,64,0.0,0,bits-sq,32,128,16,download,/home/jirka/research/2024/bits-knn-jpdc2024/data/application-scaling/ampere02-35760925/gradient-compression-middle.csv,2.712673611111111e-05,30,0.008157000000000001,0.008082,0.00839775,0.977320093171509,False,False
gradient-compression,e77ffd0b75f255761df3bc4c0830771bb75243da7d366a0e80be0186efb789d4,2359296,1,64,0.0,0,bits-sq,32,128,16,operator,/home/jirka/research/2024/bits-knn-jpdc2024/data/application-scaling/ampere02-35760925/gradient-compression-middle.csv,2.712673611111111e-05,30,0.178796,0.17861025000000003,0.17930849999999998,0.33944830980558843,False,False
gradient-compression,e77ffd0b75f255761df3bc4c0830771bb75243da7d366a0e80be0186efb789d4,2359296,1,64,0.0,0,bits-sq,32,128,16,output_isolated,/home/jirka/research/2024/bits-knn-jpdc2024/data/application-scaling/ampere02-35760925/gradient-compression-middle.csv,2.712673611111111e-05,30,0.0076615,0.00759375,0.007942,0.9902760556026888,False,False
gradient-compression,e77ffd0b75f255761df3bc4c0830771bb75243da7d366a0e80be0186efb789d4,2359296,1,64,0.0,0,bits-sq,32,128,16,selection_isolated,/home/jirka/research/2024/bits-knn-jpdc2024/data/application-scaling/ampere02-35760925/gradient-compression-middle.csv,2.712673611111111e-05,30,0.1628415,0.16277925,0.163052,0.2730722819428708,False,False
gradient-compression,e77ffd0b75f255761df3bc4c0830771bb75243da7d366a0e80be0186efb789d4,2359296,1,64,0.0,0,bits-sq,32,128,16,transform_isolated,/home/jirka/research/2024/bits-knn-jpdc2024/data/application-scaling/ampere02-35760925/gradient-compression-middle.csv,2.712673611111111e-05,30,0.014607,0.0144995,0.01468975,1.0137605257753133,False,False
gradient-compression,e77ffd0b75f255761df3bc4c0830771bb75243da7d366a0e80be0186efb789d4,2359296,1,64,0.0,0,bits-sq,32,128,16,upload_shared,/home/jirka/research/2024/bits-knn-jpdc2024/data/application-scaling/ampere02-35760925/gradient-compression-middle.csv,2.712673611111111e-05,1,0.483402,0.483402,0.483402,1.2213747564139161,False,False
gradient-compression,e77ffd0b75f255761df3bc4c0830771bb75243da7d366a0e80be0186efb789d4,2359296,1,64,0.0,0,bits-sq,32,256,4,download,/home/jirka/research/2024/bits-knn-jpdc2024/data/application-scaling/ampere02-35760925/gradient-compression-middle.csv,2.712673611111111e-05,30,0.0080625,0.007942,0.008202750000000002,0.9887751937984496,False,False
gradient-compression,e77ffd0b75f255761df3bc4c0830771bb75243da7d366a0e80be0186efb789d4,2359296,1,64,0.0,0,bits-sq,32,256,4,operator,/home/jirka/research/2024/bits-knn-jpdc2024/data/application-scaling/ampere02-35760925/gradient-compression-middle.csv,2.712673611111111e-05,30,0.1172575,0.11696699999999999,0.1174855,0.5175958893887385,False,False
gradient-compression,e77ffd0b75f255761df3bc4c0830771bb75243da7d366a0e80be0186efb789d4,2359296,1,64,0.0,0,bits-sq,32,256,4,output_isolated,/home/jirka/research/2024/bits-knn-jpdc2024/data/application-scaling/ampere02-35760925/gradient-compression-middle.csv,2.712673611111111e-05,30,0.0076115,0.00755125,0.007722,0.9967811863627406,False,False
gradient-compression,e77ffd0b75f255761df3bc4c0830771bb75243da7d366a0e80be0186efb789d4,2359296,1,64,0.0,0,bits-sq,32,256,4,selection_isolated,/home/jirka/research/2024/bits-knn-jpdc2024/data/application-scaling/ampere02-35760925/gradient-compression-middle.csv,2.712673611111111e-05,30,0.100893,0.10074549999999999,0.10115299999999999,0.4407391989533466,False,False
gradient-compression,e77ffd0b75f255761df3bc4c0830771bb75243da7d366a0e80be0186efb789d4,2359296,1,64,0.0,0,bits-sq,32,256,4,transform_isolated,/home/jirka/research/2024/bits-knn-jpdc2024/data/application-scaling/ampere02-35760925/gradient-compression-middle.csv,2.712673611111111e-05,30,0.014647,0.014557,0.014722,1.0109920120161124,False,False
gradient-compression,e77ffd0b75f255761df3bc4c0830771bb75243da7d366a0e80be0186efb789d4,2359296,1,64,0.0,0,bits-sq,32,256,4,upload_shared,/home/jirka/research/2024/bits-knn-jpdc2024/data/application-scaling/ampere02-35760925/gradient-compression-middle.csv,2.712673611111111e-05,1,0.479537,0.479537,0.479537,1.2312188631951235,False,False
gradient-compression,e77ffd0b75f255761df3bc4c0830771bb75243da7d366a0e80be0186efb789d4,2359296,1,64,0.0,0,bits-sq,32,256,7,download,/home/jirka/research/2024/bits-knn-jpdc2024/data/application-scaling/ampere02-35760925/gradient-compression-middle.csv,2.712673611111111e-05,30,0.008117,0.00806525,0.008265500000000002,0.9821362572378959,False,False
gradient-compression,e77ffd0b75f255761df3bc4c0830771bb75243da7d366a0e80be0186efb789d4,2359296,1,64,0.0,0,bits-sq,32,256,7,operator,/home/jirka/research/2024/bits-knn-jpdc2024/data/application-scaling/ampere02-35760925/gradient-compression-middle.csv,2.712673611111111e-05,30,0.1061005,0.10551425,0.106376,0.5720236945160484,False,False
gradient-compression,e77ffd0b75f255761df3bc4c0830771bb75243da7d366a0e80be0186efb789d4,2359296,1,64,0.0,0,bits-sq,32,256,7,output_isolated,/home/jirka/research/2024/bits-knn-jpdc2024/data/application-scaling/ampere02-35760925/gradient-compression-middle.csv,2.712673611111111e-05,30,0.007582,0.0074842500000000005,0.0076862499999999995,1.0006594566077551,False,False
gradient-compression,e77ffd0b75f255761df3bc4c0830771bb75243da7d366a0e80be0186efb789d4,2359296,1,64,0.0,0,bits-sq,32,256,7,selection_isolated,/home/jirka/research/2024/bits-knn-jpdc2024/data/application-scaling/ampere02-35760925/gradient-compression-middle.csv,2.712673611111111e-05,30,0.09008150000000001,0.08984099999999999,0.090317,0.4936363182229425,False,False
gradient-compression,e77ffd0b75f255761df3bc4c0830771bb75243da7d366a0e80be0186efb789d4,2359296,1,64,0.0,0,bits-sq,32,256,7,transform_isolated,/home/jirka/research/2024/bits-knn-jpdc2024/data/application-scaling/ampere02-35760925/gradient-compression-middle.csv,2.712673611111111e-05,30,0.014567,0.0145145,0.014609500000000001,1.0165442438388137,False,False
gradient-compression,e77ffd0b75f255761df3bc4c0830771bb75243da7d366a0e80be0186efb789d4,2359296,1,64,0.0,0,bits-sq,32,256,7,upload_shared,/home/jirka/research/2024/bits-knn-jpdc2024/data/application-scaling/ampere02-35760925/gradient-compression-middle.csv,2.712673611111111e-05,1,0.477633,0.477633,0.477633,1.2361269007794686,False,False
gradient-compression,e77ffd0b75f255761df3bc4c0830771bb75243da7d366a0e80be0186efb789d4,2359296,1,64,0.0,0,bits-sq,32,256,8,download,/home/jirka/research/2024/bits-knn-jpdc2024/data/application-scaling/ampere02-35760925/gradient-compression-middle.csv,2.712673611111111e-05,30,0.008117,0.008002,0.008197749999999998,0.9821362572378959,False,False
gradient-compression,e77ffd0b75f255761df3bc4c0830771bb75243da7d366a0e80be0186efb789d4,2359296,1,64,0.0,0,bits-sq,32,256,8,operator,/home/jirka/research/2024/bits-knn-jpdc2024/data/application-scaling/ampere02-35760925/gradient-compression-middle.csv,2.712673611111111e-05,30,0.105294,0.105115,0.105555,0.5764051133018026,False,False
gradient-compression,e77ffd0b75f255761df3bc4c0830771bb75243da7d366a0e80be0186efb789d4,2359296,1,64,0.0,0,bits-sq,32,256,8,output_isolated,/home/jirka/research/2024/bits-knn-jpdc2024/data/application-scaling/ampere02-35760925/gradient-compression-middle.csv,2.712673611111111e-05,30,0.007602,0.007534249999999999,0.0077145,0.9980268350434096,False,False
gradient-compression,e77ffd0b75f255761df3bc4c0830771bb75243da7d366a0e80be0186efb789d4,2359296,1,64,0.0,0,bits-sq,32,256,8,selection_isolated,/home/jirka/research/2024/bits-knn-jpdc2024/data/application-scaling/ampere02-35760925/gradient-compression-middle.csv,2.712673611111111e-05,30,0.089361,0.08914925,0.08947325,0.4976164098432202,False,False
gradient-compression,e77ffd0b75f255761df3bc4c0830771bb75243da7d366a0e80be0186efb789d4,2359296,1,64,0.0,0,bits-sq,32,256,8,transform_isolated,/home/jirka/research/2024/bits-knn-jpdc2024/data/application-scaling/ampere02-35760925/gradient-compression-middle.csv,2.712673611111111e-05,30,0.014532,0.014464499999999998,0.014637,1.018992568125516,False,False
gradient-compression,e77ffd0b75f255761df3bc4c0830771bb75243da7d366a0e80be0186efb789d4,2359296,1,64,0.0,0,bits-sq,32,256,8,upload_shared,/home/jirka/research/2024/bits-knn-jpdc2024/data/application-scaling/ampere02-35760925/gradient-compression-middle.csv,2.712673611111111e-05,1,0.480097,0.480097,0.480097,1.2297827314063614,False,False
gradient-compression,e77ffd0b75f255761df3bc4c0830771bb75243da7d366a0e80be0186efb789d4,2359296,1,64,0.0,0,bits-sq,32,256,13,download,/home/jirka/research/2024/bits-knn-jpdc2024/data/application-scaling/ampere02-35760925/gradient-compression-middle.csv,2.712673611111111e-05,30,0.0081175,0.008012,0.008209500000000002,0.9820757622420696,False,False
gradient-compression,e77ffd0b75f255761df3bc4c0830771bb75243da7d366a0e80be0186efb789d4,2359296,1,64,0.0,0,bits-sq,32,256,13,operator,/home/jirka/research/2024/bits-knn-jpdc2024/data/application-scaling/ampere02-35760925/gradient-compression-middle.csv,2.712673611111111e-05,30,0.10750799999999999,0.10734975000000001,0.1076915,0.5645347322989918,False,False
gradient-compression,e77ffd0b75f255761df3bc4c0830771bb75243da7d366a0e80be0186efb789d4,2359296,1,64,0.0,0,bits-sq,32,256,13,output_isolated,/home/jirka/research/2024/bits-knn-jpdc2024/data/application-scaling/ampere02-35760925/gradient-compression-middle.csv,2.712673611111111e-05,30,0.0075665,0.0075035,0.00765375,1.0027093107777705,False,False
gradient-compression,e77ffd0b75f255761df3bc4c0830771bb75243da7d366a0e80be0186efb789d4,2359296,1,64,0.0,0,bits-sq,32,256,13,selection_isolated,/home/jirka/research/2024/bits-knn-jpdc2024/data/application-scaling/ampere02-35760925/gradient-compression-middle.csv,2.712673611111111e-05,30,0.091433,0.09128825,0.09161875,0.4863397241696105,False,False
gradient-compression,e77ffd0b75f255761df3bc4c0830771bb75243da7d366a0e80be0186efb789d4,2359296,1,64,0.0,0,bits-sq,32,256,13,transform_isolated,/home/jirka/research/2024/bits-knn-jpdc2024/data/application-scaling/ampere02-35760925/gradient-compression-middle.csv,2.712673611111111e-05,30,0.014627000000000001,0.014491249999999999,0.01468275,1.0123743761536883,False,False
gradient-compression,e77ffd0b75f255761df3bc4c0830771bb75243da7d366a0e80be0186efb789d4,2359296,1,64,0.0,0,bits-sq,32,256,13,upload_shared,/home/jirka/research/2024/bits-knn-jpdc2024/data/application-scaling/ampere02-35760925/gradient-compression-middle.csv,2.712673611111111e-05,1,0.473798,0.473798,0.473798,1.2461323179920556,False,False
gradient-compression,e77ffd0b75f255761df3bc4c0830771bb75243da7d366a0e80be0186efb789d4,2359296,1,64,0.0,0,bits-sq,32,256,16,download,/home/jirka/research/2024/bits-knn-jpdc2024/data/application-scaling/ampere02-35760925/gradient-compression-middle.csv,2.712673611111111e-05,30,0.007992,0.007912,0.008182250000000002,0.9974974974974974,False,False
gradient-compression,e77ffd0b75f255761df3bc4c0830771bb75243da7d366a0e80be0186efb789d4,2359296,1,64,0.0,0,bits-sq,32,256,16,operator,/home/jirka/research/2024/bits-knn-jpdc2024/data/application-scaling/ampere02-35760925/gradient-compression-middle.csv,2.712673611111111e-05,30,0.1088095,0.10861675000000001,0.10915249999999999,0.5577821789457721,False,False
gradient-compression,e77ffd0b75f255761df3bc4c0830771bb75243da7d366a0e80be0186efb789d4,2359296,1,64,0.0,0,bits-sq,32,256,16,output_isolated,/home/jirka/research/2024/bits-knn-jpdc2024/data/application-scaling/ampere02-35760925/gradient-compression-middle.csv,2.712673611111111e-05,30,0.007621,0.0075335,0.007727,0.9955386432226742,False,False
gradient-compression,e77ffd0b75f255761df3bc4c0830771bb75243da7d366a0e80be0186efb789d4,2359296,1,64,0.0,0,bits-sq,32,256,16,selection_isolated,/home/jirka/research/2024/bits-knn-jpdc2024/data/application-scaling/ampere02-35760925/gradient-compression-middle.csv,2.712673611111111e-05,30,0.09259,0.09246574999999999,0.0927035,0.48026244734852575,False,False
gradient-compression,e77ffd0b75f255761df3bc4c0830771bb75243da7d366a0e80be0186efb789d4,2359296,1,64,0.0,0,bits-sq,32,256,16,transform_isolated,/home/jirka/research/2024/bits-knn-jpdc2024/data/application-scaling/ampere02-35760925/gradient-compression-middle.csv,2.712673611111111e-05,30,0.0146225,0.0145345,0.0147395,1.0126859292186698,False,False
gradient-compression,e77ffd0b75f255761df3bc4c0830771bb75243da7d366a0e80be0186efb789d4,2359296,1,64,0.0,0,bits-sq,32,256,16,upload_shared,/home/jirka/research/2024/bits-knn-jpdc2024/data/application-scaling/ampere02-35760925/gradient-compression-middle.csv,2.712673611111111e-05,1,0.483192,0.483192,0.483192,1.2219055779069188,False,False
gradient-compression,e77ffd0b75f255761df3bc4c0830771bb75243da7d366a0e80be0186efb789d4,2359296,1,64,0.0,0,bits-sq,32,512,4,download,/home/jirka/research/2024/bits-knn-jpdc2024/data/application-scaling/ampere02-35760925/gradient-compression-middle.csv,2.712673611111111e-05,30,0.008097,0.0080045,0.0084405,0.9845621835247622,False,True
gradient-compression,e77ffd0b75f255761df3bc4c0830771bb75243da7d366a0e80be0186efb789d4,2359296,1,64,0.0,0,bits-sq,32,512,4,operator,/home/jirka/research/2024/bits-knn-jpdc2024/data/application-scaling/ampere02-35760925/gradient-compression-middle.csv,2.712673611111111e-05,30,0.09218499999999999,0.091999,0.09254000000000001,0.6583717524543039,False,True
gradient-compression,e77ffd0b75f255761df3bc4c0830771bb75243da7d366a0e80be0186efb789d4,2359296,1,64,0.0,0,bits-sq,32,512,4,output_isolated,/home/jirka/research/2024/bits-knn-jpdc2024/data/application-scaling/ampere02-35760925/gradient-compression-middle.csv,2.712673611111111e-05,30,0.007601500000000001,0.00752125,0.0077595,0.9980924817470236,False,True
gradient-compression,e77ffd0b75f255761df3bc4c0830771bb75243da7d366a0e80be0186efb789d4,2359296,1,64,0.0,0,bits-sq,32,512,4,selection_isolated,/home/jirka/research/2024/bits-knn-jpdc2024/data/application-scaling/ampere02-35760925/gradient-compression-middle.csv,2.712673611111111e-05,30,0.0761555,0.075905,0.076306,0.583903985923538,False,True
gradient-compression,e77ffd0b75f255761df3bc4c0830771bb75243da7d366a0e80be0186efb789d4,2359296,1,64,0.0,0,bits-sq,32,512,4,transform_isolated,/home/jirka/research/2024/bits-knn-jpdc2024/data/application-scaling/ampere02-35760925/gradient-compression-middle.csv,2.712673611111111e-05,30,0.014617,0.014439500000000001,0.014770250000000002,1.0130669768078264,False,True
gradient-compression,e77ffd0b75f255761df3bc4c0830771bb75243da7d366a0e80be0186efb789d4,2359296,1,64,0.0,0,bits-sq,32,512,4,upload_shared,/home/jirka/research/2024/bits-knn-jpdc2024/data/application-scaling/ampere02-35760925/gradient-compression-middle.csv,2.712673611111111e-05,1,0.48030799999999996,0.48030799999999996,0.48030799999999996,1.2292424860714375,False,True
gradient-compression,e77ffd0b75f255761df3bc4c0830771bb75243da7d366a0e80be0186efb789d4,2359296,1,64,0.0,0,bits-sq,32,512,7,download,/home/jirka/research/2024/bits-knn-jpdc2024/data/application-scaling/ampere02-35760925/gradient-compression-middle.csv,2.712673611111111e-05,30,0.008121999999999999,0.008032000000000001,0.00842975,0.9815316424525979,False,False
gradient-compression,e77ffd0b75f255761df3bc4c0830771bb75243da7d366a0e80be0186efb789d4,2359296,1,64,0.0,0,bits-sq,32,512,7,operator,/home/jirka/research/2024/bits-knn-jpdc2024/data/application-scaling/ampere02-35760925/gradient-compression-middle.csv,2.712673611111111e-05,30,0.092205,0.0919615,0.09262275,0.6582289463695027,False,False
gradient-compression,e77ffd0b75f255761df3bc4c0830771bb75243da7d366a0e80be0186efb789d4,2359296,1,64,0.0,0,bits-sq,32,512,7,output_isolated,/home/jirka/research/2024/bits-knn-jpdc2024/data/application-scaling/ampere02-35760925/gradient-compression-middle.csv,2.712673611111111e-05,30,0.0077015,0.00754125,0.0078195,0.9851327663442186,False,False
gradient-compression,e77ffd0b75f255761df3bc4c0830771bb75243da7d366a0e80be0186efb789d4,2359296,1,64,0.0,0,bits-sq,32,512,7,selection_isolated,/home/jirka/research/2024/bits-knn-jpdc2024/data/application-scaling/ampere02-35760925/gradient-compression-middle.csv,2.712673611111111e-05,30,0.07613550000000001,0.07599025,0.076316,0.5840573713970486,False,False
gradient-compression,e77ffd0b75f255761df3bc4c0830771bb75243da7d366a0e80be0186efb789d4,2359296,1,64,0.0,0,bits-sq,32,512,7,transform_isolated,/home/jirka/research/2024/bits-knn-jpdc2024/data/application-scaling/ampere02-35760925/gradient-compression-middle.csv,2.712673611111111e-05,30,0.014582500000000002,0.014481250000000001,0.01475775,1.0154637407851876,False,False
gradient-compression,e77ffd0b75f255761df3bc4c0830771bb75243da7d366a0e80be0186efb789d4,2359296,1,64,0.0,0,bits-sq,32,512,7,upload_shared,/home/jirka/research/2024/bits-knn-jpdc2024/data/application-scaling/ampere02-35760925/gradient-compression-middle.csv,2.712673611111111e-05,1,0.490112,0.490112,0.490112,1.204653222120658,False,False
gradient-compression,e77ffd0b75f255761df3bc4c0830771bb75243da7d366a0e80be0186efb789d4,2359296,1,64,0.0,0,bits-sq,32,512,8,download,/home/jirka/research/2024/bits-knn-jpdc2024/data/application-scaling/ampere02-35760925/gradient-compression-middle.csv,2.712673611111111e-05,30,0.008042500000000001,0.007997,0.00816975,0.9912340690083927,False,False
gradient-compression,e77ffd0b75f255761df3bc4c0830771bb75243da7d366a0e80be0186efb789d4,2359296,1,64,0.0,0,bits-sq,32,512,8,operator,/home/jirka/research/2024/bits-knn-jpdc2024/data/application-scaling/ampere02-35760925/gradient-compression-middle.csv,2.712673611111111e-05,30,0.09735250000000001,0.09704700000000001,0.09771049999999999,0.6234251816851133,False,False
gradient-compression,e77ffd0b75f255761df3bc4c0830771bb75243da7d366a0e80be0186efb789d4,2359296,1,64,0.0,0,bits-sq,32,512,8,output_isolated,/home/jirka/research/2024/bits-knn-jpdc2024/data/application-scaling/ampere02-35760925/gradient-compression-middle.csv,2.712673611111111e-05,30,0.007622,0.00752125,0.007786999999999999,0.9954080293886118,False,False
gradient-compression,e77ffd0b75f255761df3bc4c0830771bb75243da7d366a0e80be0186efb789d4,2359296,1,64,0.0,0,bits-sq,32,512,8,selection_isolated,/home/jirka/research/2024/bits-knn-jpdc2024/data/application-scaling/ampere02-35760925/gradient-compression-middle.csv,2.712673611111111e-05,30,0.081138,0.0810245,0.081253,0.5480477704651334,False,False
gradient-compression,e77ffd0b75f255761df3bc4c0830771bb75243da7d366a0e80be0186efb789d4,2359296,1,64,0.0,0,bits-sq,32,512,8,transform_isolated,/home/jirka/research/2024/bits-knn-jpdc2024/data/application-scaling/ampere02-35760925/gradient-compression-middle.csv,2.712673611111111e-05,30,0.014647,0.0145845,0.014862,1.0109920120161124,False,False
gradient-compression,e77ffd0b75f255761df3bc4c0830771bb75243da7d366a0e80be0186efb789d4,2359296,1,64,0.0,0,bits-sq,32,512,8,upload_shared,/home/jirka/research/2024/bits-knn-jpdc2024/data/application-scaling/ampere02-35760925/gradient-compression-middle.csv,2.712673611111111e-05,1,0.4883,0.4883,0.4883,1.209123489657997,False,False
gradient-compression,e77ffd0b75f255761df3bc4c0830771bb75243da7d366a0e80be0186efb789d4,2359296,1,64,0.0,0,bits-sq,32,512,13,download,/home/jirka/research/2024/bits-knn-jpdc2024/data/application-scaling/ampere02-35760925/gradient-compression-middle.csv,2.712673611111111e-05,30,0.008143,0.008012,0.008690499999999999,0.9790003684145893,False,False
gradient-compression,e77ffd0b75f255761df3bc4c0830771bb75243da7d366a0e80be0186efb789d4,2359296,1,64,0.0,0,bits-sq,32,512,13,operator,/home/jirka/research/2024/bits-knn-jpdc2024/data/application-scaling/ampere02-35760925/gradient-compression-middle.csv,2.712673611111111e-05,30,0.09035199999999999,0.09019174999999999,0.09052275,0.6717283513369932,False,False
gradient-compression,e77ffd0b75f255761df3bc4c0830771bb75243da7d366a0e80be0186efb789d4,2359296,1,64,0.0,0,bits-sq,32,512,13,output_isolated,/home/jirka/research/2024/bits-knn-jpdc2024/data/application-scaling/ampere02-35760925/gradient-compression-middle.csv,2.712673611111111e-05,30,0.0076170000000000005,0.007561,0.007894499999999999,0.9960614415124064,False,False
gradient-compression,e77ffd0b75f255761df3bc4c0830771bb75243da7d366a0e80be0186efb789d4,2359296,1,64,0.0,0,bits-sq,32,512,13,selection_isolated,/home/jirka/research/2024/bits-knn-jpdc2024/data/application-scaling/ampere02-35760925/gradient-compression-middle.csv,2.712673611111111e-05,30,0.074292,0.07418275,0.0744405,0.5985503149733484,False,False
gradient-compression,e77ffd0b75f255761df3bc4c0830771bb75243da7d366a0e80be0186efb789d4,2359296,1,64,0.0,0,bits-sq,32,512,13,transform_isolated,/home/jirka/research/2024/bits-knn-jpdc2024/data/application-scaling/ampere02-35760925/gradient-compression-middle.csv,2.712673611111111e-05,30,0.014641999999999999,0.014511999999999999,0.014807,1.0113372490096981,False,False
gradient-compression,e77ffd0b75f255761df3bc4c0830771bb75243da7d366a0e80be0186efb789d4,2359296,1,64,0.0,0,bits-sq,32,512,13,upload_shared,/home/jirka/research/2024/bits-knn-jpdc2024/data/application-scaling/ampere02-35760925/gradient-compression-middle.csv,2.712673611111111e-05,1,0.479015,0.479015,0.479015,1.2325605669968578,False,False
gradient-compression,e77ffd0b75f255761df3bc4c0830771bb75243da7d366a0e80be0186efb789d4,2359296,1,64,0.0,0,bits-sq,32,512,16,download,/home/jirka/research/2024/bits-knn-jpdc2024/data/application-scaling/ampere02-35760925/gradient-compression-middle.csv,2.712673611111111e-05,30,0.008072,0.0080445,0.0081895,0.9876114965312192,False,False
gradient-compression,e77ffd0b75f255761df3bc4c0830771bb75243da7d366a0e80be0186efb789d4,2359296,1,64,0.0,0,bits-sq,32,512,16,operator,/home/jirka/research/2024/bits-knn-jpdc2024/data/application-scaling/ampere02-35760925/gradient-compression-middle.csv,2.712673611111111e-05,30,0.097623,0.09748050000000001,0.09806125,0.6216977556518443,False,False
gradient-compression,e77ffd0b75f255761df3bc4c0830771bb75243da7d366a0e80be0186efb789d4,2359296,1,64,0.0,0,bits-sq,32,512,16,output_isolated,/home/jirka/research/2024/bits-knn-jpdc2024/data/application-scaling/ampere02-35760925/gradient-compression-middle.csv,2.712673611111111e-05,30,0.0076265000000000005,0.00754175,0.007699500000000001,0.9948206910116042,False,False
gradient-compression,e77ffd0b75f255761df3bc4c0830771bb75243da7d366a0e80be0186efb789d4,2359296,1,64,0.0,0,bits-sq,32,512,16,selection_isolated,/home/jirka/research/2024/bits-knn-jpdc2024/data/application-scaling/ampere02-35760925/gradient-compression-middle.csv,2.712673611111111e-05,30,0.08146400000000001,0.08139325,0.081649,0.5458546106255523,False,False
gradient-compression,e77ffd0b75f255761df3bc4c0830771bb75243da7d366a0e80be0186efb789d4,2359296,1,64,0.0,0,bits-sq,32,512,16,transform_isolated,/home/jirka/research/2024/bits-knn-jpdc2024/data/application-scaling/ampere02-35760925/gradient-compression-middle.csv,2.712673611111111e-05,30,0.014637,0.014521999999999998,0.014728000000000002,1.0116827218692355,False,False
gradient-compression,e77ffd0b75f255761df3bc4c0830771bb75243da7d366a0e80be0186efb789d4,2359296,1,64,0.0,0,bits-sq,32,512,16,upload_shared,/home/jirka/research/2024/bits-knn-jpdc2024/data/application-scaling/ampere02-35760925/gradient-compression-middle.csv,2.712673611111111e-05,1,0.48436399999999996,0.48436399999999996,0.48436399999999996,1.2189489722605313,False,False
gradient-compression,e77ffd0b75f255761df3bc4c0830771bb75243da7d366a0e80be0186efb789d4,2359296,1,64,0.0,0,bits-sq,128,128,4,download,/home/jirka/research/2024/bits-knn-jpdc2024/data/application-scaling/ampere02-35760925/gradient-compression-middle.csv,2.712673611111111e-05,30,0.008087,0.007997,0.008237999999999999,0.9857796463459874,False,False
gradient-compression,e77ffd0b75f255761df3bc4c0830771bb75243da7d366a0e80be0186efb789d4,2359296,1,64,0.0,0,bits-sq,128,128,4,operator,/home/jirka/research/2024/bits-knn-jpdc2024/data/application-scaling/ampere02-35760925/gradient-compression-middle.csv,2.712673611111111e-05,30,0.11545,0.11533500000000001,0.11565775,0.5256994369857081,False,False
gradient-compression,e77ffd0b75f255761df3bc4c0830771bb75243da7d366a0e80be0186efb789d4,2359296,1,64,0.0,0,bits-sq,128,128,4,output_isolated,/home/jirka/research/2024/bits-knn-jpdc2024/data/application-scaling/ampere02-35760925/gradient-compression-middle.csv,2.712673611111111e-05,30,0.007667,0.0075745,0.007837,0.98956567105778,False,False
gradient-compression,e77ffd0b75f255761df3bc4c0830771bb75243da7d366a0e80be0186efb789d4,2359296,1,64,0.0,0,bits-sq,128,128,4,selection_isolated,/home/jirka/research/2024/bits-knn-jpdc2024/data/application-scaling/ampere02-35760925/gradient-compression-middle.csv,2.712673611111111e-05,30,0.0994555,0.09934325,0.0996485,0.4471095112889684,False,False
gradient-compression,e77ffd0b75f255761df3bc4c0830771bb75243da7d366a0e80be0186efb789d4,2359296,1,64,0.0,0,bits-sq,128,128,4,transform_isolated,/home/jirka/research/2024/bits-knn-jpdc2024/data/application-scaling/ampere02-35760925/gradient-compression-middle.csv,2.712673611111111e-05,30,0.014637500000000001,0.0145095,0.01471975,1.0116481639624253,False,False
gradient-compression,e77ffd0b75f255761df3bc4c0830771bb75243da7d366a0e80be0186efb789d4,2359296,1,64,0.0,0,bits-sq,128,128,4,upload_shared,/home/jirka/research/2024/bits-knn-jpdc2024/data/application-scaling/ampere02-35760925/gradient-compression-middle.csv,2.712673611111111e-05,1,0.472566,0.472566,0.472566,1.2493810388390192,False,False
gradient-compression,e77ffd0b75f255761df3bc4c0830771bb75243da7d366a0e80be0186efb789d4,2359296,1,64,0.0,0,bits-sq,128,128,7,download,/home/jirka/research/2024/bits-knn-jpdc2024/data/application-scaling/ampere02-35760925/gradient-compression-middle.csv,2.712673611111111e-05,30,0.008032000000000001,0.0079845,0.00809975,0.9925298804780875,False,False
gradient-compression,e77ffd0b75f255761df3bc4c0830771bb75243da7d366a0e80be0186efb789d4,2359296,1,64,0.0,0,bits-sq,128,128,7,operator,/home/jirka/research/2024/bits-knn-jpdc2024/data/application-scaling/ampere02-35760925/gradient-compression-middle.csv,2.712673611111111e-05,30,0.110983,0.110858,0.11129375,0.5468585278826487,False,False
gradient-compression,e77ffd0b75f255761df3bc4c0830771bb75243da7d366a0e80be0186efb789d4,2359296,1,64,0.0,0,bits-sq,128,128,7,output_isolated,/home/jirka/research/2024/bits-knn-jpdc2024/data/application-scaling/ampere02-35760925/gradient-compression-middle.csv,2.712673611111111e-05,30,0.007621,0.0075667500000000006,0.007746749999999999,0.9955386432226742,False,False
gradient-compression,e77ffd0b75f255761df3bc4c0830771bb75243da7d366a0e80be0186efb789d4,2359296,1,64,0.0,0,bits-sq,128,128,7,selection_isolated,/home/jirka/research/2024/bits-knn-jpdc2024/data/application-scaling/ampere02-35760925/gradient-compression-middle.csv,2.712673611111111e-05,30,0.0949435,0.09474874999999999,0.09504149999999999,0.4683574968270603,False,False
gradient-compression,e77ffd0b75f255761df3bc4c0830771bb75243da7d366a0e80be0186efb789d4,2359296,1,64,0.0,0,bits-sq,128,128,7,transform_isolated,/home/jirka/research/2024/bits-knn-jpdc2024/data/application-scaling/ampere02-35760925/gradient-compression-middle.csv,2.712673611111111e-05,30,0.014587,0.014532000000000002,0.014667,1.015150476451635,False,False
gradient-compression,e77ffd0b75f255761df3bc4c0830771bb75243da7d366a0e80be0186efb789d4,2359296,1,64,0.0,0,bits-sq,128,128,7,upload_shared,/home/jirka/research/2024/bits-knn-jpdc2024/data/application-scaling/ampere02-35760925/gradient-compression-middle.csv,2.712673611111111e-05,1,0.48209,0.48209,0.48209,1.2246987077101783,False,False
gradient-compression,e77ffd0b75f255761df3bc4c0830771bb75243da7d366a0e80be0186efb789d4,2359296,1,64,0.0,0,bits-sq,128,128,8,download,/home/jirka/research/2024/bits-knn-jpdc2024/data/application-scaling/ampere02-35760925/gradient-compression-middle.csv,2.712673611111111e-05,30,0.008123,0.0079445,0.008765750000000001,0.9814108088144774,False,False
gradient-compression,e77ffd0b75f255761df3bc4c0830771bb75243da7d366a0e80be0186efb789d4,2359296,1,64,0.0,0,bits-sq,128,128,8,operator,/home/jirka/research/2024/bits-knn-jpdc2024/data/application-scaling/ampere02-35760925/gradient-compression-middle.csv,2.712673611111111e-05,30,0.113057,0.1127435,0.1133585,0.5368265565157397,False,False
gradient-compression,e77ffd0b75f255761df3bc4c0830771bb75243da7d366a0e80be0186efb789d4,2359296,1,64,0.0,0,bits-sq,128,128,8,output_isolated,/home/jirka/research/2024/bits-knn-jpdc2024/data/application-scaling/ampere02-35760925/gradient-compression-middle.csv,2.712673611111111e-05,30,0.007827,0.007632000000000001,0.007921999999999998,0.9693369106937523,False,False
gradient-compression,e77ffd0b75f255761df3bc4c0830771bb75243da7d366a0e80be0186efb789d4,2359296,1,64,0.0,0,bits-sq,128,128,8,selection_isolated,/home/jirka/research/2024/bits-knn-jpdc2024/data/application-scaling/ampere02-35760925/gradient-compression-middle.csv,2.712673611111111e-05,30,0.096706,0.09648100000000001,0.0969245,0.45982152089839307,False,False
gradient-compression,e77ffd0b75f255761df3bc4c0830771bb75243da7d366a0e80be0186efb789d4,2359296,1,64,0.0,0,bits-sq,128,128,8,transform_isolated,/home/jirka/research/2024/bits-knn-jpdc2024/data/application-scaling/ampere02-35760925/gradient-compression-middle.csv,2.712673611111111e-05,30,0.0145375,0.014419499999999998,0.01464275,1.0186070507308684,False,False
gradient-compression,e77ffd0b75f255761df3bc4c0830771bb75243da7d366a0e80be0186efb789d4,2359296,1,64,0.0,0,bits-sq,128,128,8,upload_shared,/home/jirka/research/2024/bits-knn-jpdc2024/data/application-scaling/ampere02-35760925/gradient-compression-middle.csv,2.712673611111111e-05,1,0.478796,0.478796,0.478796,1.2331243368783362,False,False
gradient-compression,e77ffd0b75f255761df3bc4c0830771bb75243da7d366a0e80be0186efb789d4,2359296,1,64,0.0,0,bits-sq,128,128,13,download,/home/jirka/research/2024/bits-knn-jpdc2024/data/application-scaling/ampere02-35760925/gradient-compression-middle.csv,2.712673611111111e-05,30,0.008102,0.007992250000000001,0.00826025,0.9839545791162676,False,False
gradient-compression,e77ffd0b75f255761df3bc4c0830771bb75243da7d366a0e80be0186efb789d4,2359296,1,64,0.0,0,bits-sq,128,128,13,operator,/home/jirka/research/2024/bits-knn-jpdc2024/data/application-scaling/ampere02-35760925/gradient-compression-middle.csv,2.712673611111111e-05,30,0.11984199999999999,0.11965624999999999,0.120172,0.5064334707364697,False,False
gradient-compression,e77ffd0b75f255761df3bc4c0830771bb75243da7d366a0e80be0186efb789d4,2359296,1,64,0.0,0,bits-sq,128,128,13,output_isolated,/home/jirka/research/2024/bits-knn-jpdc2024/data/application-scaling/ampere02-35760925/gradient-compression-middle.csv,2.712673611111111e-05,30,0.007621,0.007542,0.007797,0.9955386432226742,False,False
gradient-compression,e77ffd0b75f255761df3bc4c0830771bb75243da7d366a0e80be0186efb789d4,2359296,1,64,0.0,0,bits-sq,128,128,13,selection_isolated,/home/jirka/research/2024/bits-knn-jpdc2024/data/application-scaling/ampere02-35760925/gradient-compression-middle.csv,2.712673611111111e-05,30,0.103902,0.10377950000000001,0.10401474999999999,0.42797539989605593,False,False
gradient-compression,e77ffd0b75f255761df3bc4c0830771bb75243da7d366a0e80be0186efb789d4,2359296,1,64,0.0,0,bits-sq,128,128,13,transform_isolated,/home/jirka/research/2024/bits-knn-jpdc2024/data/application-scaling/ampere02-35760925/gradient-compression-middle.csv,2.712673611111111e-05,30,0.014552,0.014454499999999999,0.0147045,1.0175920835623968,False,False
gradient-compression,e77ffd0b75f255761df3bc4c0830771bb75243da7d366a0e80be0186efb789d4,2359296,1,64,0.0,0,bits-sq,128,128,13,upload_shared,/home/jirka/research/2024/bits-knn-jpdc2024/data/application-scaling/ampere02-35760925/gradient-compression-middle.csv,2.712673611111111e-05,1,0.480408,0.480408,0.480408,1.2289866113803265,False,False
gradient-compression,e77ffd0b75f255761df3bc4c0830771bb75243da7d366a0e80be0186efb789d4,2359296,1,64,0.0,0,bits-sq,128,128,16,download,/home/jirka/research/2024/bits-knn-jpdc2024/data/application-scaling/ampere02-35760925/gradient-compression-middle.csv,2.712673611111111e-05,30,0.008063,0.007972,0.00815975,0.9887138782091032,False,False
gradient-compression,e77ffd0b75f255761df3bc4c0830771bb75243da7d366a0e80be0186efb789d4,2359296,1,64,0.0,0,bits-sq,128,128,16,operator,/home/jirka/research/2024/bits-knn-jpdc2024/data/application-scaling/ampere02-35760925/gradient-compression-middle.csv,2.712673611111111e-05,30,0.130473,0.130187,0.1307355,0.4651690388049634,False,False
gradient-compression,e77ffd0b75f255761df3bc4c0830771bb75243da7d366a0e80be0186efb789d4,2359296,1,64,0.0,0,bits-sq,128,128,16,output_isolated,/home/jirka/research/2024/bits-knn-jpdc2024/data/application-scaling/ampere02-35760925/gradient-compression-middle.csv,2.712673611111111e-05,30,0.0076915,0.007586750000000001,0.007761999999999999,0.9864135734252096,False,False
gradient-compression,e77ffd0b75f255761df3bc4c0830771bb75243da7d366a0e80be0186efb789d4,2359296,1,64,0.0,0,bits-sq,128,128,16,selection_isolated,/home/jirka/research/2024/bits-knn-jpdc2024/data/application-scaling/ampere02-35760925/gradient-compression-middle.csv,2.712673611111111e-05,30,0.11425350000000001,0.11408300000000002,0.11445825000000001,0.3892003308432564,False,False
gradient-compression,e77ffd0b75f255761df3bc4c0830771bb75243da7d366a0e80be0186efb789d4,2359296,1,64,0.0,0,bits-sq,128,128,16,transform_isolated,/home/jirka/research/2024/bits-knn-jpdc2024/data/application-scaling/ampere02-35760925/gradient-compression-middle.csv,2.712673611111111e-05,30,0.014622,0.014521999999999998,0.014676999999999999,1.0127205580631924,False,False
gradient-compression,e77ffd0b75f255761df3bc4c0830771bb75243da7d366a0e80be0186efb789d4,2359296,1,64,0.0,0,bits-sq,128,128,16,upload_shared,/home/jirka/research/2024/bits-knn-jpdc2024/data/application-scaling/ampere02-35760925/gradient-compression-middle.csv,2.712673611111111e-05,1,0.483001,0.483001,0.483001,1.2223887735222079,False,False
gradient-compression,e77ffd0b75f255761df3bc4c0830771bb75243da7d366a0e80be0186efb789d4,2359296,1,64,0.0,0,bits-sq,128,256,4,download,/home/jirka/research/2024/bits-knn-jpdc2024/data/application-scaling/ampere02-35760925/gradient-compression-middle.csv,2.712673611111111e-05,30,0.008007,0.00798225,0.00820975,0.9956288247783189,False,False
gradient-compression,e77ffd0b75f255761df3bc4c0830771bb75243da7d366a0e80be0186efb789d4,2359296,1,64,0.0,0,bits-sq,128,256,4,operator,/home/jirka/research/2024/bits-knn-jpdc2024/data/application-scaling/ampere02-35760925/gradient-compression-middle.csv,2.712673611111111e-05,30,0.090387,0.0899785,0.092568,0.6714682421144633,False,False
gradient-compression,e77ffd0b75f255761df3bc4c0830771bb75243da7d366a0e80be0186efb789d4,2359296,1,64,0.0,0,bits-sq,128,256,4,output_isolated,/home/jirka/research/2024/bits-knn-jpdc2024/data/application-scaling/ampere02-35760925/gradient-compression-middle.csv,2.712673611111111e-05,30,0.0076515,0.007584500000000001,0.007764499999999999,0.9915702803371887,False,False
gradient-compression,e77ffd0b75f255761df3bc4c0830771bb75243da7d366a0e80be0186efb789d4,2359296,1,64,0.0,0,bits-sq,128,256,4,selection_isolated,/home/jirka/research/2024/bits-knn-jpdc2024/data/application-scaling/ampere02-35760925/gradient-compression-middle.csv,2.712673611111111e-05,30,0.073962,0.073692,0.0743645,0.6012208972174901,False,False
gradient-compression,e77ffd0b75f255761df3bc4c0830771bb75243da7d366a0e80be0186efb789d4,2359296,1,64,0.0,0,bits-sq,128,256,4,transform_isolated,/home/jirka/research/2024/bits-knn-jpdc2024/data/application-scaling/ampere02-35760925/gradient-compression-middle.csv,2.712673611111111e-05,30,0.014662,0.014575249999999998,0.014831999999999998,1.0099577138180331,False,False
gradient-compression,e77ffd0b75f255761df3bc4c0830771bb75243da7d366a0e80be0186efb789d4,2359296,1,64,0.0,0,bits-sq,128,256,4,upload_shared,/home/jirka/research/2024/bits-knn-jpdc2024/data/application-scaling/ampere02-35760925/gradient-compression-middle.csv,2.712673611111111e-05,1,0.484143,0.484143,0.484143,1.2195053940674552,False,False
gradient-compression,e77ffd0b75f255761df3bc4c0830771bb75243da7d366a0e80be0186efb789d4,2359296,1,64,0.0,0,bits-sq,128,256,7,download,/home/jirka/research/2024/bits-knn-jpdc2024/data/application-scaling/ampere02-35760925/gradient-compression-middle.csv,2.712673611111111e-05,30,0.008092,0.0079695,0.008217249999999999,0.9851705388037567,False,False
gradient-compression,e77ffd0b75f255761df3bc4c0830771bb75243da7d366a0e80be0186efb789d4,2359296,1,64,0.0,0,bits-sq,128,256,7,operator,/home/jirka/research/2024/bits-knn-jpdc2024/data/application-scaling/ampere02-35760925/gradient-compression-middle.csv,2.712673611111111e-05,30,0.09066250000000001,0.09047699999999999,0.09099800000000001,0.6694278229698055,False,False
gradient-compression,e77ffd0b75f255761df3bc4c0830771bb75243da7d366a0e80be0186efb789d4,2359296,1,64,0.0,0,bits-sq,128,256,7,output_isolated,/home/jirka/research/2024/bits-knn-jpdc2024/data/application-scaling/ampere02-35760925/gradient-compression-middle.csv,2.712673611111111e-05,30,0.0075665,0.0074919999999999995,0.007741250000000001,1.0027093107777705,False,False
gradient-compression,e77ffd0b75f255761df3bc4c0830771bb75243da7d366a0e80be0186efb789d4,2359296,1,64,0.0,0,bits-sq,128,256,7,selection_isolated,/home/jirka/research/2024/bits-knn-jpdc2024/data/application-scaling/ampere02-35760925/gradient-compression-middle.csv,2.712673611111111e-05,30,0.0747535,0.074563,0.074853,0.5948550903971052,False,False
gradient-compression,e77ffd0b75f255761df3bc4c0830771bb75243da7d366a0e80be0186efb789d4,2359296,1,64,0.0,0,bits-sq,128,256,7,transform_isolated,/home/jirka/research/2024/bits-knn-jpdc2024/data/application-scaling/ampere02-35760925/gradient-compression-middle.csv,2.712673611111111e-05,30,0.014592,0.014469499999999998,0.014642,1.0148026315789473,False,False
gradient-compression,e77ffd0b75f255761df3bc4c0830771bb75243da7d366a0e80be0186efb789d4,2359296,1,64,0.0,0,bits-sq,128,256,7,upload_shared,/home/jirka/research/2024/bits-knn-jpdc2024/data/application-scaling/ampere02-35760925/gradient-compression-middle.csv,2.712673611111111e-05,1,0.479196,0.479196,0.479196,1.2320950091403098,False,False
gradient-compression,e77ffd0b75f255761df3bc4c0830771bb75243da7d366a0e80be0186efb789d4,2359296,1,64,0.0,0,bits-sq,128,256,8,download,/home/jirka/research/2024/bits-knn-jpdc2024/data/application-scaling/ampere02-35760925/gradient-compression-middle.csv,2.712673611111111e-05,30,0.0080675,0.0080245,0.008232,0.9881623799194298,False,False
gradient-compression,e77ffd0b75f255761df3bc4c0830771bb75243da7d366a0e80be0186efb789d4,2359296,1,64,0.0,0,bits-sq,128,256,8,operator,/home/jirka/research/2024/bits-knn-jpdc2024/data/application-scaling/ampere02-35760925/gradient-compression-middle.csv,2.712673611111111e-05,30,0.093737,0.09347125,0.09425299999999999,0.6474711159947513,False,False
gradient-compression,e77ffd0b75f255761df3bc4c0830771bb75243da7d366a0e80be0186efb789d4,2359296,1,64,0.0,0,bits-sq,128,256,8,output_isolated,/home/jirka/research/2024/bits-knn-jpdc2024/data/application-scaling/ampere02-35760925/gradient-compression-middle.csv,2.712673611111111e-05,30,0.007726500000000001,0.007642,0.00788175,0.9819452533488642,False,False
gradient-compression,e77ffd0b75f255761df3bc4c0830771bb75243da7d366a0e80be0186efb789d4,2359296,1,64,0.0,0,bits-sq,128,256,8,selection_isolated,/home/jirka/research/2024/bits-knn-jpdc2024/data/application-scaling/ampere02-35760925/gradient-compression-middle.csv,2.712673611111111e-05,30,0.077708,0.07760275,0.077863,0.5722383795748186,False,False
gradient-compression,e77ffd0b75f255761df3bc4c0830771bb75243da7d366a0e80be0186efb789d4,2359296,1,64,0.0,0,bits-sq,128,256,8,transform_isolated,/home/jirka/research/2024/bits-knn-jpdc2024/data/application-scaling/ampere02-35760925/gradient-compression-middle.csv,2.712673611111111e-05,30,0.014587,0.014482,0.014720500000000001,1.015150476451635,False,False
gradient-compression,e77ffd0b75f255761df3bc4c0830771bb75243da7d366a0e80be0186efb789d4,2359296,1,64,0.0,0,bits-sq,128,256,8,upload_shared,/home/jirka/research/2024/bits-knn-jpdc2024/data/application-scaling/ampere02-35760925/gradient-compression-middle.csv,2.712673611111111e-05,1,0.480578,0.480578,0.480578,1.2285518687913302,False,False
gradient-compression,e77ffd0b75f255761df3bc4c0830771bb75243da7d366a0e80be0186efb789d4,2359296,1,64,0.0,0,bits-sq,128,256,13,download,/home/jirka/research/2024/bits-knn-jpdc2024/data/application-scaling/ampere02-35760925/gradient-compression-middle.csv,2.712673611111111e-05,30,0.008038,0.0079845,0.00816975,0.9917890022393631,False,False
gradient-compression,e77ffd0b75f255761df3bc4c0830771bb75243da7d366a0e80be0186efb789d4,2359296,1,64,0.0,0,bits-sq,128,256,13,operator,/home/jirka/research/2024/bits-knn-jpdc2024/data/application-scaling/ampere02-35760925/gradient-compression-middle.csv,2.712673611111111e-05,30,0.103126,0.10122575,0.10477125,0.588522777960941,False,False
gradient-compression,e77ffd0b75f255761df3bc4c0830771bb75243da7d366a0e80be0186efb789d4,2359296,1,64,0.0,0,bits-sq,128,256,13,output_isolated,/home/jirka/research/2024/bits-knn-jpdc2024/data/application-scaling/ampere02-35760925/gradient-compression-middle.csv,2.712673611111111e-05,30,0.0075864999999999995,0.007546000000000001,0.00763675,1.0000659065445199,False,False
gradient-compression,e77ffd0b75f255761df3bc4c0830771bb75243da7d366a0e80be0186efb789d4,2359296,1,64,0.0,0,bits-sq,128,256,13,selection_isolated,/home/jirka/research/2024/bits-knn-jpdc2024/data/application-scaling/ampere02-35760925/gradient-compression-middle.csv,2.712673611111111e-05,30,0.08832899999999999,0.08524425000000001,0.088444,0.5034303569609075,False,False
gradient-compression,e77ffd0b75f255761df3bc4c0830771bb75243da7d366a0e80be0186efb789d4,2359296,1,64,0.0,0,bits-sq,128,256,13,transform_isolated,/home/jirka/research/2024/bits-knn-jpdc2024/data/application-scaling/ampere02-35760925/gradient-compression-middle.csv,2.712673611111111e-05,30,0.014587,0.0145145,0.014687249999999999,1.015150476451635,False,False
gradient-compression,e77ffd0b75f255761df3bc4c0830771bb75243da7d366a0e80be0186efb789d4,2359296,1,64,0.0,0,bits-sq,128,256,13,upload_shared,/home/jirka/research/2024/bits-knn-jpdc2024/data/application-scaling/ampere02-35760925/gradient-compression-middle.csv,2.712673611111111e-05,1,0.478996,0.478996,0.478996,1.2326094581165603,False,False
gradient-compression,e77ffd0b75f255761df3bc4c0830771bb75243da7d366a0e80be0186efb789d4,2359296,1,64,0.0,0,bits-sq,128,256,16,download,/home/jirka/research/2024/bits-knn-jpdc2024/data/application-scaling/ampere02-35760925/gradient-compression-middle.csv,2.712673611111111e-05,30,0.0081625,0.008062,0.00825975,0.9766615620214395,False,False
gradient-compression,e77ffd0b75f255761df3bc4c0830771bb75243da7d366a0e80be0186efb789d4,2359296,1,64,0.0,0,bits-sq,128,256,16,operator,/home/jirka/research/2024/bits-knn-jpdc2024/data/application-scaling/ampere02-35760925/gradient-compression-middle.csv,2.712673611111111e-05,30,0.112095,0.11194,0.11241499999999999,0.5414336054239707,False,False
gradient-compression,e77ffd0b75f255761df3bc4c0830771bb75243da7d366a0e80be0186efb789d4,2359296,1,64,0.0,0,bits-sq,128,256,16,output_isolated,/home/jirka/research/2024/bits-knn-jpdc2024/data/application-scaling/ampere02-35760925/gradient-compression-middle.csv,2.712673611111111e-05,30,0.007582,0.007531,0.0076995,1.0006594566077551,False,False
gradient-compression,e77ffd0b75f255761df3bc4c0830771bb75243da7d366a0e80be0186efb789d4,2359296,1,64,0.0,0,bits-sq,128,256,16,selection_isolated,/home/jirka/research/2024/bits-knn-jpdc2024/data/application-scaling/ampere02-35760925/gradient-compression-middle.csv,2.712673611111111e-05,30,0.09608050000000001,0.09593025,0.096216,0.4628150353089336,False,False
gradient-compression,e77ffd0b75f255761df3bc4c0830771bb75243da7d366a0e80be0186efb789d4,2359296,1,64,0.0,0,bits-sq,128,256,16,transform_isolated,/home/jirka/research/2024/bits-knn-jpdc2024/data/application-scaling/ampere02-35760925/gradient-compression-middle.csv,2.712673611111111e-05,30,0.014622,0.014564500000000001,0.014712000000000001,1.0127205580631924,False,False
gradient-compression,e77ffd0b75f255761df3bc4c0830771bb75243da7d366a0e80be0186efb789d4,2359296,1,64,0.0,0,bits-sq,128,256,16,upload_shared,/home/jirka/research/2024/bits-knn-jpdc2024/data/application-scaling/ampere02-35760925/gradient-compression-middle.csv,2.712673611111111e-05,1,0.487659,0.487659,0.487659,1.210712813666927,False,False
gradient-compression,e77ffd0b75f255761df3bc4c0830771bb75243da7d366a0e80be0186efb789d4,2359296,1,64,0.0,0,bits-sq,128,512,4,download,/home/jirka/research/2024/bits-knn-jpdc2024/data/application-scaling/ampere02-35760925/gradient-compression-middle.csv,2.712673611111111e-05,30,0.008117,0.008047,0.008343,0.9821362572378959,True,False
gradient-compression,e77ffd0b75f255761df3bc4c0830771bb75243da7d366a0e80be0186efb789d4,2359296,1,64,0.0,0,bits-sq,128,512,4,operator,/home/jirka/research/2024/bits-knn-jpdc2024/data/application-scaling/ampere02-35760925/gradient-compression-middle.csv,2.712673611111111e-05,30,0.0880735,0.0878205,0.0884065,0.689106257841462,True,False
gradient-compression,e77ffd0b75f255761df3bc4c0830771bb75243da7d366a0e80be0186efb789d4,2359296,1,64,0.0,0,bits-sq,128,512,4,output_isolated,/home/jirka/research/2024/bits-knn-jpdc2024/data/application-scaling/ampere02-35760925/gradient-compression-middle.csv,2.712673611111111e-05,30,0.0076565,0.007587000000000001,0.0077545,0.9909227453797427,True,False
gradient-compression,e77ffd0b75f255761df3bc4c0830771bb75243da7d366a0e80be0186efb789d4,2359296,1,64,0.0,0,bits-sq,128,512,4,selection_isolated,/home/jirka/research/2024/bits-knn-jpdc2024/data/application-scaling/ampere02-35760925/gradient-compression-middle.csv,2.712673611111111e-05,30,0.071999,0.07186400000000001,0.0722325,0.6176127446214531,True,False
gradient-compression,e77ffd0b75f255761df3bc4c0830771bb75243da7d366a0e80be0186efb789d4,2359296,1,64,0.0,0,bits-sq,128,512,4,transform_isolated,/home/jirka/research/2024/bits-knn-jpdc2024/data/application-scaling/ampere02-35760925/gradient-compression-middle.csv,2.712673611111111e-05,30,0.0146375,0.01454025,0.014742749999999999,1.0116481639624253,True,False
gradient-compression,e77ffd0b75f255761df3bc4c0830771bb75243da7d366a0e80be0186efb789d4,2359296,1,64,0.0,0,bits-sq,128,512,4,upload_shared,/home/jirka/research/2024/bits-knn-jpdc2024/data/application-scaling/ampere02-35760925/gradient-compression-middle.csv,2.712673611111111e-05,1,0.47292599999999996,0.47292599999999996,0.47292599999999996,1.2484299869324165,True,False
gradient-compression,e77ffd0b75f255761df3bc4c0830771bb75243da7d366a0e80be0186efb789d4,2359296,1,64,0.0,0,bits-sq,128,512,7,download,/home/jirka/research/2024/bits-knn-jpdc2024/data/application-scaling/ampere02-35760925/gradient-compression-middle.csv,2.712673611111111e-05,30,0.008052,0.007956999999999999,0.00816475,0.9900645802285146,False,False
gradient-compression,e77ffd0b75f255761df3bc4c0830771bb75243da7d366a0e80be0186efb789d4,2359296,1,64,0.0,0,bits-sq,128,512,7,operator,/home/jirka/research/2024/bits-knn-jpdc2024/data/application-scaling/ampere02-35760925/gradient-compression-middle.csv,2.712673611111111e-05,30,0.10625100000000001,0.1060285,0.1065695,0.5712134474028479,False,False
gradient-compression,e77ffd0b75f255761df3bc4c0830771bb75243da7d366a0e80be0186efb789d4,2359296,1,64,0.0,0,bits-sq,128,512,7,output_isolated,/home/jirka/research/2024/bits-knn-jpdc2024/data/application-scaling/ampere02-35760925/gradient-compression-middle.csv,2.712673611111111e-05,30,0.007686500000000001,0.0075235,0.00780175,0.9870552266961555,False,False
gradient-compression,e77ffd0b75f255761df3bc4c0830771bb75243da7d366a0e80be0186efb789d4,2359296,1,64,0.0,0,bits-sq,128,512,7,selection_isolated,/home/jirka/research/2024/bits-knn-jpdc2024/data/application-scaling/ampere02-35760925/gradient-compression-middle.csv,2.712673611111111e-05,30,0.090172,0.089952,0.0903245,0.4931408863061704,False,False
gradient-compression,e77ffd0b75f255761df3bc4c0830771bb75243da7d366a0e80be0186efb789d4,2359296,1,64,0.0,0,bits-sq,128,512,7,transform_isolated,/home/jirka/research/2024/bits-knn-jpdc2024/data/application-scaling/ampere02-35760925/gradient-compression-middle.csv,2.712673611111111e-05,30,0.014657,0.014506999999999999,0.01476225,1.010302244661254,False,False
gradient-compression,e77ffd0b75f255761df3bc4c0830771bb75243da7d366a0e80be0186efb789d4,2359296,1,64,0.0,0,bits-sq,128,512,7,upload_shared,/home/jirka/research/2024/bits-knn-jpdc2024/data/application-scaling/ampere02-35760925/gradient-compression-middle.csv,2.712673611111111e-05,1,0.493739,0.493739,0.493739,1.1958038558833715,False,False
gradient-compression,e77ffd0b75f255761df3bc4c0830771bb75243da7d366a0e80be0186efb789d4,2359296,1,64,0.0,0,bits-sq,128,512,8,download,/home/jirka/research/2024/bits-knn-jpdc2024/data/application-scaling/ampere02-35760925/gradient-compression-middle.csv,2.712673611111111e-05,30,0.008022000000000001,0.007972,0.00812275,0.9937671403639988,False,False
gradient-compression,e77ffd0b75f255761df3bc4c0830771bb75243da7d366a0e80be0186efb789d4,2359296,1,64,0.0,0,bits-sq,128,512,8,operator,/home/jirka/research/2024/bits-knn-jpdc2024/data/application-scaling/ampere02-35760925/gradient-compression-middle.csv,2.712673611111111e-05,30,0.105836,0.10548175000000001,0.1062485,0.5734532673192486,False,False
gradient-compression,e77ffd0b75f255761df3bc4c0830771bb75243da7d366a0e80be0186efb789d4,2359296,1,64,0.0,0,bits-sq,128,512,8,output_isolated,/home/jirka/research/2024/bits-knn-jpdc2024/data/application-scaling/ampere02-35760925/gradient-compression-middle.csv,2.712673611111111e-05,30,0.007611,0.007534249999999999,0.0077062499999999996,0.9968466692944423,False,False
gradient-compression,e77ffd0b75f255761df3bc4c0830771bb75243da7d366a0e80be0186efb789d4,2359296,1,64,0.0,0,bits-sq,128,512,8,selection_isolated,/home/jirka/research/2024/bits-knn-jpdc2024/data/application-scaling/ampere02-35760925/gradient-compression-middle.csv,2.712673611111111e-05,30,0.089446,0.08924075,0.0897985,0.4971435279386446,False,False
gradient-compression,e77ffd0b75f255761df3bc4c0830771bb75243da7d366a0e80be0186efb789d4,2359296,1,64,0.0,0,bits-sq,128,512,8,transform_isolated,/home/jirka/research/2024/bits-knn-jpdc2024/data/application-scaling/ampere02-35760925/gradient-compression-middle.csv,2.712673611111111e-05,30,0.014717999999999998,0.014652,0.01481975,1.006114961271912,False,False
gradient-compression,e77ffd0b75f255761df3bc4c0830771bb75243da7d366a0e80be0186efb789d4,2359296,1,64,0.0,0,bits-sq,128,512,8,upload_shared,/home/jirka/research/2024/bits-knn-jpdc2024/data/application-scaling/ampere02-35760925/gradient-compression-middle.csv,2.712673611111111e-05,1,0.472656,0.472656,0.472656,1.2491431400426523,False,False
gradient-compression,e77ffd0b75f255761df3bc4c0830771bb75243da7d366a0e80be0186efb789d4,2359296,1,64,0.0,0,bits-sq,128,512,13,download,/home/jirka/research/2024/bits-knn-jpdc2024/data/application-scaling/ampere02-35760925/gradient-compression-middle.csv,2.712673611111111e-05,30,0.008087,0.007992250000000001,0.008177,0.9857796463459874,False,False
gradient-compression,e77ffd0b75f255761df3bc4c0830771bb75243da7d366a0e80be0186efb789d4,2359296,1,64,0.0,0,bits-sq,128,512,13,operator,/home/jirka/research/2024/bits-knn-jpdc2024/data/application-scaling/ampere02-35760925/gradient-compression-middle.csv,2.712673611111111e-05,30,0.124128,0.12373725,0.12455825,0.4889468935292601,False,False
gradient-compression,e77ffd0b75f255761df3bc4c0830771bb75243da7d366a0e80be0186efb789d4,2359296,1,64,0.0,0,bits-sq,128,512,13,output_isolated,/home/jirka/research/2024/bits-knn-jpdc2024/data/application-scaling/ampere02-35760925/gradient-compression-middle.csv,2.712673611111111e-05,30,0.007601500000000001,0.007532,0.007799499999999999,0.9980924817470236,False,False
gradient-compression,e77ffd0b75f255761df3bc4c0830771bb75243da7d366a0e80be0186efb789d4,2359296,1,64,0.0,0,bits-sq,128,512,13,selection_isolated,/home/jirka/research/2024/bits-knn-jpdc2024/data/application-scaling/ampere02-35760925/gradient-compression-middle.csv,2.712673611111111e-05,30,0.107703,0.1075955,0.10782549999999999,0.41287150775744413,False,False
gradient-compression,e77ffd0b75f255761df3bc4c0830771bb75243da7d366a0e80be0186efb789d4,2359296,1,64,0.0,0,bits-sq,128,512,13,transform_isolated,/home/jirka/research/2024/bits-knn-jpdc2024/data/application-scaling/ampere02-35760925/gradient-compression-middle.csv,2.712673611111111e-05,30,0.014647,0.014572,0.01476475,1.0109920120161124,False,False
gradient-compression,e77ffd0b75f255761df3bc4c0830771bb75243da7d366a0e80be0186efb789d4,2359296,1,64,0.0,0,bits-sq,128,512,13,upload_shared,/home/jirka/research/2024/bits-knn-jpdc2024/data/application-scaling/ampere02-35760925/gradient-compression-middle.csv,2.712673611111111e-05,1,0.477173,0.477173,0.477173,1.2373185406550662,False,False
gradient-compression,e77ffd0b75f255761df3bc4c0830771bb75243da7d366a0e80be0186efb789d4,2359296,1,64,0.0,0,bits-sq,128,512,16,download,/home/jirka/research/2024/bits-knn-jpdc2024/data/application-scaling/ampere02-35760925/gradient-compression-middle.csv,2.712673611111111e-05,30,0.008057,0.007972,0.008200500000000001,0.9894501675561623,False,False
gradient-compression,e77ffd0b75f255761df3bc4c0830771bb75243da7d366a0e80be0186efb789d4,2359296,1,64,0.0,0,bits-sq,128,512,16,operator,/home/jirka/research/2024/bits-knn-jpdc2024/data/application-scaling/ampere02-35760925/gradient-compression-middle.csv,2.712673611111111e-05,30,0.1368725,0.136652,0.1372405,0.4434199711410253,False,False
gradient-compression,e77ffd0b75f255761df3bc4c0830771bb75243da7d366a0e80be0186efb789d4,2359296,1,64,0.0,0,bits-sq,128,512,16,output_isolated,/home/jirka/research/2024/bits-knn-jpdc2024/data/application-scaling/ampere02-35760925/gradient-compression-middle.csv,2.712673611111111e-05,30,0.0076820000000000005,0.0075435,0.007880999999999999,0.9876334287945847,False,False
gradient-compression,e77ffd0b75f255761df3bc4c0830771bb75243da7d366a0e80be0186efb789d4,2359296,1,64,0.0,0,bits-sq,128,512,16,selection_isolated,/home/jirka/research/2024/bits-knn-jpdc2024/data/application-scaling/ampere02-35760925/gradient-compression-middle.csv,2.712673611111111e-05,30,0.12084299999999999,0.120723,0.12104075,0.36797745835505574,False,False
gradient-compression,e77ffd0b75f255761df3bc4c0830771bb75243da7d366a0e80be0186efb789d4,2359296,1,64,0.0,0,bits-sq,128,512,16,transform_isolated,/home/jirka/research/2024/bits-knn-jpdc2024/data/application-scaling/ampere02-35760925/gradient-compression-middle.csv,2.712673611111111e-05,30,0.014662,0.014544500000000002,0.014752749999999999,1.0099577138180331,False,False
gradient-compression,e77ffd0b75f255761df3bc4c0830771bb75243da7d366a0e80be0186efb789d4,2359296,1,64,0.0,0,bits-sq,128,512,16,upload_shared,/home/jirka/research/2024/bits-knn-jpdc2024/data/application-scaling/ampere02-35760925/gradient-compression-middle.csv,2.712673611111111e-05,1,0.479787,0.479787,0.479787,1.2305773186851663,False,False
gradient-compression,e77ffd0b75f255761df3bc4c0830771bb75243da7d366a0e80be0186efb789d4,2359296,1,64,0.0,0,bits-sq,512,128,4,download,/home/jirka/research/2024/bits-knn-jpdc2024/data/application-scaling/ampere02-35760925/gradient-compression-middle.csv,2.712673611111111e-05,30,0.008047,0.007951999999999999,0.008182749999999999,0.9906797564309681,False,False
gradient-compression,e77ffd0b75f255761df3bc4c0830771bb75243da7d366a0e80be0186efb789d4,2359296,1,64,0.0,0,bits-sq,512,128,4,operator,/home/jirka/research/2024/bits-knn-jpdc2024/data/application-scaling/ampere02-35760925/gradient-compression-middle.csv,2.712673611111111e-05,30,0.158585,0.15836999999999998,0.158916,0.38270958791815113,False,False
gradient-compression,e77ffd0b75f255761df3bc4c0830771bb75243da7d366a0e80be0186efb789d4,2359296,1,64,0.0,0,bits-sq,512,128,4,output_isolated,/home/jirka/research/2024/bits-knn-jpdc2024/data/application-scaling/ampere02-35760925/gradient-compression-middle.csv,2.712673611111111e-05,30,0.0077515,0.0075995,0.007837,0.9787783009740051,False,False
gradient-compression,e77ffd0b75f255761df3bc4c0830771bb75243da7d366a0e80be0186efb789d4,2359296,1,64,0.0,0,bits-sq,512,128,4,selection_isolated,/home/jirka/research/2024/bits-knn-jpdc2024/data/application-scaling/ampere02-35760925/gradient-compression-middle.csv,2.712673611111111e-05,30,0.142451,0.14232775,0.1426635,0.3121599707969758,False,False
gradient-compression,e77ffd0b75f255761df3bc4c0830771bb75243da7d366a0e80be0186efb789d4,2359296,1,64,0.0,0,bits-sq,512,128,4,transform_isolated,/home/jirka/research/2024/bits-knn-jpdc2024/data/application-scaling/ampere02-35760925/gradient-compression-middle.csv,2.712673611111111e-05,30,0.014607,0.014469499999999998,0.014670250000000001,1.0137605257753133,False,False
gradient-compression,e77ffd0b75f255761df3bc4c0830771bb75243da7d366a0e80be0186efb789d4,2359296,1,64,0.0,0,bits-sq,512,128,4,upload_shared,/home/jirka/research/2024/bits-knn-jpdc2024/data/application-scaling/ampere02-35760925/gradient-compression-middle.csv,2.712673611111111e-05,1,0.47699199999999997,0.47699199999999997,0.47699199999999997,1.2377880551455789,False,False
gradient-compression,e77ffd0b75f255761df3bc4c0830771bb75243da7d366a0e80be0186efb789d4,2359296,1,64,0.0,0,bits-sq,512,128,7,download,/home/jirka/research/2024/bits-knn-jpdc2024/data/application-scaling/ampere02-35760925/gradient-compression-middle.csv,2.712673611111111e-05,30,0.007997,0.007942,0.008085499999999999,0.9968738276853819,False,False
gradient-compression,e77ffd0b75f255761df3bc4c0830771bb75243da7d366a0e80be0186efb789d4,2359296,1,64,0.0,0,bits-sq,512,128,7,operator,/home/jirka/research/2024/bits-knn-jpdc2024/data/application-scaling/ampere02-35760925/gradient-compression-middle.csv,2.712673611111111e-05,30,0.15661750000000002,0.1563295,0.1570005,0.3875173591712292,False,False
gradient-compression,e77ffd0b75f255761df3bc4c0830771bb75243da7d366a0e80be0186efb789d4,2359296,1,64,0.0,0,bits-sq,512,128,7,output_isolated,/home/jirka/research/2024/bits-knn-jpdc2024/data/application-scaling/ampere02-35760925/gradient-compression-middle.csv,2.712673611111111e-05,30,0.0077115,0.0075335,0.0077894999999999995,0.9838552810737211,False,False
gradient-compression,e77ffd0b75f255761df3bc4c0830771bb75243da7d366a0e80be0186efb789d4,2359296,1,64,0.0,0,bits-sq,512,128,7,selection_isolated,/home/jirka/research/2024/bits-knn-jpdc2024/data/application-scaling/ampere02-35760925/gradient-compression-middle.csv,2.712673611111111e-05,30,0.140558,0.14037225,0.14068125,0.31636406323368294,False,False
gradient-compression,e77ffd0b75f255761df3bc4c0830771bb75243da7d366a0e80be0186efb789d4,2359296,1,64,0.0,0,bits-sq,512,128,7,transform_isolated,/home/jirka/research/2024/bits-knn-jpdc2024/data/application-scaling/ampere02-35760925/gradient-compression-middle.csv,2.712673611111111e-05,30,0.014597,0.014526999999999998,0.014667,1.014455025005138,False,False
gradient-compression,e77ffd0b75f255761df3bc4c0830771bb75243da7d366a0e80be0186efb789d4,2359296,1,64,0.0,0,bits-sq,512,128,7,upload_shared,/home/jirka/research/2024/bits-knn-jpdc2024/data/application-scaling/ampere02-35760925/gradient-compression-middle.csv,2.712673611111111e-05,1,0.47687199999999996,0.47687199999999996,0.47687199999999996,1.2380995319498733,False,False
gradient-compression,e77ffd0b75f255761df3bc4c0830771bb75243da7d366a0e80be0186efb789d4,2359296,1,64,0.0,0,bits-sq,512,128,8,download,/home/jirka/research/2024/bits-knn-jpdc2024/data/application-scaling/ampere02-35760925/gradient-compression-middle.csv,2.712673611111111e-05,30,0.008022000000000001,0.007942,0.008184750000000001,0.9937671403639988,False,False
gradient-compression,e77ffd0b75f255761df3bc4c0830771bb75243da7d366a0e80be0186efb789d4,2359296,1,64,0.0,0,bits-sq,512,128,8,operator,/home/jirka/research/2024/bits-knn-jpdc2024/data/application-scaling/ampere02-35760925/gradient-compression-middle.csv,2.712673611111111e-05,30,0.1601475,0.1598545,0.160383,0.37897563183939803,False,False
gradient-compression,e77ffd0b75f255761df3bc4c0830771bb75243da7d366a0e80be0186efb789d4,2359296,1,64,0.0,0,bits-sq,512,128,8,output_isolated,/home/jirka/research/2024/bits-knn-jpdc2024/data/application-scaling/ampere02-35760925/gradient-compression-middle.csv,2.712673611111111e-05,30,0.007657000000000001,0.00759425,0.007794499999999999,0.9908580383962386,False,False
gradient-compression,e77ffd0b75f255761df3bc4c0830771bb75243da7d366a0e80be0186efb789d4,2359296,1,64,0.0,0,bits-sq,512,128,8,selection_isolated,/home/jirka/research/2024/bits-knn-jpdc2024/data/application-scaling/ampere02-35760925/gradient-compression-middle.csv,2.712673611111111e-05,30,0.144038,0.14384025,0.14420575,0.30872061539316015,False,False
gradient-compression,e77ffd0b75f255761df3bc4c0830771bb75243da7d366a0e80be0186efb789d4,2359296,1,64,0.0,0,bits-sq,512,128,8,transform_isolated,/home/jirka/research/2024/bits-knn-jpdc2024/data/application-scaling/ampere02-35760925/gradient-compression-middle.csv,2.712673611111111e-05,30,0.014681999999999999,0.014592250000000001,0.01481275,1.008581937065795,False,False
gradient-compression,e77ffd0b75f255761df3bc4c0830771bb75243da7d366a0e80be0186efb789d4,2359296,1,64,0.0,0,bits-sq,512,128,8,upload_shared,/home/jirka/research/2024/bits-knn-jpdc2024/data/application-scaling/ampere02-35760925/gradient-compression-middle.csv,2.712673611111111e-05,1,0.48930100000000004,0.48930100000000004,0.48930100000000004,1.2066498944412536,False,False
gradient-compression,e77ffd0b75f255761df3bc4c0830771bb75243da7d366a0e80be0186efb789d4,2359296,1,64,0.0,0,bits-sq,512,128,13,download,/home/jirka/research/2024/bits-knn-jpdc2024/data/application-scaling/ampere02-35760925/gradient-compression-middle.csv,2.712673611111111e-05,30,0.0082075,0.00801225,0.00863125,0.9713067316478831,False,False
gradient-compression,e77ffd0b75f255761df3bc4c0830771bb75243da7d366a0e80be0186efb789d4,2359296,1,64,0.0,0,bits-sq,512,128,13,operator,/home/jirka/research/2024/bits-knn-jpdc2024/data/application-scaling/ampere02-35760925/gradient-compression-middle.csv,2.712673611111111e-05,30,0.169477,0.16827199999999998,0.17016725000000002,0.35811349032612094,False,False
gradient-compression,e77ffd0b75f255761df3bc4c0830771bb75243da7d366a0e80be0186efb789d4,2359296,1,64,0.0,0,bits-sq,512,128,13,output_isolated,/home/jirka/research/2024/bits-knn-jpdc2024/data/application-scaling/ampere02-35760925/gradient-compression-middle.csv,2.712673611111111e-05,30,0.007707,0.00757675,0.007846249999999999,0.9844297391981315,False,False
gradient-compression,e77ffd0b75f255761df3bc4c0830771bb75243da7d366a0e80be0186efb789d4,2359296,1,64,0.0,0,bits-sq,512,128,13,selection_isolated,/home/jirka/research/2024/bits-knn-jpdc2024/data/application-scaling/ampere02-35760925/gradient-compression-middle.csv,2.712673611111111e-05,30,0.15302149999999998,0.15207525,0.154003,0.29059641945739656,False,False
gradient-compression,e77ffd0b75f255761df3bc4c0830771bb75243da7d366a0e80be0186efb789d4,2359296,1,64,0.0,0,bits-sq,512,128,13,transform_isolated,/home/jirka/research/2024/bits-knn-jpdc2024/data/application-scaling/ampere02-35760925/gradient-compression-middle.csv,2.712673611111111e-05,30,0.0146775,0.014526999999999998,0.01480975,1.0088911599386816,False,False
gradient-compression,e77ffd0b75f255761df3bc4c0830771bb75243da7d366a0e80be0186efb789d4,2359296,1,64,0.0,0,bits-sq,512,128,13,upload_shared,/home/jirka/research/2024/bits-knn-jpdc2024/data/application-scaling/ampere02-35760925/gradient-compression-middle.csv,2.712673611111111e-05,1,0.478926,0.478926,0.478926,1.2327896167675172,False,False
gradient-compression,e77ffd0b75f255761df3bc4c0830771bb75243da7d366a0e80be0186efb789d4,2359296,1,64,0.0,0,bits-sq,512,128,16,download,/home/jirka/research/2024/bits-knn-jpdc2024/data/application-scaling/ampere02-35760925/gradient-compression-middle.csv,2.712673611111111e-05,30,0.008087500000000001,0.0080045,0.008205500000000001,0.9857187017001544,False,False
gradient-compression,e77ffd0b75f255761df3bc4c0830771bb75243da7d366a0e80be0186efb789d4,2359296,1,64,0.0,0,bits-sq,512,128,16,operator,/home/jirka/research/2024/bits-knn-jpdc2024/data/application-scaling/ampere02-35760925/gradient-compression-middle.csv,2.712673611111111e-05,30,0.176993,0.17665975,0.17730375,0.3429062166300362,False,False
gradient-compression,e77ffd0b75f255761df3bc4c0830771bb75243da7d366a0e80be0186efb789d4,2359296,1,64,0.0,0,bits-sq,512,128,16,output_isolated,/home/jirka/research/2024/bits-knn-jpdc2024/data/application-scaling/ampere02-35760925/gradient-compression-middle.csv,2.712673611111111e-05,30,0.007725999999999999,0.00761125,0.0078095000000000005,0.9820088014496506,False,False
gradient-compression,e77ffd0b75f255761df3bc4c0830771bb75243da7d366a0e80be0186efb789d4,2359296,1,64,0.0,0,bits-sq,512,128,16,selection_isolated,/home/jirka/research/2024/bits-knn-jpdc2024/data/application-scaling/ampere02-35760925/gradient-compression-middle.csv,2.712673611111111e-05,30,0.16074349999999998,0.16041975,0.16097625,0.2766363803201996,False,False
gradient-compression,e77ffd0b75f255761df3bc4c0830771bb75243da7d366a0e80be0186efb789d4,2359296,1,64,0.0,0,bits-sq,512,128,16,transform_isolated,/home/jirka/research/2024/bits-knn-jpdc2024/data/application-scaling/ampere02-35760925/gradient-compression-middle.csv,2.712673611111111e-05,30,0.014637500000000001,0.014564500000000001,0.014732750000000001,1.0116481639624253,False,False
gradient-compression,e77ffd0b75f255761df3bc4c0830771bb75243da7d366a0e80be0186efb789d4,2359296,1,64,0.0,0,bits-sq,512,128,16,upload_shared,/home/jirka/research/2024/bits-knn-jpdc2024/data/application-scaling/ampere02-35760925/gradient-compression-middle.csv,2.712673611111111e-05,1,0.486237,0.486237,0.486237,1.2142535430253147,False,False
gradient-compression,e77ffd0b75f255761df3bc4c0830771bb75243da7d366a0e80be0186efb789d4,2359296,1,64,0.0,0,bits-sq,512,256,4,download,/home/jirka/research/2024/bits-knn-jpdc2024/data/application-scaling/ampere02-35760925/gradient-compression-middle.csv,2.712673611111111e-05,30,0.0080225,0.007942,0.00818975,0.993705204113431,False,False
gradient-compression,e77ffd0b75f255761df3bc4c0830771bb75243da7d366a0e80be0186efb789d4,2359296,1,64,0.0,0,bits-sq,512,256,4,operator,/home/jirka/research/2024/bits-knn-jpdc2024/data/application-scaling/ampere02-35760925/gradient-compression-middle.csv,2.712673611111111e-05,30,0.1352545,0.134343,0.135821,0.4487244417006458,False,False
gradient-compression,e77ffd0b75f255761df3bc4c0830771bb75243da7d366a0e80be0186efb789d4,2359296,1,64,0.0,0,bits-sq,512,256,4,output_isolated,/home/jirka/research/2024/bits-knn-jpdc2024/data/application-scaling/ampere02-35760925/gradient-compression-middle.csv,2.712673611111111e-05,30,0.007757,0.0075970000000000005,0.007842,0.978084310944953,False,False
gradient-compression,e77ffd0b75f255761df3bc4c0830771bb75243da7d366a0e80be0186efb789d4,2359296,1,64,0.0,0,bits-sq,512,256,4,selection_isolated,/home/jirka/research/2024/bits-knn-jpdc2024/data/application-scaling/ampere02-35760925/gradient-compression-middle.csv,2.712673611111111e-05,30,0.1191055,0.1183315,0.11956850000000001,0.37334547942790214,False,False
gradient-compression,e77ffd0b75f255761df3bc4c0830771bb75243da7d366a0e80be0186efb789d4,2359296,1,64,0.0,0,bits-sq,512,256,4,transform_isolated,/home/jirka/research/2024/bits-knn-jpdc2024/data/application-scaling/ampere02-35760925/gradient-compression-middle.csv,2.712673611111111e-05,30,0.0148175,0.01471525,0.01500775,0.9993588662055002,False,False
gradient-compression,e77ffd0b75f255761df3bc4c0830771bb75243da7d366a0e80be0186efb789d4,2359296,1,64,0.0,0,bits-sq,512,256,4,upload_shared,/home/jirka/research/2024/bits-knn-jpdc2024/data/application-scaling/ampere02-35760925/gradient-compression-middle.csv,2.712673611111111e-05,1,0.474538,0.474538,0.474538,1.2441890849626371,False,False
gradient-compression,e77ffd0b75f255761df3bc4c0830771bb75243da7d366a0e80be0186efb789d4,2359296,1,64,0.0,0,bits-sq,512,256,7,download,/home/jirka/research/2024/bits-knn-jpdc2024/data/application-scaling/ampere02-35760925/gradient-compression-middle.csv,2.712673611111111e-05,30,0.008163,0.007951999999999999,0.008723,0.9766017395565355,False,False
gradient-compression,e77ffd0b75f255761df3bc4c0830771bb75243da7d366a0e80be0186efb789d4,2359296,1,64,0.0,0,bits-sq,512,256,7,operator,/home/jirka/research/2024/bits-knn-jpdc2024/data/application-scaling/ampere02-35760925/gradient-compression-middle.csv,2.712673611111111e-05,30,0.132741,0.1312365,0.134168,0.4572212052041193,False,False
gradient-compression,e77ffd0b75f255761df3bc4c0830771bb75243da7d366a0e80be0186efb789d4,2359296,1,64,0.0,0,bits-sq,512,256,7,output_isolated,/home/jirka/research/2024/bits-knn-jpdc2024/data/application-scaling/ampere02-35760925/gradient-compression-middle.csv,2.712673611111111e-05,30,0.007692000000000001,0.007568750000000001,0.0077894999999999995,0.986349453978159,False,False
gradient-compression,e77ffd0b75f255761df3bc4c0830771bb75243da7d366a0e80be0186efb789d4,2359296,1,64,0.0,0,bits-sq,512,256,7,selection_isolated,/home/jirka/research/2024/bits-knn-jpdc2024/data/application-scaling/ampere02-35760925/gradient-compression-middle.csv,2.712673611111111e-05,30,0.1170975,0.11501175000000001,0.11835975,0.3797476461922757,False,False
gradient-compression,e77ffd0b75f255761df3bc4c0830771bb75243da7d366a0e80be0186efb789d4,2359296,1,64,0.0,0,bits-sq,512,256,7,transform_isolated,/home/jirka/research/2024/bits-knn-jpdc2024/data/application-scaling/ampere02-35760925/gradient-compression-middle.csv,2.712673611111111e-05,30,0.014652,0.014511999999999999,0.014767,1.0106470106470107,False,False
gradient-compression,e77ffd0b75f255761df3bc4c0830771bb75243da7d366a0e80be0186efb789d4,2359296,1,64,0.0,0,bits-sq,512,256,7,upload_shared,/home/jirka/research/2024/bits-knn-jpdc2024/data/application-scaling/ampere02-35760925/gradient-compression-middle.csv,2.712673611111111e-05,1,0.476432,0.476432,0.476432,1.2392429559727305,False,False
gradient-compression,e77ffd0b75f255761df3bc4c0830771bb75243da7d366a0e80be0186efb789d4,2359296,1,64,0.0,0,bits-sq,512,256,8,download,/home/jirka/research/2024/bits-knn-jpdc2024/data/application-scaling/ampere02-35760925/gradient-compression-middle.csv,2.712673611111111e-05,30,0.008132,0.008062,0.008635499999999999,0.9803246433841613,False,False
gradient-compression,e77ffd0b75f255761df3bc4c0830771bb75243da7d366a0e80be0186efb789d4,2359296,1,64,0.0,0,bits-sq,512,256,8,operator,/home/jirka/research/2024/bits-knn-jpdc2024/data/application-scaling/ampere02-35760925/gradient-compression-middle.csv,2.712673611111111e-05,30,0.13514949999999998,0.1344615,0.135926,0.4490730635333465,False,False
gradient-compression,e77ffd0b75f255761df3bc4c0830771bb75243da7d366a0e80be0186efb789d4,2359296,1,64,0.0,0,bits-sq,512,256,8,output_isolated,/home/jirka/research/2024/bits-knn-jpdc2024/data/application-scaling/ampere02-35760925/gradient-compression-middle.csv,2.712673611111111e-05,30,0.007687,0.007621,0.0077919999999999994,0.9869910238064264,False,False
gradient-compression,e77ffd0b75f255761df3bc4c0830771bb75243da7d366a0e80be0186efb789d4,2359296,1,64,0.0,0,bits-sq,512,256,8,selection_isolated,/home/jirka/research/2024/bits-knn-jpdc2024/data/application-scaling/ampere02-35760925/gradient-compression-middle.csv,2.712673611111111e-05,30,0.119486,0.11856225,0.120112,0.3721565706442596,False,False
gradient-compression,e77ffd0b75f255761df3bc4c0830771bb75243da7d366a0e80be0186efb789d4,2359296,1,64,0.0,0,bits-sq,512,256,8,transform_isolated,/home/jirka/research/2024/bits-knn-jpdc2024/data/application-scaling/ampere02-35760925/gradient-compression-middle.csv,2.712673611111111e-05,30,0.014717000000000001,0.014614499999999999,0.014792,1.006183325405993,False,False
gradient-compression,e77ffd0b75f255761df3bc4c0830771bb75243da7d366a0e80be0186efb789d4,2359296,1,64,0.0,0,bits-sq,512,256,8,upload_shared,/home/jirka/research/2024/bits-knn-jpdc2024/data/application-scaling/ampere02-35760925/gradient-compression-middle.csv,2.712673611111111e-05,1,0.478085,0.478085,0.478085,1.2349582187267953,False,False
gradient-compression,e77ffd0b75f255761df3bc4c0830771bb75243da7d366a0e80be0186efb789d4,2359296,1,64,0.0,0,bits-sq,512,256,13,download,/home/jirka/research/2024/bits-knn-jpdc2024/data/application-scaling/ampere02-35760925/gradient-compression-middle.csv,2.712673611111111e-05,30,0.008042,0.00800525,0.008192,0.9912956975876647,False,False
gradient-compression,e77ffd0b75f255761df3bc4c0830771bb75243da7d366a0e80be0186efb789d4,2359296,1,64,0.0,0,bits-sq,512,256,13,operator,/home/jirka/research/2024/bits-knn-jpdc2024/data/application-scaling/ampere02-35760925/gradient-compression-middle.csv,2.712673611111111e-05,30,0.1487155,0.14764125,0.14980175,0.4081080990212856,False,False
gradient-compression,e77ffd0b75f255761df3bc4c0830771bb75243da7d366a0e80be0186efb789d4,2359296,1,64,0.0,0,bits-sq,512,256,13,output_isolated,/home/jirka/research/2024/bits-knn-jpdc2024/data/application-scaling/ampere02-35760925/gradient-compression-middle.csv,2.712673611111111e-05,30,0.007677,0.00760425,0.007786999999999999,0.9882766705744431,False,False
gradient-compression,e77ffd0b75f255761df3bc4c0830771bb75243da7d366a0e80be0186efb789d4,2359296,1,64,0.0,0,bits-sq,512,256,13,selection_isolated,/home/jirka/research/2024/bits-knn-jpdc2024/data/application-scaling/ampere02-35760925/gradient-compression-middle.csv,2.712673611111111e-05,30,0.133397,0.1317395,0.13397475,0.33334707677084197,False,False
gradient-compression,e77ffd0b75f255761df3bc4c0830771bb75243da7d366a0e80be0186efb789d4,2359296,1,64,0.0,0,bits-sq,512,256,13,transform_isolated,/home/jirka/research/2024/bits-knn-jpdc2024/data/application-scaling/ampere02-35760925/gradient-compression-middle.csv,2.712673611111111e-05,30,0.0147375,0.014634749999999998,0.01480775,1.0047837150127226,False,False
gradient-compression,e77ffd0b75f255761df3bc4c0830771bb75243da7d366a0e80be0186efb789d4,2359296,1,64,0.0,0,bits-sq,512,256,13,upload_shared,/home/jirka/research/2024/bits-knn-jpdc2024/data/application-scaling/ampere02-35760925/gradient-compression-middle.csv,2.712673611111111e-05,1,0.469091,0.469091,0.469091,1.2586363839851968,False,False
gradient-compression,e77ffd0b75f255761df3bc4c0830771bb75243da7d366a0e80be0186efb789d4,2359296,1,64,0.0,0,bits-sq,512,256,16,download,/home/jirka/research/2024/bits-knn-jpdc2024/data/application-scaling/ampere02-35760925/gradient-compression-middle.csv,2.712673611111111e-05,30,0.008052,0.007951999999999999,0.00830225,0.9900645802285146,False,False
gradient-compression,e77ffd0b75f255761df3bc4c0830771bb75243da7d366a0e80be0186efb789d4,2359296,1,64,0.0,0,bits-sq,512,256,16,operator,/home/jirka/research/2024/bits-knn-jpdc2024/data/application-scaling/ampere02-35760925/gradient-compression-middle.csv,2.712673611111111e-05,30,0.16466,0.16399624999999998,0.16520025,0.3685898214502611,False,False
gradient-compression,e77ffd0b75f255761df3bc4c0830771bb75243da7d366a0e80be0186efb789d4,2359296,1,64,0.0,0,bits-sq,512,256,16,output_isolated,/home/jirka/research/2024/bits-knn-jpdc2024/data/application-scaling/ampere02-35760925/gradient-compression-middle.csv,2.712673611111111e-05,30,0.0076565,0.007592000000000001,0.0077595,0.9909227453797427,False,False
gradient-compression,e77ffd0b75f255761df3bc4c0830771bb75243da7d366a0e80be0186efb789d4,2359296,1,64,0.0,0,bits-sq,512,256,16,selection_isolated,/home/jirka/research/2024/bits-knn-jpdc2024/data/application-scaling/ampere02-35760925/gradient-compression-middle.csv,2.712673611111111e-05,30,0.147874,0.14706975,0.14872075,0.3007120927275924,False,False
gradient-compression,e77ffd0b75f255761df3bc4c0830771bb75243da7d366a0e80be0186efb789d4,2359296,1,64,0.0,0,bits-sq,512,256,16,transform_isolated,/home/jirka/research/2024/bits-knn-jpdc2024/data/application-scaling/ampere02-35760925/gradient-compression-middle.csv,2.712673611111111e-05,30,0.014757000000000001,0.01467275,0.014867,1.0034559869892254,False,False
gradient-compression,e77ffd0b75f255761df3bc4c0830771bb75243da7d366a0e80be0186efb789d4,2359296,1,64,0.0,0,bits-sq,512,256,16,upload_shared,/home/jirka/research/2024/bits-knn-jpdc2024/data/application-scaling/ampere02-35760925/gradient-compression-middle.csv,2.712673611111111e-05,1,0.486417,0.486417,0.486417,1.2138042050339521,False,False
gradient-compression,e77ffd0b75f255761df3bc4c0830771bb75243da7d366a0e80be0186efb789d4,2359296,1,64,0.0,0,bits-sq,512,512,4,download,/home/jirka/research/2024/bits-knn-jpdc2024/data/application-scaling/ampere02-35760925/gradient-compression-middle.csv,2.712673611111111e-05,30,0.008032000000000001,0.007912,0.00827275,0.9925298804780875,False,False
gradient-compression,e77ffd0b75f255761df3bc4c0830771bb75243da7d366a0e80be0186efb789d4,2359296,1,64,0.0,0,bits-sq,512,512,4,operator,/home/jirka/research/2024/bits-knn-jpdc2024/data/application-scaling/ampere02-35760925/gradient-compression-middle.csv,2.712673611111111e-05,30,0.12844,0.12769074999999996,0.12921575,0.47253192151977574,False,False
gradient-compression,e77ffd0b75f255761df3bc4c0830771bb75243da7d366a0e80be0186efb789d4,2359296,1,64,0.0,0,bits-sq,512,512,4,output_isolated,/home/jirka/research/2024/bits-knn-jpdc2024/data/application-scaling/ampere02-35760925/gradient-compression-middle.csv,2.712673611111111e-05,30,0.0076515,0.0075745,0.007737,0.9915702803371887,False,False
gradient-compression,e77ffd0b75f255761df3bc4c0830771bb75243da7d366a0e80be0186efb789d4,2359296,1,64,0.0,0,bits-sq,512,512,4,selection_isolated,/home/jirka/research/2024/bits-knn-jpdc2024/data/application-scaling/ampere02-35760925/gradient-compression-middle.csv,2.712673611111111e-05,30,0.11211499999999999,0.111323,0.11286850000000001,0.3966240021406592,False,False
gradient-compression,e77ffd0b75f255761df3bc4c0830771bb75243da7d366a0e80be0186efb789d4,2359296,1,64,0.0,0,bits-sq,512,512,4,transform_isolated,/home/jirka/research/2024/bits-knn-jpdc2024/data/application-scaling/ampere02-35760925/gradient-compression-middle.csv,2.712673611111111e-05,30,0.014617,0.014542000000000001,0.01472525,1.0130669768078264,False,False
gradient-compression,e77ffd0b75f255761df3bc4c0830771bb75243da7d366a0e80be0186efb789d4,2359296,1,64,0.0,0,bits-sq,512,512,4,upload_shared,/home/jirka/research/2024/bits-knn-jpdc2024/data/application-scaling/ampere02-35760925/gradient-compression-middle.csv,2.712673611111111e-05,1,0.478175,0.478175,0.478175,1.2347257803105556,False,False
gradient-compression,e77ffd0b75f255761df3bc4c0830771bb75243da7d366a0e80be0186efb789d4,2359296,1,64,0.0,0,bits-sq,512,512,7,download,/home/jirka/research/2024/bits-knn-jpdc2024/data/application-scaling/ampere02-35760925/gradient-compression-middle.csv,2.712673611111111e-05,30,0.0079275,0.007872,0.00822725,1.005613371176285,False,False
gradient-compression,e77ffd0b75f255761df3bc4c0830771bb75243da7d366a0e80be0186efb789d4,2359296,1,64,0.0,0,bits-sq,512,512,7,operator,/home/jirka/research/2024/bits-knn-jpdc2024/data/application-scaling/ampere02-35760925/gradient-compression-middle.csv,2.712673611111111e-05,30,0.151154,0.15078075,0.15143974999999998,0.4015242732577371,False,False
gradient-compression,e77ffd0b75f255761df3bc4c0830771bb75243da7d366a0e80be0186efb789d4,2359296,1,64,0.0,0,bits-sq,512,512,7,output_isolated,/home/jirka/research/2024/bits-knn-jpdc2024/data/application-scaling/ampere02-35760925/gradient-compression-middle.csv,2.712673611111111e-05,30,0.0077919999999999994,0.007648749999999999,0.007892,0.9736909650924025,False,False
gradient-compression,e77ffd0b75f255761df3bc4c0830771bb75243da7d366a0e80be0186efb789d4,2359296,1,64,0.0,0,bits-sq,512,512,7,selection_isolated,/home/jirka/research/2024/bits-knn-jpdc2024/data/application-scaling/ampere02-35760925/gradient-compression-middle.csv,2.712673611111111e-05,30,0.134729,0.134554,0.1349015,0.3300514365875202,False,False
gradient-compression,e77ffd0b75f255761df3bc4c0830771bb75243da7d366a0e80be0186efb789d4,2359296,1,64,0.0,0,bits-sq,512,512,7,transform_isolated,/home/jirka/research/2024/bits-knn-jpdc2024/data/application-scaling/ampere02-35760925/gradient-compression-middle.csv,2.712673611111111e-05,30,0.014622,0.014532000000000002,0.014691999999999998,1.0127205580631924,False,False
gradient-compression,e77ffd0b75f255761df3bc4c0830771bb75243da7d366a0e80be0186efb789d4,2359296,1,64,0.0,0,bits-sq,512,512,7,upload_shared,/home/jirka/research/2024/bits-knn-jpdc2024/data/application-scaling/ampere02-35760925/gradient-compression-middle.csv,2.712673611111111e-05,1,0.487289,0.487289,0.487289,1.2116321115395585,False,False
gradient-compression,e77ffd0b75f255761df3bc4c0830771bb75243da7d366a0e80be0186efb789d4,2359296,1,64,0.0,0,bits-sq,512,512,8,download,/home/jirka/research/2024/bits-knn-jpdc2024/data/application-scaling/ampere02-35760925/gradient-compression-middle.csv,2.712673611111111e-05,30,0.008112,0.00804225,0.0082895,0.982741617357002,False,False
gradient-compression,e77ffd0b75f255761df3bc4c0830771bb75243da7d366a0e80be0186efb789d4,2359296,1,64,0.0,0,bits-sq,512,512,8,operator,/home/jirka/research/2024/bits-knn-jpdc2024/data/application-scaling/ampere02-35760925/gradient-compression-middle.csv,2.712673611111111e-05,30,0.134569,0.134269,0.13571075,0.45101026239327036,False,False
gradient-compression,e77ffd0b75f255761df3bc4c0830771bb75243da7d366a0e80be0186efb789d4,2359296,1,64,0.0,0,bits-sq,512,512,8,output_isolated,/home/jirka/research/2024/bits-knn-jpdc2024/data/application-scaling/ampere02-35760925/gradient-compression-middle.csv,2.712673611111111e-05,30,0.0077665,0.0076159999999999995,0.007932,0.9768879160497006,False,False
gradient-compression,e77ffd0b75f255761df3bc4c0830771bb75243da7d366a0e80be0186efb789d4,2359296,1,64,0.0,0,bits-sq,512,512,8,selection_isolated,/home/jirka/research/2024/bits-knn-jpdc2024/data/application-scaling/ampere02-35760925/gradient-compression-middle.csv,2.712673611111111e-05,30,0.11818400000000001,0.11772650000000001,0.12078799999999999,0.37625651526433357,False,False
gradient-compression,e77ffd0b75f255761df3bc4c0830771bb75243da7d366a0e80be0186efb789d4,2359296,1,64,0.0,0,bits-sq,512,512,8,transform_isolated,/home/jirka/research/2024/bits-knn-jpdc2024/data/application-scaling/ampere02-35760925/gradient-compression-middle.csv,2.712673611111111e-05,30,0.0148575,0.01479525,0.014949750000000001,0.9966683493185261,False,False
gradient-compression,e77ffd0b75f255761df3bc4c0830771bb75243da7d366a0e80be0186efb789d4,2359296,1,64,0.0,0,bits-sq,512,512,8,upload_shared,/home/jirka/research/2024/bits-knn-jpdc2024/data/application-scaling/ampere02-35760925/gradient-compression-middle.csv,2.712673611111111e-05,1,0.49069399999999996,0.49069399999999996,0.49069399999999996,1.203224412770484,False,False
gradient-compression,e77ffd0b75f255761df3bc4c0830771bb75243da7d366a0e80be0186efb789d4,2359296,1,64,0.0,0,bits-sq,512,512,13,download,/home/jirka/research/2024/bits-knn-jpdc2024/data/application-scaling/ampere02-35760925/gradient-compression-middle.csv,2.712673611111111e-05,30,0.008118,0.0080445,0.0085355,0.9820152746982015,False,False
gradient-compression,e77ffd0b75f255761df3bc4c0830771bb75243da7d366a0e80be0186efb789d4,2359296,1,64,0.0,0,bits-sq,512,512,13,operator,/home/jirka/research/2024/bits-knn-jpdc2024/data/application-scaling/ampere02-35760925/gradient-compression-middle.csv,2.712673611111111e-05,30,0.16194,0.16169250000000002,0.16213249999999998,0.3747807830060516,False,False
gradient-compression,e77ffd0b75f255761df3bc4c0830771bb75243da7d366a0e80be0186efb789d4,2359296,1,64,0.0,0,bits-sq,512,512,13,output_isolated,/home/jirka/research/2024/bits-knn-jpdc2024/data/application-scaling/ampere02-35760925/gradient-compression-middle.csv,2.712673611111111e-05,30,0.0077965,0.0076845,0.008059499999999999,0.9731289681267236,False,False
gradient-compression,e77ffd0b75f255761df3bc4c0830771bb75243da7d366a0e80be0186efb789d4,2359296,1,64,0.0,0,bits-sq,512,512,13,selection_isolated,/home/jirka/research/2024/bits-knn-jpdc2024/data/application-scaling/ampere02-35760925/gradient-compression-middle.csv,2.712673611111111e-05,30,0.14545999999999998,0.14529825,0.145751,0.30570259865255056,False,False
gradient-compression,e77ffd0b75f255761df3bc4c0830771bb75243da7d366a0e80be0186efb789d4,2359296,1,64,0.0,0,bits-sq,512,512,13,transform_isolated,/home/jirka/research/2024/bits-knn-jpdc2024/data/application-scaling/ampere02-35760925/gradient-compression-middle.csv,2.712673611111111e-05,30,0.0146925,0.014632,0.0147705,1.0078611536498212,False,False
gradient-compression,e77ffd0b75f255761df3bc4c0830771bb75243da7d366a0e80be0186efb789d4,2359296,1,64,0.0,0,bits-sq,512,512,13,upload_shared,/home/jirka/research/2024/bits-knn-jpdc2024/data/application-scaling/ampere02-35760925/gradient-compression-middle.csv,2.712673611111111e-05,1,0.475981,0.475981,0.475981,1.2404171595084676,False,False
gradient-compression,e77ffd0b75f255761df3bc4c0830771bb75243da7d366a0e80be0186efb789d4,2359296,1,64,0.0,0,bits-sq,512,512,16,download,/home/jirka/research/2024/bits-knn-jpdc2024/data/application-scaling/ampere02-35760925/gradient-compression-middle.csv,2.712673611111111e-05,30,0.0080475,0.007972,0.00842025,0.9906182044113078,False,False
gradient-compression,e77ffd0b75f255761df3bc4c0830771bb75243da7d366a0e80be0186efb789d4,2359296,1,64,0.0,0,bits-sq,512,512,16,operator,/home/jirka/research/2024/bits-knn-jpdc2024/data/application-scaling/ampere02-35760925/gradient-compression-middle.csv,2.712673611111111e-05,30,0.164239,0.16383799999999998,0.16471924999999998,0.36953464158939103,False,False
gradient-compression,e77ffd0b75f255761df3bc4c0830771bb75243da7d366a0e80be0186efb789d4,2359296,1,64,0.0,0,bits-sq,512,512,16,output_isolated,/home/jirka/research/2024/bits-knn-jpdc2024/data/application-scaling/ampere02-35760925/gradient-compression-middle.csv,2.712673611111111e-05,30,0.0077865,0.007573749999999999,0.00812275,0.9743787324214987,False,False
gradient-compression,e77ffd0b75f255761df3bc4c0830771bb75243da7d366a0e80be0186efb789d4,2359296,1,64,0.0,0,bits-sq,512,512,16,selection_isolated,/home/jirka/research/2024/bits-knn-jpdc2024/data/application-scaling/ampere02-35760925/gradient-compression-middle.csv,2.712673611111111e-05,30,0.14804,0.147924,0.14828175000000002,0.3003748986760335,False,False
gradient-compression,e77ffd0b75f255761df3bc4c0830771bb75243da7d366a0e80be0186efb789d4,2359296,1,64,0.0,0,bits-sq,512,512,16,transform_isolated,/home/jirka/research/2024/bits-knn-jpdc2024/data/application-scaling/ampere02-35760925/gradient-compression-middle.csv,2.712673611111111e-05,30,0.0146775,0.014572,0.014732,1.0088911599386816,False,False
gradient-compression,e77ffd0b75f255761df3bc4c0830771bb75243da7d366a0e80be0186efb789d4,2359296,1,64,0.0,0,bits-sq,512,512,16,upload_shared,/home/jirka/research/2024/bits-knn-jpdc2024/data/application-scaling/ampere02-35760925/gradient-compression-middle.csv,2.712673611111111e-05,1,0.477854,0.477854,0.477854,1.2355552114244097,False,False
gradient-compression,e77ffd0b75f255761df3bc4c0830771bb75243da7d366a0e80be0186efb789d4,2359296,1,64,0.0,0,block-select,1,128,3,download,/home/jirka/research/2024/bits-knn-jpdc2024/data/application-scaling/ampere02-35760925/gradient-compression-middle.csv,2.712673611111111e-05,30,0.00972,0.0092515,0.010720999999999998,0.820164609053498,False,False
gradient-compression,e77ffd0b75f255761df3bc4c0830771bb75243da7d366a0e80be0186efb789d4,2359296,1,64,0.0,0,block-select,1,128,3,operator,/home/jirka/research/2024/bits-knn-jpdc2024/data/application-scaling/ampere02-35760925/gradient-compression-middle.csv,2.712673611111111e-05,30,5.0341275,5.0234065,5.049318250000001,0.012056111014272085,False,False
gradient-compression,e77ffd0b75f255761df3bc4c0830771bb75243da7d366a0e80be0186efb789d4,2359296,1,64,0.0,0,block-select,1,128,3,output_isolated,/home/jirka/research/2024/bits-knn-jpdc2024/data/application-scaling/ampere02-35760925/gradient-compression-middle.csv,2.712673611111111e-05,30,0.010451,0.009887499999999999,0.0110695,0.7259592383503971,False,False
gradient-compression,e77ffd0b75f255761df3bc4c0830771bb75243da7d366a0e80be0186efb789d4,2359296,1,64,0.0,0,block-select,1,128,3,selection_isolated,/home/jirka/research/2024/bits-knn-jpdc2024/data/application-scaling/ampere02-35760925/gradient-compression-middle.csv,2.712673611111111e-05,30,5.0191,5.0099184999999995,5.0351592499999995,0.008859656113645873,False,False
gradient-compression,e77ffd0b75f255761df3bc4c0830771bb75243da7d366a0e80be0186efb789d4,2359296,1,64,0.0,0,block-select,1,128,3,transform_isolated,/home/jirka/research/2024/bits-knn-jpdc2024/data/application-scaling/ampere02-35760925/gradient-compression-middle.csv,2.712673611111111e-05,30,0.014837,0.014647,0.0149855,0.9980454269731078,False,False
gradient-compression,e77ffd0b75f255761df3bc4c0830771bb75243da7d366a0e80be0186efb789d4,2359296,1,64,0.0,0,block-select,1,128,3,upload_shared,/home/jirka/research/2024/bits-knn-jpdc2024/data/application-scaling/ampere02-35760925/gradient-compression-middle.csv,2.712673611111111e-05,1,0.5904149999999999,0.5904149999999999,0.5904149999999999,1.0,False,False
gradient-compression,e77ffd0b75f255761df3bc4c0830771bb75243da7d366a0e80be0186efb789d4,2359296,1,64,0.0,0,grid-select,1,0,0,download,/home/jirka/research/2024/bits-knn-jpdc2024/data/application-scaling/ampere02-35760925/gradient-compression-middle.csv,2.712673611111111e-05,30,0.008002,0.007882,0.008072,0.9962509372656835,True,True
gradient-compression,e77ffd0b75f255761df3bc4c0830771bb75243da7d366a0e80be0186efb789d4,2359296,1,64,0.0,0,grid-select,1,0,0,operator,/home/jirka/research/2024/bits-knn-jpdc2024/data/application-scaling/ampere02-35760925/gradient-compression-middle.csv,2.712673611111111e-05,30,0.086921,0.0859,0.08906975,0.6982432323604192,True,True
gradient-compression,e77ffd0b75f255761df3bc4c0830771bb75243da7d366a0e80be0186efb789d4,2359296,1,64,0.0,0,grid-select,1,0,0,output_isolated,/home/jirka/research/2024/bits-knn-jpdc2024/data/application-scaling/ampere02-35760925/gradient-compression-middle.csv,2.712673611111111e-05,30,0.0076565,0.0075285000000000005,0.0077195,0.9909227453797427,True,True
gradient-compression,e77ffd0b75f255761df3bc4c0830771bb75243da7d366a0e80be0186efb789d4,2359296,1,64,0.0,0,grid-select,1,0,0,selection_isolated,/home/jirka/research/2024/bits-knn-jpdc2024/data/application-scaling/ampere02-35760925/gradient-compression-middle.csv,2.712673611111111e-05,30,0.0748235,0.074633,0.07540725,0.5942985826645372,True,True
gradient-compression,e77ffd0b75f255761df3bc4c0830771bb75243da7d366a0e80be0186efb789d4,2359296,1,64,0.0,0,grid-select,1,0,0,transform_isolated,/home/jirka/research/2024/bits-knn-jpdc2024/data/application-scaling/ampere02-35760925/gradient-compression-middle.csv,2.712673611111111e-05,30,0.014732,0.014652,0.01482025,1.0051588379038827,True,True
gradient-compression,e77ffd0b75f255761df3bc4c0830771bb75243da7d366a0e80be0186efb789d4,2359296,1,64,0.0,0,grid-select,1,0,0,upload_shared,/home/jirka/research/2024/bits-knn-jpdc2024/data/application-scaling/ampere02-35760925/gradient-compression-middle.csv,2.712673611111111e-05,1,0.5904149999999999,0.5904149999999999,0.5904149999999999,1.0,True,True
gradient-compression,e77ffd0b75f255761df3bc4c0830771bb75243da7d366a0e80be0186efb789d4,2359296,1,128,0.0,0,air-topk,1,512,0,download,/home/jirka/research/2024/bits-knn-jpdc2024/data/application-scaling/ampere02-35760925/gradient-compression-middle.csv,5.425347222222222e-05,30,0.0080825,0.00797475,0.00830975,1.0,True,True
gradient-compression,e77ffd0b75f255761df3bc4c0830771bb75243da7d366a0e80be0186efb789d4,2359296,1,128,0.0,0,air-topk,1,512,0,operator,/home/jirka/research/2024/bits-knn-jpdc2024/data/application-scaling/ampere02-35760925/gradient-compression-middle.csv,5.425347222222222e-05,30,0.06193850000000001,0.061661499999999994,0.062227250000000005,1.0,True,True
gradient-compression,e77ffd0b75f255761df3bc4c0830771bb75243da7d366a0e80be0186efb789d4,2359296,1,128,0.0,0,air-topk,1,512,0,output_isolated,/home/jirka/research/2024/bits-knn-jpdc2024/data/application-scaling/ampere02-35760925/gradient-compression-middle.csv,5.425347222222222e-05,30,0.007807,0.00772125,0.0079595,1.0,True,True
gradient-compression,e77ffd0b75f255761df3bc4c0830771bb75243da7d366a0e80be0186efb789d4,2359296,1,128,0.0,0,air-topk,1,512,0,selection_isolated,/home/jirka/research/2024/bits-knn-jpdc2024/data/application-scaling/ampere02-35760925/gradient-compression-middle.csv,5.425347222222222e-05,30,0.045569,0.0453415,0.04582175,1.0,True,True
gradient-compression,e77ffd0b75f255761df3bc4c0830771bb75243da7d366a0e80be0186efb789d4,2359296,1,128,0.0,0,air-topk,1,512,0,transform_isolated,/home/jirka/research/2024/bits-knn-jpdc2024/data/application-scaling/ampere02-35760925/gradient-compression-middle.csv,5.425347222222222e-05,30,0.0147075,0.014620500000000002,0.01485025,1.0,True,True
gradient-compression,e77ffd0b75f255761df3bc4c0830771bb75243da7d366a0e80be0186efb789d4,2359296,1,128,0.0,0,air-topk,1,512,0,upload_shared,/home/jirka/research/2024/bits-knn-jpdc2024/data/application-scaling/ampere02-35760925/gradient-compression-middle.csv,5.425347222222222e-05,1,0.619709,0.619709,0.619709,1.0,True,True
gradient-compression,e77ffd0b75f255761df3bc4c0830771bb75243da7d366a0e80be0186efb789d4,2359296,1,128,0.0,0,bits-prefetch,1,128,4,download,/home/jirka/research/2024/bits-knn-jpdc2024/data/application-scaling/ampere02-35760925/gradient-compression-middle.csv,5.425347222222222e-05,30,0.009368999999999999,0.008928,0.01033075,0.8626854520226278,False,False
gradient-compression,e77ffd0b75f255761df3bc4c0830771bb75243da7d366a0e80be0186efb789d4,2359296,1,128,0.0,0,bits-prefetch,1,128,4,operator,/home/jirka/research/2024/bits-knn-jpdc2024/data/application-scaling/ampere02-35760925/gradient-compression-middle.csv,5.425347222222222e-05,30,2.820934,2.8191637500000004,2.8221235,0.02195673489702347,False,False
gradient-compression,e77ffd0b75f255761df3bc4c0830771bb75243da7d366a0e80be0186efb789d4,2359296,1,128,0.0,0,bits-prefetch,1,128,4,output_isolated,/home/jirka/research/2024/bits-knn-jpdc2024/data/application-scaling/ampere02-35760925/gradient-compression-middle.csv,5.425347222222222e-05,30,0.0094845,0.0086155,0.010230000000000001,0.8231324793083452,False,False
gradient-compression,e77ffd0b75f255761df3bc4c0830771bb75243da7d366a0e80be0186efb789d4,2359296,1,128,0.0,0,bits-prefetch,1,128,4,selection_isolated,/home/jirka/research/2024/bits-knn-jpdc2024/data/application-scaling/ampere02-35760925/gradient-compression-middle.csv,5.425347222222222e-05,30,2.8033425000000003,2.8014650000000003,2.8048922499999995,0.016255238166581497,False,False
gradient-compression,e77ffd0b75f255761df3bc4c0830771bb75243da7d366a0e80be0186efb789d4,2359296,1,128,0.0,0,bits-prefetch,1,128,4,transform_isolated,/home/jirka/research/2024/bits-knn-jpdc2024/data/application-scaling/ampere02-35760925/gradient-compression-middle.csv,5.425347222222222e-05,30,0.014606999999999998,0.014552,0.014803,1.0068802628876568,False,False
gradient-compression,e77ffd0b75f255761df3bc4c0830771bb75243da7d366a0e80be0186efb789d4,2359296,1,128,0.0,0,bits-prefetch,1,128,4,upload_shared,/home/jirka/research/2024/bits-knn-jpdc2024/data/application-scaling/ampere02-35760925/gradient-compression-middle.csv,5.425347222222222e-05,1,0.486577,0.486577,0.486577,1.2736093156889865,False,False
gradient-compression,e77ffd0b75f255761df3bc4c0830771bb75243da7d366a0e80be0186efb789d4,2359296,1,128,0.0,0,bits-prefetch,1,128,7,download,/home/jirka/research/2024/bits-knn-jpdc2024/data/application-scaling/ampere02-35760925/gradient-compression-middle.csv,5.425347222222222e-05,30,0.008872999999999999,0.008523,0.009770000000000001,0.9109095007325595,False,False
gradient-compression,e77ffd0b75f255761df3bc4c0830771bb75243da7d366a0e80be0186efb789d4,2359296,1,128,0.0,0,bits-prefetch,1,128,7,operator,/home/jirka/research/2024/bits-knn-jpdc2024/data/application-scaling/ampere02-35760925/gradient-compression-middle.csv,5.425347222222222e-05,30,1.7958865,1.79482675,1.79732825,0.03448909494001988,False,False
gradient-compression,e77ffd0b75f255761df3bc4c0830771bb75243da7d366a0e80be0186efb789d4,2359296,1,128,0.0,0,bits-prefetch,1,128,7,output_isolated,/home/jirka/research/2024/bits-knn-jpdc2024/data/application-scaling/ampere02-35760925/gradient-compression-middle.csv,5.425347222222222e-05,30,0.0087835,0.008438000000000001,0.00911625,0.8888256389821825,False,False
gradient-compression,e77ffd0b75f255761df3bc4c0830771bb75243da7d366a0e80be0186efb789d4,2359296,1,128,0.0,0,bits-prefetch,1,128,7,selection_isolated,/home/jirka/research/2024/bits-knn-jpdc2024/data/application-scaling/ampere02-35760925/gradient-compression-middle.csv,5.425347222222222e-05,30,1.7793009999999998,1.777293,1.7798745000000002,0.025610619001506775,False,False
gradient-compression,e77ffd0b75f255761df3bc4c0830771bb75243da7d366a0e80be0186efb789d4,2359296,1,128,0.0,0,bits-prefetch,1,128,7,transform_isolated,/home/jirka/research/2024/bits-knn-jpdc2024/data/application-scaling/ampere02-35760925/gradient-compression-middle.csv,5.425347222222222e-05,30,0.014582000000000001,0.01449425,0.014755250000000001,1.0086065011658207,False,False
gradient-compression,e77ffd0b75f255761df3bc4c0830771bb75243da7d366a0e80be0186efb789d4,2359296,1,128,0.0,0,bits-prefetch,1,128,7,upload_shared,/home/jirka/research/2024/bits-knn-jpdc2024/data/application-scaling/ampere02-35760925/gradient-compression-middle.csv,5.425347222222222e-05,1,0.477223,0.477223,0.477223,1.2985732037223687,False,False
gradient-compression,e77ffd0b75f255761df3bc4c0830771bb75243da7d366a0e80be0186efb789d4,2359296,1,128,0.0,0,bits-prefetch,1,128,8,download,/home/jirka/research/2024/bits-knn-jpdc2024/data/application-scaling/ampere02-35760925/gradient-compression-middle.csv,5.425347222222222e-05,30,0.008683,0.008144499999999999,0.009493999999999999,0.9308418749280202,False,False
gradient-compression,e77ffd0b75f255761df3bc4c0830771bb75243da7d366a0e80be0186efb789d4,2359296,1,128,0.0,0,bits-prefetch,1,128,8,operator,/home/jirka/research/2024/bits-knn-jpdc2024/data/application-scaling/ampere02-35760925/gradient-compression-middle.csv,5.425347222222222e-05,30,1.6739864999999998,1.6730574999999999,1.67527625,0.03700059707769448,False,False
gradient-compression,e77ffd0b75f255761df3bc4c0830771bb75243da7d366a0e80be0186efb789d4,2359296,1,128,0.0,0,bits-prefetch,1,128,8,output_isolated,/home/jirka/research/2024/bits-knn-jpdc2024/data/application-scaling/ampere02-35760925/gradient-compression-middle.csv,5.425347222222222e-05,30,0.008598000000000001,0.008172,0.00892325,0.908001860897883,False,False
gradient-compression,e77ffd0b75f255761df3bc4c0830771bb75243da7d366a0e80be0186efb789d4,2359296,1,128,0.0,0,bits-prefetch,1,128,8,selection_isolated,/home/jirka/research/2024/bits-knn-jpdc2024/data/application-scaling/ampere02-35760925/gradient-compression-middle.csv,5.425347222222222e-05,30,1.6576415,1.6570435,1.65872375,0.027490262520575164,False,False
gradient-compression,e77ffd0b75f255761df3bc4c0830771bb75243da7d366a0e80be0186efb789d4,2359296,1,128,0.0,0,bits-prefetch,1,128,8,transform_isolated,/home/jirka/research/2024/bits-knn-jpdc2024/data/application-scaling/ampere02-35760925/gradient-compression-middle.csv,5.425347222222222e-05,30,0.014637,0.014512249999999999,0.01477525,1.0048165607706496,False,False
gradient-compression,e77ffd0b75f255761df3bc4c0830771bb75243da7d366a0e80be0186efb789d4,2359296,1,128,0.0,0,bits-prefetch,1,128,8,upload_shared,/home/jirka/research/2024/bits-knn-jpdc2024/data/application-scaling/ampere02-35760925/gradient-compression-middle.csv,5.425347222222222e-05,1,0.480458,0.480458,0.480458,1.2898297041572833,False,False
gradient-compression,e77ffd0b75f255761df3bc4c0830771bb75243da7d366a0e80be0186efb789d4,2359296,1,128,0.0,0,bits-prefetch,1,128,13,download,/home/jirka/research/2024/bits-knn-jpdc2024/data/application-scaling/ampere02-35760925/gradient-compression-middle.csv,5.425347222222222e-05,30,0.008603,0.0082505,0.00939475,0.9394978495873533,False,False
gradient-compression,e77ffd0b75f255761df3bc4c0830771bb75243da7d366a0e80be0186efb789d4,2359296,1,128,0.0,0,bits-prefetch,1,128,13,operator,/home/jirka/research/2024/bits-knn-jpdc2024/data/application-scaling/ampere02-35760925/gradient-compression-middle.csv,5.425347222222222e-05,30,1.446056,1.4449094999999998,1.4467844999999997,0.04283271187284587,False,False
gradient-compression,e77ffd0b75f255761df3bc4c0830771bb75243da7d366a0e80be0186efb789d4,2359296,1,128,0.0,0,bits-prefetch,1,128,13,output_isolated,/home/jirka/research/2024/bits-knn-jpdc2024/data/application-scaling/ampere02-35760925/gradient-compression-middle.csv,5.425347222222222e-05,30,0.008558,0.00814525,0.00888575,0.9122458518345408,False,False
gradient-compression,e77ffd0b75f255761df3bc4c0830771bb75243da7d366a0e80be0186efb789d4,2359296,1,128,0.0,0,bits-prefetch,1,128,13,selection_isolated,/home/jirka/research/2024/bits-knn-jpdc2024/data/application-scaling/ampere02-35760925/gradient-compression-middle.csv,5.425347222222222e-05,30,1.4281535,1.4274655,1.42905,0.031907634578495936,False,False
gradient-compression,e77ffd0b75f255761df3bc4c0830771bb75243da7d366a0e80be0186efb789d4,2359296,1,128,0.0,0,bits-prefetch,1,128,13,transform_isolated,/home/jirka/research/2024/bits-knn-jpdc2024/data/application-scaling/ampere02-35760925/gradient-compression-middle.csv,5.425347222222222e-05,30,0.0146625,0.014534499999999999,0.01477775,1.00306905370844,False,False
gradient-compression,e77ffd0b75f255761df3bc4c0830771bb75243da7d366a0e80be0186efb789d4,2359296,1,128,0.0,0,bits-prefetch,1,128,13,upload_shared,/home/jirka/research/2024/bits-knn-jpdc2024/data/application-scaling/ampere02-35760925/gradient-compression-middle.csv,5.425347222222222e-05,1,0.486026,0.486026,0.486026,1.2750531864550454,False,False
gradient-compression,e77ffd0b75f255761df3bc4c0830771bb75243da7d366a0e80be0186efb789d4,2359296,1,128,0.0,0,bits-prefetch,1,128,16,download,/home/jirka/research/2024/bits-knn-jpdc2024/data/application-scaling/ampere02-35760925/gradient-compression-middle.csv,5.425347222222222e-05,30,0.008794000000000001,0.0082045,0.00955975,0.919092563111212,False,False
gradient-compression,e77ffd0b75f255761df3bc4c0830771bb75243da7d366a0e80be0186efb789d4,2359296,1,128,0.0,0,bits-prefetch,1,128,16,operator,/home/jirka/research/2024/bits-knn-jpdc2024/data/application-scaling/ampere02-35760925/gradient-compression-middle.csv,5.425347222222222e-05,30,1.3115875,1.3110792499999997,1.3120479999999999,0.04722407006776141,False,False
gradient-compression,e77ffd0b75f255761df3bc4c0830771bb75243da7d366a0e80be0186efb789d4,2359296,1,128,0.0,0,bits-prefetch,1,128,16,output_isolated,/home/jirka/research/2024/bits-knn-jpdc2024/data/application-scaling/ampere02-35760925/gradient-compression-middle.csv,5.425347222222222e-05,30,0.008523,0.0080395,0.00894075,0.9159920215886426,False,False
gradient-compression,e77ffd0b75f255761df3bc4c0830771bb75243da7d366a0e80be0186efb789d4,2359296,1,128,0.0,0,bits-prefetch,1,128,16,selection_isolated,/home/jirka/research/2024/bits-knn-jpdc2024/data/application-scaling/ampere02-35760925/gradient-compression-middle.csv,5.425347222222222e-05,30,1.2945820000000001,1.294141,1.295313,0.035199778770290326,False,False
gradient-compression,e77ffd0b75f255761df3bc4c0830771bb75243da7d366a0e80be0186efb789d4,2359296,1,128,0.0,0,bits-prefetch,1,128,16,transform_isolated,/home/jirka/research/2024/bits-knn-jpdc2024/data/application-scaling/ampere02-35760925/gradient-compression-middle.csv,5.425347222222222e-05,30,0.0146125,0.014517,0.014722,1.0065012831479898,False,False
gradient-compression,e77ffd0b75f255761df3bc4c0830771bb75243da7d366a0e80be0186efb789d4,2359296,1,128,0.0,0,bits-prefetch,1,128,16,upload_shared,/home/jirka/research/2024/bits-knn-jpdc2024/data/application-scaling/ampere02-35760925/gradient-compression-middle.csv,5.425347222222222e-05,1,0.48184,0.48184,0.48184,1.2861302507056283,False,False
gradient-compression,e77ffd0b75f255761df3bc4c0830771bb75243da7d366a0e80be0186efb789d4,2359296,1,128,0.0,0,bits-prefetch,1,256,4,download,/home/jirka/research/2024/bits-knn-jpdc2024/data/application-scaling/ampere02-35760925/gradient-compression-middle.csv,5.425347222222222e-05,30,0.0088435,0.00813975,0.009396499999999999,0.91394809747272,False,False
gradient-compression,e77ffd0b75f255761df3bc4c0830771bb75243da7d366a0e80be0186efb789d4,2359296,1,128,0.0,0,bits-prefetch,1,256,4,operator,/home/jirka/research/2024/bits-knn-jpdc2024/data/application-scaling/ampere02-35760925/gradient-compression-middle.csv,5.425347222222222e-05,30,1.552057,1.5513225000000002,1.5529012500000001,0.03990736164973323,False,False
gradient-compression,e77ffd0b75f255761df3bc4c0830771bb75243da7d366a0e80be0186efb789d4,2359296,1,128,0.0,0,bits-prefetch,1,256,4,output_isolated,/home/jirka/research/2024/bits-knn-jpdc2024/data/application-scaling/ampere02-35760925/gradient-compression-middle.csv,5.425347222222222e-05,30,0.008587500000000001,0.0083045,0.0091365,0.909112081513828,False,False
gradient-compression,e77ffd0b75f255761df3bc4c0830771bb75243da7d366a0e80be0186efb789d4,2359296,1,128,0.0,0,bits-prefetch,1,256,4,selection_isolated,/home/jirka/research/2024/bits-knn-jpdc2024/data/application-scaling/ampere02-35760925/gradient-compression-middle.csv,5.425347222222222e-05,30,1.5352109999999999,1.53339375,1.5359545,0.029682564807052583,False,False
gradient-compression,e77ffd0b75f255761df3bc4c0830771bb75243da7d366a0e80be0186efb789d4,2359296,1,128,0.0,0,bits-prefetch,1,256,4,transform_isolated,/home/jirka/research/2024/bits-knn-jpdc2024/data/application-scaling/ampere02-35760925/gradient-compression-middle.csv,5.425347222222222e-05,30,0.0146925,0.01456425,0.014803,1.0010209290454313,False,False
gradient-compression,e77ffd0b75f255761df3bc4c0830771bb75243da7d366a0e80be0186efb789d4,2359296,1,128,0.0,0,bits-prefetch,1,256,4,upload_shared,/home/jirka/research/2024/bits-knn-jpdc2024/data/application-scaling/ampere02-35760925/gradient-compression-middle.csv,5.425347222222222e-05,1,0.487759,0.487759,0.487759,1.2705229426827591,False,False
gradient-compression,e77ffd0b75f255761df3bc4c0830771bb75243da7d366a0e80be0186efb789d4,2359296,1,128,0.0,0,bits-prefetch,1,256,7,download,/home/jirka/research/2024/bits-knn-jpdc2024/data/application-scaling/ampere02-35760925/gradient-compression-middle.csv,5.425347222222222e-05,30,0.0083075,0.008032250000000001,0.0090465,0.9729160397231416,False,False
gradient-compression,e77ffd0b75f255761df3bc4c0830771bb75243da7d366a0e80be0186efb789d4,2359296,1,128,0.0,0,bits-prefetch,1,256,7,operator,/home/jirka/research/2024/bits-knn-jpdc2024/data/application-scaling/ampere02-35760925/gradient-compression-middle.csv,5.425347222222222e-05,30,1.029986,1.0293474999999999,1.0314835,0.06013528339220145,False,False
gradient-compression,e77ffd0b75f255761df3bc4c0830771bb75243da7d366a0e80be0186efb789d4,2359296,1,128,0.0,0,bits-prefetch,1,256,7,output_isolated,/home/jirka/research/2024/bits-knn-jpdc2024/data/application-scaling/ampere02-35760925/gradient-compression-middle.csv,5.425347222222222e-05,30,0.008112,0.007917,0.0086705,0.9624013806706114,False,False
gradient-compression,e77ffd0b75f255761df3bc4c0830771bb75243da7d366a0e80be0186efb789d4,2359296,1,128,0.0,0,bits-prefetch,1,256,7,selection_isolated,/home/jirka/research/2024/bits-knn-jpdc2024/data/application-scaling/ampere02-35760925/gradient-compression-middle.csv,5.425347222222222e-05,30,1.012905,1.0122590000000002,1.0141517500000001,0.04498842438333309,False,False
gradient-compression,e77ffd0b75f255761df3bc4c0830771bb75243da7d366a0e80be0186efb789d4,2359296,1,128,0.0,0,bits-prefetch,1,256,7,transform_isolated,/home/jirka/research/2024/bits-knn-jpdc2024/data/application-scaling/ampere02-35760925/gradient-compression-middle.csv,5.425347222222222e-05,30,0.014562,0.014462,0.01475475,1.0099917593737124,False,False
gradient-compression,e77ffd0b75f255761df3bc4c0830771bb75243da7d366a0e80be0186efb789d4,2359296,1,128,0.0,0,bits-prefetch,1,256,7,upload_shared,/home/jirka/research/2024/bits-knn-jpdc2024/data/application-scaling/ampere02-35760925/gradient-compression-middle.csv,5.425347222222222e-05,1,0.48928199999999994,0.48928199999999994,0.48928199999999994,1.2665681549699357,False,False
gradient-compression,e77ffd0b75f255761df3bc4c0830771bb75243da7d366a0e80be0186efb789d4,2359296,1,128,0.0,0,bits-prefetch,1,256,8,download,/home/jirka/research/2024/bits-knn-jpdc2024/data/application-scaling/ampere02-35760925/gradient-compression-middle.csv,5.425347222222222e-05,30,0.008448,0.0081095,0.00915375,0.9567353219696968,False,False
gradient-compression,e77ffd0b75f255761df3bc4c0830771bb75243da7d366a0e80be0186efb789d4,2359296,1,128,0.0,0,bits-prefetch,1,256,8,operator,/home/jirka/research/2024/bits-knn-jpdc2024/data/application-scaling/ampere02-35760925/gradient-compression-middle.csv,5.425347222222222e-05,30,0.9654529999999999,0.96445625,0.966124,0.06415485787500791,False,False
gradient-compression,e77ffd0b75f255761df3bc4c0830771bb75243da7d366a0e80be0186efb789d4,2359296,1,128,0.0,0,bits-prefetch,1,256,8,output_isolated,/home/jirka/research/2024/bits-knn-jpdc2024/data/application-scaling/ampere02-35760925/gradient-compression-middle.csv,5.425347222222222e-05,30,0.008047,0.0078295,0.008723,0.9701752205790978,False,False
gradient-compression,e77ffd0b75f255761df3bc4c0830771bb75243da7d366a0e80be0186efb789d4,2359296,1,128,0.0,0,bits-prefetch,1,256,8,selection_isolated,/home/jirka/research/2024/bits-knn-jpdc2024/data/application-scaling/ampere02-35760925/gradient-compression-middle.csv,5.425347222222222e-05,30,0.948457,0.947721,0.949228,0.04804540427241298,False,False
gradient-compression,e77ffd0b75f255761df3bc4c0830771bb75243da7d366a0e80be0186efb789d4,2359296,1,128,0.0,0,bits-prefetch,1,256,8,transform_isolated,/home/jirka/research/2024/bits-knn-jpdc2024/data/application-scaling/ampere02-35760925/gradient-compression-middle.csv,5.425347222222222e-05,30,0.014607,0.0144345,0.014732,1.0068802628876565,False,False
gradient-compression,e77ffd0b75f255761df3bc4c0830771bb75243da7d366a0e80be0186efb789d4,2359296,1,128,0.0,0,bits-prefetch,1,256,8,upload_shared,/home/jirka/research/2024/bits-knn-jpdc2024/data/application-scaling/ampere02-35760925/gradient-compression-middle.csv,5.425347222222222e-05,1,0.480218,0.480218,0.480218,1.2904743262434977,False,False
gradient-compression,e77ffd0b75f255761df3bc4c0830771bb75243da7d366a0e80be0186efb789d4,2359296,1,128,0.0,0,bits-prefetch,1,256,13,download,/home/jirka/research/2024/bits-knn-jpdc2024/data/application-scaling/ampere02-35760925/gradient-compression-middle.csv,5.425347222222222e-05,30,0.0081975,0.007939499999999999,0.008653750000000002,0.9859713327233912,False,False
gradient-compression,e77ffd0b75f255761df3bc4c0830771bb75243da7d366a0e80be0186efb789d4,2359296,1,128,0.0,0,bits-prefetch,1,256,13,operator,/home/jirka/research/2024/bits-knn-jpdc2024/data/application-scaling/ampere02-35760925/gradient-compression-middle.csv,5.425347222222222e-05,30,0.861305,0.8605389999999999,0.8619135,0.07191238875891816,False,False
gradient-compression,e77ffd0b75f255761df3bc4c0830771bb75243da7d366a0e80be0186efb789d4,2359296,1,128,0.0,0,bits-prefetch,1,256,13,output_isolated,/home/jirka/research/2024/bits-knn-jpdc2024/data/application-scaling/ampere02-35760925/gradient-compression-middle.csv,5.425347222222222e-05,30,0.008042,0.00794375,0.0085055,0.9707784133300174,False,False
gradient-compression,e77ffd0b75f255761df3bc4c0830771bb75243da7d366a0e80be0186efb789d4,2359296,1,128,0.0,0,bits-prefetch,1,256,13,selection_isolated,/home/jirka/research/2024/bits-knn-jpdc2024/data/application-scaling/ampere02-35760925/gradient-compression-middle.csv,5.425347222222222e-05,30,0.84422,0.8437282499999998,0.8446549999999999,0.05397763616119021,False,False
gradient-compression,e77ffd0b75f255761df3bc4c0830771bb75243da7d366a0e80be0186efb789d4,2359296,1,128,0.0,0,bits-prefetch,1,256,13,transform_isolated,/home/jirka/research/2024/bits-knn-jpdc2024/data/application-scaling/ampere02-35760925/gradient-compression-middle.csv,5.425347222222222e-05,30,0.0146275,0.014572249999999998,0.014735499999999999,1.0054691505725517,False,False
gradient-compression,e77ffd0b75f255761df3bc4c0830771bb75243da7d366a0e80be0186efb789d4,2359296,1,128,0.0,0,bits-prefetch,1,256,13,upload_shared,/home/jirka/research/2024/bits-knn-jpdc2024/data/application-scaling/ampere02-35760925/gradient-compression-middle.csv,5.425347222222222e-05,1,0.49223599999999995,0.49223599999999995,0.49223599999999995,1.2589672433548136,False,False
gradient-compression,e77ffd0b75f255761df3bc4c0830771bb75243da7d366a0e80be0186efb789d4,2359296,1,128,0.0,0,bits-prefetch,1,256,16,download,/home/jirka/research/2024/bits-knn-jpdc2024/data/application-scaling/ampere02-35760925/gradient-compression-middle.csv,5.425347222222222e-05,30,0.008343,0.008022249999999998,0.009076500000000001,0.968776219585281,False,False
gradient-compression,e77ffd0b75f255761df3bc4c0830771bb75243da7d366a0e80be0186efb789d4,2359296,1,128,0.0,0,bits-prefetch,1,256,16,operator,/home/jirka/research/2024/bits-knn-jpdc2024/data/application-scaling/ampere02-35760925/gradient-compression-middle.csv,5.425347222222222e-05,30,0.8369635,0.83635225,0.83768675,0.07400382453954087,False,False
gradient-compression,e77ffd0b75f255761df3bc4c0830771bb75243da7d366a0e80be0186efb789d4,2359296,1,128,0.0,0,bits-prefetch,1,256,16,output_isolated,/home/jirka/research/2024/bits-knn-jpdc2024/data/application-scaling/ampere02-35760925/gradient-compression-middle.csv,5.425347222222222e-05,30,0.0082275,0.008076999999999999,0.0084505,0.9488909146156183,False,False
gradient-compression,e77ffd0b75f255761df3bc4c0830771bb75243da7d366a0e80be0186efb789d4,2359296,1,128,0.0,0,bits-prefetch,1,256,16,selection_isolated,/home/jirka/research/2024/bits-knn-jpdc2024/data/application-scaling/ampere02-35760925/gradient-compression-middle.csv,5.425347222222222e-05,30,0.820238,0.8199252499999999,0.82073875,0.05555582647963152,False,False
gradient-compression,e77ffd0b75f255761df3bc4c0830771bb75243da7d366a0e80be0186efb789d4,2359296,1,128,0.0,0,bits-prefetch,1,256,16,transform_isolated,/home/jirka/research/2024/bits-knn-jpdc2024/data/application-scaling/ampere02-35760925/gradient-compression-middle.csv,5.425347222222222e-05,30,0.014622,0.014521999999999998,0.0146695,1.0058473533032417,False,False
gradient-compression,e77ffd0b75f255761df3bc4c0830771bb75243da7d366a0e80be0186efb789d4,2359296,1,128,0.0,0,bits-prefetch,1,256,16,upload_shared,/home/jirka/research/2024/bits-knn-jpdc2024/data/application-scaling/ampere02-35760925/gradient-compression-middle.csv,5.425347222222222e-05,1,0.481349,0.481349,0.481349,1.2874421677410774,False,False
gradient-compression,e77ffd0b75f255761df3bc4c0830771bb75243da7d366a0e80be0186efb789d4,2359296,1,128,0.0,0,bits-prefetch,1,512,4,download,/home/jirka/research/2024/bits-knn-jpdc2024/data/application-scaling/ampere02-35760925/gradient-compression-middle.csv,5.425347222222222e-05,30,0.008121999999999999,0.0079895,0.00887375,0.9951366658458508,False,False
gradient-compression,e77ffd0b75f255761df3bc4c0830771bb75243da7d366a0e80be0186efb789d4,2359296,1,128,0.0,0,bits-prefetch,1,512,4,operator,/home/jirka/research/2024/bits-knn-jpdc2024/data/application-scaling/ampere02-35760925/gradient-compression-middle.csv,5.425347222222222e-05,30,0.8500025,0.849087,0.850524,0.07286860920997291,False,False
gradient-compression,e77ffd0b75f255761df3bc4c0830771bb75243da7d366a0e80be0186efb789d4,2359296,1,128,0.0,0,bits-prefetch,1,512,4,output_isolated,/home/jirka/research/2024/bits-knn-jpdc2024/data/application-scaling/ampere02-35760925/gradient-compression-middle.csv,5.425347222222222e-05,30,0.0080575,0.007902,0.008338,0.9689109525286999,False,False
gradient-compression,e77ffd0b75f255761df3bc4c0830771bb75243da7d366a0e80be0186efb789d4,2359296,1,128,0.0,0,bits-prefetch,1,512,4,selection_isolated,/home/jirka/research/2024/bits-knn-jpdc2024/data/application-scaling/ampere02-35760925/gradient-compression-middle.csv,5.425347222222222e-05,30,0.8335790000000001,0.83226925,0.8344947500000001,0.054666684261479706,False,False
gradient-compression,e77ffd0b75f255761df3bc4c0830771bb75243da7d366a0e80be0186efb789d4,2359296,1,128,0.0,0,bits-prefetch,1,512,4,transform_isolated,/home/jirka/research/2024/bits-knn-jpdc2024/data/application-scaling/ampere02-35760925/gradient-compression-middle.csv,5.425347222222222e-05,30,0.014602500000000001,0.014526999999999998,0.014702999999999999,1.0071905495634308,False,False
gradient-compression,e77ffd0b75f255761df3bc4c0830771bb75243da7d366a0e80be0186efb789d4,2359296,1,128,0.0,0,bits-prefetch,1,512,4,upload_shared,/home/jirka/research/2024/bits-knn-jpdc2024/data/application-scaling/ampere02-35760925/gradient-compression-middle.csv,5.425347222222222e-05,1,0.481029,0.481029,0.481029,1.288298626486137,False,False
gradient-compression,e77ffd0b75f255761df3bc4c0830771bb75243da7d366a0e80be0186efb789d4,2359296,1,128,0.0,0,bits-prefetch,1,512,7,download,/home/jirka/research/2024/bits-knn-jpdc2024/data/application-scaling/ampere02-35760925/gradient-compression-middle.csv,5.425347222222222e-05,30,0.008282999999999999,0.00803025,0.008708,0.9757937945188943,False,False
gradient-compression,e77ffd0b75f255761df3bc4c0830771bb75243da7d366a0e80be0186efb789d4,2359296,1,128,0.0,0,bits-prefetch,1,512,7,operator,/home/jirka/research/2024/bits-knn-jpdc2024/data/application-scaling/ampere02-35760925/gradient-compression-middle.csv,5.425347222222222e-05,30,0.654952,0.6546145,0.655178,0.09456952570570058,False,False
gradient-compression,e77ffd0b75f255761df3bc4c0830771bb75243da7d366a0e80be0186efb789d4,2359296,1,128,0.0,0,bits-prefetch,1,512,7,output_isolated,/home/jirka/research/2024/bits-knn-jpdc2024/data/application-scaling/ampere02-35760925/gradient-compression-middle.csv,5.425347222222222e-05,30,0.008137499999999999,0.0079495,0.008328,0.9593855606758833,False,False
gradient-compression,e77ffd0b75f255761df3bc4c0830771bb75243da7d366a0e80be0186efb789d4,2359296,1,128,0.0,0,bits-prefetch,1,512,7,selection_isolated,/home/jirka/research/2024/bits-knn-jpdc2024/data/application-scaling/ampere02-35760925/gradient-compression-middle.csv,5.425347222222222e-05,30,0.6379364999999999,0.6375885,0.6383595,0.07143187448907533,False,False
gradient-compression,e77ffd0b75f255761df3bc4c0830771bb75243da7d366a0e80be0186efb789d4,2359296,1,128,0.0,0,bits-prefetch,1,512,7,transform_isolated,/home/jirka/research/2024/bits-knn-jpdc2024/data/application-scaling/ampere02-35760925/gradient-compression-middle.csv,5.425347222222222e-05,30,0.0146325,0.01452025,0.01471025,1.0051255766273706,False,False
gradient-compression,e77ffd0b75f255761df3bc4c0830771bb75243da7d366a0e80be0186efb789d4,2359296,1,128,0.0,0,bits-prefetch,1,512,7,upload_shared,/home/jirka/research/2024/bits-knn-jpdc2024/data/application-scaling/ampere02-35760925/gradient-compression-middle.csv,5.425347222222222e-05,1,0.48458399999999996,0.48458399999999996,0.48458399999999996,1.2788474237696663,False,False
gradient-compression,e77ffd0b75f255761df3bc4c0830771bb75243da7d366a0e80be0186efb789d4,2359296,1,128,0.0,0,bits-prefetch,1,512,8,download,/home/jirka/research/2024/bits-knn-jpdc2024/data/application-scaling/ampere02-35760925/gradient-compression-middle.csv,5.425347222222222e-05,30,0.008532999999999999,0.00798225,0.008838,0.9472049689440994,False,False
gradient-compression,e77ffd0b75f255761df3bc4c0830771bb75243da7d366a0e80be0186efb789d4,2359296,1,128,0.0,0,bits-prefetch,1,512,8,operator,/home/jirka/research/2024/bits-knn-jpdc2024/data/application-scaling/ampere02-35760925/gradient-compression-middle.csv,5.425347222222222e-05,30,0.6302449999999999,0.6295415,0.6306075,0.09827686058596262,False,False
gradient-compression,e77ffd0b75f255761df3bc4c0830771bb75243da7d366a0e80be0186efb789d4,2359296,1,128,0.0,0,bits-prefetch,1,512,8,output_isolated,/home/jirka/research/2024/bits-knn-jpdc2024/data/application-scaling/ampere02-35760925/gradient-compression-middle.csv,5.425347222222222e-05,30,0.007993,0.007812,0.00833025,0.9767296384336294,False,False
gradient-compression,e77ffd0b75f255761df3bc4c0830771bb75243da7d366a0e80be0186efb789d4,2359296,1,128,0.0,0,bits-prefetch,1,512,8,selection_isolated,/home/jirka/research/2024/bits-knn-jpdc2024/data/application-scaling/ampere02-35760925/gradient-compression-middle.csv,5.425347222222222e-05,30,0.61337,0.6131989999999999,0.6138699999999999,0.07429284118884197,False,False
gradient-compression,e77ffd0b75f255761df3bc4c0830771bb75243da7d366a0e80be0186efb789d4,2359296,1,128,0.0,0,bits-prefetch,1,512,8,transform_isolated,/home/jirka/research/2024/bits-knn-jpdc2024/data/application-scaling/ampere02-35760925/gradient-compression-middle.csv,5.425347222222222e-05,30,0.014612,0.014482,0.01476025,1.0065357240624144,False,False
gradient-compression,e77ffd0b75f255761df3bc4c0830771bb75243da7d366a0e80be0186efb789d4,2359296,1,128,0.0,0,bits-prefetch,1,512,8,upload_shared,/home/jirka/research/2024/bits-knn-jpdc2024/data/application-scaling/ampere02-35760925/gradient-compression-middle.csv,5.425347222222222e-05,1,0.475,0.475,0.475,1.3046505263157895,False,False
gradient-compression,e77ffd0b75f255761df3bc4c0830771bb75243da7d366a0e80be0186efb789d4,2359296,1,128,0.0,0,bits-prefetch,1,512,13,download,/home/jirka/research/2024/bits-knn-jpdc2024/data/application-scaling/ampere02-35760925/gradient-compression-middle.csv,5.425347222222222e-05,30,0.008017,0.007862000000000001,0.008403,1.0081701384557815,False,False
gradient-compression,e77ffd0b75f255761df3bc4c0830771bb75243da7d366a0e80be0186efb789d4,2359296,1,128,0.0,0,bits-prefetch,1,512,13,operator,/home/jirka/research/2024/bits-knn-jpdc2024/data/application-scaling/ampere02-35760925/gradient-compression-middle.csv,5.425347222222222e-05,30,0.603229,0.602954,0.6036525,0.10267825320069163,False,False
gradient-compression,e77ffd0b75f255761df3bc4c0830771bb75243da7d366a0e80be0186efb789d4,2359296,1,128,0.0,0,bits-prefetch,1,512,13,output_isolated,/home/jirka/research/2024/bits-knn-jpdc2024/data/application-scaling/ampere02-35760925/gradient-compression-middle.csv,5.425347222222222e-05,30,0.0080925,0.00790225,0.008233,0.9647204201421068,False,False
gradient-compression,e77ffd0b75f255761df3bc4c0830771bb75243da7d366a0e80be0186efb789d4,2359296,1,128,0.0,0,bits-prefetch,1,512,13,selection_isolated,/home/jirka/research/2024/bits-knn-jpdc2024/data/application-scaling/ampere02-35760925/gradient-compression-middle.csv,5.425347222222222e-05,30,0.5864335,0.5862555,0.5866865,0.07770531526592528,False,False
gradient-compression,e77ffd0b75f255761df3bc4c0830771bb75243da7d366a0e80be0186efb789d4,2359296,1,128,0.0,0,bits-prefetch,1,512,13,transform_isolated,/home/jirka/research/2024/bits-knn-jpdc2024/data/application-scaling/ampere02-35760925/gradient-compression-middle.csv,5.425347222222222e-05,30,0.014552,0.014472,0.014692,1.0106858163826278,False,False
gradient-compression,e77ffd0b75f255761df3bc4c0830771bb75243da7d366a0e80be0186efb789d4,2359296,1,128,0.0,0,bits-prefetch,1,512,13,upload_shared,/home/jirka/research/2024/bits-knn-jpdc2024/data/application-scaling/ampere02-35760925/gradient-compression-middle.csv,5.425347222222222e-05,1,0.48257099999999997,0.48257099999999997,0.48257099999999997,1.2841820167395057,False,False
gradient-compression,e77ffd0b75f255761df3bc4c0830771bb75243da7d366a0e80be0186efb789d4,2359296,1,128,0.0,0,bits-prefetch,1,512,16,download,/home/jirka/research/2024/bits-knn-jpdc2024/data/application-scaling/ampere02-35760925/gradient-compression-middle.csv,5.425347222222222e-05,30,0.0081125,0.0080545,0.0087255,0.9963020030816641,True,False
gradient-compression,e77ffd0b75f255761df3bc4c0830771bb75243da7d366a0e80be0186efb789d4,2359296,1,128,0.0,0,bits-prefetch,1,512,16,operator,/home/jirka/research/2024/bits-knn-jpdc2024/data/application-scaling/ampere02-35760925/gradient-compression-middle.csv,5.425347222222222e-05,30,0.5774900000000001,0.57707425,0.577921,0.10725467107655544,True,False
gradient-compression,e77ffd0b75f255761df3bc4c0830771bb75243da7d366a0e80be0186efb789d4,2359296,1,128,0.0,0,bits-prefetch,1,512,16,output_isolated,/home/jirka/research/2024/bits-knn-jpdc2024/data/application-scaling/ampere02-35760925/gradient-compression-middle.csv,5.425347222222222e-05,30,0.008037,0.007804749999999999,0.008455500000000001,0.9713823566007216,True,False
gradient-compression,e77ffd0b75f255761df3bc4c0830771bb75243da7d366a0e80be0186efb789d4,2359296,1,128,0.0,0,bits-prefetch,1,512,16,selection_isolated,/home/jirka/research/2024/bits-knn-jpdc2024/data/application-scaling/ampere02-35760925/gradient-compression-middle.csv,5.425347222222222e-05,30,0.560214,0.5598055,0.5606115,0.0813421299717608,True,False
gradient-compression,e77ffd0b75f255761df3bc4c0830771bb75243da7d366a0e80be0186efb789d4,2359296,1,128,0.0,0,bits-prefetch,1,512,16,transform_isolated,/home/jirka/research/2024/bits-knn-jpdc2024/data/application-scaling/ampere02-35760925/gradient-compression-middle.csv,5.425347222222222e-05,30,0.0147475,0.014672,0.0149645,0.9972876758772673,True,False
gradient-compression,e77ffd0b75f255761df3bc4c0830771bb75243da7d366a0e80be0186efb789d4,2359296,1,128,0.0,0,bits-prefetch,1,512,16,upload_shared,/home/jirka/research/2024/bits-knn-jpdc2024/data/application-scaling/ampere02-35760925/gradient-compression-middle.csv,5.425347222222222e-05,1,0.619709,0.619709,0.619709,1.0,True,False
gradient-compression,e77ffd0b75f255761df3bc4c0830771bb75243da7d366a0e80be0186efb789d4,2359296,1,128,0.0,0,bits-sq,8,128,4,download,/home/jirka/research/2024/bits-knn-jpdc2024/data/application-scaling/ampere02-35760925/gradient-compression-middle.csv,5.425347222222222e-05,30,0.0080525,0.007939499999999999,0.008532999999999999,1.0037255510710958,False,False
gradient-compression,e77ffd0b75f255761df3bc4c0830771bb75243da7d366a0e80be0186efb789d4,2359296,1,128,0.0,0,bits-sq,8,128,4,operator,/home/jirka/research/2024/bits-knn-jpdc2024/data/application-scaling/ampere02-35760925/gradient-compression-middle.csv,5.425347222222222e-05,30,0.47637700000000005,0.47576599999999997,0.47715025,0.1300199211968672,False,False
gradient-compression,e77ffd0b75f255761df3bc4c0830771bb75243da7d366a0e80be0186efb789d4,2359296,1,128,0.0,0,bits-sq,8,128,4,output_isolated,/home/jirka/research/2024/bits-knn-jpdc2024/data/application-scaling/ampere02-35760925/gradient-compression-middle.csv,5.425347222222222e-05,30,0.007911999999999999,0.00770925,0.00845525,0.9867290192113247,False,False
gradient-compression,e77ffd0b75f255761df3bc4c0830771bb75243da7d366a0e80be0186efb789d4,2359296,1,128,0.0,0,bits-sq,8,128,4,selection_isolated,/home/jirka/research/2024/bits-knn-jpdc2024/data/application-scaling/ampere02-35760925/gradient-compression-middle.csv,5.425347222222222e-05,30,0.459532,0.4589885,0.45989125,0.099163932000383,False,False
gradient-compression,e77ffd0b75f255761df3bc4c0830771bb75243da7d366a0e80be0186efb789d4,2359296,1,128,0.0,0,bits-sq,8,128,4,transform_isolated,/home/jirka/research/2024/bits-knn-jpdc2024/data/application-scaling/ampere02-35760925/gradient-compression-middle.csv,5.425347222222222e-05,30,0.014582000000000001,0.0145095,0.0147305,1.0086065011658207,False,False
gradient-compression,e77ffd0b75f255761df3bc4c0830771bb75243da7d366a0e80be0186efb789d4,2359296,1,128,0.0,0,bits-sq,8,128,4,upload_shared,/home/jirka/research/2024/bits-knn-jpdc2024/data/application-scaling/ampere02-35760925/gradient-compression-middle.csv,5.425347222222222e-05,1,0.486577,0.486577,0.486577,1.2736093156889865,False,False
gradient-compression,e77ffd0b75f255761df3bc4c0830771bb75243da7d366a0e80be0186efb789d4,2359296,1,128,0.0,0,bits-sq,8,128,7,download,/home/jirka/research/2024/bits-knn-jpdc2024/data/application-scaling/ampere02-35760925/gradient-compression-middle.csv,5.425347222222222e-05,30,0.008112,0.007977,0.00884625,0.9963634122287969,False,False
gradient-compression,e77ffd0b75f255761df3bc4c0830771bb75243da7d366a0e80be0186efb789d4,2359296,1,128,0.0,0,bits-sq,8,128,7,operator,/home/jirka/research/2024/bits-knn-jpdc2024/data/application-scaling/ampere02-35760925/gradient-compression-middle.csv,5.425347222222222e-05,30,0.412575,0.41216725,0.41307325,0.1501266436405502,False,False
gradient-compression,e77ffd0b75f255761df3bc4c0830771bb75243da7d366a0e80be0186efb789d4,2359296,1,128,0.0,0,bits-sq,8,128,7,output_isolated,/home/jirka/research/2024/bits-knn-jpdc2024/data/application-scaling/ampere02-35760925/gradient-compression-middle.csv,5.425347222222222e-05,30,0.007897000000000001,0.00768375,0.00817025,0.9886032670634416,False,False
gradient-compression,e77ffd0b75f255761df3bc4c0830771bb75243da7d366a0e80be0186efb789d4,2359296,1,128,0.0,0,bits-sq,8,128,7,selection_isolated,/home/jirka/research/2024/bits-knn-jpdc2024/data/application-scaling/ampere02-35760925/gradient-compression-middle.csv,5.425347222222222e-05,30,0.396005,0.39565975,0.39634600000000003,0.11507177939672479,False,False
gradient-compression,e77ffd0b75f255761df3bc4c0830771bb75243da7d366a0e80be0186efb789d4,2359296,1,128,0.0,0,bits-sq,8,128,7,transform_isolated,/home/jirka/research/2024/bits-knn-jpdc2024/data/application-scaling/ampere02-35760925/gradient-compression-middle.csv,5.425347222222222e-05,30,0.014592,0.014504499999999998,0.014699499999999999,1.0079152960526316,False,False
gradient-compression,e77ffd0b75f255761df3bc4c0830771bb75243da7d366a0e80be0186efb789d4,2359296,1,128,0.0,0,bits-sq,8,128,7,upload_shared,/home/jirka/research/2024/bits-knn-jpdc2024/data/application-scaling/ampere02-35760925/gradient-compression-middle.csv,5.425347222222222e-05,1,0.477223,0.477223,0.477223,1.2985732037223687,False,False
gradient-compression,e77ffd0b75f255761df3bc4c0830771bb75243da7d366a0e80be0186efb789d4,2359296,1,128,0.0,0,bits-sq,8,128,8,download,/home/jirka/research/2024/bits-knn-jpdc2024/data/application-scaling/ampere02-35760925/gradient-compression-middle.csv,5.425347222222222e-05,30,0.008153,0.0079595,0.008513,0.9913528762418741,False,False
gradient-compression,e77ffd0b75f255761df3bc4c0830771bb75243da7d366a0e80be0186efb789d4,2359296,1,128,0.0,0,bits-sq,8,128,8,operator,/home/jirka/research/2024/bits-knn-jpdc2024/data/application-scaling/ampere02-35760925/gradient-compression-middle.csv,5.425347222222222e-05,30,0.408474,0.40812899999999996,0.40915824999999995,0.15163388612249495,False,False
gradient-compression,e77ffd0b75f255761df3bc4c0830771bb75243da7d366a0e80be0186efb789d4,2359296,1,128,0.0,0,bits-sq,8,128,8,output_isolated,/home/jirka/research/2024/bits-knn-jpdc2024/data/application-scaling/ampere02-35760925/gradient-compression-middle.csv,5.425347222222222e-05,30,0.007812,0.0076820000000000005,0.008009500000000001,0.9993599590373783,False,False
gradient-compression,e77ffd0b75f255761df3bc4c0830771bb75243da7d366a0e80be0186efb789d4,2359296,1,128,0.0,0,bits-sq,8,128,8,selection_isolated,/home/jirka/research/2024/bits-knn-jpdc2024/data/application-scaling/ampere02-35760925/gradient-compression-middle.csv,5.425347222222222e-05,30,0.392339,0.39214225,0.39268249999999993,0.1161470055232847,False,False
gradient-compression,e77ffd0b75f255761df3bc4c0830771bb75243da7d366a0e80be0186efb789d4,2359296,1,128,0.0,0,bits-sq,8,128,8,transform_isolated,/home/jirka/research/2024/bits-knn-jpdc2024/data/application-scaling/ampere02-35760925/gradient-compression-middle.csv,5.425347222222222e-05,30,0.014617,0.014474500000000001,0.0147895,1.006191420948211,False,False
gradient-compression,e77ffd0b75f255761df3bc4c0830771bb75243da7d366a0e80be0186efb789d4,2359296,1,128,0.0,0,bits-sq,8,128,8,upload_shared,/home/jirka/research/2024/bits-knn-jpdc2024/data/application-scaling/ampere02-35760925/gradient-compression-middle.csv,5.425347222222222e-05,1,0.480458,0.480458,0.480458,1.2898297041572833,False,False
gradient-compression,e77ffd0b75f255761df3bc4c0830771bb75243da7d366a0e80be0186efb789d4,2359296,1,128,0.0,0,bits-sq,8,128,13,download,/home/jirka/research/2024/bits-knn-jpdc2024/data/application-scaling/ampere02-35760925/gradient-compression-middle.csv,5.425347222222222e-05,30,0.008253,0.008072,0.009078250000000001,0.9793408457530595,False,False
gradient-compression,e77ffd0b75f255761df3bc4c0830771bb75243da7d366a0e80be0186efb789d4,2359296,1,128,0.0,0,bits-sq,8,128,13,operator,/home/jirka/research/2024/bits-knn-jpdc2024/data/application-scaling/ampere02-35760925/gradient-compression-middle.csv,5.425347222222222e-05,30,0.402831,0.40254749999999995,0.40341175,0.15375802755994453,False,False
gradient-compression,e77ffd0b75f255761df3bc4c0830771bb75243da7d366a0e80be0186efb789d4,2359296,1,128,0.0,0,bits-sq,8,128,13,output_isolated,/home/jirka/research/2024/bits-knn-jpdc2024/data/application-scaling/ampere02-35760925/gradient-compression-middle.csv,5.425347222222222e-05,30,0.007827,0.0077269999999999995,0.008017,0.9974447425578126,False,False
gradient-compression,e77ffd0b75f255761df3bc4c0830771bb75243da7d366a0e80be0186efb789d4,2359296,1,128,0.0,0,bits-sq,8,128,13,selection_isolated,/home/jirka/research/2024/bits-knn-jpdc2024/data/application-scaling/ampere02-35760925/gradient-compression-middle.csv,5.425347222222222e-05,30,0.386541,0.38638775,0.3867085,0.11788917605118214,False,False
gradient-compression,e77ffd0b75f255761df3bc4c0830771bb75243da7d366a0e80be0186efb789d4,2359296,1,128,0.0,0,bits-sq,8,128,13,transform_isolated,/home/jirka/research/2024/bits-knn-jpdc2024/data/application-scaling/ampere02-35760925/gradient-compression-middle.csv,5.425347222222222e-05,30,0.014562,0.014482,0.014630250000000001,1.0099917593737124,False,False
gradient-compression,e77ffd0b75f255761df3bc4c0830771bb75243da7d366a0e80be0186efb789d4,2359296,1,128,0.0,0,bits-sq,8,128,13,upload_shared,/home/jirka/research/2024/bits-knn-jpdc2024/data/application-scaling/ampere02-35760925/gradient-compression-middle.csv,5.425347222222222e-05,1,0.486026,0.486026,0.486026,1.2750531864550454,False,False
gradient-compression,e77ffd0b75f255761df3bc4c0830771bb75243da7d366a0e80be0186efb789d4,2359296,1,128,0.0,0,bits-sq,8,128,16,download,/home/jirka/research/2024/bits-knn-jpdc2024/data/application-scaling/ampere02-35760925/gradient-compression-middle.csv,5.425347222222222e-05,30,0.008202500000000001,0.0080345,0.008673,0.98537031392868,False,False
gradient-compression,e77ffd0b75f255761df3bc4c0830771bb75243da7d366a0e80be0186efb789d4,2359296,1,128,0.0,0,bits-sq,8,128,16,operator,/home/jirka/research/2024/bits-knn-jpdc2024/data/application-scaling/ampere02-35760925/gradient-compression-middle.csv,5.425347222222222e-05,30,0.401543,0.401258,0.4017265,0.1542512258961058,False,False
gradient-compression,e77ffd0b75f255761df3bc4c0830771bb75243da7d366a0e80be0186efb789d4,2359296,1,128,0.0,0,bits-sq,8,128,16,output_isolated,/home/jirka/research/2024/bits-knn-jpdc2024/data/application-scaling/ampere02-35760925/gradient-compression-middle.csv,5.425347222222222e-05,30,0.007987000000000001,0.0077395,0.0081395,0.9774633779892323,False,False
gradient-compression,e77ffd0b75f255761df3bc4c0830771bb75243da7d366a0e80be0186efb789d4,2359296,1,128,0.0,0,bits-sq,8,128,16,selection_isolated,/home/jirka/research/2024/bits-knn-jpdc2024/data/application-scaling/ampere02-35760925/gradient-compression-middle.csv,5.425347222222222e-05,30,0.384798,0.38469225,0.3849855,0.11842317267761267,False,False
gradient-compression,e77ffd0b75f255761df3bc4c0830771bb75243da7d366a0e80be0186efb789d4,2359296,1,128,0.0,0,bits-sq,8,128,16,transform_isolated,/home/jirka/research/2024/bits-knn-jpdc2024/data/application-scaling/ampere02-35760925/gradient-compression-middle.csv,5.425347222222222e-05,30,0.0145975,0.014472,0.0147395,1.0075355369070047,False,False
gradient-compression,e77ffd0b75f255761df3bc4c0830771bb75243da7d366a0e80be0186efb789d4,2359296,1,128,0.0,0,bits-sq,8,128,16,upload_shared,/home/jirka/research/2024/bits-knn-jpdc2024/data/application-scaling/ampere02-35760925/gradient-compression-middle.csv,5.425347222222222e-05,1,0.48184,0.48184,0.48184,1.2861302507056283,False,False
gradient-compression,e77ffd0b75f255761df3bc4c0830771bb75243da7d366a0e80be0186efb789d4,2359296,1,128,0.0,0,bits-sq,8,256,4,download,/home/jirka/research/2024/bits-knn-jpdc2024/data/application-scaling/ampere02-35760925/gradient-compression-middle.csv,5.425347222222222e-05,30,0.0081775,0.007982000000000001,0.00842725,0.9883827575664933,False,False
gradient-compression,e77ffd0b75f255761df3bc4c0830771bb75243da7d366a0e80be0186efb789d4,2359296,1,128,0.0,0,bits-sq,8,256,4,operator,/home/jirka/research/2024/bits-knn-jpdc2024/data/application-scaling/ampere02-35760925/gradient-compression-middle.csv,5.425347222222222e-05,30,0.28583800000000004,0.285372,0.28622400000000003,0.21669092283041444,False,False
gradient-compression,e77ffd0b75f255761df3bc4c0830771bb75243da7d366a0e80be0186efb789d4,2359296,1,128,0.0,0,bits-sq,8,256,4,output_isolated,/home/jirka/research/2024/bits-knn-jpdc2024/data/application-scaling/ampere02-35760925/gradient-compression-middle.csv,5.425347222222222e-05,30,0.007887,0.007756250000000001,0.008167250000000001,0.9898567262583998,False,False
gradient-compression,e77ffd0b75f255761df3bc4c0830771bb75243da7d366a0e80be0186efb789d4,2359296,1,128,0.0,0,bits-sq,8,256,4,selection_isolated,/home/jirka/research/2024/bits-knn-jpdc2024/data/application-scaling/ampere02-35760925/gradient-compression-middle.csv,5.425347222222222e-05,30,0.26916300000000004,0.268877,0.26969875,0.16929890066613906,False,False
gradient-compression,e77ffd0b75f255761df3bc4c0830771bb75243da7d366a0e80be0186efb789d4,2359296,1,128,0.0,0,bits-sq,8,256,4,transform_isolated,/home/jirka/research/2024/bits-knn-jpdc2024/data/application-scaling/ampere02-35760925/gradient-compression-middle.csv,5.425347222222222e-05,30,0.0146125,0.014547000000000001,0.01478975,1.0065012831479898,False,False
gradient-compression,e77ffd0b75f255761df3bc4c0830771bb75243da7d366a0e80be0186efb789d4,2359296,1,128,0.0,0,bits-sq,8,256,4,upload_shared,/home/jirka/research/2024/bits-knn-jpdc2024/data/application-scaling/ampere02-35760925/gradient-compression-middle.csv,5.425347222222222e-05,1,0.487759,0.487759,0.487759,1.2705229426827591,False,False
gradient-compression,e77ffd0b75f255761df3bc4c0830771bb75243da7d366a0e80be0186efb789d4,2359296,1,128,0.0,0,bits-sq,8,256,7,download,/home/jirka/research/2024/bits-knn-jpdc2024/data/application-scaling/ampere02-35760925/gradient-compression-middle.csv,5.425347222222222e-05,30,0.007987000000000001,0.007912,0.0082855,1.011956930011268,False,False
gradient-compression,e77ffd0b75f255761df3bc4c0830771bb75243da7d366a0e80be0186efb789d4,2359296,1,128,0.0,0,bits-sq,8,256,7,operator,/home/jirka/research/2024/bits-knn-jpdc2024/data/application-scaling/ampere02-35760925/gradient-compression-middle.csv,5.425347222222222e-05,30,0.24840650000000003,0.24809075,0.24868449999999998,0.24934331428525422,False,False
gradient-compression,e77ffd0b75f255761df3bc4c0830771bb75243da7d366a0e80be0186efb789d4,2359296,1,128,0.0,0,bits-sq,8,256,7,output_isolated,/home/jirka/research/2024/bits-knn-jpdc2024/data/application-scaling/ampere02-35760925/gradient-compression-middle.csv,5.425347222222222e-05,30,0.007821999999999999,0.0076612500000000005,0.0079845,0.9980823318844286,False,False
gradient-compression,e77ffd0b75f255761df3bc4c0830771bb75243da7d366a0e80be0186efb789d4,2359296,1,128,0.0,0,bits-sq,8,256,7,selection_isolated,/home/jirka/research/2024/bits-knn-jpdc2024/data/application-scaling/ampere02-35760925/gradient-compression-middle.csv,5.425347222222222e-05,30,0.23207100000000003,0.231886,0.2323495,0.1963580111259054,False,False
gradient-compression,e77ffd0b75f255761df3bc4c0830771bb75243da7d366a0e80be0186efb789d4,2359296,1,128,0.0,0,bits-sq,8,256,7,transform_isolated,/home/jirka/research/2024/bits-knn-jpdc2024/data/application-scaling/ampere02-35760925/gradient-compression-middle.csv,5.425347222222222e-05,30,0.0145875,0.01447125,0.01464725,1.0082262210796915,False,False
gradient-compression,e77ffd0b75f255761df3bc4c0830771bb75243da7d366a0e80be0186efb789d4,2359296,1,128,0.0,0,bits-sq,8,256,7,upload_shared,/home/jirka/research/2024/bits-knn-jpdc2024/data/application-scaling/ampere02-35760925/gradient-compression-middle.csv,5.425347222222222e-05,1,0.48928199999999994,0.48928199999999994,0.48928199999999994,1.2665681549699357,False,False
gradient-compression,e77ffd0b75f255761df3bc4c0830771bb75243da7d366a0e80be0186efb789d4,2359296,1,128,0.0,0,bits-sq,8,256,8,download,/home/jirka/research/2024/bits-knn-jpdc2024/data/application-scaling/ampere02-35760925/gradient-compression-middle.csv,5.425347222222222e-05,30,0.007956999999999999,0.0078995,0.008170499999999999,1.015772275983411,False,False
gradient-compression,e77ffd0b75f255761df3bc4c0830771bb75243da7d366a0e80be0186efb789d4,2359296,1,128,0.0,0,bits-sq,8,256,8,operator,/home/jirka/research/2024/bits-knn-jpdc2024/data/application-scaling/ampere02-35760925/gradient-compression-middle.csv,5.425347222222222e-05,30,0.2451415,0.244791,0.24566975000000002,0.25266427757030124,False,False
gradient-compression,e77ffd0b75f255761df3bc4c0830771bb75243da7d366a0e80be0186efb789d4,2359296,1,128,0.0,0,bits-sq,8,256,8,output_isolated,/home/jirka/research/2024/bits-knn-jpdc2024/data/application-scaling/ampere02-35760925/gradient-compression-middle.csv,5.425347222222222e-05,30,0.0078365,0.007712,0.0079845,0.9962355643463281,False,False
gradient-compression,e77ffd0b75f255761df3bc4c0830771bb75243da7d366a0e80be0186efb789d4,2359296,1,128,0.0,0,bits-sq,8,256,8,selection_isolated,/home/jirka/research/2024/bits-knn-jpdc2024/data/application-scaling/ampere02-35760925/gradient-compression-middle.csv,5.425347222222222e-05,30,0.228812,0.2286385,0.22906700000000002,0.19915476461024773,False,False
gradient-compression,e77ffd0b75f255761df3bc4c0830771bb75243da7d366a0e80be0186efb789d4,2359296,1,128,0.0,0,bits-sq,8,256,8,transform_isolated,/home/jirka/research/2024/bits-knn-jpdc2024/data/application-scaling/ampere02-35760925/gradient-compression-middle.csv,5.425347222222222e-05,30,0.014632,0.01453125,0.014686999999999999,1.0051599234554403,False,False
gradient-compression,e77ffd0b75f255761df3bc4c0830771bb75243da7d366a0e80be0186efb789d4,2359296,1,128,0.0,0,bits-sq,8,256,8,upload_shared,/home/jirka/research/2024/bits-knn-jpdc2024/data/application-scaling/ampere02-35760925/gradient-compression-middle.csv,5.425347222222222e-05,1,0.480218,0.480218,0.480218,1.2904743262434977,False,False
gradient-compression,e77ffd0b75f255761df3bc4c0830771bb75243da7d366a0e80be0186efb789d4,2359296,1,128,0.0,0,bits-sq,8,256,13,download,/home/jirka/research/2024/bits-knn-jpdc2024/data/application-scaling/ampere02-35760925/gradient-compression-middle.csv,5.425347222222222e-05,30,0.007991999999999999,0.007924500000000001,0.008228,1.0113238238238238,False,False
gradient-compression,e77ffd0b75f255761df3bc4c0830771bb75243da7d366a0e80be0186efb789d4,2359296,1,128,0.0,0,bits-sq,8,256,13,operator,/home/jirka/research/2024/bits-knn-jpdc2024/data/application-scaling/ampere02-35760925/gradient-compression-middle.csv,5.425347222222222e-05,30,0.24401,0.24380425,0.24453325000000004,0.25383590836441133,False,False
gradient-compression,e77ffd0b75f255761df3bc4c0830771bb75243da7d366a0e80be0186efb789d4,2359296,1,128,0.0,0,bits-sq,8,256,13,output_isolated,/home/jirka/research/2024/bits-knn-jpdc2024/data/application-scaling/ampere02-35760925/gradient-compression-middle.csv,5.425347222222222e-05,30,0.0077919999999999994,0.007653750000000001,0.007947,1.0019250513347022,False,False
gradient-compression,e77ffd0b75f255761df3bc4c0830771bb75243da7d366a0e80be0186efb789d4,2359296,1,128,0.0,0,bits-sq,8,256,13,selection_isolated,/home/jirka/research/2024/bits-knn-jpdc2024/data/application-scaling/ampere02-35760925/gradient-compression-middle.csv,5.425347222222222e-05,30,0.2279255,0.22766,0.22814825,0.1999293628839248,False,False
gradient-compression,e77ffd0b75f255761df3bc4c0830771bb75243da7d366a0e80be0186efb789d4,2359296,1,128,0.0,0,bits-sq,8,256,13,transform_isolated,/home/jirka/research/2024/bits-knn-jpdc2024/data/application-scaling/ampere02-35760925/gradient-compression-middle.csv,5.425347222222222e-05,30,0.014547000000000001,0.014482,0.0146895,1.0110332027222106,False,False
gradient-compression,e77ffd0b75f255761df3bc4c0830771bb75243da7d366a0e80be0186efb789d4,2359296,1,128,0.0,0,bits-sq,8,256,13,upload_shared,/home/jirka/research/2024/bits-knn-jpdc2024/data/application-scaling/ampere02-35760925/gradient-compression-middle.csv,5.425347222222222e-05,1,0.49223599999999995,0.49223599999999995,0.49223599999999995,1.2589672433548136,False,False
gradient-compression,e77ffd0b75f255761df3bc4c0830771bb75243da7d366a0e80be0186efb789d4,2359296,1,128,0.0,0,bits-sq,8,256,16,download,/home/jirka/research/2024/bits-knn-jpdc2024/data/application-scaling/ampere02-35760925/gradient-compression-middle.csv,5.425347222222222e-05,30,0.0080175,0.007906999999999999,0.008488,1.0081072653570313,False,False
gradient-compression,e77ffd0b75f255761df3bc4c0830771bb75243da7d366a0e80be0186efb789d4,2359296,1,128,0.0,0,bits-sq,8,256,16,operator,/home/jirka/research/2024/bits-knn-jpdc2024/data/application-scaling/ampere02-35760925/gradient-compression-middle.csv,5.425347222222222e-05,30,0.24775550000000002,0.24709975,0.248427,0.24999848641099795,False,False
gradient-compression,e77ffd0b75f255761df3bc4c0830771bb75243da7d366a0e80be0186efb789d4,2359296,1,128,0.0,0,bits-sq,8,256,16,output_isolated,/home/jirka/research/2024/bits-knn-jpdc2024/data/application-scaling/ampere02-35760925/gradient-compression-middle.csv,5.425347222222222e-05,30,0.007862000000000001,0.007771999999999999,0.008042,0.9930043245993384,False,False
gradient-compression,e77ffd0b75f255761df3bc4c0830771bb75243da7d366a0e80be0186efb789d4,2359296,1,128,0.0,0,bits-sq,8,256,16,selection_isolated,/home/jirka/research/2024/bits-knn-jpdc2024/data/application-scaling/ampere02-35760925/gradient-compression-middle.csv,5.425347222222222e-05,30,0.2314905,0.23092250000000003,0.2323045,0.19685041070799883,False,False
gradient-compression,e77ffd0b75f255761df3bc4c0830771bb75243da7d366a0e80be0186efb789d4,2359296,1,128,0.0,0,bits-sq,8,256,16,transform_isolated,/home/jirka/research/2024/bits-knn-jpdc2024/data/application-scaling/ampere02-35760925/gradient-compression-middle.csv,5.425347222222222e-05,30,0.014592,0.014497,0.014679749999999998,1.0079152960526316,False,False
gradient-compression,e77ffd0b75f255761df3bc4c0830771bb75243da7d366a0e80be0186efb789d4,2359296,1,128,0.0,0,bits-sq,8,256,16,upload_shared,/home/jirka/research/2024/bits-knn-jpdc2024/data/application-scaling/ampere02-35760925/gradient-compression-middle.csv,5.425347222222222e-05,1,0.481349,0.481349,0.481349,1.2874421677410774,False,False
gradient-compression,e77ffd0b75f255761df3bc4c0830771bb75243da7d366a0e80be0186efb789d4,2359296,1,128,0.0,0,bits-sq,8,512,4,download,/home/jirka/research/2024/bits-knn-jpdc2024/data/application-scaling/ampere02-35760925/gradient-compression-middle.csv,5.425347222222222e-05,30,0.008057,0.0079795,0.00826975,1.0031649497331512,False,False
gradient-compression,e77ffd0b75f255761df3bc4c0830771bb75243da7d366a0e80be0186efb789d4,2359296,1,128,0.0,0,bits-sq,8,512,4,operator,/home/jirka/research/2024/bits-knn-jpdc2024/data/application-scaling/ampere02-35760925/gradient-compression-middle.csv,5.425347222222222e-05,30,0.192887,0.19251949999999998,0.193774,0.32111287956160867,False,False
gradient-compression,e77ffd0b75f255761df3bc4c0830771bb75243da7d366a0e80be0186efb789d4,2359296,1,128,0.0,0,bits-sq,8,512,4,output_isolated,/home/jirka/research/2024/bits-knn-jpdc2024/data/application-scaling/ampere02-35760925/gradient-compression-middle.csv,5.425347222222222e-05,30,0.0077615,0.0076945,0.0079195,1.0058622688913226,False,False
gradient-compression,e77ffd0b75f255761df3bc4c0830771bb75243da7d366a0e80be0186efb789d4,2359296,1,128,0.0,0,bits-sq,8,512,4,selection_isolated,/home/jirka/research/2024/bits-knn-jpdc2024/data/application-scaling/ampere02-35760925/gradient-compression-middle.csv,5.425347222222222e-05,30,0.176532,0.17590675,0.17789425,0.25813450252645415,False,False
gradient-compression,e77ffd0b75f255761df3bc4c0830771bb75243da7d366a0e80be0186efb789d4,2359296,1,128,0.0,0,bits-sq,8,512,4,transform_isolated,/home/jirka/research/2024/bits-knn-jpdc2024/data/application-scaling/ampere02-35760925/gradient-compression-middle.csv,5.425347222222222e-05,30,0.014607,0.014492,0.0147095,1.0068802628876565,False,False
gradient-compression,e77ffd0b75f255761df3bc4c0830771bb75243da7d366a0e80be0186efb789d4,2359296,1,128,0.0,0,bits-sq,8,512,4,upload_shared,/home/jirka/research/2024/bits-knn-jpdc2024/data/application-scaling/ampere02-35760925/gradient-compression-middle.csv,5.425347222222222e-05,1,0.481029,0.481029,0.481029,1.288298626486137,False,False
gradient-compression,e77ffd0b75f255761df3bc4c0830771bb75243da7d366a0e80be0186efb789d4,2359296,1,128,0.0,0,bits-sq,8,512,7,download,/home/jirka/research/2024/bits-knn-jpdc2024/data/application-scaling/ampere02-35760925/gradient-compression-middle.csv,5.425347222222222e-05,30,0.0082225,0.008097,0.0084345,0.9829735481909393,False,False
gradient-compression,e77ffd0b75f255761df3bc4c0830771bb75243da7d366a0e80be0186efb789d4,2359296,1,128,0.0,0,bits-sq,8,512,7,operator,/home/jirka/research/2024/bits-knn-jpdc2024/data/application-scaling/ampere02-35760925/gradient-compression-middle.csv,5.425347222222222e-05,30,0.176022,0.17568875,0.17627975,0.3518793105407279,False,False
gradient-compression,e77ffd0b75f255761df3bc4c0830771bb75243da7d366a0e80be0186efb789d4,2359296,1,128,0.0,0,bits-sq,8,512,7,output_isolated,/home/jirka/research/2024/bits-knn-jpdc2024/data/application-scaling/ampere02-35760925/gradient-compression-middle.csv,5.425347222222222e-05,30,0.007710999999999999,0.007631250000000001,0.007921999999999998,1.0124497471145117,False,False
gradient-compression,e77ffd0b75f255761df3bc4c0830771bb75243da7d366a0e80be0186efb789d4,2359296,1,128,0.0,0,bits-sq,8,512,7,selection_isolated,/home/jirka/research/2024/bits-knn-jpdc2024/data/application-scaling/ampere02-35760925/gradient-compression-middle.csv,5.425347222222222e-05,30,0.159717,0.1594195,0.15987774999999999,0.2853108936431313,False,False
gradient-compression,e77ffd0b75f255761df3bc4c0830771bb75243da7d366a0e80be0186efb789d4,2359296,1,128,0.0,0,bits-sq,8,512,7,transform_isolated,/home/jirka/research/2024/bits-knn-jpdc2024/data/application-scaling/ampere02-35760925/gradient-compression-middle.csv,5.425347222222222e-05,30,0.014602,0.014506999999999999,0.0147045,1.0072250376660732,False,False
gradient-compression,e77ffd0b75f255761df3bc4c0830771bb75243da7d366a0e80be0186efb789d4,2359296,1,128,0.0,0,bits-sq,8,512,7,upload_shared,/home/jirka/research/2024/bits-knn-jpdc2024/data/application-scaling/ampere02-35760925/gradient-compression-middle.csv,5.425347222222222e-05,1,0.48458399999999996,0.48458399999999996,0.48458399999999996,1.2788474237696663,False,False
gradient-compression,e77ffd0b75f255761df3bc4c0830771bb75243da7d366a0e80be0186efb789d4,2359296,1,128,0.0,0,bits-sq,8,512,8,download,/home/jirka/research/2024/bits-knn-jpdc2024/data/application-scaling/ampere02-35760925/gradient-compression-middle.csv,5.425347222222222e-05,30,0.007972,0.007897,0.008305499999999999,1.013861013547416,False,False
gradient-compression,e77ffd0b75f255761df3bc4c0830771bb75243da7d366a0e80be0186efb789d4,2359296,1,128,0.0,0,bits-sq,8,512,8,operator,/home/jirka/research/2024/bits-knn-jpdc2024/data/application-scaling/ampere02-35760925/gradient-compression-middle.csv,5.425347222222222e-05,30,0.169342,0.1690835,0.169818,0.36575982331612955,False,False
gradient-compression,e77ffd0b75f255761df3bc4c0830771bb75243da7d366a0e80be0186efb789d4,2359296,1,128,0.0,0,bits-sq,8,512,8,output_isolated,/home/jirka/research/2024/bits-knn-jpdc2024/data/application-scaling/ampere02-35760925/gradient-compression-middle.csv,5.425347222222222e-05,30,0.007806500000000001,0.0076445,0.007942,1.0000640491897776,False,False
gradient-compression,e77ffd0b75f255761df3bc4c0830771bb75243da7d366a0e80be0186efb789d4,2359296,1,128,0.0,0,bits-sq,8,512,8,selection_isolated,/home/jirka/research/2024/bits-knn-jpdc2024/data/application-scaling/ampere02-35760925/gradient-compression-middle.csv,5.425347222222222e-05,30,0.153067,0.15295375,0.15333225,0.2977062332181332,False,False
gradient-compression,e77ffd0b75f255761df3bc4c0830771bb75243da7d366a0e80be0186efb789d4,2359296,1,128,0.0,0,bits-sq,8,512,8,transform_isolated,/home/jirka/research/2024/bits-knn-jpdc2024/data/application-scaling/ampere02-35760925/gradient-compression-middle.csv,5.425347222222222e-05,30,0.014597,0.014466749999999999,0.0146895,1.0075700486401316,False,False
gradient-compression,e77ffd0b75f255761df3bc4c0830771bb75243da7d366a0e80be0186efb789d4,2359296,1,128,0.0,0,bits-sq,8,512,8,upload_shared,/home/jirka/research/2024/bits-knn-jpdc2024/data/application-scaling/ampere02-35760925/gradient-compression-middle.csv,5.425347222222222e-05,1,0.475,0.475,0.475,1.3046505263157895,False,False
gradient-compression,e77ffd0b75f255761df3bc4c0830771bb75243da7d366a0e80be0186efb789d4,2359296,1,128,0.0,0,bits-sq,8,512,13,download,/home/jirka/research/2024/bits-knn-jpdc2024/data/application-scaling/ampere02-35760925/gradient-compression-middle.csv,5.425347222222222e-05,30,0.007968,0.007832,0.008052,1.0143699799196788,False,False
gradient-compression,e77ffd0b75f255761df3bc4c0830771bb75243da7d366a0e80be0186efb789d4,2359296,1,128,0.0,0,bits-sq,8,512,13,operator,/home/jirka/research/2024/bits-knn-jpdc2024/data/application-scaling/ampere02-35760925/gradient-compression-middle.csv,5.425347222222222e-05,30,0.17304750000000002,0.1726995,0.1735005,0.3579277366041116,False,False
gradient-compression,e77ffd0b75f255761df3bc4c0830771bb75243da7d366a0e80be0186efb789d4,2359296,1,128,0.0,0,bits-sq,8,512,13,output_isolated,/home/jirka/research/2024/bits-knn-jpdc2024/data/application-scaling/ampere02-35760925/gradient-compression-middle.csv,5.425347222222222e-05,30,0.0076809999999999995,0.007633750000000001,0.007757,1.01640411404765,False,False
gradient-compression,e77ffd0b75f255761df3bc4c0830771bb75243da7d366a0e80be0186efb789d4,2359296,1,128,0.0,0,bits-sq,8,512,13,selection_isolated,/home/jirka/research/2024/bits-knn-jpdc2024/data/application-scaling/ampere02-35760925/gradient-compression-middle.csv,5.425347222222222e-05,30,0.156953,0.15688275000000002,0.157163,0.29033532331334855,False,False
gradient-compression,e77ffd0b75f255761df3bc4c0830771bb75243da7d366a0e80be0186efb789d4,2359296,1,128,0.0,0,bits-sq,8,512,13,transform_isolated,/home/jirka/research/2024/bits-knn-jpdc2024/data/application-scaling/ampere02-35760925/gradient-compression-middle.csv,5.425347222222222e-05,30,0.0145565,0.014469499999999998,0.01464275,1.0103733727200908,False,False
gradient-compression,e77ffd0b75f255761df3bc4c0830771bb75243da7d366a0e80be0186efb789d4,2359296,1,128,0.0,0,bits-sq,8,512,13,upload_shared,/home/jirka/research/2024/bits-knn-jpdc2024/data/application-scaling/ampere02-35760925/gradient-compression-middle.csv,5.425347222222222e-05,1,0.48257099999999997,0.48257099999999997,0.48257099999999997,1.2841820167395057,False,False
gradient-compression,e77ffd0b75f255761df3bc4c0830771bb75243da7d366a0e80be0186efb789d4,2359296,1,128,0.0,0,bits-sq,8,512,16,download,/home/jirka/research/2024/bits-knn-jpdc2024/data/application-scaling/ampere02-35760925/gradient-compression-middle.csv,5.425347222222222e-05,30,0.008047,0.007956999999999999,0.0081945,1.0044115819560084,False,False
gradient-compression,e77ffd0b75f255761df3bc4c0830771bb75243da7d366a0e80be0186efb789d4,2359296,1,128,0.0,0,bits-sq,8,512,16,operator,/home/jirka/research/2024/bits-knn-jpdc2024/data/application-scaling/ampere02-35760925/gradient-compression-middle.csv,5.425347222222222e-05,30,0.1751905,0.17462,0.175451,0.35354942191500116,False,False
gradient-compression,e77ffd0b75f255761df3bc4c0830771bb75243da7d366a0e80be0186efb789d4,2359296,1,128,0.0,0,bits-sq,8,512,16,output_isolated,/home/jirka/research/2024/bits-knn-jpdc2024/data/application-scaling/ampere02-35760925/gradient-compression-middle.csv,5.425347222222222e-05,30,0.007781999999999999,0.00765125,0.007893750000000001,1.003212541763043,False,False
gradient-compression,e77ffd0b75f255761df3bc4c0830771bb75243da7d366a0e80be0186efb789d4,2359296,1,128,0.0,0,bits-sq,8,512,16,selection_isolated,/home/jirka/research/2024/bits-knn-jpdc2024/data/application-scaling/ampere02-35760925/gradient-compression-middle.csv,5.425347222222222e-05,30,0.158085,0.15797975,0.1582525,0.2882563178037132,False,False
gradient-compression,e77ffd0b75f255761df3bc4c0830771bb75243da7d366a0e80be0186efb789d4,2359296,1,128,0.0,0,bits-sq,8,512,16,transform_isolated,/home/jirka/research/2024/bits-knn-jpdc2024/data/application-scaling/ampere02-35760925/gradient-compression-middle.csv,5.425347222222222e-05,30,0.014662,0.0145945,0.014762250000000001,1.0031032601282226,False,False
gradient-compression,e77ffd0b75f255761df3bc4c0830771bb75243da7d366a0e80be0186efb789d4,2359296,1,128,0.0,0,bits-sq,8,512,16,upload_shared,/home/jirka/research/2024/bits-knn-jpdc2024/data/application-scaling/ampere02-35760925/gradient-compression-middle.csv,5.425347222222222e-05,1,0.619709,0.619709,0.619709,1.0,False,False
gradient-compression,e77ffd0b75f255761df3bc4c0830771bb75243da7d366a0e80be0186efb789d4,2359296,1,128,0.0,0,bits-sq,32,128,4,download,/home/jirka/research/2024/bits-knn-jpdc2024/data/application-scaling/ampere02-35760925/gradient-compression-middle.csv,5.425347222222222e-05,30,0.008002,0.007882,0.0080995,1.0100599850037488,False,False
gradient-compression,e77ffd0b75f255761df3bc4c0830771bb75243da7d366a0e80be0186efb789d4,2359296,1,128,0.0,0,bits-sq,32,128,4,operator,/home/jirka/research/2024/bits-knn-jpdc2024/data/application-scaling/ampere02-35760925/gradient-compression-middle.csv,5.425347222222222e-05,30,0.19801,0.19758175,0.19826850000000001,0.3128049088429878,False,False
gradient-compression,e77ffd0b75f255761df3bc4c0830771bb75243da7d366a0e80be0186efb789d4,2359296,1,128,0.0,0,bits-sq,32,128,4,output_isolated,/home/jirka/research/2024/bits-knn-jpdc2024/data/application-scaling/ampere02-35760925/gradient-compression-middle.csv,5.425347222222222e-05,30,0.007716499999999999,0.007647000000000001,0.007872,1.0117281150780795,False,False
gradient-compression,e77ffd0b75f255761df3bc4c0830771bb75243da7d366a0e80be0186efb789d4,2359296,1,128,0.0,0,bits-sq,32,128,4,selection_isolated,/home/jirka/research/2024/bits-knn-jpdc2024/data/application-scaling/ampere02-35760925/gradient-compression-middle.csv,5.425347222222222e-05,30,0.18148999999999998,0.18120999999999998,0.18184,0.25108270428122764,False,False
gradient-compression,e77ffd0b75f255761df3bc4c0830771bb75243da7d366a0e80be0186efb789d4,2359296,1,128,0.0,0,bits-sq,32,128,4,transform_isolated,/home/jirka/research/2024/bits-knn-jpdc2024/data/application-scaling/ampere02-35760925/gradient-compression-middle.csv,5.425347222222222e-05,30,0.014547000000000001,0.014472,0.014612,1.0110332027222106,False,False
gradient-compression,e77ffd0b75f255761df3bc4c0830771bb75243da7d366a0e80be0186efb789d4,2359296,1,128,0.0,0,bits-sq,32,128,4,upload_shared,/home/jirka/research/2024/bits-knn-jpdc2024/data/application-scaling/ampere02-35760925/gradient-compression-middle.csv,5.425347222222222e-05,1,0.481329,0.481329,0.481329,1.287495663049598,False,False
gradient-compression,e77ffd0b75f255761df3bc4c0830771bb75243da7d366a0e80be0186efb789d4,2359296,1,128,0.0,0,bits-sq,32,128,7,download,/home/jirka/research/2024/bits-knn-jpdc2024/data/application-scaling/ampere02-35760925/gradient-compression-middle.csv,5.425347222222222e-05,30,0.008007,0.007862000000000001,0.008172,1.009429249406769,False,False
gradient-compression,e77ffd0b75f255761df3bc4c0830771bb75243da7d366a0e80be0186efb789d4,2359296,1,128,0.0,0,bits-sq,32,128,7,operator,/home/jirka/research/2024/bits-knn-jpdc2024/data/application-scaling/ampere02-35760925/gradient-compression-middle.csv,5.425347222222222e-05,30,0.18975750000000002,0.189432,0.19012825,0.3264087058482537,False,False
gradient-compression,e77ffd0b75f255761df3bc4c0830771bb75243da7d366a0e80be0186efb789d4,2359296,1,128,0.0,0,bits-sq,32,128,7,output_isolated,/home/jirka/research/2024/bits-knn-jpdc2024/data/application-scaling/ampere02-35760925/gradient-compression-middle.csv,5.425347222222222e-05,30,0.007697000000000001,0.007622,0.0078445,1.014291282317786,False,False
gradient-compression,e77ffd0b75f255761df3bc4c0830771bb75243da7d366a0e80be0186efb789d4,2359296,1,128,0.0,0,bits-sq,32,128,7,selection_isolated,/home/jirka/research/2024/bits-knn-jpdc2024/data/application-scaling/ampere02-35760925/gradient-compression-middle.csv,5.425347222222222e-05,30,0.17352299999999998,0.173368,0.173858,0.2626107201927122,False,False
gradient-compression,e77ffd0b75f255761df3bc4c0830771bb75243da7d366a0e80be0186efb789d4,2359296,1,128,0.0,0,bits-sq,32,128,7,transform_isolated,/home/jirka/research/2024/bits-knn-jpdc2024/data/application-scaling/ampere02-35760925/gradient-compression-middle.csv,5.425347222222222e-05,30,0.014516999999999999,0.0144445,0.014587000000000001,1.0131225459805746,False,False
gradient-compression,e77ffd0b75f255761df3bc4c0830771bb75243da7d366a0e80be0186efb789d4,2359296,1,128,0.0,0,bits-sq,32,128,7,upload_shared,/home/jirka/research/2024/bits-knn-jpdc2024/data/application-scaling/ampere02-35760925/gradient-compression-middle.csv,5.425347222222222e-05,1,0.469051,0.469051,0.469051,1.3211974817237357,False,False
gradient-compression,e77ffd0b75f255761df3bc4c0830771bb75243da7d366a0e80be0186efb789d4,2359296,1,128,0.0,0,bits-sq,32,128,8,download,/home/jirka/research/2024/bits-knn-jpdc2024/data/application-scaling/ampere02-35760925/gradient-compression-middle.csv,5.425347222222222e-05,30,0.007962,0.007902,0.008032750000000002,1.0151343883446369,False,False
gradient-compression,e77ffd0b75f255761df3bc4c0830771bb75243da7d366a0e80be0186efb789d4,2359296,1,128,0.0,0,bits-sq,32,128,8,operator,/home/jirka/research/2024/bits-knn-jpdc2024/data/application-scaling/ampere02-35760925/gradient-compression-middle.csv,5.425347222222222e-05,30,0.19315749999999998,0.19285225000000003,0.19359374999999998,0.32066318936619087,False,False
gradient-compression,e77ffd0b75f255761df3bc4c0830771bb75243da7d366a0e80be0186efb789d4,2359296,1,128,0.0,0,bits-sq,32,128,8,output_isolated,/home/jirka/research/2024/bits-knn-jpdc2024/data/application-scaling/ampere02-35760925/gradient-compression-middle.csv,5.425347222222222e-05,30,0.0077765,0.007662,0.007887,1.0039220729119782,False,False
gradient-compression,e77ffd0b75f255761df3bc4c0830771bb75243da7d366a0e80be0186efb789d4,2359296,1,128,0.0,0,bits-sq,32,128,8,selection_isolated,/home/jirka/research/2024/bits-knn-jpdc2024/data/application-scaling/ampere02-35760925/gradient-compression-middle.csv,5.425347222222222e-05,30,0.17689749999999999,0.17670225,0.17711575,0.25760115321019234,False,False
gradient-compression,e77ffd0b75f255761df3bc4c0830771bb75243da7d366a0e80be0186efb789d4,2359296,1,128,0.0,0,bits-sq,32,128,8,transform_isolated,/home/jirka/research/2024/bits-knn-jpdc2024/data/application-scaling/ampere02-35760925/gradient-compression-middle.csv,5.425347222222222e-05,30,0.014657,0.014482,0.01476525,1.003445452684724,False,False
gradient-compression,e77ffd0b75f255761df3bc4c0830771bb75243da7d366a0e80be0186efb789d4,2359296,1,128,0.0,0,bits-sq,32,128,8,upload_shared,/home/jirka/research/2024/bits-knn-jpdc2024/data/application-scaling/ampere02-35760925/gradient-compression-middle.csv,5.425347222222222e-05,1,0.487398,0.487398,0.487398,1.2714639781041366,False,False
gradient-compression,e77ffd0b75f255761df3bc4c0830771bb75243da7d366a0e80be0186efb789d4,2359296,1,128,0.0,0,bits-sq,32,128,13,download,/home/jirka/research/2024/bits-knn-jpdc2024/data/application-scaling/ampere02-35760925/gradient-compression-middle.csv,5.425347222222222e-05,30,0.007977000000000001,0.0078895,0.008307249999999999,1.0132255233797165,False,False
gradient-compression,e77ffd0b75f255761df3bc4c0830771bb75243da7d366a0e80be0186efb789d4,2359296,1,128,0.0,0,bits-sq,32,128,13,operator,/home/jirka/research/2024/bits-knn-jpdc2024/data/application-scaling/ampere02-35760925/gradient-compression-middle.csv,5.425347222222222e-05,30,0.205286,0.20482499999999998,0.20568699999999998,0.30171809085860707,False,False
gradient-compression,e77ffd0b75f255761df3bc4c0830771bb75243da7d366a0e80be0186efb789d4,2359296,1,128,0.0,0,bits-sq,32,128,13,output_isolated,/home/jirka/research/2024/bits-knn-jpdc2024/data/application-scaling/ampere02-35760925/gradient-compression-middle.csv,5.425347222222222e-05,30,0.007696,0.0075645,0.007852000000000001,1.0144230769230769,False,False
gradient-compression,e77ffd0b75f255761df3bc4c0830771bb75243da7d366a0e80be0186efb789d4,2359296,1,128,0.0,0,bits-sq,32,128,13,selection_isolated,/home/jirka/research/2024/bits-knn-jpdc2024/data/application-scaling/ampere02-35760925/gradient-compression-middle.csv,5.425347222222222e-05,30,0.189092,0.18882925,0.189332,0.24098851352780654,False,False
gradient-compression,e77ffd0b75f255761df3bc4c0830771bb75243da7d366a0e80be0186efb789d4,2359296,1,128,0.0,0,bits-sq,32,128,13,transform_isolated,/home/jirka/research/2024/bits-knn-jpdc2024/data/application-scaling/ampere02-35760925/gradient-compression-middle.csv,5.425347222222222e-05,30,0.014502000000000001,0.014462,0.0145995,1.0141704592470004,False,False
gradient-compression,e77ffd0b75f255761df3bc4c0830771bb75243da7d366a0e80be0186efb789d4,2359296,1,128,0.0,0,bits-sq,32,128,13,upload_shared,/home/jirka/research/2024/bits-knn-jpdc2024/data/application-scaling/ampere02-35760925/gradient-compression-middle.csv,5.425347222222222e-05,1,0.485005,0.485005,0.485005,1.2777373429139904,False,False
gradient-compression,e77ffd0b75f255761df3bc4c0830771bb75243da7d366a0e80be0186efb789d4,2359296,1,128,0.0,0,bits-sq,32,128,16,download,/home/jirka/research/2024/bits-knn-jpdc2024/data/application-scaling/ampere02-35760925/gradient-compression-middle.csv,5.425347222222222e-05,30,0.0081825,0.0080445,0.008778,0.9877787962114267,False,False
gradient-compression,e77ffd0b75f255761df3bc4c0830771bb75243da7d366a0e80be0186efb789d4,2359296,1,128,0.0,0,bits-sq,32,128,16,operator,/home/jirka/research/2024/bits-knn-jpdc2024/data/application-scaling/ampere02-35760925/gradient-compression-middle.csv,5.425347222222222e-05,30,0.213388,0.21297475000000002,0.21377149999999998,0.2902623390256247,False,False
gradient-compression,e77ffd0b75f255761df3bc4c0830771bb75243da7d366a0e80be0186efb789d4,2359296,1,128,0.0,0,bits-sq,32,128,16,output_isolated,/home/jirka/research/2024/bits-knn-jpdc2024/data/application-scaling/ampere02-35760925/gradient-compression-middle.csv,5.425347222222222e-05,30,0.007762,0.007653500000000001,0.0078995,1.0057974748776088,False,False
gradient-compression,e77ffd0b75f255761df3bc4c0830771bb75243da7d366a0e80be0186efb789d4,2359296,1,128,0.0,0,bits-sq,32,128,16,selection_isolated,/home/jirka/research/2024/bits-knn-jpdc2024/data/application-scaling/ampere02-35760925/gradient-compression-middle.csv,5.425347222222222e-05,30,0.19691799999999998,0.19678549999999997,0.1970405,0.23141104419098307,False,False
gradient-compression,e77ffd0b75f255761df3bc4c0830771bb75243da7d366a0e80be0186efb789d4,2359296,1,128,0.0,0,bits-sq,32,128,16,transform_isolated,/home/jirka/research/2024/bits-knn-jpdc2024/data/application-scaling/ampere02-35760925/gradient-compression-middle.csv,5.425347222222222e-05,30,0.014557500000000001,0.014484499999999999,0.014707,1.0103039670273055,False,False
gradient-compression,e77ffd0b75f255761df3bc4c0830771bb75243da7d366a0e80be0186efb789d4,2359296,1,128,0.0,0,bits-sq,32,128,16,upload_shared,/home/jirka/research/2024/bits-knn-jpdc2024/data/application-scaling/ampere02-35760925/gradient-compression-middle.csv,5.425347222222222e-05,1,0.472075,0.472075,0.472075,1.3127342053699094,False,False
gradient-compression,e77ffd0b75f255761df3bc4c0830771bb75243da7d366a0e80be0186efb789d4,2359296,1,128,0.0,0,bits-sq,32,256,4,download,/home/jirka/research/2024/bits-knn-jpdc2024/data/application-scaling/ampere02-35760925/gradient-compression-middle.csv,5.425347222222222e-05,30,0.008042,0.0080045,0.00839275,1.0050360606814224,False,False
gradient-compression,e77ffd0b75f255761df3bc4c0830771bb75243da7d366a0e80be0186efb789d4,2359296,1,128,0.0,0,bits-sq,32,256,4,operator,/home/jirka/research/2024/bits-knn-jpdc2024/data/application-scaling/ampere02-35760925/gradient-compression-middle.csv,5.425347222222222e-05,30,0.1406885,0.140428,0.14091375,0.4402527569772939,False,False
gradient-compression,e77ffd0b75f255761df3bc4c0830771bb75243da7d366a0e80be0186efb789d4,2359296,1,128,0.0,0,bits-sq,32,256,4,output_isolated,/home/jirka/research/2024/bits-knn-jpdc2024/data/application-scaling/ampere02-35760925/gradient-compression-middle.csv,5.425347222222222e-05,30,0.0076815,0.0076012499999999995,0.0078445,1.0163379548265312,False,False
gradient-compression,e77ffd0b75f255761df3bc4c0830771bb75243da7d366a0e80be0186efb789d4,2359296,1,128,0.0,0,bits-sq,32,256,4,selection_isolated,/home/jirka/research/2024/bits-knn-jpdc2024/data/application-scaling/ampere02-35760925/gradient-compression-middle.csv,5.425347222222222e-05,30,0.124629,0.12426825000000001,0.12492149999999999,0.3656372112429691,False,False
gradient-compression,e77ffd0b75f255761df3bc4c0830771bb75243da7d366a0e80be0186efb789d4,2359296,1,128,0.0,0,bits-sq,32,256,4,transform_isolated,/home/jirka/research/2024/bits-knn-jpdc2024/data/application-scaling/ampere02-35760925/gradient-compression-middle.csv,5.425347222222222e-05,30,0.014602,0.014542000000000001,0.014768,1.0072250376660732,False,False
gradient-compression,e77ffd0b75f255761df3bc4c0830771bb75243da7d366a0e80be0186efb789d4,2359296,1,128,0.0,0,bits-sq,32,256,4,upload_shared,/home/jirka/research/2024/bits-knn-jpdc2024/data/application-scaling/ampere02-35760925/gradient-compression-middle.csv,5.425347222222222e-05,1,0.469181,0.469181,0.469181,1.3208314062163642,False,False
gradient-compression,e77ffd0b75f255761df3bc4c0830771bb75243da7d366a0e80be0186efb789d4,2359296,1,128,0.0,0,bits-sq,32,256,7,download,/home/jirka/research/2024/bits-knn-jpdc2024/data/application-scaling/ampere02-35760925/gradient-compression-middle.csv,5.425347222222222e-05,30,0.0080075,0.00791425,0.008130249999999999,1.0093662191695285,False,False
gradient-compression,e77ffd0b75f255761df3bc4c0830771bb75243da7d366a0e80be0186efb789d4,2359296,1,128,0.0,0,bits-sq,32,256,7,operator,/home/jirka/research/2024/bits-knn-jpdc2024/data/application-scaling/ampere02-35760925/gradient-compression-middle.csv,5.425347222222222e-05,30,0.141274,0.14084649999999999,0.141735,0.43842816087885955,False,False
gradient-compression,e77ffd0b75f255761df3bc4c0830771bb75243da7d366a0e80be0186efb789d4,2359296,1,128,0.0,0,bits-sq,32,256,7,output_isolated,/home/jirka/research/2024/bits-knn-jpdc2024/data/application-scaling/ampere02-35760925/gradient-compression-middle.csv,5.425347222222222e-05,30,0.007647000000000001,0.007546000000000001,0.007892,1.0209232378710604,False,False
gradient-compression,e77ffd0b75f255761df3bc4c0830771bb75243da7d366a0e80be0186efb789d4,2359296,1,128,0.0,0,bits-sq,32,256,7,selection_isolated,/home/jirka/research/2024/bits-knn-jpdc2024/data/application-scaling/ampere02-35760925/gradient-compression-middle.csv,5.425347222222222e-05,30,0.124388,0.12410550000000001,0.12494675000000001,0.36634562819564587,False,False
gradient-compression,e77ffd0b75f255761df3bc4c0830771bb75243da7d366a0e80be0186efb789d4,2359296,1,128,0.0,0,bits-sq,32,256,7,transform_isolated,/home/jirka/research/2024/bits-knn-jpdc2024/data/application-scaling/ampere02-35760925/gradient-compression-middle.csv,5.425347222222222e-05,30,0.014622,0.014504499999999998,0.014777249999999999,1.0058473533032417,False,False
gradient-compression,e77ffd0b75f255761df3bc4c0830771bb75243da7d366a0e80be0186efb789d4,2359296,1,128,0.0,0,bits-sq,32,256,7,upload_shared,/home/jirka/research/2024/bits-knn-jpdc2024/data/application-scaling/ampere02-35760925/gradient-compression-middle.csv,5.425347222222222e-05,1,0.48218,0.48218,0.48218,1.285223360570741,False,False
gradient-compression,e77ffd0b75f255761df3bc4c0830771bb75243da7d366a0e80be0186efb789d4,2359296,1,128,0.0,0,bits-sq,32,256,8,download,/home/jirka/research/2024/bits-knn-jpdc2024/data/application-scaling/ampere02-35760925/gradient-compression-middle.csv,5.425347222222222e-05,30,0.008037,0.007911999999999999,0.0084255,1.0056613164115962,False,False
gradient-compression,e77ffd0b75f255761df3bc4c0830771bb75243da7d366a0e80be0186efb789d4,2359296,1,128,0.0,0,bits-sq,32,256,8,operator,/home/jirka/research/2024/bits-knn-jpdc2024/data/application-scaling/ampere02-35760925/gradient-compression-middle.csv,5.425347222222222e-05,30,0.143768,0.14353225,0.14409875,0.4308225752601414,False,False
gradient-compression,e77ffd0b75f255761df3bc4c0830771bb75243da7d366a0e80be0186efb789d4,2359296,1,128,0.0,0,bits-sq,32,256,8,output_isolated,/home/jirka/research/2024/bits-knn-jpdc2024/data/application-scaling/ampere02-35760925/gradient-compression-middle.csv,5.425347222222222e-05,30,0.0076865,0.007578499999999999,0.00780675,1.0156768360111885,False,False
gradient-compression,e77ffd0b75f255761df3bc4c0830771bb75243da7d366a0e80be0186efb789d4,2359296,1,128,0.0,0,bits-sq,32,256,8,selection_isolated,/home/jirka/research/2024/bits-knn-jpdc2024/data/application-scaling/ampere02-35760925/gradient-compression-middle.csv,5.425347222222222e-05,30,0.12757849999999998,0.12734299999999998,0.1278905,0.35718400827725677,False,False
gradient-compression,e77ffd0b75f255761df3bc4c0830771bb75243da7d366a0e80be0186efb789d4,2359296,1,128,0.0,0,bits-sq,32,256,8,transform_isolated,/home/jirka/research/2024/bits-knn-jpdc2024/data/application-scaling/ampere02-35760925/gradient-compression-middle.csv,5.425347222222222e-05,30,0.014562,0.0144595,0.014697,1.0099917593737124,False,False
gradient-compression,e77ffd0b75f255761df3bc4c0830771bb75243da7d366a0e80be0186efb789d4,2359296,1,128,0.0,0,bits-sq,32,256,8,upload_shared,/home/jirka/research/2024/bits-knn-jpdc2024/data/application-scaling/ampere02-35760925/gradient-compression-middle.csv,5.425347222222222e-05,1,0.474128,0.474128,0.474128,1.3070499949380756,False,False
gradient-compression,e77ffd0b75f255761df3bc4c0830771bb75243da7d366a0e80be0186efb789d4,2359296,1,128,0.0,0,bits-sq,32,256,13,download,/home/jirka/research/2024/bits-knn-jpdc2024/data/application-scaling/ampere02-35760925/gradient-compression-middle.csv,5.425347222222222e-05,30,0.007982000000000001,0.007932,0.0080895,1.0125908293660735,False,False
gradient-compression,e77ffd0b75f255761df3bc4c0830771bb75243da7d366a0e80be0186efb789d4,2359296,1,128,0.0,0,bits-sq,32,256,13,operator,/home/jirka/research/2024/bits-knn-jpdc2024/data/application-scaling/ampere02-35760925/gradient-compression-middle.csv,5.425347222222222e-05,30,0.16242600000000001,0.16225775,0.16291450000000002,0.3813336534791228,False,False
gradient-compression,e77ffd0b75f255761df3bc4c0830771bb75243da7d366a0e80be0186efb789d4,2359296,1,128,0.0,0,bits-sq,32,256,13,output_isolated,/home/jirka/research/2024/bits-knn-jpdc2024/data/application-scaling/ampere02-35760925/gradient-compression-middle.csv,5.425347222222222e-05,30,0.007652000000000001,0.00760125,0.00773175,1.0202561421850496,False,False
gradient-compression,e77ffd0b75f255761df3bc4c0830771bb75243da7d366a0e80be0186efb789d4,2359296,1,128,0.0,0,bits-sq,32,256,13,selection_isolated,/home/jirka/research/2024/bits-knn-jpdc2024/data/application-scaling/ampere02-35760925/gradient-compression-middle.csv,5.425347222222222e-05,30,0.146517,0.14628675,0.14671450000000003,0.31101510404935945,False,False
gradient-compression,e77ffd0b75f255761df3bc4c0830771bb75243da7d366a0e80be0186efb789d4,2359296,1,128,0.0,0,bits-sq,32,256,13,transform_isolated,/home/jirka/research/2024/bits-knn-jpdc2024/data/application-scaling/ampere02-35760925/gradient-compression-middle.csv,5.425347222222222e-05,30,0.014622,0.0145245,0.014727,1.0058473533032417,False,False
gradient-compression,e77ffd0b75f255761df3bc4c0830771bb75243da7d366a0e80be0186efb789d4,2359296,1,128,0.0,0,bits-sq,32,256,13,upload_shared,/home/jirka/research/2024/bits-knn-jpdc2024/data/application-scaling/ampere02-35760925/gradient-compression-middle.csv,5.425347222222222e-05,1,0.477273,0.477273,0.477273,1.2984371627978117,False,False
gradient-compression,e77ffd0b75f255761df3bc4c0830771bb75243da7d366a0e80be0186efb789d4,2359296,1,128,0.0,0,bits-sq,32,256,16,download,/home/jirka/research/2024/bits-knn-jpdc2024/data/application-scaling/ampere02-35760925/gradient-compression-middle.csv,5.425347222222222e-05,30,0.0081025,0.007997,0.00889625,0.9975316260413452,False,False
gradient-compression,e77ffd0b75f255761df3bc4c0830771bb75243da7d366a0e80be0186efb789d4,2359296,1,128,0.0,0,bits-sq,32,256,16,operator,/home/jirka/research/2024/bits-knn-jpdc2024/data/application-scaling/ampere02-35760925/gradient-compression-middle.csv,5.425347222222222e-05,30,0.169562,0.16926175,0.17006025,0.36528526438706793,False,False
gradient-compression,e77ffd0b75f255761df3bc4c0830771bb75243da7d366a0e80be0186efb789d4,2359296,1,128,0.0,0,bits-sq,32,256,16,output_isolated,/home/jirka/research/2024/bits-knn-jpdc2024/data/application-scaling/ampere02-35760925/gradient-compression-middle.csv,5.425347222222222e-05,30,0.007742,0.007631250000000001,0.007862000000000001,1.0083957633686387,False,False
gradient-compression,e77ffd0b75f255761df3bc4c0830771bb75243da7d366a0e80be0186efb789d4,2359296,1,128,0.0,0,bits-sq,32,256,16,selection_isolated,/home/jirka/research/2024/bits-knn-jpdc2024/data/application-scaling/ampere02-35760925/gradient-compression-middle.csv,5.425347222222222e-05,30,0.153217,0.15295675000000003,0.15337024999999999,0.2974147777335413,False,False
gradient-compression,e77ffd0b75f255761df3bc4c0830771bb75243da7d366a0e80be0186efb789d4,2359296,1,128,0.0,0,bits-sq,32,256,16,transform_isolated,/home/jirka/research/2024/bits-knn-jpdc2024/data/application-scaling/ampere02-35760925/gradient-compression-middle.csv,5.425347222222222e-05,30,0.0146675,0.0145845,0.0147755,1.002727117777399,False,False
gradient-compression,e77ffd0b75f255761df3bc4c0830771bb75243da7d366a0e80be0186efb789d4,2359296,1,128,0.0,0,bits-sq,32,256,16,upload_shared,/home/jirka/research/2024/bits-knn-jpdc2024/data/application-scaling/ampere02-35760925/gradient-compression-middle.csv,5.425347222222222e-05,1,0.482672,0.482672,0.482672,1.2839132993005602,False,False
gradient-compression,e77ffd0b75f255761df3bc4c0830771bb75243da7d366a0e80be0186efb789d4,2359296,1,128,0.0,0,bits-sq,32,512,4,download,/home/jirka/research/2024/bits-knn-jpdc2024/data/application-scaling/ampere02-35760925/gradient-compression-middle.csv,5.425347222222222e-05,30,0.007982000000000001,0.007894499999999999,0.008052750000000001,1.0125908293660735,False,True
gradient-compression,e77ffd0b75f255761df3bc4c0830771bb75243da7d366a0e80be0186efb789d4,2359296,1,128,0.0,0,bits-sq,32,512,4,operator,/home/jirka/research/2024/bits-knn-jpdc2024/data/application-scaling/ampere02-35760925/gradient-compression-middle.csv,5.425347222222222e-05,30,0.1086445,0.10853725,0.109155,0.5701024902319032,False,True
gradient-compression,e77ffd0b75f255761df3bc4c0830771bb75243da7d366a0e80be0186efb789d4,2359296,1,128,0.0,0,bits-sq,32,512,4,output_isolated,/home/jirka/research/2024/bits-knn-jpdc2024/data/application-scaling/ampere02-35760925/gradient-compression-middle.csv,5.425347222222222e-05,30,0.007662,0.00761125,0.0077592500000000005,1.0189245627773427,False,True
gradient-compression,e77ffd0b75f255761df3bc4c0830771bb75243da7d366a0e80be0186efb789d4,2359296,1,128,0.0,0,bits-sq,32,512,4,selection_isolated,/home/jirka/research/2024/bits-knn-jpdc2024/data/application-scaling/ampere02-35760925/gradient-compression-middle.csv,5.425347222222222e-05,30,0.09258,0.09250275,0.09280250000000001,0.4922121408511558,False,True
gradient-compression,e77ffd0b75f255761df3bc4c0830771bb75243da7d366a0e80be0186efb789d4,2359296,1,128,0.0,0,bits-sq,32,512,4,transform_isolated,/home/jirka/research/2024/bits-knn-jpdc2024/data/application-scaling/ampere02-35760925/gradient-compression-middle.csv,5.425347222222222e-05,30,0.0146325,0.014572,0.014679499999999998,1.0051255766273706,False,True
gradient-compression,e77ffd0b75f255761df3bc4c0830771bb75243da7d366a0e80be0186efb789d4,2359296,1,128,0.0,0,bits-sq,32,512,4,upload_shared,/home/jirka/research/2024/bits-knn-jpdc2024/data/application-scaling/ampere02-35760925/gradient-compression-middle.csv,5.425347222222222e-05,1,0.48257099999999997,0.48257099999999997,0.48257099999999997,1.2841820167395057,False,True
gradient-compression,e77ffd0b75f255761df3bc4c0830771bb75243da7d366a0e80be0186efb789d4,2359296,1,128,0.0,0,bits-sq,32,512,7,download,/home/jirka/research/2024/bits-knn-jpdc2024/data/application-scaling/ampere02-35760925/gradient-compression-middle.csv,5.425347222222222e-05,30,0.008102,0.007967,0.008202749999999998,0.9975931868674401,False,False
gradient-compression,e77ffd0b75f255761df3bc4c0830771bb75243da7d366a0e80be0186efb789d4,2359296,1,128,0.0,0,bits-sq,32,512,7,operator,/home/jirka/research/2024/bits-knn-jpdc2024/data/application-scaling/ampere02-35760925/gradient-compression-middle.csv,5.425347222222222e-05,30,0.10371249999999999,0.10355125,0.10416450000000002,0.5972134506448116,False,False
gradient-compression,e77ffd0b75f255761df3bc4c0830771bb75243da7d366a0e80be0186efb789d4,2359296,1,128,0.0,0,bits-sq,32,512,7,output_isolated,/home/jirka/research/2024/bits-knn-jpdc2024/data/application-scaling/ampere02-35760925/gradient-compression-middle.csv,5.425347222222222e-05,30,0.007691,0.0076235,0.007831999999999999,1.015082564035886,False,False
gradient-compression,e77ffd0b75f255761df3bc4c0830771bb75243da7d366a0e80be0186efb789d4,2359296,1,128,0.0,0,bits-sq,32,512,7,selection_isolated,/home/jirka/research/2024/bits-knn-jpdc2024/data/application-scaling/ampere02-35760925/gradient-compression-middle.csv,5.425347222222222e-05,30,0.0876325,0.0874955,0.087773,0.5200011411291473,False,False
gradient-compression,e77ffd0b75f255761df3bc4c0830771bb75243da7d366a0e80be0186efb789d4,2359296,1,128,0.0,0,bits-sq,32,512,7,transform_isolated,/home/jirka/research/2024/bits-knn-jpdc2024/data/application-scaling/ampere02-35760925/gradient-compression-middle.csv,5.425347222222222e-05,30,0.0146225,0.014542000000000001,0.014792,1.005812959480253,False,False
gradient-compression,e77ffd0b75f255761df3bc4c0830771bb75243da7d366a0e80be0186efb789d4,2359296,1,128,0.0,0,bits-sq,32,512,7,upload_shared,/home/jirka/research/2024/bits-knn-jpdc2024/data/application-scaling/ampere02-35760925/gradient-compression-middle.csv,5.425347222222222e-05,1,0.474008,0.474008,0.474008,1.307380888086277,False,False
gradient-compression,e77ffd0b75f255761df3bc4c0830771bb75243da7d366a0e80be0186efb789d4,2359296,1,128,0.0,0,bits-sq,32,512,8,download,/home/jirka/research/2024/bits-knn-jpdc2024/data/application-scaling/ampere02-35760925/gradient-compression-middle.csv,5.425347222222222e-05,30,0.0080475,0.0079845,0.00812775,1.0043491767629698,True,False
gradient-compression,e77ffd0b75f255761df3bc4c0830771bb75243da7d366a0e80be0186efb789d4,2359296,1,128,0.0,0,bits-sq,32,512,8,operator,/home/jirka/research/2024/bits-knn-jpdc2024/data/application-scaling/ampere02-35760925/gradient-compression-middle.csv,5.425347222222222e-05,30,0.10239000000000001,0.10212175,0.10263,0.6049272389881825,True,False
gradient-compression,e77ffd0b75f255761df3bc4c0830771bb75243da7d366a0e80be0186efb789d4,2359296,1,128,0.0,0,bits-sq,32,512,8,output_isolated,/home/jirka/research/2024/bits-knn-jpdc2024/data/application-scaling/ampere02-35760925/gradient-compression-middle.csv,5.425347222222222e-05,30,0.007672,0.007654250000000001,0.007852000000000001,1.0175964546402503,True,False
gradient-compression,e77ffd0b75f255761df3bc4c0830771bb75243da7d366a0e80be0186efb789d4,2359296,1,128,0.0,0,bits-sq,32,512,8,selection_isolated,/home/jirka/research/2024/bits-knn-jpdc2024/data/application-scaling/ampere02-35760925/gradient-compression-middle.csv,5.425347222222222e-05,30,0.0861705,0.08606075,0.086406,0.5288236693532009,True,False
gradient-compression,e77ffd0b75f255761df3bc4c0830771bb75243da7d366a0e80be0186efb789d4,2359296,1,128,0.0,0,bits-sq,32,512,8,transform_isolated,/home/jirka/research/2024/bits-knn-jpdc2024/data/application-scaling/ampere02-35760925/gradient-compression-middle.csv,5.425347222222222e-05,30,0.014676999999999999,0.0145695,0.01478725,1.002078081351775,True,False
gradient-compression,e77ffd0b75f255761df3bc4c0830771bb75243da7d366a0e80be0186efb789d4,2359296,1,128,0.0,0,bits-sq,32,512,8,upload_shared,/home/jirka/research/2024/bits-knn-jpdc2024/data/application-scaling/ampere02-35760925/gradient-compression-middle.csv,5.425347222222222e-05,1,0.475761,0.475761,0.475761,1.3025636821849627,True,False
gradient-compression,e77ffd0b75f255761df3bc4c0830771bb75243da7d366a0e80be0186efb789d4,2359296,1,128,0.0,0,bits-sq,32,512,13,download,/home/jirka/research/2024/bits-knn-jpdc2024/data/application-scaling/ampere02-35760925/gradient-compression-middle.csv,5.425347222222222e-05,30,0.007997500000000001,0.007912,0.008064499999999999,1.0106283213504217,False,False
gradient-compression,e77ffd0b75f255761df3bc4c0830771bb75243da7d366a0e80be0186efb789d4,2359296,1,128,0.0,0,bits-sq,32,512,13,operator,/home/jirka/research/2024/bits-knn-jpdc2024/data/application-scaling/ampere02-35760925/gradient-compression-middle.csv,5.425347222222222e-05,30,0.10668200000000001,0.1064535,0.10705025,0.580589977690707,False,False
gradient-compression,e77ffd0b75f255761df3bc4c0830771bb75243da7d366a0e80be0186efb789d4,2359296,1,128,0.0,0,bits-sq,32,512,13,output_isolated,/home/jirka/research/2024/bits-knn-jpdc2024/data/application-scaling/ampere02-35760925/gradient-compression-middle.csv,5.425347222222222e-05,30,0.007636500000000001,0.00751425,0.00775175,1.022326982256269,False,False
gradient-compression,e77ffd0b75f255761df3bc4c0830771bb75243da7d366a0e80be0186efb789d4,2359296,1,128,0.0,0,bits-sq,32,512,13,selection_isolated,/home/jirka/research/2024/bits-knn-jpdc2024/data/application-scaling/ampere02-35760925/gradient-compression-middle.csv,5.425347222222222e-05,30,0.09066750000000001,0.0904995,0.09082025,0.5025946452698045,False,False
gradient-compression,e77ffd0b75f255761df3bc4c0830771bb75243da7d366a0e80be0186efb789d4,2359296,1,128,0.0,0,bits-sq,32,512,13,transform_isolated,/home/jirka/research/2024/bits-knn-jpdc2024/data/application-scaling/ampere02-35760925/gradient-compression-middle.csv,5.425347222222222e-05,30,0.014552,0.014454499999999999,0.014681999999999999,1.0106858163826278,False,False
gradient-compression,e77ffd0b75f255761df3bc4c0830771bb75243da7d366a0e80be0186efb789d4,2359296,1,128,0.0,0,bits-sq,32,512,13,upload_shared,/home/jirka/research/2024/bits-knn-jpdc2024/data/application-scaling/ampere02-35760925/gradient-compression-middle.csv,5.425347222222222e-05,1,0.480508,0.480508,0.480508,1.289695488940871,False,False
gradient-compression,e77ffd0b75f255761df3bc4c0830771bb75243da7d366a0e80be0186efb789d4,2359296,1,128,0.0,0,bits-sq,32,512,16,download,/home/jirka/research/2024/bits-knn-jpdc2024/data/application-scaling/ampere02-35760925/gradient-compression-middle.csv,5.425347222222222e-05,30,0.0081625,0.008062,0.008323,0.9901990811638591,False,False
gradient-compression,e77ffd0b75f255761df3bc4c0830771bb75243da7d366a0e80be0186efb789d4,2359296,1,128,0.0,0,bits-sq,32,512,16,operator,/home/jirka/research/2024/bits-knn-jpdc2024/data/application-scaling/ampere02-35760925/gradient-compression-middle.csv,5.425347222222222e-05,30,0.114424,0.114298,0.11482475,0.5413068936586731,False,False
gradient-compression,e77ffd0b75f255761df3bc4c0830771bb75243da7d366a0e80be0186efb789d4,2359296,1,128,0.0,0,bits-sq,32,512,16,output_isolated,/home/jirka/research/2024/bits-knn-jpdc2024/data/application-scaling/ampere02-35760925/gradient-compression-middle.csv,5.425347222222222e-05,30,0.0076515,0.0075534999999999995,0.0077020000000000005,1.0203228125204207,False,False
gradient-compression,e77ffd0b75f255761df3bc4c0830771bb75243da7d366a0e80be0186efb789d4,2359296,1,128,0.0,0,bits-sq,32,512,16,selection_isolated,/home/jirka/research/2024/bits-knn-jpdc2024/data/application-scaling/ampere02-35760925/gradient-compression-middle.csv,5.425347222222222e-05,30,0.09840399999999999,0.09828400000000001,0.09852999999999999,0.4630807690744279,False,False
gradient-compression,e77ffd0b75f255761df3bc4c0830771bb75243da7d366a0e80be0186efb789d4,2359296,1,128,0.0,0,bits-sq,32,512,16,transform_isolated,/home/jirka/research/2024/bits-knn-jpdc2024/data/application-scaling/ampere02-35760925/gradient-compression-middle.csv,5.425347222222222e-05,30,0.014672,0.0145545,0.01473725,1.002419574700109,False,False
gradient-compression,e77ffd0b75f255761df3bc4c0830771bb75243da7d366a0e80be0186efb789d4,2359296,1,128,0.0,0,bits-sq,32,512,16,upload_shared,/home/jirka/research/2024/bits-knn-jpdc2024/data/application-scaling/ampere02-35760925/gradient-compression-middle.csv,5.425347222222222e-05,1,0.479697,0.479697,0.479697,1.2918759133369606,False,False
gradient-compression,e77ffd0b75f255761df3bc4c0830771bb75243da7d366a0e80be0186efb789d4,2359296,1,128,0.0,0,bits-sq,128,128,4,download,/home/jirka/research/2024/bits-knn-jpdc2024/data/application-scaling/ampere02-35760925/gradient-compression-middle.csv,5.425347222222222e-05,30,0.008012,0.007932,0.00811025,1.0087993010484273,False,False
gradient-compression,e77ffd0b75f255761df3bc4c0830771bb75243da7d366a0e80be0186efb789d4,2359296,1,128,0.0,0,bits-sq,128,128,4,operator,/home/jirka/research/2024/bits-knn-jpdc2024/data/application-scaling/ampere02-35760925/gradient-compression-middle.csv,5.425347222222222e-05,30,0.15768849999999998,0.157328,0.1580875,0.3927902161539999,False,False
gradient-compression,e77ffd0b75f255761df3bc4c0830771bb75243da7d366a0e80be0186efb789d4,2359296,1,128,0.0,0,bits-sq,128,128,4,output_isolated,/home/jirka/research/2024/bits-knn-jpdc2024/data/application-scaling/ampere02-35760925/gradient-compression-middle.csv,5.425347222222222e-05,30,0.0078015,0.0077245,0.007949249999999998,1.0007049926296225,False,False
gradient-compression,e77ffd0b75f255761df3bc4c0830771bb75243da7d366a0e80be0186efb789d4,2359296,1,128,0.0,0,bits-sq,128,128,4,selection_isolated,/home/jirka/research/2024/bits-knn-jpdc2024/data/application-scaling/ampere02-35760925/gradient-compression-middle.csv,5.425347222222222e-05,30,0.141289,0.14119900000000002,0.14146150000000002,0.3225233386887868,False,False
gradient-compression,e77ffd0b75f255761df3bc4c0830771bb75243da7d366a0e80be0186efb789d4,2359296,1,128,0.0,0,bits-sq,128,128,4,transform_isolated,/home/jirka/research/2024/bits-knn-jpdc2024/data/application-scaling/ampere02-35760925/gradient-compression-middle.csv,5.425347222222222e-05,30,0.014662,0.01456525,0.014768,1.0031032601282226,False,False
gradient-compression,e77ffd0b75f255761df3bc4c0830771bb75243da7d366a0e80be0186efb789d4,2359296,1,128,0.0,0,bits-sq,128,128,4,upload_shared,/home/jirka/research/2024/bits-knn-jpdc2024/data/application-scaling/ampere02-35760925/gradient-compression-middle.csv,5.425347222222222e-05,1,0.485084,0.485084,0.485084,1.2775292526655175,False,False
gradient-compression,e77ffd0b75f255761df3bc4c0830771bb75243da7d366a0e80be0186efb789d4,2359296,1,128,0.0,0,bits-sq,128,128,7,download,/home/jirka/research/2024/bits-knn-jpdc2024/data/application-scaling/ampere02-35760925/gradient-compression-middle.csv,5.425347222222222e-05,30,0.008093,0.007922,0.0086205,0.9987025824786853,False,False
gradient-compression,e77ffd0b75f255761df3bc4c0830771bb75243da7d366a0e80be0186efb789d4,2359296,1,128,0.0,0,bits-sq,128,128,7,operator,/home/jirka/research/2024/bits-knn-jpdc2024/data/application-scaling/ampere02-35760925/gradient-compression-middle.csv,5.425347222222222e-05,30,0.160914,0.16059375,0.161229,0.3849167878494103,False,False
gradient-compression,e77ffd0b75f255761df3bc4c0830771bb75243da7d366a0e80be0186efb789d4,2359296,1,128,0.0,0,bits-sq,128,128,7,output_isolated,/home/jirka/research/2024/bits-knn-jpdc2024/data/application-scaling/ampere02-35760925/gradient-compression-middle.csv,5.425347222222222e-05,30,0.0077015,0.0075892500000000005,0.007802,1.0136986301369864,False,False
gradient-compression,e77ffd0b75f255761df3bc4c0830771bb75243da7d366a0e80be0186efb789d4,2359296,1,128,0.0,0,bits-sq,128,128,7,selection_isolated,/home/jirka/research/2024/bits-knn-jpdc2024/data/application-scaling/ampere02-35760925/gradient-compression-middle.csv,5.425347222222222e-05,30,0.14463900000000002,0.14449075,0.14476424999999998,0.31505333969399674,False,False
gradient-compression,e77ffd0b75f255761df3bc4c0830771bb75243da7d366a0e80be0186efb789d4,2359296,1,128,0.0,0,bits-sq,128,128,7,transform_isolated,/home/jirka/research/2024/bits-knn-jpdc2024/data/application-scaling/ampere02-35760925/gradient-compression-middle.csv,5.425347222222222e-05,30,0.014577,0.014482,0.0147095,1.0089524593537764,False,False
gradient-compression,e77ffd0b75f255761df3bc4c0830771bb75243da7d366a0e80be0186efb789d4,2359296,1,128,0.0,0,bits-sq,128,128,7,upload_shared,/home/jirka/research/2024/bits-knn-jpdc2024/data/application-scaling/ampere02-35760925/gradient-compression-middle.csv,5.425347222222222e-05,1,0.482492,0.482492,0.482492,1.284392280079255,False,False
gradient-compression,e77ffd0b75f255761df3bc4c0830771bb75243da7d366a0e80be0186efb789d4,2359296,1,128,0.0,0,bits-sq,128,128,8,download,/home/jirka/research/2024/bits-knn-jpdc2024/data/application-scaling/ampere02-35760925/gradient-compression-middle.csv,5.425347222222222e-05,30,0.0080375,0.0079745,0.008245500000000001,1.0055987558320374,False,False
gradient-compression,e77ffd0b75f255761df3bc4c0830771bb75243da7d366a0e80be0186efb789d4,2359296,1,128,0.0,0,bits-sq,128,128,8,operator,/home/jirka/research/2024/bits-knn-jpdc2024/data/application-scaling/ampere02-35760925/gradient-compression-middle.csv,5.425347222222222e-05,30,0.16515999999999997,0.16489,0.16547525,0.37502119157180924,False,False
gradient-compression,e77ffd0b75f255761df3bc4c0830771bb75243da7d366a0e80be0186efb789d4,2359296,1,128,0.0,0,bits-sq,128,128,8,output_isolated,/home/jirka/research/2024/bits-knn-jpdc2024/data/application-scaling/ampere02-35760925/gradient-compression-middle.csv,5.425347222222222e-05,30,0.007742,0.0076045,0.0078895,1.0083957633686387,False,False
gradient-compression,e77ffd0b75f255761df3bc4c0830771bb75243da7d366a0e80be0186efb789d4,2359296,1,128,0.0,0,bits-sq,128,128,8,selection_isolated,/home/jirka/research/2024/bits-knn-jpdc2024/data/application-scaling/ampere02-35760925/gradient-compression-middle.csv,5.425347222222222e-05,30,0.14894049999999998,0.1487685,0.14902325,0.30595439118305634,False,False
gradient-compression,e77ffd0b75f255761df3bc4c0830771bb75243da7d366a0e80be0186efb789d4,2359296,1,128,0.0,0,bits-sq,128,128,8,transform_isolated,/home/jirka/research/2024/bits-knn-jpdc2024/data/application-scaling/ampere02-35760925/gradient-compression-middle.csv,5.425347222222222e-05,30,0.014672,0.01459025,0.0147495,1.002419574700109,False,False
gradient-compression,e77ffd0b75f255761df3bc4c0830771bb75243da7d366a0e80be0186efb789d4,2359296,1,128,0.0,0,bits-sq,128,128,8,upload_shared,/home/jirka/research/2024/bits-knn-jpdc2024/data/application-scaling/ampere02-35760925/gradient-compression-middle.csv,5.425347222222222e-05,1,0.480718,0.480718,0.480718,1.2891320899155014,False,False
gradient-compression,e77ffd0b75f255761df3bc4c0830771bb75243da7d366a0e80be0186efb789d4,2359296,1,128,0.0,0,bits-sq,128,128,13,download,/home/jirka/research/2024/bits-knn-jpdc2024/data/application-scaling/ampere02-35760925/gradient-compression-middle.csv,5.425347222222222e-05,30,0.0080275,0.0079095,0.008312749999999999,1.0068514481469946,False,False
gradient-compression,e77ffd0b75f255761df3bc4c0830771bb75243da7d366a0e80be0186efb789d4,2359296,1,128,0.0,0,bits-sq,128,128,13,operator,/home/jirka/research/2024/bits-knn-jpdc2024/data/application-scaling/ampere02-35760925/gradient-compression-middle.csv,5.425347222222222e-05,30,0.174609,0.1743515,0.1750875,0.3547268468406555,False,False
gradient-compression,e77ffd0b75f255761df3bc4c0830771bb75243da7d366a0e80be0186efb789d4,2359296,1,128,0.0,0,bits-sq,128,128,13,output_isolated,/home/jirka/research/2024/bits-knn-jpdc2024/data/application-scaling/ampere02-35760925/gradient-compression-middle.csv,5.425347222222222e-05,30,0.007672,0.007622,0.007832,1.0175964546402503,False,False
gradient-compression,e77ffd0b75f255761df3bc4c0830771bb75243da7d366a0e80be0186efb789d4,2359296,1,128,0.0,0,bits-sq,128,128,13,selection_isolated,/home/jirka/research/2024/bits-knn-jpdc2024/data/application-scaling/ampere02-35760925/gradient-compression-middle.csv,5.425347222222222e-05,30,0.1585555,0.1583575,0.158836,0.2874009416261183,False,False
gradient-compression,e77ffd0b75f255761df3bc4c0830771bb75243da7d366a0e80be0186efb789d4,2359296,1,128,0.0,0,bits-sq,128,128,13,transform_isolated,/home/jirka/research/2024/bits-knn-jpdc2024/data/application-scaling/ampere02-35760925/gradient-compression-middle.csv,5.425347222222222e-05,30,0.014572,0.014506999999999999,0.0147445,1.0092986549547076,False,False
gradient-compression,e77ffd0b75f255761df3bc4c0830771bb75243da7d366a0e80be0186efb789d4,2359296,1,128,0.0,0,bits-sq,128,128,13,upload_shared,/home/jirka/research/2024/bits-knn-jpdc2024/data/application-scaling/ampere02-35760925/gradient-compression-middle.csv,5.425347222222222e-05,1,0.479597,0.479597,0.479597,1.2921452803082587,False,False
gradient-compression,e77ffd0b75f255761df3bc4c0830771bb75243da7d366a0e80be0186efb789d4,2359296,1,128,0.0,0,bits-sq,128,128,16,download,/home/jirka/research/2024/bits-knn-jpdc2024/data/application-scaling/ampere02-35760925/gradient-compression-middle.csv,5.425347222222222e-05,30,0.007997,0.00789425,0.00843525,1.0106915093159934,False,False
gradient-compression,e77ffd0b75f255761df3bc4c0830771bb75243da7d366a0e80be0186efb789d4,2359296,1,128,0.0,0,bits-sq,128,128,16,operator,/home/jirka/research/2024/bits-knn-jpdc2024/data/application-scaling/ampere02-35760925/gradient-compression-middle.csv,5.425347222222222e-05,30,0.18647750000000002,0.18620975,0.18689550000000002,0.33214999128581196,False,False
gradient-compression,e77ffd0b75f255761df3bc4c0830771bb75243da7d366a0e80be0186efb789d4,2359296,1,128,0.0,0,bits-sq,128,128,16,output_isolated,/home/jirka/research/2024/bits-knn-jpdc2024/data/application-scaling/ampere02-35760925/gradient-compression-middle.csv,5.425347222222222e-05,30,0.0077565,0.0076485,0.0079395,1.0065106684716043,False,False
gradient-compression,e77ffd0b75f255761df3bc4c0830771bb75243da7d366a0e80be0186efb789d4,2359296,1,128,0.0,0,bits-sq,128,128,16,selection_isolated,/home/jirka/research/2024/bits-knn-jpdc2024/data/application-scaling/ampere02-35760925/gradient-compression-middle.csv,5.425347222222222e-05,30,0.170333,0.17013799999999998,0.1704605,0.26752889927377543,False,False
gradient-compression,e77ffd0b75f255761df3bc4c0830771bb75243da7d366a0e80be0186efb789d4,2359296,1,128,0.0,0,bits-sq,128,128,16,transform_isolated,/home/jirka/research/2024/bits-knn-jpdc2024/data/application-scaling/ampere02-35760925/gradient-compression-middle.csv,5.425347222222222e-05,30,0.014547500000000001,0.01449375,0.014676999999999999,1.0109984533424987,False,False
gradient-compression,e77ffd0b75f255761df3bc4c0830771bb75243da7d366a0e80be0186efb789d4,2359296,1,128,0.0,0,bits-sq,128,128,16,upload_shared,/home/jirka/research/2024/bits-knn-jpdc2024/data/application-scaling/ampere02-35760925/gradient-compression-middle.csv,5.425347222222222e-05,1,0.48043800000000003,0.48043800000000003,0.48043800000000003,1.2898833980659312,False,False
gradient-compression,e77ffd0b75f255761df3bc4c0830771bb75243da7d366a0e80be0186efb789d4,2359296,1,128,0.0,0,bits-sq,128,256,4,download,/home/jirka/research/2024/bits-knn-jpdc2024/data/application-scaling/ampere02-35760925/gradient-compression-middle.csv,5.425347222222222e-05,30,0.007951999999999999,0.0078845,0.00811025,1.0164109657947686,False,False
gradient-compression,e77ffd0b75f255761df3bc4c0830771bb75243da7d366a0e80be0186efb789d4,2359296,1,128,0.0,0,bits-sq,128,256,4,operator,/home/jirka/research/2024/bits-knn-jpdc2024/data/application-scaling/ampere02-35760925/gradient-compression-middle.csv,5.425347222222222e-05,30,0.117613,0.117378,0.1179415,0.5266297093008426,False,False
gradient-compression,e77ffd0b75f255761df3bc4c0830771bb75243da7d366a0e80be0186efb789d4,2359296,1,128,0.0,0,bits-sq,128,256,4,output_isolated,/home/jirka/research/2024/bits-knn-jpdc2024/data/application-scaling/ampere02-35760925/gradient-compression-middle.csv,5.425347222222222e-05,30,0.0077919999999999994,0.0077009999999999995,0.007991999999999999,1.0019250513347022,False,False
gradient-compression,e77ffd0b75f255761df3bc4c0830771bb75243da7d366a0e80be0186efb789d4,2359296,1,128,0.0,0,bits-sq,128,256,4,selection_isolated,/home/jirka/research/2024/bits-knn-jpdc2024/data/application-scaling/ampere02-35760925/gradient-compression-middle.csv,5.425347222222222e-05,30,0.10131849999999999,0.10111550000000001,0.10155650000000001,0.4497599155139486,False,False
gradient-compression,e77ffd0b75f255761df3bc4c0830771bb75243da7d366a0e80be0186efb789d4,2359296,1,128,0.0,0,bits-sq,128,256,4,transform_isolated,/home/jirka/research/2024/bits-knn-jpdc2024/data/application-scaling/ampere02-35760925/gradient-compression-middle.csv,5.425347222222222e-05,30,0.0147075,0.01464275,0.014800250000000001,1.0,False,False
gradient-compression,e77ffd0b75f255761df3bc4c0830771bb75243da7d366a0e80be0186efb789d4,2359296,1,128,0.0,0,bits-sq,128,256,4,upload_shared,/home/jirka/research/2024/bits-knn-jpdc2024/data/application-scaling/ampere02-35760925/gradient-compression-middle.csv,5.425347222222222e-05,1,0.476692,0.476692,0.476692,1.3000197192317051,False,False
gradient-compression,e77ffd0b75f255761df3bc4c0830771bb75243da7d366a0e80be0186efb789d4,2359296,1,128,0.0,0,bits-sq,128,256,7,download,/home/jirka/research/2024/bits-knn-jpdc2024/data/application-scaling/ampere02-35760925/gradient-compression-middle.csv,5.425347222222222e-05,30,0.008067,0.0079045,0.00844775,1.0019214082062724,False,False
gradient-compression,e77ffd0b75f255761df3bc4c0830771bb75243da7d366a0e80be0186efb789d4,2359296,1,128,0.0,0,bits-sq,128,256,7,operator,/home/jirka/research/2024/bits-knn-jpdc2024/data/application-scaling/ampere02-35760925/gradient-compression-middle.csv,5.425347222222222e-05,30,0.119851,0.11950350000000001,0.12002449999999999,0.5167958548531093,False,False
gradient-compression,e77ffd0b75f255761df3bc4c0830771bb75243da7d366a0e80be0186efb789d4,2359296,1,128,0.0,0,bits-sq,128,256,7,output_isolated,/home/jirka/research/2024/bits-knn-jpdc2024/data/application-scaling/ampere02-35760925/gradient-compression-middle.csv,5.425347222222222e-05,30,0.007752,0.00766425,0.007877,1.0070949432404541,False,False
gradient-compression,e77ffd0b75f255761df3bc4c0830771bb75243da7d366a0e80be0186efb789d4,2359296,1,128,0.0,0,bits-sq,128,256,7,selection_isolated,/home/jirka/research/2024/bits-knn-jpdc2024/data/application-scaling/ampere02-35760925/gradient-compression-middle.csv,5.425347222222222e-05,30,0.10347200000000001,0.10329925000000001,0.10377475,0.44039933508582024,False,False
gradient-compression,e77ffd0b75f255761df3bc4c0830771bb75243da7d366a0e80be0186efb789d4,2359296,1,128,0.0,0,bits-sq,128,256,7,transform_isolated,/home/jirka/research/2024/bits-knn-jpdc2024/data/application-scaling/ampere02-35760925/gradient-compression-middle.csv,5.425347222222222e-05,30,0.0145665,0.014426999999999999,0.0146695,1.0096797446195036,False,False
gradient-compression,e77ffd0b75f255761df3bc4c0830771bb75243da7d366a0e80be0186efb789d4,2359296,1,128,0.0,0,bits-sq,128,256,7,upload_shared,/home/jirka/research/2024/bits-knn-jpdc2024/data/application-scaling/ampere02-35760925/gradient-compression-middle.csv,5.425347222222222e-05,1,0.471014,0.471014,0.471014,1.3156912533385419,False,False
gradient-compression,e77ffd0b75f255761df3bc4c0830771bb75243da7d366a0e80be0186efb789d4,2359296,1,128,0.0,0,bits-sq,128,256,8,download,/home/jirka/research/2024/bits-knn-jpdc2024/data/application-scaling/ampere02-35760925/gradient-compression-middle.csv,5.425347222222222e-05,30,0.008032500000000001,0.007956999999999999,0.008212750000000001,1.0062247121070649,False,False
gradient-compression,e77ffd0b75f255761df3bc4c0830771bb75243da7d366a0e80be0186efb789d4,2359296,1,128,0.0,0,bits-sq,128,256,8,operator,/home/jirka/research/2024/bits-knn-jpdc2024/data/application-scaling/ampere02-35760925/gradient-compression-middle.csv,5.425347222222222e-05,30,0.124283,0.124033,0.124459,0.4983666309953896,False,False
gradient-compression,e77ffd0b75f255761df3bc4c0830771bb75243da7d366a0e80be0186efb789d4,2359296,1,128,0.0,0,bits-sq,128,256,8,output_isolated,/home/jirka/research/2024/bits-knn-jpdc2024/data/application-scaling/ampere02-35760925/gradient-compression-middle.csv,5.425347222222222e-05,30,0.007721499999999999,0.007647000000000001,0.0077845,1.0110729780483068,False,False
gradient-compression,e77ffd0b75f255761df3bc4c0830771bb75243da7d366a0e80be0186efb789d4,2359296,1,128,0.0,0,bits-sq,128,256,8,selection_isolated,/home/jirka/research/2024/bits-knn-jpdc2024/data/application-scaling/ampere02-35760925/gradient-compression-middle.csv,5.425347222222222e-05,30,0.1081085,0.107954,0.1082615,0.4215117220200077,False,False
gradient-compression,e77ffd0b75f255761df3bc4c0830771bb75243da7d366a0e80be0186efb789d4,2359296,1,128,0.0,0,bits-sq,128,256,8,transform_isolated,/home/jirka/research/2024/bits-knn-jpdc2024/data/application-scaling/ampere02-35760925/gradient-compression-middle.csv,5.425347222222222e-05,30,0.014617,0.014562,0.014662,1.006191420948211,False,False
gradient-compression,e77ffd0b75f255761df3bc4c0830771bb75243da7d366a0e80be0186efb789d4,2359296,1,128,0.0,0,bits-sq,128,256,8,upload_shared,/home/jirka/research/2024/bits-knn-jpdc2024/data/application-scaling/ampere02-35760925/gradient-compression-middle.csv,5.425347222222222e-05,1,0.491094,0.491094,0.491094,1.2618948714502722,False,False
gradient-compression,e77ffd0b75f255761df3bc4c0830771bb75243da7d366a0e80be0186efb789d4,2359296,1,128,0.0,0,bits-sq,128,256,13,download,/home/jirka/research/2024/bits-knn-jpdc2024/data/application-scaling/ampere02-35760925/gradient-compression-middle.csv,5.425347222222222e-05,30,0.007967,0.0079045,0.008100250000000002,1.0144973013681435,False,False
gradient-compression,e77ffd0b75f255761df3bc4c0830771bb75243da7d366a0e80be0186efb789d4,2359296,1,128,0.0,0,bits-sq,128,256,13,operator,/home/jirka/research/2024/bits-knn-jpdc2024/data/application-scaling/ampere02-35760925/gradient-compression-middle.csv,5.425347222222222e-05,30,0.139331,0.13905274999999997,0.1397045,0.44454213348070426,False,False
gradient-compression,e77ffd0b75f255761df3bc4c0830771bb75243da7d366a0e80be0186efb789d4,2359296,1,128,0.0,0,bits-sq,128,256,13,output_isolated,/home/jirka/research/2024/bits-knn-jpdc2024/data/application-scaling/ampere02-35760925/gradient-compression-middle.csv,5.425347222222222e-05,30,0.007757,0.0076742500000000005,0.007897000000000001,1.0064457908985431,False,False
gradient-compression,e77ffd0b75f255761df3bc4c0830771bb75243da7d366a0e80be0186efb789d4,2359296,1,128,0.0,0,bits-sq,128,256,13,selection_isolated,/home/jirka/research/2024/bits-knn-jpdc2024/data/application-scaling/ampere02-35760925/gradient-compression-middle.csv,5.425347222222222e-05,30,0.123132,0.122957,0.1233345,0.37008251307539874,False,False
gradient-compression,e77ffd0b75f255761df3bc4c0830771bb75243da7d366a0e80be0186efb789d4,2359296,1,128,0.0,0,bits-sq,128,256,13,transform_isolated,/home/jirka/research/2024/bits-knn-jpdc2024/data/application-scaling/ampere02-35760925/gradient-compression-middle.csv,5.425347222222222e-05,30,0.014597,0.014537000000000001,0.01465975,1.0075700486401316,False,False
gradient-compression,e77ffd0b75f255761df3bc4c0830771bb75243da7d366a0e80be0186efb789d4,2359296,1,128,0.0,0,bits-sq,128,256,13,upload_shared,/home/jirka/research/2024/bits-knn-jpdc2024/data/application-scaling/ampere02-35760925/gradient-compression-middle.csv,5.425347222222222e-05,1,0.488651,0.488651,0.488651,1.2682036872942037,False,False
gradient-compression,e77ffd0b75f255761df3bc4c0830771bb75243da7d366a0e80be0186efb789d4,2359296,1,128,0.0,0,bits-sq,128,256,16,download,/home/jirka/research/2024/bits-knn-jpdc2024/data/application-scaling/ampere02-35760925/gradient-compression-middle.csv,5.425347222222222e-05,30,0.008062,0.007966250000000001,0.0085905,1.0025427933515256,False,False
gradient-compression,e77ffd0b75f255761df3bc4c0830771bb75243da7d366a0e80be0186efb789d4,2359296,1,128,0.0,0,bits-sq,128,256,16,operator,/home/jirka/research/2024/bits-knn-jpdc2024/data/application-scaling/ampere02-35760925/gradient-compression-middle.csv,5.425347222222222e-05,30,0.1545945,0.154334,0.15520525000000002,0.4006513815174538,False,False
gradient-compression,e77ffd0b75f255761df3bc4c0830771bb75243da7d366a0e80be0186efb789d4,2359296,1,128,0.0,0,bits-sq,128,256,16,output_isolated,/home/jirka/research/2024/bits-knn-jpdc2024/data/application-scaling/ampere02-35760925/gradient-compression-middle.csv,5.425347222222222e-05,30,0.007721499999999999,0.00762125,0.007951999999999999,1.0110729780483068,False,False
gradient-compression,e77ffd0b75f255761df3bc4c0830771bb75243da7d366a0e80be0186efb789d4,2359296,1,128,0.0,0,bits-sq,128,256,16,selection_isolated,/home/jirka/research/2024/bits-knn-jpdc2024/data/application-scaling/ampere02-35760925/gradient-compression-middle.csv,5.425347222222222e-05,30,0.13823950000000002,0.13804650000000002,0.138515,0.3296380556931991,False,False
gradient-compression,e77ffd0b75f255761df3bc4c0830771bb75243da7d366a0e80be0186efb789d4,2359296,1,128,0.0,0,bits-sq,128,256,16,transform_isolated,/home/jirka/research/2024/bits-knn-jpdc2024/data/application-scaling/ampere02-35760925/gradient-compression-middle.csv,5.425347222222222e-05,30,0.014722,0.014662,0.014813,0.9990150794728977,False,False
gradient-compression,e77ffd0b75f255761df3bc4c0830771bb75243da7d366a0e80be0186efb789d4,2359296,1,128,0.0,0,bits-sq,128,256,16,upload_shared,/home/jirka/research/2024/bits-knn-jpdc2024/data/application-scaling/ampere02-35760925/gradient-compression-middle.csv,5.425347222222222e-05,1,0.480748,0.480748,0.480748,1.289051644520622,False,False
gradient-compression,e77ffd0b75f255761df3bc4c0830771bb75243da7d366a0e80be0186efb789d4,2359296,1,128,0.0,0,bits-sq,128,512,4,download,/home/jirka/research/2024/bits-knn-jpdc2024/data/application-scaling/ampere02-35760925/gradient-compression-middle.csv,5.425347222222222e-05,30,0.008042500000000001,0.007939499999999999,0.008175249999999998,1.0049735778675783,False,False
gradient-compression,e77ffd0b75f255761df3bc4c0830771bb75243da7d366a0e80be0186efb789d4,2359296,1,128,0.0,0,bits-sq,128,512,4,operator,/home/jirka/research/2024/bits-knn-jpdc2024/data/application-scaling/ampere02-35760925/gradient-compression-middle.csv,5.425347222222222e-05,30,0.1118645,0.10750300000000002,0.1129735,0.5536921901049932,False,False
gradient-compression,e77ffd0b75f255761df3bc4c0830771bb75243da7d366a0e80be0186efb789d4,2359296,1,128,0.0,0,bits-sq,128,512,4,output_isolated,/home/jirka/research/2024/bits-knn-jpdc2024/data/application-scaling/ampere02-35760925/gradient-compression-middle.csv,5.425347222222222e-05,30,0.007722,0.00768425,0.007778750000000001,1.011007511007511,False,False
gradient-compression,e77ffd0b75f255761df3bc4c0830771bb75243da7d366a0e80be0186efb789d4,2359296,1,128,0.0,0,bits-sq,128,512,4,selection_isolated,/home/jirka/research/2024/bits-knn-jpdc2024/data/application-scaling/ampere02-35760925/gradient-compression-middle.csv,5.425347222222222e-05,30,0.09579,0.0923645,0.096987,0.4757177158367262,False,False
gradient-compression,e77ffd0b75f255761df3bc4c0830771bb75243da7d366a0e80be0186efb789d4,2359296,1,128,0.0,0,bits-sq,128,512,4,transform_isolated,/home/jirka/research/2024/bits-knn-jpdc2024/data/application-scaling/ampere02-35760925/gradient-compression-middle.csv,5.425347222222222e-05,30,0.0146125,0.014521999999999998,0.01465975,1.0065012831479898,False,False
gradient-compression,e77ffd0b75f255761df3bc4c0830771bb75243da7d366a0e80be0186efb789d4,2359296,1,128,0.0,0,bits-sq,128,512,4,upload_shared,/home/jirka/research/2024/bits-knn-jpdc2024/data/application-scaling/ampere02-35760925/gradient-compression-middle.csv,5.425347222222222e-05,1,0.498305,0.498305,0.498305,1.2436339189853602,False,False
gradient-compression,e77ffd0b75f255761df3bc4c0830771bb75243da7d366a0e80be0186efb789d4,2359296,1,128,0.0,0,bits-sq,128,512,7,download,/home/jirka/research/2024/bits-knn-jpdc2024/data/application-scaling/ampere02-35760925/gradient-compression-middle.csv,5.425347222222222e-05,30,0.008097,0.00803475,0.00822725,0.9982092132888724,False,False
gradient-compression,e77ffd0b75f255761df3bc4c0830771bb75243da7d366a0e80be0186efb789d4,2359296,1,128,0.0,0,bits-sq,128,512,7,operator,/home/jirka/research/2024/bits-knn-jpdc2024/data/application-scaling/ampere02-35760925/gradient-compression-middle.csv,5.425347222222222e-05,30,0.1225405,0.12182224999999999,0.12314950000000001,0.5054532991133545,False,False
gradient-compression,e77ffd0b75f255761df3bc4c0830771bb75243da7d366a0e80be0186efb789d4,2359296,1,128,0.0,0,bits-sq,128,512,7,output_isolated,/home/jirka/research/2024/bits-knn-jpdc2024/data/application-scaling/ampere02-35760925/gradient-compression-middle.csv,5.425347222222222e-05,30,0.0077865,0.007732,0.007914500000000001,1.0026327618313748,False,False
gradient-compression,e77ffd0b75f255761df3bc4c0830771bb75243da7d366a0e80be0186efb789d4,2359296,1,128,0.0,0,bits-sq,128,512,7,selection_isolated,/home/jirka/research/2024/bits-knn-jpdc2024/data/application-scaling/ampere02-35760925/gradient-compression-middle.csv,5.425347222222222e-05,30,0.106286,0.102162,0.10650175,0.4287394388724761,False,False
gradient-compression,e77ffd0b75f255761df3bc4c0830771bb75243da7d366a0e80be0186efb789d4,2359296,1,128,0.0,0,bits-sq,128,512,7,transform_isolated,/home/jirka/research/2024/bits-knn-jpdc2024/data/application-scaling/ampere02-35760925/gradient-compression-middle.csv,5.425347222222222e-05,30,0.014627,0.0145545,0.01467275,1.0055035208860328,False,False
gradient-compression,e77ffd0b75f255761df3bc4c0830771bb75243da7d366a0e80be0186efb789d4,2359296,1,128,0.0,0,bits-sq,128,512,7,upload_shared,/home/jirka/research/2024/bits-knn-jpdc2024/data/application-scaling/ampere02-35760925/gradient-compression-middle.csv,5.425347222222222e-05,1,0.473017,0.473017,0.473017,1.3101199322645907,False,False
gradient-compression,e77ffd0b75f255761df3bc4c0830771bb75243da7d366a0e80be0186efb789d4,2359296,1,128,0.0,0,bits-sq,128,512,8,download,/home/jirka/research/2024/bits-knn-jpdc2024/data/application-scaling/ampere02-35760925/gradient-compression-middle.csv,5.425347222222222e-05,30,0.0080325,0.0079845,0.00809275,1.006224712107065,False,False
gradient-compression,e77ffd0b75f255761df3bc4c0830771bb75243da7d366a0e80be0186efb789d4,2359296,1,128,0.0,0,bits-sq,128,512,8,operator,/home/jirka/research/2024/bits-knn-jpdc2024/data/application-scaling/ampere02-35760925/gradient-compression-middle.csv,5.425347222222222e-05,30,0.119316,0.11874499999999999,0.1196385,0.5191131114016562,False,False
gradient-compression,e77ffd0b75f255761df3bc4c0830771bb75243da7d366a0e80be0186efb789d4,2359296,1,128,0.0,0,bits-sq,128,512,8,output_isolated,/home/jirka/research/2024/bits-knn-jpdc2024/data/application-scaling/ampere02-35760925/gradient-compression-middle.csv,5.425347222222222e-05,30,0.0077465,0.007692,0.007934499999999999,1.007809978700058,False,False
gradient-compression,e77ffd0b75f255761df3bc4c0830771bb75243da7d366a0e80be0186efb789d4,2359296,1,128,0.0,0,bits-sq,128,512,8,selection_isolated,/home/jirka/research/2024/bits-knn-jpdc2024/data/application-scaling/ampere02-35760925/gradient-compression-middle.csv,5.425347222222222e-05,30,0.102686,0.1024175,0.10314675,0.44377032896402624,False,False
gradient-compression,e77ffd0b75f255761df3bc4c0830771bb75243da7d366a0e80be0186efb789d4,2359296,1,128,0.0,0,bits-sq,128,512,8,transform_isolated,/home/jirka/research/2024/bits-knn-jpdc2024/data/application-scaling/ampere02-35760925/gradient-compression-middle.csv,5.425347222222222e-05,30,0.0147425,0.014627750000000002,0.014850249999999999,0.9976259114804138,False,False
gradient-compression,e77ffd0b75f255761df3bc4c0830771bb75243da7d366a0e80be0186efb789d4,2359296,1,128,0.0,0,bits-sq,128,512,8,upload_shared,/home/jirka/research/2024/bits-knn-jpdc2024/data/application-scaling/ampere02-35760925/gradient-compression-middle.csv,5.425347222222222e-05,1,0.48987200000000003,0.48987200000000003,0.48987200000000003,1.2650427050331514,False,False
gradient-compression,e77ffd0b75f255761df3bc4c0830771bb75243da7d366a0e80be0186efb789d4,2359296,1,128,0.0,0,bits-sq,128,512,13,download,/home/jirka/research/2024/bits-knn-jpdc2024/data/application-scaling/ampere02-35760925/gradient-compression-middle.csv,5.425347222222222e-05,30,0.008042500000000001,0.007954499999999998,0.008112,1.0049735778675783,False,False
gradient-compression,e77ffd0b75f255761df3bc4c0830771bb75243da7d366a0e80be0186efb789d4,2359296,1,128,0.0,0,bits-sq,128,512,13,operator,/home/jirka/research/2024/bits-knn-jpdc2024/data/application-scaling/ampere02-35760925/gradient-compression-middle.csv,5.425347222222222e-05,30,0.1447445,0.14453400000000002,0.1449025,0.4279160866215988,False,False
gradient-compression,e77ffd0b75f255761df3bc4c0830771bb75243da7d366a0e80be0186efb789d4,2359296,1,128,0.0,0,bits-sq,128,512,13,output_isolated,/home/jirka/research/2024/bits-knn-jpdc2024/data/application-scaling/ampere02-35760925/gradient-compression-middle.csv,5.425347222222222e-05,30,0.0076965,0.007634500000000001,0.007877,1.01435717533944,False,False
gradient-compression,e77ffd0b75f255761df3bc4c0830771bb75243da7d366a0e80be0186efb789d4,2359296,1,128,0.0,0,bits-sq,128,512,13,selection_isolated,/home/jirka/research/2024/bits-knn-jpdc2024/data/application-scaling/ampere02-35760925/gradient-compression-middle.csv,5.425347222222222e-05,30,0.128585,0.128455,0.128845,0.3543881479177198,False,False
gradient-compression,e77ffd0b75f255761df3bc4c0830771bb75243da7d366a0e80be0186efb789d4,2359296,1,128,0.0,0,bits-sq,128,512,13,transform_isolated,/home/jirka/research/2024/bits-knn-jpdc2024/data/application-scaling/ampere02-35760925/gradient-compression-middle.csv,5.425347222222222e-05,30,0.014657,0.0145545,0.014743,1.003445452684724,False,False
gradient-compression,e77ffd0b75f255761df3bc4c0830771bb75243da7d366a0e80be0186efb789d4,2359296,1,128,0.0,0,bits-sq,128,512,13,upload_shared,/home/jirka/research/2024/bits-knn-jpdc2024/data/application-scaling/ampere02-35760925/gradient-compression-middle.csv,5.425347222222222e-05,1,0.473176,0.473176,0.473176,1.3096796963497725,False,False
gradient-compression,e77ffd0b75f255761df3bc4c0830771bb75243da7d366a0e80be0186efb789d4,2359296,1,128,0.0,0,bits-sq,128,512,16,download,/home/jirka/research/2024/bits-knn-jpdc2024/data/application-scaling/ampere02-35760925/gradient-compression-middle.csv,5.425347222222222e-05,30,0.008002,0.007902,0.008165249999999999,1.0100599850037488,False,False
gradient-compression,e77ffd0b75f255761df3bc4c0830771bb75243da7d366a0e80be0186efb789d4,2359296,1,128,0.0,0,bits-sq,128,512,16,operator,/home/jirka/research/2024/bits-knn-jpdc2024/data/application-scaling/ampere02-35760925/gradient-compression-middle.csv,5.425347222222222e-05,30,0.164464,0.16402825000000001,0.164945,0.3766082546940364,False,False
gradient-compression,e77ffd0b75f255761df3bc4c0830771bb75243da7d366a0e80be0186efb789d4,2359296,1,128,0.0,0,bits-sq,128,512,16,output_isolated,/home/jirka/research/2024/bits-knn-jpdc2024/data/application-scaling/ampere02-35760925/gradient-compression-middle.csv,5.425347222222222e-05,30,0.0077865,0.007629250000000001,0.007937,1.0026327618313748,False,False
gradient-compression,e77ffd0b75f255761df3bc4c0830771bb75243da7d366a0e80be0186efb789d4,2359296,1,128,0.0,0,bits-sq,128,512,16,selection_isolated,/home/jirka/research/2024/bits-knn-jpdc2024/data/application-scaling/ampere02-35760925/gradient-compression-middle.csv,5.425347222222222e-05,30,0.1480395,0.14792675,0.1481675,0.3078164949219634,False,False
gradient-compression,e77ffd0b75f255761df3bc4c0830771bb75243da7d366a0e80be0186efb789d4,2359296,1,128,0.0,0,bits-sq,128,512,16,transform_isolated,/home/jirka/research/2024/bits-knn-jpdc2024/data/application-scaling/ampere02-35760925/gradient-compression-middle.csv,5.425347222222222e-05,30,0.014642,0.014542000000000001,0.014707,1.004473432591176,False,False
gradient-compression,e77ffd0b75f255761df3bc4c0830771bb75243da7d366a0e80be0186efb789d4,2359296,1,128,0.0,0,bits-sq,128,512,16,upload_shared,/home/jirka/research/2024/bits-knn-jpdc2024/data/application-scaling/ampere02-35760925/gradient-compression-middle.csv,5.425347222222222e-05,1,0.493007,0.493007,0.493007,1.2569983793333563,False,False
gradient-compression,e77ffd0b75f255761df3bc4c0830771bb75243da7d366a0e80be0186efb789d4,2359296,1,128,0.0,0,bits-sq,512,128,4,download,/home/jirka/research/2024/bits-knn-jpdc2024/data/application-scaling/ampere02-35760925/gradient-compression-middle.csv,5.425347222222222e-05,30,0.007997,0.007917,0.00824275,1.0106915093159934,False,False
gradient-compression,e77ffd0b75f255761df3bc4c0830771bb75243da7d366a0e80be0186efb789d4,2359296,1,128,0.0,0,bits-sq,512,128,4,operator,/home/jirka/research/2024/bits-knn-jpdc2024/data/application-scaling/ampere02-35760925/gradient-compression-middle.csv,5.425347222222222e-05,30,0.25405999999999995,0.2537015,0.25435,0.24379477288829418,False,False
gradient-compression,e77ffd0b75f255761df3bc4c0830771bb75243da7d366a0e80be0186efb789d4,2359296,1,128,0.0,0,bits-sq,512,128,4,output_isolated,/home/jirka/research/2024/bits-knn-jpdc2024/data/application-scaling/ampere02-35760925/gradient-compression-middle.csv,5.425347222222222e-05,30,0.0078715,0.0077209999999999996,0.008030500000000001,0.9918058819792923,False,False
gradient-compression,e77ffd0b75f255761df3bc4c0830771bb75243da7d366a0e80be0186efb789d4,2359296,1,128,0.0,0,bits-sq,512,128,4,selection_isolated,/home/jirka/research/2024/bits-knn-jpdc2024/data/application-scaling/ampere02-35760925/gradient-compression-middle.csv,5.425347222222222e-05,30,0.237455,0.23727925,0.23764999999999997,0.19190583478974962,False,False
gradient-compression,e77ffd0b75f255761df3bc4c0830771bb75243da7d366a0e80be0186efb789d4,2359296,1,128,0.0,0,bits-sq,512,128,4,transform_isolated,/home/jirka/research/2024/bits-knn-jpdc2024/data/application-scaling/ampere02-35760925/gradient-compression-middle.csv,5.425347222222222e-05,30,0.014587,0.014509749999999998,0.014662,1.008260780146706,False,False
gradient-compression,e77ffd0b75f255761df3bc4c0830771bb75243da7d366a0e80be0186efb789d4,2359296,1,128,0.0,0,bits-sq,512,128,4,upload_shared,/home/jirka/research/2024/bits-knn-jpdc2024/data/application-scaling/ampere02-35760925/gradient-compression-middle.csv,5.425347222222222e-05,1,0.48189,0.48189,0.48189,1.2859968042499326,False,False
gradient-compression,e77ffd0b75f255761df3bc4c0830771bb75243da7d366a0e80be0186efb789d4,2359296,1,128,0.0,0,bits-sq,512,128,7,download,/home/jirka/research/2024/bits-knn-jpdc2024/data/application-scaling/ampere02-35760925/gradient-compression-middle.csv,5.425347222222222e-05,30,0.008052,0.00786875,0.008758,1.0037878787878787,False,False
gradient-compression,e77ffd0b75f255761df3bc4c0830771bb75243da7d366a0e80be0186efb789d4,2359296,1,128,0.0,0,bits-sq,512,128,7,operator,/home/jirka/research/2024/bits-knn-jpdc2024/data/application-scaling/ampere02-35760925/gradient-compression-middle.csv,5.425347222222222e-05,30,0.248912,0.24829875,0.2495055,0.24883693835572415,False,False
gradient-compression,e77ffd0b75f255761df3bc4c0830771bb75243da7d366a0e80be0186efb789d4,2359296,1,128,0.0,0,bits-sq,512,128,7,output_isolated,/home/jirka/research/2024/bits-knn-jpdc2024/data/application-scaling/ampere02-35760925/gradient-compression-middle.csv,5.425347222222222e-05,30,0.007862000000000001,0.0076845,0.0079695,0.9930043245993384,False,False
gradient-compression,e77ffd0b75f255761df3bc4c0830771bb75243da7d366a0e80be0186efb789d4,2359296,1,128,0.0,0,bits-sq,512,128,7,selection_isolated,/home/jirka/research/2024/bits-knn-jpdc2024/data/application-scaling/ampere02-35760925/gradient-compression-middle.csv,5.425347222222222e-05,30,0.232317,0.23216625,0.23261700000000002,0.19615008802627443,False,False
gradient-compression,e77ffd0b75f255761df3bc4c0830771bb75243da7d366a0e80be0186efb789d4,2359296,1,128,0.0,0,bits-sq,512,128,7,transform_isolated,/home/jirka/research/2024/bits-knn-jpdc2024/data/application-scaling/ampere02-35760925/gradient-compression-middle.csv,5.425347222222222e-05,30,0.014617,0.014502,0.014732750000000001,1.006191420948211,False,False
gradient-compression,e77ffd0b75f255761df3bc4c0830771bb75243da7d366a0e80be0186efb789d4,2359296,1,128,0.0,0,bits-sq,512,128,7,upload_shared,/home/jirka/research/2024/bits-knn-jpdc2024/data/application-scaling/ampere02-35760925/gradient-compression-middle.csv,5.425347222222222e-05,1,0.492417,0.492417,0.492417,1.2585044789274131,False,False
gradient-compression,e77ffd0b75f255761df3bc4c0830771bb75243da7d366a0e80be0186efb789d4,2359296,1,128,0.0,0,bits-sq,512,128,8,download,/home/jirka/research/2024/bits-knn-jpdc2024/data/application-scaling/ampere02-35760925/gradient-compression-middle.csv,5.425347222222222e-05,30,0.008077,0.007934499999999999,0.00830225,1.0006809458957533,False,False
gradient-compression,e77ffd0b75f255761df3bc4c0830771bb75243da7d366a0e80be0186efb789d4,2359296,1,128,0.0,0,bits-sq,512,128,8,operator,/home/jirka/research/2024/bits-knn-jpdc2024/data/application-scaling/ampere02-35760925/gradient-compression-middle.csv,5.425347222222222e-05,30,0.256218,0.25591525000000004,0.256759,0.2417414077074991,False,False
gradient-compression,e77ffd0b75f255761df3bc4c0830771bb75243da7d366a0e80be0186efb789d4,2359296,1,128,0.0,0,bits-sq,512,128,8,output_isolated,/home/jirka/research/2024/bits-knn-jpdc2024/data/application-scaling/ampere02-35760925/gradient-compression-middle.csv,5.425347222222222e-05,30,0.007947,0.00776375,0.008245249999999999,0.9823832892915566,False,False
gradient-compression,e77ffd0b75f255761df3bc4c0830771bb75243da7d366a0e80be0186efb789d4,2359296,1,128,0.0,0,bits-sq,512,128,8,selection_isolated,/home/jirka/research/2024/bits-knn-jpdc2024/data/application-scaling/ampere02-35760925/gradient-compression-middle.csv,5.425347222222222e-05,30,0.239944,0.239728,0.2402635,0.18991514686760244,False,False
gradient-compression,e77ffd0b75f255761df3bc4c0830771bb75243da7d366a0e80be0186efb789d4,2359296,1,128,0.0,0,bits-sq,512,128,8,transform_isolated,/home/jirka/research/2024/bits-knn-jpdc2024/data/application-scaling/ampere02-35760925/gradient-compression-middle.csv,5.425347222222222e-05,30,0.014742499999999999,0.0146545,0.014856999999999999,0.9976259114804139,False,False
gradient-compression,e77ffd0b75f255761df3bc4c0830771bb75243da7d366a0e80be0186efb789d4,2359296,1,128,0.0,0,bits-sq,512,128,8,upload_shared,/home/jirka/research/2024/bits-knn-jpdc2024/data/application-scaling/ampere02-35760925/gradient-compression-middle.csv,5.425347222222222e-05,1,0.48859,0.48859,0.48859,1.2683620213266746,False,False
gradient-compression,e77ffd0b75f255761df3bc4c0830771bb75243da7d366a0e80be0186efb789d4,2359296,1,128,0.0,0,bits-sq,512,128,13,download,/home/jirka/research/2024/bits-knn-jpdc2024/data/application-scaling/ampere02-35760925/gradient-compression-middle.csv,5.425347222222222e-05,30,0.0081175,0.007994750000000002,0.0084455,0.9956883276870957,False,False
gradient-compression,e77ffd0b75f255761df3bc4c0830771bb75243da7d366a0e80be0186efb789d4,2359296,1,128,0.0,0,bits-sq,512,128,13,operator,/home/jirka/research/2024/bits-knn-jpdc2024/data/application-scaling/ampere02-35760925/gradient-compression-middle.csv,5.425347222222222e-05,30,0.27852200000000005,0.27808350000000004,0.2787195,0.22238279202361033,False,False
gradient-compression,e77ffd0b75f255761df3bc4c0830771bb75243da7d366a0e80be0186efb789d4,2359296,1,128,0.0,0,bits-sq,512,128,13,output_isolated,/home/jirka/research/2024/bits-knn-jpdc2024/data/application-scaling/ampere02-35760925/gradient-compression-middle.csv,5.425347222222222e-05,30,0.007947,0.0077295,0.0080895,0.9823832892915566,False,False
gradient-compression,e77ffd0b75f255761df3bc4c0830771bb75243da7d366a0e80be0186efb789d4,2359296,1,128,0.0,0,bits-sq,512,128,13,selection_isolated,/home/jirka/research/2024/bits-knn-jpdc2024/data/application-scaling/ampere02-35760925/gradient-compression-middle.csv,5.425347222222222e-05,30,0.2619115,0.26168125000000003,0.26218699999999995,0.17398625108099489,False,False
gradient-compression,e77ffd0b75f255761df3bc4c0830771bb75243da7d366a0e80be0186efb789d4,2359296,1,128,0.0,0,bits-sq,512,128,13,transform_isolated,/home/jirka/research/2024/bits-knn-jpdc2024/data/application-scaling/ampere02-35760925/gradient-compression-middle.csv,5.425347222222222e-05,30,0.014662,0.014587,0.0147595,1.0031032601282226,False,False
gradient-compression,e77ffd0b75f255761df3bc4c0830771bb75243da7d366a0e80be0186efb789d4,2359296,1,128,0.0,0,bits-sq,512,128,13,upload_shared,/home/jirka/research/2024/bits-knn-jpdc2024/data/application-scaling/ampere02-35760925/gradient-compression-middle.csv,5.425347222222222e-05,1,0.491124,0.491124,0.491124,1.2618177893973823,False,False
gradient-compression,e77ffd0b75f255761df3bc4c0830771bb75243da7d366a0e80be0186efb789d4,2359296,1,128,0.0,0,bits-sq,512,128,16,download,/home/jirka/research/2024/bits-knn-jpdc2024/data/application-scaling/ampere02-35760925/gradient-compression-middle.csv,5.425347222222222e-05,30,0.008102,0.007997,0.008470499999999999,0.9975931868674401,False,False
gradient-compression,e77ffd0b75f255761df3bc4c0830771bb75243da7d366a0e80be0186efb789d4,2359296,1,128,0.0,0,bits-sq,512,128,16,operator,/home/jirka/research/2024/bits-knn-jpdc2024/data/application-scaling/ampere02-35760925/gradient-compression-middle.csv,5.425347222222222e-05,30,0.2875455,0.2872625,0.28784350000000003,0.21540417081818358,False,False
gradient-compression,e77ffd0b75f255761df3bc4c0830771bb75243da7d366a0e80be0186efb789d4,2359296,1,128,0.0,0,bits-sq,512,128,16,output_isolated,/home/jirka/research/2024/bits-knn-jpdc2024/data/application-scaling/ampere02-35760925/gradient-compression-middle.csv,5.425347222222222e-05,30,0.007897,0.0077595,0.008137,0.9886032670634418,False,False
gradient-compression,e77ffd0b75f255761df3bc4c0830771bb75243da7d366a0e80be0186efb789d4,2359296,1,128,0.0,0,bits-sq,512,128,16,selection_isolated,/home/jirka/research/2024/bits-knn-jpdc2024/data/application-scaling/ampere02-35760925/gradient-compression-middle.csv,5.425347222222222e-05,30,0.271116,0.27086825000000003,0.2712985,0.1680793461101521,False,False
gradient-compression,e77ffd0b75f255761df3bc4c0830771bb75243da7d366a0e80be0186efb789d4,2359296,1,128,0.0,0,bits-sq,512,128,16,transform_isolated,/home/jirka/research/2024/bits-knn-jpdc2024/data/application-scaling/ampere02-35760925/gradient-compression-middle.csv,5.425347222222222e-05,30,0.0146425,0.014517,0.0148105,1.0044391326617723,False,False
gradient-compression,e77ffd0b75f255761df3bc4c0830771bb75243da7d366a0e80be0186efb789d4,2359296,1,128,0.0,0,bits-sq,512,128,16,upload_shared,/home/jirka/research/2024/bits-knn-jpdc2024/data/application-scaling/ampere02-35760925/gradient-compression-middle.csv,5.425347222222222e-05,1,0.471684,0.471684,0.471684,1.3138223895658958,False,False
gradient-compression,e77ffd0b75f255761df3bc4c0830771bb75243da7d366a0e80be0186efb789d4,2359296,1,128,0.0,0,bits-sq,512,256,4,download,/home/jirka/research/2024/bits-knn-jpdc2024/data/application-scaling/ampere02-35760925/gradient-compression-middle.csv,5.425347222222222e-05,30,0.008081999999999999,0.007956999999999999,0.008182,1.0000618658747835,False,False
gradient-compression,e77ffd0b75f255761df3bc4c0830771bb75243da7d366a0e80be0186efb789d4,2359296,1,128,0.0,0,bits-sq,512,256,4,operator,/home/jirka/research/2024/bits-knn-jpdc2024/data/application-scaling/ampere02-35760925/gradient-compression-middle.csv,5.425347222222222e-05,30,0.19066899999999998,0.19002075000000002,0.19153075000000003,0.324848297311047,False,False
gradient-compression,e77ffd0b75f255761df3bc4c0830771bb75243da7d366a0e80be0186efb789d4,2359296,1,128,0.0,0,bits-sq,512,256,4,output_isolated,/home/jirka/research/2024/bits-knn-jpdc2024/data/application-scaling/ampere02-35760925/gradient-compression-middle.csv,5.425347222222222e-05,30,0.007932,0.0078295,0.0080695,0.9842410489157841,False,False
gradient-compression,e77ffd0b75f255761df3bc4c0830771bb75243da7d366a0e80be0186efb789d4,2359296,1,128,0.0,0,bits-sq,512,256,4,selection_isolated,/home/jirka/research/2024/bits-knn-jpdc2024/data/application-scaling/ampere02-35760925/gradient-compression-middle.csv,5.425347222222222e-05,30,0.1743895,0.17350549999999998,0.1750475,0.26130586990615834,False,False
gradient-compression,e77ffd0b75f255761df3bc4c0830771bb75243da7d366a0e80be0186efb789d4,2359296,1,128,0.0,0,bits-sq,512,256,4,transform_isolated,/home/jirka/research/2024/bits-knn-jpdc2024/data/application-scaling/ampere02-35760925/gradient-compression-middle.csv,5.425347222222222e-05,30,0.014772500000000001,0.014724750000000002,0.014913,0.9955999323066508,False,False
gradient-compression,e77ffd0b75f255761df3bc4c0830771bb75243da7d366a0e80be0186efb789d4,2359296,1,128,0.0,0,bits-sq,512,256,4,upload_shared,/home/jirka/research/2024/bits-knn-jpdc2024/data/application-scaling/ampere02-35760925/gradient-compression-middle.csv,5.425347222222222e-05,1,0.485736,0.485736,0.485736,1.2758144341782367,False,False
gradient-compression,e77ffd0b75f255761df3bc4c0830771bb75243da7d366a0e80be0186efb789d4,2359296,1,128,0.0,0,bits-sq,512,256,7,download,/home/jirka/research/2024/bits-knn-jpdc2024/data/application-scaling/ampere02-35760925/gradient-compression-middle.csv,5.425347222222222e-05,30,0.008027,0.007954499999999998,0.00830275,1.0069141646941573,False,False
gradient-compression,e77ffd0b75f255761df3bc4c0830771bb75243da7d366a0e80be0186efb789d4,2359296,1,128,0.0,0,bits-sq,512,256,7,operator,/home/jirka/research/2024/bits-knn-jpdc2024/data/application-scaling/ampere02-35760925/gradient-compression-middle.csv,5.425347222222222e-05,30,0.18967299999999998,0.18907625,0.190163,0.32655412209434137,False,False
gradient-compression,e77ffd0b75f255761df3bc4c0830771bb75243da7d366a0e80be0186efb789d4,2359296,1,128,0.0,0,bits-sq,512,256,7,output_isolated,/home/jirka/research/2024/bits-knn-jpdc2024/data/application-scaling/ampere02-35760925/gradient-compression-middle.csv,5.425347222222222e-05,30,0.0078315,0.0077044999999999995,0.008002,0.996871608248739,False,False
gradient-compression,e77ffd0b75f255761df3bc4c0830771bb75243da7d366a0e80be0186efb789d4,2359296,1,128,0.0,0,bits-sq,512,256,7,selection_isolated,/home/jirka/research/2024/bits-knn-jpdc2024/data/application-scaling/ampere02-35760925/gradient-compression-middle.csv,5.425347222222222e-05,30,0.173307,0.17275700000000002,0.17393825,0.2629380232766132,False,False
gradient-compression,e77ffd0b75f255761df3bc4c0830771bb75243da7d366a0e80be0186efb789d4,2359296,1,128,0.0,0,bits-sq,512,256,7,transform_isolated,/home/jirka/research/2024/bits-knn-jpdc2024/data/application-scaling/ampere02-35760925/gradient-compression-middle.csv,5.425347222222222e-05,30,0.014672,0.014544500000000002,0.014747749999999999,1.002419574700109,False,False
gradient-compression,e77ffd0b75f255761df3bc4c0830771bb75243da7d366a0e80be0186efb789d4,2359296,1,128,0.0,0,bits-sq,512,256,7,upload_shared,/home/jirka/research/2024/bits-knn-jpdc2024/data/application-scaling/ampere02-35760925/gradient-compression-middle.csv,5.425347222222222e-05,1,0.49377899999999997,0.49377899999999997,0.49377899999999997,1.2550331221052333,False,False
gradient-compression,e77ffd0b75f255761df3bc4c0830771bb75243da7d366a0e80be0186efb789d4,2359296,1,128,0.0,0,bits-sq,512,256,8,download,/home/jirka/research/2024/bits-knn-jpdc2024/data/application-scaling/ampere02-35760925/gradient-compression-middle.csv,5.425347222222222e-05,30,0.0080725,0.008022249999999998,0.0084855,1.001238773614122,False,False
gradient-compression,e77ffd0b75f255761df3bc4c0830771bb75243da7d366a0e80be0186efb789d4,2359296,1,128,0.0,0,bits-sq,512,256,8,operator,/home/jirka/research/2024/bits-knn-jpdc2024/data/application-scaling/ampere02-35760925/gradient-compression-middle.csv,5.425347222222222e-05,30,0.19624750000000002,0.19415675,0.1977015,0.3156142116460082,False,False
gradient-compression,e77ffd0b75f255761df3bc4c0830771bb75243da7d366a0e80be0186efb789d4,2359296,1,128,0.0,0,bits-sq,512,256,8,output_isolated,/home/jirka/research/2024/bits-knn-jpdc2024/data/application-scaling/ampere02-35760925/gradient-compression-middle.csv,5.425347222222222e-05,30,0.007747,0.007691,0.007914500000000001,1.0077449335226538,False,False
gradient-compression,e77ffd0b75f255761df3bc4c0830771bb75243da7d366a0e80be0186efb789d4,2359296,1,128,0.0,0,bits-sq,512,256,8,selection_isolated,/home/jirka/research/2024/bits-knn-jpdc2024/data/application-scaling/ampere02-35760925/gradient-compression-middle.csv,5.425347222222222e-05,30,0.180684,0.17849775,0.18127175,0.25220274069646453,False,False
gradient-compression,e77ffd0b75f255761df3bc4c0830771bb75243da7d366a0e80be0186efb789d4,2359296,1,128,0.0,0,bits-sq,512,256,8,transform_isolated,/home/jirka/research/2024/bits-knn-jpdc2024/data/application-scaling/ampere02-35760925/gradient-compression-middle.csv,5.425347222222222e-05,30,0.014702,0.0145845,0.014797000000000001,1.0003740987620733,False,False
gradient-compression,e77ffd0b75f255761df3bc4c0830771bb75243da7d366a0e80be0186efb789d4,2359296,1,128,0.0,0,bits-sq,512,256,8,upload_shared,/home/jirka/research/2024/bits-knn-jpdc2024/data/application-scaling/ampere02-35760925/gradient-compression-middle.csv,5.425347222222222e-05,1,0.490463,0.490463,0.490463,1.2635183489886086,False,False
gradient-compression,e77ffd0b75f255761df3bc4c0830771bb75243da7d366a0e80be0186efb789d4,2359296,1,128,0.0,0,bits-sq,512,256,13,download,/home/jirka/research/2024/bits-knn-jpdc2024/data/application-scaling/ampere02-35760925/gradient-compression-middle.csv,5.425347222222222e-05,30,0.007997,0.007934499999999999,0.0081055,1.0106915093159934,False,False
gradient-compression,e77ffd0b75f255761df3bc4c0830771bb75243da7d366a0e80be0186efb789d4,2359296,1,128,0.0,0,bits-sq,512,256,13,operator,/home/jirka/research/2024/bits-knn-jpdc2024/data/application-scaling/ampere02-35760925/gradient-compression-middle.csv,5.425347222222222e-05,30,0.222817,0.22202449999999999,0.2238045,0.27797923856797285,False,False
gradient-compression,e77ffd0b75f255761df3bc4c0830771bb75243da7d366a0e80be0186efb789d4,2359296,1,128,0.0,0,bits-sq,512,256,13,output_isolated,/home/jirka/research/2024/bits-knn-jpdc2024/data/application-scaling/ampere02-35760925/gradient-compression-middle.csv,5.425347222222222e-05,30,0.007867,0.0076995,0.008049500000000001,0.9923732045252318,False,False
gradient-compression,e77ffd0b75f255761df3bc4c0830771bb75243da7d366a0e80be0186efb789d4,2359296,1,128,0.0,0,bits-sq,512,256,13,selection_isolated,/home/jirka/research/2024/bits-knn-jpdc2024/data/application-scaling/ampere02-35760925/gradient-compression-middle.csv,5.425347222222222e-05,30,0.207179,0.20661875000000002,0.20776475,0.2199498983970383,False,False
gradient-compression,e77ffd0b75f255761df3bc4c0830771bb75243da7d366a0e80be0186efb789d4,2359296,1,128,0.0,0,bits-sq,512,256,13,transform_isolated,/home/jirka/research/2024/bits-knn-jpdc2024/data/application-scaling/ampere02-35760925/gradient-compression-middle.csv,5.425347222222222e-05,30,0.014676999999999999,0.0145945,0.014772750000000001,1.002078081351775,False,False
gradient-compression,e77ffd0b75f255761df3bc4c0830771bb75243da7d366a0e80be0186efb789d4,2359296,1,128,0.0,0,bits-sq,512,256,13,upload_shared,/home/jirka/research/2024/bits-knn-jpdc2024/data/application-scaling/ampere02-35760925/gradient-compression-middle.csv,5.425347222222222e-05,1,0.476943,0.476943,0.476943,1.299335560014509,False,False
gradient-compression,e77ffd0b75f255761df3bc4c0830771bb75243da7d366a0e80be0186efb789d4,2359296,1,128,0.0,0,bits-sq,512,256,16,download,/home/jirka/research/2024/bits-knn-jpdc2024/data/application-scaling/ampere02-35760925/gradient-compression-middle.csv,5.425347222222222e-05,30,0.007961999999999999,0.0078745,0.00821775,1.015134388344637,False,False
gradient-compression,e77ffd0b75f255761df3bc4c0830771bb75243da7d366a0e80be0186efb789d4,2359296,1,128,0.0,0,bits-sq,512,256,16,operator,/home/jirka/research/2024/bits-knn-jpdc2024/data/application-scaling/ampere02-35760925/gradient-compression-middle.csv,5.425347222222222e-05,30,0.2460525,0.24508624999999998,0.252222,0.25172879771593465,False,False
gradient-compression,e77ffd0b75f255761df3bc4c0830771bb75243da7d366a0e80be0186efb789d4,2359296,1,128,0.0,0,bits-sq,512,256,16,output_isolated,/home/jirka/research/2024/bits-knn-jpdc2024/data/application-scaling/ampere02-35760925/gradient-compression-middle.csv,5.425347222222222e-05,30,0.007842,0.00771175,0.008072000000000001,0.9955368528436623,False,False
gradient-compression,e77ffd0b75f255761df3bc4c0830771bb75243da7d366a0e80be0186efb789d4,2359296,1,128,0.0,0,bits-sq,512,256,16,selection_isolated,/home/jirka/research/2024/bits-knn-jpdc2024/data/application-scaling/ampere02-35760925/gradient-compression-middle.csv,5.425347222222222e-05,30,0.229798,0.22907950000000002,0.23155325000000002,0.19830024630327503,False,False
gradient-compression,e77ffd0b75f255761df3bc4c0830771bb75243da7d366a0e80be0186efb789d4,2359296,1,128,0.0,0,bits-sq,512,256,16,transform_isolated,/home/jirka/research/2024/bits-knn-jpdc2024/data/application-scaling/ampere02-35760925/gradient-compression-middle.csv,5.425347222222222e-05,30,0.014822499999999999,0.014752999999999999,0.01490525,0.9922415247090572,False,False
gradient-compression,e77ffd0b75f255761df3bc4c0830771bb75243da7d366a0e80be0186efb789d4,2359296,1,128,0.0,0,bits-sq,512,256,16,upload_shared,/home/jirka/research/2024/bits-knn-jpdc2024/data/application-scaling/ampere02-35760925/gradient-compression-middle.csv,5.425347222222222e-05,1,0.47403799999999996,0.47403799999999996,0.47403799999999996,1.3072981490935327,False,False
gradient-compression,e77ffd0b75f255761df3bc4c0830771bb75243da7d366a0e80be0186efb789d4,2359296,1,128,0.0,0,bits-sq,512,512,4,download,/home/jirka/research/2024/bits-knn-jpdc2024/data/application-scaling/ampere02-35760925/gradient-compression-middle.csv,5.425347222222222e-05,30,0.007992,0.007902,0.00810525,1.0113238238238236,False,False
gradient-compression,e77ffd0b75f255761df3bc4c0830771bb75243da7d366a0e80be0186efb789d4,2359296,1,128,0.0,0,bits-sq,512,512,4,operator,/home/jirka/research/2024/bits-knn-jpdc2024/data/application-scaling/ampere02-35760925/gradient-compression-middle.csv,5.425347222222222e-05,30,0.164695,0.1629895,0.16567099999999998,0.3760800267160509,False,False
gradient-compression,e77ffd0b75f255761df3bc4c0830771bb75243da7d366a0e80be0186efb789d4,2359296,1,128,0.0,0,bits-sq,512,512,4,output_isolated,/home/jirka/research/2024/bits-knn-jpdc2024/data/application-scaling/ampere02-35760925/gradient-compression-middle.csv,5.425347222222222e-05,30,0.007842,0.007754499999999999,0.008032000000000001,0.9955368528436623,False,False
gradient-compression,e77ffd0b75f255761df3bc4c0830771bb75243da7d366a0e80be0186efb789d4,2359296,1,128,0.0,0,bits-sq,512,512,4,selection_isolated,/home/jirka/research/2024/bits-knn-jpdc2024/data/application-scaling/ampere02-35760925/gradient-compression-middle.csv,5.425347222222222e-05,30,0.1483295,0.1475865,0.1491935,0.3072146808288304,False,False
gradient-compression,e77ffd0b75f255761df3bc4c0830771bb75243da7d366a0e80be0186efb789d4,2359296,1,128,0.0,0,bits-sq,512,512,4,transform_isolated,/home/jirka/research/2024/bits-knn-jpdc2024/data/application-scaling/ampere02-35760925/gradient-compression-middle.csv,5.425347222222222e-05,30,0.014597,0.014504499999999998,0.01468275,1.0075700486401316,False,False
gradient-compression,e77ffd0b75f255761df3bc4c0830771bb75243da7d366a0e80be0186efb789d4,2359296,1,128,0.0,0,bits-sq,512,512,4,upload_shared,/home/jirka/research/2024/bits-knn-jpdc2024/data/application-scaling/ampere02-35760925/gradient-compression-middle.csv,5.425347222222222e-05,1,0.47803500000000004,0.47803500000000004,0.47803500000000004,1.2963674207955482,False,False
gradient-compression,e77ffd0b75f255761df3bc4c0830771bb75243da7d366a0e80be0186efb789d4,2359296,1,128,0.0,0,bits-sq,512,512,7,download,/home/jirka/research/2024/bits-knn-jpdc2024/data/application-scaling/ampere02-35760925/gradient-compression-middle.csv,5.425347222222222e-05,30,0.008102,0.0079795,0.008535499999999998,0.9975931868674401,False,False
gradient-compression,e77ffd0b75f255761df3bc4c0830771bb75243da7d366a0e80be0186efb789d4,2359296,1,128,0.0,0,bits-sq,512,512,7,operator,/home/jirka/research/2024/bits-knn-jpdc2024/data/application-scaling/ampere02-35760925/gradient-compression-middle.csv,5.425347222222222e-05,30,0.200028,0.1997855,0.20048074999999999,0.30964914911912333,False,False
gradient-compression,e77ffd0b75f255761df3bc4c0830771bb75243da7d366a0e80be0186efb789d4,2359296,1,128,0.0,0,bits-sq,512,512,7,output_isolated,/home/jirka/research/2024/bits-knn-jpdc2024/data/application-scaling/ampere02-35760925/gradient-compression-middle.csv,5.425347222222222e-05,30,0.007822,0.007697,0.008017,0.9980823318844284,False,False
gradient-compression,e77ffd0b75f255761df3bc4c0830771bb75243da7d366a0e80be0186efb789d4,2359296,1,128,0.0,0,bits-sq,512,512,7,selection_isolated,/home/jirka/research/2024/bits-knn-jpdc2024/data/application-scaling/ampere02-35760925/gradient-compression-middle.csv,5.425347222222222e-05,30,0.183588,0.1834355,0.183758,0.24821339085343266,False,False
gradient-compression,e77ffd0b75f255761df3bc4c0830771bb75243da7d366a0e80be0186efb789d4,2359296,1,128,0.0,0,bits-sq,512,512,7,transform_isolated,/home/jirka/research/2024/bits-knn-jpdc2024/data/application-scaling/ampere02-35760925/gradient-compression-middle.csv,5.425347222222222e-05,30,0.014663,0.014587,0.01474025,1.0030348496214962,False,False
gradient-compression,e77ffd0b75f255761df3bc4c0830771bb75243da7d366a0e80be0186efb789d4,2359296,1,128,0.0,0,bits-sq,512,512,7,upload_shared,/home/jirka/research/2024/bits-knn-jpdc2024/data/application-scaling/ampere02-35760925/gradient-compression-middle.csv,5.425347222222222e-05,1,0.47590099999999996,0.47590099999999996,0.47590099999999996,1.3021804955232286,False,False
gradient-compression,e77ffd0b75f255761df3bc4c0830771bb75243da7d366a0e80be0186efb789d4,2359296,1,128,0.0,0,bits-sq,512,512,8,download,/home/jirka/research/2024/bits-knn-jpdc2024/data/application-scaling/ampere02-35760925/gradient-compression-middle.csv,5.425347222222222e-05,30,0.008022000000000001,0.0079145,0.008332,1.0075417601595609,False,False
gradient-compression,e77ffd0b75f255761df3bc4c0830771bb75243da7d366a0e80be0186efb789d4,2359296,1,128,0.0,0,bits-sq,512,512,8,operator,/home/jirka/research/2024/bits-knn-jpdc2024/data/application-scaling/ampere02-35760925/gradient-compression-middle.csv,5.425347222222222e-05,30,0.176583,0.17559850000000002,0.17799974999999998,0.3507613983226019,False,False
gradient-compression,e77ffd0b75f255761df3bc4c0830771bb75243da7d366a0e80be0186efb789d4,2359296,1,128,0.0,0,bits-sq,512,512,8,output_isolated,/home/jirka/research/2024/bits-knn-jpdc2024/data/application-scaling/ampere02-35760925/gradient-compression-middle.csv,5.425347222222222e-05,30,0.007837,0.007713749999999999,0.0079995,0.9961720045935945,False,False
gradient-compression,e77ffd0b75f255761df3bc4c0830771bb75243da7d366a0e80be0186efb789d4,2359296,1,128,0.0,0,bits-sq,512,512,8,selection_isolated,/home/jirka/research/2024/bits-knn-jpdc2024/data/application-scaling/ampere02-35760925/gradient-compression-middle.csv,5.425347222222222e-05,30,0.15988750000000002,0.15860524999999998,0.16069875,0.28500664529747477,False,False
gradient-compression,e77ffd0b75f255761df3bc4c0830771bb75243da7d366a0e80be0186efb789d4,2359296,1,128,0.0,0,bits-sq,512,512,8,transform_isolated,/home/jirka/research/2024/bits-knn-jpdc2024/data/application-scaling/ampere02-35760925/gradient-compression-middle.csv,5.425347222222222e-05,30,0.014833,0.0147145,0.01494475,0.9915391357109148,False,False
gradient-compression,e77ffd0b75f255761df3bc4c0830771bb75243da7d366a0e80be0186efb789d4,2359296,1,128,0.0,0,bits-sq,512,512,8,upload_shared,/home/jirka/research/2024/bits-knn-jpdc2024/data/application-scaling/ampere02-35760925/gradient-compression-middle.csv,5.425347222222222e-05,1,0.487839,0.487839,0.487839,1.2703145914943248,False,False
gradient-compression,e77ffd0b75f255761df3bc4c0830771bb75243da7d366a0e80be0186efb789d4,2359296,1,128,0.0,0,bits-sq,512,512,13,download,/home/jirka/research/2024/bits-knn-jpdc2024/data/application-scaling/ampere02-35760925/gradient-compression-middle.csv,5.425347222222222e-05,30,0.007997,0.007932,0.00846475,1.0106915093159934,False,False
gradient-compression,e77ffd0b75f255761df3bc4c0830771bb75243da7d366a0e80be0186efb789d4,2359296,1,128,0.0,0,bits-sq,512,512,13,operator,/home/jirka/research/2024/bits-knn-jpdc2024/data/application-scaling/ampere02-35760925/gradient-compression-middle.csv,5.425347222222222e-05,30,0.20926699999999998,0.208986,0.20974274999999998,0.2959783434559678,False,False
gradient-compression,e77ffd0b75f255761df3bc4c0830771bb75243da7d366a0e80be0186efb789d4,2359296,1,128,0.0,0,bits-sq,512,512,13,output_isolated,/home/jirka/research/2024/bits-knn-jpdc2024/data/application-scaling/ampere02-35760925/gradient-compression-middle.csv,5.425347222222222e-05,30,0.007832,0.0077145,0.008027000000000001,0.9968079673135852,False,False
gradient-compression,e77ffd0b75f255761df3bc4c0830771bb75243da7d366a0e80be0186efb789d4,2359296,1,128,0.0,0,bits-sq,512,512,13,selection_isolated,/home/jirka/research/2024/bits-knn-jpdc2024/data/application-scaling/ampere02-35760925/gradient-compression-middle.csv,5.425347222222222e-05,30,0.192757,0.192632,0.1928295,0.23640645994697984,False,False
gradient-compression,e77ffd0b75f255761df3bc4c0830771bb75243da7d366a0e80be0186efb789d4,2359296,1,128,0.0,0,bits-sq,512,512,13,transform_isolated,/home/jirka/research/2024/bits-knn-jpdc2024/data/application-scaling/ampere02-35760925/gradient-compression-middle.csv,5.425347222222222e-05,30,0.014681999999999999,0.014579749999999999,0.014750249999999998,1.001736820596649,False,False
gradient-compression,e77ffd0b75f255761df3bc4c0830771bb75243da7d366a0e80be0186efb789d4,2359296,1,128,0.0,0,bits-sq,512,512,13,upload_shared,/home/jirka/research/2024/bits-knn-jpdc2024/data/application-scaling/ampere02-35760925/gradient-compression-middle.csv,5.425347222222222e-05,1,0.479547,0.479547,0.479547,1.2922800059222557,False,False
gradient-compression,e77ffd0b75f255761df3bc4c0830771bb75243da7d366a0e80be0186efb789d4,2359296,1,128,0.0,0,bits-sq,512,512,16,download,/home/jirka/research/2024/bits-knn-jpdc2024/data/application-scaling/ampere02-35760925/gradient-compression-middle.csv,5.425347222222222e-05,30,0.007997500000000001,0.0079045,0.008245249999999999,1.0106283213504217,False,False
gradient-compression,e77ffd0b75f255761df3bc4c0830771bb75243da7d366a0e80be0186efb789d4,2359296,1,128,0.0,0,bits-sq,512,512,16,operator,/home/jirka/research/2024/bits-knn-jpdc2024/data/application-scaling/ampere02-35760925/gradient-compression-middle.csv,5.425347222222222e-05,30,0.217705,0.217329,0.21796825,0.2845065570381939,False,False
gradient-compression,e77ffd0b75f255761df3bc4c0830771bb75243da7d366a0e80be0186efb789d4,2359296,1,128,0.0,0,bits-sq,512,512,16,output_isolated,/home/jirka/research/2024/bits-knn-jpdc2024/data/application-scaling/ampere02-35760925/gradient-compression-middle.csv,5.425347222222222e-05,30,0.007917,0.00768125,0.008258000000000001,0.9861058481748136,False,False
gradient-compression,e77ffd0b75f255761df3bc4c0830771bb75243da7d366a0e80be0186efb789d4,2359296,1,128,0.0,0,bits-sq,512,512,16,selection_isolated,/home/jirka/research/2024/bits-knn-jpdc2024/data/application-scaling/ampere02-35760925/gradient-compression-middle.csv,5.425347222222222e-05,30,0.2011045,0.20100975000000001,0.2013625,0.2265936366416465,False,False
gradient-compression,e77ffd0b75f255761df3bc4c0830771bb75243da7d366a0e80be0186efb789d4,2359296,1,128,0.0,0,bits-sq,512,512,16,transform_isolated,/home/jirka/research/2024/bits-knn-jpdc2024/data/application-scaling/ampere02-35760925/gradient-compression-middle.csv,5.425347222222222e-05,30,0.014592,0.0145345,0.014662,1.0079152960526316,False,False
gradient-compression,e77ffd0b75f255761df3bc4c0830771bb75243da7d366a0e80be0186efb789d4,2359296,1,128,0.0,0,bits-sq,512,512,16,upload_shared,/home/jirka/research/2024/bits-knn-jpdc2024/data/application-scaling/ampere02-35760925/gradient-compression-middle.csv,5.425347222222222e-05,1,0.47445899999999996,0.47445899999999996,0.47445899999999996,1.3061381489233,False,False
gradient-compression,e77ffd0b75f255761df3bc4c0830771bb75243da7d366a0e80be0186efb789d4,2359296,1,128,0.0,0,block-select,1,128,3,download,/home/jirka/research/2024/bits-knn-jpdc2024/data/application-scaling/ampere02-35760925/gradient-compression-middle.csv,5.425347222222222e-05,30,0.010636,0.009775,0.0117555,0.7599191425347875,False,False
gradient-compression,e77ffd0b75f255761df3bc4c0830771bb75243da7d366a0e80be0186efb789d4,2359296,1,128,0.0,0,block-select,1,128,3,operator,/home/jirka/research/2024/bits-knn-jpdc2024/data/application-scaling/ampere02-35760925/gradient-compression-middle.csv,5.425347222222222e-05,30,5.2307760000000005,5.21965425,5.245804000000001,0.011841168499664295,False,False
gradient-compression,e77ffd0b75f255761df3bc4c0830771bb75243da7d366a0e80be0186efb789d4,2359296,1,128,0.0,0,block-select,1,128,3,output_isolated,/home/jirka/research/2024/bits-knn-jpdc2024/data/application-scaling/ampere02-35760925/gradient-compression-middle.csv,5.425347222222222e-05,30,0.010485999999999999,0.00969,0.011327499999999999,0.7445164981880603,False,False
gradient-compression,e77ffd0b75f255761df3bc4c0830771bb75243da7d366a0e80be0186efb789d4,2359296,1,128,0.0,0,block-select,1,128,3,selection_isolated,/home/jirka/research/2024/bits-knn-jpdc2024/data/application-scaling/ampere02-35760925/gradient-compression-middle.csv,5.425347222222222e-05,30,5.219389,5.207917999999999,5.22648475,0.008730715415156833,False,False
gradient-compression,e77ffd0b75f255761df3bc4c0830771bb75243da7d366a0e80be0186efb789d4,2359296,1,128,0.0,0,block-select,1,128,3,transform_isolated,/home/jirka/research/2024/bits-knn-jpdc2024/data/application-scaling/ampere02-35760925/gradient-compression-middle.csv,5.425347222222222e-05,30,0.014742000000000002,0.014632000000000001,0.014908000000000001,0.9976597476597475,False,False
gradient-compression,e77ffd0b75f255761df3bc4c0830771bb75243da7d366a0e80be0186efb789d4,2359296,1,128,0.0,0,block-select,1,128,3,upload_shared,/home/jirka/research/2024/bits-knn-jpdc2024/data/application-scaling/ampere02-35760925/gradient-compression-middle.csv,5.425347222222222e-05,1,0.619709,0.619709,0.619709,1.0,False,False
gradient-compression,e77ffd0b75f255761df3bc4c0830771bb75243da7d366a0e80be0186efb789d4,2359296,1,128,0.0,0,grid-select,1,0,0,download,/home/jirka/research/2024/bits-knn-jpdc2024/data/application-scaling/ampere02-35760925/gradient-compression-middle.csv,5.425347222222222e-05,30,0.0080225,0.007932,0.00809275,1.0074789654097849,True,True
gradient-compression,e77ffd0b75f255761df3bc4c0830771bb75243da7d366a0e80be0186efb789d4,2359296,1,128,0.0,0,grid-select,1,0,0,operator,/home/jirka/research/2024/bits-knn-jpdc2024/data/application-scaling/ampere02-35760925/gradient-compression-middle.csv,5.425347222222222e-05,30,0.1245735,0.12320124999999998,0.1251925,0.4972044616230579,True,True
gradient-compression,e77ffd0b75f255761df3bc4c0830771bb75243da7d366a0e80be0186efb789d4,2359296,1,128,0.0,0,grid-select,1,0,0,output_isolated,/home/jirka/research/2024/bits-knn-jpdc2024/data/application-scaling/ampere02-35760925/gradient-compression-middle.csv,5.425347222222222e-05,30,0.007932,0.007814499999999999,0.00807275,0.9842410489157841,True,True
gradient-compression,e77ffd0b75f255761df3bc4c0830771bb75243da7d366a0e80be0186efb789d4,2359296,1,128,0.0,0,grid-select,1,0,0,selection_isolated,/home/jirka/research/2024/bits-knn-jpdc2024/data/application-scaling/ampere02-35760925/gradient-compression-middle.csv,5.425347222222222e-05,30,0.11105799999999999,0.1107205,0.111329,0.41031713158889954,True,True
gradient-compression,e77ffd0b75f255761df3bc4c0830771bb75243da7d366a0e80be0186efb789d4,2359296,1,128,0.0,0,grid-select,1,0,0,transform_isolated,/home/jirka/research/2024/bits-knn-jpdc2024/data/application-scaling/ampere02-35760925/gradient-compression-middle.csv,5.425347222222222e-05,30,0.014662,0.014582,0.01477775,1.0031032601282226,True,True
gradient-compression,e77ffd0b75f255761df3bc4c0830771bb75243da7d366a0e80be0186efb789d4,2359296,1,128,0.0,0,grid-select,1,0,0,upload_shared,/home/jirka/research/2024/bits-knn-jpdc2024/data/application-scaling/ampere02-35760925/gradient-compression-middle.csv,5.425347222222222e-05,1,0.619709,0.619709,0.619709,1.0,True,True
gradient-compression,e77ffd0b75f255761df3bc4c0830771bb75243da7d366a0e80be0186efb789d4,2359296,1,256,0.0,0,air-topk,1,512,0,download,/home/jirka/research/2024/bits-knn-jpdc2024/data/application-scaling/ampere02-35760925/gradient-compression-middle.csv,0.00010850694444444444,30,0.0080825,0.00804525,0.00815275,1.0,True,True
gradient-compression,e77ffd0b75f255761df3bc4c0830771bb75243da7d366a0e80be0186efb789d4,2359296,1,256,0.0,0,air-topk,1,512,0,operator,/home/jirka/research/2024/bits-knn-jpdc2024/data/application-scaling/ampere02-35760925/gradient-compression-middle.csv,0.00010850694444444444,30,0.061228000000000005,0.06106450000000001,0.06192874999999999,1.0,True,True
gradient-compression,e77ffd0b75f255761df3bc4c0830771bb75243da7d366a0e80be0186efb789d4,2359296,1,256,0.0,0,air-topk,1,512,0,output_isolated,/home/jirka/research/2024/bits-knn-jpdc2024/data/application-scaling/ampere02-35760925/gradient-compression-middle.csv,0.00010850694444444444,30,0.007832,0.007754499999999999,0.007967,1.0,True,True
gradient-compression,e77ffd0b75f255761df3bc4c0830771bb75243da7d366a0e80be0186efb789d4,2359296,1,256,0.0,0,air-topk,1,512,0,selection_isolated,/home/jirka/research/2024/bits-knn-jpdc2024/data/application-scaling/ampere02-35760925/gradient-compression-middle.csv,0.00010850694444444444,30,0.044717999999999994,0.044588,0.044943,1.0,True,True
gradient-compression,e77ffd0b75f255761df3bc4c0830771bb75243da7d366a0e80be0186efb789d4,2359296,1,256,0.0,0,air-topk,1,512,0,transform_isolated,/home/jirka/research/2024/bits-knn-jpdc2024/data/application-scaling/ampere02-35760925/gradient-compression-middle.csv,0.00010850694444444444,30,0.0147125,0.014632,0.014827,1.0,True,True
gradient-compression,e77ffd0b75f255761df3bc4c0830771bb75243da7d366a0e80be0186efb789d4,2359296,1,256,0.0,0,air-topk,1,512,0,upload_shared,/home/jirka/research/2024/bits-knn-jpdc2024/data/application-scaling/ampere02-35760925/gradient-compression-middle.csv,0.00010850694444444444,1,0.612799,0.612799,0.612799,1.0,True,True
gradient-compression,e77ffd0b75f255761df3bc4c0830771bb75243da7d366a0e80be0186efb789d4,2359296,1,256,0.0,0,bits-prefetch,1,128,4,download,/home/jirka/research/2024/bits-knn-jpdc2024/data/application-scaling/ampere02-35760925/gradient-compression-middle.csv,0.00010850694444444444,30,0.0093045,0.00884575,0.009995,0.8686656993927668,False,False
gradient-compression,e77ffd0b75f255761df3bc4c0830771bb75243da7d366a0e80be0186efb789d4,2359296,1,256,0.0,0,bits-prefetch,1,128,4,operator,/home/jirka/research/2024/bits-knn-jpdc2024/data/application-scaling/ampere02-35760925/gradient-compression-middle.csv,0.00010850694444444444,30,2.398344,2.3964585,2.400642,0.02552928187115777,False,False
gradient-compression,e77ffd0b75f255761df3bc4c0830771bb75243da7d366a0e80be0186efb789d4,2359296,1,256,0.0,0,bits-prefetch,1,128,4,output_isolated,/home/jirka/research/2024/bits-knn-jpdc2024/data/application-scaling/ampere02-35760925/gradient-compression-middle.csv,0.00010850694444444444,30,0.009349,0.0088505,0.0097825,0.83773665632688,False,False
gradient-compression,e77ffd0b75f255761df3bc4c0830771bb75243da7d366a0e80be0186efb789d4,2359296,1,256,0.0,0,bits-prefetch,1,128,4,selection_isolated,/home/jirka/research/2024/bits-knn-jpdc2024/data/application-scaling/ampere02-35760925/gradient-compression-middle.csv,0.00010850694444444444,30,2.381498,2.3798235,2.38291325,0.01877725700378501,False,False
gradient-compression,e77ffd0b75f255761df3bc4c0830771bb75243da7d366a0e80be0186efb789d4,2359296,1,256,0.0,0,bits-prefetch,1,128,4,transform_isolated,/home/jirka/research/2024/bits-knn-jpdc2024/data/application-scaling/ampere02-35760925/gradient-compression-middle.csv,0.00010850694444444444,30,0.014737,0.014617,0.01486275,0.9983375178123092,False,False
gradient-compression,e77ffd0b75f255761df3bc4c0830771bb75243da7d366a0e80be0186efb789d4,2359296,1,256,0.0,0,bits-prefetch,1,128,4,upload_shared,/home/jirka/research/2024/bits-knn-jpdc2024/data/application-scaling/ampere02-35760925/gradient-compression-middle.csv,0.00010850694444444444,1,0.478556,0.478556,0.478556,1.2805168047208686,False,False
gradient-compression,e77ffd0b75f255761df3bc4c0830771bb75243da7d366a0e80be0186efb789d4,2359296,1,256,0.0,0,bits-prefetch,1,128,7,download,/home/jirka/research/2024/bits-knn-jpdc2024/data/application-scaling/ampere02-35760925/gradient-compression-middle.csv,0.00010850694444444444,30,0.009098,0.008272,0.00987325,0.8883820619916465,False,False
gradient-compression,e77ffd0b75f255761df3bc4c0830771bb75243da7d366a0e80be0186efb789d4,2359296,1,256,0.0,0,bits-prefetch,1,128,7,operator,/home/jirka/research/2024/bits-knn-jpdc2024/data/application-scaling/ampere02-35760925/gradient-compression-middle.csv,0.00010850694444444444,30,1.719926,1.71869425,1.72118775,0.0355992060123517,False,False
gradient-compression,e77ffd0b75f255761df3bc4c0830771bb75243da7d366a0e80be0186efb789d4,2359296,1,256,0.0,0,bits-prefetch,1,128,7,output_isolated,/home/jirka/research/2024/bits-knn-jpdc2024/data/application-scaling/ampere02-35760925/gradient-compression-middle.csv,0.00010850694444444444,30,0.008738,0.008343,0.00913825,0.896314946211948,False,False
gradient-compression,e77ffd0b75f255761df3bc4c0830771bb75243da7d366a0e80be0186efb789d4,2359296,1,256,0.0,0,bits-prefetch,1,128,7,selection_isolated,/home/jirka/research/2024/bits-knn-jpdc2024/data/application-scaling/ampere02-35760925/gradient-compression-middle.csv,0.00010850694444444444,30,1.7025945,1.7016787500000001,1.70437775,0.026264621435109766,False,False
gradient-compression,e77ffd0b75f255761df3bc4c0830771bb75243da7d366a0e80be0186efb789d4,2359296,1,256,0.0,0,bits-prefetch,1,128,7,transform_isolated,/home/jirka/research/2024/bits-knn-jpdc2024/data/application-scaling/ampere02-35760925/gradient-compression-middle.csv,0.00010850694444444444,30,0.014697499999999999,0.014558749999999999,0.014802250000000001,1.0010205817315871,False,False
gradient-compression,e77ffd0b75f255761df3bc4c0830771bb75243da7d366a0e80be0186efb789d4,2359296,1,256,0.0,0,bits-prefetch,1,128,7,upload_shared,/home/jirka/research/2024/bits-knn-jpdc2024/data/application-scaling/ampere02-35760925/gradient-compression-middle.csv,0.00010850694444444444,1,0.48886100000000005,0.48886100000000005,0.48886100000000005,1.253524007846811,False,False
gradient-compression,e77ffd0b75f255761df3bc4c0830771bb75243da7d366a0e80be0186efb789d4,2359296,1,256,0.0,0,bits-prefetch,1,128,8,download,/home/jirka/research/2024/bits-knn-jpdc2024/data/application-scaling/ampere02-35760925/gradient-compression-middle.csv,0.00010850694444444444,30,0.008853,0.00831525,0.009302249999999998,0.9129673556986332,False,False
gradient-compression,e77ffd0b75f255761df3bc4c0830771bb75243da7d366a0e80be0186efb789d4,2359296,1,256,0.0,0,bits-prefetch,1,128,8,operator,/home/jirka/research/2024/bits-knn-jpdc2024/data/application-scaling/ampere02-35760925/gradient-compression-middle.csv,0.00010850694444444444,30,1.6304910000000001,1.6290532499999997,1.6316077500000001,0.037551878544561115,False,False
gradient-compression,e77ffd0b75f255761df3bc4c0830771bb75243da7d366a0e80be0186efb789d4,2359296,1,256,0.0,0,bits-prefetch,1,128,8,output_isolated,/home/jirka/research/2024/bits-knn-jpdc2024/data/application-scaling/ampere02-35760925/gradient-compression-middle.csv,0.00010850694444444444,30,0.008833500000000001,0.00829775,0.009389499999999999,0.8866247806645157,False,False
gradient-compression,e77ffd0b75f255761df3bc4c0830771bb75243da7d366a0e80be0186efb789d4,2359296,1,256,0.0,0,bits-prefetch,1,128,8,selection_isolated,/home/jirka/research/2024/bits-knn-jpdc2024/data/application-scaling/ampere02-35760925/gradient-compression-middle.csv,0.00010850694444444444,30,1.6130195,1.6121672500000002,1.6139275,0.02772316143729198,False,False
gradient-compression,e77ffd0b75f255761df3bc4c0830771bb75243da7d366a0e80be0186efb789d4,2359296,1,256,0.0,0,bits-prefetch,1,128,8,transform_isolated,/home/jirka/research/2024/bits-knn-jpdc2024/data/application-scaling/ampere02-35760925/gradient-compression-middle.csv,0.00010850694444444444,30,0.014573,0.014504499999999998,0.014681999999999999,1.009572497083648,False,False
gradient-compression,e77ffd0b75f255761df3bc4c0830771bb75243da7d366a0e80be0186efb789d4,2359296,1,256,0.0,0,bits-prefetch,1,128,8,upload_shared,/home/jirka/research/2024/bits-knn-jpdc2024/data/application-scaling/ampere02-35760925/gradient-compression-middle.csv,0.00010850694444444444,1,0.46965199999999996,0.46965199999999996,0.46965199999999996,1.3047937621898769,False,False
gradient-compression,e77ffd0b75f255761df3bc4c0830771bb75243da7d366a0e80be0186efb789d4,2359296,1,256,0.0,0,bits-prefetch,1,128,13,download,/home/jirka/research/2024/bits-knn-jpdc2024/data/application-scaling/ampere02-35760925/gradient-compression-middle.csv,0.00010850694444444444,30,0.0088085,0.00823775,0.0093515,0.9175796106033943,False,False
gradient-compression,e77ffd0b75f255761df3bc4c0830771bb75243da7d366a0e80be0186efb789d4,2359296,1,256,0.0,0,bits-prefetch,1,128,13,operator,/home/jirka/research/2024/bits-knn-jpdc2024/data/application-scaling/ampere02-35760925/gradient-compression-middle.csv,0.00010850694444444444,30,1.4126355,1.41124375,1.41365425,0.04334309876822436,False,False
gradient-compression,e77ffd0b75f255761df3bc4c0830771bb75243da7d366a0e80be0186efb789d4,2359296,1,256,0.0,0,bits-prefetch,1,128,13,output_isolated,/home/jirka/research/2024/bits-knn-jpdc2024/data/application-scaling/ampere02-35760925/gradient-compression-middle.csv,0.00010850694444444444,30,0.008622999999999999,0.008147,0.00900625,0.908268584019483,False,False
gradient-compression,e77ffd0b75f255761df3bc4c0830771bb75243da7d366a0e80be0186efb789d4,2359296,1,256,0.0,0,bits-prefetch,1,128,13,selection_isolated,/home/jirka/research/2024/bits-knn-jpdc2024/data/application-scaling/ampere02-35760925/gradient-compression-middle.csv,0.00010850694444444444,30,1.395029,1.3944254999999999,1.395985,0.03205524759700335,False,False
gradient-compression,e77ffd0b75f255761df3bc4c0830771bb75243da7d366a0e80be0186efb789d4,2359296,1,256,0.0,0,bits-prefetch,1,128,13,transform_isolated,/home/jirka/research/2024/bits-knn-jpdc2024/data/application-scaling/ampere02-35760925/gradient-compression-middle.csv,0.00010850694444444444,30,0.014641999999999999,0.014511999999999999,0.01483275,1.0048149159950828,False,False
gradient-compression,e77ffd0b75f255761df3bc4c0830771bb75243da7d366a0e80be0186efb789d4,2359296,1,256,0.0,0,bits-prefetch,1,128,13,upload_shared,/home/jirka/research/2024/bits-knn-jpdc2024/data/application-scaling/ampere02-35760925/gradient-compression-middle.csv,0.00010850694444444444,1,0.475151,0.475151,0.475151,1.2896931712234636,False,False
gradient-compression,e77ffd0b75f255761df3bc4c0830771bb75243da7d366a0e80be0186efb789d4,2359296,1,256,0.0,0,bits-prefetch,1,128,16,download,/home/jirka/research/2024/bits-knn-jpdc2024/data/application-scaling/ampere02-35760925/gradient-compression-middle.csv,0.00010850694444444444,30,0.0087335,0.00826025,0.00966475,0.9254594377969886,False,False
gradient-compression,e77ffd0b75f255761df3bc4c0830771bb75243da7d366a0e80be0186efb789d4,2359296,1,256,0.0,0,bits-prefetch,1,128,16,operator,/home/jirka/research/2024/bits-knn-jpdc2024/data/application-scaling/ampere02-35760925/gradient-compression-middle.csv,0.00010850694444444444,30,1.3076314999999998,1.3069935,1.3086055,0.046823589061597254,False,False
gradient-compression,e77ffd0b75f255761df3bc4c0830771bb75243da7d366a0e80be0186efb789d4,2359296,1,256,0.0,0,bits-prefetch,1,128,16,output_isolated,/home/jirka/research/2024/bits-knn-jpdc2024/data/application-scaling/ampere02-35760925/gradient-compression-middle.csv,0.00010850694444444444,30,0.008462500000000001,0.008132750000000001,0.008808,0.9254948301329393,False,False
gradient-compression,e77ffd0b75f255761df3bc4c0830771bb75243da7d366a0e80be0186efb789d4,2359296,1,256,0.0,0,bits-prefetch,1,128,16,selection_isolated,/home/jirka/research/2024/bits-knn-jpdc2024/data/application-scaling/ampere02-35760925/gradient-compression-middle.csv,0.00010850694444444444,30,1.2910815000000002,1.2897414999999999,1.29168025,0.03463607835756301,False,False
gradient-compression,e77ffd0b75f255761df3bc4c0830771bb75243da7d366a0e80be0186efb789d4,2359296,1,256,0.0,0,bits-prefetch,1,128,16,transform_isolated,/home/jirka/research/2024/bits-knn-jpdc2024/data/application-scaling/ampere02-35760925/gradient-compression-middle.csv,0.00010850694444444444,30,0.014592,0.014457,0.014759750000000002,1.0082579495614035,False,False
gradient-compression,e77ffd0b75f255761df3bc4c0830771bb75243da7d366a0e80be0186efb789d4,2359296,1,256,0.0,0,bits-prefetch,1,128,16,upload_shared,/home/jirka/research/2024/bits-knn-jpdc2024/data/application-scaling/ampere02-35760925/gradient-compression-middle.csv,0.00010850694444444444,1,0.484774,0.484774,0.484774,1.2640921336540325,False,False
gradient-compression,e77ffd0b75f255761df3bc4c0830771bb75243da7d366a0e80be0186efb789d4,2359296,1,256,0.0,0,bits-prefetch,1,256,4,download,/home/jirka/research/2024/bits-knn-jpdc2024/data/application-scaling/ampere02-35760925/gradient-compression-middle.csv,0.00010850694444444444,30,0.009048500000000001,0.008242,0.009501500000000001,0.8932419738078133,False,False
gradient-compression,e77ffd0b75f255761df3bc4c0830771bb75243da7d366a0e80be0186efb789d4,2359296,1,256,0.0,0,bits-prefetch,1,256,4,operator,/home/jirka/research/2024/bits-knn-jpdc2024/data/application-scaling/ampere02-35760925/gradient-compression-middle.csv,0.00010850694444444444,30,1.587695,1.586731,1.5891004999999998,0.038564081892302995,False,False
gradient-compression,e77ffd0b75f255761df3bc4c0830771bb75243da7d366a0e80be0186efb789d4,2359296,1,256,0.0,0,bits-prefetch,1,256,4,output_isolated,/home/jirka/research/2024/bits-knn-jpdc2024/data/application-scaling/ampere02-35760925/gradient-compression-middle.csv,0.00010850694444444444,30,0.0088735,0.0084955,0.009347250000000001,0.8826280498112358,False,False
gradient-compression,e77ffd0b75f255761df3bc4c0830771bb75243da7d366a0e80be0186efb789d4,2359296,1,256,0.0,0,bits-prefetch,1,256,4,selection_isolated,/home/jirka/research/2024/bits-knn-jpdc2024/data/application-scaling/ampere02-35760925/gradient-compression-middle.csv,0.00010850694444444444,30,1.5702995,1.5697937499999999,1.571726,0.02847737008131251,False,False
gradient-compression,e77ffd0b75f255761df3bc4c0830771bb75243da7d366a0e80be0186efb789d4,2359296,1,256,0.0,0,bits-prefetch,1,256,4,transform_isolated,/home/jirka/research/2024/bits-knn-jpdc2024/data/application-scaling/ampere02-35760925/gradient-compression-middle.csv,0.00010850694444444444,30,0.0146425,0.014557,0.014797000000000001,1.0047806044049856,False,False
gradient-compression,e77ffd0b75f255761df3bc4c0830771bb75243da7d366a0e80be0186efb789d4,2359296,1,256,0.0,0,bits-prefetch,1,256,4,upload_shared,/home/jirka/research/2024/bits-knn-jpdc2024/data/application-scaling/ampere02-35760925/gradient-compression-middle.csv,0.00010850694444444444,1,0.48540500000000003,0.48540500000000003,0.48540500000000003,1.2624488828916058,False,False
gradient-compression,e77ffd0b75f255761df3bc4c0830771bb75243da7d366a0e80be0186efb789d4,2359296,1,256,0.0,0,bits-prefetch,1,256,7,download,/home/jirka/research/2024/bits-knn-jpdc2024/data/application-scaling/ampere02-35760925/gradient-compression-middle.csv,0.00010850694444444444,30,0.008628,0.0081645,0.008969000000000001,0.9367756142790913,False,False
gradient-compression,e77ffd0b75f255761df3bc4c0830771bb75243da7d366a0e80be0186efb789d4,2359296,1,256,0.0,0,bits-prefetch,1,256,7,operator,/home/jirka/research/2024/bits-knn-jpdc2024/data/application-scaling/ampere02-35760925/gradient-compression-middle.csv,0.00010850694444444444,30,1.065369,1.0640770000000002,1.0665115,0.05747116726692818,False,False
gradient-compression,e77ffd0b75f255761df3bc4c0830771bb75243da7d366a0e80be0186efb789d4,2359296,1,256,0.0,0,bits-prefetch,1,256,7,output_isolated,/home/jirka/research/2024/bits-knn-jpdc2024/data/application-scaling/ampere02-35760925/gradient-compression-middle.csv,0.00010850694444444444,30,0.0084675,0.008184750000000001,0.008951250000000001,0.9249483318571008,False,False
gradient-compression,e77ffd0b75f255761df3bc4c0830771bb75243da7d366a0e80be0186efb789d4,2359296,1,256,0.0,0,bits-prefetch,1,256,7,selection_isolated,/home/jirka/research/2024/bits-knn-jpdc2024/data/application-scaling/ampere02-35760925/gradient-compression-middle.csv,0.00010850694444444444,30,1.0480925,1.04750725,1.0490897499999998,0.042666081476587216,False,False
gradient-compression,e77ffd0b75f255761df3bc4c0830771bb75243da7d366a0e80be0186efb789d4,2359296,1,256,0.0,0,bits-prefetch,1,256,7,transform_isolated,/home/jirka/research/2024/bits-knn-jpdc2024/data/application-scaling/ampere02-35760925/gradient-compression-middle.csv,0.00010850694444444444,30,0.014592,0.014504499999999998,0.014697,1.0082579495614035,False,False
gradient-compression,e77ffd0b75f255761df3bc4c0830771bb75243da7d366a0e80be0186efb789d4,2359296,1,256,0.0,0,bits-prefetch,1,256,7,upload_shared,/home/jirka/research/2024/bits-knn-jpdc2024/data/application-scaling/ampere02-35760925/gradient-compression-middle.csv,0.00010850694444444444,1,0.480458,0.480458,0.480458,1.2754475937542928,False,False
gradient-compression,e77ffd0b75f255761df3bc4c0830771bb75243da7d366a0e80be0186efb789d4,2359296,1,256,0.0,0,bits-prefetch,1,256,8,download,/home/jirka/research/2024/bits-knn-jpdc2024/data/application-scaling/ampere02-35760925/gradient-compression-middle.csv,0.00010850694444444444,30,0.0086225,0.0081395,0.00897625,0.9373731516381559,False,False
gradient-compression,e77ffd0b75f255761df3bc4c0830771bb75243da7d366a0e80be0186efb789d4,2359296,1,256,0.0,0,bits-prefetch,1,256,8,operator,/home/jirka/research/2024/bits-knn-jpdc2024/data/application-scaling/ampere02-35760925/gradient-compression-middle.csv,0.00010850694444444444,30,0.9961445000000001,0.995638,0.9968607500000001,0.06146497822354086,False,False
gradient-compression,e77ffd0b75f255761df3bc4c0830771bb75243da7d366a0e80be0186efb789d4,2359296,1,256,0.0,0,bits-prefetch,1,256,8,output_isolated,/home/jirka/research/2024/bits-knn-jpdc2024/data/application-scaling/ampere02-35760925/gradient-compression-middle.csv,0.00010850694444444444,30,0.0084575,0.00820775,0.008949,0.9260419745787764,False,False
gradient-compression,e77ffd0b75f255761df3bc4c0830771bb75243da7d366a0e80be0186efb789d4,2359296,1,256,0.0,0,bits-prefetch,1,256,8,selection_isolated,/home/jirka/research/2024/bits-knn-jpdc2024/data/application-scaling/ampere02-35760925/gradient-compression-middle.csv,0.00010850694444444444,30,0.9793740000000002,0.97859725,0.9805132499999999,0.045659778593264665,False,False
gradient-compression,e77ffd0b75f255761df3bc4c0830771bb75243da7d366a0e80be0186efb789d4,2359296,1,256,0.0,0,bits-prefetch,1,256,8,transform_isolated,/home/jirka/research/2024/bits-knn-jpdc2024/data/application-scaling/ampere02-35760925/gradient-compression-middle.csv,0.00010850694444444444,30,0.0146825,0.01455475,0.014802,1.0020432487655373,False,False
gradient-compression,e77ffd0b75f255761df3bc4c0830771bb75243da7d366a0e80be0186efb789d4,2359296,1,256,0.0,0,bits-prefetch,1,256,8,upload_shared,/home/jirka/research/2024/bits-knn-jpdc2024/data/application-scaling/ampere02-35760925/gradient-compression-middle.csv,0.00010850694444444444,1,0.47490899999999997,0.47490899999999997,0.47490899999999997,1.2903503618587984,False,False
gradient-compression,e77ffd0b75f255761df3bc4c0830771bb75243da7d366a0e80be0186efb789d4,2359296,1,256,0.0,0,bits-prefetch,1,256,13,download,/home/jirka/research/2024/bits-knn-jpdc2024/data/application-scaling/ampere02-35760925/gradient-compression-middle.csv,0.00010850694444444444,30,0.008427500000000001,0.00818475,0.0090715,0.959062592702462,False,False
gradient-compression,e77ffd0b75f255761df3bc4c0830771bb75243da7d366a0e80be0186efb789d4,2359296,1,256,0.0,0,bits-prefetch,1,256,13,operator,/home/jirka/research/2024/bits-knn-jpdc2024/data/application-scaling/ampere02-35760925/gradient-compression-middle.csv,0.00010850694444444444,30,0.9015965,0.9013335,0.90221175,0.06791064517220287,False,False
gradient-compression,e77ffd0b75f255761df3bc4c0830771bb75243da7d366a0e80be0186efb789d4,2359296,1,256,0.0,0,bits-prefetch,1,256,13,output_isolated,/home/jirka/research/2024/bits-knn-jpdc2024/data/application-scaling/ampere02-35760925/gradient-compression-middle.csv,0.00010850694444444444,30,0.008483,0.008139749999999998,0.00873875,0.9232582812684194,False,False
gradient-compression,e77ffd0b75f255761df3bc4c0830771bb75243da7d366a0e80be0186efb789d4,2359296,1,256,0.0,0,bits-prefetch,1,256,13,selection_isolated,/home/jirka/research/2024/bits-knn-jpdc2024/data/application-scaling/ampere02-35760925/gradient-compression-middle.csv,0.00010850694444444444,30,0.884671,0.8842125,0.8851185,0.0505476047027652,False,False
gradient-compression,e77ffd0b75f255761df3bc4c0830771bb75243da7d366a0e80be0186efb789d4,2359296,1,256,0.0,0,bits-prefetch,1,256,13,transform_isolated,/home/jirka/research/2024/bits-knn-jpdc2024/data/application-scaling/ampere02-35760925/gradient-compression-middle.csv,0.00010850694444444444,30,0.014617,0.0145145,0.01471975,1.0065334884039132,False,False
gradient-compression,e77ffd0b75f255761df3bc4c0830771bb75243da7d366a0e80be0186efb789d4,2359296,1,256,0.0,0,bits-prefetch,1,256,13,upload_shared,/home/jirka/research/2024/bits-knn-jpdc2024/data/application-scaling/ampere02-35760925/gradient-compression-middle.csv,0.00010850694444444444,1,0.47714300000000004,0.47714300000000004,0.47714300000000004,1.2843088969135037,False,False
gradient-compression,e77ffd0b75f255761df3bc4c0830771bb75243da7d366a0e80be0186efb789d4,2359296,1,256,0.0,0,bits-prefetch,1,256,16,download,/home/jirka/research/2024/bits-knn-jpdc2024/data/application-scaling/ampere02-35760925/gradient-compression-middle.csv,0.00010850694444444444,30,0.0082675,0.008076999999999999,0.008923750000000001,0.9776232234653763,False,False
gradient-compression,e77ffd0b75f255761df3bc4c0830771bb75243da7d366a0e80be0186efb789d4,2359296,1,256,0.0,0,bits-prefetch,1,256,16,operator,/home/jirka/research/2024/bits-knn-jpdc2024/data/application-scaling/ampere02-35760925/gradient-compression-middle.csv,0.00010850694444444444,30,0.8804995,0.87987325,0.8809349999999999,0.06953780212254522,False,False
gradient-compression,e77ffd0b75f255761df3bc4c0830771bb75243da7d366a0e80be0186efb789d4,2359296,1,256,0.0,0,bits-prefetch,1,256,16,output_isolated,/home/jirka/research/2024/bits-knn-jpdc2024/data/application-scaling/ampere02-35760925/gradient-compression-middle.csv,0.00010850694444444444,30,0.008367,0.00819475,0.008743,0.9360583243695472,False,False
gradient-compression,e77ffd0b75f255761df3bc4c0830771bb75243da7d366a0e80be0186efb789d4,2359296,1,256,0.0,0,bits-prefetch,1,256,16,selection_isolated,/home/jirka/research/2024/bits-knn-jpdc2024/data/application-scaling/ampere02-35760925/gradient-compression-middle.csv,0.00010850694444444444,30,0.863443,0.863198,0.86402375,0.05179033242495451,False,False
gradient-compression,e77ffd0b75f255761df3bc4c0830771bb75243da7d366a0e80be0186efb789d4,2359296,1,256,0.0,0,bits-prefetch,1,256,16,transform_isolated,/home/jirka/research/2024/bits-knn-jpdc2024/data/application-scaling/ampere02-35760925/gradient-compression-middle.csv,0.00010850694444444444,30,0.014602500000000001,0.014492,0.014702,1.007532956685499,False,False
gradient-compression,e77ffd0b75f255761df3bc4c0830771bb75243da7d366a0e80be0186efb789d4,2359296,1,256,0.0,0,bits-prefetch,1,256,16,upload_shared,/home/jirka/research/2024/bits-knn-jpdc2024/data/application-scaling/ampere02-35760925/gradient-compression-middle.csv,0.00010850694444444444,1,0.47080299999999997,0.47080299999999997,0.47080299999999997,1.3016038555404277,False,False
gradient-compression,e77ffd0b75f255761df3bc4c0830771bb75243da7d366a0e80be0186efb789d4,2359296,1,256,0.0,0,bits-prefetch,1,512,4,download,/home/jirka/research/2024/bits-knn-jpdc2024/data/application-scaling/ampere02-35760925/gradient-compression-middle.csv,0.00010850694444444444,30,0.0082475,0.008102749999999999,0.008883,0.9799939375568354,False,False
gradient-compression,e77ffd0b75f255761df3bc4c0830771bb75243da7d366a0e80be0186efb789d4,2359296,1,256,0.0,0,bits-prefetch,1,512,4,operator,/home/jirka/research/2024/bits-knn-jpdc2024/data/application-scaling/ampere02-35760925/gradient-compression-middle.csv,0.00010850694444444444,30,0.8722165,0.87167025,0.873894,0.07019816754211827,False,False
gradient-compression,e77ffd0b75f255761df3bc4c0830771bb75243da7d366a0e80be0186efb789d4,2359296,1,256,0.0,0,bits-prefetch,1,512,4,output_isolated,/home/jirka/research/2024/bits-knn-jpdc2024/data/application-scaling/ampere02-35760925/gradient-compression-middle.csv,0.00010850694444444444,30,0.008453,0.008144499999999999,0.0087905,0.9265349580030758,False,False
gradient-compression,e77ffd0b75f255761df3bc4c0830771bb75243da7d366a0e80be0186efb789d4,2359296,1,256,0.0,0,bits-prefetch,1,512,4,selection_isolated,/home/jirka/research/2024/bits-knn-jpdc2024/data/application-scaling/ampere02-35760925/gradient-compression-middle.csv,0.00010850694444444444,30,0.8555809999999999,0.8546349999999999,0.8569205,0.052266237796304495,False,False
gradient-compression,e77ffd0b75f255761df3bc4c0830771bb75243da7d366a0e80be0186efb789d4,2359296,1,256,0.0,0,bits-prefetch,1,512,4,transform_isolated,/home/jirka/research/2024/bits-knn-jpdc2024/data/application-scaling/ampere02-35760925/gradient-compression-middle.csv,0.00010850694444444444,30,0.014668,0.0145945,0.014807250000000001,1.0030338151077174,False,False
gradient-compression,e77ffd0b75f255761df3bc4c0830771bb75243da7d366a0e80be0186efb789d4,2359296,1,256,0.0,0,bits-prefetch,1,512,4,upload_shared,/home/jirka/research/2024/bits-knn-jpdc2024/data/application-scaling/ampere02-35760925/gradient-compression-middle.csv,0.00010850694444444444,1,0.47249599999999997,0.47249599999999997,0.47249599999999997,1.2969400799160204,False,False
gradient-compression,e77ffd0b75f255761df3bc4c0830771bb75243da7d366a0e80be0186efb789d4,2359296,1,256,0.0,0,bits-prefetch,1,512,7,download,/home/jirka/research/2024/bits-knn-jpdc2024/data/application-scaling/ampere02-35760925/gradient-compression-middle.csv,0.00010850694444444444,30,0.008242,0.00809025,0.00901625,0.9806479009949042,False,False
gradient-compression,e77ffd0b75f255761df3bc4c0830771bb75243da7d366a0e80be0186efb789d4,2359296,1,256,0.0,0,bits-prefetch,1,512,7,operator,/home/jirka/research/2024/bits-knn-jpdc2024/data/application-scaling/ampere02-35760925/gradient-compression-middle.csv,0.00010850694444444444,30,0.6800655,0.6795275000000001,0.68048425,0.0900325042220198,False,False
gradient-compression,e77ffd0b75f255761df3bc4c0830771bb75243da7d366a0e80be0186efb789d4,2359296,1,256,0.0,0,bits-prefetch,1,512,7,output_isolated,/home/jirka/research/2024/bits-knn-jpdc2024/data/application-scaling/ampere02-35760925/gradient-compression-middle.csv,0.00010850694444444444,30,0.0081475,0.007952,0.00834975,0.9612764651733661,False,False
gradient-compression,e77ffd0b75f255761df3bc4c0830771bb75243da7d366a0e80be0186efb789d4,2359296,1,256,0.0,0,bits-prefetch,1,512,7,selection_isolated,/home/jirka/research/2024/bits-knn-jpdc2024/data/application-scaling/ampere02-35760925/gradient-compression-middle.csv,0.00010850694444444444,30,0.6632150000000001,0.6628215000000001,0.6634375,0.0674260986256342,False,False
gradient-compression,e77ffd0b75f255761df3bc4c0830771bb75243da7d366a0e80be0186efb789d4,2359296,1,256,0.0,0,bits-prefetch,1,512,7,transform_isolated,/home/jirka/research/2024/bits-knn-jpdc2024/data/application-scaling/ampere02-35760925/gradient-compression-middle.csv,0.00010850694444444444,30,0.0146125,0.014517,0.014740499999999998,1.0068434559452524,False,False
gradient-compression,e77ffd0b75f255761df3bc4c0830771bb75243da7d366a0e80be0186efb789d4,2359296,1,256,0.0,0,bits-prefetch,1,512,7,upload_shared,/home/jirka/research/2024/bits-knn-jpdc2024/data/application-scaling/ampere02-35760925/gradient-compression-middle.csv,0.00010850694444444444,1,0.477263,0.477263,0.477263,1.2839859783808927,False,False
gradient-compression,e77ffd0b75f255761df3bc4c0830771bb75243da7d366a0e80be0186efb789d4,2359296,1,256,0.0,0,bits-prefetch,1,512,8,download,/home/jirka/research/2024/bits-knn-jpdc2024/data/application-scaling/ampere02-35760925/gradient-compression-middle.csv,0.00010850694444444444,30,0.008468,0.008047750000000001,0.009214,0.9544756731223429,False,False
gradient-compression,e77ffd0b75f255761df3bc4c0830771bb75243da7d366a0e80be0186efb789d4,2359296,1,256,0.0,0,bits-prefetch,1,512,8,operator,/home/jirka/research/2024/bits-knn-jpdc2024/data/application-scaling/ampere02-35760925/gradient-compression-middle.csv,0.00010850694444444444,30,0.6556385,0.6553855000000001,0.6558740000000001,0.09338682825978036,False,False
gradient-compression,e77ffd0b75f255761df3bc4c0830771bb75243da7d366a0e80be0186efb789d4,2359296,1,256,0.0,0,bits-prefetch,1,512,8,output_isolated,/home/jirka/research/2024/bits-knn-jpdc2024/data/application-scaling/ampere02-35760925/gradient-compression-middle.csv,0.00010850694444444444,30,0.008167,0.007997,0.00843775,0.9589812660707726,False,False
gradient-compression,e77ffd0b75f255761df3bc4c0830771bb75243da7d366a0e80be0186efb789d4,2359296,1,256,0.0,0,bits-prefetch,1,512,8,selection_isolated,/home/jirka/research/2024/bits-knn-jpdc2024/data/application-scaling/ampere02-35760925/gradient-compression-middle.csv,0.00010850694444444444,30,0.6387480000000001,0.6384602500000001,0.6388987500000001,0.0700088297732439,False,False
gradient-compression,e77ffd0b75f255761df3bc4c0830771bb75243da7d366a0e80be0186efb789d4,2359296,1,256,0.0,0,bits-prefetch,1,512,8,transform_isolated,/home/jirka/research/2024/bits-knn-jpdc2024/data/application-scaling/ampere02-35760925/gradient-compression-middle.csv,0.00010850694444444444,30,0.0145975,0.0145245,0.014672249999999998,1.0078780613118685,False,False
gradient-compression,e77ffd0b75f255761df3bc4c0830771bb75243da7d366a0e80be0186efb789d4,2359296,1,256,0.0,0,bits-prefetch,1,512,8,upload_shared,/home/jirka/research/2024/bits-knn-jpdc2024/data/application-scaling/ampere02-35760925/gradient-compression-middle.csv,0.00010850694444444444,1,0.480808,0.480808,0.480808,1.2745191427763265,False,False
gradient-compression,e77ffd0b75f255761df3bc4c0830771bb75243da7d366a0e80be0186efb789d4,2359296,1,256,0.0,0,bits-prefetch,1,512,13,download,/home/jirka/research/2024/bits-knn-jpdc2024/data/application-scaling/ampere02-35760925/gradient-compression-middle.csv,0.00010850694444444444,30,0.008293,0.00809475,0.00875325,0.9746171469914385,False,False
gradient-compression,e77ffd0b75f255761df3bc4c0830771bb75243da7d366a0e80be0186efb789d4,2359296,1,256,0.0,0,bits-prefetch,1,512,13,operator,/home/jirka/research/2024/bits-knn-jpdc2024/data/application-scaling/ampere02-35760925/gradient-compression-middle.csv,0.00010850694444444444,30,0.6315915,0.6313545,0.6320429999999999,0.09694240660300212,False,False
gradient-compression,e77ffd0b75f255761df3bc4c0830771bb75243da7d366a0e80be0186efb789d4,2359296,1,256,0.0,0,bits-prefetch,1,512,13,output_isolated,/home/jirka/research/2024/bits-knn-jpdc2024/data/application-scaling/ampere02-35760925/gradient-compression-middle.csv,0.00010850694444444444,30,0.0082825,0.00805475,0.008580500000000001,0.9456082100814972,False,False
gradient-compression,e77ffd0b75f255761df3bc4c0830771bb75243da7d366a0e80be0186efb789d4,2359296,1,256,0.0,0,bits-prefetch,1,512,13,selection_isolated,/home/jirka/research/2024/bits-knn-jpdc2024/data/application-scaling/ampere02-35760925/gradient-compression-middle.csv,0.00010850694444444444,30,0.6147515,0.6144935,0.6151570000000001,0.07274158745444297,False,False
gradient-compression,e77ffd0b75f255761df3bc4c0830771bb75243da7d366a0e80be0186efb789d4,2359296,1,256,0.0,0,bits-prefetch,1,512,13,transform_isolated,/home/jirka/research/2024/bits-knn-jpdc2024/data/application-scaling/ampere02-35760925/gradient-compression-middle.csv,0.00010850694444444444,30,0.014592500000000001,0.014517,0.014681999999999999,1.0082234024327565,False,False
gradient-compression,e77ffd0b75f255761df3bc4c0830771bb75243da7d366a0e80be0186efb789d4,2359296,1,256,0.0,0,bits-prefetch,1,512,13,upload_shared,/home/jirka/research/2024/bits-knn-jpdc2024/data/application-scaling/ampere02-35760925/gradient-compression-middle.csv,0.00010850694444444444,1,0.48912100000000003,0.48912100000000003,0.48912100000000003,1.2528576773436428,False,False
gradient-compression,e77ffd0b75f255761df3bc4c0830771bb75243da7d366a0e80be0186efb789d4,2359296,1,256,0.0,0,bits-prefetch,1,512,16,download,/home/jirka/research/2024/bits-knn-jpdc2024/data/application-scaling/ampere02-35760925/gradient-compression-middle.csv,0.00010850694444444444,30,0.0081775,0.008107,0.0086005,0.9883827575664933,True,False
gradient-compression,e77ffd0b75f255761df3bc4c0830771bb75243da7d366a0e80be0186efb789d4,2359296,1,256,0.0,0,bits-prefetch,1,512,16,operator,/home/jirka/research/2024/bits-knn-jpdc2024/data/application-scaling/ampere02-35760925/gradient-compression-middle.csv,0.00010850694444444444,30,0.6120080000000001,0.6115685,0.6126155,0.1000444438634789,True,False
gradient-compression,e77ffd0b75f255761df3bc4c0830771bb75243da7d366a0e80be0186efb789d4,2359296,1,256,0.0,0,bits-prefetch,1,512,16,output_isolated,/home/jirka/research/2024/bits-knn-jpdc2024/data/application-scaling/ampere02-35760925/gradient-compression-middle.csv,0.00010850694444444444,30,0.008152,0.007954499999999998,0.008349500000000001,0.9607458292443574,True,False
gradient-compression,e77ffd0b75f255761df3bc4c0830771bb75243da7d366a0e80be0186efb789d4,2359296,1,256,0.0,0,bits-prefetch,1,512,16,selection_isolated,/home/jirka/research/2024/bits-knn-jpdc2024/data/application-scaling/ampere02-35760925/gradient-compression-middle.csv,0.00010850694444444444,30,0.594341,0.59406275,0.59483675,0.07523963515894073,True,False
gradient-compression,e77ffd0b75f255761df3bc4c0830771bb75243da7d366a0e80be0186efb789d4,2359296,1,256,0.0,0,bits-prefetch,1,512,16,transform_isolated,/home/jirka/research/2024/bits-knn-jpdc2024/data/application-scaling/ampere02-35760925/gradient-compression-middle.csv,0.00010850694444444444,30,0.014772,0.0146495,0.014922250000000001,0.9959721093961549,True,False
gradient-compression,e77ffd0b75f255761df3bc4c0830771bb75243da7d366a0e80be0186efb789d4,2359296,1,256,0.0,0,bits-prefetch,1,512,16,upload_shared,/home/jirka/research/2024/bits-knn-jpdc2024/data/application-scaling/ampere02-35760925/gradient-compression-middle.csv,0.00010850694444444444,1,0.612799,0.612799,0.612799,1.0,True,False
gradient-compression,e77ffd0b75f255761df3bc4c0830771bb75243da7d366a0e80be0186efb789d4,2359296,1,256,0.0,0,bits-sq,8,128,4,download,/home/jirka/research/2024/bits-knn-jpdc2024/data/application-scaling/ampere02-35760925/gradient-compression-middle.csv,0.00010850694444444444,30,0.008202500000000001,0.008052,0.008758,0.98537031392868,False,False
gradient-compression,e77ffd0b75f255761df3bc4c0830771bb75243da7d366a0e80be0186efb789d4,2359296,1,256,0.0,0,bits-sq,8,128,4,operator,/home/jirka/research/2024/bits-knn-jpdc2024/data/application-scaling/ampere02-35760925/gradient-compression-middle.csv,0.00010850694444444444,30,0.49766900000000003,0.49709800000000004,0.4988785,0.12302956382655943,False,False
gradient-compression,e77ffd0b75f255761df3bc4c0830771bb75243da7d366a0e80be0186efb789d4,2359296,1,256,0.0,0,bits-sq,8,128,4,output_isolated,/home/jirka/research/2024/bits-knn-jpdc2024/data/application-scaling/ampere02-35760925/gradient-compression-middle.csv,0.00010850694444444444,30,0.008118,0.007927,0.008387750000000001,0.964769647696477,False,False
gradient-compression,e77ffd0b75f255761df3bc4c0830771bb75243da7d366a0e80be0186efb789d4,2359296,1,256,0.0,0,bits-sq,8,128,4,selection_isolated,/home/jirka/research/2024/bits-knn-jpdc2024/data/application-scaling/ampere02-35760925/gradient-compression-middle.csv,0.00010850694444444444,30,0.48085849999999997,0.48021025,0.48282425000000007,0.09299617247069564,False,False
gradient-compression,e77ffd0b75f255761df3bc4c0830771bb75243da7d366a0e80be0186efb789d4,2359296,1,256,0.0,0,bits-sq,8,128,4,transform_isolated,/home/jirka/research/2024/bits-knn-jpdc2024/data/application-scaling/ampere02-35760925/gradient-compression-middle.csv,0.00010850694444444444,30,0.0146825,0.014599500000000001,0.01479475,1.0020432487655373,False,False
gradient-compression,e77ffd0b75f255761df3bc4c0830771bb75243da7d366a0e80be0186efb789d4,2359296,1,256,0.0,0,bits-sq,8,128,4,upload_shared,/home/jirka/research/2024/bits-knn-jpdc2024/data/application-scaling/ampere02-35760925/gradient-compression-middle.csv,0.00010850694444444444,1,0.478556,0.478556,0.478556,1.2805168047208686,False,False
gradient-compression,e77ffd0b75f255761df3bc4c0830771bb75243da7d366a0e80be0186efb789d4,2359296,1,256,0.0,0,bits-sq,8,128,7,download,/home/jirka/research/2024/bits-knn-jpdc2024/data/application-scaling/ampere02-35760925/gradient-compression-middle.csv,0.00010850694444444444,30,0.0083925,0.008107,0.00877375,0.963062257968424,False,False
gradient-compression,e77ffd0b75f255761df3bc4c0830771bb75243da7d366a0e80be0186efb789d4,2359296,1,256,0.0,0,bits-sq,8,128,7,operator,/home/jirka/research/2024/bits-knn-jpdc2024/data/application-scaling/ampere02-35760925/gradient-compression-middle.csv,0.00010850694444444444,30,0.3831555,0.38282250000000007,0.383686,0.15979935039429163,False,False
gradient-compression,e77ffd0b75f255761df3bc4c0830771bb75243da7d366a0e80be0186efb789d4,2359296,1,256,0.0,0,bits-sq,8,128,7,output_isolated,/home/jirka/research/2024/bits-knn-jpdc2024/data/application-scaling/ampere02-35760925/gradient-compression-middle.csv,0.00010850694444444444,30,0.008012499999999999,0.00781425,0.00824225,0.9774726989079565,False,False
gradient-compression,e77ffd0b75f255761df3bc4c0830771bb75243da7d366a0e80be0186efb789d4,2359296,1,256,0.0,0,bits-sq,8,128,7,selection_isolated,/home/jirka/research/2024/bits-knn-jpdc2024/data/application-scaling/ampere02-35760925/gradient-compression-middle.csv,0.00010850694444444444,30,0.36629500000000004,0.36601225,0.36668325,0.1220819285002525,False,False
gradient-compression,e77ffd0b75f255761df3bc4c0830771bb75243da7d366a0e80be0186efb789d4,2359296,1,256,0.0,0,bits-sq,8,128,7,transform_isolated,/home/jirka/research/2024/bits-knn-jpdc2024/data/application-scaling/ampere02-35760925/gradient-compression-middle.csv,0.00010850694444444444,30,0.014602,0.014521999999999998,0.0147605,1.0075674565128063,False,False
gradient-compression,e77ffd0b75f255761df3bc4c0830771bb75243da7d366a0e80be0186efb789d4,2359296,1,256,0.0,0,bits-sq,8,128,7,upload_shared,/home/jirka/research/2024/bits-knn-jpdc2024/data/application-scaling/ampere02-35760925/gradient-compression-middle.csv,0.00010850694444444444,1,0.48886100000000005,0.48886100000000005,0.48886100000000005,1.253524007846811,False,False
gradient-compression,e77ffd0b75f255761df3bc4c0830771bb75243da7d366a0e80be0186efb789d4,2359296,1,256,0.0,0,bits-sq,8,128,8,download,/home/jirka/research/2024/bits-knn-jpdc2024/data/application-scaling/ampere02-35760925/gradient-compression-middle.csv,0.00010850694444444444,30,0.008268000000000001,0.00810475,0.0089905,0.9775641025641024,False,False
gradient-compression,e77ffd0b75f255761df3bc4c0830771bb75243da7d366a0e80be0186efb789d4,2359296,1,256,0.0,0,bits-sq,8,128,8,operator,/home/jirka/research/2024/bits-knn-jpdc2024/data/application-scaling/ampere02-35760925/gradient-compression-middle.csv,0.00010850694444444444,30,0.3651035,0.36445225,0.36571475,0.16770039180670687,False,False
gradient-compression,e77ffd0b75f255761df3bc4c0830771bb75243da7d366a0e80be0186efb789d4,2359296,1,256,0.0,0,bits-sq,8,128,8,output_isolated,/home/jirka/research/2024/bits-knn-jpdc2024/data/application-scaling/ampere02-35760925/gradient-compression-middle.csv,0.00010850694444444444,30,0.007932,0.0076845,0.008039500000000002,0.9873928391326274,False,False
gradient-compression,e77ffd0b75f255761df3bc4c0830771bb75243da7d366a0e80be0186efb789d4,2359296,1,256,0.0,0,bits-sq,8,128,8,selection_isolated,/home/jirka/research/2024/bits-knn-jpdc2024/data/application-scaling/ampere02-35760925/gradient-compression-middle.csv,0.00010850694444444444,30,0.348613,0.34824525,0.34882874999999997,0.12827404600516903,False,False
gradient-compression,e77ffd0b75f255761df3bc4c0830771bb75243da7d366a0e80be0186efb789d4,2359296,1,256,0.0,0,bits-sq,8,128,8,transform_isolated,/home/jirka/research/2024/bits-knn-jpdc2024/data/application-scaling/ampere02-35760925/gradient-compression-middle.csv,0.00010850694444444444,30,0.014592,0.0144945,0.01470975,1.0082579495614035,False,False
gradient-compression,e77ffd0b75f255761df3bc4c0830771bb75243da7d366a0e80be0186efb789d4,2359296,1,256,0.0,0,bits-sq,8,128,8,upload_shared,/home/jirka/research/2024/bits-knn-jpdc2024/data/application-scaling/ampere02-35760925/gradient-compression-middle.csv,0.00010850694444444444,1,0.46965199999999996,0.46965199999999996,0.46965199999999996,1.3047937621898769,False,False
gradient-compression,e77ffd0b75f255761df3bc4c0830771bb75243da7d366a0e80be0186efb789d4,2359296,1,256,0.0,0,bits-sq,8,128,13,download,/home/jirka/research/2024/bits-knn-jpdc2024/data/application-scaling/ampere02-35760925/gradient-compression-middle.csv,0.00010850694444444444,30,0.008182499999999999,0.00806525,0.008674000000000001,0.987778796211427,False,False
gradient-compression,e77ffd0b75f255761df3bc4c0830771bb75243da7d366a0e80be0186efb789d4,2359296,1,256,0.0,0,bits-sq,8,128,13,operator,/home/jirka/research/2024/bits-knn-jpdc2024/data/application-scaling/ampere02-35760925/gradient-compression-middle.csv,0.00010850694444444444,30,0.344997,0.34454450000000003,0.345508,0.1774740070203509,False,False
gradient-compression,e77ffd0b75f255761df3bc4c0830771bb75243da7d366a0e80be0186efb789d4,2359296,1,256,0.0,0,bits-sq,8,128,13,output_isolated,/home/jirka/research/2024/bits-knn-jpdc2024/data/application-scaling/ampere02-35760925/gradient-compression-middle.csv,0.00010850694444444444,30,0.008018,0.007852,0.00828775,0.9768021950611124,False,False
gradient-compression,e77ffd0b75f255761df3bc4c0830771bb75243da7d366a0e80be0186efb789d4,2359296,1,256,0.0,0,bits-sq,8,128,13,selection_isolated,/home/jirka/research/2024/bits-knn-jpdc2024/data/application-scaling/ampere02-35760925/gradient-compression-middle.csv,0.00010850694444444444,30,0.32802200000000004,0.32768949999999997,0.3284405,0.13632622202169364,False,False
gradient-compression,e77ffd0b75f255761df3bc4c0830771bb75243da7d366a0e80be0186efb789d4,2359296,1,256,0.0,0,bits-sq,8,128,13,transform_isolated,/home/jirka/research/2024/bits-knn-jpdc2024/data/application-scaling/ampere02-35760925/gradient-compression-middle.csv,0.00010850694444444444,30,0.014607,0.014526999999999998,0.014679749999999998,1.0072225645238584,False,False
gradient-compression,e77ffd0b75f255761df3bc4c0830771bb75243da7d366a0e80be0186efb789d4,2359296,1,256,0.0,0,bits-sq,8,128,13,upload_shared,/home/jirka/research/2024/bits-knn-jpdc2024/data/application-scaling/ampere02-35760925/gradient-compression-middle.csv,0.00010850694444444444,1,0.475151,0.475151,0.475151,1.2896931712234636,False,False
gradient-compression,e77ffd0b75f255761df3bc4c0830771bb75243da7d366a0e80be0186efb789d4,2359296,1,256,0.0,0,bits-sq,8,128,16,download,/home/jirka/research/2024/bits-knn-jpdc2024/data/application-scaling/ampere02-35760925/gradient-compression-middle.csv,0.00010850694444444444,30,0.008132,0.0080095,0.008443,0.9939129365469748,False,False
gradient-compression,e77ffd0b75f255761df3bc4c0830771bb75243da7d366a0e80be0186efb789d4,2359296,1,256,0.0,0,bits-sq,8,128,16,operator,/home/jirka/research/2024/bits-knn-jpdc2024/data/application-scaling/ampere02-35760925/gradient-compression-middle.csv,0.00010850694444444444,30,0.33545349999999996,0.33500775,0.336009,0.1825230620637436,False,False
gradient-compression,e77ffd0b75f255761df3bc4c0830771bb75243da7d366a0e80be0186efb789d4,2359296,1,256,0.0,0,bits-sq,8,128,16,output_isolated,/home/jirka/research/2024/bits-knn-jpdc2024/data/application-scaling/ampere02-35760925/gradient-compression-middle.csv,0.00010850694444444444,30,0.007937,0.00782625,0.008004500000000001,0.9867708202091471,False,False
gradient-compression,e77ffd0b75f255761df3bc4c0830771bb75243da7d366a0e80be0186efb789d4,2359296,1,256,0.0,0,bits-sq,8,128,16,selection_isolated,/home/jirka/research/2024/bits-knn-jpdc2024/data/application-scaling/ampere02-35760925/gradient-compression-middle.csv,0.00010850694444444444,30,0.318718,0.31843525,0.31894125,0.1403058503128157,False,False
gradient-compression,e77ffd0b75f255761df3bc4c0830771bb75243da7d366a0e80be0186efb789d4,2359296,1,256,0.0,0,bits-sq,8,128,16,transform_isolated,/home/jirka/research/2024/bits-knn-jpdc2024/data/application-scaling/ampere02-35760925/gradient-compression-middle.csv,0.00010850694444444444,30,0.0146675,0.0145345,0.014770250000000002,1.003068007499574,False,False
gradient-compression,e77ffd0b75f255761df3bc4c0830771bb75243da7d366a0e80be0186efb789d4,2359296,1,256,0.0,0,bits-sq,8,128,16,upload_shared,/home/jirka/research/2024/bits-knn-jpdc2024/data/application-scaling/ampere02-35760925/gradient-compression-middle.csv,0.00010850694444444444,1,0.484774,0.484774,0.484774,1.2640921336540325,False,False
gradient-compression,e77ffd0b75f255761df3bc4c0830771bb75243da7d366a0e80be0186efb789d4,2359296,1,256,0.0,0,bits-sq,8,256,4,download,/home/jirka/research/2024/bits-knn-jpdc2024/data/application-scaling/ampere02-35760925/gradient-compression-middle.csv,0.00010850694444444444,30,0.0083825,0.00819025,0.009139,0.9642111541902774,False,False
gradient-compression,e77ffd0b75f255761df3bc4c0830771bb75243da7d366a0e80be0186efb789d4,2359296,1,256,0.0,0,bits-sq,8,256,4,operator,/home/jirka/research/2024/bits-knn-jpdc2024/data/application-scaling/ampere02-35760925/gradient-compression-middle.csv,0.00010850694444444444,30,0.31677,0.3163815,0.31709099999999996,0.19328850585598387,False,False
gradient-compression,e77ffd0b75f255761df3bc4c0830771bb75243da7d366a0e80be0186efb789d4,2359296,1,256,0.0,0,bits-sq,8,256,4,output_isolated,/home/jirka/research/2024/bits-knn-jpdc2024/data/application-scaling/ampere02-35760925/gradient-compression-middle.csv,0.00010850694444444444,30,0.007927,0.007847,0.007967,0.9880156427400025,False,False
gradient-compression,e77ffd0b75f255761df3bc4c0830771bb75243da7d366a0e80be0186efb789d4,2359296,1,256,0.0,0,bits-sq,8,256,4,selection_isolated,/home/jirka/research/2024/bits-knn-jpdc2024/data/application-scaling/ampere02-35760925/gradient-compression-middle.csv,0.00010850694444444444,30,0.300275,0.30008250000000003,0.3005275,0.1489234868037632,False,False
gradient-compression,e77ffd0b75f255761df3bc4c0830771bb75243da7d366a0e80be0186efb789d4,2359296,1,256,0.0,0,bits-sq,8,256,4,transform_isolated,/home/jirka/research/2024/bits-knn-jpdc2024/data/application-scaling/ampere02-35760925/gradient-compression-middle.csv,0.00010850694444444444,30,0.014537000000000001,0.014502,0.014679499999999998,1.0120726422232922,False,False
gradient-compression,e77ffd0b75f255761df3bc4c0830771bb75243da7d366a0e80be0186efb789d4,2359296,1,256,0.0,0,bits-sq,8,256,4,upload_shared,/home/jirka/research/2024/bits-knn-jpdc2024/data/application-scaling/ampere02-35760925/gradient-compression-middle.csv,0.00010850694444444444,1,0.48540500000000003,0.48540500000000003,0.48540500000000003,1.2624488828916058,False,False
gradient-compression,e77ffd0b75f255761df3bc4c0830771bb75243da7d366a0e80be0186efb789d4,2359296,1,256,0.0,0,bits-sq,8,256,7,download,/home/jirka/research/2024/bits-knn-jpdc2024/data/application-scaling/ampere02-35760925/gradient-compression-middle.csv,0.00010850694444444444,30,0.0082625,0.00811725,0.008433000000000001,0.9782148260211798,False,False
gradient-compression,e77ffd0b75f255761df3bc4c0830771bb75243da7d366a0e80be0186efb789d4,2359296,1,256,0.0,0,bits-sq,8,256,7,operator,/home/jirka/research/2024/bits-knn-jpdc2024/data/application-scaling/ampere02-35760925/gradient-compression-middle.csv,0.00010850694444444444,30,0.28906299999999996,0.28880799999999995,0.28964875,0.21181541740035914,False,False
gradient-compression,e77ffd0b75f255761df3bc4c0830771bb75243da7d366a0e80be0186efb789d4,2359296,1,256,0.0,0,bits-sq,8,256,7,output_isolated,/home/jirka/research/2024/bits-knn-jpdc2024/data/application-scaling/ampere02-35760925/gradient-compression-middle.csv,0.00010850694444444444,30,0.007917,0.007828749999999999,0.00813225,0.9892636099532651,False,False
gradient-compression,e77ffd0b75f255761df3bc4c0830771bb75243da7d366a0e80be0186efb789d4,2359296,1,256,0.0,0,bits-sq,8,256,7,selection_isolated,/home/jirka/research/2024/bits-knn-jpdc2024/data/application-scaling/ampere02-35760925/gradient-compression-middle.csv,0.00010850694444444444,30,0.27257299999999995,0.2723555,0.27281125,0.1640588025960018,False,False
gradient-compression,e77ffd0b75f255761df3bc4c0830771bb75243da7d366a0e80be0186efb789d4,2359296,1,256,0.0,0,bits-sq,8,256,7,transform_isolated,/home/jirka/research/2024/bits-knn-jpdc2024/data/application-scaling/ampere02-35760925/gradient-compression-middle.csv,0.00010850694444444444,30,0.014602,0.014511999999999999,0.014652,1.0075674565128063,False,False
gradient-compression,e77ffd0b75f255761df3bc4c0830771bb75243da7d366a0e80be0186efb789d4,2359296,1,256,0.0,0,bits-sq,8,256,7,upload_shared,/home/jirka/research/2024/bits-knn-jpdc2024/data/application-scaling/ampere02-35760925/gradient-compression-middle.csv,0.00010850694444444444,1,0.480458,0.480458,0.480458,1.2754475937542928,False,False
gradient-compression,e77ffd0b75f255761df3bc4c0830771bb75243da7d366a0e80be0186efb789d4,2359296,1,256,0.0,0,bits-sq,8,256,8,download,/home/jirka/research/2024/bits-knn-jpdc2024/data/application-scaling/ampere02-35760925/gradient-compression-middle.csv,0.00010850694444444444,30,0.0082425,0.008042,0.00876825,0.9805884137094327,False,False
gradient-compression,e77ffd0b75f255761df3bc4c0830771bb75243da7d366a0e80be0186efb789d4,2359296,1,256,0.0,0,bits-sq,8,256,8,operator,/home/jirka/research/2024/bits-knn-jpdc2024/data/application-scaling/ampere02-35760925/gradient-compression-middle.csv,0.00010850694444444444,30,0.286088,0.285788,0.286484,0.21401806437180168,False,False
gradient-compression,e77ffd0b75f255761df3bc4c0830771bb75243da7d366a0e80be0186efb789d4,2359296,1,256,0.0,0,bits-sq,8,256,8,output_isolated,/home/jirka/research/2024/bits-knn-jpdc2024/data/application-scaling/ampere02-35760925/gradient-compression-middle.csv,0.00010850694444444444,30,0.007867,0.0077494999999999994,0.00823725,0.995551035973052,False,False
gradient-compression,e77ffd0b75f255761df3bc4c0830771bb75243da7d366a0e80be0186efb789d4,2359296,1,256,0.0,0,bits-sq,8,256,8,selection_isolated,/home/jirka/research/2024/bits-knn-jpdc2024/data/application-scaling/ampere02-35760925/gradient-compression-middle.csv,0.00010850694444444444,30,0.26985400000000004,0.26947625,0.2704175,0.16571182935957957,False,False
gradient-compression,e77ffd0b75f255761df3bc4c0830771bb75243da7d366a0e80be0186efb789d4,2359296,1,256,0.0,0,bits-sq,8,256,8,transform_isolated,/home/jirka/research/2024/bits-knn-jpdc2024/data/application-scaling/ampere02-35760925/gradient-compression-middle.csv,0.00010850694444444444,30,0.014602,0.014482,0.014679499999999998,1.0075674565128063,False,False
gradient-compression,e77ffd0b75f255761df3bc4c0830771bb75243da7d366a0e80be0186efb789d4,2359296,1,256,0.0,0,bits-sq,8,256,8,upload_shared,/home/jirka/research/2024/bits-knn-jpdc2024/data/application-scaling/ampere02-35760925/gradient-compression-middle.csv,0.00010850694444444444,1,0.47490899999999997,0.47490899999999997,0.47490899999999997,1.2903503618587984,False,False
gradient-compression,e77ffd0b75f255761df3bc4c0830771bb75243da7d366a0e80be0186efb789d4,2359296,1,256,0.0,0,bits-sq,8,256,13,download,/home/jirka/research/2024/bits-knn-jpdc2024/data/application-scaling/ampere02-35760925/gradient-compression-middle.csv,0.00010850694444444444,30,0.008277,0.008185499999999998,0.00837975,0.9765011477588498,False,False
gradient-compression,e77ffd0b75f255761df3bc4c0830771bb75243da7d366a0e80be0186efb789d4,2359296,1,256,0.0,0,bits-sq,8,256,13,operator,/home/jirka/research/2024/bits-knn-jpdc2024/data/application-scaling/ampere02-35760925/gradient-compression-middle.csv,0.00010850694444444444,30,0.29332899999999995,0.293049,0.29366249999999994,0.2087349017655943,False,False
gradient-compression,e77ffd0b75f255761df3bc4c0830771bb75243da7d366a0e80be0186efb789d4,2359296,1,256,0.0,0,bits-sq,8,256,13,output_isolated,/home/jirka/research/2024/bits-knn-jpdc2024/data/application-scaling/ampere02-35760925/gradient-compression-middle.csv,0.00010850694444444444,30,0.0078875,0.0077845,0.00813775,0.9929635499207607,False,False
gradient-compression,e77ffd0b75f255761df3bc4c0830771bb75243da7d366a0e80be0186efb789d4,2359296,1,256,0.0,0,bits-sq,8,256,13,selection_isolated,/home/jirka/research/2024/bits-knn-jpdc2024/data/application-scaling/ampere02-35760925/gradient-compression-middle.csv,0.00010850694444444444,30,0.2767695,0.276614,0.2770125,0.16157127140093108,False,False
gradient-compression,e77ffd0b75f255761df3bc4c0830771bb75243da7d366a0e80be0186efb789d4,2359296,1,256,0.0,0,bits-sq,8,256,13,transform_isolated,/home/jirka/research/2024/bits-knn-jpdc2024/data/application-scaling/ampere02-35760925/gradient-compression-middle.csv,0.00010850694444444444,30,0.014647,0.0145945,0.014767,1.0044719055096607,False,False
gradient-compression,e77ffd0b75f255761df3bc4c0830771bb75243da7d366a0e80be0186efb789d4,2359296,1,256,0.0,0,bits-sq,8,256,13,upload_shared,/home/jirka/research/2024/bits-knn-jpdc2024/data/application-scaling/ampere02-35760925/gradient-compression-middle.csv,0.00010850694444444444,1,0.47714300000000004,0.47714300000000004,0.47714300000000004,1.2843088969135037,False,False
gradient-compression,e77ffd0b75f255761df3bc4c0830771bb75243da7d366a0e80be0186efb789d4,2359296,1,256,0.0,0,bits-sq,8,256,16,download,/home/jirka/research/2024/bits-knn-jpdc2024/data/application-scaling/ampere02-35760925/gradient-compression-middle.csv,0.00010850694444444444,30,0.008137,0.0080005,0.008289499999999998,0.9933021998279463,False,False
gradient-compression,e77ffd0b75f255761df3bc4c0830771bb75243da7d366a0e80be0186efb789d4,2359296,1,256,0.0,0,bits-sq,8,256,16,operator,/home/jirka/research/2024/bits-knn-jpdc2024/data/application-scaling/ampere02-35760925/gradient-compression-middle.csv,0.00010850694444444444,30,0.30361499999999997,0.30333725,0.3039735,0.20166329068063177,False,False
gradient-compression,e77ffd0b75f255761df3bc4c0830771bb75243da7d366a0e80be0186efb789d4,2359296,1,256,0.0,0,bits-sq,8,256,16,output_isolated,/home/jirka/research/2024/bits-knn-jpdc2024/data/application-scaling/ampere02-35760925/gradient-compression-middle.csv,0.00010850694444444444,30,0.007892,0.007781999999999999,0.008127,0.9923973644196655,False,False
gradient-compression,e77ffd0b75f255761df3bc4c0830771bb75243da7d366a0e80be0186efb789d4,2359296,1,256,0.0,0,bits-sq,8,256,16,selection_isolated,/home/jirka/research/2024/bits-knn-jpdc2024/data/application-scaling/ampere02-35760925/gradient-compression-middle.csv,0.00010850694444444444,30,0.28707000000000005,0.28697750000000005,0.28726025,0.1557738530671961,False,False
gradient-compression,e77ffd0b75f255761df3bc4c0830771bb75243da7d366a0e80be0186efb789d4,2359296,1,256,0.0,0,bits-sq,8,256,16,transform_isolated,/home/jirka/research/2024/bits-knn-jpdc2024/data/application-scaling/ampere02-35760925/gradient-compression-middle.csv,0.00010850694444444444,30,0.014557,0.014492,0.014676999999999999,1.0106821460465756,False,False
gradient-compression,e77ffd0b75f255761df3bc4c0830771bb75243da7d366a0e80be0186efb789d4,2359296,1,256,0.0,0,bits-sq,8,256,16,upload_shared,/home/jirka/research/2024/bits-knn-jpdc2024/data/application-scaling/ampere02-35760925/gradient-compression-middle.csv,0.00010850694444444444,1,0.47080299999999997,0.47080299999999997,0.47080299999999997,1.3016038555404277,False,False
gradient-compression,e77ffd0b75f255761df3bc4c0830771bb75243da7d366a0e80be0186efb789d4,2359296,1,256,0.0,0,bits-sq,8,512,4,download,/home/jirka/research/2024/bits-knn-jpdc2024/data/application-scaling/ampere02-35760925/gradient-compression-middle.csv,0.00010850694444444444,30,0.008212500000000001,0.008144499999999999,0.00832975,0.9841704718417045,False,False
gradient-compression,e77ffd0b75f255761df3bc4c0830771bb75243da7d366a0e80be0186efb789d4,2359296,1,256,0.0,0,bits-sq,8,512,4,operator,/home/jirka/research/2024/bits-knn-jpdc2024/data/application-scaling/ampere02-35760925/gradient-compression-middle.csv,0.00010850694444444444,30,0.21611249999999999,0.21538349999999998,0.21652575,0.28331540285730816,False,False
gradient-compression,e77ffd0b75f255761df3bc4c0830771bb75243da7d366a0e80be0186efb789d4,2359296,1,256,0.0,0,bits-sq,8,512,4,output_isolated,/home/jirka/research/2024/bits-knn-jpdc2024/data/application-scaling/ampere02-35760925/gradient-compression-middle.csv,0.00010850694444444444,30,0.0078515,0.00774125,0.0080895,0.9975163981404827,False,False
gradient-compression,e77ffd0b75f255761df3bc4c0830771bb75243da7d366a0e80be0186efb789d4,2359296,1,256,0.0,0,bits-sq,8,512,4,selection_isolated,/home/jirka/research/2024/bits-knn-jpdc2024/data/application-scaling/ampere02-35760925/gradient-compression-middle.csv,0.00010850694444444444,30,0.19958700000000001,0.19912175,0.19980050000000002,0.2240526687609914,False,False
gradient-compression,e77ffd0b75f255761df3bc4c0830771bb75243da7d366a0e80be0186efb789d4,2359296,1,256,0.0,0,bits-sq,8,512,4,transform_isolated,/home/jirka/research/2024/bits-knn-jpdc2024/data/application-scaling/ampere02-35760925/gradient-compression-middle.csv,0.00010850694444444444,30,0.0146075,0.014531999999999998,0.01472975,1.007188088310799,False,False
gradient-compression,e77ffd0b75f255761df3bc4c0830771bb75243da7d366a0e80be0186efb789d4,2359296,1,256,0.0,0,bits-sq,8,512,4,upload_shared,/home/jirka/research/2024/bits-knn-jpdc2024/data/application-scaling/ampere02-35760925/gradient-compression-middle.csv,0.00010850694444444444,1,0.47249599999999997,0.47249599999999997,0.47249599999999997,1.2969400799160204,False,False
gradient-compression,e77ffd0b75f255761df3bc4c0830771bb75243da7d366a0e80be0186efb789d4,2359296,1,256,0.0,0,bits-sq,8,512,7,download,/home/jirka/research/2024/bits-knn-jpdc2024/data/application-scaling/ampere02-35760925/gradient-compression-middle.csv,0.00010850694444444444,30,0.0082075,0.0081045,0.0085605,0.9847700274139506,False,False
gradient-compression,e77ffd0b75f255761df3bc4c0830771bb75243da7d366a0e80be0186efb789d4,2359296,1,256,0.0,0,bits-sq,8,512,7,operator,/home/jirka/research/2024/bits-knn-jpdc2024/data/application-scaling/ampere02-35760925/gradient-compression-middle.csv,0.00010850694444444444,30,0.2033585,0.203133,0.20362324999999998,0.30108404615494316,False,False
gradient-compression,e77ffd0b75f255761df3bc4c0830771bb75243da7d366a0e80be0186efb789d4,2359296,1,256,0.0,0,bits-sq,8,512,7,output_isolated,/home/jirka/research/2024/bits-knn-jpdc2024/data/application-scaling/ampere02-35760925/gradient-compression-middle.csv,0.00010850694444444444,30,0.0079375,0.0078145,0.00812775,0.9867086614173228,False,False
gradient-compression,e77ffd0b75f255761df3bc4c0830771bb75243da7d366a0e80be0186efb789d4,2359296,1,256,0.0,0,bits-sq,8,512,7,selection_isolated,/home/jirka/research/2024/bits-knn-jpdc2024/data/application-scaling/ampere02-35760925/gradient-compression-middle.csv,0.00010850694444444444,30,0.187214,0.18693549999999998,0.18737075,0.23886034164111655,False,False
gradient-compression,e77ffd0b75f255761df3bc4c0830771bb75243da7d366a0e80be0186efb789d4,2359296,1,256,0.0,0,bits-sq,8,512,7,transform_isolated,/home/jirka/research/2024/bits-knn-jpdc2024/data/application-scaling/ampere02-35760925/gradient-compression-middle.csv,0.00010850694444444444,30,0.014562,0.014492,0.01470975,1.0103351188023624,False,False
gradient-compression,e77ffd0b75f255761df3bc4c0830771bb75243da7d366a0e80be0186efb789d4,2359296,1,256,0.0,0,bits-sq,8,512,7,upload_shared,/home/jirka/research/2024/bits-knn-jpdc2024/data/application-scaling/ampere02-35760925/gradient-compression-middle.csv,0.00010850694444444444,1,0.477263,0.477263,0.477263,1.2839859783808927,False,False
gradient-compression,e77ffd0b75f255761df3bc4c0830771bb75243da7d366a0e80be0186efb789d4,2359296,1,256,0.0,0,bits-sq,8,512,8,download,/home/jirka/research/2024/bits-knn-jpdc2024/data/application-scaling/ampere02-35760925/gradient-compression-middle.csv,0.00010850694444444444,30,0.0082525,0.008102999999999999,0.00856525,0.9794001817631021,False,False
gradient-compression,e77ffd0b75f255761df3bc4c0830771bb75243da7d366a0e80be0186efb789d4,2359296,1,256,0.0,0,bits-sq,8,512,8,operator,/home/jirka/research/2024/bits-knn-jpdc2024/data/application-scaling/ampere02-35760925/gradient-compression-middle.csv,0.00010850694444444444,30,0.2016055,0.20120249999999998,0.20206174999999998,0.30370203193861284,False,False
gradient-compression,e77ffd0b75f255761df3bc4c0830771bb75243da7d366a0e80be0186efb789d4,2359296,1,256,0.0,0,bits-sq,8,512,8,output_isolated,/home/jirka/research/2024/bits-knn-jpdc2024/data/application-scaling/ampere02-35760925/gradient-compression-middle.csv,0.00010850694444444444,30,0.007852,0.00776375,0.0080245,0.9974528782475803,False,False
gradient-compression,e77ffd0b75f255761df3bc4c0830771bb75243da7d366a0e80be0186efb789d4,2359296,1,256,0.0,0,bits-sq,8,512,8,selection_isolated,/home/jirka/research/2024/bits-knn-jpdc2024/data/application-scaling/ampere02-35760925/gradient-compression-middle.csv,0.00010850694444444444,30,0.18529600000000002,0.18517275,0.185501,0.24133278646058193,False,False
gradient-compression,e77ffd0b75f255761df3bc4c0830771bb75243da7d366a0e80be0186efb789d4,2359296,1,256,0.0,0,bits-sq,8,512,8,transform_isolated,/home/jirka/research/2024/bits-knn-jpdc2024/data/application-scaling/ampere02-35760925/gradient-compression-middle.csv,0.00010850694444444444,30,0.014622,0.0145145,0.014699499999999999,1.0061893037888114,False,False
gradient-compression,e77ffd0b75f255761df3bc4c0830771bb75243da7d366a0e80be0186efb789d4,2359296,1,256,0.0,0,bits-sq,8,512,8,upload_shared,/home/jirka/research/2024/bits-knn-jpdc2024/data/application-scaling/ampere02-35760925/gradient-compression-middle.csv,0.00010850694444444444,1,0.480808,0.480808,0.480808,1.2745191427763265,False,False
gradient-compression,e77ffd0b75f255761df3bc4c0830771bb75243da7d366a0e80be0186efb789d4,2359296,1,256,0.0,0,bits-sq,8,512,13,download,/home/jirka/research/2024/bits-knn-jpdc2024/data/application-scaling/ampere02-35760925/gradient-compression-middle.csv,0.00010850694444444444,30,0.008177,0.0080945,0.0084905,0.9884431943255472,False,False
gradient-compression,e77ffd0b75f255761df3bc4c0830771bb75243da7d366a0e80be0186efb789d4,2359296,1,256,0.0,0,bits-sq,8,512,13,operator,/home/jirka/research/2024/bits-knn-jpdc2024/data/application-scaling/ampere02-35760925/gradient-compression-middle.csv,0.00010850694444444444,30,0.21042899999999998,0.21020575,0.210709,0.29096749972674874,False,False
gradient-compression,e77ffd0b75f255761df3bc4c0830771bb75243da7d366a0e80be0186efb789d4,2359296,1,256,0.0,0,bits-sq,8,512,13,output_isolated,/home/jirka/research/2024/bits-knn-jpdc2024/data/application-scaling/ampere02-35760925/gradient-compression-middle.csv,0.00010850694444444444,30,0.0078675,0.007774499999999998,0.007965249999999998,0.9954877661264697,False,False
gradient-compression,e77ffd0b75f255761df3bc4c0830771bb75243da7d366a0e80be0186efb789d4,2359296,1,256,0.0,0,bits-sq,8,512,13,selection_isolated,/home/jirka/research/2024/bits-knn-jpdc2024/data/application-scaling/ampere02-35760925/gradient-compression-middle.csv,0.00010850694444444444,30,0.1942795,0.19403425,0.19441225,0.23017353863891968,False,False
gradient-compression,e77ffd0b75f255761df3bc4c0830771bb75243da7d366a0e80be0186efb789d4,2359296,1,256,0.0,0,bits-sq,8,512,13,transform_isolated,/home/jirka/research/2024/bits-knn-jpdc2024/data/application-scaling/ampere02-35760925/gradient-compression-middle.csv,0.00010850694444444444,30,0.014617,0.014487,0.01467725,1.0065334884039132,False,False
gradient-compression,e77ffd0b75f255761df3bc4c0830771bb75243da7d366a0e80be0186efb789d4,2359296,1,256,0.0,0,bits-sq,8,512,13,upload_shared,/home/jirka/research/2024/bits-knn-jpdc2024/data/application-scaling/ampere02-35760925/gradient-compression-middle.csv,0.00010850694444444444,1,0.48912100000000003,0.48912100000000003,0.48912100000000003,1.2528576773436428,False,False
gradient-compression,e77ffd0b75f255761df3bc4c0830771bb75243da7d366a0e80be0186efb789d4,2359296,1,256,0.0,0,bits-sq,8,512,16,download,/home/jirka/research/2024/bits-knn-jpdc2024/data/application-scaling/ampere02-35760925/gradient-compression-middle.csv,0.00010850694444444444,30,0.008202000000000001,0.008076999999999999,0.00848775,0.9854303828334551,False,False
gradient-compression,e77ffd0b75f255761df3bc4c0830771bb75243da7d366a0e80be0186efb789d4,2359296,1,256,0.0,0,bits-sq,8,512,16,operator,/home/jirka/research/2024/bits-knn-jpdc2024/data/application-scaling/ampere02-35760925/gradient-compression-middle.csv,0.00010850694444444444,30,0.214515,0.21409975,0.2148275,0.2854252616367154,False,False
gradient-compression,e77ffd0b75f255761df3bc4c0830771bb75243da7d366a0e80be0186efb789d4,2359296,1,256,0.0,0,bits-sq,8,512,16,output_isolated,/home/jirka/research/2024/bits-knn-jpdc2024/data/application-scaling/ampere02-35760925/gradient-compression-middle.csv,0.00010850694444444444,30,0.007942,0.007867,0.008257750000000001,0.9861495844875348,False,False
gradient-compression,e77ffd0b75f255761df3bc4c0830771bb75243da7d366a0e80be0186efb789d4,2359296,1,256,0.0,0,bits-sq,8,512,16,selection_isolated,/home/jirka/research/2024/bits-knn-jpdc2024/data/application-scaling/ampere02-35760925/gradient-compression-middle.csv,0.00010850694444444444,30,0.19719399999999998,0.19705050000000002,0.19740975,0.22677160562694604,False,False
gradient-compression,e77ffd0b75f255761df3bc4c0830771bb75243da7d366a0e80be0186efb789d4,2359296,1,256,0.0,0,bits-sq,8,512,16,transform_isolated,/home/jirka/research/2024/bits-knn-jpdc2024/data/application-scaling/ampere02-35760925/gradient-compression-middle.csv,0.00010850694444444444,30,0.014582000000000001,0.0145245,0.014688,1.008949389658483,False,False
gradient-compression,e77ffd0b75f255761df3bc4c0830771bb75243da7d366a0e80be0186efb789d4,2359296,1,256,0.0,0,bits-sq,8,512,16,upload_shared,/home/jirka/research/2024/bits-knn-jpdc2024/data/application-scaling/ampere02-35760925/gradient-compression-middle.csv,0.00010850694444444444,1,0.612799,0.612799,0.612799,1.0,False,False
gradient-compression,e77ffd0b75f255761df3bc4c0830771bb75243da7d366a0e80be0186efb789d4,2359296,1,256,0.0,0,bits-sq,32,128,4,download,/home/jirka/research/2024/bits-knn-jpdc2024/data/application-scaling/ampere02-35760925/gradient-compression-middle.csv,0.00010850694444444444,30,0.008242,0.00817225,0.0086455,0.9806479009949042,False,False
gradient-compression,e77ffd0b75f255761df3bc4c0830771bb75243da7d366a0e80be0186efb789d4,2359296,1,256,0.0,0,bits-sq,32,128,4,operator,/home/jirka/research/2024/bits-knn-jpdc2024/data/application-scaling/ampere02-35760925/gradient-compression-middle.csv,0.00010850694444444444,30,0.2240695,0.2237115,0.2246935,0.2732545036249914,False,False
gradient-compression,e77ffd0b75f255761df3bc4c0830771bb75243da7d366a0e80be0186efb789d4,2359296,1,256,0.0,0,bits-sq,32,128,4,output_isolated,/home/jirka/research/2024/bits-knn-jpdc2024/data/application-scaling/ampere02-35760925/gradient-compression-middle.csv,0.00010850694444444444,30,0.007927,0.0078145,0.00820525,0.9880156427400025,False,False
gradient-compression,e77ffd0b75f255761df3bc4c0830771bb75243da7d366a0e80be0186efb789d4,2359296,1,256,0.0,0,bits-sq,32,128,4,selection_isolated,/home/jirka/research/2024/bits-knn-jpdc2024/data/application-scaling/ampere02-35760925/gradient-compression-middle.csv,0.00010850694444444444,30,0.20754450000000002,0.207214,0.20774750000000003,0.2154622261731821,False,False
gradient-compression,e77ffd0b75f255761df3bc4c0830771bb75243da7d366a0e80be0186efb789d4,2359296,1,256,0.0,0,bits-sq,32,128,4,transform_isolated,/home/jirka/research/2024/bits-knn-jpdc2024/data/application-scaling/ampere02-35760925/gradient-compression-middle.csv,0.00010850694444444444,30,0.014667,0.014574499999999999,0.014732750000000001,1.0031022022226768,False,False
gradient-compression,e77ffd0b75f255761df3bc4c0830771bb75243da7d366a0e80be0186efb789d4,2359296,1,256,0.0,0,bits-sq,32,128,4,upload_shared,/home/jirka/research/2024/bits-knn-jpdc2024/data/application-scaling/ampere02-35760925/gradient-compression-middle.csv,0.00010850694444444444,1,0.47966699999999995,0.47966699999999995,0.47966699999999995,1.2775508842592882,False,False
gradient-compression,e77ffd0b75f255761df3bc4c0830771bb75243da7d366a0e80be0186efb789d4,2359296,1,256,0.0,0,bits-sq,32,128,7,download,/home/jirka/research/2024/bits-knn-jpdc2024/data/application-scaling/ampere02-35760925/gradient-compression-middle.csv,0.00010850694444444444,30,0.0080725,0.007982999999999999,0.0081495,1.001238773614122,False,False
gradient-compression,e77ffd0b75f255761df3bc4c0830771bb75243da7d366a0e80be0186efb789d4,2359296,1,256,0.0,0,bits-sq,32,128,7,operator,/home/jirka/research/2024/bits-knn-jpdc2024/data/application-scaling/ampere02-35760925/gradient-compression-middle.csv,0.00010850694444444444,30,0.1899925,0.18983974999999997,0.1904615,0.3222653525797071,False,False
gradient-compression,e77ffd0b75f255761df3bc4c0830771bb75243da7d366a0e80be0186efb789d4,2359296,1,256,0.0,0,bits-sq,32,128,7,output_isolated,/home/jirka/research/2024/bits-knn-jpdc2024/data/application-scaling/ampere02-35760925/gradient-compression-middle.csv,0.00010850694444444444,30,0.007807,0.007762,0.0079395,1.0032022543870887,False,False
gradient-compression,e77ffd0b75f255761df3bc4c0830771bb75243da7d366a0e80be0186efb789d4,2359296,1,256,0.0,0,bits-sq,32,128,7,selection_isolated,/home/jirka/research/2024/bits-knn-jpdc2024/data/application-scaling/ampere02-35760925/gradient-compression-middle.csv,0.00010850694444444444,30,0.173773,0.173583,0.17403800000000003,0.25733571958819834,False,False
gradient-compression,e77ffd0b75f255761df3bc4c0830771bb75243da7d366a0e80be0186efb789d4,2359296,1,256,0.0,0,bits-sq,32,128,7,transform_isolated,/home/jirka/research/2024/bits-knn-jpdc2024/data/application-scaling/ampere02-35760925/gradient-compression-middle.csv,0.00010850694444444444,30,0.014597,0.014526999999999998,0.0146945,1.007912584777694,False,False
gradient-compression,e77ffd0b75f255761df3bc4c0830771bb75243da7d366a0e80be0186efb789d4,2359296,1,256,0.0,0,bits-sq,32,128,7,upload_shared,/home/jirka/research/2024/bits-knn-jpdc2024/data/application-scaling/ampere02-35760925/gradient-compression-middle.csv,0.00010850694444444444,1,0.469582,0.469582,0.469582,1.3049882661601169,False,False
gradient-compression,e77ffd0b75f255761df3bc4c0830771bb75243da7d366a0e80be0186efb789d4,2359296,1,256,0.0,0,bits-sq,32,128,8,download,/home/jirka/research/2024/bits-knn-jpdc2024/data/application-scaling/ampere02-35760925/gradient-compression-middle.csv,0.00010850694444444444,30,0.008157000000000001,0.008047,0.0088005,0.990866740223121,False,False
gradient-compression,e77ffd0b75f255761df3bc4c0830771bb75243da7d366a0e80be0186efb789d4,2359296,1,256,0.0,0,bits-sq,32,128,8,operator,/home/jirka/research/2024/bits-knn-jpdc2024/data/application-scaling/ampere02-35760925/gradient-compression-middle.csv,0.00010850694444444444,30,0.1875395,0.18725575,0.18802225,0.3264805547631299,False,False
gradient-compression,e77ffd0b75f255761df3bc4c0830771bb75243da7d366a0e80be0186efb789d4,2359296,1,256,0.0,0,bits-sq,32,128,8,output_isolated,/home/jirka/research/2024/bits-knn-jpdc2024/data/application-scaling/ampere02-35760925/gradient-compression-middle.csv,0.00010850694444444444,30,0.007877,0.007764500000000001,0.00794275,0.9942871651644027,False,False
gradient-compression,e77ffd0b75f255761df3bc4c0830771bb75243da7d366a0e80be0186efb789d4,2359296,1,256,0.0,0,bits-sq,32,128,8,selection_isolated,/home/jirka/research/2024/bits-knn-jpdc2024/data/application-scaling/ampere02-35760925/gradient-compression-middle.csv,0.00010850694444444444,30,0.171109,0.170944,0.1713675,0.26134218539059895,False,False
gradient-compression,e77ffd0b75f255761df3bc4c0830771bb75243da7d366a0e80be0186efb789d4,2359296,1,256,0.0,0,bits-sq,32,128,8,transform_isolated,/home/jirka/research/2024/bits-knn-jpdc2024/data/application-scaling/ampere02-35760925/gradient-compression-middle.csv,0.00010850694444444444,30,0.0145975,0.01449425,0.014732,1.0078780613118685,False,False
gradient-compression,e77ffd0b75f255761df3bc4c0830771bb75243da7d366a0e80be0186efb789d4,2359296,1,256,0.0,0,bits-sq,32,128,8,upload_shared,/home/jirka/research/2024/bits-knn-jpdc2024/data/application-scaling/ampere02-35760925/gradient-compression-middle.csv,0.00010850694444444444,1,0.476281,0.476281,0.476281,1.2866333110075774,False,False
gradient-compression,e77ffd0b75f255761df3bc4c0830771bb75243da7d366a0e80be0186efb789d4,2359296,1,256,0.0,0,bits-sq,32,128,13,download,/home/jirka/research/2024/bits-knn-jpdc2024/data/application-scaling/ampere02-35760925/gradient-compression-middle.csv,0.00010850694444444444,30,0.008131999999999999,0.008072,0.008218,0.993912936546975,False,False
gradient-compression,e77ffd0b75f255761df3bc4c0830771bb75243da7d366a0e80be0186efb789d4,2359296,1,256,0.0,0,bits-sq,32,128,13,operator,/home/jirka/research/2024/bits-knn-jpdc2024/data/application-scaling/ampere02-35760925/gradient-compression-middle.csv,0.00010850694444444444,30,0.1875345,0.187119,0.187824,0.3264892593096204,False,False
gradient-compression,e77ffd0b75f255761df3bc4c0830771bb75243da7d366a0e80be0186efb789d4,2359296,1,256,0.0,0,bits-sq,32,128,13,output_isolated,/home/jirka/research/2024/bits-knn-jpdc2024/data/application-scaling/ampere02-35760925/gradient-compression-middle.csv,0.00010850694444444444,30,0.007847,0.00771675,0.008067,0.9980884414425896,False,False
gradient-compression,e77ffd0b75f255761df3bc4c0830771bb75243da7d366a0e80be0186efb789d4,2359296,1,256,0.0,0,bits-sq,32,128,13,selection_isolated,/home/jirka/research/2024/bits-knn-jpdc2024/data/application-scaling/ampere02-35760925/gradient-compression-middle.csv,0.00010850694444444444,30,0.170954,0.17071325,0.17123925,0.2615791382477157,False,False
gradient-compression,e77ffd0b75f255761df3bc4c0830771bb75243da7d366a0e80be0186efb789d4,2359296,1,256,0.0,0,bits-sq,32,128,13,transform_isolated,/home/jirka/research/2024/bits-knn-jpdc2024/data/application-scaling/ampere02-35760925/gradient-compression-middle.csv,0.00010850694444444444,30,0.014572,0.014521999999999998,0.014712250000000001,1.0096417787537744,False,False
gradient-compression,e77ffd0b75f255761df3bc4c0830771bb75243da7d366a0e80be0186efb789d4,2359296,1,256,0.0,0,bits-sq,32,128,13,upload_shared,/home/jirka/research/2024/bits-knn-jpdc2024/data/application-scaling/ampere02-35760925/gradient-compression-middle.csv,0.00010850694444444444,1,0.469151,0.469151,0.469151,1.3061871337799558,False,False
gradient-compression,e77ffd0b75f255761df3bc4c0830771bb75243da7d366a0e80be0186efb789d4,2359296,1,256,0.0,0,bits-sq,32,128,16,download,/home/jirka/research/2024/bits-knn-jpdc2024/data/application-scaling/ampere02-35760925/gradient-compression-middle.csv,0.00010850694444444444,30,0.008172,0.00811225,0.008322,0.9890479686735192,False,False
gradient-compression,e77ffd0b75f255761df3bc4c0830771bb75243da7d366a0e80be0186efb789d4,2359296,1,256,0.0,0,bits-sq,32,128,16,operator,/home/jirka/research/2024/bits-knn-jpdc2024/data/application-scaling/ampere02-35760925/gradient-compression-middle.csv,0.00010850694444444444,30,0.1918455,0.1917475,0.1921935,0.3191526514825732,False,False
gradient-compression,e77ffd0b75f255761df3bc4c0830771bb75243da7d366a0e80be0186efb789d4,2359296,1,256,0.0,0,bits-sq,32,128,16,output_isolated,/home/jirka/research/2024/bits-knn-jpdc2024/data/application-scaling/ampere02-35760925/gradient-compression-middle.csv,0.00010850694444444444,30,0.007907,0.007764500000000001,0.008009500000000001,0.9905147337801947,False,False
gradient-compression,e77ffd0b75f255761df3bc4c0830771bb75243da7d366a0e80be0186efb789d4,2359296,1,256,0.0,0,bits-sq,32,128,16,selection_isolated,/home/jirka/research/2024/bits-knn-jpdc2024/data/application-scaling/ampere02-35760925/gradient-compression-middle.csv,0.00010850694444444444,30,0.1754705,0.17524575,0.17569099999999999,0.2548462562083085,False,False
gradient-compression,e77ffd0b75f255761df3bc4c0830771bb75243da7d366a0e80be0186efb789d4,2359296,1,256,0.0,0,bits-sq,32,128,16,transform_isolated,/home/jirka/research/2024/bits-knn-jpdc2024/data/application-scaling/ampere02-35760925/gradient-compression-middle.csv,0.00010850694444444444,30,0.0146825,0.014582,0.014807250000000001,1.0020432487655373,False,False
gradient-compression,e77ffd0b75f255761df3bc4c0830771bb75243da7d366a0e80be0186efb789d4,2359296,1,256,0.0,0,bits-sq,32,128,16,upload_shared,/home/jirka/research/2024/bits-knn-jpdc2024/data/application-scaling/ampere02-35760925/gradient-compression-middle.csv,0.00010850694444444444,1,0.480278,0.480278,0.480278,1.2759256097510192,False,False
gradient-compression,e77ffd0b75f255761df3bc4c0830771bb75243da7d366a0e80be0186efb789d4,2359296,1,256,0.0,0,bits-sq,32,256,4,download,/home/jirka/research/2024/bits-knn-jpdc2024/data/application-scaling/ampere02-35760925/gradient-compression-middle.csv,0.00010850694444444444,30,0.008102,0.00804525,0.0082295,0.9975931868674401,False,False
gradient-compression,e77ffd0b75f255761df3bc4c0830771bb75243da7d366a0e80be0186efb789d4,2359296,1,256,0.0,0,bits-sq,32,256,4,operator,/home/jirka/research/2024/bits-knn-jpdc2024/data/application-scaling/ampere02-35760925/gradient-compression-middle.csv,0.00010850694444444444,30,0.17065400000000003,0.17022800000000002,0.170894,0.3587844410327329,False,False
gradient-compression,e77ffd0b75f255761df3bc4c0830771bb75243da7d366a0e80be0186efb789d4,2359296,1,256,0.0,0,bits-sq,32,256,4,output_isolated,/home/jirka/research/2024/bits-knn-jpdc2024/data/application-scaling/ampere02-35760925/gradient-compression-middle.csv,0.00010850694444444444,30,0.007817000000000001,0.007762,0.0080295,1.001918894716643,False,False
gradient-compression,e77ffd0b75f255761df3bc4c0830771bb75243da7d366a0e80be0186efb789d4,2359296,1,256,0.0,0,bits-sq,32,256,4,selection_isolated,/home/jirka/research/2024/bits-knn-jpdc2024/data/application-scaling/ampere02-35760925/gradient-compression-middle.csv,0.00010850694444444444,30,0.153883,0.15369049999999998,0.15415650000000003,0.2905974019222396,False,False
gradient-compression,e77ffd0b75f255761df3bc4c0830771bb75243da7d366a0e80be0186efb789d4,2359296,1,256,0.0,0,bits-sq,32,256,4,transform_isolated,/home/jirka/research/2024/bits-knn-jpdc2024/data/application-scaling/ampere02-35760925/gradient-compression-middle.csv,0.00010850694444444444,30,0.014642,0.014592,0.014762750000000002,1.0048149159950825,False,False
gradient-compression,e77ffd0b75f255761df3bc4c0830771bb75243da7d366a0e80be0186efb789d4,2359296,1,256,0.0,0,bits-sq,32,256,4,upload_shared,/home/jirka/research/2024/bits-knn-jpdc2024/data/application-scaling/ampere02-35760925/gradient-compression-middle.csv,0.00010850694444444444,1,0.49081400000000003,0.49081400000000003,0.49081400000000003,1.2485361053270687,False,False
gradient-compression,e77ffd0b75f255761df3bc4c0830771bb75243da7d366a0e80be0186efb789d4,2359296,1,256,0.0,0,bits-sq,32,256,7,download,/home/jirka/research/2024/bits-knn-jpdc2024/data/application-scaling/ampere02-35760925/gradient-compression-middle.csv,0.00010850694444444444,30,0.008192499999999998,0.0080145,0.008788,0.9865730851388467,False,False
gradient-compression,e77ffd0b75f255761df3bc4c0830771bb75243da7d366a0e80be0186efb789d4,2359296,1,256,0.0,0,bits-sq,32,256,7,operator,/home/jirka/research/2024/bits-knn-jpdc2024/data/application-scaling/ampere02-35760925/gradient-compression-middle.csv,0.00010850694444444444,30,0.1724815,0.17178749999999998,0.17303775,0.35498299817661605,False,False
gradient-compression,e77ffd0b75f255761df3bc4c0830771bb75243da7d366a0e80be0186efb789d4,2359296,1,256,0.0,0,bits-sq,32,256,7,output_isolated,/home/jirka/research/2024/bits-knn-jpdc2024/data/application-scaling/ampere02-35760925/gradient-compression-middle.csv,0.00010850694444444444,30,0.007812,0.00771425,0.007879500000000001,1.0025601638504864,False,False
gradient-compression,e77ffd0b75f255761df3bc4c0830771bb75243da7d366a0e80be0186efb789d4,2359296,1,256,0.0,0,bits-sq,32,256,7,selection_isolated,/home/jirka/research/2024/bits-knn-jpdc2024/data/application-scaling/ampere02-35760925/gradient-compression-middle.csv,0.00010850694444444444,30,0.15614650000000002,0.155676,0.15658475,0.2863849013586599,False,False
gradient-compression,e77ffd0b75f255761df3bc4c0830771bb75243da7d366a0e80be0186efb789d4,2359296,1,256,0.0,0,bits-sq,32,256,7,transform_isolated,/home/jirka/research/2024/bits-knn-jpdc2024/data/application-scaling/ampere02-35760925/gradient-compression-middle.csv,0.00010850694444444444,30,0.014602500000000001,0.014542000000000001,0.014754500000000002,1.007532956685499,False,False
gradient-compression,e77ffd0b75f255761df3bc4c0830771bb75243da7d366a0e80be0186efb789d4,2359296,1,256,0.0,0,bits-sq,32,256,7,upload_shared,/home/jirka/research/2024/bits-knn-jpdc2024/data/application-scaling/ampere02-35760925/gradient-compression-middle.csv,0.00010850694444444444,1,0.479647,0.479647,0.479647,1.2776041547221186,False,False
gradient-compression,e77ffd0b75f255761df3bc4c0830771bb75243da7d366a0e80be0186efb789d4,2359296,1,256,0.0,0,bits-sq,32,256,8,download,/home/jirka/research/2024/bits-knn-jpdc2024/data/application-scaling/ampere02-35760925/gradient-compression-middle.csv,0.00010850694444444444,30,0.008368,0.008244749999999999,0.0086705,0.9658819311663479,False,False
gradient-compression,e77ffd0b75f255761df3bc4c0830771bb75243da7d366a0e80be0186efb789d4,2359296,1,256,0.0,0,bits-sq,32,256,8,operator,/home/jirka/research/2024/bits-knn-jpdc2024/data/application-scaling/ampere02-35760925/gradient-compression-middle.csv,0.00010850694444444444,30,0.1783705,0.1778375,0.17889850000000002,0.3432630395721266,False,False
gradient-compression,e77ffd0b75f255761df3bc4c0830771bb75243da7d366a0e80be0186efb789d4,2359296,1,256,0.0,0,bits-sq,32,256,8,output_isolated,/home/jirka/research/2024/bits-knn-jpdc2024/data/application-scaling/ampere02-35760925/gradient-compression-middle.csv,0.00010850694444444444,30,0.007921999999999998,0.007847,0.008088,0.9886392325170414,False,False
gradient-compression,e77ffd0b75f255761df3bc4c0830771bb75243da7d366a0e80be0186efb789d4,2359296,1,256,0.0,0,bits-sq,32,256,8,selection_isolated,/home/jirka/research/2024/bits-knn-jpdc2024/data/application-scaling/ampere02-35760925/gradient-compression-middle.csv,0.00010850694444444444,30,0.16195500000000002,0.1617575,0.16220575,0.27611373529684163,False,False
gradient-compression,e77ffd0b75f255761df3bc4c0830771bb75243da7d366a0e80be0186efb789d4,2359296,1,256,0.0,0,bits-sq,32,256,8,transform_isolated,/home/jirka/research/2024/bits-knn-jpdc2024/data/application-scaling/ampere02-35760925/gradient-compression-middle.csv,0.00010850694444444444,30,0.014657,0.014547000000000001,0.01474025,1.0037865866139046,False,False
gradient-compression,e77ffd0b75f255761df3bc4c0830771bb75243da7d366a0e80be0186efb789d4,2359296,1,256,0.0,0,bits-sq,32,256,8,upload_shared,/home/jirka/research/2024/bits-knn-jpdc2024/data/application-scaling/ampere02-35760925/gradient-compression-middle.csv,0.00010850694444444444,1,0.472687,0.472687,0.472687,1.296416021595686,False,False
gradient-compression,e77ffd0b75f255761df3bc4c0830771bb75243da7d366a0e80be0186efb789d4,2359296,1,256,0.0,0,bits-sq,32,256,13,download,/home/jirka/research/2024/bits-knn-jpdc2024/data/application-scaling/ampere02-35760925/gradient-compression-middle.csv,0.00010850694444444444,30,0.008262499999999999,0.00812525,0.008460500000000001,0.97821482602118,False,False
gradient-compression,e77ffd0b75f255761df3bc4c0830771bb75243da7d366a0e80be0186efb789d4,2359296,1,256,0.0,0,bits-sq,32,256,13,operator,/home/jirka/research/2024/bits-knn-jpdc2024/data/application-scaling/ampere02-35760925/gradient-compression-middle.csv,0.00010850694444444444,30,0.2015655,0.20136500000000002,0.2020035,0.30376230059211523,False,False
gradient-compression,e77ffd0b75f255761df3bc4c0830771bb75243da7d366a0e80be0186efb789d4,2359296,1,256,0.0,0,bits-sq,32,256,13,output_isolated,/home/jirka/research/2024/bits-knn-jpdc2024/data/application-scaling/ampere02-35760925/gradient-compression-middle.csv,0.00010850694444444444,30,0.007912,0.007771999999999999,0.0080395,0.9898887765419615,False,False
gradient-compression,e77ffd0b75f255761df3bc4c0830771bb75243da7d366a0e80be0186efb789d4,2359296,1,256,0.0,0,bits-sq,32,256,13,selection_isolated,/home/jirka/research/2024/bits-knn-jpdc2024/data/application-scaling/ampere02-35760925/gradient-compression-middle.csv,0.00010850694444444444,30,0.18515099999999998,0.18507325000000002,0.1853875,0.2415217849214965,False,False
gradient-compression,e77ffd0b75f255761df3bc4c0830771bb75243da7d366a0e80be0186efb789d4,2359296,1,256,0.0,0,bits-sq,32,256,13,transform_isolated,/home/jirka/research/2024/bits-knn-jpdc2024/data/application-scaling/ampere02-35760925/gradient-compression-middle.csv,0.00010850694444444444,30,0.014637,0.014537000000000001,0.01480275,1.0051581608253057,False,False
gradient-compression,e77ffd0b75f255761df3bc4c0830771bb75243da7d366a0e80be0186efb789d4,2359296,1,256,0.0,0,bits-sq,32,256,13,upload_shared,/home/jirka/research/2024/bits-knn-jpdc2024/data/application-scaling/ampere02-35760925/gradient-compression-middle.csv,0.00010850694444444444,1,0.48250099999999996,0.48250099999999996,0.48250099999999996,1.2700471087106555,False,False
gradient-compression,e77ffd0b75f255761df3bc4c0830771bb75243da7d366a0e80be0186efb789d4,2359296,1,256,0.0,0,bits-sq,32,256,16,download,/home/jirka/research/2024/bits-knn-jpdc2024/data/application-scaling/ampere02-35760925/gradient-compression-middle.csv,0.00010850694444444444,30,0.008136999999999998,0.0080345,0.0084955,0.9933021998279465,False,False
gradient-compression,e77ffd0b75f255761df3bc4c0830771bb75243da7d366a0e80be0186efb789d4,2359296,1,256,0.0,0,bits-sq,32,256,16,operator,/home/jirka/research/2024/bits-knn-jpdc2024/data/application-scaling/ampere02-35760925/gradient-compression-middle.csv,0.00010850694444444444,30,0.219963,0.219648,0.2201765,0.27835590531134785,False,False
gradient-compression,e77ffd0b75f255761df3bc4c0830771bb75243da7d366a0e80be0186efb789d4,2359296,1,256,0.0,0,bits-sq,32,256,16,output_isolated,/home/jirka/research/2024/bits-knn-jpdc2024/data/application-scaling/ampere02-35760925/gradient-compression-middle.csv,0.00010850694444444444,30,0.007972,0.007751999999999999,0.008187,0.9824385348720522,False,False
gradient-compression,e77ffd0b75f255761df3bc4c0830771bb75243da7d366a0e80be0186efb789d4,2359296,1,256,0.0,0,bits-sq,32,256,16,selection_isolated,/home/jirka/research/2024/bits-knn-jpdc2024/data/application-scaling/ampere02-35760925/gradient-compression-middle.csv,0.00010850694444444444,30,0.20338299999999998,0.20326125,0.20356549999999995,0.21987088399718757,False,False
gradient-compression,e77ffd0b75f255761df3bc4c0830771bb75243da7d366a0e80be0186efb789d4,2359296,1,256,0.0,0,bits-sq,32,256,16,transform_isolated,/home/jirka/research/2024/bits-knn-jpdc2024/data/application-scaling/ampere02-35760925/gradient-compression-middle.csv,0.00010850694444444444,30,0.014691999999999998,0.014574499999999999,0.014817999999999998,1.0013953171794174,False,False
gradient-compression,e77ffd0b75f255761df3bc4c0830771bb75243da7d366a0e80be0186efb789d4,2359296,1,256,0.0,0,bits-sq,32,256,16,upload_shared,/home/jirka/research/2024/bits-knn-jpdc2024/data/application-scaling/ampere02-35760925/gradient-compression-middle.csv,0.00010850694444444444,1,0.48758900000000005,0.48758900000000005,0.48758900000000005,1.256794144248537,False,False
gradient-compression,e77ffd0b75f255761df3bc4c0830771bb75243da7d366a0e80be0186efb789d4,2359296,1,256,0.0,0,bits-sq,32,512,4,download,/home/jirka/research/2024/bits-knn-jpdc2024/data/application-scaling/ampere02-35760925/gradient-compression-middle.csv,0.00010850694444444444,30,0.0082325,0.008155250000000001,0.008723,0.98177953234133,True,True
gradient-compression,e77ffd0b75f255761df3bc4c0830771bb75243da7d366a0e80be0186efb789d4,2359296,1,256,0.0,0,bits-sq,32,512,4,operator,/home/jirka/research/2024/bits-knn-jpdc2024/data/application-scaling/ampere02-35760925/gradient-compression-middle.csv,0.00010850694444444444,30,0.1371275,0.13675199999999998,0.137498,0.4465041658310696,True,True
gradient-compression,e77ffd0b75f255761df3bc4c0830771bb75243da7d366a0e80be0186efb789d4,2359296,1,256,0.0,0,bits-sq,32,512,4,output_isolated,/home/jirka/research/2024/bits-knn-jpdc2024/data/application-scaling/ampere02-35760925/gradient-compression-middle.csv,0.00010850694444444444,30,0.0078465,0.00774425,0.007919500000000001,0.998152042311859,True,True
gradient-compression,e77ffd0b75f255761df3bc4c0830771bb75243da7d366a0e80be0186efb789d4,2359296,1,256,0.0,0,bits-sq,32,512,4,selection_isolated,/home/jirka/research/2024/bits-knn-jpdc2024/data/application-scaling/ampere02-35760925/gradient-compression-middle.csv,0.00010850694444444444,30,0.120988,0.1206355,0.12125125,0.3696069031639501,True,True
gradient-compression,e77ffd0b75f255761df3bc4c0830771bb75243da7d366a0e80be0186efb789d4,2359296,1,256,0.0,0,bits-sq,32,512,4,transform_isolated,/home/jirka/research/2024/bits-knn-jpdc2024/data/application-scaling/ampere02-35760925/gradient-compression-middle.csv,0.00010850694444444444,30,0.0146475,0.014529499999999999,0.0148095,1.0044376173408431,True,True
gradient-compression,e77ffd0b75f255761df3bc4c0830771bb75243da7d366a0e80be0186efb789d4,2359296,1,256,0.0,0,bits-sq,32,512,4,upload_shared,/home/jirka/research/2024/bits-knn-jpdc2024/data/application-scaling/ampere02-35760925/gradient-compression-middle.csv,0.00010850694444444444,1,0.46843,0.46843,0.46843,1.30819759622569,True,True
gradient-compression,e77ffd0b75f255761df3bc4c0830771bb75243da7d366a0e80be0186efb789d4,2359296,1,256,0.0,0,bits-sq,32,512,7,download,/home/jirka/research/2024/bits-knn-jpdc2024/data/application-scaling/ampere02-35760925/gradient-compression-middle.csv,0.00010850694444444444,30,0.0081575,0.00805525,0.0083195,0.9908060067422617,False,False
gradient-compression,e77ffd0b75f255761df3bc4c0830771bb75243da7d366a0e80be0186efb789d4,2359296,1,256,0.0,0,bits-sq,32,512,7,operator,/home/jirka/research/2024/bits-knn-jpdc2024/data/application-scaling/ampere02-35760925/gradient-compression-middle.csv,0.00010850694444444444,30,0.14863500000000002,0.1482975,0.14893850000000003,0.41193527769367916,False,False
gradient-compression,e77ffd0b75f255761df3bc4c0830771bb75243da7d366a0e80be0186efb789d4,2359296,1,256,0.0,0,bits-sq,32,512,7,output_isolated,/home/jirka/research/2024/bits-knn-jpdc2024/data/application-scaling/ampere02-35760925/gradient-compression-middle.csv,0.00010850694444444444,30,0.007811500000000001,0.007761250000000001,0.007919500000000001,1.0026243359149971,False,False
gradient-compression,e77ffd0b75f255761df3bc4c0830771bb75243da7d366a0e80be0186efb789d4,2359296,1,256,0.0,0,bits-sq,32,512,7,selection_isolated,/home/jirka/research/2024/bits-knn-jpdc2024/data/application-scaling/ampere02-35760925/gradient-compression-middle.csv,0.00010850694444444444,30,0.13196549999999999,0.13182,0.13205,0.3388612932925651,False,False
gradient-compression,e77ffd0b75f255761df3bc4c0830771bb75243da7d366a0e80be0186efb789d4,2359296,1,256,0.0,0,bits-sq,32,512,7,transform_isolated,/home/jirka/research/2024/bits-knn-jpdc2024/data/application-scaling/ampere02-35760925/gradient-compression-middle.csv,0.00010850694444444444,30,0.014602,0.0144945,0.014679499999999998,1.0075674565128063,False,False
gradient-compression,e77ffd0b75f255761df3bc4c0830771bb75243da7d366a0e80be0186efb789d4,2359296,1,256,0.0,0,bits-sq,32,512,7,upload_shared,/home/jirka/research/2024/bits-knn-jpdc2024/data/application-scaling/ampere02-35760925/gradient-compression-middle.csv,0.00010850694444444444,1,0.48163,0.48163,0.48163,1.2723439154537715,False,False
gradient-compression,e77ffd0b75f255761df3bc4c0830771bb75243da7d366a0e80be0186efb789d4,2359296,1,256,0.0,0,bits-sq,32,512,8,download,/home/jirka/research/2024/bits-knn-jpdc2024/data/application-scaling/ampere02-35760925/gradient-compression-middle.csv,0.00010850694444444444,30,0.0082225,0.0081245,0.008964,0.9829735481909393,False,False
gradient-compression,e77ffd0b75f255761df3bc4c0830771bb75243da7d366a0e80be0186efb789d4,2359296,1,256,0.0,0,bits-sq,32,512,8,operator,/home/jirka/research/2024/bits-knn-jpdc2024/data/application-scaling/ampere02-35760925/gradient-compression-middle.csv,0.00010850694444444444,30,0.152476,0.15224100000000002,0.1528495,0.4015582780240825,False,False
gradient-compression,e77ffd0b75f255761df3bc4c0830771bb75243da7d366a0e80be0186efb789d4,2359296,1,256,0.0,0,bits-sq,32,512,8,output_isolated,/home/jirka/research/2024/bits-knn-jpdc2024/data/application-scaling/ampere02-35760925/gradient-compression-middle.csv,0.00010850694444444444,30,0.007837,0.007762,0.0080845,0.9993620007655991,False,False
gradient-compression,e77ffd0b75f255761df3bc4c0830771bb75243da7d366a0e80be0186efb789d4,2359296,1,256,0.0,0,bits-sq,32,512,8,selection_isolated,/home/jirka/research/2024/bits-knn-jpdc2024/data/application-scaling/ampere02-35760925/gradient-compression-middle.csv,0.00010850694444444444,30,0.1361115,0.1359185,0.1363345,0.32853946947906676,False,False
gradient-compression,e77ffd0b75f255761df3bc4c0830771bb75243da7d366a0e80be0186efb789d4,2359296,1,256,0.0,0,bits-sq,32,512,8,transform_isolated,/home/jirka/research/2024/bits-knn-jpdc2024/data/application-scaling/ampere02-35760925/gradient-compression-middle.csv,0.00010850694444444444,30,0.014657,0.0145895,0.014807,1.0037865866139046,False,False
gradient-compression,e77ffd0b75f255761df3bc4c0830771bb75243da7d366a0e80be0186efb789d4,2359296,1,256,0.0,0,bits-sq,32,512,8,upload_shared,/home/jirka/research/2024/bits-knn-jpdc2024/data/application-scaling/ampere02-35760925/gradient-compression-middle.csv,0.00010850694444444444,1,0.467879,0.467879,0.467879,1.3097382015435615,False,False
gradient-compression,e77ffd0b75f255761df3bc4c0830771bb75243da7d366a0e80be0186efb789d4,2359296,1,256,0.0,0,bits-sq,32,512,13,download,/home/jirka/research/2024/bits-knn-jpdc2024/data/application-scaling/ampere02-35760925/gradient-compression-middle.csv,0.00010850694444444444,30,0.008077,0.007977,0.008583750000000001,1.0006809458957533,False,False
gradient-compression,e77ffd0b75f255761df3bc4c0830771bb75243da7d366a0e80be0186efb789d4,2359296,1,256,0.0,0,bits-sq,32,512,13,operator,/home/jirka/research/2024/bits-knn-jpdc2024/data/application-scaling/ampere02-35760925/gradient-compression-middle.csv,0.00010850694444444444,30,0.1918855,0.19111424999999999,0.1922285,0.3190861216715177,False,False
gradient-compression,e77ffd0b75f255761df3bc4c0830771bb75243da7d366a0e80be0186efb789d4,2359296,1,256,0.0,0,bits-sq,32,512,13,output_isolated,/home/jirka/research/2024/bits-knn-jpdc2024/data/application-scaling/ampere02-35760925/gradient-compression-middle.csv,0.00010850694444444444,30,0.007867,0.0077842499999999995,0.007942,0.995551035973052,False,False
gradient-compression,e77ffd0b75f255761df3bc4c0830771bb75243da7d366a0e80be0186efb789d4,2359296,1,256,0.0,0,bits-sq,32,512,13,selection_isolated,/home/jirka/research/2024/bits-knn-jpdc2024/data/application-scaling/ampere02-35760925/gradient-compression-middle.csv,0.00010850694444444444,30,0.175636,0.175436,0.17580674999999998,0.25460611719693,False,False
gradient-compression,e77ffd0b75f255761df3bc4c0830771bb75243da7d366a0e80be0186efb789d4,2359296,1,256,0.0,0,bits-sq,32,512,13,transform_isolated,/home/jirka/research/2024/bits-knn-jpdc2024/data/application-scaling/ampere02-35760925/gradient-compression-middle.csv,0.00010850694444444444,30,0.014597,0.0145095,0.0147305,1.007912584777694,False,False
gradient-compression,e77ffd0b75f255761df3bc4c0830771bb75243da7d366a0e80be0186efb789d4,2359296,1,256,0.0,0,bits-sq,32,512,13,upload_shared,/home/jirka/research/2024/bits-knn-jpdc2024/data/application-scaling/ampere02-35760925/gradient-compression-middle.csv,0.00010850694444444444,1,0.48042799999999997,0.48042799999999997,0.48042799999999997,1.2755272382125937,False,False
gradient-compression,e77ffd0b75f255761df3bc4c0830771bb75243da7d366a0e80be0186efb789d4,2359296,1,256,0.0,0,bits-sq,32,512,16,download,/home/jirka/research/2024/bits-knn-jpdc2024/data/application-scaling/ampere02-35760925/gradient-compression-middle.csv,0.00010850694444444444,30,0.008062,0.0079745,0.0082105,1.0025427933515256,False,False
gradient-compression,e77ffd0b75f255761df3bc4c0830771bb75243da7d366a0e80be0186efb789d4,2359296,1,256,0.0,0,bits-sq,32,512,16,operator,/home/jirka/research/2024/bits-knn-jpdc2024/data/application-scaling/ampere02-35760925/gradient-compression-middle.csv,0.00010850694444444444,30,0.2063675,0.20602199999999998,0.2066255,0.29669400462766665,False,False
gradient-compression,e77ffd0b75f255761df3bc4c0830771bb75243da7d366a0e80be0186efb789d4,2359296,1,256,0.0,0,bits-sq,32,512,16,output_isolated,/home/jirka/research/2024/bits-knn-jpdc2024/data/application-scaling/ampere02-35760925/gradient-compression-middle.csv,0.00010850694444444444,30,0.007776999999999999,0.0077345,0.00802725,1.0070721357850072,False,False
gradient-compression,e77ffd0b75f255761df3bc4c0830771bb75243da7d366a0e80be0186efb789d4,2359296,1,256,0.0,0,bits-sq,32,512,16,selection_isolated,/home/jirka/research/2024/bits-knn-jpdc2024/data/application-scaling/ampere02-35760925/gradient-compression-middle.csv,0.00010850694444444444,30,0.189773,0.18964050000000002,0.1899255,0.2356394218355614,False,False
gradient-compression,e77ffd0b75f255761df3bc4c0830771bb75243da7d366a0e80be0186efb789d4,2359296,1,256,0.0,0,bits-sq,32,512,16,transform_isolated,/home/jirka/research/2024/bits-knn-jpdc2024/data/application-scaling/ampere02-35760925/gradient-compression-middle.csv,0.00010850694444444444,30,0.014622,0.0145545,0.01472025,1.0061893037888114,False,False
gradient-compression,e77ffd0b75f255761df3bc4c0830771bb75243da7d366a0e80be0186efb789d4,2359296,1,256,0.0,0,bits-sq,32,512,16,upload_shared,/home/jirka/research/2024/bits-knn-jpdc2024/data/application-scaling/ampere02-35760925/gradient-compression-middle.csv,0.00010850694444444444,1,0.471344,0.471344,0.471344,1.3001098985030042,False,False
gradient-compression,e77ffd0b75f255761df3bc4c0830771bb75243da7d366a0e80be0186efb789d4,2359296,1,256,0.0,0,bits-sq,128,128,4,download,/home/jirka/research/2024/bits-knn-jpdc2024/data/application-scaling/ampere02-35760925/gradient-compression-middle.csv,0.00010850694444444444,30,0.0081275,0.0080345,0.008223000000000001,0.9944632420793602,False,False
gradient-compression,e77ffd0b75f255761df3bc4c0830771bb75243da7d366a0e80be0186efb789d4,2359296,1,256,0.0,0,bits-sq,128,128,4,operator,/home/jirka/research/2024/bits-knn-jpdc2024/data/application-scaling/ampere02-35760925/gradient-compression-middle.csv,0.00010850694444444444,30,0.202592,0.202162,0.20294949999999998,0.302223187490128,False,False
gradient-compression,e77ffd0b75f255761df3bc4c0830771bb75243da7d366a0e80be0186efb789d4,2359296,1,256,0.0,0,bits-sq,128,128,4,output_isolated,/home/jirka/research/2024/bits-knn-jpdc2024/data/application-scaling/ampere02-35760925/gradient-compression-middle.csv,0.00010850694444444444,30,0.007912,0.007817000000000001,0.008050500000000002,0.9898887765419615,False,False
gradient-compression,e77ffd0b75f255761df3bc4c0830771bb75243da7d366a0e80be0186efb789d4,2359296,1,256,0.0,0,bits-sq,128,128,4,selection_isolated,/home/jirka/research/2024/bits-knn-jpdc2024/data/application-scaling/ampere02-35760925/gradient-compression-middle.csv,0.00010850694444444444,30,0.186002,0.1858585,0.186217,0.2404167697121536,False,False
gradient-compression,e77ffd0b75f255761df3bc4c0830771bb75243da7d366a0e80be0186efb789d4,2359296,1,256,0.0,0,bits-sq,128,128,4,transform_isolated,/home/jirka/research/2024/bits-knn-jpdc2024/data/application-scaling/ampere02-35760925/gradient-compression-middle.csv,0.00010850694444444444,30,0.014627,0.01455525,0.0147095,1.0058453544814385,False,False
gradient-compression,e77ffd0b75f255761df3bc4c0830771bb75243da7d366a0e80be0186efb789d4,2359296,1,256,0.0,0,bits-sq,128,128,4,upload_shared,/home/jirka/research/2024/bits-knn-jpdc2024/data/application-scaling/ampere02-35760925/gradient-compression-middle.csv,0.00010850694444444444,1,0.484244,0.484244,0.484244,1.265475669290688,False,False
gradient-compression,e77ffd0b75f255761df3bc4c0830771bb75243da7d366a0e80be0186efb789d4,2359296,1,256,0.0,0,bits-sq,128,128,7,download,/home/jirka/research/2024/bits-knn-jpdc2024/data/application-scaling/ampere02-35760925/gradient-compression-middle.csv,0.00010850694444444444,30,0.008097,0.00805225,0.00821525,0.9982092132888724,False,False
gradient-compression,e77ffd0b75f255761df3bc4c0830771bb75243da7d366a0e80be0186efb789d4,2359296,1,256,0.0,0,bits-sq,128,128,7,operator,/home/jirka/research/2024/bits-knn-jpdc2024/data/application-scaling/ampere02-35760925/gradient-compression-middle.csv,0.00010850694444444444,30,0.19152,0.1911075,0.191811,0.31969507101086053,False,False
gradient-compression,e77ffd0b75f255761df3bc4c0830771bb75243da7d366a0e80be0186efb789d4,2359296,1,256,0.0,0,bits-sq,128,128,7,output_isolated,/home/jirka/research/2024/bits-knn-jpdc2024/data/application-scaling/ampere02-35760925/gradient-compression-middle.csv,0.00010850694444444444,30,0.007917,0.007842,0.0081495,0.9892636099532651,False,False
gradient-compression,e77ffd0b75f255761df3bc4c0830771bb75243da7d366a0e80be0186efb789d4,2359296,1,256,0.0,0,bits-sq,128,128,7,selection_isolated,/home/jirka/research/2024/bits-knn-jpdc2024/data/application-scaling/ampere02-35760925/gradient-compression-middle.csv,0.00010850694444444444,30,0.17507,0.17478500000000002,0.175271,0.25542925686868106,False,False
gradient-compression,e77ffd0b75f255761df3bc4c0830771bb75243da7d366a0e80be0186efb789d4,2359296,1,256,0.0,0,bits-sq,128,128,7,transform_isolated,/home/jirka/research/2024/bits-knn-jpdc2024/data/application-scaling/ampere02-35760925/gradient-compression-middle.csv,0.00010850694444444444,30,0.014602500000000001,0.014502,0.014672,1.007532956685499,False,False
gradient-compression,e77ffd0b75f255761df3bc4c0830771bb75243da7d366a0e80be0186efb789d4,2359296,1,256,0.0,0,bits-sq,128,128,7,upload_shared,/home/jirka/research/2024/bits-knn-jpdc2024/data/application-scaling/ampere02-35760925/gradient-compression-middle.csv,0.00010850694444444444,1,0.480698,0.480698,0.480698,1.2748107959675306,False,False
gradient-compression,e77ffd0b75f255761df3bc4c0830771bb75243da7d366a0e80be0186efb789d4,2359296,1,256,0.0,0,bits-sq,128,128,8,download,/home/jirka/research/2024/bits-knn-jpdc2024/data/application-scaling/ampere02-35760925/gradient-compression-middle.csv,0.00010850694444444444,30,0.008237000000000001,0.00809475,0.008586,0.9812431710574236,False,False
gradient-compression,e77ffd0b75f255761df3bc4c0830771bb75243da7d366a0e80be0186efb789d4,2359296,1,256,0.0,0,bits-sq,128,128,8,operator,/home/jirka/research/2024/bits-knn-jpdc2024/data/application-scaling/ampere02-35760925/gradient-compression-middle.csv,0.00010850694444444444,30,0.1935535,0.1933505,0.193939,0.3163363101158078,False,False
gradient-compression,e77ffd0b75f255761df3bc4c0830771bb75243da7d366a0e80be0186efb789d4,2359296,1,256,0.0,0,bits-sq,128,128,8,output_isolated,/home/jirka/research/2024/bits-knn-jpdc2024/data/application-scaling/ampere02-35760925/gradient-compression-middle.csv,0.00010850694444444444,30,0.007966999999999998,0.00783125,0.008182,0.9830551022969752,False,False
gradient-compression,e77ffd0b75f255761df3bc4c0830771bb75243da7d366a0e80be0186efb789d4,2359296,1,256,0.0,0,bits-sq,128,128,8,selection_isolated,/home/jirka/research/2024/bits-knn-jpdc2024/data/application-scaling/ampere02-35760925/gradient-compression-middle.csv,0.00010850694444444444,30,0.1771685,0.17694049999999997,0.17734650000000002,0.2524037850972379,False,False
gradient-compression,e77ffd0b75f255761df3bc4c0830771bb75243da7d366a0e80be0186efb789d4,2359296,1,256,0.0,0,bits-sq,128,128,8,transform_isolated,/home/jirka/research/2024/bits-knn-jpdc2024/data/application-scaling/ampere02-35760925/gradient-compression-middle.csv,0.00010850694444444444,30,0.014653,0.014547000000000001,0.014752000000000001,1.0040606019245206,False,False
gradient-compression,e77ffd0b75f255761df3bc4c0830771bb75243da7d366a0e80be0186efb789d4,2359296,1,256,0.0,0,bits-sq,128,128,8,upload_shared,/home/jirka/research/2024/bits-knn-jpdc2024/data/application-scaling/ampere02-35760925/gradient-compression-middle.csv,0.00010850694444444444,1,0.486507,0.486507,0.486507,1.259589276207742,False,False
gradient-compression,e77ffd0b75f255761df3bc4c0830771bb75243da7d366a0e80be0186efb789d4,2359296,1,256,0.0,0,bits-sq,128,128,13,download,/home/jirka/research/2024/bits-knn-jpdc2024/data/application-scaling/ampere02-35760925/gradient-compression-middle.csv,0.00010850694444444444,30,0.008182,0.0081155,0.008963750000000001,0.987839159129797,False,False
gradient-compression,e77ffd0b75f255761df3bc4c0830771bb75243da7d366a0e80be0186efb789d4,2359296,1,256,0.0,0,bits-sq,128,128,13,operator,/home/jirka/research/2024/bits-knn-jpdc2024/data/application-scaling/ampere02-35760925/gradient-compression-middle.csv,0.00010850694444444444,30,0.2002535,0.19974775,0.20110975,0.3057524587585236,False,False
gradient-compression,e77ffd0b75f255761df3bc4c0830771bb75243da7d366a0e80be0186efb789d4,2359296,1,256,0.0,0,bits-sq,128,128,13,output_isolated,/home/jirka/research/2024/bits-knn-jpdc2024/data/application-scaling/ampere02-35760925/gradient-compression-middle.csv,0.00010850694444444444,30,0.008002,0.0078545,0.008247999999999998,0.9787553111722069,False,False
gradient-compression,e77ffd0b75f255761df3bc4c0830771bb75243da7d366a0e80be0186efb789d4,2359296,1,256,0.0,0,bits-sq,128,128,13,selection_isolated,/home/jirka/research/2024/bits-knn-jpdc2024/data/application-scaling/ampere02-35760925/gradient-compression-middle.csv,0.00010850694444444444,30,0.18376900000000002,0.183193,0.18402125000000003,0.24333810381511567,False,False
gradient-compression,e77ffd0b75f255761df3bc4c0830771bb75243da7d366a0e80be0186efb789d4,2359296,1,256,0.0,0,bits-sq,128,128,13,transform_isolated,/home/jirka/research/2024/bits-knn-jpdc2024/data/application-scaling/ampere02-35760925/gradient-compression-middle.csv,0.00010850694444444444,30,0.014607,0.014542000000000001,0.01477975,1.0072225645238584,False,False
gradient-compression,e77ffd0b75f255761df3bc4c0830771bb75243da7d366a0e80be0186efb789d4,2359296,1,256,0.0,0,bits-sq,128,128,13,upload_shared,/home/jirka/research/2024/bits-knn-jpdc2024/data/application-scaling/ampere02-35760925/gradient-compression-middle.csv,0.00010850694444444444,1,0.484985,0.484985,0.484985,1.2635421714073631,False,False
gradient-compression,e77ffd0b75f255761df3bc4c0830771bb75243da7d366a0e80be0186efb789d4,2359296,1,256,0.0,0,bits-sq,128,128,16,download,/home/jirka/research/2024/bits-knn-jpdc2024/data/application-scaling/ampere02-35760925/gradient-compression-middle.csv,0.00010850694444444444,30,0.0082225,0.00811725,0.00907125,0.9829735481909393,False,False
gradient-compression,e77ffd0b75f255761df3bc4c0830771bb75243da7d366a0e80be0186efb789d4,2359296,1,256,0.0,0,bits-sq,128,128,16,operator,/home/jirka/research/2024/bits-knn-jpdc2024/data/application-scaling/ampere02-35760925/gradient-compression-middle.csv,0.00010850694444444444,30,0.20897700000000002,0.20855925,0.20938449999999997,0.29298918062753315,False,False
gradient-compression,e77ffd0b75f255761df3bc4c0830771bb75243da7d366a0e80be0186efb789d4,2359296,1,256,0.0,0,bits-sq,128,128,16,output_isolated,/home/jirka/research/2024/bits-knn-jpdc2024/data/application-scaling/ampere02-35760925/gradient-compression-middle.csv,0.00010850694444444444,30,0.008027,0.007837,0.0080995,0.9757069889124207,False,False
gradient-compression,e77ffd0b75f255761df3bc4c0830771bb75243da7d366a0e80be0186efb789d4,2359296,1,256,0.0,0,bits-sq,128,128,16,selection_isolated,/home/jirka/research/2024/bits-knn-jpdc2024/data/application-scaling/ampere02-35760925/gradient-compression-middle.csv,0.00010850694444444444,30,0.1922915,0.1920235,0.19263950000000002,0.2325531809778383,False,False
gradient-compression,e77ffd0b75f255761df3bc4c0830771bb75243da7d366a0e80be0186efb789d4,2359296,1,256,0.0,0,bits-sq,128,128,16,transform_isolated,/home/jirka/research/2024/bits-knn-jpdc2024/data/application-scaling/ampere02-35760925/gradient-compression-middle.csv,0.00010850694444444444,30,0.014657,0.0145595,0.01479275,1.0037865866139046,False,False
gradient-compression,e77ffd0b75f255761df3bc4c0830771bb75243da7d366a0e80be0186efb789d4,2359296,1,256,0.0,0,bits-sq,128,128,16,upload_shared,/home/jirka/research/2024/bits-knn-jpdc2024/data/application-scaling/ampere02-35760925/gradient-compression-middle.csv,0.00010850694444444444,1,0.48158,0.48158,0.48158,1.2724760164458657,False,False
gradient-compression,e77ffd0b75f255761df3bc4c0830771bb75243da7d366a0e80be0186efb789d4,2359296,1,256,0.0,0,bits-sq,128,256,4,download,/home/jirka/research/2024/bits-knn-jpdc2024/data/application-scaling/ampere02-35760925/gradient-compression-middle.csv,0.00010850694444444444,30,0.008147499999999998,0.008112,0.008295499999999999,0.9920220926664622,False,False
gradient-compression,e77ffd0b75f255761df3bc4c0830771bb75243da7d366a0e80be0186efb789d4,2359296,1,256,0.0,0,bits-sq,128,256,4,operator,/home/jirka/research/2024/bits-knn-jpdc2024/data/application-scaling/ampere02-35760925/gradient-compression-middle.csv,0.00010850694444444444,30,0.1717555,0.17131175,0.17223349999999998,0.3564834896116864,False,False
gradient-compression,e77ffd0b75f255761df3bc4c0830771bb75243da7d366a0e80be0186efb789d4,2359296,1,256,0.0,0,bits-sq,128,256,4,output_isolated,/home/jirka/research/2024/bits-knn-jpdc2024/data/application-scaling/ampere02-35760925/gradient-compression-middle.csv,0.00010850694444444444,30,0.008007,0.00792675,0.008060250000000001,0.9781441238915949,False,False
gradient-compression,e77ffd0b75f255761df3bc4c0830771bb75243da7d366a0e80be0186efb789d4,2359296,1,256,0.0,0,bits-sq,128,256,4,selection_isolated,/home/jirka/research/2024/bits-knn-jpdc2024/data/application-scaling/ampere02-35760925/gradient-compression-middle.csv,0.00010850694444444444,30,0.154885,0.15470175,0.1550975,0.2887174355166736,False,False
gradient-compression,e77ffd0b75f255761df3bc4c0830771bb75243da7d366a0e80be0186efb789d4,2359296,1,256,0.0,0,bits-sq,128,256,4,transform_isolated,/home/jirka/research/2024/bits-knn-jpdc2024/data/application-scaling/ampere02-35760925/gradient-compression-middle.csv,0.00010850694444444444,30,0.014702,0.0145845,0.014776999999999998,1.000714188545776,False,False
gradient-compression,e77ffd0b75f255761df3bc4c0830771bb75243da7d366a0e80be0186efb789d4,2359296,1,256,0.0,0,bits-sq,128,256,4,upload_shared,/home/jirka/research/2024/bits-knn-jpdc2024/data/application-scaling/ampere02-35760925/gradient-compression-middle.csv,0.00010850694444444444,1,0.4818,0.4818,0.4818,1.2718949771689496,False,False
gradient-compression,e77ffd0b75f255761df3bc4c0830771bb75243da7d366a0e80be0186efb789d4,2359296,1,256,0.0,0,bits-sq,128,256,7,download,/home/jirka/research/2024/bits-knn-jpdc2024/data/application-scaling/ampere02-35760925/gradient-compression-middle.csv,0.00010850694444444444,30,0.008197000000000001,0.00808775,0.008350499999999999,0.9860314749298522,False,False
gradient-compression,e77ffd0b75f255761df3bc4c0830771bb75243da7d366a0e80be0186efb789d4,2359296,1,256,0.0,0,bits-sq,128,256,7,operator,/home/jirka/research/2024/bits-knn-jpdc2024/data/application-scaling/ampere02-35760925/gradient-compression-middle.csv,0.00010850694444444444,30,0.18073899999999998,0.18050650000000001,0.18095475,0.3387647381030105,False,False
gradient-compression,e77ffd0b75f255761df3bc4c0830771bb75243da7d366a0e80be0186efb789d4,2359296,1,256,0.0,0,bits-sq,128,256,7,output_isolated,/home/jirka/research/2024/bits-knn-jpdc2024/data/application-scaling/ampere02-35760925/gradient-compression-middle.csv,0.00010850694444444444,30,0.0080025,0.007877,0.008202250000000001,0.9786941580756016,False,False
gradient-compression,e77ffd0b75f255761df3bc4c0830771bb75243da7d366a0e80be0186efb789d4,2359296,1,256,0.0,0,bits-sq,128,256,7,selection_isolated,/home/jirka/research/2024/bits-knn-jpdc2024/data/application-scaling/ampere02-35760925/gradient-compression-middle.csv,0.00010850694444444444,30,0.16433350000000002,0.16413125,0.16477225,0.2721173710777169,False,False
gradient-compression,e77ffd0b75f255761df3bc4c0830771bb75243da7d366a0e80be0186efb789d4,2359296,1,256,0.0,0,bits-sq,128,256,7,transform_isolated,/home/jirka/research/2024/bits-knn-jpdc2024/data/application-scaling/ampere02-35760925/gradient-compression-middle.csv,0.00010850694444444444,30,0.014547000000000001,0.014492,0.014712000000000001,1.0113769162026534,False,False
gradient-compression,e77ffd0b75f255761df3bc4c0830771bb75243da7d366a0e80be0186efb789d4,2359296,1,256,0.0,0,bits-sq,128,256,7,upload_shared,/home/jirka/research/2024/bits-knn-jpdc2024/data/application-scaling/ampere02-35760925/gradient-compression-middle.csv,0.00010850694444444444,1,0.495922,0.495922,0.495922,1.2356761748823404,False,False
gradient-compression,e77ffd0b75f255761df3bc4c0830771bb75243da7d366a0e80be0186efb789d4,2359296,1,256,0.0,0,bits-sq,128,256,8,download,/home/jirka/research/2024/bits-knn-jpdc2024/data/application-scaling/ampere02-35760925/gradient-compression-middle.csv,0.00010850694444444444,30,0.008087500000000001,0.007992,0.0084905,0.9993817619783615,False,False
gradient-compression,e77ffd0b75f255761df3bc4c0830771bb75243da7d366a0e80be0186efb789d4,2359296,1,256,0.0,0,bits-sq,128,256,8,operator,/home/jirka/research/2024/bits-knn-jpdc2024/data/application-scaling/ampere02-35760925/gradient-compression-middle.csv,0.00010850694444444444,30,0.1913,0.19092675,0.19184275,0.32006272869837954,False,False
gradient-compression,e77ffd0b75f255761df3bc4c0830771bb75243da7d366a0e80be0186efb789d4,2359296,1,256,0.0,0,bits-sq,128,256,8,output_isolated,/home/jirka/research/2024/bits-knn-jpdc2024/data/application-scaling/ampere02-35760925/gradient-compression-middle.csv,0.00010850694444444444,30,0.008017,0.007897,0.0080695,0.9769240364226021,False,False
gradient-compression,e77ffd0b75f255761df3bc4c0830771bb75243da7d366a0e80be0186efb789d4,2359296,1,256,0.0,0,bits-sq,128,256,8,selection_isolated,/home/jirka/research/2024/bits-knn-jpdc2024/data/application-scaling/ampere02-35760925/gradient-compression-middle.csv,0.00010850694444444444,30,0.1747595,0.17449925000000002,0.17493749999999997,0.25588308503972595,False,False
gradient-compression,e77ffd0b75f255761df3bc4c0830771bb75243da7d366a0e80be0186efb789d4,2359296,1,256,0.0,0,bits-sq,128,256,8,transform_isolated,/home/jirka/research/2024/bits-knn-jpdc2024/data/application-scaling/ampere02-35760925/gradient-compression-middle.csv,0.00010850694444444444,30,0.014592,0.0145145,0.014642,1.0082579495614035,False,False
gradient-compression,e77ffd0b75f255761df3bc4c0830771bb75243da7d366a0e80be0186efb789d4,2359296,1,256,0.0,0,bits-sq,128,256,8,upload_shared,/home/jirka/research/2024/bits-knn-jpdc2024/data/application-scaling/ampere02-35760925/gradient-compression-middle.csv,0.00010850694444444444,1,0.47477,0.47477,0.47477,1.2907281420477283,False,False
gradient-compression,e77ffd0b75f255761df3bc4c0830771bb75243da7d366a0e80be0186efb789d4,2359296,1,256,0.0,0,bits-sq,128,256,13,download,/home/jirka/research/2024/bits-knn-jpdc2024/data/application-scaling/ampere02-35760925/gradient-compression-middle.csv,0.00010850694444444444,30,0.0081275,0.008062,0.0082355,0.9944632420793602,False,False
gradient-compression,e77ffd0b75f255761df3bc4c0830771bb75243da7d366a0e80be0186efb789d4,2359296,1,256,0.0,0,bits-sq,128,256,13,operator,/home/jirka/research/2024/bits-knn-jpdc2024/data/application-scaling/ampere02-35760925/gradient-compression-middle.csv,0.00010850694444444444,30,0.21532099999999998,0.214826,0.21564950000000002,0.2843568439678434,False,False
gradient-compression,e77ffd0b75f255761df3bc4c0830771bb75243da7d366a0e80be0186efb789d4,2359296,1,256,0.0,0,bits-sq,128,256,13,output_isolated,/home/jirka/research/2024/bits-knn-jpdc2024/data/application-scaling/ampere02-35760925/gradient-compression-middle.csv,0.00010850694444444444,30,0.007987,0.007832,0.00817975,0.980593464379617,False,False
gradient-compression,e77ffd0b75f255761df3bc4c0830771bb75243da7d366a0e80be0186efb789d4,2359296,1,256,0.0,0,bits-sq,128,256,13,selection_isolated,/home/jirka/research/2024/bits-knn-jpdc2024/data/application-scaling/ampere02-35760925/gradient-compression-middle.csv,0.00010850694444444444,30,0.19854100000000002,0.198341,0.19883175,0.22523307528419817,False,False
gradient-compression,e77ffd0b75f255761df3bc4c0830771bb75243da7d366a0e80be0186efb789d4,2359296,1,256,0.0,0,bits-sq,128,256,13,transform_isolated,/home/jirka/research/2024/bits-knn-jpdc2024/data/application-scaling/ampere02-35760925/gradient-compression-middle.csv,0.00010850694444444444,30,0.014643,0.014582,0.0148055,1.004746295158096,False,False
gradient-compression,e77ffd0b75f255761df3bc4c0830771bb75243da7d366a0e80be0186efb789d4,2359296,1,256,0.0,0,bits-sq,128,256,13,upload_shared,/home/jirka/research/2024/bits-knn-jpdc2024/data/application-scaling/ampere02-35760925/gradient-compression-middle.csv,0.00010850694444444444,1,0.472296,0.472296,0.472296,1.297489286379728,False,False
gradient-compression,e77ffd0b75f255761df3bc4c0830771bb75243da7d366a0e80be0186efb789d4,2359296,1,256,0.0,0,bits-sq,128,256,16,download,/home/jirka/research/2024/bits-knn-jpdc2024/data/application-scaling/ampere02-35760925/gradient-compression-middle.csv,0.00010850694444444444,30,0.008498,0.008192000000000001,0.008893999999999999,0.9511061426217933,False,False
gradient-compression,e77ffd0b75f255761df3bc4c0830771bb75243da7d366a0e80be0186efb789d4,2359296,1,256,0.0,0,bits-sq,128,256,16,operator,/home/jirka/research/2024/bits-knn-jpdc2024/data/application-scaling/ampere02-35760925/gradient-compression-middle.csv,0.00010850694444444444,30,0.237194,0.23683649999999998,0.23764,0.2581346914340161,False,False
gradient-compression,e77ffd0b75f255761df3bc4c0830771bb75243da7d366a0e80be0186efb789d4,2359296,1,256,0.0,0,bits-sq,128,256,16,output_isolated,/home/jirka/research/2024/bits-knn-jpdc2024/data/application-scaling/ampere02-35760925/gradient-compression-middle.csv,0.00010850694444444444,30,0.008087500000000001,0.007992,0.008272,0.9684080370942812,False,False
gradient-compression,e77ffd0b75f255761df3bc4c0830771bb75243da7d366a0e80be0186efb789d4,2359296,1,256,0.0,0,bits-sq,128,256,16,selection_isolated,/home/jirka/research/2024/bits-knn-jpdc2024/data/application-scaling/ampere02-35760925/gradient-compression-middle.csv,0.00010850694444444444,30,0.220509,0.2202415,0.220754,0.20279444376420006,False,False
gradient-compression,e77ffd0b75f255761df3bc4c0830771bb75243da7d366a0e80be0186efb789d4,2359296,1,256,0.0,0,bits-sq,128,256,16,transform_isolated,/home/jirka/research/2024/bits-knn-jpdc2024/data/application-scaling/ampere02-35760925/gradient-compression-middle.csv,0.00010850694444444444,30,0.014723,0.014627750000000002,0.014790500000000002,0.999286830129729,False,False
gradient-compression,e77ffd0b75f255761df3bc4c0830771bb75243da7d366a0e80be0186efb789d4,2359296,1,256,0.0,0,bits-sq,128,256,16,upload_shared,/home/jirka/research/2024/bits-knn-jpdc2024/data/application-scaling/ampere02-35760925/gradient-compression-middle.csv,0.00010850694444444444,1,0.48219,0.48219,0.48219,1.27086625604015,False,False
gradient-compression,e77ffd0b75f255761df3bc4c0830771bb75243da7d366a0e80be0186efb789d4,2359296,1,256,0.0,0,bits-sq,128,512,4,download,/home/jirka/research/2024/bits-knn-jpdc2024/data/application-scaling/ampere02-35760925/gradient-compression-middle.csv,0.00010850694444444444,30,0.008092499999999999,0.00801525,0.00831225,0.9987642879209144,False,False
gradient-compression,e77ffd0b75f255761df3bc4c0830771bb75243da7d366a0e80be0186efb789d4,2359296,1,256,0.0,0,bits-sq,128,512,4,operator,/home/jirka/research/2024/bits-knn-jpdc2024/data/application-scaling/ampere02-35760925/gradient-compression-middle.csv,0.00010850694444444444,30,0.147268,0.14695550000000002,0.147373,0.415759024363745,False,False
gradient-compression,e77ffd0b75f255761df3bc4c0830771bb75243da7d366a0e80be0186efb789d4,2359296,1,256,0.0,0,bits-sq,128,512,4,output_isolated,/home/jirka/research/2024/bits-knn-jpdc2024/data/application-scaling/ampere02-35760925/gradient-compression-middle.csv,0.00010850694444444444,30,0.007922499999999999,0.0078145,0.008067,0.9885768381192807,False,False
gradient-compression,e77ffd0b75f255761df3bc4c0830771bb75243da7d366a0e80be0186efb789d4,2359296,1,256,0.0,0,bits-sq,128,512,4,selection_isolated,/home/jirka/research/2024/bits-knn-jpdc2024/data/application-scaling/ampere02-35760925/gradient-compression-middle.csv,0.00010850694444444444,30,0.130558,0.130448,0.13089800000000001,0.3425144380275432,False,False
gradient-compression,e77ffd0b75f255761df3bc4c0830771bb75243da7d366a0e80be0186efb789d4,2359296,1,256,0.0,0,bits-sq,128,512,4,transform_isolated,/home/jirka/research/2024/bits-knn-jpdc2024/data/application-scaling/ampere02-35760925/gradient-compression-middle.csv,0.00010850694444444444,30,0.014627,0.014547000000000001,0.014727,1.0058453544814385,False,False
gradient-compression,e77ffd0b75f255761df3bc4c0830771bb75243da7d366a0e80be0186efb789d4,2359296,1,256,0.0,0,bits-sq,128,512,4,upload_shared,/home/jirka/research/2024/bits-knn-jpdc2024/data/application-scaling/ampere02-35760925/gradient-compression-middle.csv,0.00010850694444444444,1,0.482361,0.482361,0.482361,1.2704157259811635,False,False
gradient-compression,e77ffd0b75f255761df3bc4c0830771bb75243da7d366a0e80be0186efb789d4,2359296,1,256,0.0,0,bits-sq,128,512,7,download,/home/jirka/research/2024/bits-knn-jpdc2024/data/application-scaling/ampere02-35760925/gradient-compression-middle.csv,0.00010850694444444444,30,0.008136999999999998,0.008057,0.0086005,0.9933021998279465,False,False
gradient-compression,e77ffd0b75f255761df3bc4c0830771bb75243da7d366a0e80be0186efb789d4,2359296,1,256,0.0,0,bits-sq,128,512,7,operator,/home/jirka/research/2024/bits-knn-jpdc2024/data/application-scaling/ampere02-35760925/gradient-compression-middle.csv,0.00010850694444444444,30,0.1708135,0.17066575,0.17111725,0.35844941998144175,False,False
gradient-compression,e77ffd0b75f255761df3bc4c0830771bb75243da7d366a0e80be0186efb789d4,2359296,1,256,0.0,0,bits-sq,128,512,7,output_isolated,/home/jirka/research/2024/bits-knn-jpdc2024/data/application-scaling/ampere02-35760925/gradient-compression-middle.csv,0.00010850694444444444,30,0.008002,0.0078745,0.00817275,0.9787553111722069,False,False
gradient-compression,e77ffd0b75f255761df3bc4c0830771bb75243da7d366a0e80be0186efb789d4,2359296,1,256,0.0,0,bits-sq,128,512,7,selection_isolated,/home/jirka/research/2024/bits-knn-jpdc2024/data/application-scaling/ampere02-35760925/gradient-compression-middle.csv,0.00010850694444444444,30,0.15438400000000002,0.1540965,0.15455649999999999,0.2896543683283241,False,False
gradient-compression,e77ffd0b75f255761df3bc4c0830771bb75243da7d366a0e80be0186efb789d4,2359296,1,256,0.0,0,bits-sq,128,512,7,transform_isolated,/home/jirka/research/2024/bits-knn-jpdc2024/data/application-scaling/ampere02-35760925/gradient-compression-middle.csv,0.00010850694444444444,30,0.0146875,0.014552,0.01482725,1.0017021276595746,False,False
gradient-compression,e77ffd0b75f255761df3bc4c0830771bb75243da7d366a0e80be0186efb789d4,2359296,1,256,0.0,0,bits-sq,128,512,7,upload_shared,/home/jirka/research/2024/bits-knn-jpdc2024/data/application-scaling/ampere02-35760925/gradient-compression-middle.csv,0.00010850694444444444,1,0.48198,0.48198,0.48198,1.2714199759326112,False,False
gradient-compression,e77ffd0b75f255761df3bc4c0830771bb75243da7d366a0e80be0186efb789d4,2359296,1,256,0.0,0,bits-sq,128,512,8,download,/home/jirka/research/2024/bits-knn-jpdc2024/data/application-scaling/ampere02-35760925/gradient-compression-middle.csv,0.00010850694444444444,30,0.008207500000000001,0.008082250000000001,0.0086505,0.9847700274139505,False,False
gradient-compression,e77ffd0b75f255761df3bc4c0830771bb75243da7d366a0e80be0186efb789d4,2359296,1,256,0.0,0,bits-sq,128,512,8,operator,/home/jirka/research/2024/bits-knn-jpdc2024/data/application-scaling/ampere02-35760925/gradient-compression-middle.csv,0.00010850694444444444,30,0.166953,0.166467,0.167429,0.3667379442118441,False,False
gradient-compression,e77ffd0b75f255761df3bc4c0830771bb75243da7d366a0e80be0186efb789d4,2359296,1,256,0.0,0,bits-sq,128,512,8,output_isolated,/home/jirka/research/2024/bits-knn-jpdc2024/data/application-scaling/ampere02-35760925/gradient-compression-middle.csv,0.00010850694444444444,30,0.008042,0.007951999999999999,0.008147,0.9738870927629942,False,False
gradient-compression,e77ffd0b75f255761df3bc4c0830771bb75243da7d366a0e80be0186efb789d4,2359296,1,256,0.0,0,bits-sq,128,512,8,selection_isolated,/home/jirka/research/2024/bits-knn-jpdc2024/data/application-scaling/ampere02-35760925/gradient-compression-middle.csv,0.00010850694444444444,30,0.150383,0.15003725,0.15067325,0.297360738913308,False,False
gradient-compression,e77ffd0b75f255761df3bc4c0830771bb75243da7d366a0e80be0186efb789d4,2359296,1,256,0.0,0,bits-sq,128,512,8,transform_isolated,/home/jirka/research/2024/bits-knn-jpdc2024/data/application-scaling/ampere02-35760925/gradient-compression-middle.csv,0.00010850694444444444,30,0.0147925,0.014737,0.01489275,0.9945918539800574,False,False
gradient-compression,e77ffd0b75f255761df3bc4c0830771bb75243da7d366a0e80be0186efb789d4,2359296,1,256,0.0,0,bits-sq,128,512,8,upload_shared,/home/jirka/research/2024/bits-knn-jpdc2024/data/application-scaling/ampere02-35760925/gradient-compression-middle.csv,0.00010850694444444444,1,0.482841,0.482841,0.482841,1.2691527852854252,False,False
gradient-compression,e77ffd0b75f255761df3bc4c0830771bb75243da7d366a0e80be0186efb789d4,2359296,1,256,0.0,0,bits-sq,128,512,13,download,/home/jirka/research/2024/bits-knn-jpdc2024/data/application-scaling/ampere02-35760925/gradient-compression-middle.csv,0.00010850694444444444,30,0.008232,0.008112,0.00858025,0.9818391642371234,False,False
gradient-compression,e77ffd0b75f255761df3bc4c0830771bb75243da7d366a0e80be0186efb789d4,2359296,1,256,0.0,0,bits-sq,128,512,13,operator,/home/jirka/research/2024/bits-knn-jpdc2024/data/application-scaling/ampere02-35760925/gradient-compression-middle.csv,0.00010850694444444444,30,0.20961249999999998,0.209292,0.2103915,0.2921009004711074,False,False
gradient-compression,e77ffd0b75f255761df3bc4c0830771bb75243da7d366a0e80be0186efb789d4,2359296,1,256,0.0,0,bits-sq,128,512,13,output_isolated,/home/jirka/research/2024/bits-knn-jpdc2024/data/application-scaling/ampere02-35760925/gradient-compression-middle.csv,0.00010850694444444444,30,0.008032000000000001,0.007937,0.0081705,0.9750996015936254,False,False
gradient-compression,e77ffd0b75f255761df3bc4c0830771bb75243da7d366a0e80be0186efb789d4,2359296,1,256,0.0,0,bits-sq,128,512,13,selection_isolated,/home/jirka/research/2024/bits-knn-jpdc2024/data/application-scaling/ampere02-35760925/gradient-compression-middle.csv,0.00010850694444444444,30,0.19291750000000002,0.19267974999999998,0.193098,0.23179856674485202,False,False
gradient-compression,e77ffd0b75f255761df3bc4c0830771bb75243da7d366a0e80be0186efb789d4,2359296,1,256,0.0,0,bits-sq,128,512,13,transform_isolated,/home/jirka/research/2024/bits-knn-jpdc2024/data/application-scaling/ampere02-35760925/gradient-compression-middle.csv,0.00010850694444444444,30,0.014702999999999999,0.014614499999999999,0.014803,1.0006461266408218,False,False
gradient-compression,e77ffd0b75f255761df3bc4c0830771bb75243da7d366a0e80be0186efb789d4,2359296,1,256,0.0,0,bits-sq,128,512,13,upload_shared,/home/jirka/research/2024/bits-knn-jpdc2024/data/application-scaling/ampere02-35760925/gradient-compression-middle.csv,0.00010850694444444444,1,0.473647,0.473647,0.473647,1.2937884120452574,False,False
gradient-compression,e77ffd0b75f255761df3bc4c0830771bb75243da7d366a0e80be0186efb789d4,2359296,1,256,0.0,0,bits-sq,128,512,16,download,/home/jirka/research/2024/bits-knn-jpdc2024/data/application-scaling/ampere02-35760925/gradient-compression-middle.csv,0.00010850694444444444,30,0.0082375,0.00808725,0.0086255,0.9811836115326251,False,False
gradient-compression,e77ffd0b75f255761df3bc4c0830771bb75243da7d366a0e80be0186efb789d4,2359296,1,256,0.0,0,bits-sq,128,512,16,operator,/home/jirka/research/2024/bits-knn-jpdc2024/data/application-scaling/ampere02-35760925/gradient-compression-middle.csv,0.00010850694444444444,30,0.234431,0.23426750000000002,0.23489575000000001,0.2611770627604711,False,False
gradient-compression,e77ffd0b75f255761df3bc4c0830771bb75243da7d366a0e80be0186efb789d4,2359296,1,256,0.0,0,bits-sq,128,512,16,output_isolated,/home/jirka/research/2024/bits-knn-jpdc2024/data/application-scaling/ampere02-35760925/gradient-compression-middle.csv,0.00010850694444444444,30,0.007932,0.007844499999999999,0.008207,0.9873928391326274,False,False
gradient-compression,e77ffd0b75f255761df3bc4c0830771bb75243da7d366a0e80be0186efb789d4,2359296,1,256,0.0,0,bits-sq,128,512,16,selection_isolated,/home/jirka/research/2024/bits-knn-jpdc2024/data/application-scaling/ampere02-35760925/gradient-compression-middle.csv,0.00010850694444444444,30,0.2182705,0.21811575,0.218491,0.20487422716308432,False,False
gradient-compression,e77ffd0b75f255761df3bc4c0830771bb75243da7d366a0e80be0186efb789d4,2359296,1,256,0.0,0,bits-sq,128,512,16,transform_isolated,/home/jirka/research/2024/bits-knn-jpdc2024/data/application-scaling/ampere02-35760925/gradient-compression-middle.csv,0.00010850694444444444,30,0.014642,0.01459125,0.014792,1.0048149159950825,False,False
gradient-compression,e77ffd0b75f255761df3bc4c0830771bb75243da7d366a0e80be0186efb789d4,2359296,1,256,0.0,0,bits-sq,128,512,16,upload_shared,/home/jirka/research/2024/bits-knn-jpdc2024/data/application-scaling/ampere02-35760925/gradient-compression-middle.csv,0.00010850694444444444,1,0.47834499999999996,0.47834499999999996,0.47834499999999996,1.2810816460922556,False,False
gradient-compression,e77ffd0b75f255761df3bc4c0830771bb75243da7d366a0e80be0186efb789d4,2359296,1,256,0.0,0,bits-sq,512,128,4,download,/home/jirka/research/2024/bits-knn-jpdc2024/data/application-scaling/ampere02-35760925/gradient-compression-middle.csv,0.00010850694444444444,30,0.0081825,0.00807725,0.00875825,0.9877787962114267,False,False
gradient-compression,e77ffd0b75f255761df3bc4c0830771bb75243da7d366a0e80be0186efb789d4,2359296,1,256,0.0,0,bits-sq,512,128,4,operator,/home/jirka/research/2024/bits-knn-jpdc2024/data/application-scaling/ampere02-35760925/gradient-compression-middle.csv,0.00010850694444444444,30,0.394052,0.3936995,0.394668,0.15538050815628396,False,False
gradient-compression,e77ffd0b75f255761df3bc4c0830771bb75243da7d366a0e80be0186efb789d4,2359296,1,256,0.0,0,bits-sq,512,128,4,output_isolated,/home/jirka/research/2024/bits-knn-jpdc2024/data/application-scaling/ampere02-35760925/gradient-compression-middle.csv,0.00010850694444444444,30,0.0080125,0.00786125,0.00834275,0.9774726989079563,False,False
gradient-compression,e77ffd0b75f255761df3bc4c0830771bb75243da7d366a0e80be0186efb789d4,2359296,1,256,0.0,0,bits-sq,512,128,4,selection_isolated,/home/jirka/research/2024/bits-knn-jpdc2024/data/application-scaling/ampere02-35760925/gradient-compression-middle.csv,0.00010850694444444444,30,0.377131,0.3768385,0.3775495,0.1185741824458875,False,False
gradient-compression,e77ffd0b75f255761df3bc4c0830771bb75243da7d366a0e80be0186efb789d4,2359296,1,256,0.0,0,bits-sq,512,128,4,transform_isolated,/home/jirka/research/2024/bits-knn-jpdc2024/data/application-scaling/ampere02-35760925/gradient-compression-middle.csv,0.00010850694444444444,30,0.014657,0.0145345,0.014719500000000002,1.0037865866139046,False,False
gradient-compression,e77ffd0b75f255761df3bc4c0830771bb75243da7d366a0e80be0186efb789d4,2359296,1,256,0.0,0,bits-sq,512,128,4,upload_shared,/home/jirka/research/2024/bits-knn-jpdc2024/data/application-scaling/ampere02-35760925/gradient-compression-middle.csv,0.00010850694444444444,1,0.494719,0.494719,0.494719,1.2386809481746202,False,False
gradient-compression,e77ffd0b75f255761df3bc4c0830771bb75243da7d366a0e80be0186efb789d4,2359296,1,256,0.0,0,bits-sq,512,128,7,download,/home/jirka/research/2024/bits-knn-jpdc2024/data/application-scaling/ampere02-35760925/gradient-compression-middle.csv,0.00010850694444444444,30,0.0083225,0.00816525,0.008885750000000001,0.9711625112646439,False,False
gradient-compression,e77ffd0b75f255761df3bc4c0830771bb75243da7d366a0e80be0186efb789d4,2359296,1,256,0.0,0,bits-sq,512,128,7,operator,/home/jirka/research/2024/bits-knn-jpdc2024/data/application-scaling/ampere02-35760925/gradient-compression-middle.csv,0.00010850694444444444,30,0.3773915,0.376926,0.37777975,0.16224000805529537,False,False
gradient-compression,e77ffd0b75f255761df3bc4c0830771bb75243da7d366a0e80be0186efb789d4,2359296,1,256,0.0,0,bits-sq,512,128,7,output_isolated,/home/jirka/research/2024/bits-knn-jpdc2024/data/application-scaling/ampere02-35760925/gradient-compression-middle.csv,0.00010850694444444444,30,0.007987000000000001,0.00785125,0.008320250000000001,0.9805934643796168,False,False
gradient-compression,e77ffd0b75f255761df3bc4c0830771bb75243da7d366a0e80be0186efb789d4,2359296,1,256,0.0,0,bits-sq,512,128,7,selection_isolated,/home/jirka/research/2024/bits-knn-jpdc2024/data/application-scaling/ampere02-35760925/gradient-compression-middle.csv,0.00010850694444444444,30,0.360786,0.36038099999999995,0.36110949999999997,0.12394605112171757,False,False
gradient-compression,e77ffd0b75f255761df3bc4c0830771bb75243da7d366a0e80be0186efb789d4,2359296,1,256,0.0,0,bits-sq,512,128,7,transform_isolated,/home/jirka/research/2024/bits-knn-jpdc2024/data/application-scaling/ampere02-35760925/gradient-compression-middle.csv,0.00010850694444444444,30,0.014686999999999999,0.014625250000000001,0.0147395,1.0017362293184449,False,False
gradient-compression,e77ffd0b75f255761df3bc4c0830771bb75243da7d366a0e80be0186efb789d4,2359296,1,256,0.0,0,bits-sq,512,128,7,upload_shared,/home/jirka/research/2024/bits-knn-jpdc2024/data/application-scaling/ampere02-35760925/gradient-compression-middle.csv,0.00010850694444444444,1,0.491715,0.491715,0.491715,1.2462483349094495,False,False
gradient-compression,e77ffd0b75f255761df3bc4c0830771bb75243da7d366a0e80be0186efb789d4,2359296,1,256,0.0,0,bits-sq,512,128,8,download,/home/jirka/research/2024/bits-knn-jpdc2024/data/application-scaling/ampere02-35760925/gradient-compression-middle.csv,0.00010850694444444444,30,0.008147,0.00806775,0.008560499999999999,0.9920829753283417,False,False
gradient-compression,e77ffd0b75f255761df3bc4c0830771bb75243da7d366a0e80be0186efb789d4,2359296,1,256,0.0,0,bits-sq,512,128,8,operator,/home/jirka/research/2024/bits-knn-jpdc2024/data/application-scaling/ampere02-35760925/gradient-compression-middle.csv,0.00010850694444444444,30,0.386135,0.385524,0.38641775,0.1585663045307988,False,False
gradient-compression,e77ffd0b75f255761df3bc4c0830771bb75243da7d366a0e80be0186efb789d4,2359296,1,256,0.0,0,bits-sq,512,128,8,output_isolated,/home/jirka/research/2024/bits-knn-jpdc2024/data/application-scaling/ampere02-35760925/gradient-compression-middle.csv,0.00010850694444444444,30,0.007972,0.00785425,0.008307,0.9824385348720522,False,False
gradient-compression,e77ffd0b75f255761df3bc4c0830771bb75243da7d366a0e80be0186efb789d4,2359296,1,256,0.0,0,bits-sq,512,128,8,selection_isolated,/home/jirka/research/2024/bits-knn-jpdc2024/data/application-scaling/ampere02-35760925/gradient-compression-middle.csv,0.00010850694444444444,30,0.368954,0.36860899999999996,0.36951,0.12120210107493073,False,False
gradient-compression,e77ffd0b75f255761df3bc4c0830771bb75243da7d366a0e80be0186efb789d4,2359296,1,256,0.0,0,bits-sq,512,128,8,transform_isolated,/home/jirka/research/2024/bits-knn-jpdc2024/data/application-scaling/ampere02-35760925/gradient-compression-middle.csv,0.00010850694444444444,30,0.014696999999999998,0.01462475,0.01488975,1.0010546370007485,False,False
gradient-compression,e77ffd0b75f255761df3bc4c0830771bb75243da7d366a0e80be0186efb789d4,2359296,1,256,0.0,0,bits-sq,512,128,8,upload_shared,/home/jirka/research/2024/bits-knn-jpdc2024/data/application-scaling/ampere02-35760925/gradient-compression-middle.csv,0.00010850694444444444,1,0.484354,0.484354,0.484354,1.265188271388282,False,False
gradient-compression,e77ffd0b75f255761df3bc4c0830771bb75243da7d366a0e80be0186efb789d4,2359296,1,256,0.0,0,bits-sq,512,128,13,download,/home/jirka/research/2024/bits-knn-jpdc2024/data/application-scaling/ampere02-35760925/gradient-compression-middle.csv,0.00010850694444444444,30,0.0081725,0.008105250000000001,0.008573,0.9889874579382074,False,False
gradient-compression,e77ffd0b75f255761df3bc4c0830771bb75243da7d366a0e80be0186efb789d4,2359296,1,256,0.0,0,bits-sq,512,128,13,operator,/home/jirka/research/2024/bits-knn-jpdc2024/data/application-scaling/ampere02-35760925/gradient-compression-middle.csv,0.00010850694444444444,30,0.396736,0.3961635,0.39703875,0.1543293273108566,False,False
gradient-compression,e77ffd0b75f255761df3bc4c0830771bb75243da7d366a0e80be0186efb789d4,2359296,1,256,0.0,0,bits-sq,512,128,13,output_isolated,/home/jirka/research/2024/bits-knn-jpdc2024/data/application-scaling/ampere02-35760925/gradient-compression-middle.csv,0.00010850694444444444,30,0.007966999999999998,0.007809499999999999,0.008209500000000002,0.9830551022969752,False,False
gradient-compression,e77ffd0b75f255761df3bc4c0830771bb75243da7d366a0e80be0186efb789d4,2359296,1,256,0.0,0,bits-sq,512,128,13,selection_isolated,/home/jirka/research/2024/bits-knn-jpdc2024/data/application-scaling/ampere02-35760925/gradient-compression-middle.csv,0.00010850694444444444,30,0.3799005,0.37963250000000004,0.380506,0.11770976874207852,False,False
gradient-compression,e77ffd0b75f255761df3bc4c0830771bb75243da7d366a0e80be0186efb789d4,2359296,1,256,0.0,0,bits-sq,512,128,13,transform_isolated,/home/jirka/research/2024/bits-knn-jpdc2024/data/application-scaling/ampere02-35760925/gradient-compression-middle.csv,0.00010850694444444444,30,0.0147125,0.014562,0.0148705,1.0,False,False
gradient-compression,e77ffd0b75f255761df3bc4c0830771bb75243da7d366a0e80be0186efb789d4,2359296,1,256,0.0,0,bits-sq,512,128,13,upload_shared,/home/jirka/research/2024/bits-knn-jpdc2024/data/application-scaling/ampere02-35760925/gradient-compression-middle.csv,0.00010850694444444444,1,0.4879,0.4879,0.4879,1.255993031358885,False,False
gradient-compression,e77ffd0b75f255761df3bc4c0830771bb75243da7d366a0e80be0186efb789d4,2359296,1,256,0.0,0,bits-sq,512,128,16,download,/home/jirka/research/2024/bits-knn-jpdc2024/data/application-scaling/ampere02-35760925/gradient-compression-middle.csv,0.00010850694444444444,30,0.0081625,0.008059750000000001,0.008723,0.9901990811638591,False,False
gradient-compression,e77ffd0b75f255761df3bc4c0830771bb75243da7d366a0e80be0186efb789d4,2359296,1,256,0.0,0,bits-sq,512,128,16,operator,/home/jirka/research/2024/bits-knn-jpdc2024/data/application-scaling/ampere02-35760925/gradient-compression-middle.csv,0.00010850694444444444,30,0.4028605,0.401511,0.4034785,0.15198313063703192,False,False
gradient-compression,e77ffd0b75f255761df3bc4c0830771bb75243da7d366a0e80be0186efb789d4,2359296,1,256,0.0,0,bits-sq,512,128,16,output_isolated,/home/jirka/research/2024/bits-knn-jpdc2024/data/application-scaling/ampere02-35760925/gradient-compression-middle.csv,0.00010850694444444444,30,0.008043000000000002,0.007862000000000001,0.008568000000000001,0.9737660077085664,False,False
gradient-compression,e77ffd0b75f255761df3bc4c0830771bb75243da7d366a0e80be0186efb789d4,2359296,1,256,0.0,0,bits-sq,512,128,16,selection_isolated,/home/jirka/research/2024/bits-knn-jpdc2024/data/application-scaling/ampere02-35760925/gradient-compression-middle.csv,0.00010850694444444444,30,0.385725,0.383667,0.38630075,0.11593233521291074,False,False
gradient-compression,e77ffd0b75f255761df3bc4c0830771bb75243da7d366a0e80be0186efb789d4,2359296,1,256,0.0,0,bits-sq,512,128,16,transform_isolated,/home/jirka/research/2024/bits-knn-jpdc2024/data/application-scaling/ampere02-35760925/gradient-compression-middle.csv,0.00010850694444444444,30,0.0147125,0.014641999999999999,0.01488275,1.0,False,False
gradient-compression,e77ffd0b75f255761df3bc4c0830771bb75243da7d366a0e80be0186efb789d4,2359296,1,256,0.0,0,bits-sq,512,128,16,upload_shared,/home/jirka/research/2024/bits-knn-jpdc2024/data/application-scaling/ampere02-35760925/gradient-compression-middle.csv,0.00010850694444444444,1,0.484294,0.484294,0.484294,1.2653450176958625,False,False
gradient-compression,e77ffd0b75f255761df3bc4c0830771bb75243da7d366a0e80be0186efb789d4,2359296,1,256,0.0,0,bits-sq,512,256,4,download,/home/jirka/research/2024/bits-knn-jpdc2024/data/application-scaling/ampere02-35760925/gradient-compression-middle.csv,0.00010850694444444444,30,0.008121999999999999,0.0080445,0.008578,0.9951366658458508,False,False
gradient-compression,e77ffd0b75f255761df3bc4c0830771bb75243da7d366a0e80be0186efb789d4,2359296,1,256,0.0,0,bits-sq,512,256,4,operator,/home/jirka/research/2024/bits-knn-jpdc2024/data/application-scaling/ampere02-35760925/gradient-compression-middle.csv,0.00010850694444444444,30,0.30778150000000004,0.30664,0.30872275000000005,0.19893333419974885,False,False
gradient-compression,e77ffd0b75f255761df3bc4c0830771bb75243da7d366a0e80be0186efb789d4,2359296,1,256,0.0,0,bits-sq,512,256,4,output_isolated,/home/jirka/research/2024/bits-knn-jpdc2024/data/application-scaling/ampere02-35760925/gradient-compression-middle.csv,0.00010850694444444444,30,0.008137499999999999,0.0080095,0.00845225,0.9624577572964672,False,False
gradient-compression,e77ffd0b75f255761df3bc4c0830771bb75243da7d366a0e80be0186efb789d4,2359296,1,256,0.0,0,bits-sq,512,256,4,selection_isolated,/home/jirka/research/2024/bits-knn-jpdc2024/data/application-scaling/ampere02-35760925/gradient-compression-middle.csv,0.00010850694444444444,30,0.28994400000000004,0.28929299999999997,0.29147924999999997,0.15422978230278947,False,False
gradient-compression,e77ffd0b75f255761df3bc4c0830771bb75243da7d366a0e80be0186efb789d4,2359296,1,256,0.0,0,bits-sq,512,256,4,transform_isolated,/home/jirka/research/2024/bits-knn-jpdc2024/data/application-scaling/ampere02-35760925/gradient-compression-middle.csv,0.00010850694444444444,30,0.014872,0.01474525,0.015060500000000001,0.9892751479289941,False,False
gradient-compression,e77ffd0b75f255761df3bc4c0830771bb75243da7d366a0e80be0186efb789d4,2359296,1,256,0.0,0,bits-sq,512,256,4,upload_shared,/home/jirka/research/2024/bits-knn-jpdc2024/data/application-scaling/ampere02-35760925/gradient-compression-middle.csv,0.00010850694444444444,1,0.48802999999999996,0.48802999999999996,0.48802999999999996,1.2556584636190398,False,False
gradient-compression,e77ffd0b75f255761df3bc4c0830771bb75243da7d366a0e80be0186efb789d4,2359296,1,256,0.0,0,bits-sq,512,256,7,download,/home/jirka/research/2024/bits-knn-jpdc2024/data/application-scaling/ampere02-35760925/gradient-compression-middle.csv,0.00010850694444444444,30,0.008167,0.008057,0.008663,0.9896534835312842,False,False
gradient-compression,e77ffd0b75f255761df3bc4c0830771bb75243da7d366a0e80be0186efb789d4,2359296,1,256,0.0,0,bits-sq,512,256,7,operator,/home/jirka/research/2024/bits-knn-jpdc2024/data/application-scaling/ampere02-35760925/gradient-compression-middle.csv,0.00010850694444444444,30,0.312604,0.31235324999999997,0.3131525,0.19586441632224796,False,False
gradient-compression,e77ffd0b75f255761df3bc4c0830771bb75243da7d366a0e80be0186efb789d4,2359296,1,256,0.0,0,bits-sq,512,256,7,output_isolated,/home/jirka/research/2024/bits-knn-jpdc2024/data/application-scaling/ampere02-35760925/gradient-compression-middle.csv,0.00010850694444444444,30,0.008017,0.007847,0.008126999999999999,0.9769240364226021,False,False
gradient-compression,e77ffd0b75f255761df3bc4c0830771bb75243da7d366a0e80be0186efb789d4,2359296,1,256,0.0,0,bits-sq,512,256,7,selection_isolated,/home/jirka/research/2024/bits-knn-jpdc2024/data/application-scaling/ampere02-35760925/gradient-compression-middle.csv,0.00010850694444444444,30,0.29558799999999996,0.295057,0.296164,0.15128489654519128,False,False
gradient-compression,e77ffd0b75f255761df3bc4c0830771bb75243da7d366a0e80be0186efb789d4,2359296,1,256,0.0,0,bits-sq,512,256,7,transform_isolated,/home/jirka/research/2024/bits-knn-jpdc2024/data/application-scaling/ampere02-35760925/gradient-compression-middle.csv,0.00010850694444444444,30,0.014681999999999999,0.014549500000000002,0.01478725,1.0020773736548154,False,False
gradient-compression,e77ffd0b75f255761df3bc4c0830771bb75243da7d366a0e80be0186efb789d4,2359296,1,256,0.0,0,bits-sq,512,256,7,upload_shared,/home/jirka/research/2024/bits-knn-jpdc2024/data/application-scaling/ampere02-35760925/gradient-compression-middle.csv,0.00010850694444444444,1,0.479146,0.479146,0.479146,1.278940030804807,False,False
gradient-compression,e77ffd0b75f255761df3bc4c0830771bb75243da7d366a0e80be0186efb789d4,2359296,1,256,0.0,0,bits-sq,512,256,8,download,/home/jirka/research/2024/bits-knn-jpdc2024/data/application-scaling/ampere02-35760925/gradient-compression-middle.csv,0.00010850694444444444,30,0.0082675,0.0080545,0.008776250000000001,0.9776232234653763,False,False
gradient-compression,e77ffd0b75f255761df3bc4c0830771bb75243da7d366a0e80be0186efb789d4,2359296,1,256,0.0,0,bits-sq,512,256,8,operator,/home/jirka/research/2024/bits-knn-jpdc2024/data/application-scaling/ampere02-35760925/gradient-compression-middle.csv,0.00010850694444444444,30,0.322063,0.32109699999999997,0.32253875,0.1901118725218358,False,False
gradient-compression,e77ffd0b75f255761df3bc4c0830771bb75243da7d366a0e80be0186efb789d4,2359296,1,256,0.0,0,bits-sq,512,256,8,output_isolated,/home/jirka/research/2024/bits-knn-jpdc2024/data/application-scaling/ampere02-35760925/gradient-compression-middle.csv,0.00010850694444444444,30,0.008036999999999999,0.007872,0.00815275,0.9744929700136868,False,False
gradient-compression,e77ffd0b75f255761df3bc4c0830771bb75243da7d366a0e80be0186efb789d4,2359296,1,256,0.0,0,bits-sq,512,256,8,selection_isolated,/home/jirka/research/2024/bits-knn-jpdc2024/data/application-scaling/ampere02-35760925/gradient-compression-middle.csv,0.00010850694444444444,30,0.30516750000000004,0.304717,0.305568,0.1465359187986925,False,False
gradient-compression,e77ffd0b75f255761df3bc4c0830771bb75243da7d366a0e80be0186efb789d4,2359296,1,256,0.0,0,bits-sq,512,256,8,transform_isolated,/home/jirka/research/2024/bits-knn-jpdc2024/data/application-scaling/ampere02-35760925/gradient-compression-middle.csv,0.00010850694444444444,30,0.014691999999999998,0.014617,0.01482775,1.0013953171794174,False,False
gradient-compression,e77ffd0b75f255761df3bc4c0830771bb75243da7d366a0e80be0186efb789d4,2359296,1,256,0.0,0,bits-sq,512,256,8,upload_shared,/home/jirka/research/2024/bits-knn-jpdc2024/data/application-scaling/ampere02-35760925/gradient-compression-middle.csv,0.00010850694444444444,1,0.48561600000000005,0.48561600000000005,0.48561600000000005,1.2619003492471417,False,False
gradient-compression,e77ffd0b75f255761df3bc4c0830771bb75243da7d366a0e80be0186efb789d4,2359296,1,256,0.0,0,bits-sq,512,256,13,download,/home/jirka/research/2024/bits-knn-jpdc2024/data/application-scaling/ampere02-35760925/gradient-compression-middle.csv,0.00010850694444444444,30,0.0081775,0.00804525,0.00893075,0.9883827575664933,False,False
gradient-compression,e77ffd0b75f255761df3bc4c0830771bb75243da7d366a0e80be0186efb789d4,2359296,1,256,0.0,0,bits-sq,512,256,13,operator,/home/jirka/research/2024/bits-knn-jpdc2024/data/application-scaling/ampere02-35760925/gradient-compression-middle.csv,0.00010850694444444444,30,0.3737665,0.3731935,0.37431274999999997,0.16381350388544721,False,False
gradient-compression,e77ffd0b75f255761df3bc4c0830771bb75243da7d366a0e80be0186efb789d4,2359296,1,256,0.0,0,bits-sq,512,256,13,output_isolated,/home/jirka/research/2024/bits-knn-jpdc2024/data/application-scaling/ampere02-35760925/gradient-compression-middle.csv,0.00010850694444444444,30,0.008112,0.007934499999999999,0.008295249999999999,0.9654832347140041,False,False
gradient-compression,e77ffd0b75f255761df3bc4c0830771bb75243da7d366a0e80be0186efb789d4,2359296,1,256,0.0,0,bits-sq,512,256,13,selection_isolated,/home/jirka/research/2024/bits-knn-jpdc2024/data/application-scaling/ampere02-35760925/gradient-compression-middle.csv,0.00010850694444444444,30,0.357271,0.35653775000000004,0.35749425,0.12516549062196483,False,False
gradient-compression,e77ffd0b75f255761df3bc4c0830771bb75243da7d366a0e80be0186efb789d4,2359296,1,256,0.0,0,bits-sq,512,256,13,transform_isolated,/home/jirka/research/2024/bits-knn-jpdc2024/data/application-scaling/ampere02-35760925/gradient-compression-middle.csv,0.00010850694444444444,30,0.014642,0.0145695,0.014743,1.0048149159950825,False,False
gradient-compression,e77ffd0b75f255761df3bc4c0830771bb75243da7d366a0e80be0186efb789d4,2359296,1,256,0.0,0,bits-sq,512,256,13,upload_shared,/home/jirka/research/2024/bits-knn-jpdc2024/data/application-scaling/ampere02-35760925/gradient-compression-middle.csv,0.00010850694444444444,1,0.478776,0.478776,0.478776,1.2799284007552592,False,False
gradient-compression,e77ffd0b75f255761df3bc4c0830771bb75243da7d366a0e80be0186efb789d4,2359296,1,256,0.0,0,bits-sq,512,256,16,download,/home/jirka/research/2024/bits-knn-jpdc2024/data/application-scaling/ampere02-35760925/gradient-compression-middle.csv,0.00010850694444444444,30,0.008182499999999999,0.008107,0.0088455,0.987778796211427,False,False
gradient-compression,e77ffd0b75f255761df3bc4c0830771bb75243da7d366a0e80be0186efb789d4,2359296,1,256,0.0,0,bits-sq,512,256,16,operator,/home/jirka/research/2024/bits-knn-jpdc2024/data/application-scaling/ampere02-35760925/gradient-compression-middle.csv,0.00010850694444444444,30,0.4080735,0.407593,0.40852475000000005,0.15004159789841784,False,False
gradient-compression,e77ffd0b75f255761df3bc4c0830771bb75243da7d366a0e80be0186efb789d4,2359296,1,256,0.0,0,bits-sq,512,256,16,output_isolated,/home/jirka/research/2024/bits-knn-jpdc2024/data/application-scaling/ampere02-35760925/gradient-compression-middle.csv,0.00010850694444444444,30,0.008042,0.0078895,0.00827525,0.9738870927629942,False,False
gradient-compression,e77ffd0b75f255761df3bc4c0830771bb75243da7d366a0e80be0186efb789d4,2359296,1,256,0.0,0,bits-sq,512,256,16,selection_isolated,/home/jirka/research/2024/bits-knn-jpdc2024/data/application-scaling/ampere02-35760925/gradient-compression-middle.csv,0.00010850694444444444,30,0.391238,0.38907475,0.391748,0.11429871331516876,False,False
gradient-compression,e77ffd0b75f255761df3bc4c0830771bb75243da7d366a0e80be0186efb789d4,2359296,1,256,0.0,0,bits-sq,512,256,16,transform_isolated,/home/jirka/research/2024/bits-knn-jpdc2024/data/application-scaling/ampere02-35760925/gradient-compression-middle.csv,0.00010850694444444444,30,0.014762500000000001,0.0146445,0.014970500000000001,0.9966130397967823,False,False
gradient-compression,e77ffd0b75f255761df3bc4c0830771bb75243da7d366a0e80be0186efb789d4,2359296,1,256,0.0,0,bits-sq,512,256,16,upload_shared,/home/jirka/research/2024/bits-knn-jpdc2024/data/application-scaling/ampere02-35760925/gradient-compression-middle.csv,0.00010850694444444444,1,0.483182,0.483182,0.483182,1.2682570956699546,False,False
gradient-compression,e77ffd0b75f255761df3bc4c0830771bb75243da7d366a0e80be0186efb789d4,2359296,1,256,0.0,0,bits-sq,512,512,4,download,/home/jirka/research/2024/bits-knn-jpdc2024/data/application-scaling/ampere02-35760925/gradient-compression-middle.csv,0.00010850694444444444,30,0.008182499999999999,0.00808775,0.00832275,0.987778796211427,False,False
gradient-compression,e77ffd0b75f255761df3bc4c0830771bb75243da7d366a0e80be0186efb789d4,2359296,1,256,0.0,0,bits-sq,512,512,4,operator,/home/jirka/research/2024/bits-knn-jpdc2024/data/application-scaling/ampere02-35760925/gradient-compression-middle.csv,0.00010850694444444444,30,0.238596,0.236178,0.2397405,0.2566178812721085,False,False
gradient-compression,e77ffd0b75f255761df3bc4c0830771bb75243da7d366a0e80be0186efb789d4,2359296,1,256,0.0,0,bits-sq,512,512,4,output_isolated,/home/jirka/research/2024/bits-knn-jpdc2024/data/application-scaling/ampere02-35760925/gradient-compression-middle.csv,0.00010850694444444444,30,0.008012,0.007894499999999999,0.00823975,0.9775336994508238,False,False
gradient-compression,e77ffd0b75f255761df3bc4c0830771bb75243da7d366a0e80be0186efb789d4,2359296,1,256,0.0,0,bits-sq,512,512,4,selection_isolated,/home/jirka/research/2024/bits-knn-jpdc2024/data/application-scaling/ampere02-35760925/gradient-compression-middle.csv,0.00010850694444444444,30,0.219833,0.2183135,0.2230155,0.20341804915549527,False,False
gradient-compression,e77ffd0b75f255761df3bc4c0830771bb75243da7d366a0e80be0186efb789d4,2359296,1,256,0.0,0,bits-sq,512,512,4,transform_isolated,/home/jirka/research/2024/bits-knn-jpdc2024/data/application-scaling/ampere02-35760925/gradient-compression-middle.csv,0.00010850694444444444,30,0.014678,0.014597,0.01473025,1.0023504564654584,False,False
gradient-compression,e77ffd0b75f255761df3bc4c0830771bb75243da7d366a0e80be0186efb789d4,2359296,1,256,0.0,0,bits-sq,512,512,4,upload_shared,/home/jirka/research/2024/bits-knn-jpdc2024/data/application-scaling/ampere02-35760925/gradient-compression-middle.csv,0.00010850694444444444,1,0.469692,0.469692,0.469692,1.3046826430937721,False,False
gradient-compression,e77ffd0b75f255761df3bc4c0830771bb75243da7d366a0e80be0186efb789d4,2359296,1,256,0.0,0,bits-sq,512,512,7,download,/home/jirka/research/2024/bits-knn-jpdc2024/data/application-scaling/ampere02-35760925/gradient-compression-middle.csv,0.00010850694444444444,30,0.008117,0.008022,0.008248,0.9957496612048786,False,False
gradient-compression,e77ffd0b75f255761df3bc4c0830771bb75243da7d366a0e80be0186efb789d4,2359296,1,256,0.0,0,bits-sq,512,512,7,operator,/home/jirka/research/2024/bits-knn-jpdc2024/data/application-scaling/ampere02-35760925/gradient-compression-middle.csv,0.00010850694444444444,30,0.300851,0.29636975,0.3014945,0.2035160262056633,False,False
gradient-compression,e77ffd0b75f255761df3bc4c0830771bb75243da7d366a0e80be0186efb789d4,2359296,1,256,0.0,0,bits-sq,512,512,7,output_isolated,/home/jirka/research/2024/bits-knn-jpdc2024/data/application-scaling/ampere02-35760925/gradient-compression-middle.csv,0.00010850694444444444,30,0.0080075,0.007912,0.008230250000000001,0.9780830471433031,False,False
gradient-compression,e77ffd0b75f255761df3bc4c0830771bb75243da7d366a0e80be0186efb789d4,2359296,1,256,0.0,0,bits-sq,512,512,7,selection_isolated,/home/jirka/research/2024/bits-knn-jpdc2024/data/application-scaling/ampere02-35760925/gradient-compression-middle.csv,0.00010850694444444444,30,0.284346,0.27985424999999997,0.28466125000000003,0.15726614758076427,False,False
gradient-compression,e77ffd0b75f255761df3bc4c0830771bb75243da7d366a0e80be0186efb789d4,2359296,1,256,0.0,0,bits-sq,512,512,7,transform_isolated,/home/jirka/research/2024/bits-knn-jpdc2024/data/application-scaling/ampere02-35760925/gradient-compression-middle.csv,0.00010850694444444444,30,0.014617,0.014562,0.014723,1.0065334884039132,False,False
gradient-compression,e77ffd0b75f255761df3bc4c0830771bb75243da7d366a0e80be0186efb789d4,2359296,1,256,0.0,0,bits-sq,512,512,7,upload_shared,/home/jirka/research/2024/bits-knn-jpdc2024/data/application-scaling/ampere02-35760925/gradient-compression-middle.csv,0.00010850694444444444,1,0.48218099999999997,0.48218099999999997,0.48218099999999997,1.2708899770003381,False,False
gradient-compression,e77ffd0b75f255761df3bc4c0830771bb75243da7d366a0e80be0186efb789d4,2359296,1,256,0.0,0,bits-sq,512,512,8,download,/home/jirka/research/2024/bits-knn-jpdc2024/data/application-scaling/ampere02-35760925/gradient-compression-middle.csv,0.00010850694444444444,30,0.008257999999999998,0.008098,0.0086605,0.9787478808428193,False,False
gradient-compression,e77ffd0b75f255761df3bc4c0830771bb75243da7d366a0e80be0186efb789d4,2359296,1,256,0.0,0,bits-sq,512,512,8,operator,/home/jirka/research/2024/bits-knn-jpdc2024/data/application-scaling/ampere02-35760925/gradient-compression-middle.csv,0.00010850694444444444,30,0.27341950000000004,0.27031,0.27564275000000005,0.22393428413116107,False,False
gradient-compression,e77ffd0b75f255761df3bc4c0830771bb75243da7d366a0e80be0186efb789d4,2359296,1,256,0.0,0,bits-sq,512,512,8,output_isolated,/home/jirka/research/2024/bits-knn-jpdc2024/data/application-scaling/ampere02-35760925/gradient-compression-middle.csv,0.00010850694444444444,30,0.007993,0.0079045,0.0081395,0.979857375203303,False,False
gradient-compression,e77ffd0b75f255761df3bc4c0830771bb75243da7d366a0e80be0186efb789d4,2359296,1,256,0.0,0,bits-sq,512,512,8,selection_isolated,/home/jirka/research/2024/bits-knn-jpdc2024/data/application-scaling/ampere02-35760925/gradient-compression-middle.csv,0.00010850694444444444,30,0.256724,0.25465774999999996,0.2581685,0.1741870647076237,False,False
gradient-compression,e77ffd0b75f255761df3bc4c0830771bb75243da7d366a0e80be0186efb789d4,2359296,1,256,0.0,0,bits-sq,512,512,8,transform_isolated,/home/jirka/research/2024/bits-knn-jpdc2024/data/application-scaling/ampere02-35760925/gradient-compression-middle.csv,0.00010850694444444444,30,0.0149475,0.0148855,0.015040499999999998,0.9842783074092657,False,False
gradient-compression,e77ffd0b75f255761df3bc4c0830771bb75243da7d366a0e80be0186efb789d4,2359296,1,256,0.0,0,bits-sq,512,512,8,upload_shared,/home/jirka/research/2024/bits-knn-jpdc2024/data/application-scaling/ampere02-35760925/gradient-compression-middle.csv,0.00010850694444444444,1,0.491194,0.491194,0.491194,1.2475702064764633,False,False
gradient-compression,e77ffd0b75f255761df3bc4c0830771bb75243da7d366a0e80be0186efb789d4,2359296,1,256,0.0,0,bits-sq,512,512,13,download,/home/jirka/research/2024/bits-knn-jpdc2024/data/application-scaling/ampere02-35760925/gradient-compression-middle.csv,0.00010850694444444444,30,0.0082125,0.008076999999999999,0.0087255,0.9841704718417047,False,False
gradient-compression,e77ffd0b75f255761df3bc4c0830771bb75243da7d366a0e80be0186efb789d4,2359296,1,256,0.0,0,bits-sq,512,512,13,operator,/home/jirka/research/2024/bits-knn-jpdc2024/data/application-scaling/ampere02-35760925/gradient-compression-middle.csv,0.00010850694444444444,30,0.325643,0.32531775,0.326079,0.18802185215097517,False,False
gradient-compression,e77ffd0b75f255761df3bc4c0830771bb75243da7d366a0e80be0186efb789d4,2359296,1,256,0.0,0,bits-sq,512,512,13,output_isolated,/home/jirka/research/2024/bits-knn-jpdc2024/data/application-scaling/ampere02-35760925/gradient-compression-middle.csv,0.00010850694444444444,30,0.008093,0.007934499999999999,0.0083905,0.96774990732732,False,False
gradient-compression,e77ffd0b75f255761df3bc4c0830771bb75243da7d366a0e80be0186efb789d4,2359296,1,256,0.0,0,bits-sq,512,512,13,selection_isolated,/home/jirka/research/2024/bits-knn-jpdc2024/data/application-scaling/ampere02-35760925/gradient-compression-middle.csv,0.00010850694444444444,30,0.308773,0.30851725,0.30914800000000003,0.14482483895936493,False,False
gradient-compression,e77ffd0b75f255761df3bc4c0830771bb75243da7d366a0e80be0186efb789d4,2359296,1,256,0.0,0,bits-sq,512,512,13,transform_isolated,/home/jirka/research/2024/bits-knn-jpdc2024/data/application-scaling/ampere02-35760925/gradient-compression-middle.csv,0.00010850694444444444,30,0.014652,0.014574499999999999,0.01478725,1.0041291291291292,False,False
gradient-compression,e77ffd0b75f255761df3bc4c0830771bb75243da7d366a0e80be0186efb789d4,2359296,1,256,0.0,0,bits-sq,512,512,13,upload_shared,/home/jirka/research/2024/bits-knn-jpdc2024/data/application-scaling/ampere02-35760925/gradient-compression-middle.csv,0.00010850694444444444,1,0.479837,0.479837,0.479837,1.2770982646190268,False,False
gradient-compression,e77ffd0b75f255761df3bc4c0830771bb75243da7d366a0e80be0186efb789d4,2359296,1,256,0.0,0,bits-sq,512,512,16,download,/home/jirka/research/2024/bits-knn-jpdc2024/data/application-scaling/ampere02-35760925/gradient-compression-middle.csv,0.00010850694444444444,30,0.008182499999999999,0.008102,0.008558,0.987778796211427,False,False
gradient-compression,e77ffd0b75f255761df3bc4c0830771bb75243da7d366a0e80be0186efb789d4,2359296,1,256,0.0,0,bits-sq,512,512,16,operator,/home/jirka/research/2024/bits-knn-jpdc2024/data/application-scaling/ampere02-35760925/gradient-compression-middle.csv,0.00010850694444444444,30,0.3402905,0.33992999999999995,0.340646,0.17992861981160216,False,False
gradient-compression,e77ffd0b75f255761df3bc4c0830771bb75243da7d366a0e80be0186efb789d4,2359296,1,256,0.0,0,bits-sq,512,512,16,output_isolated,/home/jirka/research/2024/bits-knn-jpdc2024/data/application-scaling/ampere02-35760925/gradient-compression-middle.csv,0.00010850694444444444,30,0.007987000000000001,0.0078895,0.00826525,0.9805934643796168,False,False
gradient-compression,e77ffd0b75f255761df3bc4c0830771bb75243da7d366a0e80be0186efb789d4,2359296,1,256,0.0,0,bits-sq,512,512,16,selection_isolated,/home/jirka/research/2024/bits-knn-jpdc2024/data/application-scaling/ampere02-35760925/gradient-compression-middle.csv,0.00010850694444444444,30,0.32341,0.323255,0.32364075,0.13827030704059862,False,False
gradient-compression,e77ffd0b75f255761df3bc4c0830771bb75243da7d366a0e80be0186efb789d4,2359296,1,256,0.0,0,bits-sq,512,512,16,transform_isolated,/home/jirka/research/2024/bits-knn-jpdc2024/data/application-scaling/ampere02-35760925/gradient-compression-middle.csv,0.00010850694444444444,30,0.014676999999999999,0.0145545,0.014854749999999998,1.0024187504258364,False,False
gradient-compression,e77ffd0b75f255761df3bc4c0830771bb75243da7d366a0e80be0186efb789d4,2359296,1,256,0.0,0,bits-sq,512,512,16,upload_shared,/home/jirka/research/2024/bits-knn-jpdc2024/data/application-scaling/ampere02-35760925/gradient-compression-middle.csv,0.00010850694444444444,1,0.48145000000000004,0.48145000000000004,0.48145000000000004,1.2728196074358706,False,False
gradient-compression,e77ffd0b75f255761df3bc4c0830771bb75243da7d366a0e80be0186efb789d4,2359296,1,256,0.0,0,block-select,1,128,4,download,/home/jirka/research/2024/bits-knn-jpdc2024/data/application-scaling/ampere02-35760925/gradient-compression-middle.csv,0.00010850694444444444,30,0.010246,0.0098475,0.01138525,0.7888444270934999,False,False
gradient-compression,e77ffd0b75f255761df3bc4c0830771bb75243da7d366a0e80be0186efb789d4,2359296,1,256,0.0,0,block-select,1,128,4,operator,/home/jirka/research/2024/bits-knn-jpdc2024/data/application-scaling/ampere02-35760925/gradient-compression-middle.csv,0.00010850694444444444,30,5.413588,5.40500425,5.4246295,0.011310059058797974,False,False
gradient-compression,e77ffd0b75f255761df3bc4c0830771bb75243da7d366a0e80be0186efb789d4,2359296,1,256,0.0,0,block-select,1,128,4,output_isolated,/home/jirka/research/2024/bits-knn-jpdc2024/data/application-scaling/ampere02-35760925/gradient-compression-middle.csv,0.00010850694444444444,30,0.0108565,0.0102425,0.0113905,0.7214111361856953,False,False
gradient-compression,e77ffd0b75f255761df3bc4c0830771bb75243da7d366a0e80be0186efb789d4,2359296,1,256,0.0,0,block-select,1,128,4,selection_isolated,/home/jirka/research/2024/bits-knn-jpdc2024/data/application-scaling/ampere02-35760925/gradient-compression-middle.csv,0.00010850694444444444,30,5.4016494999999995,5.391170750000001,5.411039,0.008278582310829312,False,False
gradient-compression,e77ffd0b75f255761df3bc4c0830771bb75243da7d366a0e80be0186efb789d4,2359296,1,256,0.0,0,block-select,1,128,4,transform_isolated,/home/jirka/research/2024/bits-knn-jpdc2024/data/application-scaling/ampere02-35760925/gradient-compression-middle.csv,0.00010850694444444444,30,0.0147825,0.0146345,0.01496775,0.9952646710637578,False,False
gradient-compression,e77ffd0b75f255761df3bc4c0830771bb75243da7d366a0e80be0186efb789d4,2359296,1,256,0.0,0,block-select,1,128,4,upload_shared,/home/jirka/research/2024/bits-knn-jpdc2024/data/application-scaling/ampere02-35760925/gradient-compression-middle.csv,0.00010850694444444444,1,0.612799,0.612799,0.612799,1.0,False,False
gradient-compression,e77ffd0b75f255761df3bc4c0830771bb75243da7d366a0e80be0186efb789d4,2359296,1,256,0.0,0,grid-select,1,0,0,download,/home/jirka/research/2024/bits-knn-jpdc2024/data/application-scaling/ampere02-35760925/gradient-compression-middle.csv,0.00010850694444444444,30,0.008277,0.008160500000000001,0.0086955,0.9765011477588498,True,True
gradient-compression,e77ffd0b75f255761df3bc4c0830771bb75243da7d366a0e80be0186efb789d4,2359296,1,256,0.0,0,grid-select,1,0,0,operator,/home/jirka/research/2024/bits-knn-jpdc2024/data/application-scaling/ampere02-35760925/gradient-compression-middle.csv,0.00010850694444444444,30,0.1270075,0.12663200000000002,0.12759825,0.48208176682479387,True,True
gradient-compression,e77ffd0b75f255761df3bc4c0830771bb75243da7d366a0e80be0186efb789d4,2359296,1,256,0.0,0,grid-select,1,0,0,output_isolated,/home/jirka/research/2024/bits-knn-jpdc2024/data/application-scaling/ampere02-35760925/gradient-compression-middle.csv,0.00010850694444444444,30,0.008081999999999999,0.0079095,0.00829025,0.9690670626082655,True,True
gradient-compression,e77ffd0b75f255761df3bc4c0830771bb75243da7d366a0e80be0186efb789d4,2359296,1,256,0.0,0,grid-select,1,0,0,selection_isolated,/home/jirka/research/2024/bits-knn-jpdc2024/data/application-scaling/ampere02-35760925/gradient-compression-middle.csv,0.00010850694444444444,30,0.1118245,0.1115265,0.11220474999999999,0.3998944775071652,True,True
gradient-compression,e77ffd0b75f255761df3bc4c0830771bb75243da7d366a0e80be0186efb789d4,2359296,1,256,0.0,0,grid-select,1,0,0,transform_isolated,/home/jirka/research/2024/bits-knn-jpdc2024/data/application-scaling/ampere02-35760925/gradient-compression-middle.csv,0.00010850694444444444,30,0.014733,0.014587,0.01483725,0.9986085658046563,True,True
gradient-compression,e77ffd0b75f255761df3bc4c0830771bb75243da7d366a0e80be0186efb789d4,2359296,1,256,0.0,0,grid-select,1,0,0,upload_shared,/home/jirka/research/2024/bits-knn-jpdc2024/data/application-scaling/ampere02-35760925/gradient-compression-middle.csv,0.00010850694444444444,1,0.612799,0.612799,0.612799,1.0,True,True
gradient-compression,e77ffd0b75f255761df3bc4c0830771bb75243da7d366a0e80be0186efb789d4,2359296,1,512,0.0,0,air-topk,1,512,0,download,/home/jirka/research/2024/bits-knn-jpdc2024/data/application-scaling/ampere02-35760925/gradient-compression-middle.csv,0.00021701388888888888,30,0.008178,0.008107,0.008522749999999999,1.0,True,True
gradient-compression,e77ffd0b75f255761df3bc4c0830771bb75243da7d366a0e80be0186efb789d4,2359296,1,512,0.0,0,air-topk,1,512,0,operator,/home/jirka/research/2024/bits-knn-jpdc2024/data/application-scaling/ampere02-35760925/gradient-compression-middle.csv,0.00021701388888888888,30,0.061668499999999994,0.061364749999999996,0.062171500000000005,1.0,True,True
gradient-compression,e77ffd0b75f255761df3bc4c0830771bb75243da7d366a0e80be0186efb789d4,2359296,1,512,0.0,0,air-topk,1,512,0,output_isolated,/home/jirka/research/2024/bits-knn-jpdc2024/data/application-scaling/ampere02-35760925/gradient-compression-middle.csv,0.00021701388888888888,30,0.008257500000000001,0.008141999999999998,0.0083505,1.0,True,True
gradient-compression,e77ffd0b75f255761df3bc4c0830771bb75243da7d366a0e80be0186efb789d4,2359296,1,512,0.0,0,air-topk,1,512,0,selection_isolated,/home/jirka/research/2024/bits-knn-jpdc2024/data/application-scaling/ampere02-35760925/gradient-compression-middle.csv,0.00021701388888888888,30,0.045328999999999994,0.045138750000000005,0.045551499999999995,1.0,True,True
gradient-compression,e77ffd0b75f255761df3bc4c0830771bb75243da7d366a0e80be0186efb789d4,2359296,1,512,0.0,0,air-topk,1,512,0,transform_isolated,/home/jirka/research/2024/bits-knn-jpdc2024/data/application-scaling/ampere02-35760925/gradient-compression-middle.csv,0.00021701388888888888,30,0.0146875,0.014632,0.014848,1.0,True,True
gradient-compression,e77ffd0b75f255761df3bc4c0830771bb75243da7d366a0e80be0186efb789d4,2359296,1,512,0.0,0,air-topk,1,512,0,upload_shared,/home/jirka/research/2024/bits-knn-jpdc2024/data/application-scaling/ampere02-35760925/gradient-compression-middle.csv,0.00021701388888888888,1,0.584055,0.584055,0.584055,1.0,True,True
gradient-compression,e77ffd0b75f255761df3bc4c0830771bb75243da7d366a0e80be0186efb789d4,2359296,1,512,0.0,0,bits-prefetch,1,128,4,download,/home/jirka/research/2024/bits-knn-jpdc2024/data/application-scaling/ampere02-35760925/gradient-compression-middle.csv,0.00021701388888888888,30,0.009559999999999999,0.009184,0.01015825,0.8554393305439331,False,False
gradient-compression,e77ffd0b75f255761df3bc4c0830771bb75243da7d366a0e80be0186efb789d4,2359296,1,512,0.0,0,bits-prefetch,1,128,4,operator,/home/jirka/research/2024/bits-knn-jpdc2024/data/application-scaling/ampere02-35760925/gradient-compression-middle.csv,0.00021701388888888888,30,2.962554,2.9612195000000003,2.965338,0.02081599187727886,False,False
gradient-compression,e77ffd0b75f255761df3bc4c0830771bb75243da7d366a0e80be0186efb789d4,2359296,1,512,0.0,0,bits-prefetch,1,128,4,output_isolated,/home/jirka/research/2024/bits-knn-jpdc2024/data/application-scaling/ampere02-35760925/gradient-compression-middle.csv,0.00021701388888888888,30,0.01003,0.009712499999999999,0.010686750000000002,0.8232801595214357,False,False
gradient-compression,e77ffd0b75f255761df3bc4c0830771bb75243da7d366a0e80be0186efb789d4,2359296,1,512,0.0,0,bits-prefetch,1,128,4,selection_isolated,/home/jirka/research/2024/bits-knn-jpdc2024/data/application-scaling/ampere02-35760925/gradient-compression-middle.csv,0.00021701388888888888,30,2.9450975,2.9435452499999997,2.9469950000000003,0.015391341033700918,False,False
gradient-compression,e77ffd0b75f255761df3bc4c0830771bb75243da7d366a0e80be0186efb789d4,2359296,1,512,0.0,0,bits-prefetch,1,128,4,transform_isolated,/home/jirka/research/2024/bits-knn-jpdc2024/data/application-scaling/ampere02-35760925/gradient-compression-middle.csv,0.00021701388888888888,30,0.014757000000000001,0.0146545,0.01488525,0.9952903706715456,False,False
gradient-compression,e77ffd0b75f255761df3bc4c0830771bb75243da7d366a0e80be0186efb789d4,2359296,1,512,0.0,0,bits-prefetch,1,128,4,upload_shared,/home/jirka/research/2024/bits-knn-jpdc2024/data/application-scaling/ampere02-35760925/gradient-compression-middle.csv,0.00021701388888888888,1,0.49522,0.49522,0.49522,1.1793849198336093,False,False
gradient-compression,e77ffd0b75f255761df3bc4c0830771bb75243da7d366a0e80be0186efb789d4,2359296,1,512,0.0,0,bits-prefetch,1,128,7,download,/home/jirka/research/2024/bits-knn-jpdc2024/data/application-scaling/ampere02-35760925/gradient-compression-middle.csv,0.00021701388888888888,30,0.009458999999999999,0.009113999999999999,0.01005,0.8645734221376468,False,False
gradient-compression,e77ffd0b75f255761df3bc4c0830771bb75243da7d366a0e80be0186efb789d4,2359296,1,512,0.0,0,bits-prefetch,1,128,7,operator,/home/jirka/research/2024/bits-knn-jpdc2024/data/application-scaling/ampere02-35760925/gradient-compression-middle.csv,0.00021701388888888888,30,2.2984029999999995,2.2975105,2.2996339999999997,0.0268310213657048,False,False
gradient-compression,e77ffd0b75f255761df3bc4c0830771bb75243da7d366a0e80be0186efb789d4,2359296,1,512,0.0,0,bits-prefetch,1,128,7,output_isolated,/home/jirka/research/2024/bits-knn-jpdc2024/data/application-scaling/ampere02-35760925/gradient-compression-middle.csv,0.00021701388888888888,30,0.009600000000000001,0.009421500000000001,0.010533250000000001,0.8601562500000001,False,False
gradient-compression,e77ffd0b75f255761df3bc4c0830771bb75243da7d366a0e80be0186efb789d4,2359296,1,512,0.0,0,bits-prefetch,1,128,7,selection_isolated,/home/jirka/research/2024/bits-knn-jpdc2024/data/application-scaling/ampere02-35760925/gradient-compression-middle.csv,0.00021701388888888888,30,2.2799445,2.279416,2.280986,0.019881624311468983,False,False
gradient-compression,e77ffd0b75f255761df3bc4c0830771bb75243da7d366a0e80be0186efb789d4,2359296,1,512,0.0,0,bits-prefetch,1,128,7,transform_isolated,/home/jirka/research/2024/bits-knn-jpdc2024/data/application-scaling/ampere02-35760925/gradient-compression-middle.csv,0.00021701388888888888,30,0.0147025,0.014542000000000001,0.01482975,0.9989797653460295,False,False
gradient-compression,e77ffd0b75f255761df3bc4c0830771bb75243da7d366a0e80be0186efb789d4,2359296,1,512,0.0,0,bits-prefetch,1,128,7,upload_shared,/home/jirka/research/2024/bits-knn-jpdc2024/data/application-scaling/ampere02-35760925/gradient-compression-middle.csv,0.00021701388888888888,1,0.495922,0.495922,0.495922,1.1777154471872593,False,False
gradient-compression,e77ffd0b75f255761df3bc4c0830771bb75243da7d366a0e80be0186efb789d4,2359296,1,512,0.0,0,bits-prefetch,1,128,8,download,/home/jirka/research/2024/bits-knn-jpdc2024/data/application-scaling/ampere02-35760925/gradient-compression-middle.csv,0.00021701388888888888,30,0.0091685,0.008438,0.009514250000000002,0.8919670611332279,False,False
gradient-compression,e77ffd0b75f255761df3bc4c0830771bb75243da7d366a0e80be0186efb789d4,2359296,1,512,0.0,0,bits-prefetch,1,128,8,operator,/home/jirka/research/2024/bits-knn-jpdc2024/data/application-scaling/ampere02-35760925/gradient-compression-middle.csv,0.00021701388888888888,30,1.7331065,1.73205425,1.7341327500000001,0.035582637304747276,False,False
gradient-compression,e77ffd0b75f255761df3bc4c0830771bb75243da7d366a0e80be0186efb789d4,2359296,1,512,0.0,0,bits-prefetch,1,128,8,output_isolated,/home/jirka/research/2024/bits-knn-jpdc2024/data/application-scaling/ampere02-35760925/gradient-compression-middle.csv,0.00021701388888888888,30,0.009288999999999999,0.0089565,0.00974,0.8889546775756273,False,False
gradient-compression,e77ffd0b75f255761df3bc4c0830771bb75243da7d366a0e80be0186efb789d4,2359296,1,512,0.0,0,bits-prefetch,1,128,8,selection_isolated,/home/jirka/research/2024/bits-knn-jpdc2024/data/application-scaling/ampere02-35760925/gradient-compression-middle.csv,0.00021701388888888888,30,1.7154595000000001,1.714448,1.717968,0.02642382405413826,False,False
gradient-compression,e77ffd0b75f255761df3bc4c0830771bb75243da7d366a0e80be0186efb789d4,2359296,1,512,0.0,0,bits-prefetch,1,128,8,transform_isolated,/home/jirka/research/2024/bits-knn-jpdc2024/data/application-scaling/ampere02-35760925/gradient-compression-middle.csv,0.00021701388888888888,30,0.0148075,0.014707749999999999,0.01499725,0.9918959986493331,False,False
gradient-compression,e77ffd0b75f255761df3bc4c0830771bb75243da7d366a0e80be0186efb789d4,2359296,1,512,0.0,0,bits-prefetch,1,128,8,upload_shared,/home/jirka/research/2024/bits-knn-jpdc2024/data/application-scaling/ampere02-35760925/gradient-compression-middle.csv,0.00021701388888888888,1,0.49534999999999996,0.49534999999999996,0.49534999999999996,1.1790754012314526,False,False
gradient-compression,e77ffd0b75f255761df3bc4c0830771bb75243da7d366a0e80be0186efb789d4,2359296,1,512,0.0,0,bits-prefetch,1,128,13,download,/home/jirka/research/2024/bits-knn-jpdc2024/data/application-scaling/ampere02-35760925/gradient-compression-middle.csv,0.00021701388888888888,30,0.008853,0.0083405,0.0098155,0.9237546594374788,False,False
gradient-compression,e77ffd0b75f255761df3bc4c0830771bb75243da7d366a0e80be0186efb789d4,2359296,1,512,0.0,0,bits-prefetch,1,128,13,operator,/home/jirka/research/2024/bits-knn-jpdc2024/data/application-scaling/ampere02-35760925/gradient-compression-middle.csv,0.00021701388888888888,30,1.4833725000000002,1.4826944999999998,1.48489475,0.04157317194433629,False,False
gradient-compression,e77ffd0b75f255761df3bc4c0830771bb75243da7d366a0e80be0186efb789d4,2359296,1,512,0.0,0,bits-prefetch,1,128,13,output_isolated,/home/jirka/research/2024/bits-knn-jpdc2024/data/application-scaling/ampere02-35760925/gradient-compression-middle.csv,0.00021701388888888888,30,0.009014000000000001,0.008758,0.00952175,0.9160749944530729,False,False
gradient-compression,e77ffd0b75f255761df3bc4c0830771bb75243da7d366a0e80be0186efb789d4,2359296,1,512,0.0,0,bits-prefetch,1,128,13,selection_isolated,/home/jirka/research/2024/bits-knn-jpdc2024/data/application-scaling/ampere02-35760925/gradient-compression-middle.csv,0.00021701388888888888,30,1.4659765,1.4647575,1.4669805000000002,0.030920686654936143,False,False
gradient-compression,e77ffd0b75f255761df3bc4c0830771bb75243da7d366a0e80be0186efb789d4,2359296,1,512,0.0,0,bits-prefetch,1,128,13,transform_isolated,/home/jirka/research/2024/bits-knn-jpdc2024/data/application-scaling/ampere02-35760925/gradient-compression-middle.csv,0.00021701388888888888,30,0.0146725,0.014529499999999999,0.014803,1.001022320667916,False,False
gradient-compression,e77ffd0b75f255761df3bc4c0830771bb75243da7d366a0e80be0186efb789d4,2359296,1,512,0.0,0,bits-prefetch,1,128,13,upload_shared,/home/jirka/research/2024/bits-knn-jpdc2024/data/application-scaling/ampere02-35760925/gradient-compression-middle.csv,0.00021701388888888888,1,0.476302,0.476302,0.476302,1.2262283173280817,False,False
gradient-compression,e77ffd0b75f255761df3bc4c0830771bb75243da7d366a0e80be0186efb789d4,2359296,1,512,0.0,0,bits-prefetch,1,128,16,download,/home/jirka/research/2024/bits-knn-jpdc2024/data/application-scaling/ampere02-35760925/gradient-compression-middle.csv,0.00021701388888888888,30,0.009014000000000001,0.00848725,0.00935475,0.9072553805191922,False,False
gradient-compression,e77ffd0b75f255761df3bc4c0830771bb75243da7d366a0e80be0186efb789d4,2359296,1,512,0.0,0,bits-prefetch,1,128,16,operator,/home/jirka/research/2024/bits-knn-jpdc2024/data/application-scaling/ampere02-35760925/gradient-compression-middle.csv,0.00021701388888888888,30,1.3479524999999999,1.3470810000000002,1.34835525,0.04574975750258262,False,False
gradient-compression,e77ffd0b75f255761df3bc4c0830771bb75243da7d366a0e80be0186efb789d4,2359296,1,512,0.0,0,bits-prefetch,1,128,16,output_isolated,/home/jirka/research/2024/bits-knn-jpdc2024/data/application-scaling/ampere02-35760925/gradient-compression-middle.csv,0.00021701388888888888,30,0.0091335,0.008878249999999999,0.00963925,0.9040893414353754,False,False
gradient-compression,e77ffd0b75f255761df3bc4c0830771bb75243da7d366a0e80be0186efb789d4,2359296,1,512,0.0,0,bits-prefetch,1,128,16,selection_isolated,/home/jirka/research/2024/bits-knn-jpdc2024/data/application-scaling/ampere02-35760925/gradient-compression-middle.csv,0.00021701388888888888,30,1.330521,1.329294,1.33125025,0.034068609213984594,False,False
gradient-compression,e77ffd0b75f255761df3bc4c0830771bb75243da7d366a0e80be0186efb789d4,2359296,1,512,0.0,0,bits-prefetch,1,128,16,transform_isolated,/home/jirka/research/2024/bits-knn-jpdc2024/data/application-scaling/ampere02-35760925/gradient-compression-middle.csv,0.00021701388888888888,30,0.0146725,0.01453625,0.0147995,1.001022320667916,False,False
gradient-compression,e77ffd0b75f255761df3bc4c0830771bb75243da7d366a0e80be0186efb789d4,2359296,1,512,0.0,0,bits-prefetch,1,128,16,upload_shared,/home/jirka/research/2024/bits-knn-jpdc2024/data/application-scaling/ampere02-35760925/gradient-compression-middle.csv,0.00021701388888888888,1,0.48693800000000004,0.48693800000000004,0.48693800000000004,1.199444282434314,False,False
gradient-compression,e77ffd0b75f255761df3bc4c0830771bb75243da7d366a0e80be0186efb789d4,2359296,1,512,0.0,0,bits-prefetch,1,256,4,download,/home/jirka/research/2024/bits-knn-jpdc2024/data/application-scaling/ampere02-35760925/gradient-compression-middle.csv,0.00021701388888888888,30,0.009034,0.008549999999999999,0.0097025,0.9052468452512729,False,False
gradient-compression,e77ffd0b75f255761df3bc4c0830771bb75243da7d366a0e80be0186efb789d4,2359296,1,512,0.0,0,bits-prefetch,1,256,4,operator,/home/jirka/research/2024/bits-knn-jpdc2024/data/application-scaling/ampere02-35760925/gradient-compression-middle.csv,0.00021701388888888888,30,1.44903,1.4478140000000002,1.4498910000000003,0.04255847014899622,False,False
gradient-compression,e77ffd0b75f255761df3bc4c0830771bb75243da7d366a0e80be0186efb789d4,2359296,1,512,0.0,0,bits-prefetch,1,256,4,output_isolated,/home/jirka/research/2024/bits-knn-jpdc2024/data/application-scaling/ampere02-35760925/gradient-compression-middle.csv,0.00021701388888888888,30,0.009024,0.008773,0.009158999999999999,0.9150598404255319,False,False
gradient-compression,e77ffd0b75f255761df3bc4c0830771bb75243da7d366a0e80be0186efb789d4,2359296,1,512,0.0,0,bits-prefetch,1,256,4,selection_isolated,/home/jirka/research/2024/bits-knn-jpdc2024/data/application-scaling/ampere02-35760925/gradient-compression-middle.csv,0.00021701388888888888,30,1.4307625000000002,1.4291207499999998,1.432045,0.031681708180078795,False,False
gradient-compression,e77ffd0b75f255761df3bc4c0830771bb75243da7d366a0e80be0186efb789d4,2359296,1,512,0.0,0,bits-prefetch,1,256,4,transform_isolated,/home/jirka/research/2024/bits-knn-jpdc2024/data/application-scaling/ampere02-35760925/gradient-compression-middle.csv,0.00021701388888888888,30,0.014597,0.014532000000000002,0.014693,1.0061999040898815,False,False
gradient-compression,e77ffd0b75f255761df3bc4c0830771bb75243da7d366a0e80be0186efb789d4,2359296,1,512,0.0,0,bits-prefetch,1,256,4,upload_shared,/home/jirka/research/2024/bits-knn-jpdc2024/data/application-scaling/ampere02-35760925/gradient-compression-middle.csv,0.00021701388888888888,1,0.47533,0.47533,0.47533,1.228735825636926,False,False
gradient-compression,e77ffd0b75f255761df3bc4c0830771bb75243da7d366a0e80be0186efb789d4,2359296,1,512,0.0,0,bits-prefetch,1,256,7,download,/home/jirka/research/2024/bits-knn-jpdc2024/data/application-scaling/ampere02-35760925/gradient-compression-middle.csv,0.00021701388888888888,30,0.008668,0.00825775,0.009101249999999998,0.9434702353484078,False,False
gradient-compression,e77ffd0b75f255761df3bc4c0830771bb75243da7d366a0e80be0186efb789d4,2359296,1,512,0.0,0,bits-prefetch,1,256,7,operator,/home/jirka/research/2024/bits-knn-jpdc2024/data/application-scaling/ampere02-35760925/gradient-compression-middle.csv,0.00021701388888888888,30,1.069891,1.0689000000000002,1.0710202500000001,0.057639983886208966,False,False
gradient-compression,e77ffd0b75f255761df3bc4c0830771bb75243da7d366a0e80be0186efb789d4,2359296,1,512,0.0,0,bits-prefetch,1,256,7,output_isolated,/home/jirka/research/2024/bits-knn-jpdc2024/data/application-scaling/ampere02-35760925/gradient-compression-middle.csv,0.00021701388888888888,30,0.0089835,0.0086155,0.0091815,0.919185172816831,False,False
gradient-compression,e77ffd0b75f255761df3bc4c0830771bb75243da7d366a0e80be0186efb789d4,2359296,1,512,0.0,0,bits-prefetch,1,256,7,selection_isolated,/home/jirka/research/2024/bits-knn-jpdc2024/data/application-scaling/ampere02-35760925/gradient-compression-middle.csv,0.00021701388888888888,30,1.0526244999999999,1.052129,1.053531,0.0430628395975963,False,False
gradient-compression,e77ffd0b75f255761df3bc4c0830771bb75243da7d366a0e80be0186efb789d4,2359296,1,512,0.0,0,bits-prefetch,1,256,7,transform_isolated,/home/jirka/research/2024/bits-knn-jpdc2024/data/application-scaling/ampere02-35760925/gradient-compression-middle.csv,0.00021701388888888888,30,0.014606999999999998,0.014521999999999998,0.0147795,1.0055110563428493,False,False
gradient-compression,e77ffd0b75f255761df3bc4c0830771bb75243da7d366a0e80be0186efb789d4,2359296,1,512,0.0,0,bits-prefetch,1,256,7,upload_shared,/home/jirka/research/2024/bits-knn-jpdc2024/data/application-scaling/ampere02-35760925/gradient-compression-middle.csv,0.00021701388888888888,1,0.47582100000000005,0.47582100000000005,0.47582100000000005,1.2274678923376647,False,False
gradient-compression,e77ffd0b75f255761df3bc4c0830771bb75243da7d366a0e80be0186efb789d4,2359296,1,512,0.0,0,bits-prefetch,1,256,8,download,/home/jirka/research/2024/bits-knn-jpdc2024/data/application-scaling/ampere02-35760925/gradient-compression-middle.csv,0.00021701388888888888,30,0.008783000000000001,0.008217,0.009119,0.9311169304337924,False,False
gradient-compression,e77ffd0b75f255761df3bc4c0830771bb75243da7d366a0e80be0186efb789d4,2359296,1,512,0.0,0,bits-prefetch,1,256,8,operator,/home/jirka/research/2024/bits-knn-jpdc2024/data/application-scaling/ampere02-35760925/gradient-compression-middle.csv,0.00021701388888888888,30,1.020652,1.019936,1.02204625,0.060420691871470394,False,False
gradient-compression,e77ffd0b75f255761df3bc4c0830771bb75243da7d366a0e80be0186efb789d4,2359296,1,512,0.0,0,bits-prefetch,1,256,8,output_isolated,/home/jirka/research/2024/bits-knn-jpdc2024/data/application-scaling/ampere02-35760925/gradient-compression-middle.csv,0.00021701388888888888,30,0.0088635,0.008487999999999999,0.00919875,0.9316297173802676,False,False
gradient-compression,e77ffd0b75f255761df3bc4c0830771bb75243da7d366a0e80be0186efb789d4,2359296,1,512,0.0,0,bits-prefetch,1,256,8,selection_isolated,/home/jirka/research/2024/bits-knn-jpdc2024/data/application-scaling/ampere02-35760925/gradient-compression-middle.csv,0.00021701388888888888,30,1.0034255,1.0024715,1.00410925,0.04517425558748506,False,False
gradient-compression,e77ffd0b75f255761df3bc4c0830771bb75243da7d366a0e80be0186efb789d4,2359296,1,512,0.0,0,bits-prefetch,1,256,8,transform_isolated,/home/jirka/research/2024/bits-knn-jpdc2024/data/application-scaling/ampere02-35760925/gradient-compression-middle.csv,0.00021701388888888888,30,0.014572,0.0144245,0.0146895,1.0079261597584408,False,False
gradient-compression,e77ffd0b75f255761df3bc4c0830771bb75243da7d366a0e80be0186efb789d4,2359296,1,512,0.0,0,bits-prefetch,1,256,8,upload_shared,/home/jirka/research/2024/bits-knn-jpdc2024/data/application-scaling/ampere02-35760925/gradient-compression-middle.csv,0.00021701388888888888,1,0.487248,0.487248,0.487248,1.1986811644172988,False,False
gradient-compression,e77ffd0b75f255761df3bc4c0830771bb75243da7d366a0e80be0186efb789d4,2359296,1,512,0.0,0,bits-prefetch,1,256,13,download,/home/jirka/research/2024/bits-knn-jpdc2024/data/application-scaling/ampere02-35760925/gradient-compression-middle.csv,0.00021701388888888888,30,0.0086935,0.008234749999999999,0.009035499999999998,0.9407028239489273,False,False
gradient-compression,e77ffd0b75f255761df3bc4c0830771bb75243da7d366a0e80be0186efb789d4,2359296,1,512,0.0,0,bits-prefetch,1,256,13,operator,/home/jirka/research/2024/bits-knn-jpdc2024/data/application-scaling/ampere02-35760925/gradient-compression-middle.csv,0.00021701388888888888,30,0.8858269999999999,0.88528875,0.886117,0.06961686649876331,False,False
gradient-compression,e77ffd0b75f255761df3bc4c0830771bb75243da7d366a0e80be0186efb789d4,2359296,1,512,0.0,0,bits-prefetch,1,256,13,output_isolated,/home/jirka/research/2024/bits-knn-jpdc2024/data/application-scaling/ampere02-35760925/gradient-compression-middle.csv,0.00021701388888888888,30,0.008783000000000001,0.0086155,0.00915575,0.9401685073437323,False,False
gradient-compression,e77ffd0b75f255761df3bc4c0830771bb75243da7d366a0e80be0186efb789d4,2359296,1,512,0.0,0,bits-prefetch,1,256,13,selection_isolated,/home/jirka/research/2024/bits-knn-jpdc2024/data/application-scaling/ampere02-35760925/gradient-compression-middle.csv,0.00021701388888888888,30,0.868411,0.8680032500000001,0.8688637499999999,0.052197634530193646,False,False
gradient-compression,e77ffd0b75f255761df3bc4c0830771bb75243da7d366a0e80be0186efb789d4,2359296,1,512,0.0,0,bits-prefetch,1,256,13,transform_isolated,/home/jirka/research/2024/bits-knn-jpdc2024/data/application-scaling/ampere02-35760925/gradient-compression-middle.csv,0.00021701388888888888,30,0.0148375,0.014685249999999999,0.014972,0.9898904802021904,False,False
gradient-compression,e77ffd0b75f255761df3bc4c0830771bb75243da7d366a0e80be0186efb789d4,2359296,1,512,0.0,0,bits-prefetch,1,256,13,upload_shared,/home/jirka/research/2024/bits-knn-jpdc2024/data/application-scaling/ampere02-35760925/gradient-compression-middle.csv,0.00021701388888888888,1,0.48828,0.48828,0.48828,1.1961477021381175,False,False
gradient-compression,e77ffd0b75f255761df3bc4c0830771bb75243da7d366a0e80be0186efb789d4,2359296,1,512,0.0,0,bits-prefetch,1,256,16,download,/home/jirka/research/2024/bits-knn-jpdc2024/data/application-scaling/ampere02-35760925/gradient-compression-middle.csv,0.00021701388888888888,30,0.008523000000000001,0.008242,0.00926625,0.9595212953185497,False,False
gradient-compression,e77ffd0b75f255761df3bc4c0830771bb75243da7d366a0e80be0186efb789d4,2359296,1,512,0.0,0,bits-prefetch,1,256,16,operator,/home/jirka/research/2024/bits-knn-jpdc2024/data/application-scaling/ampere02-35760925/gradient-compression-middle.csv,0.00021701388888888888,30,1.061869,1.061423,1.0628274999999998,0.05807543115017012,False,False
gradient-compression,e77ffd0b75f255761df3bc4c0830771bb75243da7d366a0e80be0186efb789d4,2359296,1,512,0.0,0,bits-prefetch,1,256,16,output_isolated,/home/jirka/research/2024/bits-knn-jpdc2024/data/application-scaling/ampere02-35760925/gradient-compression-middle.csv,0.00021701388888888888,30,0.0089835,0.008718749999999999,0.009243999999999999,0.919185172816831,False,False
gradient-compression,e77ffd0b75f255761df3bc4c0830771bb75243da7d366a0e80be0186efb789d4,2359296,1,512,0.0,0,bits-prefetch,1,256,16,selection_isolated,/home/jirka/research/2024/bits-knn-jpdc2024/data/application-scaling/ampere02-35760925/gradient-compression-middle.csv,0.00021701388888888888,30,1.0444879999999999,1.0440645000000002,1.045233,0.04339829658167447,False,False
gradient-compression,e77ffd0b75f255761df3bc4c0830771bb75243da7d366a0e80be0186efb789d4,2359296,1,512,0.0,0,bits-prefetch,1,256,16,transform_isolated,/home/jirka/research/2024/bits-knn-jpdc2024/data/application-scaling/ampere02-35760925/gradient-compression-middle.csv,0.00021701388888888888,30,0.0147025,0.0146245,0.014797000000000001,0.9989797653460295,False,False
gradient-compression,e77ffd0b75f255761df3bc4c0830771bb75243da7d366a0e80be0186efb789d4,2359296,1,512,0.0,0,bits-prefetch,1,256,16,upload_shared,/home/jirka/research/2024/bits-knn-jpdc2024/data/application-scaling/ampere02-35760925/gradient-compression-middle.csv,0.00021701388888888888,1,0.48777899999999996,0.48777899999999996,0.48777899999999996,1.1973762708111666,False,False
gradient-compression,e77ffd0b75f255761df3bc4c0830771bb75243da7d366a0e80be0186efb789d4,2359296,1,512,0.0,0,bits-prefetch,1,512,4,download,/home/jirka/research/2024/bits-knn-jpdc2024/data/application-scaling/ampere02-35760925/gradient-compression-middle.csv,0.00021701388888888888,30,0.008353,0.00821225,0.008899,0.9790494433137795,False,False
gradient-compression,e77ffd0b75f255761df3bc4c0830771bb75243da7d366a0e80be0186efb789d4,2359296,1,512,0.0,0,bits-prefetch,1,512,4,operator,/home/jirka/research/2024/bits-knn-jpdc2024/data/application-scaling/ampere02-35760925/gradient-compression-middle.csv,0.00021701388888888888,30,0.911967,0.9107167500000001,0.912718,0.06762141612580279,False,False
gradient-compression,e77ffd0b75f255761df3bc4c0830771bb75243da7d366a0e80be0186efb789d4,2359296,1,512,0.0,0,bits-prefetch,1,512,4,output_isolated,/home/jirka/research/2024/bits-knn-jpdc2024/data/application-scaling/ampere02-35760925/gradient-compression-middle.csv,0.00021701388888888888,30,0.008859,0.008553,0.00918125,0.9321029461564511,False,False
gradient-compression,e77ffd0b75f255761df3bc4c0830771bb75243da7d366a0e80be0186efb789d4,2359296,1,512,0.0,0,bits-prefetch,1,512,4,selection_isolated,/home/jirka/research/2024/bits-knn-jpdc2024/data/application-scaling/ampere02-35760925/gradient-compression-middle.csv,0.00021701388888888888,30,0.89432,0.89365175,0.8949235,0.05068543698005187,False,False
gradient-compression,e77ffd0b75f255761df3bc4c0830771bb75243da7d366a0e80be0186efb789d4,2359296,1,512,0.0,0,bits-prefetch,1,512,4,transform_isolated,/home/jirka/research/2024/bits-knn-jpdc2024/data/application-scaling/ampere02-35760925/gradient-compression-middle.csv,0.00021701388888888888,30,0.014657,0.014602,0.014702,1.0020809169680016,False,False
gradient-compression,e77ffd0b75f255761df3bc4c0830771bb75243da7d366a0e80be0186efb789d4,2359296,1,512,0.0,0,bits-prefetch,1,512,4,upload_shared,/home/jirka/research/2024/bits-knn-jpdc2024/data/application-scaling/ampere02-35760925/gradient-compression-middle.csv,0.00021701388888888888,1,0.473508,0.473508,0.473508,1.2334638485516611,False,False
gradient-compression,e77ffd0b75f255761df3bc4c0830771bb75243da7d366a0e80be0186efb789d4,2359296,1,512,0.0,0,bits-prefetch,1,512,7,download,/home/jirka/research/2024/bits-knn-jpdc2024/data/application-scaling/ampere02-35760925/gradient-compression-middle.csv,0.00021701388888888888,30,0.0085625,0.00822775,0.009139,0.9550948905109488,False,False
gradient-compression,e77ffd0b75f255761df3bc4c0830771bb75243da7d366a0e80be0186efb789d4,2359296,1,512,0.0,0,bits-prefetch,1,512,7,operator,/home/jirka/research/2024/bits-knn-jpdc2024/data/application-scaling/ampere02-35760925/gradient-compression-middle.csv,0.00021701388888888888,30,0.722545,0.7218880000000001,0.7229652500000001,0.08534900940425855,False,False
gradient-compression,e77ffd0b75f255761df3bc4c0830771bb75243da7d366a0e80be0186efb789d4,2359296,1,512,0.0,0,bits-prefetch,1,512,7,output_isolated,/home/jirka/research/2024/bits-knn-jpdc2024/data/application-scaling/ampere02-35760925/gradient-compression-middle.csv,0.00021701388888888888,30,0.008638,0.008383,0.00896075,0.9559504514934014,False,False
gradient-compression,e77ffd0b75f255761df3bc4c0830771bb75243da7d366a0e80be0186efb789d4,2359296,1,512,0.0,0,bits-prefetch,1,512,7,selection_isolated,/home/jirka/research/2024/bits-knn-jpdc2024/data/application-scaling/ampere02-35760925/gradient-compression-middle.csv,0.00021701388888888888,30,0.705324,0.70505825,0.70575725,0.0642669184658398,False,False
gradient-compression,e77ffd0b75f255761df3bc4c0830771bb75243da7d366a0e80be0186efb789d4,2359296,1,512,0.0,0,bits-prefetch,1,512,7,transform_isolated,/home/jirka/research/2024/bits-knn-jpdc2024/data/application-scaling/ampere02-35760925/gradient-compression-middle.csv,0.00021701388888888888,30,0.014612,0.014482,0.014762,1.0051669860388721,False,False
gradient-compression,e77ffd0b75f255761df3bc4c0830771bb75243da7d366a0e80be0186efb789d4,2359296,1,512,0.0,0,bits-prefetch,1,512,7,upload_shared,/home/jirka/research/2024/bits-knn-jpdc2024/data/application-scaling/ampere02-35760925/gradient-compression-middle.csv,0.00021701388888888888,1,0.483153,0.483153,0.483153,1.2088406777977163,False,False
gradient-compression,e77ffd0b75f255761df3bc4c0830771bb75243da7d366a0e80be0186efb789d4,2359296,1,512,0.0,0,bits-prefetch,1,512,8,download,/home/jirka/research/2024/bits-knn-jpdc2024/data/application-scaling/ampere02-35760925/gradient-compression-middle.csv,0.00021701388888888888,30,0.008648,0.0081895,0.00894875,0.9456521739130435,False,False
gradient-compression,e77ffd0b75f255761df3bc4c0830771bb75243da7d366a0e80be0186efb789d4,2359296,1,512,0.0,0,bits-prefetch,1,512,8,operator,/home/jirka/research/2024/bits-knn-jpdc2024/data/application-scaling/ampere02-35760925/gradient-compression-middle.csv,0.00021701388888888888,30,0.7034255,0.702965,0.70405675,0.08766884339564032,False,False
gradient-compression,e77ffd0b75f255761df3bc4c0830771bb75243da7d366a0e80be0186efb789d4,2359296,1,512,0.0,0,bits-prefetch,1,512,8,output_isolated,/home/jirka/research/2024/bits-knn-jpdc2024/data/application-scaling/ampere02-35760925/gradient-compression-middle.csv,0.00021701388888888888,30,0.0086935,0.008493,0.008998,0.9498475872778513,False,False
gradient-compression,e77ffd0b75f255761df3bc4c0830771bb75243da7d366a0e80be0186efb789d4,2359296,1,512,0.0,0,bits-prefetch,1,512,8,selection_isolated,/home/jirka/research/2024/bits-knn-jpdc2024/data/application-scaling/ampere02-35760925/gradient-compression-middle.csv,0.00021701388888888888,30,0.685994,0.685689,0.6863,0.06607783741548759,False,False
gradient-compression,e77ffd0b75f255761df3bc4c0830771bb75243da7d366a0e80be0186efb789d4,2359296,1,512,0.0,0,bits-prefetch,1,512,8,transform_isolated,/home/jirka/research/2024/bits-knn-jpdc2024/data/application-scaling/ampere02-35760925/gradient-compression-middle.csv,0.00021701388888888888,30,0.014562,0.014504499999999998,0.0146695,1.0086183216591127,False,False
gradient-compression,e77ffd0b75f255761df3bc4c0830771bb75243da7d366a0e80be0186efb789d4,2359296,1,512,0.0,0,bits-prefetch,1,512,8,upload_shared,/home/jirka/research/2024/bits-knn-jpdc2024/data/application-scaling/ampere02-35760925/gradient-compression-middle.csv,0.00021701388888888888,1,0.48095899999999997,0.48095899999999997,0.48095899999999997,1.2143550697668617,False,False
gradient-compression,e77ffd0b75f255761df3bc4c0830771bb75243da7d366a0e80be0186efb789d4,2359296,1,512,0.0,0,bits-prefetch,1,512,13,download,/home/jirka/research/2024/bits-knn-jpdc2024/data/application-scaling/ampere02-35760925/gradient-compression-middle.csv,0.00021701388888888888,30,0.008633,0.008224500000000001,0.00910875,0.9472952623653422,False,False
gradient-compression,e77ffd0b75f255761df3bc4c0830771bb75243da7d366a0e80be0186efb789d4,2359296,1,512,0.0,0,bits-prefetch,1,512,13,operator,/home/jirka/research/2024/bits-knn-jpdc2024/data/application-scaling/ampere02-35760925/gradient-compression-middle.csv,0.00021701388888888888,30,0.6925295,0.692049,0.6928700000000001,0.08904819217087502,False,False
gradient-compression,e77ffd0b75f255761df3bc4c0830771bb75243da7d366a0e80be0186efb789d4,2359296,1,512,0.0,0,bits-prefetch,1,512,13,output_isolated,/home/jirka/research/2024/bits-knn-jpdc2024/data/application-scaling/ampere02-35760925/gradient-compression-middle.csv,0.00021701388888888888,30,0.008813,0.008525499999999998,0.009029,0.9369681152842393,False,False
gradient-compression,e77ffd0b75f255761df3bc4c0830771bb75243da7d366a0e80be0186efb789d4,2359296,1,512,0.0,0,bits-prefetch,1,512,13,selection_isolated,/home/jirka/research/2024/bits-knn-jpdc2024/data/application-scaling/ampere02-35760925/gradient-compression-middle.csv,0.00021701388888888888,30,0.675128,0.674757,0.6755005000000001,0.06714134208624142,False,False
gradient-compression,e77ffd0b75f255761df3bc4c0830771bb75243da7d366a0e80be0186efb789d4,2359296,1,512,0.0,0,bits-prefetch,1,512,13,transform_isolated,/home/jirka/research/2024/bits-knn-jpdc2024/data/application-scaling/ampere02-35760925/gradient-compression-middle.csv,0.00021701388888888888,30,0.014582000000000001,0.0144495,0.01467275,1.007234947195172,False,False
gradient-compression,e77ffd0b75f255761df3bc4c0830771bb75243da7d366a0e80be0186efb789d4,2359296,1,512,0.0,0,bits-prefetch,1,512,13,upload_shared,/home/jirka/research/2024/bits-knn-jpdc2024/data/application-scaling/ampere02-35760925/gradient-compression-middle.csv,0.00021701388888888888,1,0.482671,0.482671,0.482671,1.2100478379683055,False,False
gradient-compression,e77ffd0b75f255761df3bc4c0830771bb75243da7d366a0e80be0186efb789d4,2359296,1,512,0.0,0,bits-prefetch,1,512,16,download,/home/jirka/research/2024/bits-knn-jpdc2024/data/application-scaling/ampere02-35760925/gradient-compression-middle.csv,0.00021701388888888888,30,0.0084825,0.00822775,0.00897125,0.964102564102564,True,False
gradient-compression,e77ffd0b75f255761df3bc4c0830771bb75243da7d366a0e80be0186efb789d4,2359296,1,512,0.0,0,bits-prefetch,1,512,16,operator,/home/jirka/research/2024/bits-knn-jpdc2024/data/application-scaling/ampere02-35760925/gradient-compression-middle.csv,0.00021701388888888888,30,0.6755485,0.675013,0.67584675,0.09128656195669148,True,False
gradient-compression,e77ffd0b75f255761df3bc4c0830771bb75243da7d366a0e80be0186efb789d4,2359296,1,512,0.0,0,bits-prefetch,1,512,16,output_isolated,/home/jirka/research/2024/bits-knn-jpdc2024/data/application-scaling/ampere02-35760925/gradient-compression-middle.csv,0.00021701388888888888,30,0.008753,0.008515499999999999,0.009371500000000001,0.9433908374271679,True,False
gradient-compression,e77ffd0b75f255761df3bc4c0830771bb75243da7d366a0e80be0186efb789d4,2359296,1,512,0.0,0,bits-prefetch,1,512,16,selection_isolated,/home/jirka/research/2024/bits-knn-jpdc2024/data/application-scaling/ampere02-35760925/gradient-compression-middle.csv,0.00021701388888888888,30,0.6576065,0.6572352499999999,0.6578712499999999,0.06893027973415712,True,False
gradient-compression,e77ffd0b75f255761df3bc4c0830771bb75243da7d366a0e80be0186efb789d4,2359296,1,512,0.0,0,bits-prefetch,1,512,16,transform_isolated,/home/jirka/research/2024/bits-knn-jpdc2024/data/application-scaling/ampere02-35760925/gradient-compression-middle.csv,0.00021701388888888888,30,0.014727,0.014552,0.0149245,0.9973178515651524,True,False
gradient-compression,e77ffd0b75f255761df3bc4c0830771bb75243da7d366a0e80be0186efb789d4,2359296,1,512,0.0,0,bits-prefetch,1,512,16,upload_shared,/home/jirka/research/2024/bits-knn-jpdc2024/data/application-scaling/ampere02-35760925/gradient-compression-middle.csv,0.00021701388888888888,1,0.584055,0.584055,0.584055,1.0,True,False
gradient-compression,e77ffd0b75f255761df3bc4c0830771bb75243da7d366a0e80be0186efb789d4,2359296,1,512,0.0,0,bits-sq,8,128,4,download,/home/jirka/research/2024/bits-knn-jpdc2024/data/application-scaling/ampere02-35760925/gradient-compression-middle.csv,0.00021701388888888888,30,0.0084125,0.008197250000000001,0.00906625,0.9721248142644874,False,False
gradient-compression,e77ffd0b75f255761df3bc4c0830771bb75243da7d366a0e80be0186efb789d4,2359296,1,512,0.0,0,bits-sq,8,128,4,operator,/home/jirka/research/2024/bits-knn-jpdc2024/data/application-scaling/ampere02-35760925/gradient-compression-middle.csv,0.00021701388888888888,30,0.5788165000000001,0.5756245,0.5808525,0.10654240160741787,False,False
gradient-compression,e77ffd0b75f255761df3bc4c0830771bb75243da7d366a0e80be0186efb789d4,2359296,1,512,0.0,0,bits-sq,8,128,4,output_isolated,/home/jirka/research/2024/bits-knn-jpdc2024/data/application-scaling/ampere02-35760925/gradient-compression-middle.csv,0.00021701388888888888,30,0.008503,0.00827525,0.008798,0.9711278372339175,False,False
gradient-compression,e77ffd0b75f255761df3bc4c0830771bb75243da7d366a0e80be0186efb789d4,2359296,1,512,0.0,0,bits-sq,8,128,4,selection_isolated,/home/jirka/research/2024/bits-knn-jpdc2024/data/application-scaling/ampere02-35760925/gradient-compression-middle.csv,0.00021701388888888888,30,0.557686,0.5572665,0.5581432500000001,0.0812805055174417,False,False
gradient-compression,e77ffd0b75f255761df3bc4c0830771bb75243da7d366a0e80be0186efb789d4,2359296,1,512,0.0,0,bits-sq,8,128,4,transform_isolated,/home/jirka/research/2024/bits-knn-jpdc2024/data/application-scaling/ampere02-35760925/gradient-compression-middle.csv,0.00021701388888888888,30,0.014968,0.014872,0.015103000000000002,0.9812600213789416,False,False
gradient-compression,e77ffd0b75f255761df3bc4c0830771bb75243da7d366a0e80be0186efb789d4,2359296,1,512,0.0,0,bits-sq,8,128,4,upload_shared,/home/jirka/research/2024/bits-knn-jpdc2024/data/application-scaling/ampere02-35760925/gradient-compression-middle.csv,0.00021701388888888888,1,0.49522,0.49522,0.49522,1.1793849198336093,False,False
gradient-compression,e77ffd0b75f255761df3bc4c0830771bb75243da7d366a0e80be0186efb789d4,2359296,1,512,0.0,0,bits-sq,8,128,7,download,/home/jirka/research/2024/bits-knn-jpdc2024/data/application-scaling/ampere02-35760925/gradient-compression-middle.csv,0.00021701388888888888,30,0.0083575,0.008285250000000001,0.0091265,0.9785222853724199,False,False
gradient-compression,e77ffd0b75f255761df3bc4c0830771bb75243da7d366a0e80be0186efb789d4,2359296,1,512,0.0,0,bits-sq,8,128,7,operator,/home/jirka/research/2024/bits-knn-jpdc2024/data/application-scaling/ampere02-35760925/gradient-compression-middle.csv,0.00021701388888888888,30,0.5031175,0.50034325,0.50636275,0.1225727588485791,False,False
gradient-compression,e77ffd0b75f255761df3bc4c0830771bb75243da7d366a0e80be0186efb789d4,2359296,1,512,0.0,0,bits-sq,8,128,7,output_isolated,/home/jirka/research/2024/bits-knn-jpdc2024/data/application-scaling/ampere02-35760925/gradient-compression-middle.csv,0.00021701388888888888,30,0.008282000000000001,0.008138,0.008453,0.9970417773484666,False,False
gradient-compression,e77ffd0b75f255761df3bc4c0830771bb75243da7d366a0e80be0186efb789d4,2359296,1,512,0.0,0,bits-sq,8,128,7,selection_isolated,/home/jirka/research/2024/bits-knn-jpdc2024/data/application-scaling/ampere02-35760925/gradient-compression-middle.csv,0.00021701388888888888,30,0.483217,0.482616,0.48361725,0.09380671623721847,False,False
gradient-compression,e77ffd0b75f255761df3bc4c0830771bb75243da7d366a0e80be0186efb789d4,2359296,1,512,0.0,0,bits-sq,8,128,7,transform_isolated,/home/jirka/research/2024/bits-knn-jpdc2024/data/application-scaling/ampere02-35760925/gradient-compression-middle.csv,0.00021701388888888888,30,0.014927999999999999,0.014877000000000001,0.015032750000000001,0.9838893354769561,False,False
gradient-compression,e77ffd0b75f255761df3bc4c0830771bb75243da7d366a0e80be0186efb789d4,2359296,1,512,0.0,0,bits-sq,8,128,7,upload_shared,/home/jirka/research/2024/bits-knn-jpdc2024/data/application-scaling/ampere02-35760925/gradient-compression-middle.csv,0.00021701388888888888,1,0.495922,0.495922,0.495922,1.1777154471872593,False,False
gradient-compression,e77ffd0b75f255761df3bc4c0830771bb75243da7d366a0e80be0186efb789d4,2359296,1,512,0.0,0,bits-sq,8,128,8,download,/home/jirka/research/2024/bits-knn-jpdc2024/data/application-scaling/ampere02-35760925/gradient-compression-middle.csv,0.00021701388888888888,30,0.0083225,0.008154749999999999,0.00874575,0.9826374286572543,False,False
gradient-compression,e77ffd0b75f255761df3bc4c0830771bb75243da7d366a0e80be0186efb789d4,2359296,1,512,0.0,0,bits-sq,8,128,8,operator,/home/jirka/research/2024/bits-knn-jpdc2024/data/application-scaling/ampere02-35760925/gradient-compression-middle.csv,0.00021701388888888888,30,0.5079404999999999,0.50457675,0.51046875,0.12140890517688589,False,False
gradient-compression,e77ffd0b75f255761df3bc4c0830771bb75243da7d366a0e80be0186efb789d4,2359296,1,512,0.0,0,bits-sq,8,128,8,output_isolated,/home/jirka/research/2024/bits-knn-jpdc2024/data/application-scaling/ampere02-35760925/gradient-compression-middle.csv,0.00021701388888888888,30,0.008177,0.0080445,0.008548,1.0098446863152746,False,False
gradient-compression,e77ffd0b75f255761df3bc4c0830771bb75243da7d366a0e80be0186efb789d4,2359296,1,512,0.0,0,bits-sq,8,128,8,selection_isolated,/home/jirka/research/2024/bits-knn-jpdc2024/data/application-scaling/ampere02-35760925/gradient-compression-middle.csv,0.00021701388888888888,30,0.487453,0.48689725,0.488039,0.09299152943976136,False,False
gradient-compression,e77ffd0b75f255761df3bc4c0830771bb75243da7d366a0e80be0186efb789d4,2359296,1,512,0.0,0,bits-sq,8,128,8,transform_isolated,/home/jirka/research/2024/bits-knn-jpdc2024/data/application-scaling/ampere02-35760925/gradient-compression-middle.csv,0.00021701388888888888,30,0.014968,0.01488525,0.015058,0.9812600213789416,False,False
gradient-compression,e77ffd0b75f255761df3bc4c0830771bb75243da7d366a0e80be0186efb789d4,2359296,1,512,0.0,0,bits-sq,8,128,8,upload_shared,/home/jirka/research/2024/bits-knn-jpdc2024/data/application-scaling/ampere02-35760925/gradient-compression-middle.csv,0.00021701388888888888,1,0.49534999999999996,0.49534999999999996,0.49534999999999996,1.1790754012314526,False,False
gradient-compression,e77ffd0b75f255761df3bc4c0830771bb75243da7d366a0e80be0186efb789d4,2359296,1,512,0.0,0,bits-sq,8,128,13,download,/home/jirka/research/2024/bits-knn-jpdc2024/data/application-scaling/ampere02-35760925/gradient-compression-middle.csv,0.00021701388888888888,30,0.008342500000000001,0.008152,0.0087755,0.9802816901408449,False,False
gradient-compression,e77ffd0b75f255761df3bc4c0830771bb75243da7d366a0e80be0186efb789d4,2359296,1,512,0.0,0,bits-sq,8,128,13,operator,/home/jirka/research/2024/bits-knn-jpdc2024/data/application-scaling/ampere02-35760925/gradient-compression-middle.csv,0.00021701388888888888,30,0.40561900000000006,0.4004495,0.4072295,0.15203553087996366,False,False
gradient-compression,e77ffd0b75f255761df3bc4c0830771bb75243da7d366a0e80be0186efb789d4,2359296,1,512,0.0,0,bits-sq,8,128,13,output_isolated,/home/jirka/research/2024/bits-knn-jpdc2024/data/application-scaling/ampere02-35760925/gradient-compression-middle.csv,0.00021701388888888888,30,0.008317499999999999,0.00806775,0.008598,0.9927862939585215,False,False
gradient-compression,e77ffd0b75f255761df3bc4c0830771bb75243da7d366a0e80be0186efb789d4,2359296,1,512,0.0,0,bits-sq,8,128,13,selection_isolated,/home/jirka/research/2024/bits-knn-jpdc2024/data/application-scaling/ampere02-35760925/gradient-compression-middle.csv,0.00021701388888888888,30,0.38320600000000005,0.382745,0.38380375,0.11828885769011964,False,False
gradient-compression,e77ffd0b75f255761df3bc4c0830771bb75243da7d366a0e80be0186efb789d4,2359296,1,512,0.0,0,bits-sq,8,128,13,transform_isolated,/home/jirka/research/2024/bits-knn-jpdc2024/data/application-scaling/ampere02-35760925/gradient-compression-middle.csv,0.00021701388888888888,30,0.014888,0.014803,0.014988000000000001,0.986532778076303,False,False
gradient-compression,e77ffd0b75f255761df3bc4c0830771bb75243da7d366a0e80be0186efb789d4,2359296,1,512,0.0,0,bits-sq,8,128,13,upload_shared,/home/jirka/research/2024/bits-knn-jpdc2024/data/application-scaling/ampere02-35760925/gradient-compression-middle.csv,0.00021701388888888888,1,0.476302,0.476302,0.476302,1.2262283173280817,False,False
gradient-compression,e77ffd0b75f255761df3bc4c0830771bb75243da7d366a0e80be0186efb789d4,2359296,1,512,0.0,0,bits-sq,8,128,16,download,/home/jirka/research/2024/bits-knn-jpdc2024/data/application-scaling/ampere02-35760925/gradient-compression-middle.csv,0.00021701388888888888,30,0.0088135,0.008264750000000001,0.009100750000000001,0.9278947069836047,False,False
gradient-compression,e77ffd0b75f255761df3bc4c0830771bb75243da7d366a0e80be0186efb789d4,2359296,1,512,0.0,0,bits-sq,8,128,16,operator,/home/jirka/research/2024/bits-knn-jpdc2024/data/application-scaling/ampere02-35760925/gradient-compression-middle.csv,0.00021701388888888888,30,0.401869,0.39816324999999997,0.4056615,0.15345423508655806,False,False
gradient-compression,e77ffd0b75f255761df3bc4c0830771bb75243da7d366a0e80be0186efb789d4,2359296,1,512,0.0,0,bits-sq,8,128,16,output_isolated,/home/jirka/research/2024/bits-knn-jpdc2024/data/application-scaling/ampere02-35760925/gradient-compression-middle.csv,0.00021701388888888888,30,0.008302499999999999,0.008183,0.0086105,0.9945799457994582,False,False
gradient-compression,e77ffd0b75f255761df3bc4c0830771bb75243da7d366a0e80be0186efb789d4,2359296,1,512,0.0,0,bits-sq,8,128,16,selection_isolated,/home/jirka/research/2024/bits-knn-jpdc2024/data/application-scaling/ampere02-35760925/gradient-compression-middle.csv,0.00021701388888888888,30,0.380817,0.38060675,0.3810645,0.11903092561519048,False,False
gradient-compression,e77ffd0b75f255761df3bc4c0830771bb75243da7d366a0e80be0186efb789d4,2359296,1,512,0.0,0,bits-sq,8,128,16,transform_isolated,/home/jirka/research/2024/bits-knn-jpdc2024/data/application-scaling/ampere02-35760925/gradient-compression-middle.csv,0.00021701388888888888,30,0.014983,0.014882000000000001,0.015088,0.9802776480010679,False,False
gradient-compression,e77ffd0b75f255761df3bc4c0830771bb75243da7d366a0e80be0186efb789d4,2359296,1,512,0.0,0,bits-sq,8,128,16,upload_shared,/home/jirka/research/2024/bits-knn-jpdc2024/data/application-scaling/ampere02-35760925/gradient-compression-middle.csv,0.00021701388888888888,1,0.48693800000000004,0.48693800000000004,0.48693800000000004,1.199444282434314,False,False
gradient-compression,e77ffd0b75f255761df3bc4c0830771bb75243da7d366a0e80be0186efb789d4,2359296,1,512,0.0,0,bits-sq,8,256,4,download,/home/jirka/research/2024/bits-knn-jpdc2024/data/application-scaling/ampere02-35760925/gradient-compression-middle.csv,0.00021701388888888888,30,0.0082925,0.008202250000000001,0.0084855,0.9861923424781429,False,False
gradient-compression,e77ffd0b75f255761df3bc4c0830771bb75243da7d366a0e80be0186efb789d4,2359296,1,512,0.0,0,bits-sq,8,256,4,operator,/home/jirka/research/2024/bits-knn-jpdc2024/data/application-scaling/ampere02-35760925/gradient-compression-middle.csv,0.00021701388888888888,30,0.324452,0.32401775,0.3246945,0.19006971755452268,False,False
gradient-compression,e77ffd0b75f255761df3bc4c0830771bb75243da7d366a0e80be0186efb789d4,2359296,1,512,0.0,0,bits-sq,8,256,4,output_isolated,/home/jirka/research/2024/bits-knn-jpdc2024/data/application-scaling/ampere02-35760925/gradient-compression-middle.csv,0.00021701388888888888,30,0.0081975,0.00811525,0.0084855,1.007319304666057,False,False
gradient-compression,e77ffd0b75f255761df3bc4c0830771bb75243da7d366a0e80be0186efb789d4,2359296,1,512,0.0,0,bits-sq,8,256,4,selection_isolated,/home/jirka/research/2024/bits-knn-jpdc2024/data/application-scaling/ampere02-35760925/gradient-compression-middle.csv,0.00021701388888888888,30,0.30730599999999997,0.30722075000000004,0.307486,0.14750444182671343,False,False
gradient-compression,e77ffd0b75f255761df3bc4c0830771bb75243da7d366a0e80be0186efb789d4,2359296,1,512,0.0,0,bits-sq,8,256,4,transform_isolated,/home/jirka/research/2024/bits-knn-jpdc2024/data/application-scaling/ampere02-35760925/gradient-compression-middle.csv,0.00021701388888888888,30,0.0147025,0.014557,0.014767,0.9989797653460295,False,False
gradient-compression,e77ffd0b75f255761df3bc4c0830771bb75243da7d366a0e80be0186efb789d4,2359296,1,512,0.0,0,bits-sq,8,256,4,upload_shared,/home/jirka/research/2024/bits-knn-jpdc2024/data/application-scaling/ampere02-35760925/gradient-compression-middle.csv,0.00021701388888888888,1,0.47533,0.47533,0.47533,1.228735825636926,False,False
gradient-compression,e77ffd0b75f255761df3bc4c0830771bb75243da7d366a0e80be0186efb789d4,2359296,1,512,0.0,0,bits-sq,8,256,7,download,/home/jirka/research/2024/bits-knn-jpdc2024/data/application-scaling/ampere02-35760925/gradient-compression-middle.csv,0.00021701388888888888,30,0.008357999999999999,0.00823525,0.008532999999999999,0.9784637473079685,False,False
gradient-compression,e77ffd0b75f255761df3bc4c0830771bb75243da7d366a0e80be0186efb789d4,2359296,1,512,0.0,0,bits-sq,8,256,7,operator,/home/jirka/research/2024/bits-knn-jpdc2024/data/application-scaling/ampere02-35760925/gradient-compression-middle.csv,0.00021701388888888888,30,0.2806455,0.280165,0.280906,0.2197380681322166,False,False
gradient-compression,e77ffd0b75f255761df3bc4c0830771bb75243da7d366a0e80be0186efb789d4,2359296,1,512,0.0,0,bits-sq,8,256,7,output_isolated,/home/jirka/research/2024/bits-knn-jpdc2024/data/application-scaling/ampere02-35760925/gradient-compression-middle.csv,0.00021701388888888888,30,0.0083225,0.00821225,0.0087255,0.9921898468008412,False,False
gradient-compression,e77ffd0b75f255761df3bc4c0830771bb75243da7d366a0e80be0186efb789d4,2359296,1,512,0.0,0,bits-sq,8,256,7,selection_isolated,/home/jirka/research/2024/bits-knn-jpdc2024/data/application-scaling/ampere02-35760925/gradient-compression-middle.csv,0.00021701388888888888,30,0.26372,0.263569,0.263815,0.1718830577885636,False,False
gradient-compression,e77ffd0b75f255761df3bc4c0830771bb75243da7d366a0e80be0186efb789d4,2359296,1,512,0.0,0,bits-sq,8,256,7,transform_isolated,/home/jirka/research/2024/bits-knn-jpdc2024/data/application-scaling/ampere02-35760925/gradient-compression-middle.csv,0.00021701388888888888,30,0.014617,0.014544500000000002,0.014752000000000001,1.004823151125402,False,False
gradient-compression,e77ffd0b75f255761df3bc4c0830771bb75243da7d366a0e80be0186efb789d4,2359296,1,512,0.0,0,bits-sq,8,256,7,upload_shared,/home/jirka/research/2024/bits-knn-jpdc2024/data/application-scaling/ampere02-35760925/gradient-compression-middle.csv,0.00021701388888888888,1,0.47582100000000005,0.47582100000000005,0.47582100000000005,1.2274678923376647,False,False
gradient-compression,e77ffd0b75f255761df3bc4c0830771bb75243da7d366a0e80be0186efb789d4,2359296,1,512,0.0,0,bits-sq,8,256,8,download,/home/jirka/research/2024/bits-knn-jpdc2024/data/application-scaling/ampere02-35760925/gradient-compression-middle.csv,0.00021701388888888888,30,0.008263,0.00814225,0.008708,0.9897131792327242,False,False
gradient-compression,e77ffd0b75f255761df3bc4c0830771bb75243da7d366a0e80be0186efb789d4,2359296,1,512,0.0,0,bits-sq,8,256,8,operator,/home/jirka/research/2024/bits-knn-jpdc2024/data/application-scaling/ampere02-35760925/gradient-compression-middle.csv,0.00021701388888888888,30,0.271706,0.271181,0.27199450000000003,0.22696775190831264,False,False
gradient-compression,e77ffd0b75f255761df3bc4c0830771bb75243da7d366a0e80be0186efb789d4,2359296,1,512,0.0,0,bits-sq,8,256,8,output_isolated,/home/jirka/research/2024/bits-knn-jpdc2024/data/application-scaling/ampere02-35760925/gradient-compression-middle.csv,0.00021701388888888888,30,0.008212500000000001,0.008092,0.008414750000000002,1.0054794520547945,False,False
gradient-compression,e77ffd0b75f255761df3bc4c0830771bb75243da7d366a0e80be0186efb789d4,2359296,1,512,0.0,0,bits-sq,8,256,8,selection_isolated,/home/jirka/research/2024/bits-knn-jpdc2024/data/application-scaling/ampere02-35760925/gradient-compression-middle.csv,0.00021701388888888888,30,0.254851,0.254586,0.25515625,0.17786471310687418,False,False
gradient-compression,e77ffd0b75f255761df3bc4c0830771bb75243da7d366a0e80be0186efb789d4,2359296,1,512,0.0,0,bits-sq,8,256,8,transform_isolated,/home/jirka/research/2024/bits-knn-jpdc2024/data/application-scaling/ampere02-35760925/gradient-compression-middle.csv,0.00021701388888888888,30,0.014567,0.01450425,0.014647,1.0082721219194068,False,False
gradient-compression,e77ffd0b75f255761df3bc4c0830771bb75243da7d366a0e80be0186efb789d4,2359296,1,512,0.0,0,bits-sq,8,256,8,upload_shared,/home/jirka/research/2024/bits-knn-jpdc2024/data/application-scaling/ampere02-35760925/gradient-compression-middle.csv,0.00021701388888888888,1,0.487248,0.487248,0.487248,1.1986811644172988,False,False
gradient-compression,e77ffd0b75f255761df3bc4c0830771bb75243da7d366a0e80be0186efb789d4,2359296,1,512,0.0,0,bits-sq,8,256,13,download,/home/jirka/research/2024/bits-knn-jpdc2024/data/application-scaling/ampere02-35760925/gradient-compression-middle.csv,0.00021701388888888888,30,0.008308,0.00816025,0.008507999999999998,0.9843524313914299,False,False
gradient-compression,e77ffd0b75f255761df3bc4c0830771bb75243da7d366a0e80be0186efb789d4,2359296,1,512,0.0,0,bits-sq,8,256,13,operator,/home/jirka/research/2024/bits-knn-jpdc2024/data/application-scaling/ampere02-35760925/gradient-compression-middle.csv,0.00021701388888888888,30,0.275617,0.27542025000000003,0.27595125,0.22374708381558464,False,False
gradient-compression,e77ffd0b75f255761df3bc4c0830771bb75243da7d366a0e80be0186efb789d4,2359296,1,512,0.0,0,bits-sq,8,256,13,output_isolated,/home/jirka/research/2024/bits-knn-jpdc2024/data/application-scaling/ampere02-35760925/gradient-compression-middle.csv,0.00021701388888888888,30,0.008503,0.008362999999999999,0.008753,0.9711278372339175,False,False
gradient-compression,e77ffd0b75f255761df3bc4c0830771bb75243da7d366a0e80be0186efb789d4,2359296,1,512,0.0,0,bits-sq,8,256,13,selection_isolated,/home/jirka/research/2024/bits-knn-jpdc2024/data/application-scaling/ampere02-35760925/gradient-compression-middle.csv,0.00021701388888888888,30,0.258376,0.257886,0.25863875,0.1754381211877264,False,False
gradient-compression,e77ffd0b75f255761df3bc4c0830771bb75243da7d366a0e80be0186efb789d4,2359296,1,512,0.0,0,bits-sq,8,256,13,transform_isolated,/home/jirka/research/2024/bits-knn-jpdc2024/data/application-scaling/ampere02-35760925/gradient-compression-middle.csv,0.00021701388888888888,30,0.014607,0.014521999999999998,0.014737,1.0055110563428493,False,False
gradient-compression,e77ffd0b75f255761df3bc4c0830771bb75243da7d366a0e80be0186efb789d4,2359296,1,512,0.0,0,bits-sq,8,256,13,upload_shared,/home/jirka/research/2024/bits-knn-jpdc2024/data/application-scaling/ampere02-35760925/gradient-compression-middle.csv,0.00021701388888888888,1,0.48828,0.48828,0.48828,1.1961477021381175,False,False
gradient-compression,e77ffd0b75f255761df3bc4c0830771bb75243da7d366a0e80be0186efb789d4,2359296,1,512,0.0,0,bits-sq,8,256,16,download,/home/jirka/research/2024/bits-knn-jpdc2024/data/application-scaling/ampere02-35760925/gradient-compression-middle.csv,0.00021701388888888888,30,0.0082275,0.00812775,0.008408,0.9939835916134913,False,False
gradient-compression,e77ffd0b75f255761df3bc4c0830771bb75243da7d366a0e80be0186efb789d4,2359296,1,512,0.0,0,bits-sq,8,256,16,operator,/home/jirka/research/2024/bits-knn-jpdc2024/data/application-scaling/ampere02-35760925/gradient-compression-middle.csv,0.00021701388888888888,30,0.287971,0.28772349999999997,0.2884795,0.2141482996551736,False,False
gradient-compression,e77ffd0b75f255761df3bc4c0830771bb75243da7d366a0e80be0186efb789d4,2359296,1,512,0.0,0,bits-sq,8,256,16,output_isolated,/home/jirka/research/2024/bits-knn-jpdc2024/data/application-scaling/ampere02-35760925/gradient-compression-middle.csv,0.00021701388888888888,30,0.0083125,0.00815025,0.008615500000000002,0.9933834586466166,False,False
gradient-compression,e77ffd0b75f255761df3bc4c0830771bb75243da7d366a0e80be0186efb789d4,2359296,1,512,0.0,0,bits-sq,8,256,16,selection_isolated,/home/jirka/research/2024/bits-knn-jpdc2024/data/application-scaling/ampere02-35760925/gradient-compression-middle.csv,0.00021701388888888888,30,0.270785,0.27051925,0.2712065,0.16739848957660133,False,False
gradient-compression,e77ffd0b75f255761df3bc4c0830771bb75243da7d366a0e80be0186efb789d4,2359296,1,512,0.0,0,bits-sq,8,256,16,transform_isolated,/home/jirka/research/2024/bits-knn-jpdc2024/data/application-scaling/ampere02-35760925/gradient-compression-middle.csv,0.00021701388888888888,30,0.014817,0.01473775,0.014913,0.9912600391442261,False,False
gradient-compression,e77ffd0b75f255761df3bc4c0830771bb75243da7d366a0e80be0186efb789d4,2359296,1,512,0.0,0,bits-sq,8,256,16,upload_shared,/home/jirka/research/2024/bits-knn-jpdc2024/data/application-scaling/ampere02-35760925/gradient-compression-middle.csv,0.00021701388888888888,1,0.48777899999999996,0.48777899999999996,0.48777899999999996,1.1973762708111666,False,False
gradient-compression,e77ffd0b75f255761df3bc4c0830771bb75243da7d366a0e80be0186efb789d4,2359296,1,512,0.0,0,bits-sq,8,512,4,download,/home/jirka/research/2024/bits-knn-jpdc2024/data/application-scaling/ampere02-35760925/gradient-compression-middle.csv,0.00021701388888888888,30,0.0082825,0.0082145,0.0084155,0.9873830365227889,False,False
gradient-compression,e77ffd0b75f255761df3bc4c0830771bb75243da7d366a0e80be0186efb789d4,2359296,1,512,0.0,0,bits-sq,8,512,4,operator,/home/jirka/research/2024/bits-knn-jpdc2024/data/application-scaling/ampere02-35760925/gradient-compression-middle.csv,0.00021701388888888888,30,0.257455,0.25712674999999996,0.25767575,0.2395311802062496,False,False
gradient-compression,e77ffd0b75f255761df3bc4c0830771bb75243da7d366a0e80be0186efb789d4,2359296,1,512,0.0,0,bits-sq,8,512,4,output_isolated,/home/jirka/research/2024/bits-knn-jpdc2024/data/application-scaling/ampere02-35760925/gradient-compression-middle.csv,0.00021701388888888888,30,0.008252,0.00813525,0.0083345,1.0006665050896753,False,False
gradient-compression,e77ffd0b75f255761df3bc4c0830771bb75243da7d366a0e80be0186efb789d4,2359296,1,512,0.0,0,bits-sq,8,512,4,selection_isolated,/home/jirka/research/2024/bits-knn-jpdc2024/data/application-scaling/ampere02-35760925/gradient-compression-middle.csv,0.00021701388888888888,30,0.2405845,0.24026899999999995,0.24089,0.18841197167731086,False,False
gradient-compression,e77ffd0b75f255761df3bc4c0830771bb75243da7d366a0e80be0186efb789d4,2359296,1,512,0.0,0,bits-sq,8,512,4,transform_isolated,/home/jirka/research/2024/bits-knn-jpdc2024/data/application-scaling/ampere02-35760925/gradient-compression-middle.csv,0.00021701388888888888,30,0.0145775,0.0144945,0.0146895,1.0075458754930542,False,False
gradient-compression,e77ffd0b75f255761df3bc4c0830771bb75243da7d366a0e80be0186efb789d4,2359296,1,512,0.0,0,bits-sq,8,512,4,upload_shared,/home/jirka/research/2024/bits-knn-jpdc2024/data/application-scaling/ampere02-35760925/gradient-compression-middle.csv,0.00021701388888888888,1,0.473508,0.473508,0.473508,1.2334638485516611,False,False
gradient-compression,e77ffd0b75f255761df3bc4c0830771bb75243da7d366a0e80be0186efb789d4,2359296,1,512,0.0,0,bits-sq,8,512,7,download,/home/jirka/research/2024/bits-knn-jpdc2024/data/application-scaling/ampere02-35760925/gradient-compression-middle.csv,0.00021701388888888888,30,0.0082775,0.008157,0.008400250000000001,0.987979462398067,False,False
gradient-compression,e77ffd0b75f255761df3bc4c0830771bb75243da7d366a0e80be0186efb789d4,2359296,1,512,0.0,0,bits-sq,8,512,7,operator,/home/jirka/research/2024/bits-knn-jpdc2024/data/application-scaling/ampere02-35760925/gradient-compression-middle.csv,0.00021701388888888888,30,0.25886750000000003,0.25848875000000004,0.25912799999999997,0.23822418804987103,False,False
gradient-compression,e77ffd0b75f255761df3bc4c0830771bb75243da7d366a0e80be0186efb789d4,2359296,1,512,0.0,0,bits-sq,8,512,7,output_isolated,/home/jirka/research/2024/bits-knn-jpdc2024/data/application-scaling/ampere02-35760925/gradient-compression-middle.csv,0.00021701388888888888,30,0.008178,0.0081155,0.008480249999999998,1.0097212032281733,False,False
gradient-compression,e77ffd0b75f255761df3bc4c0830771bb75243da7d366a0e80be0186efb789d4,2359296,1,512,0.0,0,bits-sq,8,512,7,selection_isolated,/home/jirka/research/2024/bits-knn-jpdc2024/data/application-scaling/ampere02-35760925/gradient-compression-middle.csv,0.00021701388888888888,30,0.24221700000000002,0.2420495,0.24240025000000004,0.18714210810967022,False,False
gradient-compression,e77ffd0b75f255761df3bc4c0830771bb75243da7d366a0e80be0186efb789d4,2359296,1,512,0.0,0,bits-sq,8,512,7,transform_isolated,/home/jirka/research/2024/bits-knn-jpdc2024/data/application-scaling/ampere02-35760925/gradient-compression-middle.csv,0.00021701388888888888,30,0.014622,0.014487,0.01467275,1.004479551360963,False,False
gradient-compression,e77ffd0b75f255761df3bc4c0830771bb75243da7d366a0e80be0186efb789d4,2359296,1,512,0.0,0,bits-sq,8,512,7,upload_shared,/home/jirka/research/2024/bits-knn-jpdc2024/data/application-scaling/ampere02-35760925/gradient-compression-middle.csv,0.00021701388888888888,1,0.483153,0.483153,0.483153,1.2088406777977163,False,False
gradient-compression,e77ffd0b75f255761df3bc4c0830771bb75243da7d366a0e80be0186efb789d4,2359296,1,512,0.0,0,bits-sq,8,512,8,download,/home/jirka/research/2024/bits-knn-jpdc2024/data/application-scaling/ampere02-35760925/gradient-compression-middle.csv,0.00021701388888888888,30,0.008262499999999999,0.008155250000000001,0.00842975,0.9897730711043874,False,False
gradient-compression,e77ffd0b75f255761df3bc4c0830771bb75243da7d366a0e80be0186efb789d4,2359296,1,512,0.0,0,bits-sq,8,512,8,operator,/home/jirka/research/2024/bits-knn-jpdc2024/data/application-scaling/ampere02-35760925/gradient-compression-middle.csv,0.00021701388888888888,30,0.25906799999999996,0.25864200000000004,0.259338,0.23803981966124724,False,False
gradient-compression,e77ffd0b75f255761df3bc4c0830771bb75243da7d366a0e80be0186efb789d4,2359296,1,512,0.0,0,bits-sq,8,512,8,output_isolated,/home/jirka/research/2024/bits-knn-jpdc2024/data/application-scaling/ampere02-35760925/gradient-compression-middle.csv,0.00021701388888888888,30,0.0082075,0.00807225,0.008435250000000002,1.00609198903442,False,False
gradient-compression,e77ffd0b75f255761df3bc4c0830771bb75243da7d366a0e80be0186efb789d4,2359296,1,512,0.0,0,bits-sq,8,512,8,selection_isolated,/home/jirka/research/2024/bits-knn-jpdc2024/data/application-scaling/ampere02-35760925/gradient-compression-middle.csv,0.00021701388888888888,30,0.24247249999999998,0.24229974999999998,0.242638,0.1869449112785986,False,False
gradient-compression,e77ffd0b75f255761df3bc4c0830771bb75243da7d366a0e80be0186efb789d4,2359296,1,512,0.0,0,bits-sq,8,512,8,transform_isolated,/home/jirka/research/2024/bits-knn-jpdc2024/data/application-scaling/ampere02-35760925/gradient-compression-middle.csv,0.00021701388888888888,30,0.0145825,0.014542000000000001,0.01469275,1.007200411452083,False,False
gradient-compression,e77ffd0b75f255761df3bc4c0830771bb75243da7d366a0e80be0186efb789d4,2359296,1,512,0.0,0,bits-sq,8,512,8,upload_shared,/home/jirka/research/2024/bits-knn-jpdc2024/data/application-scaling/ampere02-35760925/gradient-compression-middle.csv,0.00021701388888888888,1,0.48095899999999997,0.48095899999999997,0.48095899999999997,1.2143550697668617,False,False
gradient-compression,e77ffd0b75f255761df3bc4c0830771bb75243da7d366a0e80be0186efb789d4,2359296,1,512,0.0,0,bits-sq,8,512,13,download,/home/jirka/research/2024/bits-knn-jpdc2024/data/application-scaling/ampere02-35760925/gradient-compression-middle.csv,0.00021701388888888888,30,0.0083325,0.00823225,0.0088965,0.9814581458145815,False,False
gradient-compression,e77ffd0b75f255761df3bc4c0830771bb75243da7d366a0e80be0186efb789d4,2359296,1,512,0.0,0,bits-sq,8,512,13,operator,/home/jirka/research/2024/bits-knn-jpdc2024/data/application-scaling/ampere02-35760925/gradient-compression-middle.csv,0.00021701388888888888,30,0.28062050000000005,0.28000899999999995,0.285237,0.21975764422057542,False,False
gradient-compression,e77ffd0b75f255761df3bc4c0830771bb75243da7d366a0e80be0186efb789d4,2359296,1,512,0.0,0,bits-sq,8,512,13,output_isolated,/home/jirka/research/2024/bits-knn-jpdc2024/data/application-scaling/ampere02-35760925/gradient-compression-middle.csv,0.00021701388888888888,30,0.008168,0.00806225,0.00848475,1.0109573947110677,False,False
gradient-compression,e77ffd0b75f255761df3bc4c0830771bb75243da7d366a0e80be0186efb789d4,2359296,1,512,0.0,0,bits-sq,8,512,13,selection_isolated,/home/jirka/research/2024/bits-knn-jpdc2024/data/application-scaling/ampere02-35760925/gradient-compression-middle.csv,0.00021701388888888888,30,0.268061,0.2633215,0.2686995,0.16909957062012004,False,False
gradient-compression,e77ffd0b75f255761df3bc4c0830771bb75243da7d366a0e80be0186efb789d4,2359296,1,512,0.0,0,bits-sq,8,512,13,transform_isolated,/home/jirka/research/2024/bits-knn-jpdc2024/data/application-scaling/ampere02-35760925/gradient-compression-middle.csv,0.00021701388888888888,30,0.014612,0.014542000000000001,0.014686999999999999,1.0051669860388721,False,False
gradient-compression,e77ffd0b75f255761df3bc4c0830771bb75243da7d366a0e80be0186efb789d4,2359296,1,512,0.0,0,bits-sq,8,512,13,upload_shared,/home/jirka/research/2024/bits-knn-jpdc2024/data/application-scaling/ampere02-35760925/gradient-compression-middle.csv,0.00021701388888888888,1,0.482671,0.482671,0.482671,1.2100478379683055,False,False
gradient-compression,e77ffd0b75f255761df3bc4c0830771bb75243da7d366a0e80be0186efb789d4,2359296,1,512,0.0,0,bits-sq,8,512,16,download,/home/jirka/research/2024/bits-knn-jpdc2024/data/application-scaling/ampere02-35760925/gradient-compression-middle.csv,0.00021701388888888888,30,0.008327000000000001,0.0081695,0.008568000000000001,0.982106400864657,False,False
gradient-compression,e77ffd0b75f255761df3bc4c0830771bb75243da7d366a0e80be0186efb789d4,2359296,1,512,0.0,0,bits-sq,8,512,16,operator,/home/jirka/research/2024/bits-knn-jpdc2024/data/application-scaling/ampere02-35760925/gradient-compression-middle.csv,0.00021701388888888888,30,0.29624399999999995,0.2956305,0.29644400000000004,0.20816792913949314,False,False
gradient-compression,e77ffd0b75f255761df3bc4c0830771bb75243da7d366a0e80be0186efb789d4,2359296,1,512,0.0,0,bits-sq,8,512,16,output_isolated,/home/jirka/research/2024/bits-knn-jpdc2024/data/application-scaling/ampere02-35760925/gradient-compression-middle.csv,0.00021701388888888888,30,0.008427500000000001,0.00824525,0.008738000000000001,0.9798279442301987,False,False
gradient-compression,e77ffd0b75f255761df3bc4c0830771bb75243da7d366a0e80be0186efb789d4,2359296,1,512,0.0,0,bits-sq,8,512,16,selection_isolated,/home/jirka/research/2024/bits-knn-jpdc2024/data/application-scaling/ampere02-35760925/gradient-compression-middle.csv,0.00021701388888888888,30,0.278737,0.27851675,0.2792155,0.1626228308405414,False,False
gradient-compression,e77ffd0b75f255761df3bc4c0830771bb75243da7d366a0e80be0186efb789d4,2359296,1,512,0.0,0,bits-sq,8,512,16,transform_isolated,/home/jirka/research/2024/bits-knn-jpdc2024/data/application-scaling/ampere02-35760925/gradient-compression-middle.csv,0.00021701388888888888,30,0.014612,0.014454499999999999,0.014797000000000001,1.0051669860388721,False,False
gradient-compression,e77ffd0b75f255761df3bc4c0830771bb75243da7d366a0e80be0186efb789d4,2359296,1,512,0.0,0,bits-sq,8,512,16,upload_shared,/home/jirka/research/2024/bits-knn-jpdc2024/data/application-scaling/ampere02-35760925/gradient-compression-middle.csv,0.00021701388888888888,1,0.584055,0.584055,0.584055,1.0,False,False
gradient-compression,e77ffd0b75f255761df3bc4c0830771bb75243da7d366a0e80be0186efb789d4,2359296,1,512,0.0,0,bits-sq,32,128,4,download,/home/jirka/research/2024/bits-knn-jpdc2024/data/application-scaling/ampere02-35760925/gradient-compression-middle.csv,0.00021701388888888888,30,0.0082675,0.00815525,0.008760500000000001,0.9891744783791955,False,False
gradient-compression,e77ffd0b75f255761df3bc4c0830771bb75243da7d366a0e80be0186efb789d4,2359296,1,512,0.0,0,bits-sq,32,128,4,operator,/home/jirka/research/2024/bits-knn-jpdc2024/data/application-scaling/ampere02-35760925/gradient-compression-middle.csv,0.00021701388888888888,30,0.29791199999999995,0.297696,0.29843200000000003,0.20700240339429093,False,False
gradient-compression,e77ffd0b75f255761df3bc4c0830771bb75243da7d366a0e80be0186efb789d4,2359296,1,512,0.0,0,bits-sq,32,128,4,output_isolated,/home/jirka/research/2024/bits-knn-jpdc2024/data/application-scaling/ampere02-35760925/gradient-compression-middle.csv,0.00021701388888888888,30,0.008393,0.008182250000000002,0.0086355,0.9838555939473372,False,False
gradient-compression,e77ffd0b75f255761df3bc4c0830771bb75243da7d366a0e80be0186efb789d4,2359296,1,512,0.0,0,bits-sq,32,128,4,selection_isolated,/home/jirka/research/2024/bits-knn-jpdc2024/data/application-scaling/ampere02-35760925/gradient-compression-middle.csv,0.00021701388888888888,30,0.281131,0.28068249999999995,0.28157925000000006,0.1612379993668432,False,False
gradient-compression,e77ffd0b75f255761df3bc4c0830771bb75243da7d366a0e80be0186efb789d4,2359296,1,512,0.0,0,bits-sq,32,128,4,transform_isolated,/home/jirka/research/2024/bits-knn-jpdc2024/data/application-scaling/ampere02-35760925/gradient-compression-middle.csv,0.00021701388888888888,30,0.014957,0.0148745,0.0150905,0.9819816808183459,False,False
gradient-compression,e77ffd0b75f255761df3bc4c0830771bb75243da7d366a0e80be0186efb789d4,2359296,1,512,0.0,0,bits-sq,32,128,4,upload_shared,/home/jirka/research/2024/bits-knn-jpdc2024/data/application-scaling/ampere02-35760925/gradient-compression-middle.csv,0.00021701388888888888,1,0.47068400000000005,0.47068400000000005,0.47068400000000005,1.2408643591029225,False,False
gradient-compression,e77ffd0b75f255761df3bc4c0830771bb75243da7d366a0e80be0186efb789d4,2359296,1,512,0.0,0,bits-sq,32,128,7,download,/home/jirka/research/2024/bits-knn-jpdc2024/data/application-scaling/ampere02-35760925/gradient-compression-middle.csv,0.00021701388888888888,30,0.008317,0.00823225,0.0088705,0.9832872429962727,False,False
gradient-compression,e77ffd0b75f255761df3bc4c0830771bb75243da7d366a0e80be0186efb789d4,2359296,1,512,0.0,0,bits-sq,32,128,7,operator,/home/jirka/research/2024/bits-knn-jpdc2024/data/application-scaling/ampere02-35760925/gradient-compression-middle.csv,0.00021701388888888888,30,0.274166,0.27360425,0.27498425,0.22493124603342496,False,False
gradient-compression,e77ffd0b75f255761df3bc4c0830771bb75243da7d366a0e80be0186efb789d4,2359296,1,512,0.0,0,bits-sq,32,128,7,output_isolated,/home/jirka/research/2024/bits-knn-jpdc2024/data/application-scaling/ampere02-35760925/gradient-compression-middle.csv,0.00021701388888888888,30,0.008408,0.0082595,0.0085605,0.9821003805899144,False,False
gradient-compression,e77ffd0b75f255761df3bc4c0830771bb75243da7d366a0e80be0186efb789d4,2359296,1,512,0.0,0,bits-sq,32,128,7,selection_isolated,/home/jirka/research/2024/bits-knn-jpdc2024/data/application-scaling/ampere02-35760925/gradient-compression-middle.csv,0.00021701388888888888,30,0.256864,0.256518,0.25739475,0.17647081724180888,False,False
gradient-compression,e77ffd0b75f255761df3bc4c0830771bb75243da7d366a0e80be0186efb789d4,2359296,1,512,0.0,0,bits-sq,32,128,7,transform_isolated,/home/jirka/research/2024/bits-knn-jpdc2024/data/application-scaling/ampere02-35760925/gradient-compression-middle.csv,0.00021701388888888888,30,0.014977,0.014907,0.0150305,0.9806703612205381,False,False
gradient-compression,e77ffd0b75f255761df3bc4c0830771bb75243da7d366a0e80be0186efb789d4,2359296,1,512,0.0,0,bits-sq,32,128,7,upload_shared,/home/jirka/research/2024/bits-knn-jpdc2024/data/application-scaling/ampere02-35760925/gradient-compression-middle.csv,0.00021701388888888888,1,0.47539099999999995,0.47539099999999995,0.47539099999999995,1.2285781598726102,False,False
gradient-compression,e77ffd0b75f255761df3bc4c0830771bb75243da7d366a0e80be0186efb789d4,2359296,1,512,0.0,0,bits-sq,32,128,8,download,/home/jirka/research/2024/bits-knn-jpdc2024/data/application-scaling/ampere02-35760925/gradient-compression-middle.csv,0.00021701388888888888,30,0.008268000000000001,0.0081545,0.0084805,0.9891146589259795,False,False
gradient-compression,e77ffd0b75f255761df3bc4c0830771bb75243da7d366a0e80be0186efb789d4,2359296,1,512,0.0,0,bits-sq,32,128,8,operator,/home/jirka/research/2024/bits-knn-jpdc2024/data/application-scaling/ampere02-35760925/gradient-compression-middle.csv,0.00021701388888888888,30,0.28307899999999997,0.282598,0.2837,0.2178490809985905,False,False
gradient-compression,e77ffd0b75f255761df3bc4c0830771bb75243da7d366a0e80be0186efb789d4,2359296,1,512,0.0,0,bits-sq,32,128,8,output_isolated,/home/jirka/research/2024/bits-knn-jpdc2024/data/application-scaling/ampere02-35760925/gradient-compression-middle.csv,0.00021701388888888888,30,0.008343,0.00821475,0.008628,0.9897518878101403,False,False
gradient-compression,e77ffd0b75f255761df3bc4c0830771bb75243da7d366a0e80be0186efb789d4,2359296,1,512,0.0,0,bits-sq,32,128,8,selection_isolated,/home/jirka/research/2024/bits-knn-jpdc2024/data/application-scaling/ampere02-35760925/gradient-compression-middle.csv,0.00021701388888888888,30,0.266183,0.2658705,0.26635149999999996,0.1702926182363261,False,False
gradient-compression,e77ffd0b75f255761df3bc4c0830771bb75243da7d366a0e80be0186efb789d4,2359296,1,512,0.0,0,bits-sq,32,128,8,transform_isolated,/home/jirka/research/2024/bits-knn-jpdc2024/data/application-scaling/ampere02-35760925/gradient-compression-middle.csv,0.00021701388888888888,30,0.015047499999999998,0.01494225,0.0151605,0.9760757600930388,False,False
gradient-compression,e77ffd0b75f255761df3bc4c0830771bb75243da7d366a0e80be0186efb789d4,2359296,1,512,0.0,0,bits-sq,32,128,8,upload_shared,/home/jirka/research/2024/bits-knn-jpdc2024/data/application-scaling/ampere02-35760925/gradient-compression-middle.csv,0.00021701388888888888,1,0.485646,0.485646,0.485646,1.2026352528384872,False,False
gradient-compression,e77ffd0b75f255761df3bc4c0830771bb75243da7d366a0e80be0186efb789d4,2359296,1,512,0.0,0,bits-sq,32,128,13,download,/home/jirka/research/2024/bits-knn-jpdc2024/data/application-scaling/ampere02-35760925/gradient-compression-middle.csv,0.00021701388888888888,30,0.008248,0.008189499999999999,0.008433000000000001,0.991513094083414,False,False
gradient-compression,e77ffd0b75f255761df3bc4c0830771bb75243da7d366a0e80be0186efb789d4,2359296,1,512,0.0,0,bits-sq,32,128,13,operator,/home/jirka/research/2024/bits-knn-jpdc2024/data/application-scaling/ampere02-35760925/gradient-compression-middle.csv,0.00021701388888888888,30,0.24296299999999998,0.24232225,0.2436215,0.25381848264962154,False,False
gradient-compression,e77ffd0b75f255761df3bc4c0830771bb75243da7d366a0e80be0186efb789d4,2359296,1,512,0.0,0,bits-sq,32,128,13,output_isolated,/home/jirka/research/2024/bits-knn-jpdc2024/data/application-scaling/ampere02-35760925/gradient-compression-middle.csv,0.00021701388888888888,30,0.0084475,0.00825725,0.0085655,0.9775081385025156,False,False
gradient-compression,e77ffd0b75f255761df3bc4c0830771bb75243da7d366a0e80be0186efb789d4,2359296,1,512,0.0,0,bits-sq,32,128,13,selection_isolated,/home/jirka/research/2024/bits-knn-jpdc2024/data/application-scaling/ampere02-35760925/gradient-compression-middle.csv,0.00021701388888888888,30,0.22567199999999998,0.22543425,0.22621549999999996,0.2008623134460633,False,False
gradient-compression,e77ffd0b75f255761df3bc4c0830771bb75243da7d366a0e80be0186efb789d4,2359296,1,512,0.0,0,bits-sq,32,128,13,transform_isolated,/home/jirka/research/2024/bits-knn-jpdc2024/data/application-scaling/ampere02-35760925/gradient-compression-middle.csv,0.00021701388888888888,30,0.014998000000000001,0.014893,0.0151105,0.9792972396319508,False,False
gradient-compression,e77ffd0b75f255761df3bc4c0830771bb75243da7d366a0e80be0186efb789d4,2359296,1,512,0.0,0,bits-sq,32,128,13,upload_shared,/home/jirka/research/2024/bits-knn-jpdc2024/data/application-scaling/ampere02-35760925/gradient-compression-middle.csv,0.00021701388888888888,1,0.477423,0.477423,0.477423,1.223349105510208,False,False
gradient-compression,e77ffd0b75f255761df3bc4c0830771bb75243da7d366a0e80be0186efb789d4,2359296,1,512,0.0,0,bits-sq,32,128,16,download,/home/jirka/research/2024/bits-knn-jpdc2024/data/application-scaling/ampere02-35760925/gradient-compression-middle.csv,0.00021701388888888888,30,0.008283,0.0081545,0.00884625,0.9873234335385729,False,False
gradient-compression,e77ffd0b75f255761df3bc4c0830771bb75243da7d366a0e80be0186efb789d4,2359296,1,512,0.0,0,bits-sq,32,128,16,operator,/home/jirka/research/2024/bits-knn-jpdc2024/data/application-scaling/ampere02-35760925/gradient-compression-middle.csv,0.00021701388888888888,30,0.255843,0.255332,0.256188,0.24104040368507249,False,False
gradient-compression,e77ffd0b75f255761df3bc4c0830771bb75243da7d366a0e80be0186efb789d4,2359296,1,512,0.0,0,bits-sq,32,128,16,output_isolated,/home/jirka/research/2024/bits-knn-jpdc2024/data/application-scaling/ampere02-35760925/gradient-compression-middle.csv,0.00021701388888888888,30,0.008388,0.00826025,0.008613,0.9844420600858371,False,False
gradient-compression,e77ffd0b75f255761df3bc4c0830771bb75243da7d366a0e80be0186efb789d4,2359296,1,512,0.0,0,bits-sq,32,128,16,selection_isolated,/home/jirka/research/2024/bits-knn-jpdc2024/data/application-scaling/ampere02-35760925/gradient-compression-middle.csv,0.00021701388888888888,30,0.238136,0.23782,0.2387745,0.1903492122148688,False,False
gradient-compression,e77ffd0b75f255761df3bc4c0830771bb75243da7d366a0e80be0186efb789d4,2359296,1,512,0.0,0,bits-sq,32,128,16,transform_isolated,/home/jirka/research/2024/bits-knn-jpdc2024/data/application-scaling/ampere02-35760925/gradient-compression-middle.csv,0.00021701388888888888,30,0.015047999999999999,0.014978,0.015169750000000001,0.9760433280170122,False,False
gradient-compression,e77ffd0b75f255761df3bc4c0830771bb75243da7d366a0e80be0186efb789d4,2359296,1,512,0.0,0,bits-sq,32,128,16,upload_shared,/home/jirka/research/2024/bits-knn-jpdc2024/data/application-scaling/ampere02-35760925/gradient-compression-middle.csv,0.00021701388888888888,1,0.478805,0.478805,0.478805,1.219818088783534,False,False
gradient-compression,e77ffd0b75f255761df3bc4c0830771bb75243da7d366a0e80be0186efb789d4,2359296,1,512,0.0,0,bits-sq,32,256,4,download,/home/jirka/research/2024/bits-knn-jpdc2024/data/application-scaling/ampere02-35760925/gradient-compression-middle.csv,0.00021701388888888888,30,0.008378,0.008295499999999999,0.00878625,0.9761279541656719,False,False
gradient-compression,e77ffd0b75f255761df3bc4c0830771bb75243da7d366a0e80be0186efb789d4,2359296,1,512,0.0,0,bits-sq,32,256,4,operator,/home/jirka/research/2024/bits-knn-jpdc2024/data/application-scaling/ampere02-35760925/gradient-compression-middle.csv,0.00021701388888888888,30,0.1930575,0.1927395,0.193458,0.31943073954650814,False,False
gradient-compression,e77ffd0b75f255761df3bc4c0830771bb75243da7d366a0e80be0186efb789d4,2359296,1,512,0.0,0,bits-sq,32,256,4,output_isolated,/home/jirka/research/2024/bits-knn-jpdc2024/data/application-scaling/ampere02-35760925/gradient-compression-middle.csv,0.00021701388888888888,30,0.0083775,0.00825225,0.008590500000000001,0.9856759176365266,False,False
gradient-compression,e77ffd0b75f255761df3bc4c0830771bb75243da7d366a0e80be0186efb789d4,2359296,1,512,0.0,0,bits-sq,32,256,4,selection_isolated,/home/jirka/research/2024/bits-knn-jpdc2024/data/application-scaling/ampere02-35760925/gradient-compression-middle.csv,0.00021701388888888888,30,0.176087,0.17581875,0.17633274999999998,0.25742388705583036,False,False
gradient-compression,e77ffd0b75f255761df3bc4c0830771bb75243da7d366a0e80be0186efb789d4,2359296,1,512,0.0,0,bits-sq,32,256,4,transform_isolated,/home/jirka/research/2024/bits-knn-jpdc2024/data/application-scaling/ampere02-35760925/gradient-compression-middle.csv,0.00021701388888888888,30,0.014647,0.014526999999999998,0.01474725,1.002765071345668,False,False
gradient-compression,e77ffd0b75f255761df3bc4c0830771bb75243da7d366a0e80be0186efb789d4,2359296,1,512,0.0,0,bits-sq,32,256,4,upload_shared,/home/jirka/research/2024/bits-knn-jpdc2024/data/application-scaling/ampere02-35760925/gradient-compression-middle.csv,0.00021701388888888888,1,0.471094,0.471094,0.471094,1.2397844166981535,False,False
gradient-compression,e77ffd0b75f255761df3bc4c0830771bb75243da7d366a0e80be0186efb789d4,2359296,1,512,0.0,0,bits-sq,32,256,7,download,/home/jirka/research/2024/bits-knn-jpdc2024/data/application-scaling/ampere02-35760925/gradient-compression-middle.csv,0.00021701388888888888,30,0.008291999999999999,0.008182249999999999,0.008601250000000001,0.9862518089725036,True,False
gradient-compression,e77ffd0b75f255761df3bc4c0830771bb75243da7d366a0e80be0186efb789d4,2359296,1,512,0.0,0,bits-sq,32,256,7,operator,/home/jirka/research/2024/bits-knn-jpdc2024/data/application-scaling/ampere02-35760925/gradient-compression-middle.csv,0.00021701388888888888,30,0.177374,0.17692049999999998,0.17770975,0.34767496927396346,True,False
gradient-compression,e77ffd0b75f255761df3bc4c0830771bb75243da7d366a0e80be0186efb789d4,2359296,1,512,0.0,0,bits-sq,32,256,7,output_isolated,/home/jirka/research/2024/bits-knn-jpdc2024/data/application-scaling/ampere02-35760925/gradient-compression-middle.csv,0.00021701388888888888,30,0.008527999999999999,0.00828475,0.008833,0.9682809568480303,True,False
gradient-compression,e77ffd0b75f255761df3bc4c0830771bb75243da7d366a0e80be0186efb789d4,2359296,1,512,0.0,0,bits-sq,32,256,7,selection_isolated,/home/jirka/research/2024/bits-knn-jpdc2024/data/application-scaling/ampere02-35760925/gradient-compression-middle.csv,0.00021701388888888888,30,0.1605035,0.1601855,0.16062300000000002,0.2824175173750105,True,False
gradient-compression,e77ffd0b75f255761df3bc4c0830771bb75243da7d366a0e80be0186efb789d4,2359296,1,512,0.0,0,bits-sq,32,256,7,transform_isolated,/home/jirka/research/2024/bits-knn-jpdc2024/data/application-scaling/ampere02-35760925/gradient-compression-middle.csv,0.00021701388888888888,30,0.014607,0.0145095,0.014717000000000001,1.0055110563428493,True,False
gradient-compression,e77ffd0b75f255761df3bc4c0830771bb75243da7d366a0e80be0186efb789d4,2359296,1,512,0.0,0,bits-sq,32,256,7,upload_shared,/home/jirka/research/2024/bits-knn-jpdc2024/data/application-scaling/ampere02-35760925/gradient-compression-middle.csv,0.00021701388888888888,1,0.48961199999999994,0.48961199999999994,0.48961199999999994,1.1928935565304772,True,False
gradient-compression,e77ffd0b75f255761df3bc4c0830771bb75243da7d366a0e80be0186efb789d4,2359296,1,512,0.0,0,bits-sq,32,256,8,download,/home/jirka/research/2024/bits-knn-jpdc2024/data/application-scaling/ampere02-35760925/gradient-compression-middle.csv,0.00021701388888888888,30,0.008217,0.008162,0.00842275,0.9952537422416939,False,False
gradient-compression,e77ffd0b75f255761df3bc4c0830771bb75243da7d366a0e80be0186efb789d4,2359296,1,512,0.0,0,bits-sq,32,256,8,operator,/home/jirka/research/2024/bits-knn-jpdc2024/data/application-scaling/ampere02-35760925/gradient-compression-middle.csv,0.00021701388888888888,30,0.17755900000000002,0.17707575,0.17802425,0.3473127242212447,False,False
gradient-compression,e77ffd0b75f255761df3bc4c0830771bb75243da7d366a0e80be0186efb789d4,2359296,1,512,0.0,0,bits-sq,32,256,8,output_isolated,/home/jirka/research/2024/bits-knn-jpdc2024/data/application-scaling/ampere02-35760925/gradient-compression-middle.csv,0.00021701388888888888,30,0.008303,0.008209750000000002,0.008378,0.9945200529928943,False,False
gradient-compression,e77ffd0b75f255761df3bc4c0830771bb75243da7d366a0e80be0186efb789d4,2359296,1,512,0.0,0,bits-sq,32,256,8,selection_isolated,/home/jirka/research/2024/bits-knn-jpdc2024/data/application-scaling/ampere02-35760925/gradient-compression-middle.csv,0.00021701388888888888,30,0.1607735,0.16051875000000002,0.161034,0.2819432306941131,False,False
gradient-compression,e77ffd0b75f255761df3bc4c0830771bb75243da7d366a0e80be0186efb789d4,2359296,1,512,0.0,0,bits-sq,32,256,8,transform_isolated,/home/jirka/research/2024/bits-knn-jpdc2024/data/application-scaling/ampere02-35760925/gradient-compression-middle.csv,0.00021701388888888888,30,0.014637,0.0145345,0.014749500000000002,1.0034501605520256,False,False
gradient-compression,e77ffd0b75f255761df3bc4c0830771bb75243da7d366a0e80be0186efb789d4,2359296,1,512,0.0,0,bits-sq,32,256,8,upload_shared,/home/jirka/research/2024/bits-knn-jpdc2024/data/application-scaling/ampere02-35760925/gradient-compression-middle.csv,0.00021701388888888888,1,0.493638,0.493638,0.493638,1.1831645861947417,False,False
gradient-compression,e77ffd0b75f255761df3bc4c0830771bb75243da7d366a0e80be0186efb789d4,2359296,1,512,0.0,0,bits-sq,32,256,13,download,/home/jirka/research/2024/bits-knn-jpdc2024/data/application-scaling/ampere02-35760925/gradient-compression-middle.csv,0.00021701388888888888,30,0.0083325,0.00825225,0.0091155,0.9814581458145815,False,False
gradient-compression,e77ffd0b75f255761df3bc4c0830771bb75243da7d366a0e80be0186efb789d4,2359296,1,512,0.0,0,bits-sq,32,256,13,operator,/home/jirka/research/2024/bits-knn-jpdc2024/data/application-scaling/ampere02-35760925/gradient-compression-middle.csv,0.00021701388888888888,30,0.187604,0.18734325000000002,0.1879675,0.32871633867081723,False,False
gradient-compression,e77ffd0b75f255761df3bc4c0830771bb75243da7d366a0e80be0186efb789d4,2359296,1,512,0.0,0,bits-sq,32,256,13,output_isolated,/home/jirka/research/2024/bits-knn-jpdc2024/data/application-scaling/ampere02-35760925/gradient-compression-middle.csv,0.00021701388888888888,30,0.008527999999999999,0.00843225,0.0086555,0.9682809568480303,False,False
gradient-compression,e77ffd0b75f255761df3bc4c0830771bb75243da7d366a0e80be0186efb789d4,2359296,1,512,0.0,0,bits-sq,32,256,13,selection_isolated,/home/jirka/research/2024/bits-knn-jpdc2024/data/application-scaling/ampere02-35760925/gradient-compression-middle.csv,0.00021701388888888888,30,0.17060399999999998,0.170433,0.17073575,0.26569717005462945,False,False
gradient-compression,e77ffd0b75f255761df3bc4c0830771bb75243da7d366a0e80be0186efb789d4,2359296,1,512,0.0,0,bits-sq,32,256,13,transform_isolated,/home/jirka/research/2024/bits-knn-jpdc2024/data/application-scaling/ampere02-35760925/gradient-compression-middle.csv,0.00021701388888888888,30,0.014696999999999998,0.0145695,0.014800500000000001,0.9993536095801865,False,False
gradient-compression,e77ffd0b75f255761df3bc4c0830771bb75243da7d366a0e80be0186efb789d4,2359296,1,512,0.0,0,bits-sq,32,256,13,upload_shared,/home/jirka/research/2024/bits-knn-jpdc2024/data/application-scaling/ampere02-35760925/gradient-compression-middle.csv,0.00021701388888888888,1,0.483834,0.483834,0.483834,1.2071392254368234,False,False
gradient-compression,e77ffd0b75f255761df3bc4c0830771bb75243da7d366a0e80be0186efb789d4,2359296,1,512,0.0,0,bits-sq,32,256,16,download,/home/jirka/research/2024/bits-knn-jpdc2024/data/application-scaling/ampere02-35760925/gradient-compression-middle.csv,0.00021701388888888888,30,0.0083275,0.008192250000000002,0.008492250000000002,0.9820474332032423,False,False
gradient-compression,e77ffd0b75f255761df3bc4c0830771bb75243da7d366a0e80be0186efb789d4,2359296,1,512,0.0,0,bits-sq,32,256,16,operator,/home/jirka/research/2024/bits-knn-jpdc2024/data/application-scaling/ampere02-35760925/gradient-compression-middle.csv,0.00021701388888888888,30,0.2140045,0.21370399999999998,0.21429975,0.2881645012137595,False,False
gradient-compression,e77ffd0b75f255761df3bc4c0830771bb75243da7d366a0e80be0186efb789d4,2359296,1,512,0.0,0,bits-sq,32,256,16,output_isolated,/home/jirka/research/2024/bits-knn-jpdc2024/data/application-scaling/ampere02-35760925/gradient-compression-middle.csv,0.00021701388888888888,30,0.008376999999999999,0.008246999999999999,0.00857825,0.9857347499104694,False,False
gradient-compression,e77ffd0b75f255761df3bc4c0830771bb75243da7d366a0e80be0186efb789d4,2359296,1,512,0.0,0,bits-sq,32,256,16,selection_isolated,/home/jirka/research/2024/bits-knn-jpdc2024/data/application-scaling/ampere02-35760925/gradient-compression-middle.csv,0.00021701388888888888,30,0.19674799999999998,0.19660049999999998,0.1969055,0.2303911602659239,False,False
gradient-compression,e77ffd0b75f255761df3bc4c0830771bb75243da7d366a0e80be0186efb789d4,2359296,1,512,0.0,0,bits-sq,32,256,16,transform_isolated,/home/jirka/research/2024/bits-knn-jpdc2024/data/application-scaling/ampere02-35760925/gradient-compression-middle.csv,0.00021701388888888888,30,0.014868,0.014812,0.01497975,0.9878598331988162,False,False
gradient-compression,e77ffd0b75f255761df3bc4c0830771bb75243da7d366a0e80be0186efb789d4,2359296,1,512,0.0,0,bits-sq,32,256,16,upload_shared,/home/jirka/research/2024/bits-knn-jpdc2024/data/application-scaling/ampere02-35760925/gradient-compression-middle.csv,0.00021701388888888888,1,0.48474500000000004,0.48474500000000004,0.48474500000000004,1.204870602069129,False,False
gradient-compression,e77ffd0b75f255761df3bc4c0830771bb75243da7d366a0e80be0186efb789d4,2359296,1,512,0.0,0,bits-sq,32,512,4,download,/home/jirka/research/2024/bits-knn-jpdc2024/data/application-scaling/ampere02-35760925/gradient-compression-middle.csv,0.00021701388888888888,30,0.008187,0.0080945,0.00836775,0.9989006962257236,False,True
gradient-compression,e77ffd0b75f255761df3bc4c0830771bb75243da7d366a0e80be0186efb789d4,2359296,1,512,0.0,0,bits-sq,32,512,4,operator,/home/jirka/research/2024/bits-knn-jpdc2024/data/application-scaling/ampere02-35760925/gradient-compression-middle.csv,0.00021701388888888888,30,0.17904150000000002,0.178736,0.17944175,0.34443690429313867,False,True
gradient-compression,e77ffd0b75f255761df3bc4c0830771bb75243da7d366a0e80be0186efb789d4,2359296,1,512,0.0,0,bits-sq,32,512,4,output_isolated,/home/jirka/research/2024/bits-knn-jpdc2024/data/application-scaling/ampere02-35760925/gradient-compression-middle.csv,0.00021701388888888888,30,0.008307499999999999,0.00821475,0.008449749999999999,0.9939813421606984,False,True
gradient-compression,e77ffd0b75f255761df3bc4c0830771bb75243da7d366a0e80be0186efb789d4,2359296,1,512,0.0,0,bits-sq,32,512,4,selection_isolated,/home/jirka/research/2024/bits-knn-jpdc2024/data/application-scaling/ampere02-35760925/gradient-compression-middle.csv,0.00021701388888888888,30,0.161895,0.1617175,0.162291,0.2799901170511751,False,True
gradient-compression,e77ffd0b75f255761df3bc4c0830771bb75243da7d366a0e80be0186efb789d4,2359296,1,512,0.0,0,bits-sq,32,512,4,transform_isolated,/home/jirka/research/2024/bits-knn-jpdc2024/data/application-scaling/ampere02-35760925/gradient-compression-middle.csv,0.00021701388888888888,30,0.014641999999999999,0.0145445,0.014759750000000002,1.0031074989755497,False,True
gradient-compression,e77ffd0b75f255761df3bc4c0830771bb75243da7d366a0e80be0186efb789d4,2359296,1,512,0.0,0,bits-sq,32,512,4,upload_shared,/home/jirka/research/2024/bits-knn-jpdc2024/data/application-scaling/ampere02-35760925/gradient-compression-middle.csv,0.00021701388888888888,1,0.47661200000000004,0.47661200000000004,0.47661200000000004,1.2254307487012495,False,True
gradient-compression,e77ffd0b75f255761df3bc4c0830771bb75243da7d366a0e80be0186efb789d4,2359296,1,512,0.0,0,bits-sq,32,512,7,download,/home/jirka/research/2024/bits-knn-jpdc2024/data/application-scaling/ampere02-35760925/gradient-compression-middle.csv,0.00021701388888888888,30,0.008378,0.00827525,0.008685499999999999,0.9761279541656719,False,False
gradient-compression,e77ffd0b75f255761df3bc4c0830771bb75243da7d366a0e80be0186efb789d4,2359296,1,512,0.0,0,bits-sq,32,512,7,operator,/home/jirka/research/2024/bits-knn-jpdc2024/data/application-scaling/ampere02-35760925/gradient-compression-middle.csv,0.00021701388888888888,30,0.19983800000000002,0.19952450000000002,0.20031549999999998,0.3085924598925129,False,False
gradient-compression,e77ffd0b75f255761df3bc4c0830771bb75243da7d366a0e80be0186efb789d4,2359296,1,512,0.0,0,bits-sq,32,512,7,output_isolated,/home/jirka/research/2024/bits-knn-jpdc2024/data/application-scaling/ampere02-35760925/gradient-compression-middle.csv,0.00021701388888888888,30,0.008317,0.008172,0.00842475,0.9928459781171097,False,False
gradient-compression,e77ffd0b75f255761df3bc4c0830771bb75243da7d366a0e80be0186efb789d4,2359296,1,512,0.0,0,bits-sq,32,512,7,selection_isolated,/home/jirka/research/2024/bits-knn-jpdc2024/data/application-scaling/ampere02-35760925/gradient-compression-middle.csv,0.00021701388888888888,30,0.1829425,0.18270375,0.18310700000000002,0.24777730707736034,False,False
gradient-compression,e77ffd0b75f255761df3bc4c0830771bb75243da7d366a0e80be0186efb789d4,2359296,1,512,0.0,0,bits-sq,32,512,7,transform_isolated,/home/jirka/research/2024/bits-knn-jpdc2024/data/application-scaling/ampere02-35760925/gradient-compression-middle.csv,0.00021701388888888888,30,0.014617,0.014547000000000001,0.014750249999999998,1.004823151125402,False,False
gradient-compression,e77ffd0b75f255761df3bc4c0830771bb75243da7d366a0e80be0186efb789d4,2359296,1,512,0.0,0,bits-sq,32,512,7,upload_shared,/home/jirka/research/2024/bits-knn-jpdc2024/data/application-scaling/ampere02-35760925/gradient-compression-middle.csv,0.00021701388888888888,1,0.489611,0.489611,0.489611,1.192895992941335,False,False
gradient-compression,e77ffd0b75f255761df3bc4c0830771bb75243da7d366a0e80be0186efb789d4,2359296,1,512,0.0,0,bits-sq,32,512,8,download,/home/jirka/research/2024/bits-knn-jpdc2024/data/application-scaling/ampere02-35760925/gradient-compression-middle.csv,0.00021701388888888888,30,0.008287,0.008208,0.008661249999999999,0.9868468685893569,False,False
gradient-compression,e77ffd0b75f255761df3bc4c0830771bb75243da7d366a0e80be0186efb789d4,2359296,1,512,0.0,0,bits-sq,32,512,8,operator,/home/jirka/research/2024/bits-knn-jpdc2024/data/application-scaling/ampere02-35760925/gradient-compression-middle.csv,0.00021701388888888888,30,0.2048705,0.2044375,0.20518275000000002,0.30101210276735785,False,False
gradient-compression,e77ffd0b75f255761df3bc4c0830771bb75243da7d366a0e80be0186efb789d4,2359296,1,512,0.0,0,bits-sq,32,512,8,output_isolated,/home/jirka/research/2024/bits-knn-jpdc2024/data/application-scaling/ampere02-35760925/gradient-compression-middle.csv,0.00021701388888888888,30,0.008302499999999999,0.0082245,0.008448,0.9945799457994582,False,False
gradient-compression,e77ffd0b75f255761df3bc4c0830771bb75243da7d366a0e80be0186efb789d4,2359296,1,512,0.0,0,bits-sq,32,512,8,selection_isolated,/home/jirka/research/2024/bits-knn-jpdc2024/data/application-scaling/ampere02-35760925/gradient-compression-middle.csv,0.00021701388888888888,30,0.18761499999999998,0.1874265,0.18784675,0.24160648135810037,False,False
gradient-compression,e77ffd0b75f255761df3bc4c0830771bb75243da7d366a0e80be0186efb789d4,2359296,1,512,0.0,0,bits-sq,32,512,8,transform_isolated,/home/jirka/research/2024/bits-knn-jpdc2024/data/application-scaling/ampere02-35760925/gradient-compression-middle.csv,0.00021701388888888888,30,0.0147425,0.014684499999999998,0.014798000000000002,0.9962692894692216,False,False
gradient-compression,e77ffd0b75f255761df3bc4c0830771bb75243da7d366a0e80be0186efb789d4,2359296,1,512,0.0,0,bits-sq,32,512,8,upload_shared,/home/jirka/research/2024/bits-knn-jpdc2024/data/application-scaling/ampere02-35760925/gradient-compression-middle.csv,0.00021701388888888888,1,0.483873,0.483873,0.483873,1.2070419304238922,False,False
gradient-compression,e77ffd0b75f255761df3bc4c0830771bb75243da7d366a0e80be0186efb789d4,2359296,1,512,0.0,0,bits-sq,32,512,13,download,/home/jirka/research/2024/bits-knn-jpdc2024/data/application-scaling/ampere02-35760925/gradient-compression-middle.csv,0.00021701388888888888,30,0.008331999999999999,0.008272,0.008468,0.9815170427268364,False,False
gradient-compression,e77ffd0b75f255761df3bc4c0830771bb75243da7d366a0e80be0186efb789d4,2359296,1,512,0.0,0,bits-sq,32,512,13,operator,/home/jirka/research/2024/bits-knn-jpdc2024/data/application-scaling/ampere02-35760925/gradient-compression-middle.csv,0.00021701388888888888,30,0.242583,0.24214199999999997,0.24298550000000002,0.25421608274281376,False,False
gradient-compression,e77ffd0b75f255761df3bc4c0830771bb75243da7d366a0e80be0186efb789d4,2359296,1,512,0.0,0,bits-sq,32,512,13,output_isolated,/home/jirka/research/2024/bits-knn-jpdc2024/data/application-scaling/ampere02-35760925/gradient-compression-middle.csv,0.00021701388888888888,30,0.008337500000000001,0.0082245,0.00847275,0.9904047976011994,False,False
gradient-compression,e77ffd0b75f255761df3bc4c0830771bb75243da7d366a0e80be0186efb789d4,2359296,1,512,0.0,0,bits-sq,32,512,13,selection_isolated,/home/jirka/research/2024/bits-knn-jpdc2024/data/application-scaling/ampere02-35760925/gradient-compression-middle.csv,0.00021701388888888888,30,0.22576200000000002,0.225622,0.22590950000000004,0.20078223970375877,False,False
gradient-compression,e77ffd0b75f255761df3bc4c0830771bb75243da7d366a0e80be0186efb789d4,2359296,1,512,0.0,0,bits-sq,32,512,13,transform_isolated,/home/jirka/research/2024/bits-knn-jpdc2024/data/application-scaling/ampere02-35760925/gradient-compression-middle.csv,0.00021701388888888888,30,0.014612,0.014497,0.014732,1.0051669860388721,False,False
gradient-compression,e77ffd0b75f255761df3bc4c0830771bb75243da7d366a0e80be0186efb789d4,2359296,1,512,0.0,0,bits-sq,32,512,13,upload_shared,/home/jirka/research/2024/bits-knn-jpdc2024/data/application-scaling/ampere02-35760925/gradient-compression-middle.csv,0.00021701388888888888,1,0.477613,0.477613,0.477613,1.2228624430239545,False,False
gradient-compression,e77ffd0b75f255761df3bc4c0830771bb75243da7d366a0e80be0186efb789d4,2359296,1,512,0.0,0,bits-sq,32,512,16,download,/home/jirka/research/2024/bits-knn-jpdc2024/data/application-scaling/ampere02-35760925/gradient-compression-middle.csv,0.00021701388888888888,30,0.0082775,0.008209500000000002,0.0083705,0.987979462398067,False,False
gradient-compression,e77ffd0b75f255761df3bc4c0830771bb75243da7d366a0e80be0186efb789d4,2359296,1,512,0.0,0,bits-sq,32,512,16,operator,/home/jirka/research/2024/bits-knn-jpdc2024/data/application-scaling/ampere02-35760925/gradient-compression-middle.csv,0.00021701388888888888,30,0.281887,0.2814245,0.282338,0.2187702873846612,False,False
gradient-compression,e77ffd0b75f255761df3bc4c0830771bb75243da7d366a0e80be0186efb789d4,2359296,1,512,0.0,0,bits-sq,32,512,16,output_isolated,/home/jirka/research/2024/bits-knn-jpdc2024/data/application-scaling/ampere02-35760925/gradient-compression-middle.csv,0.00021701388888888888,30,0.008357,0.0082845,0.00846975,0.9880938135694629,False,False
gradient-compression,e77ffd0b75f255761df3bc4c0830771bb75243da7d366a0e80be0186efb789d4,2359296,1,512,0.0,0,bits-sq,32,512,16,selection_isolated,/home/jirka/research/2024/bits-knn-jpdc2024/data/application-scaling/ampere02-35760925/gradient-compression-middle.csv,0.00021701388888888888,30,0.264726,0.2645835,0.264972,0.17122987541835707,False,False
gradient-compression,e77ffd0b75f255761df3bc4c0830771bb75243da7d366a0e80be0186efb789d4,2359296,1,512,0.0,0,bits-sq,32,512,16,transform_isolated,/home/jirka/research/2024/bits-knn-jpdc2024/data/application-scaling/ampere02-35760925/gradient-compression-middle.csv,0.00021701388888888888,30,0.014672,0.0145895,0.014720500000000001,1.0010564340239914,False,False
gradient-compression,e77ffd0b75f255761df3bc4c0830771bb75243da7d366a0e80be0186efb789d4,2359296,1,512,0.0,0,bits-sq,32,512,16,upload_shared,/home/jirka/research/2024/bits-knn-jpdc2024/data/application-scaling/ampere02-35760925/gradient-compression-middle.csv,0.00021701388888888888,1,0.473117,0.473117,0.473117,1.2344832250796314,False,False
gradient-compression,e77ffd0b75f255761df3bc4c0830771bb75243da7d366a0e80be0186efb789d4,2359296,1,512,0.0,0,bits-sq,128,128,4,download,/home/jirka/research/2024/bits-knn-jpdc2024/data/application-scaling/ampere02-35760925/gradient-compression-middle.csv,0.00021701388888888888,30,0.008338,0.008208,0.008560499999999999,0.9808107459822499,False,False
gradient-compression,e77ffd0b75f255761df3bc4c0830771bb75243da7d366a0e80be0186efb789d4,2359296,1,512,0.0,0,bits-sq,128,128,4,operator,/home/jirka/research/2024/bits-knn-jpdc2024/data/application-scaling/ampere02-35760925/gradient-compression-middle.csv,0.00021701388888888888,30,0.33492750000000004,0.334452,0.3354305,0.18412492255786697,False,False
gradient-compression,e77ffd0b75f255761df3bc4c0830771bb75243da7d366a0e80be0186efb789d4,2359296,1,512,0.0,0,bits-sq,128,128,4,output_isolated,/home/jirka/research/2024/bits-knn-jpdc2024/data/application-scaling/ampere02-35760925/gradient-compression-middle.csv,0.00021701388888888888,30,0.0083925,0.008209750000000002,0.008613,0.9839142091152815,False,False
gradient-compression,e77ffd0b75f255761df3bc4c0830771bb75243da7d366a0e80be0186efb789d4,2359296,1,512,0.0,0,bits-sq,128,128,4,selection_isolated,/home/jirka/research/2024/bits-knn-jpdc2024/data/application-scaling/ampere02-35760925/gradient-compression-middle.csv,0.00021701388888888888,30,0.3179515,0.31745625,0.318628,0.1425657686785563,False,False
gradient-compression,e77ffd0b75f255761df3bc4c0830771bb75243da7d366a0e80be0186efb789d4,2359296,1,512,0.0,0,bits-sq,128,128,4,transform_isolated,/home/jirka/research/2024/bits-knn-jpdc2024/data/application-scaling/ampere02-35760925/gradient-compression-middle.csv,0.00021701388888888888,30,0.014968,0.014812,0.0150855,0.9812600213789416,False,False
gradient-compression,e77ffd0b75f255761df3bc4c0830771bb75243da7d366a0e80be0186efb789d4,2359296,1,512,0.0,0,bits-sq,128,128,4,upload_shared,/home/jirka/research/2024/bits-knn-jpdc2024/data/application-scaling/ampere02-35760925/gradient-compression-middle.csv,0.00021701388888888888,1,0.47857500000000003,0.47857500000000003,0.47857500000000003,1.2204043253408556,False,False
gradient-compression,e77ffd0b75f255761df3bc4c0830771bb75243da7d366a0e80be0186efb789d4,2359296,1,512,0.0,0,bits-sq,128,128,7,download,/home/jirka/research/2024/bits-knn-jpdc2024/data/application-scaling/ampere02-35760925/gradient-compression-middle.csv,0.00021701388888888888,30,0.008398,0.00820775,0.008851250000000001,0.9738032864967849,False,False
gradient-compression,e77ffd0b75f255761df3bc4c0830771bb75243da7d366a0e80be0186efb789d4,2359296,1,512,0.0,0,bits-sq,128,128,7,operator,/home/jirka/research/2024/bits-knn-jpdc2024/data/application-scaling/ampere02-35760925/gradient-compression-middle.csv,0.00021701388888888888,30,0.320055,0.31958424999999996,0.3205985,0.19268094546249862,False,False
gradient-compression,e77ffd0b75f255761df3bc4c0830771bb75243da7d366a0e80be0186efb789d4,2359296,1,512,0.0,0,bits-sq,128,128,7,output_isolated,/home/jirka/research/2024/bits-knn-jpdc2024/data/application-scaling/ampere02-35760925/gradient-compression-middle.csv,0.00021701388888888888,30,0.008308,0.008209750000000002,0.008470249999999999,0.9939215214251326,False,False
gradient-compression,e77ffd0b75f255761df3bc4c0830771bb75243da7d366a0e80be0186efb789d4,2359296,1,512,0.0,0,bits-sq,128,128,7,selection_isolated,/home/jirka/research/2024/bits-knn-jpdc2024/data/application-scaling/ampere02-35760925/gradient-compression-middle.csv,0.00021701388888888888,30,0.302549,0.30237050000000004,0.30286399999999997,0.14982366492700352,False,False
gradient-compression,e77ffd0b75f255761df3bc4c0830771bb75243da7d366a0e80be0186efb789d4,2359296,1,512,0.0,0,bits-sq,128,128,7,transform_isolated,/home/jirka/research/2024/bits-knn-jpdc2024/data/application-scaling/ampere02-35760925/gradient-compression-middle.csv,0.00021701388888888888,30,0.014897500000000001,0.01485225,0.015040499999999998,0.9859036751132739,False,False
gradient-compression,e77ffd0b75f255761df3bc4c0830771bb75243da7d366a0e80be0186efb789d4,2359296,1,512,0.0,0,bits-sq,128,128,7,upload_shared,/home/jirka/research/2024/bits-knn-jpdc2024/data/application-scaling/ampere02-35760925/gradient-compression-middle.csv,0.00021701388888888888,1,0.49035300000000004,0.49035300000000004,0.49035300000000004,1.191090907978538,False,False
gradient-compression,e77ffd0b75f255761df3bc4c0830771bb75243da7d366a0e80be0186efb789d4,2359296,1,512,0.0,0,bits-sq,128,128,8,download,/home/jirka/research/2024/bits-knn-jpdc2024/data/application-scaling/ampere02-35760925/gradient-compression-middle.csv,0.00021701388888888888,30,0.0082325,0.0081345,0.00865275,0.9933798967506832,False,False
gradient-compression,e77ffd0b75f255761df3bc4c0830771bb75243da7d366a0e80be0186efb789d4,2359296,1,512,0.0,0,bits-sq,128,128,8,operator,/home/jirka/research/2024/bits-knn-jpdc2024/data/application-scaling/ampere02-35760925/gradient-compression-middle.csv,0.00021701388888888888,30,0.319594,0.31944324999999996,0.32014575,0.19295887907783,False,False
gradient-compression,e77ffd0b75f255761df3bc4c0830771bb75243da7d366a0e80be0186efb789d4,2359296,1,512,0.0,0,bits-sq,128,128,8,output_isolated,/home/jirka/research/2024/bits-knn-jpdc2024/data/application-scaling/ampere02-35760925/gradient-compression-middle.csv,0.00021701388888888888,30,0.008317999999999999,0.0081845,0.008573,0.9927266169752347,False,False
gradient-compression,e77ffd0b75f255761df3bc4c0830771bb75243da7d366a0e80be0186efb789d4,2359296,1,512,0.0,0,bits-sq,128,128,8,selection_isolated,/home/jirka/research/2024/bits-knn-jpdc2024/data/application-scaling/ampere02-35760925/gradient-compression-middle.csv,0.00021701388888888888,30,0.3023435,0.3019545,0.30292874999999997,0.14992549864640714,False,False
gradient-compression,e77ffd0b75f255761df3bc4c0830771bb75243da7d366a0e80be0186efb789d4,2359296,1,512,0.0,0,bits-sq,128,128,8,transform_isolated,/home/jirka/research/2024/bits-knn-jpdc2024/data/application-scaling/ampere02-35760925/gradient-compression-middle.csv,0.00021701388888888888,30,0.015003,0.014932,0.015130500000000002,0.9789708724921681,False,False
gradient-compression,e77ffd0b75f255761df3bc4c0830771bb75243da7d366a0e80be0186efb789d4,2359296,1,512,0.0,0,bits-sq,128,128,8,upload_shared,/home/jirka/research/2024/bits-knn-jpdc2024/data/application-scaling/ampere02-35760925/gradient-compression-middle.csv,0.00021701388888888888,1,0.469221,0.469221,0.469221,1.2447332919882101,False,False
gradient-compression,e77ffd0b75f255761df3bc4c0830771bb75243da7d366a0e80be0186efb789d4,2359296,1,512,0.0,0,bits-sq,128,128,13,download,/home/jirka/research/2024/bits-knn-jpdc2024/data/application-scaling/ampere02-35760925/gradient-compression-middle.csv,0.00021701388888888888,30,0.008442999999999999,0.00830275,0.0089155,0.9686130522326187,False,False
gradient-compression,e77ffd0b75f255761df3bc4c0830771bb75243da7d366a0e80be0186efb789d4,2359296,1,512,0.0,0,bits-sq,128,128,13,operator,/home/jirka/research/2024/bits-knn-jpdc2024/data/application-scaling/ampere02-35760925/gradient-compression-middle.csv,0.00021701388888888888,30,0.3008355,0.29996225000000004,0.30157700000000004,0.20499076737951472,False,False
gradient-compression,e77ffd0b75f255761df3bc4c0830771bb75243da7d366a0e80be0186efb789d4,2359296,1,512,0.0,0,bits-sq,128,128,13,output_isolated,/home/jirka/research/2024/bits-knn-jpdc2024/data/application-scaling/ampere02-35760925/gradient-compression-middle.csv,0.00021701388888888888,30,0.0083325,0.00822525,0.00847275,0.9909990999099911,False,False
gradient-compression,e77ffd0b75f255761df3bc4c0830771bb75243da7d366a0e80be0186efb789d4,2359296,1,512,0.0,0,bits-sq,128,128,13,selection_isolated,/home/jirka/research/2024/bits-knn-jpdc2024/data/application-scaling/ampere02-35760925/gradient-compression-middle.csv,0.00021701388888888888,30,0.28316450000000004,0.28267050000000005,0.2836925,0.16008009478589297,False,False
gradient-compression,e77ffd0b75f255761df3bc4c0830771bb75243da7d366a0e80be0186efb789d4,2359296,1,512,0.0,0,bits-sq,128,128,13,transform_isolated,/home/jirka/research/2024/bits-knn-jpdc2024/data/application-scaling/ampere02-35760925/gradient-compression-middle.csv,0.00021701388888888888,30,0.014993000000000001,0.014845249999999999,0.015074750000000001,0.9796238244514105,False,False
gradient-compression,e77ffd0b75f255761df3bc4c0830771bb75243da7d366a0e80be0186efb789d4,2359296,1,512,0.0,0,bits-sq,128,128,13,upload_shared,/home/jirka/research/2024/bits-knn-jpdc2024/data/application-scaling/ampere02-35760925/gradient-compression-middle.csv,0.00021701388888888888,1,0.47922600000000004,0.47922600000000004,0.47922600000000004,1.2187464786968987,False,False
gradient-compression,e77ffd0b75f255761df3bc4c0830771bb75243da7d366a0e80be0186efb789d4,2359296,1,512,0.0,0,bits-sq,128,128,16,download,/home/jirka/research/2024/bits-knn-jpdc2024/data/application-scaling/ampere02-35760925/gradient-compression-middle.csv,0.00021701388888888888,30,0.008372999999999998,0.008258,0.0087255,0.9767108563238983,False,False
gradient-compression,e77ffd0b75f255761df3bc4c0830771bb75243da7d366a0e80be0186efb789d4,2359296,1,512,0.0,0,bits-sq,128,128,16,operator,/home/jirka/research/2024/bits-knn-jpdc2024/data/application-scaling/ampere02-35760925/gradient-compression-middle.csv,0.00021701388888888888,30,0.31167199999999995,0.311402,0.311913,0.19786345902102212,False,False
gradient-compression,e77ffd0b75f255761df3bc4c0830771bb75243da7d366a0e80be0186efb789d4,2359296,1,512,0.0,0,bits-sq,128,128,16,output_isolated,/home/jirka/research/2024/bits-knn-jpdc2024/data/application-scaling/ampere02-35760925/gradient-compression-middle.csv,0.00021701388888888888,30,0.0084225,0.008283,0.00881875,0.9804096170970616,False,False
gradient-compression,e77ffd0b75f255761df3bc4c0830771bb75243da7d366a0e80be0186efb789d4,2359296,1,512,0.0,0,bits-sq,128,128,16,selection_isolated,/home/jirka/research/2024/bits-knn-jpdc2024/data/application-scaling/ampere02-35760925/gradient-compression-middle.csv,0.00021701388888888888,30,0.294516,0.29409274999999996,0.2949195,0.15391014410082982,False,False
gradient-compression,e77ffd0b75f255761df3bc4c0830771bb75243da7d366a0e80be0186efb789d4,2359296,1,512,0.0,0,bits-sq,128,128,16,transform_isolated,/home/jirka/research/2024/bits-knn-jpdc2024/data/application-scaling/ampere02-35760925/gradient-compression-middle.csv,0.00021701388888888888,30,0.014998000000000001,0.014903,0.015163000000000001,0.9792972396319508,False,False
gradient-compression,e77ffd0b75f255761df3bc4c0830771bb75243da7d366a0e80be0186efb789d4,2359296,1,512,0.0,0,bits-sq,128,128,16,upload_shared,/home/jirka/research/2024/bits-knn-jpdc2024/data/application-scaling/ampere02-35760925/gradient-compression-middle.csv,0.00021701388888888888,1,0.49238600000000005,0.49238600000000005,0.49238600000000005,1.1861730431003317,False,False
gradient-compression,e77ffd0b75f255761df3bc4c0830771bb75243da7d366a0e80be0186efb789d4,2359296,1,512,0.0,0,bits-sq,128,256,4,download,/home/jirka/research/2024/bits-knn-jpdc2024/data/application-scaling/ampere02-35760925/gradient-compression-middle.csv,0.00021701388888888888,30,0.008362999999999999,0.008258,0.0084805,0.977878751644147,False,False
gradient-compression,e77ffd0b75f255761df3bc4c0830771bb75243da7d366a0e80be0186efb789d4,2359296,1,512,0.0,0,bits-sq,128,256,4,operator,/home/jirka/research/2024/bits-knn-jpdc2024/data/application-scaling/ampere02-35760925/gradient-compression-middle.csv,0.00021701388888888888,30,0.2222065,0.22201600000000002,0.22272275,0.27752788509787063,False,False
gradient-compression,e77ffd0b75f255761df3bc4c0830771bb75243da7d366a0e80be0186efb789d4,2359296,1,512,0.0,0,bits-sq,128,256,4,output_isolated,/home/jirka/research/2024/bits-knn-jpdc2024/data/application-scaling/ampere02-35760925/gradient-compression-middle.csv,0.00021701388888888888,30,0.008272499999999999,0.0081155,0.0083905,0.9981867633726204,False,False
gradient-compression,e77ffd0b75f255761df3bc4c0830771bb75243da7d366a0e80be0186efb789d4,2359296,1,512,0.0,0,bits-sq,128,256,4,selection_isolated,/home/jirka/research/2024/bits-knn-jpdc2024/data/application-scaling/ampere02-35760925/gradient-compression-middle.csv,0.00021701388888888888,30,0.205446,0.205256,0.20573950000000002,0.22063705304556913,False,False
gradient-compression,e77ffd0b75f255761df3bc4c0830771bb75243da7d366a0e80be0186efb789d4,2359296,1,512,0.0,0,bits-sq,128,256,4,transform_isolated,/home/jirka/research/2024/bits-knn-jpdc2024/data/application-scaling/ampere02-35760925/gradient-compression-middle.csv,0.00021701388888888888,30,0.014602500000000001,0.014502,0.01468975,1.0058209210751583,False,False
gradient-compression,e77ffd0b75f255761df3bc4c0830771bb75243da7d366a0e80be0186efb789d4,2359296,1,512,0.0,0,bits-sq,128,256,4,upload_shared,/home/jirka/research/2024/bits-knn-jpdc2024/data/application-scaling/ampere02-35760925/gradient-compression-middle.csv,0.00021701388888888888,1,0.483021,0.483021,0.483021,1.2091710298310012,False,False
gradient-compression,e77ffd0b75f255761df3bc4c0830771bb75243da7d366a0e80be0186efb789d4,2359296,1,512,0.0,0,bits-sq,128,256,7,download,/home/jirka/research/2024/bits-knn-jpdc2024/data/application-scaling/ampere02-35760925/gradient-compression-middle.csv,0.00021701388888888888,30,0.008353,0.008228000000000001,0.00872325,0.9790494433137795,False,False
gradient-compression,e77ffd0b75f255761df3bc4c0830771bb75243da7d366a0e80be0186efb789d4,2359296,1,512,0.0,0,bits-sq,128,256,7,operator,/home/jirka/research/2024/bits-knn-jpdc2024/data/application-scaling/ampere02-35760925/gradient-compression-middle.csv,0.00021701388888888888,30,0.2224065,0.22215350000000003,0.22267725,0.27727831695566446,False,False
gradient-compression,e77ffd0b75f255761df3bc4c0830771bb75243da7d366a0e80be0186efb789d4,2359296,1,512,0.0,0,bits-sq,128,256,7,output_isolated,/home/jirka/research/2024/bits-knn-jpdc2024/data/application-scaling/ampere02-35760925/gradient-compression-middle.csv,0.00021701388888888888,30,0.008367999999999999,0.00821475,0.008583,0.9867949330783942,False,False
gradient-compression,e77ffd0b75f255761df3bc4c0830771bb75243da7d366a0e80be0186efb789d4,2359296,1,512,0.0,0,bits-sq,128,256,7,selection_isolated,/home/jirka/research/2024/bits-knn-jpdc2024/data/application-scaling/ampere02-35760925/gradient-compression-middle.csv,0.00021701388888888888,30,0.205306,0.20496774999999995,0.205662,0.22078750742793682,False,False
gradient-compression,e77ffd0b75f255761df3bc4c0830771bb75243da7d366a0e80be0186efb789d4,2359296,1,512,0.0,0,bits-sq,128,256,7,transform_isolated,/home/jirka/research/2024/bits-knn-jpdc2024/data/application-scaling/ampere02-35760925/gradient-compression-middle.csv,0.00021701388888888888,30,0.0146325,0.014564500000000001,0.01479275,1.0037587561934052,False,False
gradient-compression,e77ffd0b75f255761df3bc4c0830771bb75243da7d366a0e80be0186efb789d4,2359296,1,512,0.0,0,bits-sq,128,256,7,upload_shared,/home/jirka/research/2024/bits-knn-jpdc2024/data/application-scaling/ampere02-35760925/gradient-compression-middle.csv,0.00021701388888888888,1,0.488119,0.488119,0.488119,1.1965422366267242,False,False
gradient-compression,e77ffd0b75f255761df3bc4c0830771bb75243da7d366a0e80be0186efb789d4,2359296,1,512,0.0,0,bits-sq,128,256,8,download,/home/jirka/research/2024/bits-knn-jpdc2024/data/application-scaling/ampere02-35760925/gradient-compression-middle.csv,0.00021701388888888888,30,0.008357999999999999,0.00821225,0.00894125,0.9784637473079685,False,False
gradient-compression,e77ffd0b75f255761df3bc4c0830771bb75243da7d366a0e80be0186efb789d4,2359296,1,512,0.0,0,bits-sq,128,256,8,operator,/home/jirka/research/2024/bits-knn-jpdc2024/data/application-scaling/ampere02-35760925/gradient-compression-middle.csv,0.00021701388888888888,30,0.221225,0.22075250000000002,0.22188349999999998,0.27875918182845516,False,False
gradient-compression,e77ffd0b75f255761df3bc4c0830771bb75243da7d366a0e80be0186efb789d4,2359296,1,512,0.0,0,bits-sq,128,256,8,output_isolated,/home/jirka/research/2024/bits-knn-jpdc2024/data/application-scaling/ampere02-35760925/gradient-compression-middle.csv,0.00021701388888888888,30,0.0083175,0.008172249999999999,0.008503,0.9927862939585212,False,False
gradient-compression,e77ffd0b75f255761df3bc4c0830771bb75243da7d366a0e80be0186efb789d4,2359296,1,512,0.0,0,bits-sq,128,256,8,selection_isolated,/home/jirka/research/2024/bits-knn-jpdc2024/data/application-scaling/ampere02-35760925/gradient-compression-middle.csv,0.00021701388888888888,30,0.204094,0.20367825,0.2046225,0.22209864082236613,False,False
gradient-compression,e77ffd0b75f255761df3bc4c0830771bb75243da7d366a0e80be0186efb789d4,2359296,1,512,0.0,0,bits-sq,128,256,8,transform_isolated,/home/jirka/research/2024/bits-knn-jpdc2024/data/application-scaling/ampere02-35760925/gradient-compression-middle.csv,0.00021701388888888888,30,0.014637500000000001,0.014582,0.01477525,1.0034158838599487,False,False
gradient-compression,e77ffd0b75f255761df3bc4c0830771bb75243da7d366a0e80be0186efb789d4,2359296,1,512,0.0,0,bits-sq,128,256,8,upload_shared,/home/jirka/research/2024/bits-knn-jpdc2024/data/application-scaling/ampere02-35760925/gradient-compression-middle.csv,0.00021701388888888888,1,0.48152,0.48152,0.48152,1.21294027247051,False,False
gradient-compression,e77ffd0b75f255761df3bc4c0830771bb75243da7d366a0e80be0186efb789d4,2359296,1,512,0.0,0,bits-sq,128,256,13,download,/home/jirka/research/2024/bits-knn-jpdc2024/data/application-scaling/ampere02-35760925/gradient-compression-middle.csv,0.00021701388888888888,30,0.008382500000000001,0.008272,0.008783000000000001,0.9756039367730389,False,False
gradient-compression,e77ffd0b75f255761df3bc4c0830771bb75243da7d366a0e80be0186efb789d4,2359296,1,512,0.0,0,bits-sq,128,256,13,operator,/home/jirka/research/2024/bits-knn-jpdc2024/data/application-scaling/ampere02-35760925/gradient-compression-middle.csv,0.00021701388888888888,30,0.24062,0.23704725000000001,0.241421,0.2562900008311861,False,False
gradient-compression,e77ffd0b75f255761df3bc4c0830771bb75243da7d366a0e80be0186efb789d4,2359296,1,512,0.0,0,bits-sq,128,256,13,output_isolated,/home/jirka/research/2024/bits-knn-jpdc2024/data/application-scaling/ampere02-35760925/gradient-compression-middle.csv,0.00021701388888888888,30,0.008552999999999998,0.00844025,0.0087305,0.9654507190459491,False,False
gradient-compression,e77ffd0b75f255761df3bc4c0830771bb75243da7d366a0e80be0186efb789d4,2359296,1,512,0.0,0,bits-sq,128,256,13,selection_isolated,/home/jirka/research/2024/bits-knn-jpdc2024/data/application-scaling/ampere02-35760925/gradient-compression-middle.csv,0.00021701388888888888,30,0.223544,0.2201415,0.22437,0.20277439788140142,False,False
gradient-compression,e77ffd0b75f255761df3bc4c0830771bb75243da7d366a0e80be0186efb789d4,2359296,1,512,0.0,0,bits-sq,128,256,13,transform_isolated,/home/jirka/research/2024/bits-knn-jpdc2024/data/application-scaling/ampere02-35760925/gradient-compression-middle.csv,0.00021701388888888888,30,0.014667,0.0145945,0.01480975,1.0013976955069204,False,False
gradient-compression,e77ffd0b75f255761df3bc4c0830771bb75243da7d366a0e80be0186efb789d4,2359296,1,512,0.0,0,bits-sq,128,256,13,upload_shared,/home/jirka/research/2024/bits-knn-jpdc2024/data/application-scaling/ampere02-35760925/gradient-compression-middle.csv,0.00021701388888888888,1,0.486968,0.486968,0.486968,1.1993703898408108,False,False
gradient-compression,e77ffd0b75f255761df3bc4c0830771bb75243da7d366a0e80be0186efb789d4,2359296,1,512,0.0,0,bits-sq,128,256,16,download,/home/jirka/research/2024/bits-knn-jpdc2024/data/application-scaling/ampere02-35760925/gradient-compression-middle.csv,0.00021701388888888888,30,0.008331999999999999,0.008182,0.008448,0.9815170427268364,False,False
gradient-compression,e77ffd0b75f255761df3bc4c0830771bb75243da7d366a0e80be0186efb789d4,2359296,1,512,0.0,0,bits-sq,128,256,16,operator,/home/jirka/research/2024/bits-knn-jpdc2024/data/application-scaling/ampere02-35760925/gradient-compression-middle.csv,0.00021701388888888888,30,0.279513,0.27898475,0.2801725,0.22062837864428486,False,False
gradient-compression,e77ffd0b75f255761df3bc4c0830771bb75243da7d366a0e80be0186efb789d4,2359296,1,512,0.0,0,bits-sq,128,256,16,output_isolated,/home/jirka/research/2024/bits-knn-jpdc2024/data/application-scaling/ampere02-35760925/gradient-compression-middle.csv,0.00021701388888888888,30,0.008428000000000001,0.008292,0.008557249999999999,0.9797698149027052,False,False
gradient-compression,e77ffd0b75f255761df3bc4c0830771bb75243da7d366a0e80be0186efb789d4,2359296,1,512,0.0,0,bits-sq,128,256,16,selection_isolated,/home/jirka/research/2024/bits-knn-jpdc2024/data/application-scaling/ampere02-35760925/gradient-compression-middle.csv,0.00021701388888888888,30,0.26208699999999996,0.261822,0.2625155,0.1729540190852656,False,False
gradient-compression,e77ffd0b75f255761df3bc4c0830771bb75243da7d366a0e80be0186efb789d4,2359296,1,512,0.0,0,bits-sq,128,256,16,transform_isolated,/home/jirka/research/2024/bits-knn-jpdc2024/data/application-scaling/ampere02-35760925/gradient-compression-middle.csv,0.00021701388888888888,30,0.014973,0.0148755,0.015105500000000001,0.9809323448874641,False,False
gradient-compression,e77ffd0b75f255761df3bc4c0830771bb75243da7d366a0e80be0186efb789d4,2359296,1,512,0.0,0,bits-sq,128,256,16,upload_shared,/home/jirka/research/2024/bits-knn-jpdc2024/data/application-scaling/ampere02-35760925/gradient-compression-middle.csv,0.00021701388888888888,1,0.481089,0.481089,0.481089,1.2140269264107058,False,False
gradient-compression,e77ffd0b75f255761df3bc4c0830771bb75243da7d366a0e80be0186efb789d4,2359296,1,512,0.0,0,bits-sq,128,512,4,download,/home/jirka/research/2024/bits-knn-jpdc2024/data/application-scaling/ampere02-35760925/gradient-compression-middle.csv,0.00021701388888888888,30,0.0083175,0.008154749999999999,0.00891875,0.9832281334535616,False,False
gradient-compression,e77ffd0b75f255761df3bc4c0830771bb75243da7d366a0e80be0186efb789d4,2359296,1,512,0.0,0,bits-sq,128,512,4,operator,/home/jirka/research/2024/bits-knn-jpdc2024/data/application-scaling/ampere02-35760925/gradient-compression-middle.csv,0.00021701388888888888,30,0.214505,0.21393175,0.21498774999999998,0.28749213305051163,False,False
gradient-compression,e77ffd0b75f255761df3bc4c0830771bb75243da7d366a0e80be0186efb789d4,2359296,1,512,0.0,0,bits-sq,128,512,4,output_isolated,/home/jirka/research/2024/bits-knn-jpdc2024/data/application-scaling/ampere02-35760925/gradient-compression-middle.csv,0.00021701388888888888,30,0.0083675,0.008242,0.008545500000000001,0.9868538990140425,False,False
gradient-compression,e77ffd0b75f255761df3bc4c0830771bb75243da7d366a0e80be0186efb789d4,2359296,1,512,0.0,0,bits-sq,128,512,4,selection_isolated,/home/jirka/research/2024/bits-knn-jpdc2024/data/application-scaling/ampere02-35760925/gradient-compression-middle.csv,0.00021701388888888888,30,0.19737899999999997,0.1969505,0.1975165,0.22965462384549523,False,False
gradient-compression,e77ffd0b75f255761df3bc4c0830771bb75243da7d366a0e80be0186efb789d4,2359296,1,512,0.0,0,bits-sq,128,512,4,transform_isolated,/home/jirka/research/2024/bits-knn-jpdc2024/data/application-scaling/ampere02-35760925/gradient-compression-middle.csv,0.00021701388888888888,30,0.014732499999999999,0.014592,0.01484275,0.9969455285932463,False,False
gradient-compression,e77ffd0b75f255761df3bc4c0830771bb75243da7d366a0e80be0186efb789d4,2359296,1,512,0.0,0,bits-sq,128,512,4,upload_shared,/home/jirka/research/2024/bits-knn-jpdc2024/data/application-scaling/ampere02-35760925/gradient-compression-middle.csv,0.00021701388888888888,1,0.49025299999999994,0.49025299999999994,0.49025299999999994,1.1913338623119085,False,False
gradient-compression,e77ffd0b75f255761df3bc4c0830771bb75243da7d366a0e80be0186efb789d4,2359296,1,512,0.0,0,bits-sq,128,512,7,download,/home/jirka/research/2024/bits-knn-jpdc2024/data/application-scaling/ampere02-35760925/gradient-compression-middle.csv,0.00021701388888888888,30,0.008233,0.008142,0.00832725,0.9933195675938296,False,False
gradient-compression,e77ffd0b75f255761df3bc4c0830771bb75243da7d366a0e80be0186efb789d4,2359296,1,512,0.0,0,bits-sq,128,512,7,operator,/home/jirka/research/2024/bits-knn-jpdc2024/data/application-scaling/ampere02-35760925/gradient-compression-middle.csv,0.00021701388888888888,30,0.264626,0.2645135,0.26506874999999996,0.23304021524717905,False,False
gradient-compression,e77ffd0b75f255761df3bc4c0830771bb75243da7d366a0e80be0186efb789d4,2359296,1,512,0.0,0,bits-sq,128,512,7,output_isolated,/home/jirka/research/2024/bits-knn-jpdc2024/data/application-scaling/ampere02-35760925/gradient-compression-middle.csv,0.00021701388888888888,30,0.008277,0.00819525,0.0084305,0.9976440739398335,False,False
gradient-compression,e77ffd0b75f255761df3bc4c0830771bb75243da7d366a0e80be0186efb789d4,2359296,1,512,0.0,0,bits-sq,128,512,7,selection_isolated,/home/jirka/research/2024/bits-knn-jpdc2024/data/application-scaling/ampere02-35760925/gradient-compression-middle.csv,0.00021701388888888888,30,0.24758499999999997,0.24738749999999998,0.24789825,0.18308459720903933,False,False
gradient-compression,e77ffd0b75f255761df3bc4c0830771bb75243da7d366a0e80be0186efb789d4,2359296,1,512,0.0,0,bits-sq,128,512,7,transform_isolated,/home/jirka/research/2024/bits-knn-jpdc2024/data/application-scaling/ampere02-35760925/gradient-compression-middle.csv,0.00021701388888888888,30,0.014652499999999999,0.014532000000000002,0.0147395,1.0023886708752774,False,False
gradient-compression,e77ffd0b75f255761df3bc4c0830771bb75243da7d366a0e80be0186efb789d4,2359296,1,512,0.0,0,bits-sq,128,512,7,upload_shared,/home/jirka/research/2024/bits-knn-jpdc2024/data/application-scaling/ampere02-35760925/gradient-compression-middle.csv,0.00021701388888888888,1,0.476802,0.476802,0.476802,1.2249424289327646,False,False
gradient-compression,e77ffd0b75f255761df3bc4c0830771bb75243da7d366a0e80be0186efb789d4,2359296,1,512,0.0,0,bits-sq,128,512,8,download,/home/jirka/research/2024/bits-knn-jpdc2024/data/application-scaling/ampere02-35760925/gradient-compression-middle.csv,0.00021701388888888888,30,0.0082525,0.008182000000000002,0.008919,0.990972432596183,False,False
gradient-compression,e77ffd0b75f255761df3bc4c0830771bb75243da7d366a0e80be0186efb789d4,2359296,1,512,0.0,0,bits-sq,128,512,8,operator,/home/jirka/research/2024/bits-knn-jpdc2024/data/application-scaling/ampere02-35760925/gradient-compression-middle.csv,0.00021701388888888888,30,0.25660900000000003,0.2562355,0.25735175,0.24032087728801402,False,False
gradient-compression,e77ffd0b75f255761df3bc4c0830771bb75243da7d366a0e80be0186efb789d4,2359296,1,512,0.0,0,bits-sq,128,512,8,output_isolated,/home/jirka/research/2024/bits-knn-jpdc2024/data/application-scaling/ampere02-35760925/gradient-compression-middle.csv,0.00021701388888888888,30,0.008403,0.008303,0.008632999999999998,0.9826847554444842,False,False
gradient-compression,e77ffd0b75f255761df3bc4c0830771bb75243da7d366a0e80be0186efb789d4,2359296,1,512,0.0,0,bits-sq,128,512,8,selection_isolated,/home/jirka/research/2024/bits-knn-jpdc2024/data/application-scaling/ampere02-35760925/gradient-compression-middle.csv,0.00021701388888888888,30,0.239603,0.2392845,0.2398315,0.18918377482752716,False,False
gradient-compression,e77ffd0b75f255761df3bc4c0830771bb75243da7d366a0e80be0186efb789d4,2359296,1,512,0.0,0,bits-sq,128,512,8,transform_isolated,/home/jirka/research/2024/bits-knn-jpdc2024/data/application-scaling/ampere02-35760925/gradient-compression-middle.csv,0.00021701388888888888,30,0.014777499999999999,0.0146945,0.0148795,0.9939096599560142,False,False
gradient-compression,e77ffd0b75f255761df3bc4c0830771bb75243da7d366a0e80be0186efb789d4,2359296,1,512,0.0,0,bits-sq,128,512,8,upload_shared,/home/jirka/research/2024/bits-knn-jpdc2024/data/application-scaling/ampere02-35760925/gradient-compression-middle.csv,0.00021701388888888888,1,0.487118,0.487118,0.487118,1.1990010633973698,False,False
gradient-compression,e77ffd0b75f255761df3bc4c0830771bb75243da7d366a0e80be0186efb789d4,2359296,1,512,0.0,0,bits-sq,128,512,13,download,/home/jirka/research/2024/bits-knn-jpdc2024/data/application-scaling/ampere02-35760925/gradient-compression-middle.csv,0.00021701388888888888,30,0.0083325,0.008123,0.008633,0.9814581458145815,False,False
gradient-compression,e77ffd0b75f255761df3bc4c0830771bb75243da7d366a0e80be0186efb789d4,2359296,1,512,0.0,0,bits-sq,128,512,13,operator,/home/jirka/research/2024/bits-knn-jpdc2024/data/application-scaling/ampere02-35760925/gradient-compression-middle.csv,0.00021701388888888888,30,0.347056,0.34654500000000005,0.34760675,0.17769034392144206,False,False
gradient-compression,e77ffd0b75f255761df3bc4c0830771bb75243da7d366a0e80be0186efb789d4,2359296,1,512,0.0,0,bits-sq,128,512,13,output_isolated,/home/jirka/research/2024/bits-knn-jpdc2024/data/application-scaling/ampere02-35760925/gradient-compression-middle.csv,0.00021701388888888888,30,0.008303,0.008252,0.008548,0.9945200529928943,False,False
gradient-compression,e77ffd0b75f255761df3bc4c0830771bb75243da7d366a0e80be0186efb789d4,2359296,1,512,0.0,0,bits-sq,128,512,13,selection_isolated,/home/jirka/research/2024/bits-knn-jpdc2024/data/application-scaling/ampere02-35760925/gradient-compression-middle.csv,0.00021701388888888888,30,0.329905,0.3297224999999999,0.33016,0.13740016065230898,False,False
gradient-compression,e77ffd0b75f255761df3bc4c0830771bb75243da7d366a0e80be0186efb789d4,2359296,1,512,0.0,0,bits-sq,128,512,13,transform_isolated,/home/jirka/research/2024/bits-knn-jpdc2024/data/application-scaling/ampere02-35760925/gradient-compression-middle.csv,0.00021701388888888888,30,0.0146425,0.0145145,0.0147405,1.0030732456889193,False,False
gradient-compression,e77ffd0b75f255761df3bc4c0830771bb75243da7d366a0e80be0186efb789d4,2359296,1,512,0.0,0,bits-sq,128,512,13,upload_shared,/home/jirka/research/2024/bits-knn-jpdc2024/data/application-scaling/ampere02-35760925/gradient-compression-middle.csv,0.00021701388888888888,1,0.46857000000000004,0.46857000000000004,0.46857000000000004,1.2464626416543951,False,False
gradient-compression,e77ffd0b75f255761df3bc4c0830771bb75243da7d366a0e80be0186efb789d4,2359296,1,512,0.0,0,bits-sq,128,512,16,download,/home/jirka/research/2024/bits-knn-jpdc2024/data/application-scaling/ampere02-35760925/gradient-compression-middle.csv,0.00021701388888888888,30,0.008306999999999998,0.00817275,0.008670500000000001,0.9844709281329,False,False
gradient-compression,e77ffd0b75f255761df3bc4c0830771bb75243da7d366a0e80be0186efb789d4,2359296,1,512,0.0,0,bits-sq,128,512,16,operator,/home/jirka/research/2024/bits-knn-jpdc2024/data/application-scaling/ampere02-35760925/gradient-compression-middle.csv,0.00021701388888888888,30,0.391103,0.39078799999999997,0.39144049999999997,0.15767841208070507,False,False
gradient-compression,e77ffd0b75f255761df3bc4c0830771bb75243da7d366a0e80be0186efb789d4,2359296,1,512,0.0,0,bits-sq,128,512,16,output_isolated,/home/jirka/research/2024/bits-knn-jpdc2024/data/application-scaling/ampere02-35760925/gradient-compression-middle.csv,0.00021701388888888888,30,0.008397499999999999,0.008294499999999998,0.008708,0.9833283715391489,False,False
gradient-compression,e77ffd0b75f255761df3bc4c0830771bb75243da7d366a0e80be0186efb789d4,2359296,1,512,0.0,0,bits-sq,128,512,16,selection_isolated,/home/jirka/research/2024/bits-knn-jpdc2024/data/application-scaling/ampere02-35760925/gradient-compression-middle.csv,0.00021701388888888888,30,0.373796,0.37362100000000004,0.37396374999999993,0.12126668022129716,False,False
gradient-compression,e77ffd0b75f255761df3bc4c0830771bb75243da7d366a0e80be0186efb789d4,2359296,1,512,0.0,0,bits-sq,128,512,16,transform_isolated,/home/jirka/research/2024/bits-knn-jpdc2024/data/application-scaling/ampere02-35760925/gradient-compression-middle.csv,0.00021701388888888888,30,0.014612,0.014532000000000002,0.0148045,1.0051669860388721,False,False
gradient-compression,e77ffd0b75f255761df3bc4c0830771bb75243da7d366a0e80be0186efb789d4,2359296,1,512,0.0,0,bits-sq,128,512,16,upload_shared,/home/jirka/research/2024/bits-knn-jpdc2024/data/application-scaling/ampere02-35760925/gradient-compression-middle.csv,0.00021701388888888888,1,0.48412299999999997,0.48412299999999997,0.48412299999999997,1.2064186167564854,False,False
gradient-compression,e77ffd0b75f255761df3bc4c0830771bb75243da7d366a0e80be0186efb789d4,2359296,1,512,0.0,0,bits-sq,512,128,4,download,/home/jirka/research/2024/bits-knn-jpdc2024/data/application-scaling/ampere02-35760925/gradient-compression-middle.csv,0.00021701388888888888,30,0.008388,0.00816025,0.00892575,0.974964234620887,False,False
gradient-compression,e77ffd0b75f255761df3bc4c0830771bb75243da7d366a0e80be0186efb789d4,2359296,1,512,0.0,0,bits-sq,512,128,4,operator,/home/jirka/research/2024/bits-knn-jpdc2024/data/application-scaling/ampere02-35760925/gradient-compression-middle.csv,0.00021701388888888888,30,0.8161719999999999,0.81540025,0.8176337499999999,0.07555821567022637,False,False
gradient-compression,e77ffd0b75f255761df3bc4c0830771bb75243da7d366a0e80be0186efb789d4,2359296,1,512,0.0,0,bits-sq,512,128,4,output_isolated,/home/jirka/research/2024/bits-knn-jpdc2024/data/application-scaling/ampere02-35760925/gradient-compression-middle.csv,0.00021701388888888888,30,0.0089685,0.0086155,0.009179000000000001,0.9207225288509785,False,False
gradient-compression,e77ffd0b75f255761df3bc4c0830771bb75243da7d366a0e80be0186efb789d4,2359296,1,512,0.0,0,bits-sq,512,128,4,selection_isolated,/home/jirka/research/2024/bits-knn-jpdc2024/data/application-scaling/ampere02-35760925/gradient-compression-middle.csv,0.00021701388888888888,30,0.7985450000000001,0.7976715000000001,0.79960675,0.05676449041694581,False,False
gradient-compression,e77ffd0b75f255761df3bc4c0830771bb75243da7d366a0e80be0186efb789d4,2359296,1,512,0.0,0,bits-sq,512,128,4,transform_isolated,/home/jirka/research/2024/bits-knn-jpdc2024/data/application-scaling/ampere02-35760925/gradient-compression-middle.csv,0.00021701388888888888,30,0.0151175,0.015023,0.01525375,0.9715561435422523,False,False
gradient-compression,e77ffd0b75f255761df3bc4c0830771bb75243da7d366a0e80be0186efb789d4,2359296,1,512,0.0,0,bits-sq,512,128,4,upload_shared,/home/jirka/research/2024/bits-knn-jpdc2024/data/application-scaling/ampere02-35760925/gradient-compression-middle.csv,0.00021701388888888888,1,0.48801900000000004,0.48801900000000004,0.48801900000000004,1.1967874201619197,False,False
gradient-compression,e77ffd0b75f255761df3bc4c0830771bb75243da7d366a0e80be0186efb789d4,2359296,1,512,0.0,0,bits-sq,512,128,7,download,/home/jirka/research/2024/bits-knn-jpdc2024/data/application-scaling/ampere02-35760925/gradient-compression-middle.csv,0.00021701388888888888,30,0.0085675,0.00831475,0.009312250000000001,0.9545374963524947,False,False
gradient-compression,e77ffd0b75f255761df3bc4c0830771bb75243da7d366a0e80be0186efb789d4,2359296,1,512,0.0,0,bits-sq,512,128,7,operator,/home/jirka/research/2024/bits-knn-jpdc2024/data/application-scaling/ampere02-35760925/gradient-compression-middle.csv,0.00021701388888888888,30,0.7812285000000001,0.77972375,0.78386025,0.07893785236969719,False,False
gradient-compression,e77ffd0b75f255761df3bc4c0830771bb75243da7d366a0e80be0186efb789d4,2359296,1,512,0.0,0,bits-sq,512,128,7,output_isolated,/home/jirka/research/2024/bits-knn-jpdc2024/data/application-scaling/ampere02-35760925/gradient-compression-middle.csv,0.00021701388888888888,30,0.0087535,0.008580250000000001,0.0092415,0.9433369509339121,False,False
gradient-compression,e77ffd0b75f255761df3bc4c0830771bb75243da7d366a0e80be0186efb789d4,2359296,1,512,0.0,0,bits-sq,512,128,7,selection_isolated,/home/jirka/research/2024/bits-knn-jpdc2024/data/application-scaling/ampere02-35760925/gradient-compression-middle.csv,0.00021701388888888888,30,0.764193,0.762313,0.7665235,0.059316167512657135,False,False
gradient-compression,e77ffd0b75f255761df3bc4c0830771bb75243da7d366a0e80be0186efb789d4,2359296,1,512,0.0,0,bits-sq,512,128,7,transform_isolated,/home/jirka/research/2024/bits-knn-jpdc2024/data/application-scaling/ampere02-35760925/gradient-compression-middle.csv,0.00021701388888888888,30,0.015153,0.0150745,0.015293000000000001,0.9692800105589652,False,False
gradient-compression,e77ffd0b75f255761df3bc4c0830771bb75243da7d366a0e80be0186efb789d4,2359296,1,512,0.0,0,bits-sq,512,128,7,upload_shared,/home/jirka/research/2024/bits-knn-jpdc2024/data/application-scaling/ampere02-35760925/gradient-compression-middle.csv,0.00021701388888888888,1,0.476802,0.476802,0.476802,1.2249424289327646,False,False
gradient-compression,e77ffd0b75f255761df3bc4c0830771bb75243da7d366a0e80be0186efb789d4,2359296,1,512,0.0,0,bits-sq,512,128,8,download,/home/jirka/research/2024/bits-knn-jpdc2024/data/application-scaling/ampere02-35760925/gradient-compression-middle.csv,0.00021701388888888888,30,0.009049,0.008334749999999998,0.009234,0.9037462703061111,False,False
gradient-compression,e77ffd0b75f255761df3bc4c0830771bb75243da7d366a0e80be0186efb789d4,2359296,1,512,0.0,0,bits-sq,512,128,8,operator,/home/jirka/research/2024/bits-knn-jpdc2024/data/application-scaling/ampere02-35760925/gradient-compression-middle.csv,0.00021701388888888888,30,0.736516,0.733939,0.7378705,0.08373002080063434,False,False
gradient-compression,e77ffd0b75f255761df3bc4c0830771bb75243da7d366a0e80be0186efb789d4,2359296,1,512,0.0,0,bits-sq,512,128,8,output_isolated,/home/jirka/research/2024/bits-knn-jpdc2024/data/application-scaling/ampere02-35760925/gradient-compression-middle.csv,0.00021701388888888888,30,0.0088985,0.008590500000000001,0.00916825,0.927965387424847,False,False
gradient-compression,e77ffd0b75f255761df3bc4c0830771bb75243da7d366a0e80be0186efb789d4,2359296,1,512,0.0,0,bits-sq,512,128,8,selection_isolated,/home/jirka/research/2024/bits-knn-jpdc2024/data/application-scaling/ampere02-35760925/gradient-compression-middle.csv,0.00021701388888888888,30,0.7183885,0.7151915000000001,0.71983325,0.06309817041893069,False,False
gradient-compression,e77ffd0b75f255761df3bc4c0830771bb75243da7d366a0e80be0186efb789d4,2359296,1,512,0.0,0,bits-sq,512,128,8,transform_isolated,/home/jirka/research/2024/bits-knn-jpdc2024/data/application-scaling/ampere02-35760925/gradient-compression-middle.csv,0.00021701388888888888,30,0.015538499999999998,0.015455749999999999,0.01571625,0.9452328088296812,False,False
gradient-compression,e77ffd0b75f255761df3bc4c0830771bb75243da7d366a0e80be0186efb789d4,2359296,1,512,0.0,0,bits-sq,512,128,8,upload_shared,/home/jirka/research/2024/bits-knn-jpdc2024/data/application-scaling/ampere02-35760925/gradient-compression-middle.csv,0.00021701388888888888,1,0.48017699999999996,0.48017699999999996,0.48017699999999996,1.2163327273068056,False,False
gradient-compression,e77ffd0b75f255761df3bc4c0830771bb75243da7d366a0e80be0186efb789d4,2359296,1,512,0.0,0,bits-sq,512,128,13,download,/home/jirka/research/2024/bits-knn-jpdc2024/data/application-scaling/ampere02-35760925/gradient-compression-middle.csv,0.00021701388888888888,30,0.008633,0.00826225,0.0089565,0.9472952623653422,False,False
gradient-compression,e77ffd0b75f255761df3bc4c0830771bb75243da7d366a0e80be0186efb789d4,2359296,1,512,0.0,0,bits-sq,512,128,13,operator,/home/jirka/research/2024/bits-knn-jpdc2024/data/application-scaling/ampere02-35760925/gradient-compression-middle.csv,0.00021701388888888888,30,0.7240065,0.72257175,0.7262875,0.08517672147971046,False,False
gradient-compression,e77ffd0b75f255761df3bc4c0830771bb75243da7d366a0e80be0186efb789d4,2359296,1,512,0.0,0,bits-sq,512,128,13,output_isolated,/home/jirka/research/2024/bits-knn-jpdc2024/data/application-scaling/ampere02-35760925/gradient-compression-middle.csv,0.00021701388888888888,30,0.0086185,0.0083955,0.00894625,0.9581133607936417,False,False
gradient-compression,e77ffd0b75f255761df3bc4c0830771bb75243da7d366a0e80be0186efb789d4,2359296,1,512,0.0,0,bits-sq,512,128,13,selection_isolated,/home/jirka/research/2024/bits-knn-jpdc2024/data/application-scaling/ampere02-35760925/gradient-compression-middle.csv,0.00021701388888888888,30,0.7061999999999999,0.7044170000000001,0.7082312500000001,0.06418719909374115,False,False
gradient-compression,e77ffd0b75f255761df3bc4c0830771bb75243da7d366a0e80be0186efb789d4,2359296,1,512,0.0,0,bits-sq,512,128,13,transform_isolated,/home/jirka/research/2024/bits-knn-jpdc2024/data/application-scaling/ampere02-35760925/gradient-compression-middle.csv,0.00021701388888888888,30,0.015143,0.015058000000000002,0.0152105,0.9699200950934425,False,False
gradient-compression,e77ffd0b75f255761df3bc4c0830771bb75243da7d366a0e80be0186efb789d4,2359296,1,512,0.0,0,bits-sq,512,128,13,upload_shared,/home/jirka/research/2024/bits-knn-jpdc2024/data/application-scaling/ampere02-35760925/gradient-compression-middle.csv,0.00021701388888888888,1,0.47266600000000003,0.47266600000000003,0.47266600000000003,1.2356611222300735,False,False
gradient-compression,e77ffd0b75f255761df3bc4c0830771bb75243da7d366a0e80be0186efb789d4,2359296,1,512,0.0,0,bits-sq,512,128,16,download,/home/jirka/research/2024/bits-knn-jpdc2024/data/application-scaling/ampere02-35760925/gradient-compression-middle.csv,0.00021701388888888888,30,0.0083275,0.008195499999999998,0.008628,0.9820474332032423,False,False
gradient-compression,e77ffd0b75f255761df3bc4c0830771bb75243da7d366a0e80be0186efb789d4,2359296,1,512,0.0,0,bits-sq,512,128,16,operator,/home/jirka/research/2024/bits-knn-jpdc2024/data/application-scaling/ampere02-35760925/gradient-compression-middle.csv,0.00021701388888888888,30,0.7163505,0.71585675,0.7177745,0.08608704816985539,False,False
gradient-compression,e77ffd0b75f255761df3bc4c0830771bb75243da7d366a0e80be0186efb789d4,2359296,1,512,0.0,0,bits-sq,512,128,16,output_isolated,/home/jirka/research/2024/bits-knn-jpdc2024/data/application-scaling/ampere02-35760925/gradient-compression-middle.csv,0.00021701388888888888,30,0.008648,0.00838525,0.009001249999999999,0.9548450508788161,False,False
gradient-compression,e77ffd0b75f255761df3bc4c0830771bb75243da7d366a0e80be0186efb789d4,2359296,1,512,0.0,0,bits-sq,512,128,16,selection_isolated,/home/jirka/research/2024/bits-knn-jpdc2024/data/application-scaling/ampere02-35760925/gradient-compression-middle.csv,0.00021701388888888888,30,0.6988935000000001,0.69789225,0.6996025,0.06485823662689665,False,False
gradient-compression,e77ffd0b75f255761df3bc4c0830771bb75243da7d366a0e80be0186efb789d4,2359296,1,512,0.0,0,bits-sq,512,128,16,transform_isolated,/home/jirka/research/2024/bits-knn-jpdc2024/data/application-scaling/ampere02-35760925/gradient-compression-middle.csv,0.00021701388888888888,30,0.015183,0.015063,0.015317999999999998,0.9673648159125336,False,False
gradient-compression,e77ffd0b75f255761df3bc4c0830771bb75243da7d366a0e80be0186efb789d4,2359296,1,512,0.0,0,bits-sq,512,128,16,upload_shared,/home/jirka/research/2024/bits-knn-jpdc2024/data/application-scaling/ampere02-35760925/gradient-compression-middle.csv,0.00021701388888888888,1,0.477213,0.477213,0.477213,1.2238874464861602,False,False
gradient-compression,e77ffd0b75f255761df3bc4c0830771bb75243da7d366a0e80be0186efb789d4,2359296,1,512,0.0,0,bits-sq,512,256,4,download,/home/jirka/research/2024/bits-knn-jpdc2024/data/application-scaling/ampere02-35760925/gradient-compression-middle.csv,0.00021701388888888888,30,0.008528,0.0083155,0.008935750000000001,0.9589587242026265,False,False
gradient-compression,e77ffd0b75f255761df3bc4c0830771bb75243da7d366a0e80be0186efb789d4,2359296,1,512,0.0,0,bits-sq,512,256,4,operator,/home/jirka/research/2024/bits-knn-jpdc2024/data/application-scaling/ampere02-35760925/gradient-compression-middle.csv,0.00021701388888888888,30,0.48582099999999995,0.485165,0.48645275,0.12693667009042425,False,False
gradient-compression,e77ffd0b75f255761df3bc4c0830771bb75243da7d366a0e80be0186efb789d4,2359296,1,512,0.0,0,bits-sq,512,256,4,output_isolated,/home/jirka/research/2024/bits-knn-jpdc2024/data/application-scaling/ampere02-35760925/gradient-compression-middle.csv,0.00021701388888888888,30,0.008654,0.0084955,0.00870075,0.9541830367460135,False,False
gradient-compression,e77ffd0b75f255761df3bc4c0830771bb75243da7d366a0e80be0186efb789d4,2359296,1,512,0.0,0,bits-sq,512,256,4,selection_isolated,/home/jirka/research/2024/bits-knn-jpdc2024/data/application-scaling/ampere02-35760925/gradient-compression-middle.csv,0.00021701388888888888,30,0.4685705,0.468129,0.46936175,0.09673891122040332,False,False
gradient-compression,e77ffd0b75f255761df3bc4c0830771bb75243da7d366a0e80be0186efb789d4,2359296,1,512,0.0,0,bits-sq,512,256,4,transform_isolated,/home/jirka/research/2024/bits-knn-jpdc2024/data/application-scaling/ampere02-35760925/gradient-compression-middle.csv,0.00021701388888888888,30,0.0149925,0.014913,0.015143,0.9796564949141237,False,False
gradient-compression,e77ffd0b75f255761df3bc4c0830771bb75243da7d366a0e80be0186efb789d4,2359296,1,512,0.0,0,bits-sq,512,256,4,upload_shared,/home/jirka/research/2024/bits-knn-jpdc2024/data/application-scaling/ampere02-35760925/gradient-compression-middle.csv,0.00021701388888888888,1,0.48825,0.48825,0.48825,1.196221198156682,False,False
gradient-compression,e77ffd0b75f255761df3bc4c0830771bb75243da7d366a0e80be0186efb789d4,2359296,1,512,0.0,0,bits-sq,512,256,7,download,/home/jirka/research/2024/bits-knn-jpdc2024/data/application-scaling/ampere02-35760925/gradient-compression-middle.csv,0.00021701388888888888,30,0.0082225,0.008089500000000001,0.008638,0.9945880206749771,False,False
gradient-compression,e77ffd0b75f255761df3bc4c0830771bb75243da7d366a0e80be0186efb789d4,2359296,1,512,0.0,0,bits-sq,512,256,7,operator,/home/jirka/research/2024/bits-knn-jpdc2024/data/application-scaling/ampere02-35760925/gradient-compression-middle.csv,0.00021701388888888888,30,0.47496000000000005,0.4743505,0.47580100000000003,0.1298393548930436,False,False
gradient-compression,e77ffd0b75f255761df3bc4c0830771bb75243da7d366a0e80be0186efb789d4,2359296,1,512,0.0,0,bits-sq,512,256,7,output_isolated,/home/jirka/research/2024/bits-knn-jpdc2024/data/application-scaling/ampere02-35760925/gradient-compression-middle.csv,0.00021701388888888888,30,0.008583,0.008383,0.008678,0.9620761971338694,False,False
gradient-compression,e77ffd0b75f255761df3bc4c0830771bb75243da7d366a0e80be0186efb789d4,2359296,1,512,0.0,0,bits-sq,512,256,7,selection_isolated,/home/jirka/research/2024/bits-knn-jpdc2024/data/application-scaling/ampere02-35760925/gradient-compression-middle.csv,0.00021701388888888888,30,0.457223,0.456447,0.45804399999999995,0.09913980705257608,False,False
gradient-compression,e77ffd0b75f255761df3bc4c0830771bb75243da7d366a0e80be0186efb789d4,2359296,1,512,0.0,0,bits-sq,512,256,7,transform_isolated,/home/jirka/research/2024/bits-knn-jpdc2024/data/application-scaling/ampere02-35760925/gradient-compression-middle.csv,0.00021701388888888888,30,0.0149475,0.014864749999999998,0.015019499999999998,0.9826057869208896,False,False
gradient-compression,e77ffd0b75f255761df3bc4c0830771bb75243da7d366a0e80be0186efb789d4,2359296,1,512,0.0,0,bits-sq,512,256,7,upload_shared,/home/jirka/research/2024/bits-knn-jpdc2024/data/application-scaling/ampere02-35760925/gradient-compression-middle.csv,0.00021701388888888888,1,0.488521,0.488521,0.488521,1.1955576116482198,False,False
gradient-compression,e77ffd0b75f255761df3bc4c0830771bb75243da7d366a0e80be0186efb789d4,2359296,1,512,0.0,0,bits-sq,512,256,8,download,/home/jirka/research/2024/bits-knn-jpdc2024/data/application-scaling/ampere02-35760925/gradient-compression-middle.csv,0.00021701388888888888,30,0.0082225,0.0081645,0.008996500000000001,0.9945880206749771,False,False
gradient-compression,e77ffd0b75f255761df3bc4c0830771bb75243da7d366a0e80be0186efb789d4,2359296,1,512,0.0,0,bits-sq,512,256,8,operator,/home/jirka/research/2024/bits-knn-jpdc2024/data/application-scaling/ampere02-35760925/gradient-compression-middle.csv,0.00021701388888888888,30,0.47289149999999996,0.47214825000000005,0.4739105,0.1304072921589836,False,False
gradient-compression,e77ffd0b75f255761df3bc4c0830771bb75243da7d366a0e80be0186efb789d4,2359296,1,512,0.0,0,bits-sq,512,256,8,output_isolated,/home/jirka/research/2024/bits-knn-jpdc2024/data/application-scaling/ampere02-35760925/gradient-compression-middle.csv,0.00021701388888888888,30,0.008793,0.0084855,0.00905875,0.9390992835209827,False,False
gradient-compression,e77ffd0b75f255761df3bc4c0830771bb75243da7d366a0e80be0186efb789d4,2359296,1,512,0.0,0,bits-sq,512,256,8,selection_isolated,/home/jirka/research/2024/bits-knn-jpdc2024/data/application-scaling/ampere02-35760925/gradient-compression-middle.csv,0.00021701388888888888,30,0.456612,0.45513925,0.45778050000000003,0.09927246765306211,False,False
gradient-compression,e77ffd0b75f255761df3bc4c0830771bb75243da7d366a0e80be0186efb789d4,2359296,1,512,0.0,0,bits-sq,512,256,8,transform_isolated,/home/jirka/research/2024/bits-knn-jpdc2024/data/application-scaling/ampere02-35760925/gradient-compression-middle.csv,0.00021701388888888888,30,0.014917,0.0148245,0.015045500000000002,0.9846148689414761,False,False
gradient-compression,e77ffd0b75f255761df3bc4c0830771bb75243da7d366a0e80be0186efb789d4,2359296,1,512,0.0,0,bits-sq,512,256,8,upload_shared,/home/jirka/research/2024/bits-knn-jpdc2024/data/application-scaling/ampere02-35760925/gradient-compression-middle.csv,0.00021701388888888888,1,0.471174,0.471174,0.471174,1.2395739153688448,False,False
gradient-compression,e77ffd0b75f255761df3bc4c0830771bb75243da7d366a0e80be0186efb789d4,2359296,1,512,0.0,0,bits-sq,512,256,13,download,/home/jirka/research/2024/bits-knn-jpdc2024/data/application-scaling/ampere02-35760925/gradient-compression-middle.csv,0.00021701388888888888,30,0.008443,0.00832225,0.00907875,0.9686130522326186,False,False
gradient-compression,e77ffd0b75f255761df3bc4c0830771bb75243da7d366a0e80be0186efb789d4,2359296,1,512,0.0,0,bits-sq,512,256,13,operator,/home/jirka/research/2024/bits-knn-jpdc2024/data/application-scaling/ampere02-35760925/gradient-compression-middle.csv,0.00021701388888888888,30,0.49468999999999996,0.4935255,0.496327,0.12466089874466837,False,False
gradient-compression,e77ffd0b75f255761df3bc4c0830771bb75243da7d366a0e80be0186efb789d4,2359296,1,512,0.0,0,bits-sq,512,256,13,output_isolated,/home/jirka/research/2024/bits-knn-jpdc2024/data/application-scaling/ampere02-35760925/gradient-compression-middle.csv,0.00021701388888888888,30,0.008858,0.0087355,0.009459,0.9322081734025741,False,False
gradient-compression,e77ffd0b75f255761df3bc4c0830771bb75243da7d366a0e80be0186efb789d4,2359296,1,512,0.0,0,bits-sq,512,256,13,selection_isolated,/home/jirka/research/2024/bits-knn-jpdc2024/data/application-scaling/ampere02-35760925/gradient-compression-middle.csv,0.00021701388888888888,30,0.47715799999999997,0.476177,0.47830925,0.09499788330070962,False,False
gradient-compression,e77ffd0b75f255761df3bc4c0830771bb75243da7d366a0e80be0186efb789d4,2359296,1,512,0.0,0,bits-sq,512,256,13,transform_isolated,/home/jirka/research/2024/bits-knn-jpdc2024/data/application-scaling/ampere02-35760925/gradient-compression-middle.csv,0.00021701388888888888,30,0.0150025,0.014895499999999999,0.015198,0.9790034994167638,False,False
gradient-compression,e77ffd0b75f255761df3bc4c0830771bb75243da7d366a0e80be0186efb789d4,2359296,1,512,0.0,0,bits-sq,512,256,13,upload_shared,/home/jirka/research/2024/bits-knn-jpdc2024/data/application-scaling/ampere02-35760925/gradient-compression-middle.csv,0.00021701388888888888,1,0.489071,0.489071,0.489071,1.1942131101619193,False,False
gradient-compression,e77ffd0b75f255761df3bc4c0830771bb75243da7d366a0e80be0186efb789d4,2359296,1,512,0.0,0,bits-sq,512,256,16,download,/home/jirka/research/2024/bits-knn-jpdc2024/data/application-scaling/ampere02-35760925/gradient-compression-middle.csv,0.00021701388888888888,30,0.008278,0.00812225,0.0087305,0.9879197873882579,False,False
gradient-compression,e77ffd0b75f255761df3bc4c0830771bb75243da7d366a0e80be0186efb789d4,2359296,1,512,0.0,0,bits-sq,512,256,16,operator,/home/jirka/research/2024/bits-knn-jpdc2024/data/application-scaling/ampere02-35760925/gradient-compression-middle.csv,0.00021701388888888888,30,0.573249,0.572963,0.57411225,0.10757716105915578,False,False
gradient-compression,e77ffd0b75f255761df3bc4c0830771bb75243da7d366a0e80be0186efb789d4,2359296,1,512,0.0,0,bits-sq,512,256,16,output_isolated,/home/jirka/research/2024/bits-knn-jpdc2024/data/application-scaling/ampere02-35760925/gradient-compression-middle.csv,0.00021701388888888888,30,0.008558,0.00834025,0.0089755,0.9648866557606919,False,False
gradient-compression,e77ffd0b75f255761df3bc4c0830771bb75243da7d366a0e80be0186efb789d4,2359296,1,512,0.0,0,bits-sq,512,256,16,selection_isolated,/home/jirka/research/2024/bits-knn-jpdc2024/data/application-scaling/ampere02-35760925/gradient-compression-middle.csv,0.00021701388888888888,30,0.5560674999999999,0.5556144999999999,0.556603,0.08151708200892877,False,False
gradient-compression,e77ffd0b75f255761df3bc4c0830771bb75243da7d366a0e80be0186efb789d4,2359296,1,512,0.0,0,bits-sq,512,256,16,transform_isolated,/home/jirka/research/2024/bits-knn-jpdc2024/data/application-scaling/ampere02-35760925/gradient-compression-middle.csv,0.00021701388888888888,30,0.015057999999999998,0.01497775,0.015178750000000001,0.975395138796653,False,False
gradient-compression,e77ffd0b75f255761df3bc4c0830771bb75243da7d366a0e80be0186efb789d4,2359296,1,512,0.0,0,bits-sq,512,256,16,upload_shared,/home/jirka/research/2024/bits-knn-jpdc2024/data/application-scaling/ampere02-35760925/gradient-compression-middle.csv,0.00021701388888888888,1,0.480188,0.480188,0.480188,1.2163048639282947,False,False
gradient-compression,e77ffd0b75f255761df3bc4c0830771bb75243da7d366a0e80be0186efb789d4,2359296,1,512,0.0,0,bits-sq,512,512,4,download,/home/jirka/research/2024/bits-knn-jpdc2024/data/application-scaling/ampere02-35760925/gradient-compression-middle.csv,0.00021701388888888888,30,0.008357999999999999,0.00822475,0.008883,0.9784637473079685,False,False
gradient-compression,e77ffd0b75f255761df3bc4c0830771bb75243da7d366a0e80be0186efb789d4,2359296,1,512,0.0,0,bits-sq,512,512,4,operator,/home/jirka/research/2024/bits-knn-jpdc2024/data/application-scaling/ampere02-35760925/gradient-compression-middle.csv,0.00021701388888888888,30,0.39841400000000005,0.39787799999999995,0.4005595,0.15478497241562794,False,False
gradient-compression,e77ffd0b75f255761df3bc4c0830771bb75243da7d366a0e80be0186efb789d4,2359296,1,512,0.0,0,bits-sq,512,512,4,output_isolated,/home/jirka/research/2024/bits-knn-jpdc2024/data/application-scaling/ampere02-35760925/gradient-compression-middle.csv,0.00021701388888888888,30,0.008628,0.0084355,0.008800500000000001,0.9570584144645341,False,False
gradient-compression,e77ffd0b75f255761df3bc4c0830771bb75243da7d366a0e80be0186efb789d4,2359296,1,512,0.0,0,bits-sq,512,512,4,selection_isolated,/home/jirka/research/2024/bits-knn-jpdc2024/data/application-scaling/ampere02-35760925/gradient-compression-middle.csv,0.00021701388888888888,30,0.3816035,0.38082200000000005,0.38292975,0.11878559814047826,False,False
gradient-compression,e77ffd0b75f255761df3bc4c0830771bb75243da7d366a0e80be0186efb789d4,2359296,1,512,0.0,0,bits-sq,512,512,4,transform_isolated,/home/jirka/research/2024/bits-knn-jpdc2024/data/application-scaling/ampere02-35760925/gradient-compression-middle.csv,0.00021701388888888888,30,0.0149475,0.014817,0.015060500000000001,0.9826057869208896,False,False
gradient-compression,e77ffd0b75f255761df3bc4c0830771bb75243da7d366a0e80be0186efb789d4,2359296,1,512,0.0,0,bits-sq,512,512,4,upload_shared,/home/jirka/research/2024/bits-knn-jpdc2024/data/application-scaling/ampere02-35760925/gradient-compression-middle.csv,0.00021701388888888888,1,0.480829,0.480829,0.480829,1.2146833905608854,False,False
gradient-compression,e77ffd0b75f255761df3bc4c0830771bb75243da7d366a0e80be0186efb789d4,2359296,1,512,0.0,0,bits-sq,512,512,7,download,/home/jirka/research/2024/bits-knn-jpdc2024/data/application-scaling/ampere02-35760925/gradient-compression-middle.csv,0.00021701388888888888,30,0.008448,0.00825775,0.00916625,0.9680397727272726,False,False
gradient-compression,e77ffd0b75f255761df3bc4c0830771bb75243da7d366a0e80be0186efb789d4,2359296,1,512,0.0,0,bits-sq,512,512,7,operator,/home/jirka/research/2024/bits-knn-jpdc2024/data/application-scaling/ampere02-35760925/gradient-compression-middle.csv,0.00021701388888888888,30,0.507549,0.5073315,0.5082825,0.12150255443316801,False,False
gradient-compression,e77ffd0b75f255761df3bc4c0830771bb75243da7d366a0e80be0186efb789d4,2359296,1,512,0.0,0,bits-sq,512,512,7,output_isolated,/home/jirka/research/2024/bits-knn-jpdc2024/data/application-scaling/ampere02-35760925/gradient-compression-middle.csv,0.00021701388888888888,30,0.008743,0.008558,0.008903,0.9444698616035686,False,False
gradient-compression,e77ffd0b75f255761df3bc4c0830771bb75243da7d366a0e80be0186efb789d4,2359296,1,512,0.0,0,bits-sq,512,512,7,selection_isolated,/home/jirka/research/2024/bits-knn-jpdc2024/data/application-scaling/ampere02-35760925/gradient-compression-middle.csv,0.00021701388888888888,30,0.489912,0.4895594999999999,0.4902555,0.09252477996048268,False,False
gradient-compression,e77ffd0b75f255761df3bc4c0830771bb75243da7d366a0e80be0186efb789d4,2359296,1,512,0.0,0,bits-sq,512,512,7,transform_isolated,/home/jirka/research/2024/bits-knn-jpdc2024/data/application-scaling/ampere02-35760925/gradient-compression-middle.csv,0.00021701388888888888,30,0.0149225,0.014812,0.01505975,0.9842519685039369,False,False
gradient-compression,e77ffd0b75f255761df3bc4c0830771bb75243da7d366a0e80be0186efb789d4,2359296,1,512,0.0,0,bits-sq,512,512,7,upload_shared,/home/jirka/research/2024/bits-knn-jpdc2024/data/application-scaling/ampere02-35760925/gradient-compression-middle.csv,0.00021701388888888888,1,0.484244,0.484244,0.484244,1.2061171640743096,False,False
gradient-compression,e77ffd0b75f255761df3bc4c0830771bb75243da7d366a0e80be0186efb789d4,2359296,1,512,0.0,0,bits-sq,512,512,8,download,/home/jirka/research/2024/bits-knn-jpdc2024/data/application-scaling/ampere02-35760925/gradient-compression-middle.csv,0.00021701388888888888,30,0.0084425,0.008257,0.00885325,0.9686704175303523,False,False
gradient-compression,e77ffd0b75f255761df3bc4c0830771bb75243da7d366a0e80be0186efb789d4,2359296,1,512,0.0,0,bits-sq,512,512,8,operator,/home/jirka/research/2024/bits-knn-jpdc2024/data/application-scaling/ampere02-35760925/gradient-compression-middle.csv,0.00021701388888888888,30,0.446882,0.44644200000000006,0.4473005,0.13799727892374272,False,False
gradient-compression,e77ffd0b75f255761df3bc4c0830771bb75243da7d366a0e80be0186efb789d4,2359296,1,512,0.0,0,bits-sq,512,512,8,output_isolated,/home/jirka/research/2024/bits-knn-jpdc2024/data/application-scaling/ampere02-35760925/gradient-compression-middle.csv,0.00021701388888888888,30,0.008667999999999999,0.008450250000000001,0.008963249999999999,0.9526419012459624,False,False
gradient-compression,e77ffd0b75f255761df3bc4c0830771bb75243da7d366a0e80be0186efb789d4,2359296,1,512,0.0,0,bits-sq,512,512,8,selection_isolated,/home/jirka/research/2024/bits-knn-jpdc2024/data/application-scaling/ampere02-35760925/gradient-compression-middle.csv,0.00021701388888888888,30,0.42829399999999995,0.42808375000000004,0.4290125,0.10583617795252794,False,False
gradient-compression,e77ffd0b75f255761df3bc4c0830771bb75243da7d366a0e80be0186efb789d4,2359296,1,512,0.0,0,bits-sq,512,512,8,transform_isolated,/home/jirka/research/2024/bits-knn-jpdc2024/data/application-scaling/ampere02-35760925/gradient-compression-middle.csv,0.00021701388888888888,30,0.015443000000000002,0.015335500000000002,0.01553825,0.9510781583889139,False,False
gradient-compression,e77ffd0b75f255761df3bc4c0830771bb75243da7d366a0e80be0186efb789d4,2359296,1,512,0.0,0,bits-sq,512,512,8,upload_shared,/home/jirka/research/2024/bits-knn-jpdc2024/data/application-scaling/ampere02-35760925/gradient-compression-middle.csv,0.00021701388888888888,1,0.48158,0.48158,0.48158,1.2127891523734373,False,False
gradient-compression,e77ffd0b75f255761df3bc4c0830771bb75243da7d366a0e80be0186efb789d4,2359296,1,512,0.0,0,bits-sq,512,512,13,download,/home/jirka/research/2024/bits-knn-jpdc2024/data/application-scaling/ampere02-35760925/gradient-compression-middle.csv,0.00021701388888888888,30,0.0083775,0.00818525,0.0087255,0.9761862130707252,False,False
gradient-compression,e77ffd0b75f255761df3bc4c0830771bb75243da7d366a0e80be0186efb789d4,2359296,1,512,0.0,0,bits-sq,512,512,13,operator,/home/jirka/research/2024/bits-knn-jpdc2024/data/application-scaling/ampere02-35760925/gradient-compression-middle.csv,0.00021701388888888888,30,0.5419560000000001,0.54160575,0.542231,0.11378875775893242,False,False
gradient-compression,e77ffd0b75f255761df3bc4c0830771bb75243da7d366a0e80be0186efb789d4,2359296,1,512,0.0,0,bits-sq,512,512,13,output_isolated,/home/jirka/research/2024/bits-knn-jpdc2024/data/application-scaling/ampere02-35760925/gradient-compression-middle.csv,0.00021701388888888888,30,0.008632500000000001,0.008423,0.008869,0.9565595134665508,False,False
gradient-compression,e77ffd0b75f255761df3bc4c0830771bb75243da7d366a0e80be0186efb789d4,2359296,1,512,0.0,0,bits-sq,512,512,13,selection_isolated,/home/jirka/research/2024/bits-knn-jpdc2024/data/application-scaling/ampere02-35760925/gradient-compression-middle.csv,0.00021701388888888888,30,0.524264,0.5240039999999999,0.52454,0.0864621641005295,False,False
gradient-compression,e77ffd0b75f255761df3bc4c0830771bb75243da7d366a0e80be0186efb789d4,2359296,1,512,0.0,0,bits-sq,512,512,13,transform_isolated,/home/jirka/research/2024/bits-knn-jpdc2024/data/application-scaling/ampere02-35760925/gradient-compression-middle.csv,0.00021701388888888888,30,0.014907,0.01480525,0.01500725,0.9852753739853759,False,False
gradient-compression,e77ffd0b75f255761df3bc4c0830771bb75243da7d366a0e80be0186efb789d4,2359296,1,512,0.0,0,bits-sq,512,512,13,upload_shared,/home/jirka/research/2024/bits-knn-jpdc2024/data/application-scaling/ampere02-35760925/gradient-compression-middle.csv,0.00021701388888888888,1,0.486347,0.486347,0.486347,1.2009018252400037,False,False
gradient-compression,e77ffd0b75f255761df3bc4c0830771bb75243da7d366a0e80be0186efb789d4,2359296,1,512,0.0,0,bits-sq,512,512,16,download,/home/jirka/research/2024/bits-knn-jpdc2024/data/application-scaling/ampere02-35760925/gradient-compression-middle.csv,0.00021701388888888888,30,0.008463,0.008372999999999998,0.00881125,0.9663239985820631,False,False
gradient-compression,e77ffd0b75f255761df3bc4c0830771bb75243da7d366a0e80be0186efb789d4,2359296,1,512,0.0,0,bits-sq,512,512,16,operator,/home/jirka/research/2024/bits-knn-jpdc2024/data/application-scaling/ampere02-35760925/gradient-compression-middle.csv,0.00021701388888888888,30,0.563474,0.562893,0.56388975,0.1094433815934719,False,False
gradient-compression,e77ffd0b75f255761df3bc4c0830771bb75243da7d366a0e80be0186efb789d4,2359296,1,512,0.0,0,bits-sq,512,512,16,output_isolated,/home/jirka/research/2024/bits-knn-jpdc2024/data/application-scaling/ampere02-35760925/gradient-compression-middle.csv,0.00021701388888888888,30,0.008553,0.008483,0.008793,0.9654507190459489,False,False
gradient-compression,e77ffd0b75f255761df3bc4c0830771bb75243da7d366a0e80be0186efb789d4,2359296,1,512,0.0,0,bits-sq,512,512,16,selection_isolated,/home/jirka/research/2024/bits-knn-jpdc2024/data/application-scaling/ampere02-35760925/gradient-compression-middle.csv,0.00021701388888888888,30,0.545787,0.5454237499999999,0.5460352500000001,0.08305254613979444,False,False
gradient-compression,e77ffd0b75f255761df3bc4c0830771bb75243da7d366a0e80be0186efb789d4,2359296,1,512,0.0,0,bits-sq,512,512,16,transform_isolated,/home/jirka/research/2024/bits-knn-jpdc2024/data/application-scaling/ampere02-35760925/gradient-compression-middle.csv,0.00021701388888888888,30,0.014822,0.01474225,0.014948,0.9909256510592362,False,False
gradient-compression,e77ffd0b75f255761df3bc4c0830771bb75243da7d366a0e80be0186efb789d4,2359296,1,512,0.0,0,bits-sq,512,512,16,upload_shared,/home/jirka/research/2024/bits-knn-jpdc2024/data/application-scaling/ampere02-35760925/gradient-compression-middle.csv,0.00021701388888888888,1,0.485786,0.485786,0.485786,1.2022886620857745,False,False
gradient-compression,e77ffd0b75f255761df3bc4c0830771bb75243da7d366a0e80be0186efb789d4,2359296,1,512,0.0,0,block-select,1,128,8,download,/home/jirka/research/2024/bits-knn-jpdc2024/data/application-scaling/ampere02-35760925/gradient-compression-middle.csv,0.00021701388888888888,30,0.011247,0.009975000000000001,0.011827999999999998,0.7271272339290477,False,False
gradient-compression,e77ffd0b75f255761df3bc4c0830771bb75243da7d366a0e80be0186efb789d4,2359296,1,512,0.0,0,block-select,1,128,8,operator,/home/jirka/research/2024/bits-knn-jpdc2024/data/application-scaling/ampere02-35760925/gradient-compression-middle.csv,0.00021701388888888888,30,5.780389,5.76826975,5.80401175,0.010668572651425361,False,False
gradient-compression,e77ffd0b75f255761df3bc4c0830771bb75243da7d366a0e80be0186efb789d4,2359296,1,512,0.0,0,block-select,1,128,8,output_isolated,/home/jirka/research/2024/bits-knn-jpdc2024/data/application-scaling/ampere02-35760925/gradient-compression-middle.csv,0.00021701388888888888,30,0.011147,0.010506000000000001,0.011791,0.7407822732573787,False,False
gradient-compression,e77ffd0b75f255761df3bc4c0830771bb75243da7d366a0e80be0186efb789d4,2359296,1,512,0.0,0,block-select,1,128,8,selection_isolated,/home/jirka/research/2024/bits-knn-jpdc2024/data/application-scaling/ampere02-35760925/gradient-compression-middle.csv,0.00021701388888888888,30,5.7690365,5.7473615,5.7829795,0.007857291247853952,False,False
gradient-compression,e77ffd0b75f255761df3bc4c0830771bb75243da7d366a0e80be0186efb789d4,2359296,1,512,0.0,0,block-select,1,128,8,transform_isolated,/home/jirka/research/2024/bits-knn-jpdc2024/data/application-scaling/ampere02-35760925/gradient-compression-middle.csv,0.00021701388888888888,30,0.014887500000000001,0.0147755,0.0149795,0.9865659109991602,False,False
gradient-compression,e77ffd0b75f255761df3bc4c0830771bb75243da7d366a0e80be0186efb789d4,2359296,1,512,0.0,0,block-select,1,128,8,upload_shared,/home/jirka/research/2024/bits-knn-jpdc2024/data/application-scaling/ampere02-35760925/gradient-compression-middle.csv,0.00021701388888888888,1,0.584055,0.584055,0.584055,1.0,False,False
gradient-compression,e77ffd0b75f255761df3bc4c0830771bb75243da7d366a0e80be0186efb789d4,2359296,1,512,0.0,0,grid-select,1,0,0,download,/home/jirka/research/2024/bits-knn-jpdc2024/data/application-scaling/ampere02-35760925/gradient-compression-middle.csv,0.00021701388888888888,30,0.008308,0.0082455,0.00837975,0.9843524313914299,True,True
gradient-compression,e77ffd0b75f255761df3bc4c0830771bb75243da7d366a0e80be0186efb789d4,2359296,1,512,0.0,0,grid-select,1,0,0,operator,/home/jirka/research/2024/bits-knn-jpdc2024/data/application-scaling/ampere02-35760925/gradient-compression-middle.csv,0.00021701388888888888,30,0.167699,0.167193,0.16853275,0.3677332601864054,True,True
gradient-compression,e77ffd0b75f255761df3bc4c0830771bb75243da7d366a0e80be0186efb789d4,2359296,1,512,0.0,0,grid-select,1,0,0,output_isolated,/home/jirka/research/2024/bits-knn-jpdc2024/data/application-scaling/ampere02-35760925/gradient-compression-middle.csv,0.00021701388888888888,30,0.0084375,0.008295499999999999,0.008548,0.9786666666666667,True,True
gradient-compression,e77ffd0b75f255761df3bc4c0830771bb75243da7d366a0e80be0186efb789d4,2359296,1,512,0.0,0,grid-select,1,0,0,selection_isolated,/home/jirka/research/2024/bits-knn-jpdc2024/data/application-scaling/ampere02-35760925/gradient-compression-middle.csv,0.00021701388888888888,30,0.15238600000000002,0.15183249999999998,0.15285849999999998,0.2974617090808866,True,True
gradient-compression,e77ffd0b75f255761df3bc4c0830771bb75243da7d366a0e80be0186efb789d4,2359296,1,512,0.0,0,grid-select,1,0,0,transform_isolated,/home/jirka/research/2024/bits-knn-jpdc2024/data/application-scaling/ampere02-35760925/gradient-compression-middle.csv,0.00021701388888888888,30,0.014717000000000001,0.0146245,0.01476975,0.9979955153903648,True,True
gradient-compression,e77ffd0b75f255761df3bc4c0830771bb75243da7d366a0e80be0186efb789d4,2359296,1,512,0.0,0,grid-select,1,0,0,upload_shared,/home/jirka/research/2024/bits-knn-jpdc2024/data/application-scaling/ampere02-35760925/gradient-compression-middle.csv,0.00021701388888888888,1,0.584055,0.584055,0.584055,1.0,True,True
gradient-compression,e77ffd0b75f255761df3bc4c0830771bb75243da7d366a0e80be0186efb789d4,2359296,1,1024,0.0,0,air-topk,1,512,0,download,/home/jirka/research/2024/bits-knn-jpdc2024/data/application-scaling/ampere02-35760925/gradient-compression-middle.csv,0.00043402777777777775,30,0.0088185,0.0086555,0.00927225,1.0,True,True
gradient-compression,e77ffd0b75f255761df3bc4c0830771bb75243da7d366a0e80be0186efb789d4,2359296,1,1024,0.0,0,air-topk,1,512,0,operator,/home/jirka/research/2024/bits-knn-jpdc2024/data/application-scaling/ampere02-35760925/gradient-compression-middle.csv,0.00043402777777777775,30,0.06281500000000001,0.062415,0.06345600000000001,1.0,True,True
gradient-compression,e77ffd0b75f255761df3bc4c0830771bb75243da7d366a0e80be0186efb789d4,2359296,1,1024,0.0,0,air-topk,1,512,0,output_isolated,/home/jirka/research/2024/bits-knn-jpdc2024/data/application-scaling/ampere02-35760925/gradient-compression-middle.csv,0.00043402777777777775,30,0.0081625,0.007987000000000001,0.00824975,1.0,True,True
gradient-compression,e77ffd0b75f255761df3bc4c0830771bb75243da7d366a0e80be0186efb789d4,2359296,1,1024,0.0,0,air-topk,1,512,0,selection_isolated,/home/jirka/research/2024/bits-knn-jpdc2024/data/application-scaling/ampere02-35760925/gradient-compression-middle.csv,0.00043402777777777775,30,0.0462095,0.04603,0.046475,1.0,True,True
gradient-compression,e77ffd0b75f255761df3bc4c0830771bb75243da7d366a0e80be0186efb789d4,2359296,1,1024,0.0,0,air-topk,1,512,0,transform_isolated,/home/jirka/research/2024/bits-knn-jpdc2024/data/application-scaling/ampere02-35760925/gradient-compression-middle.csv,0.00043402777777777775,30,0.014948,0.014814500000000001,0.0150855,1.0,True,True
gradient-compression,e77ffd0b75f255761df3bc4c0830771bb75243da7d366a0e80be0186efb789d4,2359296,1,1024,0.0,0,air-topk,1,512,0,upload_shared,/home/jirka/research/2024/bits-knn-jpdc2024/data/application-scaling/ampere02-35760925/gradient-compression-middle.csv,0.00043402777777777775,1,0.5926980000000001,0.5926980000000001,0.5926980000000001,1.0,True,True
gradient-compression,e77ffd0b75f255761df3bc4c0830771bb75243da7d366a0e80be0186efb789d4,2359296,1,1024,0.0,0,bits-prefetch,1,128,4,download,/home/jirka/research/2024/bits-knn-jpdc2024/data/application-scaling/ampere02-35760925/gradient-compression-middle.csv,0.00043402777777777775,30,0.0100955,0.00962175,0.010814250000000001,0.8735079986132435,False,False
gradient-compression,e77ffd0b75f255761df3bc4c0830771bb75243da7d366a0e80be0186efb789d4,2359296,1,1024,0.0,0,bits-prefetch,1,128,4,operator,/home/jirka/research/2024/bits-knn-jpdc2024/data/application-scaling/ampere02-35760925/gradient-compression-middle.csv,0.00043402777777777775,30,2.6013115,2.5981769999999997,2.60250125,0.02414743486122289,False,False
gradient-compression,e77ffd0b75f255761df3bc4c0830771bb75243da7d366a0e80be0186efb789d4,2359296,1,1024,0.0,0,bits-prefetch,1,128,4,output_isolated,/home/jirka/research/2024/bits-knn-jpdc2024/data/application-scaling/ampere02-35760925/gradient-compression-middle.csv,0.00043402777777777775,30,0.009669500000000001,0.009361500000000002,0.00999825,0.8441491287036557,False,False
gradient-compression,e77ffd0b75f255761df3bc4c0830771bb75243da7d366a0e80be0186efb789d4,2359296,1,1024,0.0,0,bits-prefetch,1,128,4,selection_isolated,/home/jirka/research/2024/bits-knn-jpdc2024/data/application-scaling/ampere02-35760925/gradient-compression-middle.csv,0.00043402777777777775,30,2.5828835,2.58163125,2.58559525,0.01789066367104827,False,False
gradient-compression,e77ffd0b75f255761df3bc4c0830771bb75243da7d366a0e80be0186efb789d4,2359296,1,1024,0.0,0,bits-prefetch,1,128,4,transform_isolated,/home/jirka/research/2024/bits-knn-jpdc2024/data/application-scaling/ampere02-35760925/gradient-compression-middle.csv,0.00043402777777777775,30,0.014902499999999999,0.014704499999999999,0.015095500000000001,1.0030531789968127,False,False
gradient-compression,e77ffd0b75f255761df3bc4c0830771bb75243da7d366a0e80be0186efb789d4,2359296,1,1024,0.0,0,bits-prefetch,1,128,4,upload_shared,/home/jirka/research/2024/bits-knn-jpdc2024/data/application-scaling/ampere02-35760925/gradient-compression-middle.csv,0.00043402777777777775,1,0.47943600000000003,0.47943600000000003,0.47943600000000003,1.2362400820964634,False,False
gradient-compression,e77ffd0b75f255761df3bc4c0830771bb75243da7d366a0e80be0186efb789d4,2359296,1,1024,0.0,0,bits-prefetch,1,128,7,download,/home/jirka/research/2024/bits-knn-jpdc2024/data/application-scaling/ampere02-35760925/gradient-compression-middle.csv,0.00043402777777777775,30,0.009995,0.00945675,0.0107235,0.8822911455727863,False,False
gradient-compression,e77ffd0b75f255761df3bc4c0830771bb75243da7d366a0e80be0186efb789d4,2359296,1,1024,0.0,0,bits-prefetch,1,128,7,operator,/home/jirka/research/2024/bits-knn-jpdc2024/data/application-scaling/ampere02-35760925/gradient-compression-middle.csv,0.00043402777777777775,30,2.465606,2.4640637499999998,2.4662569999999997,0.02547649543357698,False,False
gradient-compression,e77ffd0b75f255761df3bc4c0830771bb75243da7d366a0e80be0186efb789d4,2359296,1,1024,0.0,0,bits-prefetch,1,128,7,output_isolated,/home/jirka/research/2024/bits-knn-jpdc2024/data/application-scaling/ampere02-35760925/gradient-compression-middle.csv,0.00043402777777777775,30,0.009599,0.00916075,0.00995,0.8503489946869466,False,False
gradient-compression,e77ffd0b75f255761df3bc4c0830771bb75243da7d366a0e80be0186efb789d4,2359296,1,1024,0.0,0,bits-prefetch,1,128,7,selection_isolated,/home/jirka/research/2024/bits-knn-jpdc2024/data/application-scaling/ampere02-35760925/gradient-compression-middle.csv,0.00043402777777777775,30,2.4464425,2.4451325,2.448648,0.018888447204461173,False,False
gradient-compression,e77ffd0b75f255761df3bc4c0830771bb75243da7d366a0e80be0186efb789d4,2359296,1,1024,0.0,0,bits-prefetch,1,128,7,transform_isolated,/home/jirka/research/2024/bits-knn-jpdc2024/data/application-scaling/ampere02-35760925/gradient-compression-middle.csv,0.00043402777777777775,30,0.0148375,0.014714749999999999,0.0150305,1.0074473462510531,False,False
gradient-compression,e77ffd0b75f255761df3bc4c0830771bb75243da7d366a0e80be0186efb789d4,2359296,1,1024,0.0,0,bits-prefetch,1,128,7,upload_shared,/home/jirka/research/2024/bits-knn-jpdc2024/data/application-scaling/ampere02-35760925/gradient-compression-middle.csv,0.00043402777777777775,1,0.477814,0.477814,0.477814,1.240436655267531,False,False
gradient-compression,e77ffd0b75f255761df3bc4c0830771bb75243da7d366a0e80be0186efb789d4,2359296,1,1024,0.0,0,bits-prefetch,1,128,8,download,/home/jirka/research/2024/bits-knn-jpdc2024/data/application-scaling/ampere02-35760925/gradient-compression-middle.csv,0.00043402777777777775,30,0.0095745,0.0092515,0.01073675,0.9210402631991227,False,False
gradient-compression,e77ffd0b75f255761df3bc4c0830771bb75243da7d366a0e80be0186efb789d4,2359296,1,1024,0.0,0,bits-prefetch,1,128,8,operator,/home/jirka/research/2024/bits-knn-jpdc2024/data/application-scaling/ampere02-35760925/gradient-compression-middle.csv,0.00043402777777777775,30,2.370252,2.3693902500000004,2.3718715,0.026501401538739346,False,False
gradient-compression,e77ffd0b75f255761df3bc4c0830771bb75243da7d366a0e80be0186efb789d4,2359296,1,1024,0.0,0,bits-prefetch,1,128,8,output_isolated,/home/jirka/research/2024/bits-knn-jpdc2024/data/application-scaling/ampere02-35760925/gradient-compression-middle.csv,0.00043402777777777775,30,0.0093295,0.008793,0.0099275,0.8749129106597353,False,False
gradient-compression,e77ffd0b75f255761df3bc4c0830771bb75243da7d366a0e80be0186efb789d4,2359296,1,1024,0.0,0,bits-prefetch,1,128,8,selection_isolated,/home/jirka/research/2024/bits-knn-jpdc2024/data/application-scaling/ampere02-35760925/gradient-compression-middle.csv,0.00043402777777777775,30,2.3521335,2.35090975,2.3531484999999996,0.01964578115995542,False,False
gradient-compression,e77ffd0b75f255761df3bc4c0830771bb75243da7d366a0e80be0186efb789d4,2359296,1,1024,0.0,0,bits-prefetch,1,128,8,transform_isolated,/home/jirka/research/2024/bits-knn-jpdc2024/data/application-scaling/ampere02-35760925/gradient-compression-middle.csv,0.00043402777777777775,30,0.0148025,0.01474225,0.0149805,1.0098294207059617,False,False
gradient-compression,e77ffd0b75f255761df3bc4c0830771bb75243da7d366a0e80be0186efb789d4,2359296,1,1024,0.0,0,bits-prefetch,1,128,8,upload_shared,/home/jirka/research/2024/bits-knn-jpdc2024/data/application-scaling/ampere02-35760925/gradient-compression-middle.csv,0.00043402777777777775,1,0.488179,0.488179,0.488179,1.2140997461996523,False,False
gradient-compression,e77ffd0b75f255761df3bc4c0830771bb75243da7d366a0e80be0186efb789d4,2359296,1,1024,0.0,0,bits-prefetch,1,128,13,download,/home/jirka/research/2024/bits-knn-jpdc2024/data/application-scaling/ampere02-35760925/gradient-compression-middle.csv,0.00043402777777777775,30,0.009985500000000001,0.00959425,0.010306,0.8831305392819587,False,False
gradient-compression,e77ffd0b75f255761df3bc4c0830771bb75243da7d366a0e80be0186efb789d4,2359296,1,1024,0.0,0,bits-prefetch,1,128,13,operator,/home/jirka/research/2024/bits-knn-jpdc2024/data/application-scaling/ampere02-35760925/gradient-compression-middle.csv,0.00043402777777777775,30,2.1799785,2.17936225,2.18117,0.028814504363231113,False,False
gradient-compression,e77ffd0b75f255761df3bc4c0830771bb75243da7d366a0e80be0186efb789d4,2359296,1,1024,0.0,0,bits-prefetch,1,128,13,output_isolated,/home/jirka/research/2024/bits-knn-jpdc2024/data/application-scaling/ampere02-35760925/gradient-compression-middle.csv,0.00043402777777777775,30,0.009429,0.0090615,0.009645,0.8656803478629759,False,False
gradient-compression,e77ffd0b75f255761df3bc4c0830771bb75243da7d366a0e80be0186efb789d4,2359296,1,1024,0.0,0,bits-prefetch,1,128,13,selection_isolated,/home/jirka/research/2024/bits-knn-jpdc2024/data/application-scaling/ampere02-35760925/gradient-compression-middle.csv,0.00043402777777777775,30,2.162417,2.1619677499999996,2.1633104999999997,0.021369375102027036,False,False
gradient-compression,e77ffd0b75f255761df3bc4c0830771bb75243da7d366a0e80be0186efb789d4,2359296,1,1024,0.0,0,bits-prefetch,1,128,13,transform_isolated,/home/jirka/research/2024/bits-knn-jpdc2024/data/application-scaling/ampere02-35760925/gradient-compression-middle.csv,0.00043402777777777775,30,0.014846999999999999,0.01471475,0.015068,1.0068027210884354,False,False
gradient-compression,e77ffd0b75f255761df3bc4c0830771bb75243da7d366a0e80be0186efb789d4,2359296,1,1024,0.0,0,bits-prefetch,1,128,13,upload_shared,/home/jirka/research/2024/bits-knn-jpdc2024/data/application-scaling/ampere02-35760925/gradient-compression-middle.csv,0.00043402777777777775,1,0.482701,0.482701,0.482701,1.2278781274536412,False,False
gradient-compression,e77ffd0b75f255761df3bc4c0830771bb75243da7d366a0e80be0186efb789d4,2359296,1,1024,0.0,0,bits-prefetch,1,128,16,download,/home/jirka/research/2024/bits-knn-jpdc2024/data/application-scaling/ampere02-35760925/gradient-compression-middle.csv,0.00043402777777777775,30,0.009278999999999999,0.0087355,0.009514749999999999,0.9503718073068219,False,False
gradient-compression,e77ffd0b75f255761df3bc4c0830771bb75243da7d366a0e80be0186efb789d4,2359296,1,1024,0.0,0,bits-prefetch,1,128,16,operator,/home/jirka/research/2024/bits-knn-jpdc2024/data/application-scaling/ampere02-35760925/gradient-compression-middle.csv,0.00043402777777777775,30,1.539047,1.53788,1.54086,0.04081421814928329,False,False
gradient-compression,e77ffd0b75f255761df3bc4c0830771bb75243da7d366a0e80be0186efb789d4,2359296,1,1024,0.0,0,bits-prefetch,1,128,16,output_isolated,/home/jirka/research/2024/bits-knn-jpdc2024/data/application-scaling/ampere02-35760925/gradient-compression-middle.csv,0.00043402777777777775,30,0.009013,0.008628,0.00922075,0.9056363031177188,False,False
gradient-compression,e77ffd0b75f255761df3bc4c0830771bb75243da7d366a0e80be0186efb789d4,2359296,1,1024,0.0,0,bits-prefetch,1,128,16,selection_isolated,/home/jirka/research/2024/bits-knn-jpdc2024/data/application-scaling/ampere02-35760925/gradient-compression-middle.csv,0.00043402777777777775,30,1.52115,1.5206564999999999,1.52270525,0.03037800348420603,False,False
gradient-compression,e77ffd0b75f255761df3bc4c0830771bb75243da7d366a0e80be0186efb789d4,2359296,1,1024,0.0,0,bits-prefetch,1,128,16,transform_isolated,/home/jirka/research/2024/bits-knn-jpdc2024/data/application-scaling/ampere02-35760925/gradient-compression-middle.csv,0.00043402777777777775,30,0.0147975,0.014678,0.014988000000000001,1.0101706369319141,False,False
gradient-compression,e77ffd0b75f255761df3bc4c0830771bb75243da7d366a0e80be0186efb789d4,2359296,1,1024,0.0,0,bits-prefetch,1,128,16,upload_shared,/home/jirka/research/2024/bits-knn-jpdc2024/data/application-scaling/ampere02-35760925/gradient-compression-middle.csv,0.00043402777777777775,1,0.480247,0.480247,0.480247,1.2341524257309262,False,False
gradient-compression,e77ffd0b75f255761df3bc4c0830771bb75243da7d366a0e80be0186efb789d4,2359296,1,1024,0.0,0,bits-prefetch,1,256,4,download,/home/jirka/research/2024/bits-knn-jpdc2024/data/application-scaling/ampere02-35760925/gradient-compression-middle.csv,0.00043402777777777775,30,0.009384,0.00916575,0.009962500000000001,0.9397378516624041,False,False
gradient-compression,e77ffd0b75f255761df3bc4c0830771bb75243da7d366a0e80be0186efb789d4,2359296,1,1024,0.0,0,bits-prefetch,1,256,4,operator,/home/jirka/research/2024/bits-knn-jpdc2024/data/application-scaling/ampere02-35760925/gradient-compression-middle.csv,0.00043402777777777775,30,1.6856339999999999,1.6845475,1.68634975,0.037264910413529875,False,False
gradient-compression,e77ffd0b75f255761df3bc4c0830771bb75243da7d366a0e80be0186efb789d4,2359296,1,1024,0.0,0,bits-prefetch,1,256,4,output_isolated,/home/jirka/research/2024/bits-knn-jpdc2024/data/application-scaling/ampere02-35760925/gradient-compression-middle.csv,0.00043402777777777775,30,0.0091435,0.008858,0.00932975,0.8927106687811013,False,False
gradient-compression,e77ffd0b75f255761df3bc4c0830771bb75243da7d366a0e80be0186efb789d4,2359296,1,1024,0.0,0,bits-prefetch,1,256,4,selection_isolated,/home/jirka/research/2024/bits-knn-jpdc2024/data/application-scaling/ampere02-35760925/gradient-compression-middle.csv,0.00043402777777777775,30,1.6678375,1.6667925000000001,1.66967675,0.02770623636895081,False,False
gradient-compression,e77ffd0b75f255761df3bc4c0830771bb75243da7d366a0e80be0186efb789d4,2359296,1,1024,0.0,0,bits-prefetch,1,256,4,transform_isolated,/home/jirka/research/2024/bits-knn-jpdc2024/data/application-scaling/ampere02-35760925/gradient-compression-middle.csv,0.00043402777777777775,30,0.014742,0.0146745,0.014859750000000001,1.0139736806403472,False,False
gradient-compression,e77ffd0b75f255761df3bc4c0830771bb75243da7d366a0e80be0186efb789d4,2359296,1,1024,0.0,0,bits-prefetch,1,256,4,upload_shared,/home/jirka/research/2024/bits-knn-jpdc2024/data/application-scaling/ampere02-35760925/gradient-compression-middle.csv,0.00043402777777777775,1,0.4682,0.4682,0.4682,1.2659077317385734,False,False
gradient-compression,e77ffd0b75f255761df3bc4c0830771bb75243da7d366a0e80be0186efb789d4,2359296,1,1024,0.0,0,bits-prefetch,1,256,7,download,/home/jirka/research/2024/bits-knn-jpdc2024/data/application-scaling/ampere02-35760925/gradient-compression-middle.csv,0.00043402777777777775,30,0.009099,0.00870325,0.0098875,0.969172436531487,False,False
gradient-compression,e77ffd0b75f255761df3bc4c0830771bb75243da7d366a0e80be0186efb789d4,2359296,1,1024,0.0,0,bits-prefetch,1,256,7,operator,/home/jirka/research/2024/bits-knn-jpdc2024/data/application-scaling/ampere02-35760925/gradient-compression-middle.csv,0.00043402777777777775,30,1.1928425,1.1922567499999999,1.1938615000000001,0.05265992786138992,False,False
gradient-compression,e77ffd0b75f255761df3bc4c0830771bb75243da7d366a0e80be0186efb789d4,2359296,1,1024,0.0,0,bits-prefetch,1,256,7,output_isolated,/home/jirka/research/2024/bits-knn-jpdc2024/data/application-scaling/ampere02-35760925/gradient-compression-middle.csv,0.00043402777777777775,30,0.0086585,0.008262750000000001,0.009101499999999998,0.9427152509095109,False,False
gradient-compression,e77ffd0b75f255761df3bc4c0830771bb75243da7d366a0e80be0186efb789d4,2359296,1,1024,0.0,0,bits-prefetch,1,256,7,selection_isolated,/home/jirka/research/2024/bits-knn-jpdc2024/data/application-scaling/ampere02-35760925/gradient-compression-middle.csv,0.00043402777777777775,30,1.1752859999999998,1.174464,1.1765705,0.03931766395583714,False,False
gradient-compression,e77ffd0b75f255761df3bc4c0830771bb75243da7d366a0e80be0186efb789d4,2359296,1,1024,0.0,0,bits-prefetch,1,256,7,transform_isolated,/home/jirka/research/2024/bits-knn-jpdc2024/data/application-scaling/ampere02-35760925/gradient-compression-middle.csv,0.00043402777777777775,30,0.0147525,0.0146545,0.01489275,1.0132519911879343,False,False
gradient-compression,e77ffd0b75f255761df3bc4c0830771bb75243da7d366a0e80be0186efb789d4,2359296,1,1024,0.0,0,bits-prefetch,1,256,7,upload_shared,/home/jirka/research/2024/bits-knn-jpdc2024/data/application-scaling/ampere02-35760925/gradient-compression-middle.csv,0.00043402777777777775,1,0.489893,0.489893,0.489893,1.209851947261953,False,False
gradient-compression,e77ffd0b75f255761df3bc4c0830771bb75243da7d366a0e80be0186efb789d4,2359296,1,1024,0.0,0,bits-prefetch,1,256,8,download,/home/jirka/research/2024/bits-knn-jpdc2024/data/application-scaling/ampere02-35760925/gradient-compression-middle.csv,0.00043402777777777775,30,0.00944,0.0089465,0.00991725,0.9341631355932203,False,False
gradient-compression,e77ffd0b75f255761df3bc4c0830771bb75243da7d366a0e80be0186efb789d4,2359296,1,1024,0.0,0,bits-prefetch,1,256,8,operator,/home/jirka/research/2024/bits-knn-jpdc2024/data/application-scaling/ampere02-35760925/gradient-compression-middle.csv,0.00043402777777777775,30,1.1361919999999999,1.13566075,1.13686275,0.05528555032952179,False,False
gradient-compression,e77ffd0b75f255761df3bc4c0830771bb75243da7d366a0e80be0186efb789d4,2359296,1,1024,0.0,0,bits-prefetch,1,256,8,output_isolated,/home/jirka/research/2024/bits-knn-jpdc2024/data/application-scaling/ampere02-35760925/gradient-compression-middle.csv,0.00043402777777777775,30,0.008608000000000001,0.00827525,0.009058749999999999,0.948245817843866,False,False
gradient-compression,e77ffd0b75f255761df3bc4c0830771bb75243da7d366a0e80be0186efb789d4,2359296,1,1024,0.0,0,bits-prefetch,1,256,8,selection_isolated,/home/jirka/research/2024/bits-knn-jpdc2024/data/application-scaling/ampere02-35760925/gradient-compression-middle.csv,0.00043402777777777775,30,1.1183699999999999,1.11757075,1.1193385,0.041318615485036264,False,False
gradient-compression,e77ffd0b75f255761df3bc4c0830771bb75243da7d366a0e80be0186efb789d4,2359296,1,1024,0.0,0,bits-prefetch,1,256,8,transform_isolated,/home/jirka/research/2024/bits-knn-jpdc2024/data/application-scaling/ampere02-35760925/gradient-compression-middle.csv,0.00043402777777777775,30,0.0148325,0.0146495,0.0149605,1.0077869543232765,False,False
gradient-compression,e77ffd0b75f255761df3bc4c0830771bb75243da7d366a0e80be0186efb789d4,2359296,1,1024,0.0,0,bits-prefetch,1,256,8,upload_shared,/home/jirka/research/2024/bits-knn-jpdc2024/data/application-scaling/ampere02-35760925/gradient-compression-middle.csv,0.00043402777777777775,1,0.483072,0.483072,0.483072,1.2269351152623214,False,False
gradient-compression,e77ffd0b75f255761df3bc4c0830771bb75243da7d366a0e80be0186efb789d4,2359296,1,1024,0.0,0,bits-prefetch,1,256,13,download,/home/jirka/research/2024/bits-knn-jpdc2024/data/application-scaling/ampere02-35760925/gradient-compression-middle.csv,0.00043402777777777775,30,0.008678,0.008542999999999999,0.009361500000000002,1.0161903664438812,False,False
gradient-compression,e77ffd0b75f255761df3bc4c0830771bb75243da7d366a0e80be0186efb789d4,2359296,1,1024,0.0,0,bits-prefetch,1,256,13,operator,/home/jirka/research/2024/bits-knn-jpdc2024/data/application-scaling/ampere02-35760925/gradient-compression-middle.csv,0.00043402777777777775,30,0.967741,0.96697275,0.96849975,0.06490889607859955,False,False
gradient-compression,e77ffd0b75f255761df3bc4c0830771bb75243da7d366a0e80be0186efb789d4,2359296,1,1024,0.0,0,bits-prefetch,1,256,13,output_isolated,/home/jirka/research/2024/bits-knn-jpdc2024/data/application-scaling/ampere02-35760925/gradient-compression-middle.csv,0.00043402777777777775,30,0.008583,0.008334749999999998,0.00892625,0.9510078061283933,False,False
gradient-compression,e77ffd0b75f255761df3bc4c0830771bb75243da7d366a0e80be0186efb789d4,2359296,1,1024,0.0,0,bits-prefetch,1,256,13,selection_isolated,/home/jirka/research/2024/bits-knn-jpdc2024/data/application-scaling/ampere02-35760925/gradient-compression-middle.csv,0.00043402777777777775,30,0.9502145,0.9496389999999999,0.9506575,0.04863059867008976,False,False
gradient-compression,e77ffd0b75f255761df3bc4c0830771bb75243da7d366a0e80be0186efb789d4,2359296,1,1024,0.0,0,bits-prefetch,1,256,13,transform_isolated,/home/jirka/research/2024/bits-knn-jpdc2024/data/application-scaling/ampere02-35760925/gradient-compression-middle.csv,0.00043402777777777775,30,0.014722,0.0145695,0.014943000000000001,1.0153511751120772,False,False
gradient-compression,e77ffd0b75f255761df3bc4c0830771bb75243da7d366a0e80be0186efb789d4,2359296,1,1024,0.0,0,bits-prefetch,1,256,13,upload_shared,/home/jirka/research/2024/bits-knn-jpdc2024/data/application-scaling/ampere02-35760925/gradient-compression-middle.csv,0.00043402777777777775,1,0.47947700000000004,0.47947700000000004,0.47947700000000004,1.2361343714088475,False,False
gradient-compression,e77ffd0b75f255761df3bc4c0830771bb75243da7d366a0e80be0186efb789d4,2359296,1,1024,0.0,0,bits-prefetch,1,256,16,download,/home/jirka/research/2024/bits-knn-jpdc2024/data/application-scaling/ampere02-35760925/gradient-compression-middle.csv,0.00043402777777777775,30,0.0088435,0.0085655,0.0094715,0.9971730649629671,False,False
gradient-compression,e77ffd0b75f255761df3bc4c0830771bb75243da7d366a0e80be0186efb789d4,2359296,1,1024,0.0,0,bits-prefetch,1,256,16,operator,/home/jirka/research/2024/bits-knn-jpdc2024/data/application-scaling/ampere02-35760925/gradient-compression-middle.csv,0.00043402777777777775,30,0.938657,0.9383845,0.93912525,0.06692007836728434,False,False
gradient-compression,e77ffd0b75f255761df3bc4c0830771bb75243da7d366a0e80be0186efb789d4,2359296,1,1024,0.0,0,bits-prefetch,1,256,16,output_isolated,/home/jirka/research/2024/bits-knn-jpdc2024/data/application-scaling/ampere02-35760925/gradient-compression-middle.csv,0.00043402777777777775,30,0.008768499999999999,0.008398000000000001,0.009115749999999999,0.9308889775902379,False,False
gradient-compression,e77ffd0b75f255761df3bc4c0830771bb75243da7d366a0e80be0186efb789d4,2359296,1,1024,0.0,0,bits-prefetch,1,256,16,selection_isolated,/home/jirka/research/2024/bits-knn-jpdc2024/data/application-scaling/ampere02-35760925/gradient-compression-middle.csv,0.00043402777777777775,30,0.9211055,0.92062975,0.9214720000000001,0.05016743467496394,False,False
gradient-compression,e77ffd0b75f255761df3bc4c0830771bb75243da7d366a0e80be0186efb789d4,2359296,1,1024,0.0,0,bits-prefetch,1,256,16,transform_isolated,/home/jirka/research/2024/bits-knn-jpdc2024/data/application-scaling/ampere02-35760925/gradient-compression-middle.csv,0.00043402777777777775,30,0.014717000000000001,0.014642249999999999,0.01481975,1.0156961337229053,False,False
gradient-compression,e77ffd0b75f255761df3bc4c0830771bb75243da7d366a0e80be0186efb789d4,2359296,1,1024,0.0,0,bits-prefetch,1,256,16,upload_shared,/home/jirka/research/2024/bits-knn-jpdc2024/data/application-scaling/ampere02-35760925/gradient-compression-middle.csv,0.00043402777777777775,1,0.476161,0.476161,0.476161,1.2447428495823893,False,False
gradient-compression,e77ffd0b75f255761df3bc4c0830771bb75243da7d366a0e80be0186efb789d4,2359296,1,1024,0.0,0,bits-prefetch,1,512,4,download,/home/jirka/research/2024/bits-knn-jpdc2024/data/application-scaling/ampere02-35760925/gradient-compression-middle.csv,0.00043402777777777775,30,0.009164,0.008793,0.00973975,0.9622981230903536,False,False
gradient-compression,e77ffd0b75f255761df3bc4c0830771bb75243da7d366a0e80be0186efb789d4,2359296,1,1024,0.0,0,bits-prefetch,1,512,4,operator,/home/jirka/research/2024/bits-knn-jpdc2024/data/application-scaling/ampere02-35760925/gradient-compression-middle.csv,0.00043402777777777775,30,0.975588,0.9748622499999999,0.9763022499999999,0.06438681082588142,False,False
gradient-compression,e77ffd0b75f255761df3bc4c0830771bb75243da7d366a0e80be0186efb789d4,2359296,1,1024,0.0,0,bits-prefetch,1,512,4,output_isolated,/home/jirka/research/2024/bits-knn-jpdc2024/data/application-scaling/ampere02-35760925/gradient-compression-middle.csv,0.00043402777777777775,30,0.008723,0.00818725,0.009029,0.9357445832855669,False,False
gradient-compression,e77ffd0b75f255761df3bc4c0830771bb75243da7d366a0e80be0186efb789d4,2359296,1,1024,0.0,0,bits-prefetch,1,512,4,selection_isolated,/home/jirka/research/2024/bits-knn-jpdc2024/data/application-scaling/ampere02-35760925/gradient-compression-middle.csv,0.00043402777777777775,30,0.9585480000000001,0.9575185,0.95923375,0.048207810146179426,False,False
gradient-compression,e77ffd0b75f255761df3bc4c0830771bb75243da7d366a0e80be0186efb789d4,2359296,1,1024,0.0,0,bits-prefetch,1,512,4,transform_isolated,/home/jirka/research/2024/bits-knn-jpdc2024/data/application-scaling/ampere02-35760925/gradient-compression-middle.csv,0.00043402777777777775,30,0.014707999999999999,0.014599500000000001,0.0148405,1.0163176502583628,False,False
gradient-compression,e77ffd0b75f255761df3bc4c0830771bb75243da7d366a0e80be0186efb789d4,2359296,1,1024,0.0,0,bits-prefetch,1,512,4,upload_shared,/home/jirka/research/2024/bits-knn-jpdc2024/data/application-scaling/ampere02-35760925/gradient-compression-middle.csv,0.00043402777777777775,1,0.486397,0.486397,0.486397,1.2185478117669313,False,False
gradient-compression,e77ffd0b75f255761df3bc4c0830771bb75243da7d366a0e80be0186efb789d4,2359296,1,1024,0.0,0,bits-prefetch,1,512,7,download,/home/jirka/research/2024/bits-knn-jpdc2024/data/application-scaling/ampere02-35760925/gradient-compression-middle.csv,0.00043402777777777775,30,0.009108499999999999,0.008733,0.009764749999999999,0.9681616072898942,False,False
gradient-compression,e77ffd0b75f255761df3bc4c0830771bb75243da7d366a0e80be0186efb789d4,2359296,1,1024,0.0,0,bits-prefetch,1,512,7,operator,/home/jirka/research/2024/bits-knn-jpdc2024/data/application-scaling/ampere02-35760925/gradient-compression-middle.csv,0.00043402777777777775,30,0.8392265000000001,0.8387085,0.839547,0.07484868506892954,False,False
gradient-compression,e77ffd0b75f255761df3bc4c0830771bb75243da7d366a0e80be0186efb789d4,2359296,1,1024,0.0,0,bits-prefetch,1,512,7,output_isolated,/home/jirka/research/2024/bits-knn-jpdc2024/data/application-scaling/ampere02-35760925/gradient-compression-middle.csv,0.00043402777777777775,30,0.008653000000000001,0.00834475,0.00894325,0.9433144574136136,False,False
gradient-compression,e77ffd0b75f255761df3bc4c0830771bb75243da7d366a0e80be0186efb789d4,2359296,1,1024,0.0,0,bits-prefetch,1,512,7,selection_isolated,/home/jirka/research/2024/bits-knn-jpdc2024/data/application-scaling/ampere02-35760925/gradient-compression-middle.csv,0.00043402777777777775,30,0.821755,0.821429,0.8222585,0.05623269709341592,False,False
gradient-compression,e77ffd0b75f255761df3bc4c0830771bb75243da7d366a0e80be0186efb789d4,2359296,1,1024,0.0,0,bits-prefetch,1,512,7,transform_isolated,/home/jirka/research/2024/bits-knn-jpdc2024/data/application-scaling/ampere02-35760925/gradient-compression-middle.csv,0.00043402777777777775,30,0.014807,0.014646999999999999,0.014970250000000001,1.0095225231309515,False,False
gradient-compression,e77ffd0b75f255761df3bc4c0830771bb75243da7d366a0e80be0186efb789d4,2359296,1,1024,0.0,0,bits-prefetch,1,512,7,upload_shared,/home/jirka/research/2024/bits-knn-jpdc2024/data/application-scaling/ampere02-35760925/gradient-compression-middle.csv,0.00043402777777777775,1,0.468801,0.468801,0.468801,1.264284845808776,False,False
gradient-compression,e77ffd0b75f255761df3bc4c0830771bb75243da7d366a0e80be0186efb789d4,2359296,1,1024,0.0,0,bits-prefetch,1,512,8,download,/home/jirka/research/2024/bits-knn-jpdc2024/data/application-scaling/ampere02-35760925/gradient-compression-middle.csv,0.00043402777777777775,30,0.009234,0.008638,0.00957975,0.9550032488628981,False,False
gradient-compression,e77ffd0b75f255761df3bc4c0830771bb75243da7d366a0e80be0186efb789d4,2359296,1,1024,0.0,0,bits-prefetch,1,512,8,operator,/home/jirka/research/2024/bits-knn-jpdc2024/data/application-scaling/ampere02-35760925/gradient-compression-middle.csv,0.00043402777777777775,30,0.8166680000000001,0.816182,0.8172505,0.0769162009531413,False,False
gradient-compression,e77ffd0b75f255761df3bc4c0830771bb75243da7d366a0e80be0186efb789d4,2359296,1,1024,0.0,0,bits-prefetch,1,512,8,output_isolated,/home/jirka/research/2024/bits-knn-jpdc2024/data/application-scaling/ampere02-35760925/gradient-compression-middle.csv,0.00043402777777777775,30,0.008428000000000001,0.008263,0.008638,0.9684978642619837,False,False
gradient-compression,e77ffd0b75f255761df3bc4c0830771bb75243da7d366a0e80be0186efb789d4,2359296,1,1024,0.0,0,bits-prefetch,1,512,8,selection_isolated,/home/jirka/research/2024/bits-knn-jpdc2024/data/application-scaling/ampere02-35760925/gradient-compression-middle.csv,0.00043402777777777775,30,0.799291,0.7990132499999999,0.7996719999999999,0.05781311187039514,False,False
gradient-compression,e77ffd0b75f255761df3bc4c0830771bb75243da7d366a0e80be0186efb789d4,2359296,1,1024,0.0,0,bits-prefetch,1,512,8,transform_isolated,/home/jirka/research/2024/bits-knn-jpdc2024/data/application-scaling/ampere02-35760925/gradient-compression-middle.csv,0.00043402777777777775,30,0.014807500000000001,0.01467275,0.01498025,1.009488434914739,False,False
gradient-compression,e77ffd0b75f255761df3bc4c0830771bb75243da7d366a0e80be0186efb789d4,2359296,1,1024,0.0,0,bits-prefetch,1,512,8,upload_shared,/home/jirka/research/2024/bits-knn-jpdc2024/data/application-scaling/ampere02-35760925/gradient-compression-middle.csv,0.00043402777777777775,1,0.48927200000000004,0.48927200000000004,0.48927200000000004,1.2113875308621789,False,False
gradient-compression,e77ffd0b75f255761df3bc4c0830771bb75243da7d366a0e80be0186efb789d4,2359296,1,1024,0.0,0,bits-prefetch,1,512,13,download,/home/jirka/research/2024/bits-knn-jpdc2024/data/application-scaling/ampere02-35760925/gradient-compression-middle.csv,0.00043402777777777775,30,0.0088535,0.008725749999999999,0.009354000000000001,0.9960467611678997,True,False
gradient-compression,e77ffd0b75f255761df3bc4c0830771bb75243da7d366a0e80be0186efb789d4,2359296,1,1024,0.0,0,bits-prefetch,1,512,13,operator,/home/jirka/research/2024/bits-knn-jpdc2024/data/application-scaling/ampere02-35760925/gradient-compression-middle.csv,0.00043402777777777775,30,0.715093,0.7148205000000001,0.7158275,0.08784172128660189,True,False
gradient-compression,e77ffd0b75f255761df3bc4c0830771bb75243da7d366a0e80be0186efb789d4,2359296,1,1024,0.0,0,bits-prefetch,1,512,13,output_isolated,/home/jirka/research/2024/bits-knn-jpdc2024/data/application-scaling/ampere02-35760925/gradient-compression-middle.csv,0.00043402777777777775,30,0.0085425,0.00831225,0.0087155,0.9555165349721978,True,False
gradient-compression,e77ffd0b75f255761df3bc4c0830771bb75243da7d366a0e80be0186efb789d4,2359296,1,1024,0.0,0,bits-prefetch,1,512,13,selection_isolated,/home/jirka/research/2024/bits-knn-jpdc2024/data/application-scaling/ampere02-35760925/gradient-compression-middle.csv,0.00043402777777777775,30,0.6979525,0.6975420000000001,0.69823525,0.06620722756921138,True,False
gradient-compression,e77ffd0b75f255761df3bc4c0830771bb75243da7d366a0e80be0186efb789d4,2359296,1,1024,0.0,0,bits-prefetch,1,512,13,transform_isolated,/home/jirka/research/2024/bits-knn-jpdc2024/data/application-scaling/ampere02-35760925/gradient-compression-middle.csv,0.00043402777777777775,30,0.014727500000000001,0.0146155,0.01488725,1.0149719911729755,True,False
gradient-compression,e77ffd0b75f255761df3bc4c0830771bb75243da7d366a0e80be0186efb789d4,2359296,1,1024,0.0,0,bits-prefetch,1,512,13,upload_shared,/home/jirka/research/2024/bits-knn-jpdc2024/data/application-scaling/ampere02-35760925/gradient-compression-middle.csv,0.00043402777777777775,1,0.486246,0.486246,0.486246,1.2189262225293371,True,False
gradient-compression,e77ffd0b75f255761df3bc4c0830771bb75243da7d366a0e80be0186efb789d4,2359296,1,1024,0.0,0,bits-prefetch,1,512,16,download,/home/jirka/research/2024/bits-knn-jpdc2024/data/application-scaling/ampere02-35760925/gradient-compression-middle.csv,0.00043402777777777775,30,0.009014,0.00871325,0.00962925,0.9783115154204571,False,False
gradient-compression,e77ffd0b75f255761df3bc4c0830771bb75243da7d366a0e80be0186efb789d4,2359296,1,1024,0.0,0,bits-prefetch,1,512,16,operator,/home/jirka/research/2024/bits-knn-jpdc2024/data/application-scaling/ampere02-35760925/gradient-compression-middle.csv,0.00043402777777777775,30,0.7614839999999999,0.7604697499999999,0.7625677500000001,0.08249024273655128,False,False
gradient-compression,e77ffd0b75f255761df3bc4c0830771bb75243da7d366a0e80be0186efb789d4,2359296,1,1024,0.0,0,bits-prefetch,1,512,16,output_isolated,/home/jirka/research/2024/bits-knn-jpdc2024/data/application-scaling/ampere02-35760925/gradient-compression-middle.csv,0.00043402777777777775,30,0.0086485,0.008343,0.008930500000000001,0.9438052841533213,False,False
gradient-compression,e77ffd0b75f255761df3bc4c0830771bb75243da7d366a0e80be0186efb789d4,2359296,1,1024,0.0,0,bits-prefetch,1,512,16,selection_isolated,/home/jirka/research/2024/bits-knn-jpdc2024/data/application-scaling/ampere02-35760925/gradient-compression-middle.csv,0.00043402777777777775,30,0.7413885,0.7409047499999999,0.74154625,0.0623283204419815,False,False
gradient-compression,e77ffd0b75f255761df3bc4c0830771bb75243da7d366a0e80be0186efb789d4,2359296,1,1024,0.0,0,bits-prefetch,1,512,16,transform_isolated,/home/jirka/research/2024/bits-knn-jpdc2024/data/application-scaling/ampere02-35760925/gradient-compression-middle.csv,0.00043402777777777775,30,0.0149475,0.014856999999999999,0.015175250000000001,1.0000334504097674,False,False
gradient-compression,e77ffd0b75f255761df3bc4c0830771bb75243da7d366a0e80be0186efb789d4,2359296,1,1024,0.0,0,bits-prefetch,1,512,16,upload_shared,/home/jirka/research/2024/bits-knn-jpdc2024/data/application-scaling/ampere02-35760925/gradient-compression-middle.csv,0.00043402777777777775,1,0.5926980000000001,0.5926980000000001,0.5926980000000001,1.0,False,False
gradient-compression,e77ffd0b75f255761df3bc4c0830771bb75243da7d366a0e80be0186efb789d4,2359296,1,1024,0.0,0,bits-sq,8,128,4,download,/home/jirka/research/2024/bits-knn-jpdc2024/data/application-scaling/ampere02-35760925/gradient-compression-middle.csv,0.00043402777777777775,30,0.009063499999999999,0.0087455,0.00932175,0.9729685000275833,False,False
gradient-compression,e77ffd0b75f255761df3bc4c0830771bb75243da7d366a0e80be0186efb789d4,2359296,1,1024,0.0,0,bits-sq,8,128,4,operator,/home/jirka/research/2024/bits-knn-jpdc2024/data/application-scaling/ampere02-35760925/gradient-compression-middle.csv,0.00043402777777777775,30,0.6397445,0.6346670000000001,0.64371475,0.0981876358452476,False,False
gradient-compression,e77ffd0b75f255761df3bc4c0830771bb75243da7d366a0e80be0186efb789d4,2359296,1,1024,0.0,0,bits-sq,8,128,4,output_isolated,/home/jirka/research/2024/bits-knn-jpdc2024/data/application-scaling/ampere02-35760925/gradient-compression-middle.csv,0.00043402777777777775,30,0.008487999999999999,0.008272,0.008653000000000001,0.9616517436380774,False,False
gradient-compression,e77ffd0b75f255761df3bc4c0830771bb75243da7d366a0e80be0186efb789d4,2359296,1,1024,0.0,0,bits-sq,8,128,4,selection_isolated,/home/jirka/research/2024/bits-knn-jpdc2024/data/application-scaling/ampere02-35760925/gradient-compression-middle.csv,0.00043402777777777775,30,0.6160835,0.615067,0.61673175,0.07500525496949682,False,False
gradient-compression,e77ffd0b75f255761df3bc4c0830771bb75243da7d366a0e80be0186efb789d4,2359296,1,1024,0.0,0,bits-sq,8,128,4,transform_isolated,/home/jirka/research/2024/bits-knn-jpdc2024/data/application-scaling/ampere02-35760925/gradient-compression-middle.csv,0.00043402777777777775,30,0.0149975,0.0148495,0.015153,0.9966994499083179,False,False
gradient-compression,e77ffd0b75f255761df3bc4c0830771bb75243da7d366a0e80be0186efb789d4,2359296,1,1024,0.0,0,bits-sq,8,128,4,upload_shared,/home/jirka/research/2024/bits-knn-jpdc2024/data/application-scaling/ampere02-35760925/gradient-compression-middle.csv,0.00043402777777777775,1,0.47943600000000003,0.47943600000000003,0.47943600000000003,1.2362400820964634,False,False
gradient-compression,e77ffd0b75f255761df3bc4c0830771bb75243da7d366a0e80be0186efb789d4,2359296,1,1024,0.0,0,bits-sq,8,128,7,download,/home/jirka/research/2024/bits-knn-jpdc2024/data/application-scaling/ampere02-35760925/gradient-compression-middle.csv,0.00043402777777777775,30,0.008878500000000001,0.0087455,0.009372499999999999,0.9932421017063692,False,False
gradient-compression,e77ffd0b75f255761df3bc4c0830771bb75243da7d366a0e80be0186efb789d4,2359296,1,1024,0.0,0,bits-sq,8,128,7,operator,/home/jirka/research/2024/bits-knn-jpdc2024/data/application-scaling/ampere02-35760925/gradient-compression-middle.csv,0.00043402777777777775,30,0.5636795,0.55378925,0.5660052499999999,0.1114374391830819,False,False
gradient-compression,e77ffd0b75f255761df3bc4c0830771bb75243da7d366a0e80be0186efb789d4,2359296,1,1024,0.0,0,bits-sq,8,128,7,output_isolated,/home/jirka/research/2024/bits-knn-jpdc2024/data/application-scaling/ampere02-35760925/gradient-compression-middle.csv,0.00043402777777777775,30,0.008568,0.008272749999999999,0.00887825,0.9526727357609711,False,False
gradient-compression,e77ffd0b75f255761df3bc4c0830771bb75243da7d366a0e80be0186efb789d4,2359296,1,1024,0.0,0,bits-sq,8,128,7,selection_isolated,/home/jirka/research/2024/bits-knn-jpdc2024/data/application-scaling/ampere02-35760925/gradient-compression-middle.csv,0.00043402777777777775,30,0.5368539999999999,0.53532625,0.54491325,0.08607461246446893,False,False
gradient-compression,e77ffd0b75f255761df3bc4c0830771bb75243da7d366a0e80be0186efb789d4,2359296,1,1024,0.0,0,bits-sq,8,128,7,transform_isolated,/home/jirka/research/2024/bits-knn-jpdc2024/data/application-scaling/ampere02-35760925/gradient-compression-middle.csv,0.00043402777777777775,30,0.015013,0.014922000000000001,0.015162750000000001,0.9956704189702258,False,False
gradient-compression,e77ffd0b75f255761df3bc4c0830771bb75243da7d366a0e80be0186efb789d4,2359296,1,1024,0.0,0,bits-sq,8,128,7,upload_shared,/home/jirka/research/2024/bits-knn-jpdc2024/data/application-scaling/ampere02-35760925/gradient-compression-middle.csv,0.00043402777777777775,1,0.477814,0.477814,0.477814,1.240436655267531,False,False
gradient-compression,e77ffd0b75f255761df3bc4c0830771bb75243da7d366a0e80be0186efb789d4,2359296,1,1024,0.0,0,bits-sq,8,128,8,download,/home/jirka/research/2024/bits-knn-jpdc2024/data/application-scaling/ampere02-35760925/gradient-compression-middle.csv,0.00043402777777777775,30,0.009259,0.008903000000000001,0.00973225,0.9524246678907009,False,False
gradient-compression,e77ffd0b75f255761df3bc4c0830771bb75243da7d366a0e80be0186efb789d4,2359296,1,1024,0.0,0,bits-sq,8,128,8,operator,/home/jirka/research/2024/bits-knn-jpdc2024/data/application-scaling/ampere02-35760925/gradient-compression-middle.csv,0.00043402777777777775,30,0.6335495,0.63098625,0.6357155,0.0991477382588101,False,False
gradient-compression,e77ffd0b75f255761df3bc4c0830771bb75243da7d366a0e80be0186efb789d4,2359296,1,1024,0.0,0,bits-sq,8,128,8,output_isolated,/home/jirka/research/2024/bits-knn-jpdc2024/data/application-scaling/ampere02-35760925/gradient-compression-middle.csv,0.00043402777777777775,30,0.008493,0.00835025,0.008763,0.9610855999058047,False,False
gradient-compression,e77ffd0b75f255761df3bc4c0830771bb75243da7d366a0e80be0186efb789d4,2359296,1,1024,0.0,0,bits-sq,8,128,8,selection_isolated,/home/jirka/research/2024/bits-knn-jpdc2024/data/application-scaling/ampere02-35760925/gradient-compression-middle.csv,0.00043402777777777775,30,0.6128435,0.612418,0.61392,0.07540179507492532,False,False
gradient-compression,e77ffd0b75f255761df3bc4c0830771bb75243da7d366a0e80be0186efb789d4,2359296,1,1024,0.0,0,bits-sq,8,128,8,transform_isolated,/home/jirka/research/2024/bits-knn-jpdc2024/data/application-scaling/ampere02-35760925/gradient-compression-middle.csv,0.00043402777777777775,30,0.015042999999999999,0.01490225,0.0151105,0.9936847703250682,False,False
gradient-compression,e77ffd0b75f255761df3bc4c0830771bb75243da7d366a0e80be0186efb789d4,2359296,1,1024,0.0,0,bits-sq,8,128,8,upload_shared,/home/jirka/research/2024/bits-knn-jpdc2024/data/application-scaling/ampere02-35760925/gradient-compression-middle.csv,0.00043402777777777775,1,0.488179,0.488179,0.488179,1.2140997461996523,False,False
gradient-compression,e77ffd0b75f255761df3bc4c0830771bb75243da7d366a0e80be0186efb789d4,2359296,1,1024,0.0,0,bits-sq,8,128,13,download,/home/jirka/research/2024/bits-knn-jpdc2024/data/application-scaling/ampere02-35760925/gradient-compression-middle.csv,0.00043402777777777775,30,0.0093095,0.008845500000000001,0.009705,0.9472581771308878,False,False
gradient-compression,e77ffd0b75f255761df3bc4c0830771bb75243da7d366a0e80be0186efb789d4,2359296,1,1024,0.0,0,bits-sq,8,128,13,operator,/home/jirka/research/2024/bits-knn-jpdc2024/data/application-scaling/ampere02-35760925/gradient-compression-middle.csv,0.00043402777777777775,30,0.612633,0.6085394999999999,0.61648225,0.10253283776747255,False,False
gradient-compression,e77ffd0b75f255761df3bc4c0830771bb75243da7d366a0e80be0186efb789d4,2359296,1,1024,0.0,0,bits-sq,8,128,13,output_isolated,/home/jirka/research/2024/bits-knn-jpdc2024/data/application-scaling/ampere02-35760925/gradient-compression-middle.csv,0.00043402777777777775,30,0.008468,0.0083255,0.00872075,0.963923004251299,False,False
gradient-compression,e77ffd0b75f255761df3bc4c0830771bb75243da7d366a0e80be0186efb789d4,2359296,1,1024,0.0,0,bits-sq,8,128,13,selection_isolated,/home/jirka/research/2024/bits-knn-jpdc2024/data/application-scaling/ampere02-35760925/gradient-compression-middle.csv,0.00043402777777777775,30,0.591206,0.589854,0.5920545,0.07816141920075236,False,False
gradient-compression,e77ffd0b75f255761df3bc4c0830771bb75243da7d366a0e80be0186efb789d4,2359296,1,1024,0.0,0,bits-sq,8,128,13,transform_isolated,/home/jirka/research/2024/bits-knn-jpdc2024/data/application-scaling/ampere02-35760925/gradient-compression-middle.csv,0.00043402777777777775,30,0.014993000000000001,0.014935499999999997,0.015123000000000001,0.9969985993463615,False,False
gradient-compression,e77ffd0b75f255761df3bc4c0830771bb75243da7d366a0e80be0186efb789d4,2359296,1,1024,0.0,0,bits-sq,8,128,13,upload_shared,/home/jirka/research/2024/bits-knn-jpdc2024/data/application-scaling/ampere02-35760925/gradient-compression-middle.csv,0.00043402777777777775,1,0.482701,0.482701,0.482701,1.2278781274536412,False,False
gradient-compression,e77ffd0b75f255761df3bc4c0830771bb75243da7d366a0e80be0186efb789d4,2359296,1,1024,0.0,0,bits-sq,8,128,16,download,/home/jirka/research/2024/bits-knn-jpdc2024/data/application-scaling/ampere02-35760925/gradient-compression-middle.csv,0.00043402777777777775,30,0.0088385,0.008655749999999999,0.009311499999999999,0.9977371725971602,False,False
gradient-compression,e77ffd0b75f255761df3bc4c0830771bb75243da7d366a0e80be0186efb789d4,2359296,1,1024,0.0,0,bits-sq,8,128,16,operator,/home/jirka/research/2024/bits-knn-jpdc2024/data/application-scaling/ampere02-35760925/gradient-compression-middle.csv,0.00043402777777777775,30,0.607821,0.6013709999999999,0.61472175,0.10334457019418548,False,False
gradient-compression,e77ffd0b75f255761df3bc4c0830771bb75243da7d366a0e80be0186efb789d4,2359296,1,1024,0.0,0,bits-sq,8,128,16,output_isolated,/home/jirka/research/2024/bits-knn-jpdc2024/data/application-scaling/ampere02-35760925/gradient-compression-middle.csv,0.00043402777777777775,30,0.008738,0.008402999999999999,0.008999,0.9341382467383841,False,False
gradient-compression,e77ffd0b75f255761df3bc4c0830771bb75243da7d366a0e80be0186efb789d4,2359296,1,1024,0.0,0,bits-sq,8,128,16,selection_isolated,/home/jirka/research/2024/bits-knn-jpdc2024/data/application-scaling/ampere02-35760925/gradient-compression-middle.csv,0.00043402777777777775,30,0.5830435,0.581954,0.583975,0.0792556644572832,False,False
gradient-compression,e77ffd0b75f255761df3bc4c0830771bb75243da7d366a0e80be0186efb789d4,2359296,1,1024,0.0,0,bits-sq,8,128,16,transform_isolated,/home/jirka/research/2024/bits-knn-jpdc2024/data/application-scaling/ampere02-35760925/gradient-compression-middle.csv,0.00043402777777777775,30,0.015047999999999999,0.014865499999999999,0.0151405,0.9933545986177565,False,False
gradient-compression,e77ffd0b75f255761df3bc4c0830771bb75243da7d366a0e80be0186efb789d4,2359296,1,1024,0.0,0,bits-sq,8,128,16,upload_shared,/home/jirka/research/2024/bits-knn-jpdc2024/data/application-scaling/ampere02-35760925/gradient-compression-middle.csv,0.00043402777777777775,1,0.480247,0.480247,0.480247,1.2341524257309262,False,False
gradient-compression,e77ffd0b75f255761df3bc4c0830771bb75243da7d366a0e80be0186efb789d4,2359296,1,1024,0.0,0,bits-sq,8,256,4,download,/home/jirka/research/2024/bits-knn-jpdc2024/data/application-scaling/ampere02-35760925/gradient-compression-middle.csv,0.00043402777777777775,30,0.008683,0.008605500000000002,0.009226499999999999,1.0156052055741103,False,False
gradient-compression,e77ffd0b75f255761df3bc4c0830771bb75243da7d366a0e80be0186efb789d4,2359296,1,1024,0.0,0,bits-sq,8,256,4,operator,/home/jirka/research/2024/bits-knn-jpdc2024/data/application-scaling/ampere02-35760925/gradient-compression-middle.csv,0.00043402777777777775,30,0.426972,0.423056,0.431334,0.14711737537824496,False,False
gradient-compression,e77ffd0b75f255761df3bc4c0830771bb75243da7d366a0e80be0186efb789d4,2359296,1,1024,0.0,0,bits-sq,8,256,4,output_isolated,/home/jirka/research/2024/bits-knn-jpdc2024/data/application-scaling/ampere02-35760925/gradient-compression-middle.csv,0.00043402777777777775,30,0.008623,0.0082805,0.009089,0.9465963121883334,False,False
gradient-compression,e77ffd0b75f255761df3bc4c0830771bb75243da7d366a0e80be0186efb789d4,2359296,1,1024,0.0,0,bits-sq,8,256,4,selection_isolated,/home/jirka/research/2024/bits-knn-jpdc2024/data/application-scaling/ampere02-35760925/gradient-compression-middle.csv,0.00043402777777777775,30,0.40593999999999997,0.40572425,0.40639349999999996,0.11383332512193921,False,False
gradient-compression,e77ffd0b75f255761df3bc4c0830771bb75243da7d366a0e80be0186efb789d4,2359296,1,1024,0.0,0,bits-sq,8,256,4,transform_isolated,/home/jirka/research/2024/bits-knn-jpdc2024/data/application-scaling/ampere02-35760925/gradient-compression-middle.csv,0.00043402777777777775,30,0.0149975,0.014872999999999999,0.015088,0.9966994499083179,False,False
gradient-compression,e77ffd0b75f255761df3bc4c0830771bb75243da7d366a0e80be0186efb789d4,2359296,1,1024,0.0,0,bits-sq,8,256,4,upload_shared,/home/jirka/research/2024/bits-knn-jpdc2024/data/application-scaling/ampere02-35760925/gradient-compression-middle.csv,0.00043402777777777775,1,0.4682,0.4682,0.4682,1.2659077317385734,False,False
gradient-compression,e77ffd0b75f255761df3bc4c0830771bb75243da7d366a0e80be0186efb789d4,2359296,1,1024,0.0,0,bits-sq,8,256,7,download,/home/jirka/research/2024/bits-knn-jpdc2024/data/application-scaling/ampere02-35760925/gradient-compression-middle.csv,0.00043402777777777775,30,0.008783500000000001,0.008648,0.009299,1.0039847441225023,False,False
gradient-compression,e77ffd0b75f255761df3bc4c0830771bb75243da7d366a0e80be0186efb789d4,2359296,1,1024,0.0,0,bits-sq,8,256,7,operator,/home/jirka/research/2024/bits-knn-jpdc2024/data/application-scaling/ampere02-35760925/gradient-compression-middle.csv,0.00043402777777777775,30,0.3863305,0.382545,0.39042200000000005,0.1625939448218559,False,False
gradient-compression,e77ffd0b75f255761df3bc4c0830771bb75243da7d366a0e80be0186efb789d4,2359296,1,1024,0.0,0,bits-sq,8,256,7,output_isolated,/home/jirka/research/2024/bits-knn-jpdc2024/data/application-scaling/ampere02-35760925/gradient-compression-middle.csv,0.00043402777777777775,30,0.008383,0.00824975,0.008691250000000001,0.9736967672670881,False,False
gradient-compression,e77ffd0b75f255761df3bc4c0830771bb75243da7d366a0e80be0186efb789d4,2359296,1,1024,0.0,0,bits-sq,8,256,7,selection_isolated,/home/jirka/research/2024/bits-knn-jpdc2024/data/application-scaling/ampere02-35760925/gradient-compression-middle.csv,0.00043402777777777775,30,0.36518300000000004,0.364838,0.36563399999999996,0.12653792755960708,False,False
gradient-compression,e77ffd0b75f255761df3bc4c0830771bb75243da7d366a0e80be0186efb789d4,2359296,1,1024,0.0,0,bits-sq,8,256,7,transform_isolated,/home/jirka/research/2024/bits-knn-jpdc2024/data/application-scaling/ampere02-35760925/gradient-compression-middle.csv,0.00043402777777777775,30,0.014938,0.01487225,0.015078,1.0006694336591244,False,False
gradient-compression,e77ffd0b75f255761df3bc4c0830771bb75243da7d366a0e80be0186efb789d4,2359296,1,1024,0.0,0,bits-sq,8,256,7,upload_shared,/home/jirka/research/2024/bits-knn-jpdc2024/data/application-scaling/ampere02-35760925/gradient-compression-middle.csv,0.00043402777777777775,1,0.489893,0.489893,0.489893,1.209851947261953,False,False
gradient-compression,e77ffd0b75f255761df3bc4c0830771bb75243da7d366a0e80be0186efb789d4,2359296,1,1024,0.0,0,bits-sq,8,256,8,download,/home/jirka/research/2024/bits-knn-jpdc2024/data/application-scaling/ampere02-35760925/gradient-compression-middle.csv,0.00043402777777777775,30,0.008948000000000001,0.0087805,0.009434,0.9855274921770226,False,False
gradient-compression,e77ffd0b75f255761df3bc4c0830771bb75243da7d366a0e80be0186efb789d4,2359296,1,1024,0.0,0,bits-sq,8,256,8,operator,/home/jirka/research/2024/bits-knn-jpdc2024/data/application-scaling/ampere02-35760925/gradient-compression-middle.csv,0.00043402777777777775,30,0.370316,0.36597424999999995,0.37510875,0.16962540100886814,False,False
gradient-compression,e77ffd0b75f255761df3bc4c0830771bb75243da7d366a0e80be0186efb789d4,2359296,1,1024,0.0,0,bits-sq,8,256,8,output_isolated,/home/jirka/research/2024/bits-knn-jpdc2024/data/application-scaling/ampere02-35760925/gradient-compression-middle.csv,0.00043402777777777775,30,0.0085125,0.00827725,0.008750500000000001,0.9588839941262849,False,False
gradient-compression,e77ffd0b75f255761df3bc4c0830771bb75243da7d366a0e80be0186efb789d4,2359296,1,1024,0.0,0,bits-sq,8,256,8,selection_isolated,/home/jirka/research/2024/bits-knn-jpdc2024/data/application-scaling/ampere02-35760925/gradient-compression-middle.csv,0.00043402777777777775,30,0.348448,0.34792449999999997,0.34879125,0.13261519652860687,False,False
gradient-compression,e77ffd0b75f255761df3bc4c0830771bb75243da7d366a0e80be0186efb789d4,2359296,1,1024,0.0,0,bits-sq,8,256,8,transform_isolated,/home/jirka/research/2024/bits-knn-jpdc2024/data/application-scaling/ampere02-35760925/gradient-compression-middle.csv,0.00043402777777777775,30,0.014917999999999999,0.014851999999999999,0.015102,1.0020109934307548,False,False
gradient-compression,e77ffd0b75f255761df3bc4c0830771bb75243da7d366a0e80be0186efb789d4,2359296,1,1024,0.0,0,bits-sq,8,256,8,upload_shared,/home/jirka/research/2024/bits-knn-jpdc2024/data/application-scaling/ampere02-35760925/gradient-compression-middle.csv,0.00043402777777777775,1,0.483072,0.483072,0.483072,1.2269351152623214,False,False
gradient-compression,e77ffd0b75f255761df3bc4c0830771bb75243da7d366a0e80be0186efb789d4,2359296,1,1024,0.0,0,bits-sq,8,256,13,download,/home/jirka/research/2024/bits-knn-jpdc2024/data/application-scaling/ampere02-35760925/gradient-compression-middle.csv,0.00043402777777777775,30,0.0087285,0.0086155,0.009131499999999999,1.0103110500085926,False,False
gradient-compression,e77ffd0b75f255761df3bc4c0830771bb75243da7d366a0e80be0186efb789d4,2359296,1,1024,0.0,0,bits-sq,8,256,13,operator,/home/jirka/research/2024/bits-knn-jpdc2024/data/application-scaling/ampere02-35760925/gradient-compression-middle.csv,0.00043402777777777775,30,0.350686,0.34676075,0.3562975,0.17912035268017545,False,False
gradient-compression,e77ffd0b75f255761df3bc4c0830771bb75243da7d366a0e80be0186efb789d4,2359296,1,1024,0.0,0,bits-sq,8,256,13,output_isolated,/home/jirka/research/2024/bits-knn-jpdc2024/data/application-scaling/ampere02-35760925/gradient-compression-middle.csv,0.00043402777777777775,30,0.008293,0.00822525,0.0085055,0.9842638369709393,False,False
gradient-compression,e77ffd0b75f255761df3bc4c0830771bb75243da7d366a0e80be0186efb789d4,2359296,1,1024,0.0,0,bits-sq,8,256,13,selection_isolated,/home/jirka/research/2024/bits-knn-jpdc2024/data/application-scaling/ampere02-35760925/gradient-compression-middle.csv,0.00043402777777777775,30,0.3289035,0.32870299999999997,0.32920875,0.14049561649541584,False,False
gradient-compression,e77ffd0b75f255761df3bc4c0830771bb75243da7d366a0e80be0186efb789d4,2359296,1,1024,0.0,0,bits-sq,8,256,13,transform_isolated,/home/jirka/research/2024/bits-knn-jpdc2024/data/application-scaling/ampere02-35760925/gradient-compression-middle.csv,0.00043402777777777775,30,0.0149525,0.01489725,0.015105500000000001,0.99969904698211,False,False
gradient-compression,e77ffd0b75f255761df3bc4c0830771bb75243da7d366a0e80be0186efb789d4,2359296,1,1024,0.0,0,bits-sq,8,256,13,upload_shared,/home/jirka/research/2024/bits-knn-jpdc2024/data/application-scaling/ampere02-35760925/gradient-compression-middle.csv,0.00043402777777777775,1,0.47947700000000004,0.47947700000000004,0.47947700000000004,1.2361343714088475,False,False
gradient-compression,e77ffd0b75f255761df3bc4c0830771bb75243da7d366a0e80be0186efb789d4,2359296,1,1024,0.0,0,bits-sq,8,256,16,download,/home/jirka/research/2024/bits-knn-jpdc2024/data/application-scaling/ampere02-35760925/gradient-compression-middle.csv,0.00043402777777777775,30,0.0088135,0.008725499999999999,0.009211500000000001,1.0005673115107505,False,False
gradient-compression,e77ffd0b75f255761df3bc4c0830771bb75243da7d366a0e80be0186efb789d4,2359296,1,1024,0.0,0,bits-sq,8,256,16,operator,/home/jirka/research/2024/bits-knn-jpdc2024/data/application-scaling/ampere02-35760925/gradient-compression-middle.csv,0.00043402777777777775,30,0.3541265,0.34891925,0.36033849999999995,0.17738011699209183,False,False
gradient-compression,e77ffd0b75f255761df3bc4c0830771bb75243da7d366a0e80be0186efb789d4,2359296,1,1024,0.0,0,bits-sq,8,256,16,output_isolated,/home/jirka/research/2024/bits-knn-jpdc2024/data/application-scaling/ampere02-35760925/gradient-compression-middle.csv,0.00043402777777777775,30,0.008438000000000001,0.008287,0.0086905,0.9673500829580468,False,False
gradient-compression,e77ffd0b75f255761df3bc4c0830771bb75243da7d366a0e80be0186efb789d4,2359296,1,1024,0.0,0,bits-sq,8,256,16,selection_isolated,/home/jirka/research/2024/bits-knn-jpdc2024/data/application-scaling/ampere02-35760925/gradient-compression-middle.csv,0.00043402777777777775,30,0.33214350000000004,0.33175224999999997,0.3327165,0.13912510706968523,False,False
gradient-compression,e77ffd0b75f255761df3bc4c0830771bb75243da7d366a0e80be0186efb789d4,2359296,1,1024,0.0,0,bits-sq,8,256,16,transform_isolated,/home/jirka/research/2024/bits-knn-jpdc2024/data/application-scaling/ampere02-35760925/gradient-compression-middle.csv,0.00043402777777777775,30,0.014968,0.014872999999999999,0.0150905,0.998663816141101,False,False
gradient-compression,e77ffd0b75f255761df3bc4c0830771bb75243da7d366a0e80be0186efb789d4,2359296,1,1024,0.0,0,bits-sq,8,256,16,upload_shared,/home/jirka/research/2024/bits-knn-jpdc2024/data/application-scaling/ampere02-35760925/gradient-compression-middle.csv,0.00043402777777777775,1,0.476161,0.476161,0.476161,1.2447428495823893,False,False
gradient-compression,e77ffd0b75f255761df3bc4c0830771bb75243da7d366a0e80be0186efb789d4,2359296,1,1024,0.0,0,bits-sq,8,512,4,download,/home/jirka/research/2024/bits-knn-jpdc2024/data/application-scaling/ampere02-35760925/gradient-compression-middle.csv,0.00043402777777777775,30,0.008708500000000001,0.008598,0.00885375,1.0126313371992879,False,False
gradient-compression,e77ffd0b75f255761df3bc4c0830771bb75243da7d366a0e80be0186efb789d4,2359296,1,1024,0.0,0,bits-sq,8,512,4,operator,/home/jirka/research/2024/bits-knn-jpdc2024/data/application-scaling/ampere02-35760925/gradient-compression-middle.csv,0.00043402777777777775,30,0.3072355,0.30686675,0.30768375,0.20445228497357892,False,False
gradient-compression,e77ffd0b75f255761df3bc4c0830771bb75243da7d366a0e80be0186efb789d4,2359296,1,1024,0.0,0,bits-sq,8,512,4,output_isolated,/home/jirka/research/2024/bits-knn-jpdc2024/data/application-scaling/ampere02-35760925/gradient-compression-middle.csv,0.00043402777777777775,30,0.0084125,0.008212,0.008603999999999999,0.9702823179791976,False,False
gradient-compression,e77ffd0b75f255761df3bc4c0830771bb75243da7d366a0e80be0186efb789d4,2359296,1,1024,0.0,0,bits-sq,8,512,4,selection_isolated,/home/jirka/research/2024/bits-knn-jpdc2024/data/application-scaling/ampere02-35760925/gradient-compression-middle.csv,0.00043402777777777775,30,0.28957350000000004,0.28933074999999997,0.28996975,0.15957779285742651,False,False
gradient-compression,e77ffd0b75f255761df3bc4c0830771bb75243da7d366a0e80be0186efb789d4,2359296,1,1024,0.0,0,bits-sq,8,512,4,transform_isolated,/home/jirka/research/2024/bits-knn-jpdc2024/data/application-scaling/ampere02-35760925/gradient-compression-middle.csv,0.00043402777777777775,30,0.014833,0.01479225,0.014977750000000001,1.0077529832131058,False,False
gradient-compression,e77ffd0b75f255761df3bc4c0830771bb75243da7d366a0e80be0186efb789d4,2359296,1,1024,0.0,0,bits-sq,8,512,4,upload_shared,/home/jirka/research/2024/bits-knn-jpdc2024/data/application-scaling/ampere02-35760925/gradient-compression-middle.csv,0.00043402777777777775,1,0.486397,0.486397,0.486397,1.2185478117669313,False,False
gradient-compression,e77ffd0b75f255761df3bc4c0830771bb75243da7d366a0e80be0186efb789d4,2359296,1,1024,0.0,0,bits-sq,8,512,7,download,/home/jirka/research/2024/bits-knn-jpdc2024/data/application-scaling/ampere02-35760925/gradient-compression-middle.csv,0.00043402777777777775,30,0.008749,0.008648,0.008864,1.0079437650017145,False,False
gradient-compression,e77ffd0b75f255761df3bc4c0830771bb75243da7d366a0e80be0186efb789d4,2359296,1,1024,0.0,0,bits-sq,8,512,7,operator,/home/jirka/research/2024/bits-knn-jpdc2024/data/application-scaling/ampere02-35760925/gradient-compression-middle.csv,0.00043402777777777775,30,0.288381,0.28808100000000003,0.28885525,0.2178194818660037,False,False
gradient-compression,e77ffd0b75f255761df3bc4c0830771bb75243da7d366a0e80be0186efb789d4,2359296,1,1024,0.0,0,bits-sq,8,512,7,output_isolated,/home/jirka/research/2024/bits-knn-jpdc2024/data/application-scaling/ampere02-35760925/gradient-compression-middle.csv,0.00043402777777777775,30,0.008413,0.008333,0.008570250000000001,0.9702246523237845,False,False
gradient-compression,e77ffd0b75f255761df3bc4c0830771bb75243da7d366a0e80be0186efb789d4,2359296,1,1024,0.0,0,bits-sq,8,512,7,selection_isolated,/home/jirka/research/2024/bits-knn-jpdc2024/data/application-scaling/ampere02-35760925/gradient-compression-middle.csv,0.00043402777777777775,30,0.270575,0.270344,0.27087524999999996,0.17078259262681325,False,False
gradient-compression,e77ffd0b75f255761df3bc4c0830771bb75243da7d366a0e80be0186efb789d4,2359296,1,1024,0.0,0,bits-sq,8,512,7,transform_isolated,/home/jirka/research/2024/bits-knn-jpdc2024/data/application-scaling/ampere02-35760925/gradient-compression-middle.csv,0.00043402777777777775,30,0.0149625,0.014892,0.015075499999999999,0.9990309106098579,False,False
gradient-compression,e77ffd0b75f255761df3bc4c0830771bb75243da7d366a0e80be0186efb789d4,2359296,1,1024,0.0,0,bits-sq,8,512,7,upload_shared,/home/jirka/research/2024/bits-knn-jpdc2024/data/application-scaling/ampere02-35760925/gradient-compression-middle.csv,0.00043402777777777775,1,0.468801,0.468801,0.468801,1.264284845808776,False,False
gradient-compression,e77ffd0b75f255761df3bc4c0830771bb75243da7d366a0e80be0186efb789d4,2359296,1,1024,0.0,0,bits-sq,8,512,8,download,/home/jirka/research/2024/bits-knn-jpdc2024/data/application-scaling/ampere02-35760925/gradient-compression-middle.csv,0.00043402777777777775,30,0.008753,0.008610500000000002,0.009164,1.0074831486347537,False,False
gradient-compression,e77ffd0b75f255761df3bc4c0830771bb75243da7d366a0e80be0186efb789d4,2359296,1,1024,0.0,0,bits-sq,8,512,8,operator,/home/jirka/research/2024/bits-knn-jpdc2024/data/application-scaling/ampere02-35760925/gradient-compression-middle.csv,0.00043402777777777775,30,0.2809205,0.280415,0.28133175,0.22360418694968864,False,False
gradient-compression,e77ffd0b75f255761df3bc4c0830771bb75243da7d366a0e80be0186efb789d4,2359296,1,1024,0.0,0,bits-sq,8,512,8,output_isolated,/home/jirka/research/2024/bits-knn-jpdc2024/data/application-scaling/ampere02-35760925/gradient-compression-middle.csv,0.00043402777777777775,30,0.0083675,0.0082155,0.00858275,0.9755004481625336,False,False
gradient-compression,e77ffd0b75f255761df3bc4c0830771bb75243da7d366a0e80be0186efb789d4,2359296,1,1024,0.0,0,bits-sq,8,512,8,selection_isolated,/home/jirka/research/2024/bits-knn-jpdc2024/data/application-scaling/ampere02-35760925/gradient-compression-middle.csv,0.00043402777777777775,30,0.26320849999999996,0.26310124999999995,0.263394,0.1755623393621407,False,False
gradient-compression,e77ffd0b75f255761df3bc4c0830771bb75243da7d366a0e80be0186efb789d4,2359296,1,1024,0.0,0,bits-sq,8,512,8,transform_isolated,/home/jirka/research/2024/bits-knn-jpdc2024/data/application-scaling/ampere02-35760925/gradient-compression-middle.csv,0.00043402777777777775,30,0.014988000000000001,0.014885250000000001,0.0151005,0.9973311982919668,False,False
gradient-compression,e77ffd0b75f255761df3bc4c0830771bb75243da7d366a0e80be0186efb789d4,2359296,1,1024,0.0,0,bits-sq,8,512,8,upload_shared,/home/jirka/research/2024/bits-knn-jpdc2024/data/application-scaling/ampere02-35760925/gradient-compression-middle.csv,0.00043402777777777775,1,0.48927200000000004,0.48927200000000004,0.48927200000000004,1.2113875308621789,False,False
gradient-compression,e77ffd0b75f255761df3bc4c0830771bb75243da7d366a0e80be0186efb789d4,2359296,1,1024,0.0,0,bits-sq,8,512,13,download,/home/jirka/research/2024/bits-knn-jpdc2024/data/application-scaling/ampere02-35760925/gradient-compression-middle.csv,0.00043402777777777775,30,0.008793500000000001,0.008715500000000001,0.009189,1.0028430090407687,False,False
gradient-compression,e77ffd0b75f255761df3bc4c0830771bb75243da7d366a0e80be0186efb789d4,2359296,1,1024,0.0,0,bits-sq,8,512,13,operator,/home/jirka/research/2024/bits-knn-jpdc2024/data/application-scaling/ampere02-35760925/gradient-compression-middle.csv,0.00043402777777777775,30,0.308092,0.30768850000000003,0.30876275,0.2038839048076549,False,False
gradient-compression,e77ffd0b75f255761df3bc4c0830771bb75243da7d366a0e80be0186efb789d4,2359296,1,1024,0.0,0,bits-sq,8,512,13,output_isolated,/home/jirka/research/2024/bits-knn-jpdc2024/data/application-scaling/ampere02-35760925/gradient-compression-middle.csv,0.00043402777777777775,30,0.008288,0.00819525,0.008626250000000002,0.9848576254826255,False,False
gradient-compression,e77ffd0b75f255761df3bc4c0830771bb75243da7d366a0e80be0186efb789d4,2359296,1,1024,0.0,0,bits-sq,8,512,13,selection_isolated,/home/jirka/research/2024/bits-knn-jpdc2024/data/application-scaling/ampere02-35760925/gradient-compression-middle.csv,0.00043402777777777775,30,0.290335,0.29010250000000004,0.29062775,0.15915924707665283,False,False
gradient-compression,e77ffd0b75f255761df3bc4c0830771bb75243da7d366a0e80be0186efb789d4,2359296,1,1024,0.0,0,bits-sq,8,512,13,transform_isolated,/home/jirka/research/2024/bits-knn-jpdc2024/data/application-scaling/ampere02-35760925/gradient-compression-middle.csv,0.00043402777777777775,30,0.014988000000000001,0.014897,0.0152405,0.9973311982919668,False,False
gradient-compression,e77ffd0b75f255761df3bc4c0830771bb75243da7d366a0e80be0186efb789d4,2359296,1,1024,0.0,0,bits-sq,8,512,13,upload_shared,/home/jirka/research/2024/bits-knn-jpdc2024/data/application-scaling/ampere02-35760925/gradient-compression-middle.csv,0.00043402777777777775,1,0.486246,0.486246,0.486246,1.2189262225293371,False,False
gradient-compression,e77ffd0b75f255761df3bc4c0830771bb75243da7d366a0e80be0186efb789d4,2359296,1,1024,0.0,0,bits-sq,8,512,16,download,/home/jirka/research/2024/bits-knn-jpdc2024/data/application-scaling/ampere02-35760925/gradient-compression-middle.csv,0.00043402777777777775,30,0.0088135,0.008613,0.00942425,1.0005673115107505,False,False
gradient-compression,e77ffd0b75f255761df3bc4c0830771bb75243da7d366a0e80be0186efb789d4,2359296,1,1024,0.0,0,bits-sq,8,512,16,operator,/home/jirka/research/2024/bits-knn-jpdc2024/data/application-scaling/ampere02-35760925/gradient-compression-middle.csv,0.00043402777777777775,30,0.3230345,0.322329,0.3252405,0.19445291447198368,False,False
gradient-compression,e77ffd0b75f255761df3bc4c0830771bb75243da7d366a0e80be0186efb789d4,2359296,1,1024,0.0,0,bits-sq,8,512,16,output_isolated,/home/jirka/research/2024/bits-knn-jpdc2024/data/application-scaling/ampere02-35760925/gradient-compression-middle.csv,0.00043402777777777775,30,0.0085375,0.00840775,0.008788,0.9560761346998535,False,False
gradient-compression,e77ffd0b75f255761df3bc4c0830771bb75243da7d366a0e80be0186efb789d4,2359296,1,1024,0.0,0,bits-sq,8,512,16,selection_isolated,/home/jirka/research/2024/bits-knn-jpdc2024/data/application-scaling/ampere02-35760925/gradient-compression-middle.csv,0.00043402777777777775,30,0.30515749999999997,0.30489700000000003,0.30628900000000003,0.15142836076452326,False,False
gradient-compression,e77ffd0b75f255761df3bc4c0830771bb75243da7d366a0e80be0186efb789d4,2359296,1,1024,0.0,0,bits-sq,8,512,16,transform_isolated,/home/jirka/research/2024/bits-knn-jpdc2024/data/application-scaling/ampere02-35760925/gradient-compression-middle.csv,0.00043402777777777775,30,0.0146075,0.014537000000000001,0.01478725,1.023309943522163,False,False
gradient-compression,e77ffd0b75f255761df3bc4c0830771bb75243da7d366a0e80be0186efb789d4,2359296,1,1024,0.0,0,bits-sq,8,512,16,upload_shared,/home/jirka/research/2024/bits-knn-jpdc2024/data/application-scaling/ampere02-35760925/gradient-compression-middle.csv,0.00043402777777777775,1,0.5926980000000001,0.5926980000000001,0.5926980000000001,1.0,False,False
gradient-compression,e77ffd0b75f255761df3bc4c0830771bb75243da7d366a0e80be0186efb789d4,2359296,1,1024,0.0,0,bits-sq,32,128,4,download,/home/jirka/research/2024/bits-knn-jpdc2024/data/application-scaling/ampere02-35760925/gradient-compression-middle.csv,0.00043402777777777775,30,0.008878500000000001,0.008688,0.009368999999999999,0.9932421017063692,False,False
gradient-compression,e77ffd0b75f255761df3bc4c0830771bb75243da7d366a0e80be0186efb789d4,2359296,1,1024,0.0,0,bits-sq,32,128,4,operator,/home/jirka/research/2024/bits-knn-jpdc2024/data/application-scaling/ampere02-35760925/gradient-compression-middle.csv,0.00043402777777777775,30,0.40825900000000004,0.4072015,0.40881225000000004,0.1538606619817322,False,False
gradient-compression,e77ffd0b75f255761df3bc4c0830771bb75243da7d366a0e80be0186efb789d4,2359296,1,1024,0.0,0,bits-sq,32,128,4,output_isolated,/home/jirka/research/2024/bits-knn-jpdc2024/data/application-scaling/ampere02-35760925/gradient-compression-middle.csv,0.00043402777777777775,30,0.008337,0.008172,0.0084755,0.9790692095477989,False,False
gradient-compression,e77ffd0b75f255761df3bc4c0830771bb75243da7d366a0e80be0186efb789d4,2359296,1,1024,0.0,0,bits-sq,32,128,4,selection_isolated,/home/jirka/research/2024/bits-knn-jpdc2024/data/application-scaling/ampere02-35760925/gradient-compression-middle.csv,0.00043402777777777775,30,0.390717,0.3899785,0.391408,0.1182684654110264,False,False
gradient-compression,e77ffd0b75f255761df3bc4c0830771bb75243da7d366a0e80be0186efb789d4,2359296,1,1024,0.0,0,bits-sq,32,128,4,transform_isolated,/home/jirka/research/2024/bits-knn-jpdc2024/data/application-scaling/ampere02-35760925/gradient-compression-middle.csv,0.00043402777777777775,30,0.015003,0.014895499999999999,0.0151155,0.9963340665200292,False,False
gradient-compression,e77ffd0b75f255761df3bc4c0830771bb75243da7d366a0e80be0186efb789d4,2359296,1,1024,0.0,0,bits-sq,32,128,4,upload_shared,/home/jirka/research/2024/bits-knn-jpdc2024/data/application-scaling/ampere02-35760925/gradient-compression-middle.csv,0.00043402777777777775,1,0.485435,0.485435,0.485435,1.220962641754303,False,False
gradient-compression,e77ffd0b75f255761df3bc4c0830771bb75243da7d366a0e80be0186efb789d4,2359296,1,1024,0.0,0,bits-sq,32,128,7,download,/home/jirka/research/2024/bits-knn-jpdc2024/data/application-scaling/ampere02-35760925/gradient-compression-middle.csv,0.00043402777777777775,30,0.0087235,0.008653,0.00904125,1.0108901243766837,False,False
gradient-compression,e77ffd0b75f255761df3bc4c0830771bb75243da7d366a0e80be0186efb789d4,2359296,1,1024,0.0,0,bits-sq,32,128,7,operator,/home/jirka/research/2024/bits-knn-jpdc2024/data/application-scaling/ampere02-35760925/gradient-compression-middle.csv,0.00043402777777777775,30,0.393436,0.39247975,0.394317,0.1596574792342338,False,False
gradient-compression,e77ffd0b75f255761df3bc4c0830771bb75243da7d366a0e80be0186efb789d4,2359296,1,1024,0.0,0,bits-sq,32,128,7,output_isolated,/home/jirka/research/2024/bits-knn-jpdc2024/data/application-scaling/ampere02-35760925/gradient-compression-middle.csv,0.00043402777777777775,30,0.008272999999999999,0.0080855,0.008518,0.9866432974737097,False,False
gradient-compression,e77ffd0b75f255761df3bc4c0830771bb75243da7d366a0e80be0186efb789d4,2359296,1,1024,0.0,0,bits-sq,32,128,7,selection_isolated,/home/jirka/research/2024/bits-knn-jpdc2024/data/application-scaling/ampere02-35760925/gradient-compression-middle.csv,0.00043402777777777775,30,0.375619,0.375269,0.3768335,0.12302226458193011,False,False
gradient-compression,e77ffd0b75f255761df3bc4c0830771bb75243da7d366a0e80be0186efb789d4,2359296,1,1024,0.0,0,bits-sq,32,128,7,transform_isolated,/home/jirka/research/2024/bits-knn-jpdc2024/data/application-scaling/ampere02-35760925/gradient-compression-middle.csv,0.00043402777777777775,30,0.015023,0.014973,0.015153749999999999,0.9950076549291087,False,False
gradient-compression,e77ffd0b75f255761df3bc4c0830771bb75243da7d366a0e80be0186efb789d4,2359296,1,1024,0.0,0,bits-sq,32,128,7,upload_shared,/home/jirka/research/2024/bits-knn-jpdc2024/data/application-scaling/ampere02-35760925/gradient-compression-middle.csv,0.00043402777777777775,1,0.486768,0.486768,0.486768,1.217619071097525,False,False
gradient-compression,e77ffd0b75f255761df3bc4c0830771bb75243da7d366a0e80be0186efb789d4,2359296,1,1024,0.0,0,bits-sq,32,128,8,download,/home/jirka/research/2024/bits-knn-jpdc2024/data/application-scaling/ampere02-35760925/gradient-compression-middle.csv,0.00043402777777777775,30,0.008974,0.0087055,0.0093215,0.9826721640294184,False,False
gradient-compression,e77ffd0b75f255761df3bc4c0830771bb75243da7d366a0e80be0186efb789d4,2359296,1,1024,0.0,0,bits-sq,32,128,8,operator,/home/jirka/research/2024/bits-knn-jpdc2024/data/application-scaling/ampere02-35760925/gradient-compression-middle.csv,0.00043402777777777775,30,0.428214,0.42731525000000004,0.42879999999999996,0.14669067335491134,False,False
gradient-compression,e77ffd0b75f255761df3bc4c0830771bb75243da7d366a0e80be0186efb789d4,2359296,1,1024,0.0,0,bits-sq,32,128,8,output_isolated,/home/jirka/research/2024/bits-knn-jpdc2024/data/application-scaling/ampere02-35760925/gradient-compression-middle.csv,0.00043402777777777775,30,0.0081875,0.008032000000000001,0.0084305,0.996946564885496,False,False
gradient-compression,e77ffd0b75f255761df3bc4c0830771bb75243da7d366a0e80be0186efb789d4,2359296,1,1024,0.0,0,bits-sq,32,128,8,selection_isolated,/home/jirka/research/2024/bits-knn-jpdc2024/data/application-scaling/ampere02-35760925/gradient-compression-middle.csv,0.00043402777777777775,30,0.410482,0.4098935,0.41100225,0.11257375475660321,False,False
gradient-compression,e77ffd0b75f255761df3bc4c0830771bb75243da7d366a0e80be0186efb789d4,2359296,1,1024,0.0,0,bits-sq,32,128,8,transform_isolated,/home/jirka/research/2024/bits-knn-jpdc2024/data/application-scaling/ampere02-35760925/gradient-compression-middle.csv,0.00043402777777777775,30,0.015053,0.01491775,0.015188,0.9930246462499169,False,False
gradient-compression,e77ffd0b75f255761df3bc4c0830771bb75243da7d366a0e80be0186efb789d4,2359296,1,1024,0.0,0,bits-sq,32,128,8,upload_shared,/home/jirka/research/2024/bits-knn-jpdc2024/data/application-scaling/ampere02-35760925/gradient-compression-middle.csv,0.00043402777777777775,1,0.473858,0.473858,0.473858,1.2507924314879142,False,False
gradient-compression,e77ffd0b75f255761df3bc4c0830771bb75243da7d366a0e80be0186efb789d4,2359296,1,1024,0.0,0,bits-sq,32,128,13,download,/home/jirka/research/2024/bits-knn-jpdc2024/data/application-scaling/ampere02-35760925/gradient-compression-middle.csv,0.00043402777777777775,30,0.008749,0.008668,0.009116500000000001,1.0079437650017145,False,False
gradient-compression,e77ffd0b75f255761df3bc4c0830771bb75243da7d366a0e80be0186efb789d4,2359296,1,1024,0.0,0,bits-sq,32,128,13,operator,/home/jirka/research/2024/bits-knn-jpdc2024/data/application-scaling/ampere02-35760925/gradient-compression-middle.csv,0.00043402777777777775,30,0.41804800000000003,0.41701924999999995,0.41865925,0.15025786512553582,False,False
gradient-compression,e77ffd0b75f255761df3bc4c0830771bb75243da7d366a0e80be0186efb789d4,2359296,1,1024,0.0,0,bits-sq,32,128,13,output_isolated,/home/jirka/research/2024/bits-knn-jpdc2024/data/application-scaling/ampere02-35760925/gradient-compression-middle.csv,0.00043402777777777775,30,0.008302,0.008047750000000001,0.00844475,0.983196820043363,False,False
gradient-compression,e77ffd0b75f255761df3bc4c0830771bb75243da7d366a0e80be0186efb789d4,2359296,1,1024,0.0,0,bits-sq,32,128,13,selection_isolated,/home/jirka/research/2024/bits-knn-jpdc2024/data/application-scaling/ampere02-35760925/gradient-compression-middle.csv,0.00043402777777777775,30,0.4002865,0.39969025,0.40063200000000004,0.1154410653369524,False,False
gradient-compression,e77ffd0b75f255761df3bc4c0830771bb75243da7d366a0e80be0186efb789d4,2359296,1,1024,0.0,0,bits-sq,32,128,13,transform_isolated,/home/jirka/research/2024/bits-knn-jpdc2024/data/application-scaling/ampere02-35760925/gradient-compression-middle.csv,0.00043402777777777775,30,0.014973,0.014853,0.015100500000000001,0.9983303279235958,False,False
gradient-compression,e77ffd0b75f255761df3bc4c0830771bb75243da7d366a0e80be0186efb789d4,2359296,1,1024,0.0,0,bits-sq,32,128,13,upload_shared,/home/jirka/research/2024/bits-knn-jpdc2024/data/application-scaling/ampere02-35760925/gradient-compression-middle.csv,0.00043402777777777775,1,0.478746,0.478746,0.478746,1.2380218320361946,False,False
gradient-compression,e77ffd0b75f255761df3bc4c0830771bb75243da7d366a0e80be0186efb789d4,2359296,1,1024,0.0,0,bits-sq,32,128,16,download,/home/jirka/research/2024/bits-knn-jpdc2024/data/application-scaling/ampere02-35760925/gradient-compression-middle.csv,0.00043402777777777775,30,0.008843,0.00864575,0.009271499999999998,0.997229447020242,False,False
gradient-compression,e77ffd0b75f255761df3bc4c0830771bb75243da7d366a0e80be0186efb789d4,2359296,1,1024,0.0,0,bits-sq,32,128,16,operator,/home/jirka/research/2024/bits-knn-jpdc2024/data/application-scaling/ampere02-35760925/gradient-compression-middle.csv,0.00043402777777777775,30,0.4163555,0.41610774999999994,0.4172195,0.15086866872180146,False,False
gradient-compression,e77ffd0b75f255761df3bc4c0830771bb75243da7d366a0e80be0186efb789d4,2359296,1,1024,0.0,0,bits-sq,32,128,16,output_isolated,/home/jirka/research/2024/bits-knn-jpdc2024/data/application-scaling/ampere02-35760925/gradient-compression-middle.csv,0.00043402777777777775,30,0.008442,0.008135499999999999,0.008583,0.966891731817105,False,False
gradient-compression,e77ffd0b75f255761df3bc4c0830771bb75243da7d366a0e80be0186efb789d4,2359296,1,1024,0.0,0,bits-sq,32,128,16,selection_isolated,/home/jirka/research/2024/bits-knn-jpdc2024/data/application-scaling/ampere02-35760925/gradient-compression-middle.csv,0.00043402777777777775,30,0.399535,0.398829,0.40020600000000006,0.11565820266059294,False,False
gradient-compression,e77ffd0b75f255761df3bc4c0830771bb75243da7d366a0e80be0186efb789d4,2359296,1,1024,0.0,0,bits-sq,32,128,16,transform_isolated,/home/jirka/research/2024/bits-knn-jpdc2024/data/application-scaling/ampere02-35760925/gradient-compression-middle.csv,0.00043402777777777775,30,0.015061999999999999,0.0149155,0.015163000000000001,0.9924312840260258,False,False
gradient-compression,e77ffd0b75f255761df3bc4c0830771bb75243da7d366a0e80be0186efb789d4,2359296,1,1024,0.0,0,bits-sq,32,128,16,upload_shared,/home/jirka/research/2024/bits-knn-jpdc2024/data/application-scaling/ampere02-35760925/gradient-compression-middle.csv,0.00043402777777777775,1,0.484334,0.484334,0.484334,1.2237381641594438,False,False
gradient-compression,e77ffd0b75f255761df3bc4c0830771bb75243da7d366a0e80be0186efb789d4,2359296,1,1024,0.0,0,bits-sq,32,256,4,download,/home/jirka/research/2024/bits-knn-jpdc2024/data/application-scaling/ampere02-35760925/gradient-compression-middle.csv,0.00043402777777777775,30,0.008733999999999999,0.008543,0.00924375,1.0096748339821389,False,False
gradient-compression,e77ffd0b75f255761df3bc4c0830771bb75243da7d366a0e80be0186efb789d4,2359296,1,1024,0.0,0,bits-sq,32,256,4,operator,/home/jirka/research/2024/bits-knn-jpdc2024/data/application-scaling/ampere02-35760925/gradient-compression-middle.csv,0.00043402777777777775,30,0.2809155,0.28013175,0.2815745,0.22360816686868476,False,False
gradient-compression,e77ffd0b75f255761df3bc4c0830771bb75243da7d366a0e80be0186efb789d4,2359296,1,1024,0.0,0,bits-sq,32,256,4,output_isolated,/home/jirka/research/2024/bits-knn-jpdc2024/data/application-scaling/ampere02-35760925/gradient-compression-middle.csv,0.00043402777777777775,30,0.008217499999999999,0.008002,0.0086405,0.993306966839063,False,False
gradient-compression,e77ffd0b75f255761df3bc4c0830771bb75243da7d366a0e80be0186efb789d4,2359296,1,1024,0.0,0,bits-sq,32,256,4,selection_isolated,/home/jirka/research/2024/bits-knn-jpdc2024/data/application-scaling/ampere02-35760925/gradient-compression-middle.csv,0.00043402777777777775,30,0.263389,0.26309075000000004,0.264045,0.17544202681205368,False,False
gradient-compression,e77ffd0b75f255761df3bc4c0830771bb75243da7d366a0e80be0186efb789d4,2359296,1,1024,0.0,0,bits-sq,32,256,4,transform_isolated,/home/jirka/research/2024/bits-knn-jpdc2024/data/application-scaling/ampere02-35760925/gradient-compression-middle.csv,0.00043402777777777775,30,0.0150075,0.014909500000000001,0.015188,0.9960353156754955,False,False
gradient-compression,e77ffd0b75f255761df3bc4c0830771bb75243da7d366a0e80be0186efb789d4,2359296,1,1024,0.0,0,bits-sq,32,256,4,upload_shared,/home/jirka/research/2024/bits-knn-jpdc2024/data/application-scaling/ampere02-35760925/gradient-compression-middle.csv,0.00043402777777777775,1,0.482551,0.482551,0.482551,1.2282598108800935,False,False
gradient-compression,e77ffd0b75f255761df3bc4c0830771bb75243da7d366a0e80be0186efb789d4,2359296,1,1024,0.0,0,bits-sq,32,256,7,download,/home/jirka/research/2024/bits-knn-jpdc2024/data/application-scaling/ampere02-35760925/gradient-compression-middle.csv,0.00043402777777777775,30,0.008824,0.008783999999999998,0.009369,0.9993766999093381,False,False
gradient-compression,e77ffd0b75f255761df3bc4c0830771bb75243da7d366a0e80be0186efb789d4,2359296,1,1024,0.0,0,bits-sq,32,256,7,operator,/home/jirka/research/2024/bits-knn-jpdc2024/data/application-scaling/ampere02-35760925/gradient-compression-middle.csv,0.00043402777777777775,30,0.27277799999999996,0.272463,0.27316074999999995,0.2302788348033933,False,False
gradient-compression,e77ffd0b75f255761df3bc4c0830771bb75243da7d366a0e80be0186efb789d4,2359296,1,1024,0.0,0,bits-sq,32,256,7,output_isolated,/home/jirka/research/2024/bits-knn-jpdc2024/data/application-scaling/ampere02-35760925/gradient-compression-middle.csv,0.00043402777777777775,30,0.008212,0.008117,0.008410250000000001,0.9939722357525571,False,False
gradient-compression,e77ffd0b75f255761df3bc4c0830771bb75243da7d366a0e80be0186efb789d4,2359296,1,1024,0.0,0,bits-sq,32,256,7,selection_isolated,/home/jirka/research/2024/bits-knn-jpdc2024/data/application-scaling/ampere02-35760925/gradient-compression-middle.csv,0.00043402777777777775,30,0.255452,0.25525200000000003,0.256359,0.18089308363215006,False,False
gradient-compression,e77ffd0b75f255761df3bc4c0830771bb75243da7d366a0e80be0186efb789d4,2359296,1,1024,0.0,0,bits-sq,32,256,7,transform_isolated,/home/jirka/research/2024/bits-knn-jpdc2024/data/application-scaling/ampere02-35760925/gradient-compression-middle.csv,0.00043402777777777775,30,0.0149875,0.0148795,0.015168000000000001,0.9973644703919933,False,False
gradient-compression,e77ffd0b75f255761df3bc4c0830771bb75243da7d366a0e80be0186efb789d4,2359296,1,1024,0.0,0,bits-sq,32,256,7,upload_shared,/home/jirka/research/2024/bits-knn-jpdc2024/data/application-scaling/ampere02-35760925/gradient-compression-middle.csv,0.00043402777777777775,1,0.486498,0.486498,0.486498,1.218294833688936,False,False
gradient-compression,e77ffd0b75f255761df3bc4c0830771bb75243da7d366a0e80be0186efb789d4,2359296,1,1024,0.0,0,bits-sq,32,256,8,download,/home/jirka/research/2024/bits-knn-jpdc2024/data/application-scaling/ampere02-35760925/gradient-compression-middle.csv,0.00043402777777777775,30,0.008667999999999999,0.0085655,0.0088805,1.0173627134287033,False,False
gradient-compression,e77ffd0b75f255761df3bc4c0830771bb75243da7d366a0e80be0186efb789d4,2359296,1,1024,0.0,0,bits-sq,32,256,8,operator,/home/jirka/research/2024/bits-knn-jpdc2024/data/application-scaling/ampere02-35760925/gradient-compression-middle.csv,0.00043402777777777775,30,0.27637900000000004,0.2710765,0.277285,0.2272784835316721,False,False
gradient-compression,e77ffd0b75f255761df3bc4c0830771bb75243da7d366a0e80be0186efb789d4,2359296,1,1024,0.0,0,bits-sq,32,256,8,output_isolated,/home/jirka/research/2024/bits-knn-jpdc2024/data/application-scaling/ampere02-35760925/gradient-compression-middle.csv,0.00043402777777777775,30,0.008243,0.008089500000000001,0.008527999999999999,0.9902341380565327,False,False
gradient-compression,e77ffd0b75f255761df3bc4c0830771bb75243da7d366a0e80be0186efb789d4,2359296,1,1024,0.0,0,bits-sq,32,256,8,selection_isolated,/home/jirka/research/2024/bits-knn-jpdc2024/data/application-scaling/ampere02-35760925/gradient-compression-middle.csv,0.00043402777777777775,30,0.25936349999999997,0.25848625000000003,0.25977125,0.17816500779793612,False,False
gradient-compression,e77ffd0b75f255761df3bc4c0830771bb75243da7d366a0e80be0186efb789d4,2359296,1,1024,0.0,0,bits-sq,32,256,8,transform_isolated,/home/jirka/research/2024/bits-knn-jpdc2024/data/application-scaling/ampere02-35760925/gradient-compression-middle.csv,0.00043402777777777775,30,0.0149975,0.014922999999999999,0.01513875,0.9966994499083179,False,False
gradient-compression,e77ffd0b75f255761df3bc4c0830771bb75243da7d366a0e80be0186efb789d4,2359296,1,1024,0.0,0,bits-sq,32,256,8,upload_shared,/home/jirka/research/2024/bits-knn-jpdc2024/data/application-scaling/ampere02-35760925/gradient-compression-middle.csv,0.00043402777777777775,1,0.483753,0.483753,0.483753,1.2252079056874068,False,False
gradient-compression,e77ffd0b75f255761df3bc4c0830771bb75243da7d366a0e80be0186efb789d4,2359296,1,1024,0.0,0,bits-sq,32,256,13,download,/home/jirka/research/2024/bits-knn-jpdc2024/data/application-scaling/ampere02-35760925/gradient-compression-middle.csv,0.00043402777777777775,30,0.008793500000000001,0.008702999999999999,0.0092715,1.0028430090407687,False,False
gradient-compression,e77ffd0b75f255761df3bc4c0830771bb75243da7d366a0e80be0186efb789d4,2359296,1,1024,0.0,0,bits-sq,32,256,13,operator,/home/jirka/research/2024/bits-knn-jpdc2024/data/application-scaling/ampere02-35760925/gradient-compression-middle.csv,0.00043402777777777775,30,0.26341899999999996,0.26284624999999995,0.26388500000000004,0.23846039959152537,False,False
gradient-compression,e77ffd0b75f255761df3bc4c0830771bb75243da7d366a0e80be0186efb789d4,2359296,1,1024,0.0,0,bits-sq,32,256,13,output_isolated,/home/jirka/research/2024/bits-knn-jpdc2024/data/application-scaling/ampere02-35760925/gradient-compression-middle.csv,0.00043402777777777775,30,0.008147,0.0080245,0.00830275,1.001902540812569,False,False
gradient-compression,e77ffd0b75f255761df3bc4c0830771bb75243da7d366a0e80be0186efb789d4,2359296,1,1024,0.0,0,bits-sq,32,256,13,selection_isolated,/home/jirka/research/2024/bits-knn-jpdc2024/data/application-scaling/ampere02-35760925/gradient-compression-middle.csv,0.00043402777777777775,30,0.2464935,0.245342,0.246819,0.18746741800493724,False,False
gradient-compression,e77ffd0b75f255761df3bc4c0830771bb75243da7d366a0e80be0186efb789d4,2359296,1,1024,0.0,0,bits-sq,32,256,13,transform_isolated,/home/jirka/research/2024/bits-knn-jpdc2024/data/application-scaling/ampere02-35760925/gradient-compression-middle.csv,0.00043402777777777775,30,0.014978000000000002,0.014922999999999999,0.0152105,0.9979970623581251,False,False
gradient-compression,e77ffd0b75f255761df3bc4c0830771bb75243da7d366a0e80be0186efb789d4,2359296,1,1024,0.0,0,bits-sq,32,256,13,upload_shared,/home/jirka/research/2024/bits-knn-jpdc2024/data/application-scaling/ampere02-35760925/gradient-compression-middle.csv,0.00043402777777777775,1,0.479727,0.479727,0.479727,1.235490185042743,False,False
gradient-compression,e77ffd0b75f255761df3bc4c0830771bb75243da7d366a0e80be0186efb789d4,2359296,1,1024,0.0,0,bits-sq,32,256,16,download,/home/jirka/research/2024/bits-knn-jpdc2024/data/application-scaling/ampere02-35760925/gradient-compression-middle.csv,0.00043402777777777775,30,0.0086885,0.008563,0.0090405,1.0149623064970938,False,False
gradient-compression,e77ffd0b75f255761df3bc4c0830771bb75243da7d366a0e80be0186efb789d4,2359296,1,1024,0.0,0,bits-sq,32,256,16,operator,/home/jirka/research/2024/bits-knn-jpdc2024/data/application-scaling/ampere02-35760925/gradient-compression-middle.csv,0.00043402777777777775,30,0.284972,0.284386,0.28545275000000003,0.22042516457757255,False,False
gradient-compression,e77ffd0b75f255761df3bc4c0830771bb75243da7d366a0e80be0186efb789d4,2359296,1,1024,0.0,0,bits-sq,32,256,16,output_isolated,/home/jirka/research/2024/bits-knn-jpdc2024/data/application-scaling/ampere02-35760925/gradient-compression-middle.csv,0.00043402777777777775,30,0.0081625,0.008032000000000001,0.00844725,1.0,False,False
gradient-compression,e77ffd0b75f255761df3bc4c0830771bb75243da7d366a0e80be0186efb789d4,2359296,1,1024,0.0,0,bits-sq,32,256,16,selection_isolated,/home/jirka/research/2024/bits-knn-jpdc2024/data/application-scaling/ampere02-35760925/gradient-compression-middle.csv,0.00043402777777777775,30,0.267546,0.26722,0.26818125000000004,0.17271609368108662,False,False
gradient-compression,e77ffd0b75f255761df3bc4c0830771bb75243da7d366a0e80be0186efb789d4,2359296,1,1024,0.0,0,bits-sq,32,256,16,transform_isolated,/home/jirka/research/2024/bits-knn-jpdc2024/data/application-scaling/ampere02-35760925/gradient-compression-middle.csv,0.00043402777777777775,30,0.014938,0.01486525,0.015112750000000001,1.0006694336591244,False,False
gradient-compression,e77ffd0b75f255761df3bc4c0830771bb75243da7d366a0e80be0186efb789d4,2359296,1,1024,0.0,0,bits-sq,32,256,16,upload_shared,/home/jirka/research/2024/bits-knn-jpdc2024/data/application-scaling/ampere02-35760925/gradient-compression-middle.csv,0.00043402777777777775,1,0.48127899999999996,0.48127899999999996,0.48127899999999996,1.2315060495055885,False,False
gradient-compression,e77ffd0b75f255761df3bc4c0830771bb75243da7d366a0e80be0186efb789d4,2359296,1,1024,0.0,0,bits-sq,32,512,4,download,/home/jirka/research/2024/bits-knn-jpdc2024/data/application-scaling/ampere02-35760925/gradient-compression-middle.csv,0.00043402777777777775,30,0.0088435,0.008768749999999999,0.009259,0.9971730649629671,False,True
gradient-compression,e77ffd0b75f255761df3bc4c0830771bb75243da7d366a0e80be0186efb789d4,2359296,1,1024,0.0,0,bits-sq,32,512,4,operator,/home/jirka/research/2024/bits-knn-jpdc2024/data/application-scaling/ampere02-35760925/gradient-compression-middle.csv,0.00043402777777777775,30,0.237185,0.236744,0.23796525,0.2648354659864663,False,True
gradient-compression,e77ffd0b75f255761df3bc4c0830771bb75243da7d366a0e80be0186efb789d4,2359296,1,1024,0.0,0,bits-sq,32,512,4,output_isolated,/home/jirka/research/2024/bits-knn-jpdc2024/data/application-scaling/ampere02-35760925/gradient-compression-middle.csv,0.00043402777777777775,30,0.0082625,0.00811025,0.008432750000000001,0.9878971255673221,False,True
gradient-compression,e77ffd0b75f255761df3bc4c0830771bb75243da7d366a0e80be0186efb789d4,2359296,1,1024,0.0,0,bits-sq,32,512,4,selection_isolated,/home/jirka/research/2024/bits-knn-jpdc2024/data/application-scaling/ampere02-35760925/gradient-compression-middle.csv,0.00043402777777777775,30,0.220048,0.21970299999999998,0.2204215,0.2099973642114448,False,True
gradient-compression,e77ffd0b75f255761df3bc4c0830771bb75243da7d366a0e80be0186efb789d4,2359296,1,1024,0.0,0,bits-sq,32,512,4,transform_isolated,/home/jirka/research/2024/bits-knn-jpdc2024/data/application-scaling/ampere02-35760925/gradient-compression-middle.csv,0.00043402777777777775,30,0.015008,0.014940499999999999,0.0151805,0.996002132196162,False,True
gradient-compression,e77ffd0b75f255761df3bc4c0830771bb75243da7d366a0e80be0186efb789d4,2359296,1,1024,0.0,0,bits-sq,32,512,4,upload_shared,/home/jirka/research/2024/bits-knn-jpdc2024/data/application-scaling/ampere02-35760925/gradient-compression-middle.csv,0.00043402777777777775,1,0.485566,0.485566,0.485566,1.2206332403833877,False,True
gradient-compression,e77ffd0b75f255761df3bc4c0830771bb75243da7d366a0e80be0186efb789d4,2359296,1,1024,0.0,0,bits-sq,32,512,7,download,/home/jirka/research/2024/bits-knn-jpdc2024/data/application-scaling/ampere02-35760925/gradient-compression-middle.csv,0.00043402777777777775,30,0.008853,0.008733,0.009404,0.9961030159268045,True,False
gradient-compression,e77ffd0b75f255761df3bc4c0830771bb75243da7d366a0e80be0186efb789d4,2359296,1,1024,0.0,0,bits-sq,32,512,7,operator,/home/jirka/research/2024/bits-knn-jpdc2024/data/application-scaling/ampere02-35760925/gradient-compression-middle.csv,0.00043402777777777775,30,0.230344,0.22983125,0.23092174999999998,0.27270083006286255,True,False
gradient-compression,e77ffd0b75f255761df3bc4c0830771bb75243da7d366a0e80be0186efb789d4,2359296,1,1024,0.0,0,bits-sq,32,512,7,output_isolated,/home/jirka/research/2024/bits-knn-jpdc2024/data/application-scaling/ampere02-35760925/gradient-compression-middle.csv,0.00043402777777777775,30,0.008152,0.008037,0.00830275,1.0012880274779195,True,False
gradient-compression,e77ffd0b75f255761df3bc4c0830771bb75243da7d366a0e80be0186efb789d4,2359296,1,1024,0.0,0,bits-sq,32,512,7,selection_isolated,/home/jirka/research/2024/bits-knn-jpdc2024/data/application-scaling/ampere02-35760925/gradient-compression-middle.csv,0.00043402777777777775,30,0.21308300000000002,0.212928,0.2133165,0.2168615046718884,True,False
gradient-compression,e77ffd0b75f255761df3bc4c0830771bb75243da7d366a0e80be0186efb789d4,2359296,1,1024,0.0,0,bits-sq,32,512,7,transform_isolated,/home/jirka/research/2024/bits-knn-jpdc2024/data/application-scaling/ampere02-35760925/gradient-compression-middle.csv,0.00043402777777777775,30,0.014897500000000001,0.014844749999999999,0.015042999999999999,1.0033898305084745,True,False
gradient-compression,e77ffd0b75f255761df3bc4c0830771bb75243da7d366a0e80be0186efb789d4,2359296,1,1024,0.0,0,bits-sq,32,512,7,upload_shared,/home/jirka/research/2024/bits-knn-jpdc2024/data/application-scaling/ampere02-35760925/gradient-compression-middle.csv,0.00043402777777777775,1,0.481379,0.481379,0.481379,1.2312502207200564,True,False
gradient-compression,e77ffd0b75f255761df3bc4c0830771bb75243da7d366a0e80be0186efb789d4,2359296,1,1024,0.0,0,bits-sq,32,512,8,download,/home/jirka/research/2024/bits-knn-jpdc2024/data/application-scaling/ampere02-35760925/gradient-compression-middle.csv,0.00043402777777777775,30,0.0087885,0.00867325,0.0092215,1.0034135518006486,False,False
gradient-compression,e77ffd0b75f255761df3bc4c0830771bb75243da7d366a0e80be0186efb789d4,2359296,1,1024,0.0,0,bits-sq,32,512,8,operator,/home/jirka/research/2024/bits-knn-jpdc2024/data/application-scaling/ampere02-35760925/gradient-compression-middle.csv,0.00043402777777777775,30,0.24118050000000002,0.2408875,0.24213700000000002,0.26044808763560906,False,False
gradient-compression,e77ffd0b75f255761df3bc4c0830771bb75243da7d366a0e80be0186efb789d4,2359296,1,1024,0.0,0,bits-sq,32,512,8,output_isolated,/home/jirka/research/2024/bits-knn-jpdc2024/data/application-scaling/ampere02-35760925/gradient-compression-middle.csv,0.00043402777777777775,30,0.0082525,0.0081095,0.00845525,0.9890942138745835,False,False
gradient-compression,e77ffd0b75f255761df3bc4c0830771bb75243da7d366a0e80be0186efb789d4,2359296,1,1024,0.0,0,bits-sq,32,512,8,selection_isolated,/home/jirka/research/2024/bits-knn-jpdc2024/data/application-scaling/ampere02-35760925/gradient-compression-middle.csv,0.00043402777777777775,30,0.22410950000000002,0.22384149999999997,0.22436,0.20619161615192572,False,False
gradient-compression,e77ffd0b75f255761df3bc4c0830771bb75243da7d366a0e80be0186efb789d4,2359296,1,1024,0.0,0,bits-sq,32,512,8,transform_isolated,/home/jirka/research/2024/bits-knn-jpdc2024/data/application-scaling/ampere02-35760925/gradient-compression-middle.csv,0.00043402777777777775,30,0.014877999999999999,0.014822,0.015040499999999998,1.0047049334587983,False,False
gradient-compression,e77ffd0b75f255761df3bc4c0830771bb75243da7d366a0e80be0186efb789d4,2359296,1,1024,0.0,0,bits-sq,32,512,8,upload_shared,/home/jirka/research/2024/bits-knn-jpdc2024/data/application-scaling/ampere02-35760925/gradient-compression-middle.csv,0.00043402777777777775,1,0.479927,0.479927,0.479927,1.234975319163123,False,False
gradient-compression,e77ffd0b75f255761df3bc4c0830771bb75243da7d366a0e80be0186efb789d4,2359296,1,1024,0.0,0,bits-sq,32,512,13,download,/home/jirka/research/2024/bits-knn-jpdc2024/data/application-scaling/ampere02-35760925/gradient-compression-middle.csv,0.00043402777777777775,30,0.0087385,0.00866625,0.009138,1.0091548892830577,False,False
gradient-compression,e77ffd0b75f255761df3bc4c0830771bb75243da7d366a0e80be0186efb789d4,2359296,1,1024,0.0,0,bits-sq,32,512,13,operator,/home/jirka/research/2024/bits-knn-jpdc2024/data/application-scaling/ampere02-35760925/gradient-compression-middle.csv,0.00043402777777777775,30,0.2629185,0.26269624999999996,0.263309,0.23891434037543957,False,False
gradient-compression,e77ffd0b75f255761df3bc4c0830771bb75243da7d366a0e80be0186efb789d4,2359296,1,1024,0.0,0,bits-sq,32,512,13,output_isolated,/home/jirka/research/2024/bits-knn-jpdc2024/data/application-scaling/ampere02-35760925/gradient-compression-middle.csv,0.00043402777777777775,30,0.0081725,0.008064499999999999,0.0086555,0.9987763842153564,False,False
gradient-compression,e77ffd0b75f255761df3bc4c0830771bb75243da7d366a0e80be0186efb789d4,2359296,1,1024,0.0,0,bits-sq,32,512,13,selection_isolated,/home/jirka/research/2024/bits-knn-jpdc2024/data/application-scaling/ampere02-35760925/gradient-compression-middle.csv,0.00043402777777777775,30,0.2456525,0.24538124999999997,0.24587025000000004,0.18810921932404515,False,False
gradient-compression,e77ffd0b75f255761df3bc4c0830771bb75243da7d366a0e80be0186efb789d4,2359296,1,1024,0.0,0,bits-sq,32,512,13,transform_isolated,/home/jirka/research/2024/bits-knn-jpdc2024/data/application-scaling/ampere02-35760925/gradient-compression-middle.csv,0.00043402777777777775,30,0.015003,0.014915250000000001,0.01514025,0.9963340665200292,False,False
gradient-compression,e77ffd0b75f255761df3bc4c0830771bb75243da7d366a0e80be0186efb789d4,2359296,1,1024,0.0,0,bits-sq,32,512,13,upload_shared,/home/jirka/research/2024/bits-knn-jpdc2024/data/application-scaling/ampere02-35760925/gradient-compression-middle.csv,0.00043402777777777775,1,0.48843,0.48843,0.48843,1.2134758307229287,False,False
gradient-compression,e77ffd0b75f255761df3bc4c0830771bb75243da7d366a0e80be0186efb789d4,2359296,1,1024,0.0,0,bits-sq,32,512,16,download,/home/jirka/research/2024/bits-knn-jpdc2024/data/application-scaling/ampere02-35760925/gradient-compression-middle.csv,0.00043402777777777775,30,0.0088085,0.008681250000000001,0.00922375,1.0011352670715785,False,False
gradient-compression,e77ffd0b75f255761df3bc4c0830771bb75243da7d366a0e80be0186efb789d4,2359296,1,1024,0.0,0,bits-sq,32,512,16,operator,/home/jirka/research/2024/bits-knn-jpdc2024/data/application-scaling/ampere02-35760925/gradient-compression-middle.csv,0.00043402777777777775,30,0.29743,0.29727275,0.29794624999999997,0.21119254950744715,False,False
gradient-compression,e77ffd0b75f255761df3bc4c0830771bb75243da7d366a0e80be0186efb789d4,2359296,1,1024,0.0,0,bits-sq,32,512,16,output_isolated,/home/jirka/research/2024/bits-knn-jpdc2024/data/application-scaling/ampere02-35760925/gradient-compression-middle.csv,0.00043402777777777775,30,0.008308,0.008115250000000001,0.0086755,0.982486759749639,False,False
gradient-compression,e77ffd0b75f255761df3bc4c0830771bb75243da7d366a0e80be0186efb789d4,2359296,1,1024,0.0,0,bits-sq,32,512,16,selection_isolated,/home/jirka/research/2024/bits-knn-jpdc2024/data/application-scaling/ampere02-35760925/gradient-compression-middle.csv,0.00043402777777777775,30,0.280555,0.28020425,0.280841,0.16470745486624727,False,False
gradient-compression,e77ffd0b75f255761df3bc4c0830771bb75243da7d366a0e80be0186efb789d4,2359296,1,1024,0.0,0,bits-sq,32,512,16,transform_isolated,/home/jirka/research/2024/bits-knn-jpdc2024/data/application-scaling/ampere02-35760925/gradient-compression-middle.csv,0.00043402777777777775,30,0.0149475,0.014802,0.015128,1.0000334504097674,False,False
gradient-compression,e77ffd0b75f255761df3bc4c0830771bb75243da7d366a0e80be0186efb789d4,2359296,1,1024,0.0,0,bits-sq,32,512,16,upload_shared,/home/jirka/research/2024/bits-knn-jpdc2024/data/application-scaling/ampere02-35760925/gradient-compression-middle.csv,0.00043402777777777775,1,0.477323,0.477323,0.477323,1.241712634840559,False,False
gradient-compression,e77ffd0b75f255761df3bc4c0830771bb75243da7d366a0e80be0186efb789d4,2359296,1,1024,0.0,0,bits-sq,128,128,4,download,/home/jirka/research/2024/bits-knn-jpdc2024/data/application-scaling/ampere02-35760925/gradient-compression-middle.csv,0.00043402777777777775,30,0.008878500000000001,0.0087755,0.0093415,0.9932421017063692,False,False
gradient-compression,e77ffd0b75f255761df3bc4c0830771bb75243da7d366a0e80be0186efb789d4,2359296,1,1024,0.0,0,bits-sq,128,128,4,operator,/home/jirka/research/2024/bits-knn-jpdc2024/data/application-scaling/ampere02-35760925/gradient-compression-middle.csv,0.00043402777777777775,30,0.529638,0.529017,0.530639,0.11859987387611917,False,False
gradient-compression,e77ffd0b75f255761df3bc4c0830771bb75243da7d366a0e80be0186efb789d4,2359296,1,1024,0.0,0,bits-sq,128,128,4,output_isolated,/home/jirka/research/2024/bits-knn-jpdc2024/data/application-scaling/ampere02-35760925/gradient-compression-middle.csv,0.00043402777777777775,30,0.008383,0.008192250000000002,0.008620500000000001,0.9736967672670881,False,False
gradient-compression,e77ffd0b75f255761df3bc4c0830771bb75243da7d366a0e80be0186efb789d4,2359296,1,1024,0.0,0,bits-sq,128,128,4,selection_isolated,/home/jirka/research/2024/bits-knn-jpdc2024/data/application-scaling/ampere02-35760925/gradient-compression-middle.csv,0.00043402777777777775,30,0.5120260000000001,0.5114875,0.5128145,0.0902483467636409,False,False
gradient-compression,e77ffd0b75f255761df3bc4c0830771bb75243da7d366a0e80be0186efb789d4,2359296,1,1024,0.0,0,bits-sq,128,128,4,transform_isolated,/home/jirka/research/2024/bits-knn-jpdc2024/data/application-scaling/ampere02-35760925/gradient-compression-middle.csv,0.00043402777777777775,30,0.015033000000000001,0.014937999999999998,0.015253,0.9943457726335394,False,False
gradient-compression,e77ffd0b75f255761df3bc4c0830771bb75243da7d366a0e80be0186efb789d4,2359296,1,1024,0.0,0,bits-sq,128,128,4,upload_shared,/home/jirka/research/2024/bits-knn-jpdc2024/data/application-scaling/ampere02-35760925/gradient-compression-middle.csv,0.00043402777777777775,1,0.48008700000000004,0.48008700000000004,0.48008700000000004,1.2345637353229728,False,False
gradient-compression,e77ffd0b75f255761df3bc4c0830771bb75243da7d366a0e80be0186efb789d4,2359296,1,1024,0.0,0,bits-sq,128,128,7,download,/home/jirka/research/2024/bits-knn-jpdc2024/data/application-scaling/ampere02-35760925/gradient-compression-middle.csv,0.00043402777777777775,30,0.0088285,0.008653,0.009269,0.9988673047516566,False,False
gradient-compression,e77ffd0b75f255761df3bc4c0830771bb75243da7d366a0e80be0186efb789d4,2359296,1,1024,0.0,0,bits-sq,128,128,7,operator,/home/jirka/research/2024/bits-knn-jpdc2024/data/application-scaling/ampere02-35760925/gradient-compression-middle.csv,0.00043402777777777775,30,0.5473589999999999,0.54696075,0.5482057499999999,0.11476014827562901,False,False
gradient-compression,e77ffd0b75f255761df3bc4c0830771bb75243da7d366a0e80be0186efb789d4,2359296,1,1024,0.0,0,bits-sq,128,128,7,output_isolated,/home/jirka/research/2024/bits-knn-jpdc2024/data/application-scaling/ampere02-35760925/gradient-compression-middle.csv,0.00043402777777777775,30,0.008503,0.008215249999999999,0.00885875,0.9599553098906268,False,False
gradient-compression,e77ffd0b75f255761df3bc4c0830771bb75243da7d366a0e80be0186efb789d4,2359296,1,1024,0.0,0,bits-sq,128,128,7,selection_isolated,/home/jirka/research/2024/bits-knn-jpdc2024/data/application-scaling/ampere02-35760925/gradient-compression-middle.csv,0.00043402777777777775,30,0.530464,0.529393,0.531641,0.08711147222054653,False,False
gradient-compression,e77ffd0b75f255761df3bc4c0830771bb75243da7d366a0e80be0186efb789d4,2359296,1,1024,0.0,0,bits-sq,128,128,7,transform_isolated,/home/jirka/research/2024/bits-knn-jpdc2024/data/application-scaling/ampere02-35760925/gradient-compression-middle.csv,0.00043402777777777775,30,0.015023,0.01496775,0.015270500000000001,0.9950076549291087,False,False
gradient-compression,e77ffd0b75f255761df3bc4c0830771bb75243da7d366a0e80be0186efb789d4,2359296,1,1024,0.0,0,bits-sq,128,128,7,upload_shared,/home/jirka/research/2024/bits-knn-jpdc2024/data/application-scaling/ampere02-35760925/gradient-compression-middle.csv,0.00043402777777777775,1,0.469441,0.469441,0.469441,1.2625612164254933,False,False
gradient-compression,e77ffd0b75f255761df3bc4c0830771bb75243da7d366a0e80be0186efb789d4,2359296,1,1024,0.0,0,bits-sq,128,128,8,download,/home/jirka/research/2024/bits-knn-jpdc2024/data/application-scaling/ampere02-35760925/gradient-compression-middle.csv,0.00043402777777777775,30,0.0088685,0.008730499999999999,0.00928975,0.99436206799346,False,False
gradient-compression,e77ffd0b75f255761df3bc4c0830771bb75243da7d366a0e80be0186efb789d4,2359296,1,1024,0.0,0,bits-sq,128,128,8,operator,/home/jirka/research/2024/bits-knn-jpdc2024/data/application-scaling/ampere02-35760925/gradient-compression-middle.csv,0.00043402777777777775,30,0.6011409999999999,0.60024,0.60194525,0.10449295589553868,False,False
gradient-compression,e77ffd0b75f255761df3bc4c0830771bb75243da7d366a0e80be0186efb789d4,2359296,1,1024,0.0,0,bits-sq,128,128,8,output_isolated,/home/jirka/research/2024/bits-knn-jpdc2024/data/application-scaling/ampere02-35760925/gradient-compression-middle.csv,0.00043402777777777775,30,0.008543,0.008338,0.008810499999999999,0.9554606110265714,False,False
gradient-compression,e77ffd0b75f255761df3bc4c0830771bb75243da7d366a0e80be0186efb789d4,2359296,1,1024,0.0,0,bits-sq,128,128,8,selection_isolated,/home/jirka/research/2024/bits-knn-jpdc2024/data/application-scaling/ampere02-35760925/gradient-compression-middle.csv,0.00043402777777777775,30,0.5831085,0.582618,0.583669,0.07924682970664979,False,False
gradient-compression,e77ffd0b75f255761df3bc4c0830771bb75243da7d366a0e80be0186efb789d4,2359296,1,1024,0.0,0,bits-sq,128,128,8,transform_isolated,/home/jirka/research/2024/bits-knn-jpdc2024/data/application-scaling/ampere02-35760925/gradient-compression-middle.csv,0.00043402777777777775,30,0.015087999999999999,0.014895249999999999,0.0151555,0.9907211028632026,False,False
gradient-compression,e77ffd0b75f255761df3bc4c0830771bb75243da7d366a0e80be0186efb789d4,2359296,1,1024,0.0,0,bits-sq,128,128,8,upload_shared,/home/jirka/research/2024/bits-knn-jpdc2024/data/application-scaling/ampere02-35760925/gradient-compression-middle.csv,0.00043402777777777775,1,0.47990700000000003,0.47990700000000003,0.47990700000000003,1.2350267864398727,False,False
gradient-compression,e77ffd0b75f255761df3bc4c0830771bb75243da7d366a0e80be0186efb789d4,2359296,1,1024,0.0,0,bits-sq,128,128,13,download,/home/jirka/research/2024/bits-knn-jpdc2024/data/application-scaling/ampere02-35760925/gradient-compression-middle.csv,0.00043402777777777775,30,0.009173500000000001,0.0088105,0.009550000000000001,0.9613015751894042,False,False
gradient-compression,e77ffd0b75f255761df3bc4c0830771bb75243da7d366a0e80be0186efb789d4,2359296,1,1024,0.0,0,bits-sq,128,128,13,operator,/home/jirka/research/2024/bits-knn-jpdc2024/data/application-scaling/ampere02-35760925/gradient-compression-middle.csv,0.00043402777777777775,30,0.5903545,0.5895215,0.5911635,0.10640217022145171,False,False
gradient-compression,e77ffd0b75f255761df3bc4c0830771bb75243da7d366a0e80be0186efb789d4,2359296,1,1024,0.0,0,bits-sq,128,128,13,output_isolated,/home/jirka/research/2024/bits-knn-jpdc2024/data/application-scaling/ampere02-35760925/gradient-compression-middle.csv,0.00043402777777777775,30,0.008498,0.008242,0.008893749999999999,0.9605201223817368,False,False
gradient-compression,e77ffd0b75f255761df3bc4c0830771bb75243da7d366a0e80be0186efb789d4,2359296,1,1024,0.0,0,bits-sq,128,128,13,selection_isolated,/home/jirka/research/2024/bits-knn-jpdc2024/data/application-scaling/ampere02-35760925/gradient-compression-middle.csv,0.00043402777777777775,30,0.573629,0.5726147500000001,0.5743975,0.08055642235661029,False,False
gradient-compression,e77ffd0b75f255761df3bc4c0830771bb75243da7d366a0e80be0186efb789d4,2359296,1,1024,0.0,0,bits-sq,128,128,13,transform_isolated,/home/jirka/research/2024/bits-knn-jpdc2024/data/application-scaling/ampere02-35760925/gradient-compression-middle.csv,0.00043402777777777775,30,0.015083,0.0149745,0.015133,0.9910495259563747,False,False
gradient-compression,e77ffd0b75f255761df3bc4c0830771bb75243da7d366a0e80be0186efb789d4,2359296,1,1024,0.0,0,bits-sq,128,128,13,upload_shared,/home/jirka/research/2024/bits-knn-jpdc2024/data/application-scaling/ampere02-35760925/gradient-compression-middle.csv,0.00043402777777777775,1,0.482952,0.482952,0.482952,1.2272399741589228,False,False
gradient-compression,e77ffd0b75f255761df3bc4c0830771bb75243da7d366a0e80be0186efb789d4,2359296,1,1024,0.0,0,bits-sq,128,128,16,download,/home/jirka/research/2024/bits-knn-jpdc2024/data/application-scaling/ampere02-35760925/gradient-compression-middle.csv,0.00043402777777777775,30,0.0089585,0.008811250000000001,0.009253999999999998,0.9843723837696043,False,False
gradient-compression,e77ffd0b75f255761df3bc4c0830771bb75243da7d366a0e80be0186efb789d4,2359296,1,1024,0.0,0,bits-sq,128,128,16,operator,/home/jirka/research/2024/bits-knn-jpdc2024/data/application-scaling/ampere02-35760925/gradient-compression-middle.csv,0.00043402777777777775,30,0.5382054999999999,0.5372842499999999,0.53875425,0.11671192509180976,False,False
gradient-compression,e77ffd0b75f255761df3bc4c0830771bb75243da7d366a0e80be0186efb789d4,2359296,1,1024,0.0,0,bits-sq,128,128,16,output_isolated,/home/jirka/research/2024/bits-knn-jpdc2024/data/application-scaling/ampere02-35760925/gradient-compression-middle.csv,0.00043402777777777775,30,0.008343,0.008177,0.0086605,0.9783650964880738,False,False
gradient-compression,e77ffd0b75f255761df3bc4c0830771bb75243da7d366a0e80be0186efb789d4,2359296,1,1024,0.0,0,bits-sq,128,128,16,selection_isolated,/home/jirka/research/2024/bits-knn-jpdc2024/data/application-scaling/ampere02-35760925/gradient-compression-middle.csv,0.00043402777777777775,30,0.520253,0.519557,0.5210015,0.08882120814296122,False,False
gradient-compression,e77ffd0b75f255761df3bc4c0830771bb75243da7d366a0e80be0186efb789d4,2359296,1,1024,0.0,0,bits-sq,128,128,16,transform_isolated,/home/jirka/research/2024/bits-knn-jpdc2024/data/application-scaling/ampere02-35760925/gradient-compression-middle.csv,0.00043402777777777775,30,0.015043,0.014945250000000002,0.015238749999999999,0.9936847703250681,False,False
gradient-compression,e77ffd0b75f255761df3bc4c0830771bb75243da7d366a0e80be0186efb789d4,2359296,1,1024,0.0,0,bits-sq,128,128,16,upload_shared,/home/jirka/research/2024/bits-knn-jpdc2024/data/application-scaling/ampere02-35760925/gradient-compression-middle.csv,0.00043402777777777775,1,0.479918,0.479918,0.479918,1.2349984789068134,False,False
gradient-compression,e77ffd0b75f255761df3bc4c0830771bb75243da7d366a0e80be0186efb789d4,2359296,1,1024,0.0,0,bits-sq,128,256,4,download,/home/jirka/research/2024/bits-knn-jpdc2024/data/application-scaling/ampere02-35760925/gradient-compression-middle.csv,0.00043402777777777775,30,0.008718,0.008633,0.00882875,1.0115278733654507,False,False
gradient-compression,e77ffd0b75f255761df3bc4c0830771bb75243da7d366a0e80be0186efb789d4,2359296,1,1024,0.0,0,bits-sq,128,256,4,operator,/home/jirka/research/2024/bits-knn-jpdc2024/data/application-scaling/ampere02-35760925/gradient-compression-middle.csv,0.00043402777777777775,30,0.3882185,0.38773225,0.388534,0.16180321133588432,False,False
gradient-compression,e77ffd0b75f255761df3bc4c0830771bb75243da7d366a0e80be0186efb789d4,2359296,1,1024,0.0,0,bits-sq,128,256,4,output_isolated,/home/jirka/research/2024/bits-knn-jpdc2024/data/application-scaling/ampere02-35760925/gradient-compression-middle.csv,0.00043402777777777775,30,0.0082375,0.008067,0.00855525,0.990895295902883,False,False
gradient-compression,e77ffd0b75f255761df3bc4c0830771bb75243da7d366a0e80be0186efb789d4,2359296,1,1024,0.0,0,bits-sq,128,256,4,selection_isolated,/home/jirka/research/2024/bits-knn-jpdc2024/data/application-scaling/ampere02-35760925/gradient-compression-middle.csv,0.00043402777777777775,30,0.3711725,0.37091225,0.37163575,0.12449602273875354,False,False
gradient-compression,e77ffd0b75f255761df3bc4c0830771bb75243da7d366a0e80be0186efb789d4,2359296,1,1024,0.0,0,bits-sq,128,256,4,transform_isolated,/home/jirka/research/2024/bits-knn-jpdc2024/data/application-scaling/ampere02-35760925/gradient-compression-middle.csv,0.00043402777777777775,30,0.015038,0.014905499999999999,0.015268,0.9940151615906371,False,False
gradient-compression,e77ffd0b75f255761df3bc4c0830771bb75243da7d366a0e80be0186efb789d4,2359296,1,1024,0.0,0,bits-sq,128,256,4,upload_shared,/home/jirka/research/2024/bits-knn-jpdc2024/data/application-scaling/ampere02-35760925/gradient-compression-middle.csv,0.00043402777777777775,1,0.480007,0.480007,0.480007,1.2347694929448947,False,False
gradient-compression,e77ffd0b75f255761df3bc4c0830771bb75243da7d366a0e80be0186efb789d4,2359296,1,1024,0.0,0,bits-sq,128,256,7,download,/home/jirka/research/2024/bits-knn-jpdc2024/data/application-scaling/ampere02-35760925/gradient-compression-middle.csv,0.00043402777777777775,30,0.0087985,0.008670500000000001,0.009261499999999999,1.0022731147354662,False,False
gradient-compression,e77ffd0b75f255761df3bc4c0830771bb75243da7d366a0e80be0186efb789d4,2359296,1,1024,0.0,0,bits-sq,128,256,7,operator,/home/jirka/research/2024/bits-knn-jpdc2024/data/application-scaling/ampere02-35760925/gradient-compression-middle.csv,0.00043402777777777775,30,0.3610315,0.36048925,0.36199125,0.17398758834062958,False,False
gradient-compression,e77ffd0b75f255761df3bc4c0830771bb75243da7d366a0e80be0186efb789d4,2359296,1,1024,0.0,0,bits-sq,128,256,7,output_isolated,/home/jirka/research/2024/bits-knn-jpdc2024/data/application-scaling/ampere02-35760925/gradient-compression-middle.csv,0.00043402777777777775,30,0.008258,0.008062,0.0084505,0.9884354565270042,False,False
gradient-compression,e77ffd0b75f255761df3bc4c0830771bb75243da7d366a0e80be0186efb789d4,2359296,1,1024,0.0,0,bits-sq,128,256,7,selection_isolated,/home/jirka/research/2024/bits-knn-jpdc2024/data/application-scaling/ampere02-35760925/gradient-compression-middle.csv,0.00043402777777777775,30,0.343851,0.3436075,0.34438199999999997,0.1343881506815452,False,False
gradient-compression,e77ffd0b75f255761df3bc4c0830771bb75243da7d366a0e80be0186efb789d4,2359296,1,1024,0.0,0,bits-sq,128,256,7,transform_isolated,/home/jirka/research/2024/bits-knn-jpdc2024/data/application-scaling/ampere02-35760925/gradient-compression-middle.csv,0.00043402777777777775,30,0.015053,0.01491725,0.015203,0.9930246462499169,False,False
gradient-compression,e77ffd0b75f255761df3bc4c0830771bb75243da7d366a0e80be0186efb789d4,2359296,1,1024,0.0,0,bits-sq,128,256,7,upload_shared,/home/jirka/research/2024/bits-knn-jpdc2024/data/application-scaling/ampere02-35760925/gradient-compression-middle.csv,0.00043402777777777775,1,0.480038,0.480038,0.480038,1.2346897537278299,False,False
gradient-compression,e77ffd0b75f255761df3bc4c0830771bb75243da7d366a0e80be0186efb789d4,2359296,1,1024,0.0,0,bits-sq,128,256,8,download,/home/jirka/research/2024/bits-knn-jpdc2024/data/application-scaling/ampere02-35760925/gradient-compression-middle.csv,0.00043402777777777775,30,0.008702999999999999,0.008605500000000002,0.009059000000000001,1.01327128576353,False,False
gradient-compression,e77ffd0b75f255761df3bc4c0830771bb75243da7d366a0e80be0186efb789d4,2359296,1,1024,0.0,0,bits-sq,128,256,8,operator,/home/jirka/research/2024/bits-knn-jpdc2024/data/application-scaling/ampere02-35760925/gradient-compression-middle.csv,0.00043402777777777775,30,0.36516350000000003,0.36485475,0.36594424999999997,0.17201883539839005,False,False
gradient-compression,e77ffd0b75f255761df3bc4c0830771bb75243da7d366a0e80be0186efb789d4,2359296,1,1024,0.0,0,bits-sq,128,256,8,output_isolated,/home/jirka/research/2024/bits-knn-jpdc2024/data/application-scaling/ampere02-35760925/gradient-compression-middle.csv,0.00043402777777777775,30,0.008342500000000001,0.0081255,0.00856275,0.9784237338927179,False,False
gradient-compression,e77ffd0b75f255761df3bc4c0830771bb75243da7d366a0e80be0186efb789d4,2359296,1,1024,0.0,0,bits-sq,128,256,8,selection_isolated,/home/jirka/research/2024/bits-knn-jpdc2024/data/application-scaling/ampere02-35760925/gradient-compression-middle.csv,0.00043402777777777775,30,0.34793700000000005,0.34739375,0.34875875,0.13280996272313664,False,False
gradient-compression,e77ffd0b75f255761df3bc4c0830771bb75243da7d366a0e80be0186efb789d4,2359296,1,1024,0.0,0,bits-sq,128,256,8,transform_isolated,/home/jirka/research/2024/bits-knn-jpdc2024/data/application-scaling/ampere02-35760925/gradient-compression-middle.csv,0.00043402777777777775,30,0.0150075,0.014953000000000001,0.015100500000000001,0.9960353156754955,False,False
gradient-compression,e77ffd0b75f255761df3bc4c0830771bb75243da7d366a0e80be0186efb789d4,2359296,1,1024,0.0,0,bits-sq,128,256,8,upload_shared,/home/jirka/research/2024/bits-knn-jpdc2024/data/application-scaling/ampere02-35760925/gradient-compression-middle.csv,0.00043402777777777775,1,0.48458399999999996,0.48458399999999996,0.48458399999999996,1.223106829775643,False,False
gradient-compression,e77ffd0b75f255761df3bc4c0830771bb75243da7d366a0e80be0186efb789d4,2359296,1,1024,0.0,0,bits-sq,128,256,13,download,/home/jirka/research/2024/bits-knn-jpdc2024/data/application-scaling/ampere02-35760925/gradient-compression-middle.csv,0.00043402777777777775,30,0.008938499999999999,0.008785500000000002,0.00966225,0.9865749286793087,False,False
gradient-compression,e77ffd0b75f255761df3bc4c0830771bb75243da7d366a0e80be0186efb789d4,2359296,1,1024,0.0,0,bits-sq,128,256,13,operator,/home/jirka/research/2024/bits-knn-jpdc2024/data/application-scaling/ampere02-35760925/gradient-compression-middle.csv,0.00043402777777777775,30,0.36879399999999996,0.3680655,0.36958575,0.17032543913404236,False,False
gradient-compression,e77ffd0b75f255761df3bc4c0830771bb75243da7d366a0e80be0186efb789d4,2359296,1,1024,0.0,0,bits-sq,128,256,13,output_isolated,/home/jirka/research/2024/bits-knn-jpdc2024/data/application-scaling/ampere02-35760925/gradient-compression-middle.csv,0.00043402777777777775,30,0.008263,0.00809025,0.0085855,0.9878373472104562,False,False
gradient-compression,e77ffd0b75f255761df3bc4c0830771bb75243da7d366a0e80be0186efb789d4,2359296,1,1024,0.0,0,bits-sq,128,256,13,selection_isolated,/home/jirka/research/2024/bits-knn-jpdc2024/data/application-scaling/ampere02-35760925/gradient-compression-middle.csv,0.00043402777777777775,30,0.351162,0.35062375,0.35162024999999997,0.13159026318337408,False,False
gradient-compression,e77ffd0b75f255761df3bc4c0830771bb75243da7d366a0e80be0186efb789d4,2359296,1,1024,0.0,0,bits-sq,128,256,13,transform_isolated,/home/jirka/research/2024/bits-knn-jpdc2024/data/application-scaling/ampere02-35760925/gradient-compression-middle.csv,0.00043402777777777775,30,0.014998000000000001,0.014937749999999998,0.01520275,0.996666222162955,False,False
gradient-compression,e77ffd0b75f255761df3bc4c0830771bb75243da7d366a0e80be0186efb789d4,2359296,1,1024,0.0,0,bits-sq,128,256,13,upload_shared,/home/jirka/research/2024/bits-knn-jpdc2024/data/application-scaling/ampere02-35760925/gradient-compression-middle.csv,0.00043402777777777775,1,0.482211,0.482211,0.482211,1.229125839103629,False,False
gradient-compression,e77ffd0b75f255761df3bc4c0830771bb75243da7d366a0e80be0186efb789d4,2359296,1,1024,0.0,0,bits-sq,128,256,16,download,/home/jirka/research/2024/bits-knn-jpdc2024/data/application-scaling/ampere02-35760925/gradient-compression-middle.csv,0.00043402777777777775,30,0.008723,0.0085755,0.009164,1.0109480683251175,False,False
gradient-compression,e77ffd0b75f255761df3bc4c0830771bb75243da7d366a0e80be0186efb789d4,2359296,1,1024,0.0,0,bits-sq,128,256,16,operator,/home/jirka/research/2024/bits-knn-jpdc2024/data/application-scaling/ampere02-35760925/gradient-compression-middle.csv,0.00043402777777777775,30,0.38004099999999996,0.37709875,0.3852865,0.16528479821913955,False,False
gradient-compression,e77ffd0b75f255761df3bc4c0830771bb75243da7d366a0e80be0186efb789d4,2359296,1,1024,0.0,0,bits-sq,128,256,16,output_isolated,/home/jirka/research/2024/bits-knn-jpdc2024/data/application-scaling/ampere02-35760925/gradient-compression-middle.csv,0.00043402777777777775,30,0.008247500000000001,0.0080595,0.008478000000000001,0.9896938466201878,False,False
gradient-compression,e77ffd0b75f255761df3bc4c0830771bb75243da7d366a0e80be0186efb789d4,2359296,1,1024,0.0,0,bits-sq,128,256,16,selection_isolated,/home/jirka/research/2024/bits-knn-jpdc2024/data/application-scaling/ampere02-35760925/gradient-compression-middle.csv,0.00043402777777777775,30,0.3618185,0.3603235,0.36802775,0.1277145861806403,False,False
gradient-compression,e77ffd0b75f255761df3bc4c0830771bb75243da7d366a0e80be0186efb789d4,2359296,1,1024,0.0,0,bits-sq,128,256,16,transform_isolated,/home/jirka/research/2024/bits-knn-jpdc2024/data/application-scaling/ampere02-35760925/gradient-compression-middle.csv,0.00043402777777777775,30,0.015033,0.01490275,0.015108,0.9943457726335395,False,False
gradient-compression,e77ffd0b75f255761df3bc4c0830771bb75243da7d366a0e80be0186efb789d4,2359296,1,1024,0.0,0,bits-sq,128,256,16,upload_shared,/home/jirka/research/2024/bits-knn-jpdc2024/data/application-scaling/ampere02-35760925/gradient-compression-middle.csv,0.00043402777777777775,1,0.470142,0.470142,0.470142,1.2606786885664332,False,False
gradient-compression,e77ffd0b75f255761df3bc4c0830771bb75243da7d366a0e80be0186efb789d4,2359296,1,1024,0.0,0,bits-sq,128,512,4,download,/home/jirka/research/2024/bits-knn-jpdc2024/data/application-scaling/ampere02-35760925/gradient-compression-middle.csv,0.00043402777777777775,30,0.008858,0.008628,0.009246500000000001,0.995540754120569,False,False
gradient-compression,e77ffd0b75f255761df3bc4c0830771bb75243da7d366a0e80be0186efb789d4,2359296,1,1024,0.0,0,bits-sq,128,512,4,operator,/home/jirka/research/2024/bits-knn-jpdc2024/data/application-scaling/ampere02-35760925/gradient-compression-middle.csv,0.00043402777777777775,30,0.3160385,0.3157405,0.31646975,0.19875742987009498,False,False
gradient-compression,e77ffd0b75f255761df3bc4c0830771bb75243da7d366a0e80be0186efb789d4,2359296,1,1024,0.0,0,bits-sq,128,512,4,output_isolated,/home/jirka/research/2024/bits-knn-jpdc2024/data/application-scaling/ampere02-35760925/gradient-compression-middle.csv,0.00043402777777777775,30,0.008272,0.00817025,0.008402,0.9867625725338491,False,False
gradient-compression,e77ffd0b75f255761df3bc4c0830771bb75243da7d366a0e80be0186efb789d4,2359296,1,1024,0.0,0,bits-sq,128,512,4,selection_isolated,/home/jirka/research/2024/bits-knn-jpdc2024/data/application-scaling/ampere02-35760925/gradient-compression-middle.csv,0.00043402777777777775,30,0.29831699999999994,0.29778375,0.298637,0.15490065936570832,False,False
gradient-compression,e77ffd0b75f255761df3bc4c0830771bb75243da7d366a0e80be0186efb789d4,2359296,1,1024,0.0,0,bits-sq,128,512,4,transform_isolated,/home/jirka/research/2024/bits-knn-jpdc2024/data/application-scaling/ampere02-35760925/gradient-compression-middle.csv,0.00043402777777777775,30,0.015172499999999998,0.01501275,0.01528375,0.9852034931619708,False,False
gradient-compression,e77ffd0b75f255761df3bc4c0830771bb75243da7d366a0e80be0186efb789d4,2359296,1,1024,0.0,0,bits-sq,128,512,4,upload_shared,/home/jirka/research/2024/bits-knn-jpdc2024/data/application-scaling/ampere02-35760925/gradient-compression-middle.csv,0.00043402777777777775,1,0.470503,0.470503,0.470503,1.2597114152300837,False,False
gradient-compression,e77ffd0b75f255761df3bc4c0830771bb75243da7d366a0e80be0186efb789d4,2359296,1,1024,0.0,0,bits-sq,128,512,7,download,/home/jirka/research/2024/bits-knn-jpdc2024/data/application-scaling/ampere02-35760925/gradient-compression-middle.csv,0.00043402777777777775,30,0.008839,0.008635499999999999,0.009349000000000001,0.9976807331146058,False,False
gradient-compression,e77ffd0b75f255761df3bc4c0830771bb75243da7d366a0e80be0186efb789d4,2359296,1,1024,0.0,0,bits-sq,128,512,7,operator,/home/jirka/research/2024/bits-knn-jpdc2024/data/application-scaling/ampere02-35760925/gradient-compression-middle.csv,0.00043402777777777775,30,0.33965449999999997,0.3392115,0.33997000000000005,0.18493792957255098,False,False
gradient-compression,e77ffd0b75f255761df3bc4c0830771bb75243da7d366a0e80be0186efb789d4,2359296,1,1024,0.0,0,bits-sq,128,512,7,output_isolated,/home/jirka/research/2024/bits-knn-jpdc2024/data/application-scaling/ampere02-35760925/gradient-compression-middle.csv,0.00043402777777777775,30,0.008228000000000001,0.008137249999999999,0.0086005,0.9920393777345647,False,False
gradient-compression,e77ffd0b75f255761df3bc4c0830771bb75243da7d366a0e80be0186efb789d4,2359296,1,1024,0.0,0,bits-sq,128,512,7,selection_isolated,/home/jirka/research/2024/bits-knn-jpdc2024/data/application-scaling/ampere02-35760925/gradient-compression-middle.csv,0.00043402777777777775,30,0.3223785,0.322143,0.3226065,0.14333927355577372,False,False
gradient-compression,e77ffd0b75f255761df3bc4c0830771bb75243da7d366a0e80be0186efb789d4,2359296,1,1024,0.0,0,bits-sq,128,512,7,transform_isolated,/home/jirka/research/2024/bits-knn-jpdc2024/data/application-scaling/ampere02-35760925/gradient-compression-middle.csv,0.00043402777777777775,30,0.0149725,0.014856999999999999,0.015067999999999998,0.9983636667223242,False,False
gradient-compression,e77ffd0b75f255761df3bc4c0830771bb75243da7d366a0e80be0186efb789d4,2359296,1,1024,0.0,0,bits-sq,128,512,7,upload_shared,/home/jirka/research/2024/bits-knn-jpdc2024/data/application-scaling/ampere02-35760925/gradient-compression-middle.csv,0.00043402777777777775,1,0.480758,0.480758,0.480758,1.2328406391573308,False,False
gradient-compression,e77ffd0b75f255761df3bc4c0830771bb75243da7d366a0e80be0186efb789d4,2359296,1,1024,0.0,0,bits-sq,128,512,8,download,/home/jirka/research/2024/bits-knn-jpdc2024/data/application-scaling/ampere02-35760925/gradient-compression-middle.csv,0.00043402777777777775,30,0.0090135,0.0088855,0.00963,0.9783657846563487,False,False
gradient-compression,e77ffd0b75f255761df3bc4c0830771bb75243da7d366a0e80be0186efb789d4,2359296,1,1024,0.0,0,bits-sq,128,512,8,operator,/home/jirka/research/2024/bits-knn-jpdc2024/data/application-scaling/ampere02-35760925/gradient-compression-middle.csv,0.00043402777777777775,30,0.34429200000000004,0.34403100000000003,0.34502025000000003,0.18244687648856203,False,False
gradient-compression,e77ffd0b75f255761df3bc4c0830771bb75243da7d366a0e80be0186efb789d4,2359296,1,1024,0.0,0,bits-sq,128,512,8,output_isolated,/home/jirka/research/2024/bits-knn-jpdc2024/data/application-scaling/ampere02-35760925/gradient-compression-middle.csv,0.00043402777777777775,30,0.008288,0.00818525,0.008498,0.9848576254826255,False,False
gradient-compression,e77ffd0b75f255761df3bc4c0830771bb75243da7d366a0e80be0186efb789d4,2359296,1,1024,0.0,0,bits-sq,128,512,8,selection_isolated,/home/jirka/research/2024/bits-knn-jpdc2024/data/application-scaling/ampere02-35760925/gradient-compression-middle.csv,0.00043402777777777775,30,0.327221,0.327091,0.32745925,0.14121801473621803,False,False
gradient-compression,e77ffd0b75f255761df3bc4c0830771bb75243da7d366a0e80be0186efb789d4,2359296,1,1024,0.0,0,bits-sq,128,512,8,transform_isolated,/home/jirka/research/2024/bits-knn-jpdc2024/data/application-scaling/ampere02-35760925/gradient-compression-middle.csv,0.00043402777777777775,30,0.0149875,0.01490225,0.015165500000000002,0.9973644703919933,False,False
gradient-compression,e77ffd0b75f255761df3bc4c0830771bb75243da7d366a0e80be0186efb789d4,2359296,1,1024,0.0,0,bits-sq,128,512,8,upload_shared,/home/jirka/research/2024/bits-knn-jpdc2024/data/application-scaling/ampere02-35760925/gradient-compression-middle.csv,0.00043402777777777775,1,0.47679299999999997,0.47679299999999997,0.47679299999999997,1.2430929145352387,False,False
gradient-compression,e77ffd0b75f255761df3bc4c0830771bb75243da7d366a0e80be0186efb789d4,2359296,1,1024,0.0,0,bits-sq,128,512,13,download,/home/jirka/research/2024/bits-knn-jpdc2024/data/application-scaling/ampere02-35760925/gradient-compression-middle.csv,0.00043402777777777775,30,0.008843,0.0086455,0.0093315,0.997229447020242,False,False
gradient-compression,e77ffd0b75f255761df3bc4c0830771bb75243da7d366a0e80be0186efb789d4,2359296,1,1024,0.0,0,bits-sq,128,512,13,operator,/home/jirka/research/2024/bits-knn-jpdc2024/data/application-scaling/ampere02-35760925/gradient-compression-middle.csv,0.00043402777777777775,30,0.377617,0.37725200000000003,0.378244,0.1663457948132632,False,False
gradient-compression,e77ffd0b75f255761df3bc4c0830771bb75243da7d366a0e80be0186efb789d4,2359296,1,1024,0.0,0,bits-sq,128,512,13,output_isolated,/home/jirka/research/2024/bits-knn-jpdc2024/data/application-scaling/ampere02-35760925/gradient-compression-middle.csv,0.00043402777777777775,30,0.0083575,0.00808225,0.008643,0.9766676637750522,False,False
gradient-compression,e77ffd0b75f255761df3bc4c0830771bb75243da7d366a0e80be0186efb789d4,2359296,1,1024,0.0,0,bits-sq,128,512,13,selection_isolated,/home/jirka/research/2024/bits-knn-jpdc2024/data/application-scaling/ampere02-35760925/gradient-compression-middle.csv,0.00043402777777777775,30,0.360241,0.35995025,0.36053599999999997,0.12827385000596825,False,False
gradient-compression,e77ffd0b75f255761df3bc4c0830771bb75243da7d366a0e80be0186efb789d4,2359296,1,1024,0.0,0,bits-sq,128,512,13,transform_isolated,/home/jirka/research/2024/bits-knn-jpdc2024/data/application-scaling/ampere02-35760925/gradient-compression-middle.csv,0.00043402777777777775,30,0.014942,0.01482475,0.015070249999999999,1.0004015526703252,False,False
gradient-compression,e77ffd0b75f255761df3bc4c0830771bb75243da7d366a0e80be0186efb789d4,2359296,1,1024,0.0,0,bits-sq,128,512,13,upload_shared,/home/jirka/research/2024/bits-knn-jpdc2024/data/application-scaling/ampere02-35760925/gradient-compression-middle.csv,0.00043402777777777775,1,0.46925100000000003,0.46925100000000003,0.46925100000000003,1.263072428188752,False,False
gradient-compression,e77ffd0b75f255761df3bc4c0830771bb75243da7d366a0e80be0186efb789d4,2359296,1,1024,0.0,0,bits-sq,128,512,16,download,/home/jirka/research/2024/bits-knn-jpdc2024/data/application-scaling/ampere02-35760925/gradient-compression-middle.csv,0.00043402777777777775,30,0.008788,0.0086055,0.00979475,1.0034706417842512,False,False
gradient-compression,e77ffd0b75f255761df3bc4c0830771bb75243da7d366a0e80be0186efb789d4,2359296,1,1024,0.0,0,bits-sq,128,512,16,operator,/home/jirka/research/2024/bits-knn-jpdc2024/data/application-scaling/ampere02-35760925/gradient-compression-middle.csv,0.00043402777777777775,30,0.44048750000000003,0.440162,0.44098325,0.1426033655892619,False,False
gradient-compression,e77ffd0b75f255761df3bc4c0830771bb75243da7d366a0e80be0186efb789d4,2359296,1,1024,0.0,0,bits-sq,128,512,16,output_isolated,/home/jirka/research/2024/bits-knn-jpdc2024/data/application-scaling/ampere02-35760925/gradient-compression-middle.csv,0.00043402777777777775,30,0.008257500000000001,0.008114499999999998,0.00844275,0.988495307296397,False,False
gradient-compression,e77ffd0b75f255761df3bc4c0830771bb75243da7d366a0e80be0186efb789d4,2359296,1,1024,0.0,0,bits-sq,128,512,16,selection_isolated,/home/jirka/research/2024/bits-knn-jpdc2024/data/application-scaling/ampere02-35760925/gradient-compression-middle.csv,0.00043402777777777775,30,0.4234815,0.4231685,0.4239905,0.10911810787484223,False,False
gradient-compression,e77ffd0b75f255761df3bc4c0830771bb75243da7d366a0e80be0186efb789d4,2359296,1,1024,0.0,0,bits-sq,128,512,16,transform_isolated,/home/jirka/research/2024/bits-knn-jpdc2024/data/application-scaling/ampere02-35760925/gradient-compression-middle.csv,0.00043402777777777775,30,0.014963,0.01489525,0.015078,0.9989975272338434,False,False
gradient-compression,e77ffd0b75f255761df3bc4c0830771bb75243da7d366a0e80be0186efb789d4,2359296,1,1024,0.0,0,bits-sq,128,512,16,upload_shared,/home/jirka/research/2024/bits-knn-jpdc2024/data/application-scaling/ampere02-35760925/gradient-compression-middle.csv,0.00043402777777777775,1,0.474008,0.474008,0.474008,1.250396617778603,False,False
gradient-compression,e77ffd0b75f255761df3bc4c0830771bb75243da7d366a0e80be0186efb789d4,2359296,1,1024,0.0,0,bits-sq,512,128,4,download,/home/jirka/research/2024/bits-knn-jpdc2024/data/application-scaling/ampere02-35760925/gradient-compression-middle.csv,0.00043402777777777775,30,0.009589,0.00923575,0.009835,0.9196475127750547,False,False
gradient-compression,e77ffd0b75f255761df3bc4c0830771bb75243da7d366a0e80be0186efb789d4,2359296,1,1024,0.0,0,bits-sq,512,128,4,operator,/home/jirka/research/2024/bits-knn-jpdc2024/data/application-scaling/ampere02-35760925/gradient-compression-middle.csv,0.00043402777777777775,30,1.4208729999999998,1.41939025,1.4217375,0.04420873645990882,False,False
gradient-compression,e77ffd0b75f255761df3bc4c0830771bb75243da7d366a0e80be0186efb789d4,2359296,1,1024,0.0,0,bits-sq,512,128,4,output_isolated,/home/jirka/research/2024/bits-knn-jpdc2024/data/application-scaling/ampere02-35760925/gradient-compression-middle.csv,0.00043402777777777775,30,0.009124,0.0088455,0.00965925,0.894618588338448,False,False
gradient-compression,e77ffd0b75f255761df3bc4c0830771bb75243da7d366a0e80be0186efb789d4,2359296,1,1024,0.0,0,bits-sq,512,128,4,selection_isolated,/home/jirka/research/2024/bits-knn-jpdc2024/data/application-scaling/ampere02-35760925/gradient-compression-middle.csv,0.00043402777777777775,30,1.400958,1.39944275,1.403161,0.03298421508710468,False,False
gradient-compression,e77ffd0b75f255761df3bc4c0830771bb75243da7d366a0e80be0186efb789d4,2359296,1,1024,0.0,0,bits-sq,512,128,4,transform_isolated,/home/jirka/research/2024/bits-knn-jpdc2024/data/application-scaling/ampere02-35760925/gradient-compression-middle.csv,0.00043402777777777775,30,0.0162895,0.0162275,0.0164225,0.9176463365971945,False,False
gradient-compression,e77ffd0b75f255761df3bc4c0830771bb75243da7d366a0e80be0186efb789d4,2359296,1,1024,0.0,0,bits-sq,512,128,4,upload_shared,/home/jirka/research/2024/bits-knn-jpdc2024/data/application-scaling/ampere02-35760925/gradient-compression-middle.csv,0.00043402777777777775,1,0.483483,0.483483,0.483483,1.2258921203020583,False,False
gradient-compression,e77ffd0b75f255761df3bc4c0830771bb75243da7d366a0e80be0186efb789d4,2359296,1,1024,0.0,0,bits-sq,512,128,7,download,/home/jirka/research/2024/bits-knn-jpdc2024/data/application-scaling/ampere02-35760925/gradient-compression-middle.csv,0.00043402777777777775,30,0.0094595,0.008844000000000001,0.0101085,0.9322374332681432,False,False
gradient-compression,e77ffd0b75f255761df3bc4c0830771bb75243da7d366a0e80be0186efb789d4,2359296,1,1024,0.0,0,bits-sq,512,128,7,operator,/home/jirka/research/2024/bits-knn-jpdc2024/data/application-scaling/ampere02-35760925/gradient-compression-middle.csv,0.00043402777777777775,30,1.47864,1.4762662500000001,1.4805187499999999,0.04248160471784884,False,False
gradient-compression,e77ffd0b75f255761df3bc4c0830771bb75243da7d366a0e80be0186efb789d4,2359296,1,1024,0.0,0,bits-sq,512,128,7,output_isolated,/home/jirka/research/2024/bits-knn-jpdc2024/data/application-scaling/ampere02-35760925/gradient-compression-middle.csv,0.00043402777777777775,30,0.009049,0.008841249999999998,0.00949,0.9020333738534645,False,False
gradient-compression,e77ffd0b75f255761df3bc4c0830771bb75243da7d366a0e80be0186efb789d4,2359296,1,1024,0.0,0,bits-sq,512,128,7,selection_isolated,/home/jirka/research/2024/bits-knn-jpdc2024/data/application-scaling/ampere02-35760925/gradient-compression-middle.csv,0.00043402777777777775,30,1.4611435,1.4581899999999999,1.4626609999999998,0.03162557271068858,False,False
gradient-compression,e77ffd0b75f255761df3bc4c0830771bb75243da7d366a0e80be0186efb789d4,2359296,1,1024,0.0,0,bits-sq,512,128,7,transform_isolated,/home/jirka/research/2024/bits-knn-jpdc2024/data/application-scaling/ampere02-35760925/gradient-compression-middle.csv,0.00043402777777777775,30,0.0156535,0.015558250000000003,0.0157365,0.9549302073018813,False,False
gradient-compression,e77ffd0b75f255761df3bc4c0830771bb75243da7d366a0e80be0186efb789d4,2359296,1,1024,0.0,0,bits-sq,512,128,7,upload_shared,/home/jirka/research/2024/bits-knn-jpdc2024/data/application-scaling/ampere02-35760925/gradient-compression-middle.csv,0.00043402777777777775,1,0.478485,0.478485,0.478485,1.2386971378413119,False,False
gradient-compression,e77ffd0b75f255761df3bc4c0830771bb75243da7d366a0e80be0186efb789d4,2359296,1,1024,0.0,0,bits-sq,512,128,8,download,/home/jirka/research/2024/bits-knn-jpdc2024/data/application-scaling/ampere02-35760925/gradient-compression-middle.csv,0.00043402777777777775,30,0.009455000000000002,0.00924475,0.0099675,0.9326811210999469,False,False
gradient-compression,e77ffd0b75f255761df3bc4c0830771bb75243da7d366a0e80be0186efb789d4,2359296,1,1024,0.0,0,bits-sq,512,128,8,operator,/home/jirka/research/2024/bits-knn-jpdc2024/data/application-scaling/ampere02-35760925/gradient-compression-middle.csv,0.00043402777777777775,30,1.5078295,1.50570875,1.5096844999999999,0.04165921942766076,False,False
gradient-compression,e77ffd0b75f255761df3bc4c0830771bb75243da7d366a0e80be0186efb789d4,2359296,1,1024,0.0,0,bits-sq,512,128,8,output_isolated,/home/jirka/research/2024/bits-knn-jpdc2024/data/application-scaling/ampere02-35760925/gradient-compression-middle.csv,0.00043402777777777775,30,0.009239,0.0089565,0.009600000000000001,0.8834830609373308,False,False
gradient-compression,e77ffd0b75f255761df3bc4c0830771bb75243da7d366a0e80be0186efb789d4,2359296,1,1024,0.0,0,bits-sq,512,128,8,selection_isolated,/home/jirka/research/2024/bits-knn-jpdc2024/data/application-scaling/ampere02-35760925/gradient-compression-middle.csv,0.00043402777777777775,30,1.4886805,1.48736175,1.4894145,0.03104057586567433,False,False
gradient-compression,e77ffd0b75f255761df3bc4c0830771bb75243da7d366a0e80be0186efb789d4,2359296,1,1024,0.0,0,bits-sq,512,128,8,transform_isolated,/home/jirka/research/2024/bits-knn-jpdc2024/data/application-scaling/ampere02-35760925/gradient-compression-middle.csv,0.00043402777777777775,30,0.015684,0.0155865,0.0159165,0.9530731956133639,False,False
gradient-compression,e77ffd0b75f255761df3bc4c0830771bb75243da7d366a0e80be0186efb789d4,2359296,1,1024,0.0,0,bits-sq,512,128,8,upload_shared,/home/jirka/research/2024/bits-knn-jpdc2024/data/application-scaling/ampere02-35760925/gradient-compression-middle.csv,0.00043402777777777775,1,0.491515,0.491515,0.491515,1.2058594346052514,False,False
gradient-compression,e77ffd0b75f255761df3bc4c0830771bb75243da7d366a0e80be0186efb789d4,2359296,1,1024,0.0,0,bits-sq,512,128,13,download,/home/jirka/research/2024/bits-knn-jpdc2024/data/application-scaling/ampere02-35760925/gradient-compression-middle.csv,0.00043402777777777775,30,0.0097,0.009169,0.010065,0.9091237113402062,False,False
gradient-compression,e77ffd0b75f255761df3bc4c0830771bb75243da7d366a0e80be0186efb789d4,2359296,1,1024,0.0,0,bits-sq,512,128,13,operator,/home/jirka/research/2024/bits-knn-jpdc2024/data/application-scaling/ampere02-35760925/gradient-compression-middle.csv,0.00043402777777777775,30,1.5312405,1.5271142500000001,1.53310025,0.04102229532199547,False,False
gradient-compression,e77ffd0b75f255761df3bc4c0830771bb75243da7d366a0e80be0186efb789d4,2359296,1,1024,0.0,0,bits-sq,512,128,13,output_isolated,/home/jirka/research/2024/bits-knn-jpdc2024/data/application-scaling/ampere02-35760925/gradient-compression-middle.csv,0.00043402777777777775,30,0.009379,0.00887625,0.00975175,0.870295340654654,False,False
gradient-compression,e77ffd0b75f255761df3bc4c0830771bb75243da7d366a0e80be0186efb789d4,2359296,1,1024,0.0,0,bits-sq,512,128,13,selection_isolated,/home/jirka/research/2024/bits-knn-jpdc2024/data/application-scaling/ampere02-35760925/gradient-compression-middle.csv,0.00043402777777777775,30,1.5122965,1.50960275,1.5143965,0.03055584668747167,False,False
gradient-compression,e77ffd0b75f255761df3bc4c0830771bb75243da7d366a0e80be0186efb789d4,2359296,1,1024,0.0,0,bits-sq,512,128,13,transform_isolated,/home/jirka/research/2024/bits-knn-jpdc2024/data/application-scaling/ampere02-35760925/gradient-compression-middle.csv,0.00043402777777777775,30,0.0156935,0.015603999999999998,0.01588475,0.9524962564118903,False,False
gradient-compression,e77ffd0b75f255761df3bc4c0830771bb75243da7d366a0e80be0186efb789d4,2359296,1,1024,0.0,0,bits-sq,512,128,13,upload_shared,/home/jirka/research/2024/bits-knn-jpdc2024/data/application-scaling/ampere02-35760925/gradient-compression-middle.csv,0.00043402777777777775,1,0.480648,0.480648,0.480648,1.2331227842412744,False,False
gradient-compression,e77ffd0b75f255761df3bc4c0830771bb75243da7d366a0e80be0186efb789d4,2359296,1,1024,0.0,0,bits-sq,512,128,16,download,/home/jirka/research/2024/bits-knn-jpdc2024/data/application-scaling/ampere02-35760925/gradient-compression-middle.csv,0.00043402777777777775,30,0.009379,0.009054,0.0097775,0.9402388314319223,False,False
gradient-compression,e77ffd0b75f255761df3bc4c0830771bb75243da7d366a0e80be0186efb789d4,2359296,1,1024,0.0,0,bits-sq,512,128,16,operator,/home/jirka/research/2024/bits-knn-jpdc2024/data/application-scaling/ampere02-35760925/gradient-compression-middle.csv,0.00043402777777777775,30,1.3837365,1.3803537499999998,1.38634825,0.04539520349430691,False,False
gradient-compression,e77ffd0b75f255761df3bc4c0830771bb75243da7d366a0e80be0186efb789d4,2359296,1,1024,0.0,0,bits-sq,512,128,16,output_isolated,/home/jirka/research/2024/bits-knn-jpdc2024/data/application-scaling/ampere02-35760925/gradient-compression-middle.csv,0.00043402777777777775,30,0.009354000000000001,0.0089815,0.0095165,0.8726213384648277,False,False
gradient-compression,e77ffd0b75f255761df3bc4c0830771bb75243da7d366a0e80be0186efb789d4,2359296,1,1024,0.0,0,bits-sq,512,128,16,selection_isolated,/home/jirka/research/2024/bits-knn-jpdc2024/data/application-scaling/ampere02-35760925/gradient-compression-middle.csv,0.00043402777777777775,30,1.364422,1.3630885,1.36852125,0.03386745449721567,False,False
gradient-compression,e77ffd0b75f255761df3bc4c0830771bb75243da7d366a0e80be0186efb789d4,2359296,1,1024,0.0,0,bits-sq,512,128,16,transform_isolated,/home/jirka/research/2024/bits-knn-jpdc2024/data/application-scaling/ampere02-35760925/gradient-compression-middle.csv,0.00043402777777777775,30,0.015709,0.015546250000000001,0.0158715,0.9515564326182442,False,False
gradient-compression,e77ffd0b75f255761df3bc4c0830771bb75243da7d366a0e80be0186efb789d4,2359296,1,1024,0.0,0,bits-sq,512,128,16,upload_shared,/home/jirka/research/2024/bits-knn-jpdc2024/data/application-scaling/ampere02-35760925/gradient-compression-middle.csv,0.00043402777777777775,1,0.481109,0.481109,0.481109,1.2319412025133598,False,False
gradient-compression,e77ffd0b75f255761df3bc4c0830771bb75243da7d366a0e80be0186efb789d4,2359296,1,1024,0.0,0,bits-sq,512,256,4,download,/home/jirka/research/2024/bits-knn-jpdc2024/data/application-scaling/ampere02-35760925/gradient-compression-middle.csv,0.00043402777777777775,30,0.009234,0.008905749999999999,0.00945175,0.9550032488628981,False,False
gradient-compression,e77ffd0b75f255761df3bc4c0830771bb75243da7d366a0e80be0186efb789d4,2359296,1,1024,0.0,0,bits-sq,512,256,4,operator,/home/jirka/research/2024/bits-knn-jpdc2024/data/application-scaling/ampere02-35760925/gradient-compression-middle.csv,0.00043402777777777775,30,0.9196789999999999,0.91863625,0.92091225,0.06830100502457924,False,False
gradient-compression,e77ffd0b75f255761df3bc4c0830771bb75243da7d366a0e80be0186efb789d4,2359296,1,1024,0.0,0,bits-sq,512,256,4,output_isolated,/home/jirka/research/2024/bits-knn-jpdc2024/data/application-scaling/ampere02-35760925/gradient-compression-middle.csv,0.00043402777777777775,30,0.008818,0.008532999999999999,0.009134,0.9256634157405308,False,False
gradient-compression,e77ffd0b75f255761df3bc4c0830771bb75243da7d366a0e80be0186efb789d4,2359296,1,1024,0.0,0,bits-sq,512,256,4,selection_isolated,/home/jirka/research/2024/bits-knn-jpdc2024/data/application-scaling/ampere02-35760925/gradient-compression-middle.csv,0.00043402777777777775,30,0.8998135,0.899187,0.9015935,0.05135453068885941,False,False
gradient-compression,e77ffd0b75f255761df3bc4c0830771bb75243da7d366a0e80be0186efb789d4,2359296,1,1024,0.0,0,bits-sq,512,256,4,transform_isolated,/home/jirka/research/2024/bits-knn-jpdc2024/data/application-scaling/ampere02-35760925/gradient-compression-middle.csv,0.00043402777777777775,30,0.01632,0.01624725,0.016452500000000002,0.9159313725490195,False,False
gradient-compression,e77ffd0b75f255761df3bc4c0830771bb75243da7d366a0e80be0186efb789d4,2359296,1,1024,0.0,0,bits-sq,512,256,4,upload_shared,/home/jirka/research/2024/bits-knn-jpdc2024/data/application-scaling/ampere02-35760925/gradient-compression-middle.csv,0.00043402777777777775,1,0.481439,0.481439,0.481439,1.2310967744615622,False,False
gradient-compression,e77ffd0b75f255761df3bc4c0830771bb75243da7d366a0e80be0186efb789d4,2359296,1,1024,0.0,0,bits-sq,512,256,7,download,/home/jirka/research/2024/bits-knn-jpdc2024/data/application-scaling/ampere02-35760925/gradient-compression-middle.csv,0.00043402777777777775,30,0.0091235,0.00873825,0.0096875,0.9665698470981532,False,False
gradient-compression,e77ffd0b75f255761df3bc4c0830771bb75243da7d366a0e80be0186efb789d4,2359296,1,1024,0.0,0,bits-sq,512,256,7,operator,/home/jirka/research/2024/bits-knn-jpdc2024/data/application-scaling/ampere02-35760925/gradient-compression-middle.csv,0.00043402777777777775,30,0.8097920000000001,0.80832675,0.8123182500000001,0.07756930174662136,False,False
gradient-compression,e77ffd0b75f255761df3bc4c0830771bb75243da7d366a0e80be0186efb789d4,2359296,1,1024,0.0,0,bits-sq,512,256,7,output_isolated,/home/jirka/research/2024/bits-knn-jpdc2024/data/application-scaling/ampere02-35760925/gradient-compression-middle.csv,0.00043402777777777775,30,0.0088185,0.0086455,0.009099,0.925610931564325,False,False
gradient-compression,e77ffd0b75f255761df3bc4c0830771bb75243da7d366a0e80be0186efb789d4,2359296,1,1024,0.0,0,bits-sq,512,256,7,selection_isolated,/home/jirka/research/2024/bits-knn-jpdc2024/data/application-scaling/ampere02-35760925/gradient-compression-middle.csv,0.00043402777777777775,30,0.7911485,0.78947875,0.7924207499999999,0.05840812439131212,False,False
gradient-compression,e77ffd0b75f255761df3bc4c0830771bb75243da7d366a0e80be0186efb789d4,2359296,1,1024,0.0,0,bits-sq,512,256,7,transform_isolated,/home/jirka/research/2024/bits-knn-jpdc2024/data/application-scaling/ampere02-35760925/gradient-compression-middle.csv,0.00043402777777777775,30,0.0156635,0.01558825,0.01574375,0.9543205541545631,False,False
gradient-compression,e77ffd0b75f255761df3bc4c0830771bb75243da7d366a0e80be0186efb789d4,2359296,1,1024,0.0,0,bits-sq,512,256,7,upload_shared,/home/jirka/research/2024/bits-knn-jpdc2024/data/application-scaling/ampere02-35760925/gradient-compression-middle.csv,0.00043402777777777775,1,0.47979700000000003,0.47979700000000003,0.47979700000000003,1.2353099331592319,False,False
gradient-compression,e77ffd0b75f255761df3bc4c0830771bb75243da7d366a0e80be0186efb789d4,2359296,1,1024,0.0,0,bits-sq,512,256,8,download,/home/jirka/research/2024/bits-knn-jpdc2024/data/application-scaling/ampere02-35760925/gradient-compression-middle.csv,0.00043402777777777775,30,0.009194,0.008783000000000001,0.0095215,0.9591581466173591,False,False
gradient-compression,e77ffd0b75f255761df3bc4c0830771bb75243da7d366a0e80be0186efb789d4,2359296,1,1024,0.0,0,bits-sq,512,256,8,operator,/home/jirka/research/2024/bits-knn-jpdc2024/data/application-scaling/ampere02-35760925/gradient-compression-middle.csv,0.00043402777777777775,30,0.8156604999999999,0.8146165000000001,0.8183397499999999,0.07701120748154412,False,False
gradient-compression,e77ffd0b75f255761df3bc4c0830771bb75243da7d366a0e80be0186efb789d4,2359296,1,1024,0.0,0,bits-sq,512,256,8,output_isolated,/home/jirka/research/2024/bits-knn-jpdc2024/data/application-scaling/ampere02-35760925/gradient-compression-middle.csv,0.00043402777777777775,30,0.008603000000000001,0.008414749999999999,0.009226499999999999,0.9487969313030337,False,False
gradient-compression,e77ffd0b75f255761df3bc4c0830771bb75243da7d366a0e80be0186efb789d4,2359296,1,1024,0.0,0,bits-sq,512,256,8,selection_isolated,/home/jirka/research/2024/bits-knn-jpdc2024/data/application-scaling/ampere02-35760925/gradient-compression-middle.csv,0.00043402777777777775,30,0.7968280000000001,0.7953125,0.7980539999999999,0.05799181253670804,False,False
gradient-compression,e77ffd0b75f255761df3bc4c0830771bb75243da7d366a0e80be0186efb789d4,2359296,1,1024,0.0,0,bits-sq,512,256,8,transform_isolated,/home/jirka/research/2024/bits-knn-jpdc2024/data/application-scaling/ampere02-35760925/gradient-compression-middle.csv,0.00043402777777777775,30,0.015573,0.015496250000000001,0.0157055,0.9598664354973351,False,False
gradient-compression,e77ffd0b75f255761df3bc4c0830771bb75243da7d366a0e80be0186efb789d4,2359296,1,1024,0.0,0,bits-sq,512,256,8,upload_shared,/home/jirka/research/2024/bits-knn-jpdc2024/data/application-scaling/ampere02-35760925/gradient-compression-middle.csv,0.00043402777777777775,1,0.494629,0.494629,0.494629,1.1982677926284147,False,False
gradient-compression,e77ffd0b75f255761df3bc4c0830771bb75243da7d366a0e80be0186efb789d4,2359296,1,1024,0.0,0,bits-sq,512,256,13,download,/home/jirka/research/2024/bits-knn-jpdc2024/data/application-scaling/ampere02-35760925/gradient-compression-middle.csv,0.00043402777777777775,30,0.009164,0.008718,0.009674750000000001,0.9622981230903536,False,False
gradient-compression,e77ffd0b75f255761df3bc4c0830771bb75243da7d366a0e80be0186efb789d4,2359296,1,1024,0.0,0,bits-sq,512,256,13,operator,/home/jirka/research/2024/bits-knn-jpdc2024/data/application-scaling/ampere02-35760925/gradient-compression-middle.csv,0.00043402777777777775,30,0.8427365,0.8418435,0.843558,0.07453694007557524,False,False
gradient-compression,e77ffd0b75f255761df3bc4c0830771bb75243da7d366a0e80be0186efb789d4,2359296,1,1024,0.0,0,bits-sq,512,256,13,output_isolated,/home/jirka/research/2024/bits-knn-jpdc2024/data/application-scaling/ampere02-35760925/gradient-compression-middle.csv,0.00043402777777777775,30,0.008997999999999999,0.0085455,0.0092215,0.9071460324516559,False,False
gradient-compression,e77ffd0b75f255761df3bc4c0830771bb75243da7d366a0e80be0186efb789d4,2359296,1,1024,0.0,0,bits-sq,512,256,13,selection_isolated,/home/jirka/research/2024/bits-knn-jpdc2024/data/application-scaling/ampere02-35760925/gradient-compression-middle.csv,0.00043402777777777775,30,0.8250000000000001,0.82349225,0.826112,0.056011515151515145,False,False
gradient-compression,e77ffd0b75f255761df3bc4c0830771bb75243da7d366a0e80be0186efb789d4,2359296,1,1024,0.0,0,bits-sq,512,256,13,transform_isolated,/home/jirka/research/2024/bits-knn-jpdc2024/data/application-scaling/ampere02-35760925/gradient-compression-middle.csv,0.00043402777777777775,30,0.015638,0.015535749999999997,0.015839000000000002,0.9558767105768001,False,False
gradient-compression,e77ffd0b75f255761df3bc4c0830771bb75243da7d366a0e80be0186efb789d4,2359296,1,1024,0.0,0,bits-sq,512,256,13,upload_shared,/home/jirka/research/2024/bits-knn-jpdc2024/data/application-scaling/ampere02-35760925/gradient-compression-middle.csv,0.00043402777777777775,1,0.47873499999999997,0.47873499999999997,0.47873499999999997,1.2380502783377028,False,False
gradient-compression,e77ffd0b75f255761df3bc4c0830771bb75243da7d366a0e80be0186efb789d4,2359296,1,1024,0.0,0,bits-sq,512,256,16,download,/home/jirka/research/2024/bits-knn-jpdc2024/data/application-scaling/ampere02-35760925/gradient-compression-middle.csv,0.00043402777777777775,30,0.0089885,0.0087355,0.00951225,0.9810869444289926,False,False
gradient-compression,e77ffd0b75f255761df3bc4c0830771bb75243da7d366a0e80be0186efb789d4,2359296,1,1024,0.0,0,bits-sq,512,256,16,operator,/home/jirka/research/2024/bits-knn-jpdc2024/data/application-scaling/ampere02-35760925/gradient-compression-middle.csv,0.00043402777777777775,30,0.8379544999999999,0.8371955,0.83902675,0.07496230403918114,False,False
gradient-compression,e77ffd0b75f255761df3bc4c0830771bb75243da7d366a0e80be0186efb789d4,2359296,1,1024,0.0,0,bits-sq,512,256,16,output_isolated,/home/jirka/research/2024/bits-knn-jpdc2024/data/application-scaling/ampere02-35760925/gradient-compression-middle.csv,0.00043402777777777775,30,0.008839,0.0084305,0.009151250000000001,0.9234641927819889,False,False
gradient-compression,e77ffd0b75f255761df3bc4c0830771bb75243da7d366a0e80be0186efb789d4,2359296,1,1024,0.0,0,bits-sq,512,256,16,selection_isolated,/home/jirka/research/2024/bits-knn-jpdc2024/data/application-scaling/ampere02-35760925/gradient-compression-middle.csv,0.00043402777777777775,30,0.8211040000000001,0.8193612499999999,0.82192,0.05627728034451178,False,False
gradient-compression,e77ffd0b75f255761df3bc4c0830771bb75243da7d366a0e80be0186efb789d4,2359296,1,1024,0.0,0,bits-sq,512,256,16,transform_isolated,/home/jirka/research/2024/bits-knn-jpdc2024/data/application-scaling/ampere02-35760925/gradient-compression-middle.csv,0.00043402777777777775,30,0.0156885,0.015519,0.015784,0.952799821525321,False,False
gradient-compression,e77ffd0b75f255761df3bc4c0830771bb75243da7d366a0e80be0186efb789d4,2359296,1,1024,0.0,0,bits-sq,512,256,16,upload_shared,/home/jirka/research/2024/bits-knn-jpdc2024/data/application-scaling/ampere02-35760925/gradient-compression-middle.csv,0.00043402777777777775,1,0.483873,0.483873,0.483873,1.2249040554029675,False,False
gradient-compression,e77ffd0b75f255761df3bc4c0830771bb75243da7d366a0e80be0186efb789d4,2359296,1,1024,0.0,0,bits-sq,512,512,4,download,/home/jirka/research/2024/bits-knn-jpdc2024/data/application-scaling/ampere02-35760925/gradient-compression-middle.csv,0.00043402777777777775,30,0.0089185,0.008743,0.00969,0.9887873521332063,False,False
gradient-compression,e77ffd0b75f255761df3bc4c0830771bb75243da7d366a0e80be0186efb789d4,2359296,1,1024,0.0,0,bits-sq,512,512,4,operator,/home/jirka/research/2024/bits-knn-jpdc2024/data/application-scaling/ampere02-35760925/gradient-compression-middle.csv,0.00043402777777777775,30,0.6287024999999999,0.62450925,0.6299825,0.09991212059757996,False,False
gradient-compression,e77ffd0b75f255761df3bc4c0830771bb75243da7d366a0e80be0186efb789d4,2359296,1,1024,0.0,0,bits-sq,512,512,4,output_isolated,/home/jirka/research/2024/bits-knn-jpdc2024/data/application-scaling/ampere02-35760925/gradient-compression-middle.csv,0.00043402777777777775,30,0.008729,0.0085205,0.008868,0.9351013861839843,False,False
gradient-compression,e77ffd0b75f255761df3bc4c0830771bb75243da7d366a0e80be0186efb789d4,2359296,1,1024,0.0,0,bits-sq,512,512,4,selection_isolated,/home/jirka/research/2024/bits-knn-jpdc2024/data/application-scaling/ampere02-35760925/gradient-compression-middle.csv,0.00043402777777777775,30,0.6099540000000001,0.605758,0.6112759999999999,0.07575899166166628,False,False
gradient-compression,e77ffd0b75f255761df3bc4c0830771bb75243da7d366a0e80be0186efb789d4,2359296,1,1024,0.0,0,bits-sq,512,512,4,transform_isolated,/home/jirka/research/2024/bits-knn-jpdc2024/data/application-scaling/ampere02-35760925/gradient-compression-middle.csv,0.00043402777777777775,30,0.016585000000000003,0.016495,0.016695,0.9012963521254144,False,False
gradient-compression,e77ffd0b75f255761df3bc4c0830771bb75243da7d366a0e80be0186efb789d4,2359296,1,1024,0.0,0,bits-sq,512,512,4,upload_shared,/home/jirka/research/2024/bits-knn-jpdc2024/data/application-scaling/ampere02-35760925/gradient-compression-middle.csv,0.00043402777777777775,1,0.479186,0.479186,0.479186,1.236885050898816,False,False
gradient-compression,e77ffd0b75f255761df3bc4c0830771bb75243da7d366a0e80be0186efb789d4,2359296,1,1024,0.0,0,bits-sq,512,512,7,download,/home/jirka/research/2024/bits-knn-jpdc2024/data/application-scaling/ampere02-35760925/gradient-compression-middle.csv,0.00043402777777777775,30,0.008788500000000001,0.0086555,0.009464,1.0034135518006484,False,False
gradient-compression,e77ffd0b75f255761df3bc4c0830771bb75243da7d366a0e80be0186efb789d4,2359296,1,1024,0.0,0,bits-sq,512,512,7,operator,/home/jirka/research/2024/bits-knn-jpdc2024/data/application-scaling/ampere02-35760925/gradient-compression-middle.csv,0.00043402777777777775,30,0.6759695,0.67560075,0.6765275000000001,0.09292579029083414,False,False
gradient-compression,e77ffd0b75f255761df3bc4c0830771bb75243da7d366a0e80be0186efb789d4,2359296,1,1024,0.0,0,bits-sq,512,512,7,output_isolated,/home/jirka/research/2024/bits-knn-jpdc2024/data/application-scaling/ampere02-35760925/gradient-compression-middle.csv,0.00043402777777777775,30,0.008723999999999999,0.0084305,0.009078999999999999,0.9356373223292068,False,False
gradient-compression,e77ffd0b75f255761df3bc4c0830771bb75243da7d366a0e80be0186efb789d4,2359296,1,1024,0.0,0,bits-sq,512,512,7,selection_isolated,/home/jirka/research/2024/bits-knn-jpdc2024/data/application-scaling/ampere02-35760925/gradient-compression-middle.csv,0.00043402777777777775,30,0.6580969999999999,0.6575695,0.658738,0.07021685253085792,False,False
gradient-compression,e77ffd0b75f255761df3bc4c0830771bb75243da7d366a0e80be0186efb789d4,2359296,1,1024,0.0,0,bits-sq,512,512,7,transform_isolated,/home/jirka/research/2024/bits-knn-jpdc2024/data/application-scaling/ampere02-35760925/gradient-compression-middle.csv,0.00043402777777777775,30,0.015593999999999998,0.0154755,0.01573625,0.9585738104399129,False,False
gradient-compression,e77ffd0b75f255761df3bc4c0830771bb75243da7d366a0e80be0186efb789d4,2359296,1,1024,0.0,0,bits-sq,512,512,7,upload_shared,/home/jirka/research/2024/bits-knn-jpdc2024/data/application-scaling/ampere02-35760925/gradient-compression-middle.csv,0.00043402777777777775,1,0.466777,0.466777,0.466777,1.269766933674967,False,False
gradient-compression,e77ffd0b75f255761df3bc4c0830771bb75243da7d366a0e80be0186efb789d4,2359296,1,1024,0.0,0,bits-sq,512,512,8,download,/home/jirka/research/2024/bits-knn-jpdc2024/data/application-scaling/ampere02-35760925/gradient-compression-middle.csv,0.00043402777777777775,30,0.009184000000000001,0.00874625,0.0093715,0.9602025261324041,False,False
gradient-compression,e77ffd0b75f255761df3bc4c0830771bb75243da7d366a0e80be0186efb789d4,2359296,1,1024,0.0,0,bits-sq,512,512,8,operator,/home/jirka/research/2024/bits-knn-jpdc2024/data/application-scaling/ampere02-35760925/gradient-compression-middle.csv,0.00043402777777777775,30,0.682244,0.6815880000000001,0.6826097499999999,0.09207116515498856,False,False
gradient-compression,e77ffd0b75f255761df3bc4c0830771bb75243da7d366a0e80be0186efb789d4,2359296,1,1024,0.0,0,bits-sq,512,512,8,output_isolated,/home/jirka/research/2024/bits-knn-jpdc2024/data/application-scaling/ampere02-35760925/gradient-compression-middle.csv,0.00043402777777777775,30,0.0086935,0.008398000000000001,0.0091115,0.938919882670961,False,False
gradient-compression,e77ffd0b75f255761df3bc4c0830771bb75243da7d366a0e80be0186efb789d4,2359296,1,1024,0.0,0,bits-sq,512,512,8,selection_isolated,/home/jirka/research/2024/bits-knn-jpdc2024/data/application-scaling/ampere02-35760925/gradient-compression-middle.csv,0.00043402777777777775,30,0.664487,0.66367025,0.6648095,0.06954161631454038,False,False
gradient-compression,e77ffd0b75f255761df3bc4c0830771bb75243da7d366a0e80be0186efb789d4,2359296,1,1024,0.0,0,bits-sq,512,512,8,transform_isolated,/home/jirka/research/2024/bits-knn-jpdc2024/data/application-scaling/ampere02-35760925/gradient-compression-middle.csv,0.00043402777777777775,30,0.015718999999999997,0.01557125,0.01581375,0.95095107831287,False,False
gradient-compression,e77ffd0b75f255761df3bc4c0830771bb75243da7d366a0e80be0186efb789d4,2359296,1,1024,0.0,0,bits-sq,512,512,8,upload_shared,/home/jirka/research/2024/bits-knn-jpdc2024/data/application-scaling/ampere02-35760925/gradient-compression-middle.csv,0.00043402777777777775,1,0.480017,0.480017,0.480017,1.2347437694914973,False,False
gradient-compression,e77ffd0b75f255761df3bc4c0830771bb75243da7d366a0e80be0186efb789d4,2359296,1,1024,0.0,0,bits-sq,512,512,13,download,/home/jirka/research/2024/bits-knn-jpdc2024/data/application-scaling/ampere02-35760925/gradient-compression-middle.csv,0.00043402777777777775,30,0.008993500000000001,0.008648,0.0093815,0.9805415021960303,False,False
gradient-compression,e77ffd0b75f255761df3bc4c0830771bb75243da7d366a0e80be0186efb789d4,2359296,1,1024,0.0,0,bits-sq,512,512,13,operator,/home/jirka/research/2024/bits-knn-jpdc2024/data/application-scaling/ampere02-35760925/gradient-compression-middle.csv,0.00043402777777777775,30,0.663315,0.6628215,0.6639535000000001,0.09469859719741,False,False
gradient-compression,e77ffd0b75f255761df3bc4c0830771bb75243da7d366a0e80be0186efb789d4,2359296,1,1024,0.0,0,bits-sq,512,512,13,output_isolated,/home/jirka/research/2024/bits-knn-jpdc2024/data/application-scaling/ampere02-35760925/gradient-compression-middle.csv,0.00043402777777777775,30,0.0086485,0.008463,0.008918000000000002,0.9438052841533213,False,False
gradient-compression,e77ffd0b75f255761df3bc4c0830771bb75243da7d366a0e80be0186efb789d4,2359296,1,1024,0.0,0,bits-sq,512,512,13,selection_isolated,/home/jirka/research/2024/bits-knn-jpdc2024/data/application-scaling/ampere02-35760925/gradient-compression-middle.csv,0.00043402777777777775,30,0.645498,0.6449877500000001,0.6462815000000001,0.07158736355496066,False,False
gradient-compression,e77ffd0b75f255761df3bc4c0830771bb75243da7d366a0e80be0186efb789d4,2359296,1,1024,0.0,0,bits-sq,512,512,13,transform_isolated,/home/jirka/research/2024/bits-knn-jpdc2024/data/application-scaling/ampere02-35760925/gradient-compression-middle.csv,0.00043402777777777775,30,0.015578499999999999,0.0153955,0.01565375,0.9595275540007061,False,False
gradient-compression,e77ffd0b75f255761df3bc4c0830771bb75243da7d366a0e80be0186efb789d4,2359296,1,1024,0.0,0,bits-sq,512,512,13,upload_shared,/home/jirka/research/2024/bits-knn-jpdc2024/data/application-scaling/ampere02-35760925/gradient-compression-middle.csv,0.00043402777777777775,1,0.487819,0.487819,0.487819,1.214995725873736,False,False
gradient-compression,e77ffd0b75f255761df3bc4c0830771bb75243da7d366a0e80be0186efb789d4,2359296,1,1024,0.0,0,bits-sq,512,512,16,download,/home/jirka/research/2024/bits-knn-jpdc2024/data/application-scaling/ampere02-35760925/gradient-compression-middle.csv,0.00043402777777777775,30,0.008858,0.008680750000000001,0.0094715,0.995540754120569,False,False
gradient-compression,e77ffd0b75f255761df3bc4c0830771bb75243da7d366a0e80be0186efb789d4,2359296,1,1024,0.0,0,bits-sq,512,512,16,operator,/home/jirka/research/2024/bits-knn-jpdc2024/data/application-scaling/ampere02-35760925/gradient-compression-middle.csv,0.00043402777777777775,30,0.7236015,0.7197735000000001,0.7282955,0.0868088305510699,False,False
gradient-compression,e77ffd0b75f255761df3bc4c0830771bb75243da7d366a0e80be0186efb789d4,2359296,1,1024,0.0,0,bits-sq,512,512,16,output_isolated,/home/jirka/research/2024/bits-knn-jpdc2024/data/application-scaling/ampere02-35760925/gradient-compression-middle.csv,0.00043402777777777775,30,0.008923500000000001,0.0086455,0.009314,0.9147195607104834,False,False
gradient-compression,e77ffd0b75f255761df3bc4c0830771bb75243da7d366a0e80be0186efb789d4,2359296,1,1024,0.0,0,bits-sq,512,512,16,selection_isolated,/home/jirka/research/2024/bits-knn-jpdc2024/data/application-scaling/ampere02-35760925/gradient-compression-middle.csv,0.00043402777777777775,30,0.701468,0.7003937499999999,0.710069,0.06587542125941596,False,False
gradient-compression,e77ffd0b75f255761df3bc4c0830771bb75243da7d366a0e80be0186efb789d4,2359296,1,1024,0.0,0,bits-sq,512,512,16,transform_isolated,/home/jirka/research/2024/bits-knn-jpdc2024/data/application-scaling/ampere02-35760925/gradient-compression-middle.csv,0.00043402777777777775,30,0.015769,0.0156365,0.01586825,0.947935823451075,False,False
gradient-compression,e77ffd0b75f255761df3bc4c0830771bb75243da7d366a0e80be0186efb789d4,2359296,1,1024,0.0,0,bits-sq,512,512,16,upload_shared,/home/jirka/research/2024/bits-knn-jpdc2024/data/application-scaling/ampere02-35760925/gradient-compression-middle.csv,0.00043402777777777775,1,0.46856000000000003,0.46856000000000003,0.46856000000000003,1.2649351203687895,False,False
gradient-compression,e77ffd0b75f255761df3bc4c0830771bb75243da7d366a0e80be0186efb789d4,2359296,1,1024,0.0,0,block-select,1,128,8,download,/home/jirka/research/2024/bits-knn-jpdc2024/data/application-scaling/ampere02-35760925/gradient-compression-middle.csv,0.00043402777777777775,30,0.011753,0.010947000000000002,0.01225075,0.7503190674721348,False,False
gradient-compression,e77ffd0b75f255761df3bc4c0830771bb75243da7d366a0e80be0186efb789d4,2359296,1,1024,0.0,0,block-select,1,128,8,operator,/home/jirka/research/2024/bits-knn-jpdc2024/data/application-scaling/ampere02-35760925/gradient-compression-middle.csv,0.00043402777777777775,30,6.376612,6.359917,6.390311000000001,0.00985084242227691,False,False
gradient-compression,e77ffd0b75f255761df3bc4c0830771bb75243da7d366a0e80be0186efb789d4,2359296,1,1024,0.0,0,block-select,1,128,8,output_isolated,/home/jirka/research/2024/bits-knn-jpdc2024/data/application-scaling/ampere02-35760925/gradient-compression-middle.csv,0.00043402777777777775,30,0.0115825,0.010876,0.0124965,0.7047269587740125,False,False
gradient-compression,e77ffd0b75f255761df3bc4c0830771bb75243da7d366a0e80be0186efb789d4,2359296,1,1024,0.0,0,block-select,1,128,8,selection_isolated,/home/jirka/research/2024/bits-knn-jpdc2024/data/application-scaling/ampere02-35760925/gradient-compression-middle.csv,0.00043402777777777775,30,6.3241075,6.31076475,6.33238025,0.007306880852357428,False,False
gradient-compression,e77ffd0b75f255761df3bc4c0830771bb75243da7d366a0e80be0186efb789d4,2359296,1,1024,0.0,0,block-select,1,128,8,transform_isolated,/home/jirka/research/2024/bits-knn-jpdc2024/data/application-scaling/ampere02-35760925/gradient-compression-middle.csv,0.00043402777777777775,30,0.015262999999999999,0.015047249999999998,0.0155205,0.9793618554674703,False,False
gradient-compression,e77ffd0b75f255761df3bc4c0830771bb75243da7d366a0e80be0186efb789d4,2359296,1,1024,0.0,0,block-select,1,128,8,upload_shared,/home/jirka/research/2024/bits-knn-jpdc2024/data/application-scaling/ampere02-35760925/gradient-compression-middle.csv,0.00043402777777777775,1,0.5926980000000001,0.5926980000000001,0.5926980000000001,1.0,False,False
gradient-compression,e77ffd0b75f255761df3bc4c0830771bb75243da7d366a0e80be0186efb789d4,2359296,1,1024,0.0,0,grid-select,1,0,0,download,/home/jirka/research/2024/bits-knn-jpdc2024/data/application-scaling/ampere02-35760925/gradient-compression-middle.csv,0.00043402777777777775,30,0.009555000000000001,0.009010500000000001,0.009805000000000001,0.9229199372056514,True,True
gradient-compression,e77ffd0b75f255761df3bc4c0830771bb75243da7d366a0e80be0186efb789d4,2359296,1,1024,0.0,0,grid-select,1,0,0,operator,/home/jirka/research/2024/bits-knn-jpdc2024/data/application-scaling/ampere02-35760925/gradient-compression-middle.csv,0.00043402777777777775,30,0.8375385,0.83175975,0.84565175,0.07499953733470165,True,True
gradient-compression,e77ffd0b75f255761df3bc4c0830771bb75243da7d366a0e80be0186efb789d4,2359296,1,1024,0.0,0,grid-select,1,0,0,output_isolated,/home/jirka/research/2024/bits-knn-jpdc2024/data/application-scaling/ampere02-35760925/gradient-compression-middle.csv,0.00043402777777777775,30,0.009559999999999999,0.009289,0.009835,0.8538179916317992,True,True
gradient-compression,e77ffd0b75f255761df3bc4c0830771bb75243da7d366a0e80be0186efb789d4,2359296,1,1024,0.0,0,grid-select,1,0,0,selection_isolated,/home/jirka/research/2024/bits-knn-jpdc2024/data/application-scaling/ampere02-35760925/gradient-compression-middle.csv,0.00043402777777777775,30,0.825391,0.81917875,0.83125225,0.05598498166323597,True,True
gradient-compression,e77ffd0b75f255761df3bc4c0830771bb75243da7d366a0e80be0186efb789d4,2359296,1,1024,0.0,0,grid-select,1,0,0,transform_isolated,/home/jirka/research/2024/bits-knn-jpdc2024/data/application-scaling/ampere02-35760925/gradient-compression-middle.csv,0.00043402777777777775,30,0.019819999999999997,0.01973925,0.019972499999999997,0.7541876892028255,True,True
gradient-compression,e77ffd0b75f255761df3bc4c0830771bb75243da7d366a0e80be0186efb789d4,2359296,1,1024,0.0,0,grid-select,1,0,0,upload_shared,/home/jirka/research/2024/bits-knn-jpdc2024/data/application-scaling/ampere02-35760925/gradient-compression-middle.csv,0.00043402777777777775,1,0.5926980000000001,0.5926980000000001,0.5926980000000001,1.0,True,True
